record,group,block,force_step,force_drift,force_texture,timing_stride_mean,timing_stride_mean_delta_prev,timing_stride_mean_delta_origin,timing_stride_std,timing_stride_std_delta_prev,timing_stride_std_delta_origin,timing_stride_madiff,timing_stride_madiff_delta_prev,timing_stride_madiff_delta_origin,timing_stride_acf1,timing_stride_acf1_delta_prev,timing_stride_acf1_delta_origin,timing_stride_acf2,timing_stride_acf2_delta_prev,timing_stride_acf2_delta_origin,timing_RTO_mean,timing_RTO_mean_delta_prev,timing_RTO_mean_delta_origin,timing_RTO_std,timing_RTO_std_delta_prev,timing_RTO_std_delta_origin,timing_RTO_madiff,timing_RTO_madiff_delta_prev,timing_RTO_madiff_delta_origin,timing_RTO_acf1,timing_RTO_acf1_delta_prev,timing_RTO_acf1_delta_origin,timing_RTO_acf2,timing_RTO_acf2_delta_prev,timing_RTO_acf2_delta_origin,timing_RHS_mean,timing_RHS_mean_delta_prev,timing_RHS_mean_delta_origin,timing_RHS_std,timing_RHS_std_delta_prev,timing_RHS_std_delta_origin,timing_RHS_madiff,timing_RHS_madiff_delta_prev,timing_RHS_madiff_delta_origin,timing_RHS_acf1,timing_RHS_acf1_delta_prev,timing_RHS_acf1_delta_origin,timing_RHS_acf2,timing_RHS_acf2_delta_prev,timing_RHS_acf2_delta_origin,timing_LTO_mean,timing_LTO_mean_delta_prev,timing_LTO_mean_delta_origin,timing_LTO_std,timing_LTO_std_delta_prev,timing_LTO_std_delta_origin,timing_LTO_madiff,timing_LTO_madiff_delta_prev,timing_LTO_madiff_delta_origin,timing_LTO_acf1,timing_LTO_acf1_delta_prev,timing_LTO_acf1_delta_origin,timing_LTO_acf2,timing_LTO_acf2_delta_prev,timing_LTO_acf2_delta_origin,timing_phase_hist_8_entropy,timing_phase_hist_8_entropy_delta_prev,timing_phase_hist_8_entropy_delta_origin,timing_phase_hist_16_entropy,timing_phase_hist_16_entropy_delta_prev,timing_phase_hist_16_entropy_delta_origin,timing_phase_bigrams,timing_phase_bigrams_delta_prev,timing_phase_bigrams_delta_origin,tma_origin_Dmean,tma_origin_Dmean_delta_prev,tma_origin_Dmean_delta_origin,tma_origin_Dstd,tma_origin_Dstd_delta_prev,tma_origin_Dstd_delta_origin,tma_origin_Hmean,tma_origin_Hmean_delta_prev,tma_origin_Hmean_delta_origin,tma_origin_Hstd,tma_origin_Hstd_delta_prev,tma_origin_Hstd_delta_origin,tma_origin_lambda_mean,tma_origin_lambda_mean_delta_prev,tma_origin_lambda_mean_delta_origin,tma_origin_multilevel,tma_origin_multilevel_delta_prev,tma_origin_multilevel_delta_origin,tma_origin_Hchange,tma_origin_Hchange_delta_prev,tma_origin_Hchange_delta_origin,tma_origin_level_turnover,tma_origin_level_turnover_delta_prev,tma_origin_level_turnover_delta_origin,tma_origin_pivot_rate,tma_origin_pivot_rate_delta_prev,tma_origin_pivot_rate_delta_origin,tma_origin_pivot_depth,tma_origin_pivot_depth_delta_prev,tma_origin_pivot_depth_delta_origin,tma_origin_pivot_compound,tma_origin_pivot_compound_delta_prev,tma_origin_pivot_compound_delta_origin,tma_origin_tree_span,tma_origin_tree_span_delta_prev,tma_origin_tree_span_delta_origin,tma_origin_tree_cross_block,tma_origin_tree_cross_block_delta_prev,tma_origin_tree_cross_block_delta_origin,tma_reset_Dmean,tma_reset_Dmean_delta_prev,tma_reset_Dmean_delta_origin,tma_reset_Dstd,tma_reset_Dstd_delta_prev,tma_reset_Dstd_delta_origin,tma_reset_Hmean,tma_reset_Hmean_delta_prev,tma_reset_Hmean_delta_origin,tma_reset_Hstd,tma_reset_Hstd_delta_prev,tma_reset_Hstd_delta_origin,tma_reset_lambda_mean,tma_reset_lambda_mean_delta_prev,tma_reset_lambda_mean_delta_origin,tma_reset_multilevel,tma_reset_multilevel_delta_prev,tma_reset_multilevel_delta_origin,tma_reset_Hchange,tma_reset_Hchange_delta_prev,tma_reset_Hchange_delta_origin,tma_reset_level_turnover,tma_reset_level_turnover_delta_prev,tma_reset_level_turnover_delta_origin,tma_reset_pivot_rate,tma_reset_pivot_rate_delta_prev,tma_reset_pivot_rate_delta_origin,tma_reset_pivot_depth,tma_reset_pivot_depth_delta_prev,tma_reset_pivot_depth_delta_origin,tma_reset_pivot_compound,tma_reset_pivot_compound_delta_prev,tma_reset_pivot_compound_delta_origin,tma_reset_tree_span,tma_reset_tree_span_delta_prev,tma_reset_tree_span_delta_origin,tma_reset_tree_cross_block,tma_reset_tree_cross_block_delta_prev,tma_reset_tree_cross_block_delta_origin
GaCo01_01,control,1,0.03255897214164629,0.03255897214164629,0.040930148339241273,1.262499999999973,-0.016249999999999654,-0.016249999999999654,0.020528725518856584,-0.054005542726406994,-0.054005542726406994,0.02142857142857097,-0.03142857142857076,-0.03142857142857076,-0.17871395507553856,-0.8678563938792102,-0.8678563938792102,0.6631876257407014,0.2930031921487158,0.2930031921487158,0.2614332205805574,-0.07745684062084002,-0.07745684062084002,0.017248171065715166,-0.18872943061182973,-0.18872943061182973,0.017315458518504856,-0.07606555600801349,-0.07606555600801349,0.0888284327597126,-0.04824769550220269,-0.04824769550220269,-0.6724174266976387,-0.8602038493648052,-0.8602038493648052,0.9634622134299549,-0.05794102304805726,-0.05794102304805726,0.12920543392071174,0.08036800227966455,0.08036800227966455,0.10960710544045123,0.056196023172904196,0.056196023172904196,0.03603212614361549,0.4615833575162975,0.4615833575162975,0.19429982975836801,-0.009601205533610907,-0.009601205533610907,1.2654672661723614,-0.002192819139183566,-0.002192819139183566,0.0194942989042156,-0.033537594295830156,-0.033537594295830156,0.012812304294978785,-0.03572208710220669,-0.03572208710220669,0.6643894822992058,0.7166756524750775,0.7166756524750775,-0.30577212881759225,0.11400614011148269,0.11400614011148269,0.7690009104757035,0.0745564660312591,0.0745564660312591,0.6396865576480943,-0.007863411480869442,-0.007863411480869442,0.3333333333333333,0.0,0.0,2.09375,0.34375,0.34375,1.5103807466993215,0.19055671150714204,0.19055671150714204,7.40625,0.59375,0.59375,2.0613083067517755,0.05426425978827831,0.05426425978827831,6.3125,0.25,0.25,0.375,0.09375,0.09375,2.3225806451612905,0.3870967741935485,0.3870967741935485,0.8758064516129032,0.09999999999999987,0.09999999999999987,0.3125,0.0625,0.0625,3.2,-0.04999999999999982,-0.04999999999999982,0.9,0.025000000000000022,0.025000000000000022,1.052734375,0.11825856854838712,0.11825856854838712,0.03125,0.03125,0.03125,2.03125,0.28125,0.28125,1.4252192813739224,0.1053952461817429,0.1053952461817429,6.375,-0.4375,-0.4375,2.10605884793558,0.09901480097208282,0.09901480097208282,5.34375,-0.71875,-0.71875,0.375,0.09375,0.09375,2.2903225806451615,0.3548387096774195,0.3548387096774195,0.871505376344086,0.09569892473118269,0.09569892473118269,0.3125,0.0625,0.0625,3.2,-0.04999999999999982,-0.04999999999999982,0.9,0.025000000000000022,0.025000000000000022,0.8286290322580645,-0.10584677419354838,-0.10584677419354838,0.0,0.0,0.0
GaCo01_01,control,2,0.07632536069100773,0.06596739338128808,0.1439519032581345,1.4174999999999698,0.1549999999999967,0.13874999999999704,0.4383002884520322,0.41777156293317563,0.3637660202067686,0.36714285714284933,0.34571428571427837,0.3142857142857076,-0.1086250898003184,0.07008886527522015,-0.79776752860399,-0.2623126538274937,-0.9255002795681951,-0.6324970874194793,0.2650738569950538,0.003640636414496412,-0.0738162042063436,0.0389251144873582,0.021676943421643034,-0.1670524871901867,0.05595368729362883,0.038638228775123976,-0.03742732723288951,-0.7076467288746964,-0.796475161634409,-0.8447228571366117,0.27501387000289496,0.9474312967005336,0.0872274473357284,0.8794977508746056,-0.08396446255534928,-0.14190548560340654,0.28401377498473146,0.15480834106401972,0.23517634334368426,0.24775222342634,0.1381451179858888,0.19434114115879297,0.08557886492771546,0.04954673878409997,0.5111300963003974,-0.36574293176416284,-0.5600427615225309,-0.5696439670561417,1.3243216735404972,0.05885440736813585,0.056661588228952287,0.13869378309750904,0.11919948419329345,0.08566188989746329,0.1275022303958661,0.11468992610088732,0.07896783899868065,-0.06802288376423897,-0.7324123660634447,-0.01573671358836725,-0.23452362962569662,0.07124849919189563,0.18525463930337832,0.812684896971907,0.04368398649620353,0.11824045252746263,0.6095136727289302,-0.030172884919164145,-0.03803629640003359,0.16666666666666666,-0.16666666666666666,-0.16666666666666666,2.0625,-0.03125,0.3125,1.5849595497026252,0.07457880300330366,0.2651355145104457,7.71875,0.3125,0.90625,2.1286732957408003,0.06736498898902488,0.12162924877730319,6.65625,0.34375,0.59375,0.34375,-0.03125,0.0625,2.3548387096774195,0.032258064516129004,0.4193548387096775,0.838709677419355,-0.037096774193548177,0.06290322580645169,0.25,-0.0625,0.0,3.75,0.5499999999999998,0.5,1.0,0.09999999999999998,0.125,1.364013671875,0.311279296875,0.4295378654233871,0.03125,0.0,0.03125,1.96875,-0.0625,0.21875,1.4252192813739224,0.0,0.1053952461817429,6.65625,0.28125,-0.15625,2.208624955384772,0.10256610744919215,0.20158090842127496,5.6875,0.34375,-0.375,0.34375,-0.03125,0.0625,2.2903225806451615,0.0,0.3548387096774195,0.8333333333333334,-0.03817204301075261,0.05752688172043008,0.25,-0.0625,0.0,3.75,0.5499999999999998,0.5,1.0,0.09999999999999998,0.125,0.8918850806451613,0.06325604838709675,-0.042590725806451624,0.0,0.0,0.0
GaCo01_01,control,3,0.08936624411986097,0.05750204340693335,0.034754798775121415,1.214999999999974,-0.20249999999999568,-0.06374999999999864,0.025634797778465685,-0.41266549067356656,-0.04889947046679789,0.03428571428571355,-0.3328571428571358,-0.018571428571428177,-0.39702478067570063,-0.2883996908753822,-1.0861672194793723,-0.19747859650944746,0.06483405731804623,-0.5676630301014332,0.25722669035960155,-0.007847166635452263,-0.08166337084179587,0.011706587621592124,-0.027218526865766077,-0.19427101405595276,0.014359790068691845,-0.04159389722493699,-0.0790212244578265,-0.29052962197141924,0.41711710690327714,-0.4276057502333345,-0.05934015220224589,-0.3343540222051408,-0.24712657486941245,1.0042859855804525,0.12478823470584688,-0.017117250897559666,0.01815652578912161,-0.2658572491956098,-0.030680905851925577,0.021318204701235275,-0.22643401872510474,-0.03209287756631175,-0.0555821144984006,-0.14116097942611605,0.36996911687428136,-0.45918821257229864,-0.0934452808081358,-0.6630892478642776,1.2430642068592666,-0.08125746668123068,-0.024595878452278397,0.019452830848645974,-0.11924095224886307,-0.03357906235139978,0.026605054491548343,-0.10089717590431777,-0.021929336905637125,-0.3735475120838691,-0.3055246283196301,-0.3212613419079974,-0.04149089402243978,0.19303273560325684,0.37828737490663517,0.6619244390236662,-0.1507604579482409,-0.032520005420778264,0.6006099959344163,-0.00890367679451387,-0.04693997319454746,0.5,0.33333333333333337,0.16666666666666669,2.0625,0.0,0.3125,1.522678031330581,-0.06228151837204421,0.2028539961384015,8.28125,0.5625,1.46875,2.082714961991493,-0.04595833374930747,0.07567091502799572,7.21875,0.5625,1.15625,0.34375,0.0,0.0625,1.903225806451613,-0.4516129032258065,-0.032258064516129004,0.8913978494623656,0.05268817204301057,0.11559139784946226,0.28125,0.03125,0.03125,2.7777777777777777,-0.9722222222222223,-0.4722222222222223,0.7777777777777778,-0.2222222222222222,-0.09722222222222221,1.091796875,-0.272216796875,0.15732106854838712,0.03125,0.0,0.03125,2.0,0.03125,0.25,1.4368424162141993,0.011623134840276883,0.11701838102201978,6.25,-0.40625,-0.5625,2.1251185925162073,-0.08350636286856483,0.11807454555271013,5.25,-0.4375,-0.8125,0.34375,0.0,0.0625,1.8709677419354838,-0.4193548387096777,-0.06451612903225823,0.8870967741935484,0.053763440860215006,0.11129032258064508,0.28125,0.03125,0.03125,2.7777777777777777,-0.9722222222222223,-0.4722222222222223,0.7777777777777778,-0.2222222222222222,-0.09722222222222221,0.8689516129032258,-0.022933467741935498,-0.06552419354838712,0.0,0.0,0.0
GaCo01_01,control,4,0.03934275758865304,0.030431010243191014,0.056097493965716304,1.221249999999974,0.006249999999999867,-0.057499999999998774,0.03522884370187838,0.009594045923412692,-0.039305424543385196,0.03142857142857076,-0.0028571428571427943,-0.02142857142857097,-0.2046672634464343,0.19235751722926633,-0.8938097022501059,-0.5874799940107168,-0.3900013975012694,-0.9576644276027024,0.26414000174646735,0.006913311386865795,-0.07475005945493007,0.013197627819019482,0.0014910401974273582,-0.1927799738585254,0.011388125027228215,-0.0029716650414636295,-0.08199288949929012,0.2768904712818257,0.5674200932532449,0.13981434301991041,0.6665798605174661,0.725920012719712,0.47879343785029954,0.9734102618657812,-0.030875723714671288,-0.047992974612230954,0.12561561543360839,0.10745908964448678,0.0767781837925612,0.0624915792294219,0.04117337452818662,0.009080496961874865,0.3522862206691556,0.4078683351675562,0.7778374520418376,0.29186114870347946,0.751049361275778,0.08796011341150053,1.2739443185939514,0.030880111734684856,0.0062842332824064595,0.06878433380146946,0.049331502952823486,0.01575244060142371,0.03683222756723992,0.010227173075691574,-0.011702163829945551,0.8898633614297045,1.2634108735135736,0.9421495316055761,0.6484108247756963,0.6899017187981361,1.0681890937047713,0.7202540354156071,0.05832959639194091,0.025809590971162644,0.6669071623573358,0.0662971664229195,0.019357193228372038,0.5,0.0,0.16666666666666669,2.09375,0.03125,0.34375,1.5935226751223317,0.0708446437917507,0.2736986399301522,7.46875,-0.8125,0.65625,2.3277342576405813,0.24501929564908842,0.32069021067708414,6.375,-0.84375,0.3125,0.375,0.03125,0.09375,2.129032258064516,0.22580645161290303,0.19354838709677402,0.7308755760368664,-0.16052227342549918,-0.04493087557603692,0.21875,-0.0625,-0.03125,3.857142857142857,1.0793650793650795,0.6071428571428572,1.0,0.2222222222222222,0.125,1.859375,0.767578125,0.9248991935483871,0.03125,0.0,0.03125,1.96875,-0.03125,0.21875,1.3316101095557091,-0.10523230665849015,0.01178607436352963,6.375,0.125,-0.4375,2.40630891214016,0.2811903196239527,0.3992648651766628,5.40625,0.15625,-0.65625,0.375,0.03125,0.09375,2.032258064516129,0.16129032258064524,0.09677419354838701,0.724731182795699,-0.16236559139784934,-0.051075268817204256,0.21875,-0.0625,-0.03125,3.857142857142857,1.0793650793650795,0.6071428571428572,1.0,0.2222222222222222,0.125,0.8870967741935484,0.01814516129032262,-0.0473790322580645,0.0,0.0,0.0
GaCo01_01,control,5,0.05447312736577805,0.04630812536867454,0.09583204659827893,1.2549999999999732,0.03374999999999928,-0.023749999999999494,0.02927700218845537,-0.005951841513423008,-0.0452572660568082,0.03714285714285635,0.0057142857142855955,-0.015714285714285375,-0.1366248810862118,0.0680423823602225,-0.8257673198898834,0.6739446595415799,1.2614246535522966,0.30376022594959423,0.3261195932953094,0.06197959154884203,-0.012770467906088045,0.13351932617294882,0.12032169835392933,-0.07245827550459608,0.11160107527804135,0.10021295025081313,0.018220060751523007,0.06559814836422365,-0.21129232291760205,-0.07147797989769164,-0.20899990609472183,-0.875579766612188,-0.39678632876188835,0.9242404497344237,-0.049169812131357515,-0.09716278674358847,0.23942624078315794,0.11381062534954955,0.19058880914211074,0.21905371839266788,0.156562139163246,0.16564263612512084,-0.22465033728517567,-0.5769365579543313,0.2009008940875063,-0.21342638176067458,-0.505287530464154,-0.4173274170526535,1.351952911980472,0.07800859338652066,0.08429282666892712,0.1892576674665281,0.12047333366505865,0.13622577426648236,0.08031696700972216,0.04348473944248224,0.03178257561253669,0.9802804224429732,0.09041706101326874,1.032566592618845,0.8366020375339828,0.18819121275828643,1.2563803064630577,0.7363826390090816,0.016128603593474566,0.04193819456463721,0.6335397819628554,-0.033367380394480395,-0.014010187166108357,0.5,0.0,0.16666666666666669,1.90625,-0.1875,0.15625,1.3995246888993098,-0.1939979862230219,0.07970065370713031,8.78125,1.3125,1.96875,1.7912759013727364,-0.5364583562678449,-0.21576814559076074,7.875,1.5,1.8125,0.3125,-0.0625,0.03125,2.032258064516129,-0.09677419354838701,0.09677419354838701,0.903225806451613,0.17235023041474662,0.1274193548387097,0.28125,0.0625,0.03125,3.111111111111111,-0.746031746031746,-0.13888888888888884,0.7777777777777778,-0.2222222222222222,-0.09722222222222221,1.1259765625,-0.7333984375,0.19150075604838712,0.03125,0.0,0.03125,1.84375,-0.125,0.09375,1.2978735710582958,-0.033736538497413315,-0.021950464133883685,6.75,0.375,-0.0625,1.8491497610279373,-0.5571591511122227,-0.15789428593555987,5.90625,0.5,-0.15625,0.3125,-0.0625,0.03125,2.064516129032258,0.032258064516129004,0.12903225806451601,0.903225806451613,0.17849462365591395,0.1274193548387097,0.28125,0.0625,0.03125,3.111111111111111,-0.746031746031746,-0.13888888888888884,0.7777777777777778,-0.2222222222222222,-0.09722222222222221,0.9042338709677419,0.017137096774193505,-0.030241935483870996,0.0,0.0,0.0
GaCo01_01,control,6,0.08216487178472118,0.052948942135904814,0.036907965275973294,1.218749999999974,-0.03624999999999923,-0.05999999999999872,0.025319388392522464,-0.003957613795932905,-0.04921487985274111,0.03714285714285635,0.0,-0.015714285714285375,-0.48586448256361914,-0.34923960147740735,-1.1750069213672907,0.37861502221696075,-0.29532963732461914,0.008430588624975088,0.25630859163211933,-0.06981100166319004,-0.08258146956927809,0.015032791199343499,-0.11848653497360531,-0.1909448104782014,0.017260500988033358,-0.09434057429000799,-0.07612051353848498,-0.15358616217754786,-0.2191843105417715,-0.2906622904394631,-0.18380377197900638,0.025196134115715446,-0.37159019464617293,1.0113516396932443,0.08711118995882061,-0.010051596784767858,0.018111679767500152,-0.22131456101565777,-0.030725751873547036,0.018903078982939827,-0.20015063940972805,-0.03450800328460721,0.3001542703819999,0.5248046076671755,0.7257055017546818,0.1874700418097853,0.40089642357045985,-0.016430993482193623,1.2370127545770435,-0.11494015740342856,-0.030647330734501432,0.018907508435984564,-0.17035015903054354,-0.03412438476406119,0.02110504698971075,-0.05921192002001141,-0.02742934440747472,-0.2151585716600811,-1.1954389941030543,-0.16287240148420937,-0.05163560309251912,-0.8882376406265019,0.3681426658365558,0.6320802083934297,-0.10430243061565192,-0.06236423605101471,0.5990601562950723,-0.034479625667783176,-0.04848981283389153,0.3333333333333333,-0.16666666666666669,0.0,2.125,0.21875,0.375,1.6214290789499601,0.22190439005065032,0.30160504375778063,8.5625,-0.21875,1.75,1.605183136974036,-0.18609276439870048,-0.4018609099894612,7.4375,-0.4375,1.375,0.375,0.0625,0.09375,1.8709677419354838,-0.16129032258064524,-0.06451612903225823,0.8564516129032258,-0.04677419354838719,0.08064516129032251,0.28125,0.0,0.03125,2.7777777777777777,-0.3333333333333335,-0.4722222222222223,0.8888888888888888,0.11111111111111105,0.01388888888888884,1.3779296875,0.251953125,0.4434538810483871,0.03125,0.0,0.03125,2.03125,0.1875,0.28125,1.4697898686766473,0.17191629761835148,0.1499658334844678,6.5,-0.25,-0.3125,1.7038855027411945,-0.14526425828674272,-0.3031585442223026,5.46875,-0.4375,-0.59375,0.375,0.0625,0.09375,1.935483870967742,-0.12903225806451601,0.0,0.8564516129032258,-0.04677419354838719,0.08064516129032251,0.28125,0.0,0.03125,2.7777777777777777,-0.3333333333333335,-0.4722222222222223,0.8888888888888888,0.11111111111111105,0.01388888888888884,0.90625,0.0020161290322581182,-0.028225806451612878,0.0,0.0,0.0
GaCo01_01,control,7,0.021521991734759483,0.040442125772212976,0.04661054475995015,1.2374999999999736,0.0187499999999996,-0.04124999999999912,0.03240370349203861,0.007084315099516146,-0.042130564753224964,0.028571428571427963,-0.00857142857142839,-0.024285714285713765,0.27847857238986473,0.7643430549534839,-0.4106638664138069,-0.3055661656760705,-0.6841811878930313,-0.6757505992680561,0.260461039433202,0.004152447801082648,-0.07842902176819544,0.02833906045349139,0.013306269254147891,-0.1776385412240535,0.030099917296541285,0.012839416308507927,-0.06328109722997706,-0.12670865948484605,0.02687750269270181,-0.26378478774676134,-0.16149359644861752,0.02231017553038886,-0.3492800191157841,1.008035112344293,-0.0033165273489512703,-0.013368124133719128,0.038820726842447,0.02070904707494685,-0.010016704798600187,0.03917155583336734,0.02026847685042751,-0.014239526434179695,0.08478854629902427,-0.2153657240829756,0.5103397776717062,-0.11832510232949522,-0.30579514413928055,-0.3222261376214741,1.252425671277255,0.015412916700211499,-0.015234414034289934,0.02429156673737752,0.005384058301392956,-0.028740326462668234,0.023150773266501723,0.0020457262767909733,-0.025383618130683745,0.08171108636581238,0.2968696580258935,0.1339972565416841,-0.2160192900019208,-0.1643836869094017,0.20375897892715414,0.7505430557959409,0.11846284740251123,0.05609861135149652,0.646240625180289,0.047180468885216764,-0.0013093439486747682,0.16666666666666666,-0.16666666666666666,-0.16666666666666666,2.125,0.0,0.375,1.4756081305138942,-0.14582094843606597,0.15578409532171467,8.78125,0.21875,1.96875,1.8091947059039741,0.20401156892993821,-0.197849341059523,7.65625,0.21875,1.59375,0.40625,0.03125,0.125,1.7096774193548387,-0.16129032258064502,-0.22580645161290325,0.8892473118279571,0.03279569892473133,0.11344086021505384,0.21875,-0.0625,-0.03125,3.2857142857142856,0.5079365079365079,0.03571428571428559,1.0,0.11111111111111116,0.125,1.18603515625,-0.19189453125,0.2515593497983871,0.03125,0.0,0.03125,2.0625,0.03125,0.3125,1.3897667476606375,-0.08002312101600983,0.06994271246845796,5.75,-0.75,-1.0625,1.8491497610279373,0.14526425828674272,-0.15789428593555987,4.6875,-0.78125,-1.375,0.40625,0.03125,0.125,1.6774193548387097,-0.25806451612903225,-0.25806451612903225,0.88494623655914,0.028494623655914153,0.10913978494623666,0.21875,-0.0625,-0.03125,3.2857142857142856,0.5079365079365079,0.03571428571428559,1.0,0.11111111111111116,0.125,0.9662298387096774,0.05997983870967738,0.0317540322580645,0.0,0.0,0.0
GaCo02_01,control,1,0.03468409579148492,0.03468409579148492,0.03228077108790506,1.0887499999999768,-0.021249999999999547,-0.021249999999999547,0.009910312089650937,-0.02125743680930758,-0.02125743680930758,0.004285714285714194,-0.017142857142856776,-0.017142857142856776,0.6236095644623234,-0.05233031038417668,-0.05233031038417668,0.5570860145311556,0.2327308713771285,0.2327308713771285,0.2571103213305048,-0.013123622402457513,-0.013123622402457513,0.012201792264766758,-0.0018435474983946442,-0.0018435474983946442,0.014751973467569802,-0.006791583889483083,-0.006791583889483083,-0.4354702734964821,-0.07776316076685053,-0.07776316076685053,0.4247623303964439,0.6950796605755338,0.6950796605755338,0.9758944724541055,-0.021756236469884338,-0.021756236469884338,0.016225437096862767,0.002822641064085439,0.002822641064085439,0.01715739330418228,0.0029189724912875702,0.0029189724912875702,0.1060446453133057,0.06077353969099932,0.06077353969099932,-0.32626992215189415,-0.01819806252131756,-0.01819806252131756,1.2628660770862605,-0.011924712856408393,-0.011924712856408393,0.01338770957952941,-0.006468815976477542,-0.006468815976477542,0.01409732143677094,-0.011395381769109989,-0.011395381769109989,-0.18659313624241575,-0.1459938152701249,-0.1459938152701249,-0.39408468302619737,-0.05666372365691741,-0.05666372365691741,0.7307385840567665,0.029745964584392937,0.029745964584392937,0.5767506828567777,0.010379816899475425,0.010379816899475425,0.3333333333333333,0.16666666666666666,0.16666666666666666,1.84375,-0.25,-0.25,1.393750452046795,0.08967804657627143,0.08967804657627143,7.0625,1.09375,1.09375,1.7768674864817942,-0.13209904696148533,-0.13209904696148533,6.21875,1.34375,1.34375,0.28125,-0.15625,-0.15625,2.064516129032258,-0.3548387096774195,-0.3548387096774195,0.8709677419354839,-0.043010752688172116,-0.043010752688172116,0.25,-0.09375,-0.09375,3.5,0.40909090909090917,0.40909090909090917,1.0,0.09090909090909094,0.09090909090909094,1.142578125,0.2852192540322581,0.2852192540322581,0.03125,0.03125,0.03125,1.78125,-0.3125,-0.3125,1.2885194053891917,-0.015553000081331758,-0.015553000081331758,6.03125,0.0625,0.0625,1.822518197617012,-0.08644833582626754,-0.08644833582626754,5.25,0.375,0.375,0.28125,-0.15625,-0.15625,2.096774193548387,-0.3225806451612905,-0.3225806451612905,0.8709677419354839,-0.043010752688172116,-0.043010752688172116,0.25,-0.09375,-0.09375,3.5,0.40909090909090917,0.40909090909090917,1.0,0.09090909090909094,0.09090909090909094,0.9213709677419355,0.06401209677419362,0.06401209677419362,0.0,0.0,0.0
GaCo02_01,control,2,0.038107144648736886,0.02085720502196306,0.04598494904524218,1.1162499999999762,0.027499999999999414,0.006249999999999867,0.02924648941081829,0.019336177321167353,-0.0019212594881402277,0.025714285714285166,0.02142857142857097,0.004285714285714195,0.35305369706447665,-0.27055586739784676,-0.32288617778202344,-0.4403577591138031,-0.9974437736449586,-0.7647129022678302,0.2774123705587297,0.020302049228224872,0.007178426825767359,0.021875602318941617,0.009673810054174859,0.007830262555780215,0.015219815968026771,0.00046784250045696883,-0.006323741389026114,0.5867423791575158,1.0222126526539979,0.9444494918871473,-0.4076262910770873,-0.8323886214735312,-0.13730896089799743,0.9965647605733813,0.020670288119275737,-0.001085948350608601,0.01147528740096263,-0.0047501496959001365,-0.0019275086318146974,0.01515317217287661,-0.00200422113130567,0.0009147513599819003,-0.4385278495016645,-0.5445724948149702,-0.48379895512397086,-0.23902687533126663,0.08724304682062753,0.06904498429930997,1.2786447349986414,0.015778657912380867,0.003853945055972474,0.022048842399636313,0.008661132820106903,0.0021923168436293605,0.01874085722491706,0.00464353578814612,-0.0067518459809638685,0.5048744747074311,0.6914676109498468,0.5454737956797219,-0.5464528071043555,-0.15236812407815814,-0.20903184773507555,0.634369056120937,-0.09636952793582954,-0.0666235633514366,0.4757767920907027,-0.10097389076607494,-0.09059407386659951,0.16666666666666666,-0.16666666666666666,0.0,2.125,0.28125,0.03125,1.4756081305138942,0.08185767846709924,0.17153572504337067,7.03125,-0.03125,1.0625,1.6749458344636392,-0.10192165201815495,-0.23402069897964028,5.90625,-0.3125,1.03125,0.40625,0.125,-0.03125,2.4193548387096775,0.3548387096774195,0.0,0.9543010752688172,0.08333333333333337,0.040322580645161255,0.3125,0.0625,-0.03125,3.3,-0.20000000000000018,0.209090909090909,1.0,0.0,0.09090909090909094,1.333984375,0.19140625,0.4766255040322581,0.03125,0.0,0.03125,2.03125,0.25,-0.0625,1.307160799151623,0.018641393762431235,0.003088393681099477,5.96875,-0.0625,0.0,1.7502879947357604,-0.07223020288125159,-0.15867853870751913,4.9375,-0.3125,0.0625,0.40625,0.125,-0.03125,2.4838709677419355,0.3870967741935485,0.06451612903225801,0.9543010752688172,0.08333333333333337,0.040322580645161255,0.3125,0.0625,-0.03125,3.3,-0.20000000000000018,0.209090909090909,1.0,0.0,0.09090909090909094,0.8608870967741935,-0.06048387096774199,0.0035282258064516236,0.0,0.0,0.0
GaCo02_01,control,3,0.017492895927190333,0.021240409110186917,0.02895641589226783,1.0974999999999766,-0.0187499999999996,-0.012499999999999734,0.008864052604278994,-0.020382436806539297,-0.02230369629467952,0.007142857142856991,-0.018571428571428177,-0.01428571428571398,-0.3208444739598739,-0.6738981710243506,-0.996784348806374,4.660997623214101e-18,0.4403577591138031,-0.3243551431540271,0.27332213364323454,-0.004090236915495149,0.00308818991027221,0.012997743423190605,-0.008877858895751012,-0.0010475963399707976,0.012671053038025524,-0.0025487629300012474,-0.008872504319027362,0.030750748404931933,-0.5559916307525838,0.3884578611345635,-0.4130583783756388,-0.005432087298551491,-0.14274104819654893,0.9999793371353004,0.003414576561919125,0.002328628211310524,0.01752059156453749,0.006045304163574862,0.004117795531760164,0.024663839342738334,0.009510667169861724,0.010425418529843624,-0.3540304252447488,0.0844974242569157,-0.39930153086705517,-0.26603417982098504,-0.027007304489718414,0.042037679809591555,1.280203827680892,0.001559092682250629,0.005413037738223103,0.011064178402563829,-0.010984663997072484,-0.008792347153443123,0.006192180504107129,-0.01254867672080993,-0.0193005227017738,0.6252764256684213,0.12040195096099027,0.6658757466407121,0.523373722802973,1.0698265299073286,0.860794682172253,0.6184628474025112,-0.01590620871842574,-0.08252977206986234,0.46384713555188345,-0.011929656538819278,-0.10252373040541879,0.16666666666666666,0.0,0.0,2.09375,-0.03125,0.0,1.3995246888993098,-0.07608344161458436,0.09545228342878631,8.40625,1.375,2.4375,1.9320618269677103,0.25711599250407113,0.02309529352443085,7.3125,1.40625,2.4375,0.40625,0.0,-0.03125,2.3870967741935485,-0.032258064516129004,-0.032258064516129004,0.8672043010752688,-0.08709677419354844,-0.04677419354838719,0.3125,0.0,-0.03125,3.3,0.0,0.209090909090909,1.0,0.0,0.09090909090909094,1.08251953125,-0.25146484375,0.22516066028225812,0.03125,0.0,0.03125,2.03125,0.0,-0.0625,1.307160799151623,0.0,0.003088393681099477,6.375,0.40625,0.40625,1.9797360527882695,0.22944805805250912,0.07076951934498998,5.34375,0.40625,0.46875,0.40625,0.0,-0.03125,2.3548387096774195,-0.12903225806451601,-0.06451612903225801,0.8629032258064516,-0.09139784946236562,-0.05107526881720437,0.3125,0.0,-0.03125,3.3,0.0,0.209090909090909,1.0,0.0,0.09090909090909094,0.859375,-0.0015120967741935054,0.0020161290322581182,0.0,0.0,0.0
GaCo02_01,control,4,0.018093744908459882,0.025524616323230182,0.03511279306558255,1.0874999999999768,-0.009999999999999787,-0.02249999999999952,0.010350983390135092,0.001486930785856098,-0.020816765508823425,0.007142857142856991,0.0,-0.01428571428571398,0.4183300132670378,0.7391744872269117,-0.2576098615794623,-0.2738612787525831,-0.2738612787525831,-0.5982164219066102,0.2872248341542263,0.013902700510991739,0.01699089042126395,0.019788118388985757,0.006790374965795152,0.005742778625824355,0.015496439058129875,0.0028253860201043514,-0.00604711829892301,-0.08228406602700208,-0.11303481443193401,0.2754230467026295,0.03813932310967648,0.4511977014853153,0.30845665328876637,0.9998932095830406,-8.612755225978486e-05,0.002242500659050739,0.02107647173520805,0.0035558801706705584,0.0076736757024307226,0.017185207290669,-0.007478632052069334,0.0029467864777742905,0.48943222198875624,0.8434626472335051,0.4441611163664499,0.08637281539469144,0.3524069952156765,0.39444467502526803,1.2895182136608012,0.00931438597990919,0.014727423718132293,0.02750972756864637,0.01644554916608254,0.007653202012639419,0.02195398702300874,0.01576180651890161,-0.0035387161828721904,-0.28186604526118547,-0.9071424709296068,-0.24126672428889462,-0.30802943487898016,-0.8314031576819532,0.029391524490299803,0.6817312035291399,0.06326835612662862,-0.019261415943233717,0.5544412094184828,0.0905940738665994,-0.011929656538819389,0.3333333333333333,0.16666666666666666,0.16666666666666666,2.15625,0.0625,0.0625,1.5680144625731962,0.1684897736738864,0.2639420571026727,7.6875,-0.71875,1.71875,2.0230526279570364,0.0909908009893261,0.11408609451375695,6.53125,-0.78125,1.65625,0.40625,0.0,-0.03125,3.096774193548387,0.7096774193548385,0.6774193548387095,0.8986175115207373,0.03141321044546852,-0.015360983102918668,0.375,0.0625,0.03125,3.5833333333333335,0.28333333333333366,0.49242424242424265,1.0,0.0,0.09090909090909094,1.80615234375,0.7236328125,0.9487934727822581,0.03125,0.0,0.03125,2.03125,0.0,-0.0625,1.307160799151623,0.0,0.003088393681099477,6.59375,0.21875,0.625,2.1229829136413,0.1432468608530304,0.21401638019802038,5.5625,0.21875,0.6875,0.40625,0.0,-0.03125,3.0,0.6451612903225805,0.5806451612903225,0.8924731182795699,0.029569892473118253,-0.021505376344086113,0.375,0.0625,0.03125,3.5833333333333335,0.28333333333333366,0.49242424242424265,1.0,0.0,0.09090909090909094,0.8321572580645161,-0.027217741935483875,-0.025201612903225756,0.0,0.0,0.0
GaCo02_01,control,5,0.016046326849547786,0.030852133732365082,0.04068341290899908,1.1137499999999763,0.02624999999999944,0.00374999999999992,0.03335416016031512,0.02300317677018003,0.0021864112613566057,0.03857142857142775,0.03142857142857076,0.01714285714285678,-0.8656504788621455,-1.2839804921291833,-1.5415903537086457,0.5449949790918763,0.8188562578444594,0.22063983593784925,0.2826003063119176,-0.004624527842308657,0.012366362578955292,0.014239521758205021,-0.005548596630780736,0.00019418199504361855,0.015159754472788825,-0.0003366845853410502,-0.0063838028842640605,-0.08139007636621237,0.0008939896607897124,0.2763170363634192,-0.6748006619953277,-0.7129399851050042,-0.40448333181623786,1.0007119523736974,0.0008187427906567457,0.0030612434497074847,0.01794075373846968,-0.0031357179967383686,0.004537957705692354,0.01931275297617693,0.0021275456855079297,0.00507433216328222,-0.5410826225764005,-1.0305148445651566,-0.5863537281987069,-0.563635777770477,-0.6500085931651685,-0.2555639181399004,1.2903390717557244,0.0008208580949231603,0.015548281813055453,0.02360224726663276,-0.00390748030201361,0.0037457217106258087,0.023840594562058528,0.0018866075390497894,-0.001652108643822401,-0.029829635667661076,0.2520364095935244,0.01076968530462977,-0.9128333619986807,-0.6048039271197005,-0.5754124026294007,0.634369056120937,-0.04736214740820288,-0.0666235633514366,0.4757767920907027,-0.07866441732778012,-0.09059407386659951,0.5,0.16666666666666669,0.33333333333333337,2.15625,0.0,0.0625,1.393750452046795,-0.17426401052640128,0.08967804657627143,8.25,0.5625,2.28125,1.8491497610279373,-0.17390286692909918,-0.05981677241534222,7.09375,0.5625,2.21875,0.4375,0.03125,0.0,2.6451612903225805,-0.4516129032258065,0.22580645161290303,0.8844086021505376,-0.014208909370199696,-0.029569892473118364,0.375,0.0,0.03125,3.1666666666666665,-0.41666666666666696,0.07575757575757569,1.0,0.0,0.09090909090909094,1.03173828125,-0.7744140625,0.17437941028225812,0.03125,0.0,0.03125,2.09375,0.0625,0.0,1.3040724054705235,-0.003088393681099477,0.0,6.21875,-0.375,0.25,1.89625054489966,-0.22673236874163982,-0.012715988543619439,5.125,-0.4375,0.25,0.4375,0.03125,0.0,2.6774193548387095,-0.3225806451612905,0.25806451612903203,0.8844086021505376,-0.008064516129032251,-0.029569892473118364,0.375,0.0,0.03125,3.1666666666666665,-0.41666666666666696,0.07575757575757569,1.0,0.0,0.09090909090909094,0.8069556451612904,-0.025201612903225756,-0.05040322580645151,0.0,0.0,0.0
GaCo02_01,control,6,0.04048410521996718,0.02760602280676672,0.024304845330588336,1.0899999999999768,-0.023749999999999494,-0.019999999999999574,0.013093073414159263,-0.02026108674615586,-0.018074675484799255,0.007142857142856991,-0.03142857142857076,-0.01428571428571398,0.4409585518440983,1.306609030706244,-0.23498132300240177,-0.47140452079103184,-1.0163994998829082,-0.7957596639450589,0.2683615176447745,-0.01423878866714312,-0.0018724260881878285,0.009399001899115422,-0.0048405198590895995,-0.004646337864045981,0.01545087963829773,0.0002911251655089049,-0.0060926777187551556,-0.6992351751889776,-0.6178450988227653,-0.341528062459346,0.6415340498094457,1.3163347118047735,0.9118513799885356,0.9885298347167613,-0.012182117656936109,-0.009120874207228624,0.009500666139732815,-0.008440087598736866,-0.0039021298930445123,0.009152641688683618,-0.010160111287493312,-0.005085779124211091,-0.03673994027024437,0.5043426823061561,-0.08201104589255073,-0.054403099742045,0.509232678028432,0.2536687598885316,1.277495631280035,-0.012843440475689416,0.0027048413373660374,0.0077919471244661115,-0.01581030014216665,-0.01206457843154084,0.010672158771765654,-0.013168435790292874,-0.014820544434115275,-0.7280029241918383,-0.6981732885241773,-0.6874036032195475,0.18473972464011207,1.0975730866387927,0.522160684009392,0.5887168828181184,-0.045652173302818566,-0.11227573665425516,0.44153766211358875,-0.03423912997711398,-0.12483320384371349,0.16666666666666666,-0.33333333333333337,0.0,2.0625,-0.09375,-0.03125,1.4797013648139472,0.08595091276715228,0.1756289593434237,8.375,0.125,2.40625,1.699145895499721,-0.15000386552821632,-0.20982063794355854,7.3125,0.21875,2.4375,0.375,-0.0625,-0.0625,2.064516129032258,-0.5806451612903225,-0.3548387096774195,0.9220430107526882,0.037634408602150615,0.008064516129032251,0.28125,-0.09375,-0.0625,3.3333333333333335,0.16666666666666696,0.24242424242424265,1.0,0.0,0.09090909090909094,1.4189453125,0.38720703125,0.5615864415322581,0.03125,0.0,0.03125,1.96875,-0.125,-0.125,1.307160799151623,0.003088393681099477,0.003088393681099477,6.3125,0.09375,0.34375,1.7859216469465444,-0.11032889795311562,-0.12304488649673506,5.34375,0.21875,0.46875,0.375,-0.0625,-0.0625,2.129032258064516,-0.5483870967741935,-0.2903225806451615,0.9220430107526882,0.037634408602150615,0.008064516129032251,0.28125,-0.09375,-0.0625,3.3333333333333335,0.16666666666666696,0.24242424242424265,1.0,0.0,0.09090909090909094,0.9485887096774194,0.141633064516129,0.09122983870967749,0.0,0.0,0.0
GaCo02_01,control,7,0.034248657554161135,0.023359170914366564,0.028557504348584943,1.1137499999999763,0.023749999999999494,0.00374999999999992,0.015059406173076833,0.0019663327589175706,-0.016108342725881686,0.019999999999999574,0.012857142857142583,-0.0014285714285713971,-0.5555555555555556,-0.996514107399654,-1.2314954304020556,0.6427181209113261,1.114122641702358,0.318362977757299,0.28721960345301056,0.018858085808236058,0.01698565972004823,0.01723298323118634,0.00783398133207092,0.0031876434680249387,0.0167744274887132,0.0013235478504154703,-0.004769129868339685,0.17936780101246974,0.8786029762014473,0.5370749137421014,-0.4732022839450401,-1.1147363337544858,-0.20288495376595023,1.001063385604315,0.012533550887553702,0.0034126766803250774,0.011297319040877381,0.0017966529011445662,-0.002105476991899946,0.012990030847173635,0.0038373891584900163,-0.001248389965721075,-0.3294737500700728,-0.29273380979982844,-0.37474485569237914,-0.5714462330893215,-0.5170431333472765,-0.2633743734587449,1.2906603664347027,0.013164735154667762,0.0158695764920338,0.011449404329445403,0.0036574572049792916,-0.008407121226561549,0.014034442605871231,0.003362283834105577,-0.011458260600009698,-0.2254990681198996,0.5025038560719387,-0.18489974714760873,-0.08224040090914905,-0.2669801255492611,0.2551805584601309,0.6184628474025112,0.029745964584392826,-0.08252977206986234,0.46384713555188345,0.022309473438294702,-0.10252373040541879,0.16666666666666666,0.0,0.0,2.15625,0.09375,0.0625,1.393750452046795,-0.08595091276715228,0.08967804657627143,9.21875,0.84375,3.25,2.027780846465003,0.32863495096528195,0.1188143130217234,8.0625,0.75,3.1875,0.4375,0.0625,0.0,2.6129032258064515,0.5483870967741935,0.19354838709677402,0.9596774193548387,0.037634408602150504,0.045698924731182755,0.40625,0.125,0.0625,2.8461538461538463,-0.4871794871794872,-0.24475524475524457,0.9230769230769231,-0.07692307692307687,0.013986013986014068,1.08837890625,-0.33056640625,0.23102003528225812,0.03125,0.0,0.03125,2.09375,0.125,0.0,1.3040724054705235,-0.003088393681099477,0.0,6.1875,-0.125,0.21875,2.070335799473275,0.28441415252673075,0.16136926602999568,5.09375,-0.25,0.21875,0.4375,0.0625,0.0,2.6451612903225805,0.5161290322580645,0.22580645161290303,0.9596774193548387,0.037634408602150504,0.045698924731182755,0.40625,0.125,0.0625,2.8461538461538463,-0.4871794871794872,-0.24475524475524457,0.9230769230769231,-0.07692307692307687,0.013986013986014068,0.8654233870967742,-0.08316532258064513,0.008064516129032362,0.0,0.0,0.0
GaCo03_01,control,1,0.05189899233808758,0.05189899233808758,0.02202482659620919,1.2374999999999736,-0.08499999999999819,-0.08499999999999819,0.01488047618285658,-0.06141781063557941,-0.06141781063557941,0.01571428571428538,-0.018571428571428173,-0.018571428571428173,-0.01887128390240993,-0.5621334853284268,-0.5621334853284268,-0.46291004988627577,0.3430833745150798,0.3430833745150798,0.39194095666280093,-0.029056595199764446,-0.029056595199764446,0.025498221910908257,-0.004953144323842952,-0.004953144323842952,0.0405367395719845,0.0022335534218227357,0.0022335534218227357,-0.4098634829302237,-0.25984397396429004,-0.25984397396429004,-0.10077870583463253,0.4966074100633785,0.4966074100633785,1.0100337944578328,-0.014068356259444137,-0.014068356259444137,0.008204274976784082,-0.008858713377213907,-0.008858713377213907,0.012500158565938493,-0.006681830588985719,-0.006681830588985719,-0.6073095641656222,-0.37045441269988094,-0.37045441269988094,-0.10499527779496602,0.14496386145537327,0.14496386145537327,1.3353228389450247,0.01017638129587306,0.01017638129587306,0.028985242087832187,0.006349349012163667,0.006349349012163667,0.04085181365846448,0.014544219650532507,0.014544219650532507,-0.2715070871340489,-0.24190267570110846,-0.24190267570110846,0.4012095764047142,0.8490908288357069,0.8490908288357069,0.5283208335737187,0.0,0.0,0.5210738290240025,0.12483320384371344,0.12483320384371344,0.16666666666666666,-0.16666666666666666,-0.16666666666666666,2.09375,0.25,0.25,1.3995246888993098,0.101651117841014,0.101651117841014,7.5,0.75,0.75,1.8665130505147656,0.017363289486828304,0.017363289486828304,6.40625,0.5,0.5,0.40625,0.09375,0.09375,2.6129032258064515,0.5806451612903225,0.5806451612903225,0.9032258064516129,0.06451612903225801,0.06451612903225801,0.375,0.09375,0.09375,3.1666666666666665,-0.0555555555555558,-0.0555555555555558,0.9166666666666666,0.02777777777777779,0.02777777777777779,1.06201171875,0.11291897681451613,0.11291897681451613,0.03125,0.03125,0.03125,2.03125,0.1875,0.1875,1.307160799151623,0.00928722809332716,0.00928722809332716,6.46875,-0.28125,-0.28125,1.9173970090522674,0.06824724802433013,0.06824724802433013,5.4375,-0.46875,-0.46875,0.40625,0.09375,0.09375,2.6451612903225805,0.6129032258064515,0.6129032258064515,0.9032258064516129,0.06451612903225801,0.06451612903225801,0.375,0.09375,0.09375,3.1666666666666665,-0.0555555555555558,-0.0555555555555558,0.9166666666666666,0.02777777777777779,0.02777777777777779,0.8382056451612904,-0.1108870967741935,-0.1108870967741935,0.0,0.0,0.0
GaCo03_01,control,2,0.01981664508399724,0.04272896597470113,0.029866760080290947,1.2774999999999728,0.03999999999999915,-0.04499999999999904,0.03195979617313802,0.017079319990281443,-0.04433849064529797,0.035714285714284956,0.019999999999999577,0.001428571428571404,-0.01066003581778051,0.00821124808462942,-0.5539222372437974,-0.39776250469594016,0.06514754519033561,0.4082309197054154,0.34247157785562393,-0.049469378807177,-0.07852597400694145,0.03758685385615824,0.012088631945249981,0.007135487621407029,0.03440586992372707,-0.006130869648257424,-0.0038973162264346883,0.2706339207505128,0.6804974036807365,0.4206534297164464,-0.36172354071393836,-0.26094483487930586,0.2356625751840727,1.0176976152502468,0.007663820792414011,-0.006404535467030126,0.013291603868891689,0.005087328892107607,-0.0037713844851062998,0.01738528138528141,0.004885122819342917,-0.0017967077696428024,-0.38075920215639214,0.22655036200923007,-0.14390405069065088,-0.13447462353194892,-0.029479345736982895,0.11548451571839038,1.3485652519081794,0.01324241296315476,0.02341879425902782,0.02545793820182994,-0.0035273038860022463,0.0028220451261614203,0.042490849689157936,0.0016390360306934582,0.016183255681225965,-0.7428731091983358,-0.4713660220642869,-0.7132686977653954,0.7693862102159166,0.36817663381120236,1.2172674626469093,0.5283208335737187,0.0,0.0,0.5091441724851832,-0.011929656538819278,0.11290354730489416,0.3333333333333333,0.16666666666666666,0.0,1.9375,-0.15625,0.09375,1.4797013648139472,0.0801766759146374,0.1818277937556514,7.65625,0.15625,0.90625,1.7709005363592332,-0.0956125141555324,-0.0782492246687041,6.71875,0.3125,0.8125,0.3125,-0.09375,0.0,2.0,-0.6129032258064515,-0.032258064516129004,0.8064516129032258,-0.09677419354838712,-0.032258064516129115,0.28125,-0.09375,0.0,3.111111111111111,-0.05555555555555536,-0.11111111111111116,0.8888888888888888,-0.02777777777777779,0.0,1.34765625,0.28564453125,0.3985635080645161,0.03125,0.0,0.03125,1.84375,-0.1875,0.0,1.2978735710582958,-0.00928722809332716,0.0,6.59375,0.125,-0.15625,1.864081110653926,-0.0533158983983415,0.014931349625988632,5.75,0.3125,-0.15625,0.3125,-0.09375,0.0,2.064516129032258,-0.5806451612903225,0.032258064516129004,0.8064516129032258,-0.09677419354838712,-0.032258064516129115,0.28125,-0.09375,0.0,3.111111111111111,-0.05555555555555536,-0.11111111111111116,0.8888888888888888,-0.02777777777777779,0.0,0.875,0.03679435483870963,-0.07409274193548387,0.0,0.0,0.0
GaCo03_01,control,3,0.01709792376183323,0.052743172904192316,0.023138497651518448,1.2424999999999735,-0.034999999999999254,-0.0799999999999983,0.017525491637692906,-0.014434304535445117,-0.05877279518074309,0.01571428571428538,-0.019999999999999577,-0.018571428571428173,0.2434923767788369,0.2541524125966174,-0.29976982464718,-0.035451483867683334,0.36231102082825684,0.7705419405336722,0.29785681737803565,-0.04461476047758828,-0.12314073448452972,0.018063038132671648,-0.01952381572348659,-0.01238832810207956,0.021685406077538976,-0.012720463846188097,-0.016617780072622785,-0.08611699542128555,-0.3567509161717983,0.06390251354464808,-0.5881808464156805,-0.2264573057017421,0.00920526948233058,1.01798670033299,0.00028908508274327893,-0.006115450384286847,0.01247096726713519,-0.0008206366017564984,-0.004592021086862798,0.012485280203629077,-0.004900001181652333,-0.0066967089512951355,0.15673914593683055,0.5374983480932227,0.3935942974025718,-0.11014809020279419,0.02432653332915473,0.1398110490475451,1.3518947465633169,0.0033294946551374327,0.026748288914165252,0.02596849015791974,0.0005105519560897991,0.0033325970822512194,0.018327079366978305,-0.02416377032217963,-0.007980514640953666,0.4681313656160155,1.2110044748143514,0.49773577704895594,-0.14419282221631843,-0.913579032432235,0.3036884302146743,0.5283208335737187,0.0,0.0,0.44153766211358875,-0.06760651037159443,0.04529703693329973,0.16666666666666666,-0.16666666666666666,-0.16666666666666666,1.96875,0.03125,0.125,1.4024028918138118,-0.07729847300013537,0.10452932075551602,8.78125,1.125,2.03125,1.9794814407297554,0.20858090437052224,0.13033167970181814,7.8125,1.09375,1.90625,0.34375,0.03125,0.03125,2.3225806451612905,0.3225806451612905,0.2903225806451615,0.8064516129032258,0.0,-0.032258064516129115,0.34375,0.0625,0.0625,3.0,-0.11111111111111116,-0.22222222222222232,0.9090909090909091,0.02020202020202022,0.02020202020202022,1.0615234375,-0.2861328125,0.11243069556451613,0.03125,0.0,0.03125,1.90625,0.0625,0.0625,1.3040724054705235,0.006198834412227683,0.006198834412227683,6.75,0.15625,0.0,2.032002032003048,0.16792092134912218,0.1828522709751108,5.84375,0.09375,-0.0625,0.34375,0.03125,0.03125,2.3548387096774195,0.2903225806451615,0.3225806451612905,0.8064516129032258,0.0,-0.032258064516129115,0.34375,0.0625,0.0625,3.0,-0.11111111111111116,-0.22222222222222232,0.9090909090909091,0.02020202020202022,0.02020202020202022,0.8377016129032258,-0.037298387096774244,-0.11139112903225812,0.0,0.0,0.0
GaCo03_01,control,4,0.04139319339996852,0.046707399501817286,0.08659113548009813,1.3437499999999714,0.10124999999999784,0.021249999999999547,0.2227065654301915,0.2051810737924986,0.14640827861175548,0.09428571428571228,0.0785714285714269,0.05999999999999873,0.9020418697092247,0.6585494929303879,0.35877966828320784,0.9701046826971272,1.0055561665648105,1.7760981070984827,0.3283128240001304,0.030456006622094745,-0.09268472786243498,0.13835698339423688,0.12029394526156523,0.10790561715948567,0.06095926531472288,0.039273859237183906,0.022656079164561117,0.6631793516831692,0.7492963471044548,0.8131988606491029,-0.35531835026678016,0.2328624961489003,0.2420677656312309,1.03312767552841,0.015140975195419903,0.009025524811133057,0.06096604071706435,0.04849507344992916,0.04390305236306637,0.028457077237976698,0.01597179703434762,0.009275088083052486,0.8373928345881207,0.6806536886512902,1.074247986053862,0.4462282467418778,0.5563763369446719,0.6961873859922171,1.419201328836325,0.06730658227300812,0.09405487118717337,0.17153289543876896,0.1455644052808492,0.14889700236310044,0.13022816802932338,0.11190108866234508,0.1039205740213914,0.0713929802279653,-0.3967383853880502,0.10099739166090574,-0.2466221082147045,-0.10242928599838608,0.20125914421628818,0.649112932062518,0.12079209848879924,0.12079209848879924,0.5950676107715052,0.15352994865791642,0.19882698559121614,0.3333333333333333,0.16666666666666666,0.0,2.03125,0.0625,0.1875,1.575710285308123,0.17330739349431123,0.27783671424982725,7.84375,-0.9375,1.09375,2.080778002761033,0.10129656203127779,0.23162824173309593,6.8125,-1.0,0.90625,0.34375,0.0,0.03125,2.2903225806451615,-0.032258064516129004,0.2580645161290325,0.9228110599078341,0.11635944700460832,0.0841013824884792,0.34375,0.0,0.0625,3.0,0.0,-0.22222222222222232,0.9090909090909091,0.0,0.02020202020202022,1.946533203125,0.885009765625,0.9974404611895161,0.03125,0.0,0.03125,1.90625,0.0,0.0625,1.3040724054705235,0.0,0.006198834412227683,6.75,0.0,0.0,2.1849928028227223,0.15299077081967427,0.3358430417947851,5.84375,0.0,-0.0625,0.34375,0.0,0.03125,2.3870967741935485,0.032258064516129004,0.3548387096774195,0.9274193548387096,0.12096774193548387,0.08870967741935476,0.34375,0.0,0.0625,3.0,0.0,-0.22222222222222232,0.9090909090909091,0.0,0.02020202020202022,0.9770665322580645,0.13936491935483875,0.027973790322580627,0.0,0.0,0.0
GaCo03_01,control,5,0.04878675640394369,0.0677864224030626,0.03879503132396916,1.2437499999999735,-0.09999999999999787,-0.07874999999999832,0.033779748793787374,-0.18892681663640412,-0.04251853802464862,0.028571428571427963,-0.06571428571428431,-0.0057142857142855885,0.24888219560456692,-0.6531596741046578,-0.29438000582144996,0.1482159349959635,-0.8218887477011637,0.9542093593973191,0.27943925529406116,-0.04887356870606924,-0.14155829656850422,0.021961588101376363,-0.11639539529286053,-0.008489778133374846,0.0319330211980917,-0.029026244116631177,-0.006370164952070059,-0.32277471678411646,-0.9859540684672856,-0.17275520781818282,0.7013196060027522,1.0566379562695323,1.2987057219007632,1.006747134097574,-0.026380541430836013,-0.017355016619702957,0.022624277952213452,-0.0383417627648509,0.005561289598215464,0.027251694399108732,-0.001205382838867966,0.00806970524418452,-0.34137961326777644,-1.1787724478558972,-0.10452446180203517,-0.061251563209146126,-0.5074798099510239,0.18870757604119318,1.3448580312654108,-0.07434329757091418,0.019711573616259193,0.02225432741728872,-0.14927856802148023,-0.00038156565837980244,0.01709917634043223,-0.11312899168889115,-0.00920841766749974,0.5198122988177416,0.4484193185897763,0.5494167102506821,0.5697311026483188,0.8163532108630234,1.0176123550793115,0.6947651053653366,0.04565217330281868,0.16644427179161791,0.5663708659573022,-0.028696744814202924,0.17013024077701322,0.16666666666666666,-0.16666666666666666,-0.16666666666666666,2.125,0.09375,0.28125,1.4535828926505883,-0.1221273926575348,0.15570932159229245,8.65625,0.8125,1.90625,1.9445436482630056,-0.13623435449802757,0.09539388723506836,7.53125,0.71875,1.625,0.40625,0.0625,0.09375,2.774193548387097,0.4838709677419355,0.741935483870968,0.9354838709677419,0.012672811059907807,0.09677419354838701,0.40625,0.0625,0.125,3.076923076923077,0.0769230769230771,-0.14529914529914523,0.9230769230769231,0.013986013986014068,0.03418803418803429,1.05322265625,-0.893310546875,0.10412991431451613,0.03125,0.0,0.03125,2.0625,0.15625,0.21875,1.3663584756098845,0.06228607013936105,0.06848490455158873,6.625,-0.125,-0.125,1.9959636689433842,-0.18902913387933817,0.1468139079154469,5.5625,-0.28125,-0.34375,0.40625,0.0625,0.09375,2.806451612903226,0.4193548387096775,0.774193548387097,0.9354838709677419,0.008064516129032251,0.09677419354838701,0.40625,0.0625,0.125,3.076923076923077,0.0769230769230771,-0.14529914529914523,0.9230769230769231,0.013986013986014068,0.03418803418803429,0.829133064516129,-0.1479334677419355,-0.11995967741935487,0.0,0.0,0.0
GaCo03_01,control,6,0.023819075244447423,0.06688029666336084,0.02356755616027771,1.2012499999999744,-0.042499999999999094,-0.12124999999999742,0.017268882005337608,-0.016510866788449766,-0.05902940481309839,0.02428571428571377,-0.004285714285714195,-0.009999999999999783,-0.2779797245712846,-0.5268619201758515,-0.8212419259973015,-0.019615386066226863,-0.16783132106219037,0.7863780383351288,0.2768375923118044,-0.0026016629822567805,-0.144159959550761,0.009215564376214475,-0.012746023725161888,-0.021235801858536733,0.012168583332601568,-0.019764437865490134,-0.026134602817560193,-0.3526719854290991,-0.029897268644982655,-0.20265247646316548,-0.4270243317123311,-1.1283439377150835,0.17036178418567993,1.019820684159403,0.013073550061829087,-0.00428146655787387,0.0140684796599153,-0.008555798292298153,-0.002994508694082689,0.022749157128028812,-0.00450253727107992,0.0035671679731046,-0.6327455297616231,-0.2913659164938467,-0.39589037829588186,0.7369322366679854,0.7981837998771315,0.9868913759183247,1.3507839355801154,0.005925904314704633,0.025637477930963826,0.015071491021556475,-0.007182836395732244,-0.007564402054112046,0.022304487000010895,0.005205310659578664,-0.004003107007921076,-0.4413881995263839,-0.9612004983441256,-0.41178378809344346,0.14494199353081455,-0.4247891091175043,0.5928232459618072,0.5283208335737187,-0.16644427179161791,0.0,0.396240625180289,-0.17013024077701322,0.0,0.0,-0.16666666666666666,-0.3333333333333333,2.0625,-0.0625,0.21875,1.4797013648139472,0.02611847216335894,0.1818277937556514,8.53125,-0.125,1.78125,1.7224209331541875,-0.2221227151088181,-0.12672882787374973,7.46875,-0.0625,1.5625,0.375,-0.03125,0.0625,2.4516129032258065,-0.3225806451612905,0.4193548387096775,0.9032258064516129,-0.032258064516129004,0.06451612903225801,0.34375,-0.0625,0.0625,3.272727272727273,0.19580419580419584,0.05050505050505061,1.0,0.07692307692307687,0.11111111111111116,1.3515625,0.29833984375,0.4024697580645161,0.03125,0.0,0.03125,1.96875,-0.09375,0.125,1.307160799151623,-0.05919767645826157,0.00928722809332716,6.46875,-0.15625,-0.28125,1.8136467451323128,-0.18231692381107134,-0.035503015895624435,5.5,-0.0625,-0.40625,0.375,-0.03125,0.0625,2.5161290322580645,-0.2903225806451615,0.4838709677419355,0.9032258064516129,-0.032258064516129004,0.06451612903225801,0.34375,-0.0625,0.0625,3.272727272727273,0.19580419580419584,0.05050505050505061,1.0,0.07692307692307687,0.11111111111111116,0.8790322580645161,0.04989919354838712,-0.07006048387096775,0.0,0.0,0.0
GaCo03_01,control,7,0.05144343700713851,0.06023589320835172,0.10716692761336136,1.2949999999999724,0.093749999999998,-0.027499999999999414,0.19588626437661968,0.17861738237128208,0.11958797755818369,0.16857142857142499,0.14428571428571121,0.13428571428571143,-0.03705636875522425,0.24092335581606036,-0.5803185701812411,-0.20553849144729672,-0.18592310538106985,0.6004549329540588,0.320162538573208,0.043324946261403596,-0.1008350132893574,0.12313480578191799,0.11391924140570352,0.09268343954716678,0.1105226959385227,0.09835411260592113,0.07221950978836093,-0.03974562785114314,0.31292635757795595,0.1102738811147905,-0.2828053017361043,0.14421902997622682,0.31458081416190675,1.028720179450103,0.008899495290699999,0.004618028732826129,0.09068225952212593,0.07661377986221063,0.07361927116812794,0.09528360699393056,0.07253444986590174,0.07610161783900635,-0.18457221071818666,0.4481733190434365,0.0522829407475546,-0.26850853830731963,-1.005440774975305,-0.01854939905698033,1.426688723509809,0.07590478792969346,0.10154226586065729,0.16726497649206024,0.15219348547050376,0.14462908341639172,0.14134608382343425,0.11904159682342336,0.11503848981550227,0.16969199125124645,0.6110801907776304,0.1992964026841869,-0.361404538602556,-0.5063465321333706,0.08647671382843669,0.8702086393340777,0.34188780576035893,0.34188780576035893,0.690256901109275,0.29401627592898594,0.29401627592898594,0.5,0.5,0.16666666666666669,2.0625,0.0,0.21875,1.4577379737113252,-0.02196339110262202,0.15986440265302937,9.5,0.96875,2.75,1.8837162994395398,0.16129536628535224,0.03456653841160251,8.4375,0.96875,2.53125,0.375,0.0,0.0625,2.2903225806451615,-0.16129032258064502,0.2580645161290325,0.8198924731182796,-0.08333333333333326,-0.018817204301075252,0.3125,-0.03125,0.03125,3.3,0.027272727272726893,0.0777777777777775,1.0,0.0,0.11111111111111116,1.07763671875,-0.27392578125,0.12854397681451613,0.03125,0.0,0.03125,2.0,0.03125,0.15625,1.3678332288460768,0.060672429694453855,0.06995965778778102,6.46875,0.0,-0.28125,1.9341477242844816,0.12050097915216873,0.0849979632565443,5.46875,-0.03125,-0.4375,0.375,0.0,0.0625,2.3225806451612905,-0.19354838709677402,0.2903225806451615,0.8198924731182796,-0.08333333333333326,-0.018817204301075252,0.3125,-0.03125,0.03125,3.3,0.027272727272726893,0.0777777777777775,1.0,0.0,0.11111111111111116,0.8543346774193549,-0.024697580645161255,-0.094758064516129,0.0,0.0,0.0
GaCo04_01,control,1,0.0662942438906982,0.0662942438906982,0.09539546288931891,1.2787499999999727,0.08749999999999813,0.08749999999999813,0.09657528521462061,0.08411105066703863,0.08411105066703863,0.09571428571428367,0.08142857142856968,0.08142857142856968,-0.03171976233761775,0.21931974318558345,0.21931974318558345,-0.09616415589366747,-0.15137991893109076,-0.15137991893109076,0.3060458245498283,0.04367964524186074,0.04367964524186074,0.08432725089603359,0.07483130691661563,0.07483130691661563,0.07184868616443056,0.059701858975716046,0.059701858975716046,0.058861763959624246,0.27725467680035115,0.27725467680035115,-0.3175125333508634,0.06823204312513192,0.06823204312513192,1.0076736205734076,0.023413892504765332,0.023413892504765332,0.047793642581587165,0.03639584613228318,0.03639584613228318,0.04272801760271699,0.028241875902114737,0.028241875902114737,0.12625553206518444,0.3885628822030025,0.3885628822030025,-0.22924856280516426,0.2374658290640544,0.2374658290640544,1.293018850454453,0.0401067419052783,0.0401067419052783,0.07765839652282353,0.0561071574755109,0.0561071574755109,0.06660833211263219,0.03834447104976554,0.03834447104976554,-0.0008957209084131338,0.36087934736663646,0.36087934736663646,-0.2465134978948304,-0.24797130312978272,-0.24797130312978272,0.7134453549201479,0.07284878469217404,0.07284878469217404,0.6331039071715385,0.12395973468635535,0.12395973468635535,0.3333333333333333,0.16666666666666666,0.16666666666666666,1.84375,-0.125,-0.125,1.393750452046795,0.08658965289517195,0.08658965289517195,7.6875,1.46875,1.46875,1.839310880772751,-0.34175685123671196,-0.34175685123671196,6.84375,1.59375,1.59375,0.28125,-0.09375,-0.09375,2.0,-0.22580645161290303,-0.22580645161290303,0.8440860215053764,-0.05913978494623651,-0.05913978494623651,0.28125,-0.03125,-0.03125,3.0,0.10000000000000009,0.10000000000000009,0.7777777777777778,-0.022222222222222254,-0.022222222222222254,1.169921875,0.30550655241935487,0.30550655241935487,0.03125,0.03125,0.03125,1.78125,-0.1875,-0.1875,1.2885194053891917,-0.018641393762431235,-0.018641393762431235,6.65625,0.4375,0.4375,1.894122913884742,-0.28694481812472095,-0.28694481812472095,5.875,0.625,0.625,0.28125,-0.09375,-0.09375,2.032258064516129,-0.19354838709677402,-0.19354838709677402,0.8440860215053764,-0.05913978494623651,-0.05913978494623651,0.28125,-0.03125,-0.03125,3.0,0.10000000000000009,0.10000000000000009,0.7777777777777778,-0.022222222222222254,-0.022222222222222254,0.9495967741935484,0.08518145161290325,0.08518145161290325,0.0,0.0,0.0
GaCo04_01,control,2,0.048720289085604794,0.032931964136432665,0.03310558362144279,1.2299999999999738,-0.04874999999999896,0.038749999999999174,0.01603567451474512,-0.08053961069987549,0.003571439967163137,0.017142857142856776,-0.07857142857142689,0.0028571428571427943,-0.06432041541566329,-0.032600653078045536,0.1867190901075379,-0.1740776559556978,-0.07791350006203032,-0.22929341899312108,0.2743660543780355,-0.0316797701717928,0.011999875070067945,0.012403829465139175,-0.07192342143089442,0.002907885485721226,0.01052740531289991,-0.06132128085153065,-0.001619421875814606,0.3472906546561008,0.2884288906964766,0.5656835674968277,-0.5469281782825637,-0.2294156449317003,-0.16118360180656838,0.9837704829913765,-0.02390313758203111,-0.0004892450772657764,0.014289791441613261,-0.0335038511399739,0.0028919949923092766,0.01860345385655263,-0.024124563746164358,0.004117312155950379,-0.490179131604715,-0.6164346636698994,-0.2278717814668969,0.14243873640636476,0.371687299211529,0.6091531282755834,1.2641515913495973,-0.02886725910485577,0.011239482800422529,0.015690280946089114,-0.061968115576734414,-0.005860958101223512,0.015458405829122057,-0.05114992628351013,-0.012805455233744593,0.07678533574465606,0.0776810566530692,0.43856040401970564,-0.26924657100475113,-0.02273307310992073,-0.27070437623970345,0.6213351542847402,-0.09211020063540776,-0.019261415943233717,0.4868346990468885,-0.14626920812465005,-0.022309473438294702,0.0,-0.3333333333333333,-0.16666666666666666,2.125,0.28125,0.15625,1.4756081305138942,0.08185767846709924,0.1684473313622712,7.40625,-0.28125,1.1875,2.0613083067517755,0.2219974259790245,-0.11975942525768746,6.28125,-0.5625,1.03125,0.40625,0.125,0.03125,2.3548387096774195,0.3548387096774195,0.12903225806451646,0.8978494623655915,0.05376344086021512,-0.00537634408602139,0.34375,0.0625,0.03125,3.090909090909091,0.09090909090909083,0.19090909090909092,0.9090909090909091,0.13131313131313127,0.10909090909090902,1.24169921875,0.07177734375,0.37728389616935487,0.03125,0.0,0.03125,2.03125,0.25,0.0625,1.307160799151623,0.018641393762431235,0.0,6.34375,-0.3125,0.125,2.1343485067783794,0.24022559289363743,-0.04671922523108352,5.3125,-0.5625,0.0625,0.40625,0.125,0.03125,2.4193548387096775,0.3870967741935485,0.19354838709677447,0.8978494623655915,0.05376344086021512,-0.00537634408602139,0.34375,0.0625,0.03125,3.090909090909091,0.09090909090909083,0.19090909090909092,0.9090909090909091,0.13131313131313127,0.10909090909090902,0.765625,-0.18397177419354838,-0.09879032258064513,0.0,0.0,0.0
GaCo04_01,control,3,0.06170991318172543,0.08297220929617917,0.09203350348066575,1.3012499999999723,0.07124999999999848,0.10999999999999766,0.06220645350076383,0.04617077898601871,0.049742218953181844,0.06571428571428431,0.04857142857142753,0.051428571428570324,0.15718101544930826,0.22150143086497154,0.4082205209725095,-0.5709955115364902,-0.3969178555807924,-0.6262112745739135,0.312587859832021,0.03822180545398546,0.0502216805240534,0.0778420167725969,0.06543818730745773,0.06834607279317895,0.06664546814922753,0.05611806283632762,0.05449864096051302,0.1834230970732587,-0.1638675575828421,0.4018160099139856,-0.25344270257894486,0.2934854757036188,0.13230187389705045,0.9974156216784216,0.013645138687045089,0.013155893609779312,0.022387799805922485,0.008098008364309224,0.0109900033566185,0.03175147773427394,0.01314802387772131,0.01726533603367169,-0.6114965248817635,-0.12131739327704855,-0.34918917474394545,0.34397879343924087,0.2015400570328761,0.8106931853084596,1.305356243948984,0.04120465259938677,0.0524441353998093,0.08803772336608037,0.07234744241999126,0.06648648431876775,0.07872900629439868,0.06327060046527662,0.050465145231532026,0.2489910216415692,0.17220568589691315,0.6107660899166187,-0.13436598517981016,0.13488058582494097,-0.13582379041476247,0.6981203125901445,0.07678515830540433,0.057523742362170616,0.6095136727289302,0.12267897368204173,0.10036950024374702,0.0,0.0,-0.16666666666666666,2.0625,-0.0625,0.09375,1.3663584756098845,-0.10924965490400962,0.05919767645826157,8.15625,0.75,1.9375,2.230425606716524,0.16911729996474856,0.0493578747070611,7.09375,0.8125,1.84375,0.40625,0.0,0.03125,2.5806451612903225,0.22580645161290303,0.3548387096774195,0.8521505376344086,-0.045698924731182866,-0.051075268817204256,0.3125,-0.03125,0.0,3.7,0.6090909090909093,0.8000000000000003,1.0,0.09090909090909094,0.19999999999999996,1.05615234375,-0.185546875,0.19173702116935487,0.03125,0.0,0.03125,2.0,-0.03125,0.03125,1.270001270001905,-0.037159529149717985,-0.037159529149717985,6.125,-0.21875,-0.09375,2.2682947979313846,0.13394629115300516,0.08722706592192164,5.125,-0.1875,-0.125,0.40625,0.0,0.03125,2.6129032258064515,0.19354838709677402,0.3870967741935485,0.8521505376344086,-0.045698924731182866,-0.051075268817204256,0.3125,-0.03125,0.0,3.7,0.6090909090909093,0.8000000000000003,1.0,0.09090909090909094,0.19999999999999996,0.8321572580645161,0.06653225806451613,-0.032258064516129004,0.0,0.0,0.0
GaCo04_01,control,4,0.03248944876099287,0.06937164705783766,0.05443442949232087,1.267499999999973,-0.03374999999999928,0.07624999999999837,0.05311712126450803,-0.009089332236255798,0.040652886716926045,0.027142857142856563,-0.03857142857142774,0.012857142857142581,0.6052526801939733,0.448071664744665,0.8562921857171745,0.9296696802013681,1.5006651917378582,0.8744539171639448,0.2952828392409106,-0.017305020591110387,0.032916659932943015,0.026776314086007124,-0.051065702686589776,0.017280370106589175,0.0175931492363964,-0.04905231891283113,0.005446322047681886,0.3259953338072671,0.14257223673400837,0.544388246647994,-0.779302574450193,-0.5258598718712482,-0.3935579979741977,0.9870068595189868,-0.010408762159434759,0.002747131450344553,0.02549637063400709,0.003108570828084606,0.014098574184703106,0.012013105205678902,-0.01973837252859504,-0.0024730364949233485,0.8026211945930987,1.4141177194748622,1.0649285447309167,-0.003651467607455788,-0.34763026104669664,0.4630629242617629,1.2873902273503526,-0.017966016598631507,0.03447811880117779,0.03546831999086244,-0.052569403375217934,0.013917080943549813,0.02190778134574337,-0.05682122494865531,-0.0063560797171232815,-0.5411499590448973,-0.7901409806864664,-0.1793748907698477,0.13467706652147293,0.26904305170128306,0.13321926128652062,0.634369056120937,-0.06375125646920754,-0.006227514107036924,0.4757767920907027,-0.13373688063822747,-0.03336738039448045,0.5,0.5,0.33333333333333337,2.21875,0.15625,0.25,1.5602806819452752,0.1939222063353907,0.2531198827936523,7.5,-0.65625,1.28125,1.967477507351859,-0.2629480993646651,-0.21359022465760402,6.28125,-0.8125,1.03125,0.4375,0.03125,0.0625,3.0,0.4193548387096775,0.774193548387097,0.9308755760368663,0.0787250384024577,0.027649769585253448,0.375,0.0625,0.0625,3.3333333333333335,-0.3666666666666667,0.43333333333333357,1.0,0.0,0.19999999999999996,1.822265625,0.76611328125,0.9578503024193549,0.03125,0.0,0.03125,2.09375,0.09375,0.125,1.3040724054705235,0.03407113546861851,-0.003088393681099477,6.40625,0.28125,0.1875,2.0613083067517755,-0.2069864911796091,-0.11975942525768746,5.3125,0.1875,0.0625,0.4375,0.03125,0.0625,3.096774193548387,0.4838709677419355,0.870967741935484,0.9354838709677419,0.08333333333333326,0.032258064516129004,0.40625,0.09375,0.09375,3.3076923076923075,-0.3923076923076927,0.4076923076923076,1.0,0.0,0.19999999999999996,0.8487903225806451,0.016633064516129004,-0.015625,0.0,0.0,0.0
GaCo04_01,control,5,0.035462134288727146,0.047335936221787694,0.045983313715971044,1.2749999999999728,0.00749999999999984,0.08374999999999821,0.05928141120355996,0.00616428993905193,0.046817176655977975,0.041428571428570544,0.014285714285713982,0.027142857142856563,0.4917687140613681,-0.1134839661326052,0.7428082195845693,-0.5821451381544236,-1.5118148183557918,-0.6373609011918469,0.2777694541014847,-0.017513385139425908,0.015403274793517108,0.01791410276716985,-0.008862211318837274,0.0084181587877519,0.016662877491575277,-0.0009302717448211248,0.004516050302860761,0.29845810047643073,-0.027537233330836353,0.5168510133171577,-0.08257840842714653,0.6967241660230465,0.30316616804884877,0.9955785359157641,0.00857167639677725,0.011318807847121803,0.014792175610831978,-0.010704195023175113,0.0033943791615279936,0.019135436613249235,0.0071223314075703325,0.004649294912646984,-0.24828123301059377,-1.0509024276036925,0.014026117127224319,-0.39546673806337346,-0.3918152704559177,0.07124765380584519,1.2812803538814372,-0.006109873468915339,0.028368245332262454,0.027919019420875546,-0.007549300569986893,0.00636778037356292,0.018073037052353764,-0.0038347442933896053,-0.010190824010512887,-0.0038612551782913223,0.537288703866606,0.35791381309675824,-0.3227474029167593,-0.45742446943823223,-0.3242052081517116,0.6394319446848299,0.00506288856389292,-0.0011646255431440045,0.4795739585136224,0.0037971664229196622,-0.029570213971560788,0.3333333333333333,-0.16666666666666669,0.16666666666666666,2.03125,-0.1875,0.0625,1.4024028918138118,-0.1578777901314634,0.09524209266218886,8.46875,0.96875,2.25,1.848877165793755,-0.11860034155810384,-0.33219056621570786,7.4375,1.15625,2.1875,0.375,-0.0625,0.0,2.774193548387097,-0.22580645161290303,0.548387096774194,0.9919354838709677,0.06105990783410142,0.08870967741935487,0.375,0.0,0.0625,3.1666666666666665,-0.16666666666666696,0.2666666666666666,0.9166666666666666,-0.08333333333333337,0.11666666666666659,1.15771484375,-0.66455078125,0.29329952116935487,0.03125,0.0,0.03125,1.96875,-0.125,0.0,1.307160799151623,0.003088393681099477,0.0,6.4375,0.03125,0.21875,1.8997028630135648,-0.16160544373821062,-0.2813648689958981,5.46875,0.15625,0.21875,0.375,-0.0625,0.0,2.806451612903226,-0.29032258064516103,0.580645161290323,0.9919354838709677,0.05645161290322587,0.08870967741935487,0.375,-0.03125,0.0625,3.1666666666666665,-0.14102564102564097,0.2666666666666666,0.9166666666666666,-0.08333333333333337,0.11666666666666659,0.9369959677419355,0.08820564516129037,0.07258064516129037,0.0,0.0,0.0
GaCo04_01,control,6,0.0901349305618995,0.12613944848620318,0.12315505892260624,1.2287499999999738,-0.046249999999999014,0.0374999999999992,0.16599806367200784,0.10671665246844789,0.15353382912442587,0.19142857142856734,0.1499999999999968,0.17714285714285335,0.04508972382156121,-0.44667899023980684,0.29612922934476243,-0.08062077278586137,0.5015243653685623,-0.13583653582328464,0.3248479787705383,0.0470785246690536,0.06248179946257071,0.06999692485608888,0.05208282208891903,0.06050098087667093,0.08719365692975058,0.0705307794381753,0.07504682974103606,-0.1940576905910914,-0.49251579106752214,0.024335222249635496,-0.4088417708035802,-0.32626336237643366,-0.02309719432758489,1.030328292109636,0.034749756193871884,0.04606856404099369,0.08780244759549437,0.0730102719846624,0.07640465114619038,0.09004780414942899,0.07091236753617976,0.07556166244882674,-0.25802362934099965,-0.009742396330405884,0.004283720796818435,-0.34138105319122825,0.05408568487214521,0.1253333386779904,1.351223595651485,0.06994324177004785,0.0983114871023103,0.131262333749254,0.10334331432837845,0.10971109470194138,0.14632660396718847,0.1282535669148347,0.11806274290432181,-0.20438391623630234,-0.200522661058011,0.15739115203874723,-0.48414003370421255,-0.16139263078745325,-0.48559783893916486,0.6998279939292295,0.06039604924439956,0.05923142370125556,0.6694235677759416,0.1898496092623192,0.1602793952907584,0.5,0.16666666666666669,0.33333333333333337,2.0625,0.03125,0.09375,1.4797013648139472,0.07729847300013537,0.17254056566232423,8.53125,0.0625,2.3125,1.950754609987401,0.10187744419364586,-0.230313122022062,7.46875,0.03125,2.21875,0.375,0.0,0.0,2.6129032258064515,-0.16129032258064546,0.3870967741935485,0.8951612903225806,-0.09677419354838712,-0.008064516129032251,0.375,0.0,0.0625,3.1666666666666665,0.0,0.2666666666666666,1.0,0.08333333333333337,0.19999999999999996,1.3525390625,0.19482421875,0.48812373991935487,0.03125,0.0,0.03125,1.96875,0.0,0.0,1.307160799151623,0.0,0.0,6.46875,0.03125,0.25,2.0317539697385576,0.13205110672499276,-0.14931376227090531,5.5,0.03125,0.25,0.375,0.0,0.0,2.6774193548387095,-0.12903225806451646,0.4516129032258065,0.8951612903225806,-0.09677419354838712,-0.008064516129032251,0.375,0.0,0.0625,3.1666666666666665,0.0,0.2666666666666666,1.0,0.08333333333333337,0.19999999999999996,0.8800403225806451,-0.05695564516129037,0.015625,0.0,0.0,0.0
GaCo04_01,control,7,0.1067266775517309,0.027765120932504182,0.04922345346238237,1.2374999999999736,0.008749999999999813,0.046249999999999014,0.022519832529191586,-0.14347823114281624,0.010055597981609602,0.027142857142856563,-0.1642857142857108,0.012857142857142581,-0.008130350006092961,-0.053220073827654174,0.24290915551710823,-0.7249107235201478,-0.6442899507342865,-0.7801264865575711,0.27085987552356605,-0.05398810324697223,0.008493696215598479,0.014216745740506175,-0.05578017911558271,0.004720801761088226,0.01726339130063723,-0.06993026562911335,0.005116564111922715,-0.08070662797331883,0.11335106261777257,0.13768628486740808,-0.7794176618067746,-0.37057589100319444,-0.3936730853307793,0.9860285355674003,-0.04429975654223561,0.0017688074987580737,0.02064017825743638,-0.067162269338058,0.009242381808132395,0.023878112796876,-0.06616969135255299,0.009391971096273748,-0.5351176083309604,-0.2770939789899608,-0.27281025819314236,-0.38627050080530756,-0.044889447614079314,0.08044389106391109,1.264872525381758,-0.08635107026972699,0.01196041683258331,0.024741466725242998,-0.106520867024011,0.003190227677930372,0.029854016421488976,-0.11647258754569949,0.0015901553586223256,-0.4462531610825095,-0.24186924484620717,-0.08447809280745994,-0.5016372562360177,-0.01749722253180519,-0.50309506147097,0.6530493056757484,-0.04677868825348108,0.012452735447774477,0.5471804688852169,-0.12224309889072471,0.0380362964000337,0.3333333333333333,-0.16666666666666669,0.16666666666666666,2.03125,-0.03125,0.0625,1.4024028918138118,-0.07729847300013537,0.09524209266218886,9.28125,0.75,3.0625,1.8532338779688906,-0.0975207320185103,-0.3278338540405723,8.25,0.78125,3.0,0.375,0.0,0.0,2.225806451612903,-0.3870967741935485,0.0,0.9005376344086022,0.005376344086021612,-0.0026881720430106393,0.375,0.0,0.0625,2.6666666666666665,-0.5,-0.2333333333333334,0.9166666666666666,-0.08333333333333337,0.11666666666666659,1.0771484375,-0.275390625,0.21273311491935487,0.03125,0.0,0.03125,1.96875,0.0,0.0,1.307160799151623,0.0,0.0,6.25,-0.21875,0.03125,1.9007638532459659,-0.13099011649259173,-0.28030387876349705,5.28125,-0.21875,0.03125,0.375,0.0,0.0,2.2580645161290325,-0.41935483870967705,0.03225806451612945,0.9005376344086022,0.005376344086021612,-0.0026881720430106393,0.375,0.0,0.0625,2.6666666666666665,-0.5,-0.2333333333333334,0.9166666666666666,-0.08333333333333337,0.11666666666666659,0.8538306451612904,-0.02620967741935476,-0.01058467741935476,0.0,0.0,0.0
GaCo05_01,control,1,0.020935290831090286,0.020935290831090286,0.030665200587281286,1.0624999999999774,-0.016249999999999654,-0.016249999999999654,0.012817398889232843,-0.0044514831161047656,-0.0044514831161047656,0.012857142857142583,0.0,0.0,-0.4534226563187573,-0.9753048261561625,-0.9753048261561625,1.930474259388044e-17,0.48890120703870477,0.48890120703870477,0.3200422446829606,0.007319843627797806,0.007319843627797806,0.014848975635123675,0.0005472403820323529,0.0005472403820323529,0.009397144911163604,-0.005166818250930405,-0.005166818250930405,0.6719392831175663,0.7557907704338851,0.7557907704338851,0.14257051834114487,0.6375248691233448,0.6375248691233448,0.9905425141924437,0.010297380553028979,0.010297380553028979,0.012315810441159966,-0.0003374009671725624,-0.0003374009671725624,0.014762794283916787,-2.5253347922598104e-05,-2.5253347922598104e-05,-0.08066961635711022,0.09681863645621537,0.09681863645621537,-0.4715523044519997,-1.2841169398323826,-1.2841169398323826,1.3294547947497162,0.017857306287355934,0.017857306287355934,0.013032486246795004,-0.008885270802332826,-0.008885270802332826,0.0135032486469623,-0.003350801174591649,-0.003350801174591649,-0.2715480512239658,-0.8120004102421026,-0.8120004102421026,0.18263058831764056,-0.20845905674661686,-0.20845905674661686,0.634369056120937,0.10604822254721824,0.10604822254721824,0.4757767920907027,0.07953616691041371,0.07953616691041371,0.16666666666666666,-0.16666666666666666,-0.16666666666666666,2.09375,0.125,0.125,1.3995246888993098,0.09236388974768683,0.09236388974768683,7.46875,1.125,1.125,1.950754609987401,0.039676971079058765,0.039676971079058765,6.375,1.0,1.0,0.40625,0.03125,0.03125,2.6129032258064515,0.22580645161290303,0.22580645161290303,0.967741935483871,0.0,0.0,0.40625,0.03125,0.03125,2.8461538461538463,0.012820512820512775,0.012820512820512775,0.9230769230769231,0.0064102564102564985,0.0064102564102564985,1.09814453125,0.24733807963709675,0.24733807963709675,0.03125,0.03125,0.03125,2.03125,0.0625,0.0625,1.307160799151623,0.0,0.0,6.4375,0.09375,0.09375,1.9989916813072244,0.08791404239888223,0.08791404239888223,5.40625,0.03125,0.03125,0.40625,0.03125,0.03125,2.6451612903225805,0.25806451612903203,0.25806451612903203,0.967741935483871,0.0,0.0,0.40625,0.03125,0.03125,2.8461538461538463,0.012820512820512775,0.012820512820512775,0.9230769230769231,0.0064102564102564985,0.0064102564102564985,0.8755040322580645,0.024697580645161255,0.024697580645161255,0.0,0.0,0.0
GaCo05_01,control,2,0.12054259930570535,0.12917847206238725,0.17509716339382253,1.1899999999999746,0.12749999999999728,0.11124999999999763,0.26120599424318064,0.2483885953539478,0.24393711223784303,0.24142857142856627,0.22857142857142368,0.22857142857142368,0.08232250145308678,0.5357451577718441,-0.43955966838431854,-0.3657481223107617,-0.3657481223107617,0.12315308472794306,0.4129846834379104,0.09294243875494979,0.10026228238274759,0.14574366682045323,0.13089469118532956,0.1314419315673619,0.1547614410148103,0.14536429610364668,0.14019747785271627,-0.12758958960186742,-0.7995288727194337,-0.04373810228554871,-0.048831190322981166,-0.19140170866412604,0.4461231604592188,0.9784697266055143,-0.012072787586929312,-0.0017754070339003336,0.21162599937622997,0.19931018893507002,0.19897278796789744,0.2100987394787934,0.19533594519487663,0.19531069184695402,-0.21563140479790016,-0.13496178844078993,-0.038143151984574575,-0.20452245947214198,0.2670298449798577,-1.0170870948525248,1.4893090031950476,0.15985420844533138,0.17771151473268731,0.2066668787999797,0.19363439255318468,0.18474912175085187,0.16359423580175822,0.1500909871547959,0.14674018598020427,0.2523354691996638,0.5238835204236296,-0.2881168898184729,-0.26677804796326565,-0.4494086362809062,-0.6578676930275231,0.7786796050870926,0.14431054896615558,0.2503587715133738,0.7298430371486527,0.25406624505795,0.3336024119683637,0.5,0.33333333333333337,0.16666666666666669,1.9375,-0.15625,-0.03125,1.50134348437142,0.10181879547211015,0.19418268521979698,7.625,0.15625,1.28125,1.87943024997368,-0.071324360013721,-0.031647388934662235,6.6875,0.3125,1.3125,0.3125,-0.09375,-0.0625,2.064516129032258,-0.5483870967741935,-0.3225806451612905,0.8575268817204302,-0.11021505376344076,-0.11021505376344076,0.28125,-0.125,-0.09375,3.111111111111111,0.2649572649572649,0.2777777777777777,0.7777777777777778,-0.14529914529914534,-0.13888888888888884,1.4462890625,0.34814453125,0.5954826108870968,0.03125,0.0,0.03125,1.84375,-0.1875,-0.125,1.322494588073566,0.015333788921942926,0.015333788921942926,6.5625,0.125,0.21875,1.9664525124881524,-0.03253916881907193,0.0553748735798103,5.71875,0.3125,0.34375,0.3125,-0.09375,-0.0625,2.129032258064516,-0.5161290322580645,-0.2580645161290325,0.8629032258064516,-0.10483870967741937,-0.10483870967741937,0.28125,-0.125,-0.09375,3.111111111111111,0.2649572649572649,0.2777777777777777,0.7777777777777778,-0.14529914529914534,-0.13888888888888884,0.9768145161290323,0.10131048387096775,0.126008064516129,0.0,0.0,0.0
GaCo05_01,control,3,0.11870826735514904,0.030378375437228832,0.031468540325855034,1.0549999999999775,-0.13499999999999712,-0.023749999999999494,0.014142135623730649,-0.24706385861945,-0.0031267463816069593,0.011428571428571186,-0.2299999999999951,-0.0014285714285713971,0.484122918275927,0.40180041682284023,-0.0377592515614783,0.4961389383568338,0.8618870606675955,0.9850401453955386,0.3294027296837648,-0.08358195375414562,0.01668032862860197,0.013900454398900136,-0.13184321242155309,-0.0004012808541911852,0.015316978493037123,-0.13944446252177317,0.0007530153309431142,-0.14738780903394808,-0.019798219432080655,-0.06353632171762937,0.311801655438498,0.3606328457614792,0.806756006220698,0.9974848706157118,0.019015144010197438,0.017239736976297104,0.014098764932442895,-0.1975272344437871,0.0014455535241103667,0.016278576291927416,-0.19382016318686598,0.0014905286600880308,-0.00151310641350165,0.2141182983843985,0.17597514639982392,-0.04600494182566512,0.15851751764647687,-0.858569577206048,1.3316936127705834,-0.15761539042446415,0.020096124308223162,0.01392820089688579,-0.1927386779030939,-0.00798955615224204,0.01088630995173055,-0.15270792585002768,-0.005967739869823399,0.6062472388186477,0.3539117696189839,0.06579487980051102,0.0355902167287435,0.30236826469200917,-0.3554994283355139,0.6394319446848299,-0.13924766040226266,0.11111111111111116,0.4795739585136224,-0.25026907863503034,0.08333333333333337,0.3333333333333333,-0.16666666666666669,0.0,2.09375,0.15625,0.125,1.3995246888993098,-0.10181879547211015,0.09236388974768683,8.59375,0.96875,2.25,1.864081110653926,-0.015349139319754013,-0.04699652825441625,7.5,0.8125,2.125,0.40625,0.09375,0.03125,2.774193548387097,0.709677419354839,0.3870967741935485,0.9032258064516129,0.045698924731182644,-0.06451612903225812,0.375,0.09375,0.0,3.25,0.13888888888888884,0.4166666666666665,0.9166666666666666,0.13888888888888884,0.0,1.1328125,-0.3134765625,0.28200604838709675,0.03125,0.0,0.03125,2.03125,0.1875,0.0625,1.307160799151623,-0.015333788921942926,0.0,6.5625,0.0,0.21875,1.9166082272530798,-0.04984428523507267,0.00553058834473763,5.53125,-0.1875,0.15625,0.40625,0.09375,0.03125,2.806451612903226,0.67741935483871,0.4193548387096775,0.9032258064516129,0.040322580645161255,-0.06451612903225812,0.375,0.09375,0.0,3.25,0.13888888888888884,0.4166666666666665,0.9166666666666666,0.13888888888888884,0.0,0.9112903225806451,-0.06552419354838712,0.06048387096774188,0.0,0.0,0.0
GaCo05_01,control,4,0.01619888679078167,0.026917761915126997,0.03156224180611959,1.0524999999999776,-0.0024999999999999467,-0.02624999999999944,0.007071067811865324,-0.007071067811865324,-0.010197814193472283,0.008571428571428388,-0.0028571428571427977,-0.004285714285714195,-0.4,-0.884122918275927,-0.9218821698374053,-0.41176470588235287,-0.9079036442391867,0.0771365011563519,0.3349130036630037,0.005510273979238922,0.022190602607840892,0.01380098261429296,-9.947178460717639e-05,-0.0005007526387983616,0.011705814401232195,-0.0036111640918049283,-0.002858148760861814,0.34660402028831044,0.4939918293222585,0.43045550760462914,0.142227720437529,-0.16957393500096904,0.6371820712197289,0.9928791727140784,-0.004605697901633343,0.012634039074663761,0.015815810944050778,0.001717046011607883,0.0031625995357182496,0.016223848029777926,-5.472826214949003e-05,0.0014358003979385407,0.0507086219649355,0.05222172837843715,0.2281968747782611,-0.3838384532411574,-0.3378335114154923,-1.1964030886215402,1.3420109371760316,0.010317324405448192,0.030413448713671354,0.02079121909847593,0.006863018201590139,-0.0011265379506519013,0.014392346198276102,0.003506036246545552,-0.002461703623277847,0.5365178811394091,-0.0697293576792386,-0.0039344778787275825,0.5716283795967709,0.5360381628680274,0.1805387345325135,0.6394319446848299,0.0,0.11111111111111116,0.5248709954469221,0.04529703693329967,0.12863037026663304,0.3333333333333333,0.0,0.0,2.21875,0.125,0.25,1.5602806819452752,0.16075599304596544,0.2531198827936523,7.25,-1.34375,0.90625,1.7038855027411945,-0.16019560791273135,-0.2071921361671476,6.03125,-1.46875,0.65625,0.4375,0.03125,0.0625,2.4838709677419355,-0.2903225806451615,0.09677419354838701,0.9308755760368663,0.027649769585253448,-0.03686635944700467,0.375,0.0,0.0,2.9166666666666665,-0.3333333333333335,0.08333333333333304,1.0,0.08333333333333337,0.08333333333333337,1.82470703125,0.69189453125,0.9739005796370968,0.03125,0.0,0.03125,2.09375,0.0625,0.125,1.3040724054705235,-0.003088393681099477,-0.003088393681099477,6.15625,-0.40625,-0.1875,1.7980163801327858,-0.11859184712029402,-0.1130612587755564,5.0625,-0.46875,-0.3125,0.4375,0.03125,0.0625,2.5161290322580645,-0.2903225806451615,0.12903225806451601,0.9354838709677419,0.032258064516129004,-0.032258064516129115,0.40625,0.03125,0.03125,2.8461538461538463,-0.40384615384615374,0.012820512820512775,1.0,0.08333333333333337,0.08333333333333337,0.8513104838709677,-0.05997983870967738,0.0005040322580645018,0.0,0.0,0.0
GaCo05_01,control,5,0.0706370844939668,0.08414212392489728,0.1142432580477025,1.032499999999978,-0.019999999999999574,-0.046249999999999014,0.03732100136460815,0.030249933552742823,0.02005211935927054,0.03714285714285635,0.028571428571427963,0.024285714285713772,-0.28268013823617283,0.1173198617638272,-0.8045623080735782,-0.7512908702139853,-0.33952616433163246,-0.26238966317528056,0.39488487586149446,0.05997187219849076,0.08216247480633165,0.12410575225763079,0.11030476964333782,0.10980401700453947,0.09848183484269045,0.08677602044145825,0.08391787168059645,0.2908891963880121,-0.05571482390029836,0.3747406837043308,-0.06401560190759058,-0.20624332234511955,0.43093874887460937,1.0126664106166454,0.01978723790256698,0.03242127697723074,0.04387316311914862,0.028057352175097843,0.031219951710816093,0.031215592175388242,0.014991744145610317,0.016427544543548857,0.24131944679888043,0.19061082483394493,0.418807699612206,0.7269259924734506,1.110764445714608,-0.08563864290693224,1.4311095963470917,0.08909865917106008,0.11951210788473143,0.1943934284006009,0.17360220930212497,0.17247567135147307,0.08287018756441238,0.06847784136613627,0.06601613774285843,0.9504379003063681,0.413920019166959,0.4099855412882314,0.8861711935823565,0.3145428139855856,0.4950815485180991,0.8177477855357997,0.17831584085096985,0.289426951962081,0.6970800472764999,0.1722090518295778,0.30083942209621084,0.0,-0.3333333333333333,-0.3333333333333333,2.03125,-0.1875,0.0625,1.4024028918138118,-0.1578777901314634,0.09524209266218886,8.40625,1.15625,2.0625,1.829143550690393,0.12525804794919848,-0.08193408821794912,7.375,1.34375,2.0,0.375,-0.0625,0.0,2.4193548387096775,-0.06451612903225801,0.032258064516129004,0.9209677419354839,-0.009907834101382407,-0.04677419354838708,0.34375,-0.03125,-0.03125,3.1818181818181817,0.26515151515151514,0.3484848484848482,0.9090909090909091,-0.09090909090909094,-0.007575757575757569,1.20166015625,-0.623046875,0.35085370463709675,0.03125,0.0,0.03125,1.96875,-0.125,0.0,1.307160799151623,0.003088393681099477,0.0,6.375,0.21875,0.03125,1.87943024997368,0.08141386984089416,-0.031647388934662235,5.40625,0.34375,0.03125,0.375,-0.0625,0.0,2.4516129032258065,-0.06451612903225801,0.06451612903225801,0.9274193548387096,-0.008064516129032251,-0.040322580645161366,0.34375,-0.0625,-0.03125,3.1818181818181817,0.3356643356643354,0.3484848484848482,0.9090909090909091,-0.09090909090909094,-0.007575757575757569,0.9823588709677419,0.13104838709677413,0.13155241935483863,0.0,0.0,0.0
GaCo05_01,control,6,0.0754602027821058,0.032423689659770154,0.029743042469519174,1.033749999999978,0.0012499999999999734,-0.04499999999999904,0.01685018016012171,-0.02047082120448644,-0.00041870184521589776,0.02285714285714237,-0.014285714285713982,0.009999999999999789,-0.5791951339968097,-0.29651499576063683,-1.101077303834215,-0.16151457061744962,0.5897762995965357,0.32738663642125515,0.3240032549078017,-0.07088162095369277,0.011280853852638884,0.010681918127272599,-0.1134238341303582,-0.0036198171258187226,0.010119288437356029,-0.08836254640533442,-0.004444674724737981,0.07497198525266575,-0.21591721113534634,0.15882347256898446,-0.2690803704737672,-0.20506476856617661,0.22587398030843275,1.0011909207297558,-0.011475489886889623,0.020945787090341117,0.017421787830995066,-0.026451375288153556,0.004768576422662537,0.011095730596973377,-0.020119861578414867,-0.003692317034866008,0.239411891714854,-0.00190755508402643,0.4169001445281796,-0.030331529387259113,-0.7572575218607097,-0.842896164767642,1.3349985950798215,-0.09611100126727012,0.02340110661746131,0.014953759989543094,-0.1794396684110578,-0.006963997059584736,0.01755199525073608,-0.0653181923136763,0.0006979454291821292,0.1961034834925621,-0.754334416813806,-0.3443488755255746,0.20013221187926983,-0.6860389817030867,-0.1909574331849876,0.6184628474025112,-0.19928493813328851,0.0901420138287925,0.46384713555188345,-0.2332329117246164,0.06760651037159443,0.16666666666666666,0.16666666666666666,-0.16666666666666666,2.25,0.21875,0.28125,1.4591203713417602,0.05671747952794837,0.15195957219013723,8.3125,-0.09375,1.96875,1.9081742667424442,0.07903071605205114,-0.002903372165897977,7.0625,-0.3125,1.6875,0.46875,0.09375,0.09375,3.064516129032258,0.6451612903225805,0.6774193548387095,0.9946236559139786,0.07365591397849469,0.026881720430107614,0.40625,0.0625,0.03125,3.3076923076923075,0.12587412587412583,0.474358974358974,1.0,0.09090909090909094,0.08333333333333337,1.30029296875,0.0986328125,0.44948651713709675,0.03125,0.0,0.03125,2.15625,0.1875,0.1875,1.2978735710582958,-0.00928722809332716,-0.00928722809332716,6.25,-0.125,-0.09375,1.9838054014866837,0.1043751515130038,0.07272776257834157,5.09375,-0.3125,-0.28125,0.46875,0.09375,0.09375,3.129032258064516,0.6774193548387095,0.7419354838709675,1.0,0.07258064516129037,0.032258064516129004,0.4375,0.09375,0.0625,3.2142857142857144,0.032467532467532756,0.38095238095238093,1.0,0.09090909090909094,0.08333333333333337,0.8261088709677419,-0.15625,-0.024697580645161366,0.0,0.0,0.0
GaCo05_01,control,7,0.10113315765480918,0.11501317766254288,0.1108080496454009,1.0199999999999783,-0.013749999999999707,-0.05874999999999875,0.04985693819032794,0.033006758030206224,0.03258805618499033,0.04428571428571334,0.021428571428570967,0.03142857142857076,0.10058205153541719,0.6797771855322269,-0.4213001183019881,-0.5547935587662809,-0.3932789881488313,-0.06589235172757613,0.39177933750307903,0.06777608259527734,0.07905693644791623,0.07908306910970983,0.06840115098243724,0.06478133385661851,0.04783278660134076,0.03771349816398473,0.033268823439246746,0.6576175791962212,0.5826455939435554,0.74146906651254,0.20053086350795296,0.46961123398172017,0.6954852142901529,1.0358978573117459,0.03470693658199009,0.055652723672331206,0.059158074390181344,0.04173628655918628,0.04650486298184882,0.07597028985624066,0.06487455925926729,0.06118224222440127,-0.42806808544658376,-0.6674799771614377,-0.25057983263325817,0.16290725958418506,0.19323878897144417,-0.6496573757961978,1.4673117235513768,0.1323131284715553,0.1557142350890166,0.17724853219973663,0.16229477221019353,0.1553307751506088,0.1341091893263416,0.11655719407560552,0.11725513950478766,0.3659948937447757,0.16989141025221358,-0.17445746527336103,-0.3087172449464601,-0.5088494568257299,-0.6998068900107175,0.7670327236690883,0.14856987626657703,0.23871189009536953,0.7387467139431666,0.27489957839128315,0.3425060887628776,0.16666666666666666,0.0,-0.16666666666666666,1.90625,-0.34375,-0.0625,1.4223872482101938,-0.0367331231315664,0.11522644905857082,9.46875,1.15625,3.125,2.0158144915929466,0.1076402248505024,0.10473685268460442,8.5625,1.5,3.1875,0.3125,-0.15625,-0.0625,2.032258064516129,-1.032258064516129,-0.3548387096774195,0.832258064516129,-0.16236559139784956,-0.13548387096774195,0.28125,-0.125,-0.09375,3.2222222222222223,-0.08547008547008517,0.38888888888888884,1.0,0.0,0.08333333333333337,1.193359375,-0.10693359375,0.34255292338709675,0.03125,0.0,0.03125,1.84375,-0.3125,-0.125,1.322494588073566,0.024621017015270086,0.015333788921942926,6.4375,0.1875,0.09375,2.0625305471833664,0.07872514569668265,0.15145290827502422,5.59375,0.5,0.21875,0.3125,-0.15625,-0.0625,2.064516129032258,-1.064516129032258,-0.3225806451612905,0.832258064516129,-0.16774193548387095,-0.13548387096774195,0.28125,-0.15625,-0.09375,3.2222222222222223,0.007936507936507908,0.38888888888888884,1.0,0.0,0.08333333333333337,0.9737903225806451,0.14768145161290325,0.12298387096774188,0.0,0.0,0.0
GaCo06_01,control,1,0.07747006924524036,0.07747006924524036,0.08152351965663238,1.1612499999999752,0.034999999999999254,0.034999999999999254,0.064683294376743,0.03746066723365857,0.03746066723365857,0.058571428571427324,0.032857142857142155,0.032857142857142155,-0.03738431759011349,-0.37359121414183755,-0.37359121414183755,-0.6151686568633553,-0.2129529985421158,-0.2129529985421158,0.2691060678206779,0.060487884586463314,0.060487884586463314,0.04612212170823174,0.03197773484549079,0.03197773484549079,0.03209614115989847,0.0164972236494183,0.0164972236494183,0.5208391643409802,0.5240816617632815,0.5240816617632815,0.21212315848084587,0.62703684911633,0.62703684911633,0.9874180574761252,0.010830279340858007,0.010830279340858007,0.05148764851232765,0.026399718486867837,0.026399718486867837,0.0641308502481812,0.031106144905999916,0.031106144905999916,-0.5144502938382267,0.008270044745649408,0.008270044745649408,0.003445856535713653,0.20813749810597487,0.20813749810597487,1.2573084034941957,0.06103604301108967,0.06103604301108967,0.06888625083637223,0.0454397174124974,0.0454397174124974,0.05080321769426851,0.022185957959334295,0.022185957959334295,0.361762663327512,0.712367467920523,0.712367467920523,-0.23925466235869638,0.11667314863198983,0.11667314863198983,0.7454801672320482,0.22728511078611513,0.22728511078611513,0.6673430371486526,0.20349590159676917,0.20349590159676917,0.3333333333333333,0.0,0.0,2.03125,-0.125,-0.125,1.4915758066879383,-0.27019337375576846,-0.27019337375576846,7.375,0.375,0.375,1.6607421582319852,0.22389974201778595,0.22389974201778595,6.34375,0.5,0.5,0.34375,0.03125,0.03125,1.5483870967741935,0.19354838709677424,0.19354838709677424,0.7016129032258066,-0.09838709677419344,-0.09838709677419344,0.21875,-0.0625,-0.0625,3.2857142857142856,1.2857142857142856,1.2857142857142856,1.0,0.2222222222222222,0.2222222222222222,1.02783203125,0.09738848286290325,0.09738848286290325,0.03125,0.03125,0.03125,2.0,-0.15625,-0.15625,1.4368424162141993,-0.3249267642295075,-0.3249267642295075,6.375,-0.625,-0.625,1.6607421582319852,0.22389974201778595,0.22389974201778595,5.375,-0.46875,-0.46875,0.34375,0.03125,0.03125,1.5483870967741935,0.19354838709677424,0.19354838709677424,0.7016129032258066,-0.09838709677419344,-0.09838709677419344,0.21875,-0.0625,-0.0625,3.2857142857142856,1.2857142857142856,1.2857142857142856,1.0,0.2222222222222222,0.2222222222222222,0.8029233870967742,-0.1275201612903225,-0.1275201612903225,0.0,0.0,0.0
GaCo06_01,control,2,0.05361234482537365,0.040998241022085394,0.03605985014286235,1.1587499999999753,-0.0024999999999999467,0.03249999999999931,0.013562026818605086,-0.051121267558137916,-0.013660600324479343,0.009999999999999787,-0.04857142857142754,-0.01571428571428538,0.6440611887195306,0.6814455063096441,0.3078542921678065,0.03008284187980932,0.6452514987431647,0.4322985002010488,0.22228790637390194,-0.046818161446775974,0.01366972313968734,0.012201969436629408,-0.03392015227160233,-0.0019424174261115403,0.013122301259633123,-0.018973839900265348,-0.002476616250847049,0.029049172785910668,-0.49178999155506953,0.03229167020821196,0.40595481923662835,0.19383166075578248,0.8208685098721125,0.9859616663168222,-0.001456391159302961,0.009373888181555046,0.011199483585459262,-0.04028816492686839,-0.01388844644000055,0.011116236753418154,-0.053014613494763045,-0.02190846858876313,0.10514944179449728,0.619599735632724,0.6278697803783734,-0.6056846067632732,-0.6091304632989868,-0.400992965193012,1.2210522896503668,-0.036256113843828874,0.024779929167260795,0.01416271294668099,-0.05472353788969124,-0.009283820477193843,0.015691480639515136,-0.03511173705475337,-0.012925779095419077,0.09148788110195635,-0.2702747822255557,0.4420926856949674,0.38062500981603836,0.6198796721747347,0.7365528208067246,0.5258095909711626,-0.2196705762608856,0.007614534525229533,0.44153766211358875,-0.22580537503506387,-0.022309473438294702,0.5,0.16666666666666669,0.16666666666666669,2.28125,0.25,0.125,1.8532338779688906,0.3616580712809523,0.09146469752518382,7.875,0.5,0.875,1.75517667523538,0.09443451700339467,0.3183342590211806,6.59375,0.25,0.75,0.34375,0.0,0.03125,1.6129032258064515,0.06451612903225801,0.25806451612903225,0.8725806451612904,0.1709677419354838,0.07258064516129037,0.28125,0.0625,0.0,2.2222222222222223,-1.0634920634920633,0.22222222222222232,0.7777777777777778,-0.2222222222222222,0.0,1.3564453125,0.32861328125,0.42600176411290325,0.03125,0.0,0.03125,2.1875,0.1875,0.03125,1.7308864035330234,0.2940439873188241,-0.030882776910683418,6.8125,0.4375,-0.1875,1.8567661794532155,0.1960240212212303,0.41992376323901626,5.625,0.25,-0.21875,0.34375,0.0,0.03125,1.5483870967741935,0.0,0.19354838709677424,0.8672043010752689,0.1655913978494623,0.06720430107526887,0.28125,0.0625,0.0,2.2222222222222223,-1.0634920634920633,0.22222222222222232,0.7777777777777778,-0.2222222222222222,0.0,0.8840725806451613,0.08114919354838701,-0.0463709677419355,0.0,0.0,0.0
GaCo06_01,control,3,0.07208213229148903,0.10039209361307548,0.10393274592584147,1.1924999999999746,0.03374999999999928,0.06624999999999859,0.07245688373094565,0.05889485691234057,0.04523425658786122,0.08428571428571249,0.0742857142857127,0.05857142857142733,-0.01564300856776186,-0.6597041972872925,-0.3518499051194859,-0.5202235260162583,-0.5503063678960677,-0.11800786769501881,0.2630768240728487,0.04078891769894677,0.05445864083863411,0.05897519462432867,0.04677322518769926,0.04483080776158772,0.04542689247541376,0.03230459121578064,0.029827974964933588,0.49282107719361934,0.46377190440770866,0.49606357461592065,-0.29542714662422126,-0.7013819658608496,0.1194865440112628,1.0089411009250497,0.02297943460822749,0.032353322789782535,0.048591009265058216,0.037391525679598955,0.023503079239598403,0.06489456012579332,0.05377832337237517,0.03186985478361204,-0.5264522764468563,-0.6316017182413536,-0.003731937862980206,0.2674655466532166,0.8731501534164898,0.4721571882234778,1.2921274460976873,0.07107515644732043,0.09585508561458123,0.10070479520720411,0.08654208226052312,0.07725826178332929,0.07205978184741497,0.05636830120789984,0.04344252211248076,0.4714082856855212,0.3799204045835648,0.8220130902785322,-0.4743879516692132,-0.8550129614852515,-0.118460140678527,0.7505430557959409,0.2247334648247783,0.23234799935000783,0.7217105470327528,0.2801728849191641,0.2578634114808694,0.16666666666666666,-0.33333333333333337,-0.16666666666666666,2.125,-0.15625,-0.03125,1.6214290789499601,-0.23180479901893047,-0.14034010149374665,8.625,0.75,1.625,1.862187406112465,0.10701073087708513,0.42534498989826575,7.5,0.90625,1.65625,0.34375,0.0,0.03125,1.6451612903225807,0.032258064516129226,0.2903225806451615,0.8360215053763441,-0.03655913978494629,0.036021505376344076,0.25,-0.03125,-0.03125,2.75,0.5277777777777777,0.75,0.875,0.09722222222222221,0.09722222222222221,1.08642578125,-0.27001953125,0.15598223286290325,0.03125,0.0,0.03125,2.09375,-0.09375,-0.0625,1.5731491941633426,-0.15773720936968072,-0.18861998628036414,6.625,-0.1875,-0.375,1.862187406112465,0.0054212266592494895,0.42534498989826575,5.53125,-0.09375,-0.3125,0.34375,0.0,0.03125,1.6451612903225807,0.09677419354838723,0.2903225806451615,0.8360215053763441,-0.031182795698924792,0.036021505376344076,0.25,-0.03125,-0.03125,2.75,0.5277777777777777,0.75,0.875,0.09722222222222221,0.09722222222222221,0.8634072580645161,-0.02066532258064513,-0.06703629032258063,0.0,0.0,0.0
GaCo06_01,control,4,0.06822002509800348,0.05285776509632508,0.04053802807149069,1.1387499999999757,-0.053749999999998854,0.012499999999999734,0.02031009601158947,-0.052146787719356186,-0.00691253113149496,0.018571428571428177,-0.06571428571428431,-0.007142857142856989,0.12323044661076077,0.13887345517852262,-0.21297644994096326,0.4073091397134585,0.9275326657297168,0.809524798034698,0.24156662618007166,-0.021510197892777055,0.032948442945857054,0.009418397324021605,-0.049556797300307064,-0.004725989538719343,0.011602967623187592,-0.03382392485222617,-0.00399594988729258,-0.5714247143614268,-1.064245791555046,-0.5681822169391255,-0.5305656865382327,-0.2351385399140114,-0.1156519959027486,0.987791256222251,-0.021149844702798792,0.011203478086983742,0.024452893572211164,-0.024138115692847052,-0.000635036453248649,0.03655965374398191,-0.028334906381811416,0.0035349484018006236,-0.5600742646896211,-0.033621988242764744,-0.03735392610574495,0.0387686138288288,-0.2286969328243878,0.24346025539909,1.2249715799783134,-0.06715586611937385,0.028699219495207373,0.02376226198780431,-0.07694253321939981,0.00031572856392947726,0.03288324232321257,-0.03917653952420241,0.004265982588278355,-0.5254044747856305,-0.9968127604711516,-0.17479967019261944,0.267753576009067,0.7421415276782802,0.6236813869997533,0.6327596408276956,-0.11778341496824529,0.11456458438176254,0.5663708659573022,-0.1553396810754506,0.10252373040541879,0.16666666666666666,0.0,-0.16666666666666666,2.28125,0.15625,0.125,1.727096668755344,0.10566758980538382,-0.03467251168836283,7.03125,-1.59375,0.03125,1.9257905791748773,0.06360317306241225,0.488948162960678,5.75,-1.75,-0.09375,0.40625,0.0625,0.09375,1.7096774193548387,0.06451612903225801,0.3548387096774195,0.83678955453149,0.0007680491551458335,0.03678955453148991,0.25,0.0,-0.03125,2.75,0.0,0.75,1.0,0.125,0.2222222222222222,1.79736328125,0.7109375,0.8669197328629032,0.03125,0.0,0.03125,2.15625,0.0625,0.0,1.5050318826330342,-0.06811731153030842,-0.25673729781067256,5.9375,-0.6875,-1.0625,1.9989916813072244,0.13680427519475935,0.5621492650930251,4.78125,-0.75,-1.0625,0.40625,0.0625,0.09375,1.6129032258064515,-0.032258064516129226,0.25806451612903225,0.8306451612903226,-0.005376344086021501,0.030645161290322576,0.25,0.0,-0.03125,2.75,0.0,0.75,1.0,0.125,0.2222222222222222,0.8230846774193549,-0.040322580645161255,-0.10735887096774188,0.0,0.0,0.0
GaCo06_01,control,5,0.04407339197082767,0.08597586661641336,0.07675714123470204,1.171249999999975,0.03249999999999931,0.04499999999999904,0.08526220063511467,0.0649521046235252,0.05803957349203023,0.10571428571428346,0.08714285714285527,0.0799999999999983,-0.3737493896271557,-0.4969798362379165,-0.7099562861788797,0.18917652240357197,-0.21813261730988653,0.5913921807248115,0.264517385529176,0.022950759349104316,0.05589920229496137,0.05541939203511766,0.046000994711096053,0.04127500517237671,0.0488452317760784,0.03724226415289081,0.03324631426559822,0.31191465676544694,0.8833393711268738,0.31515715418774826,-0.5131861973439384,0.017379489194294218,-0.09827250670845439,0.9987771130646173,0.010985856842366304,0.022189334929350046,0.021310199316497542,-0.003142694255713622,-0.003777730708962271,0.02033941281826284,-0.016220240925719068,-0.012685292523918444,0.11849837530068753,0.6785726399903086,0.6412187138845636,-0.5630579602080461,-0.6018265740368749,-0.3583663186377849,1.2615031653403457,0.03653158536203227,0.06523080485723964,0.0672646471555709,0.04350238516776659,0.04381811373169607,0.06375662892617294,0.030873386602960372,0.03513936919123872,0.29815146769357626,0.8235559424792067,0.6487562722865873,-0.5488935179665341,-0.8166470939756011,-0.19296570697584786,0.7276438822994887,0.09488424147179308,0.20944882585355562,0.6960397819628554,0.1296689160055532,0.23219264641097198,0.16666666666666666,0.0,-0.16666666666666666,2.21875,-0.0625,0.0625,1.6604386322935585,-0.06665803646178547,-0.1013305481501483,8.6875,1.65625,1.6875,1.7494238682971437,-0.1763667108777336,0.3125814520829444,7.46875,1.71875,1.625,0.375,-0.03125,0.0625,2.032258064516129,0.32258064516129026,0.6774193548387097,0.8537634408602152,0.016973886328725207,0.05376344086021512,0.3125,0.0625,0.03125,2.9,0.1499999999999999,0.8999999999999999,1.0,0.0,0.2222222222222222,1.13916015625,-0.658203125,0.20871660786290325,0.03125,0.0,0.03125,2.1875,0.03125,0.03125,1.6151999776318522,0.11016809499881797,-0.1465692028118546,6.6875,0.75,-0.3125,1.7494238682971437,-0.24956781301008069,0.3125814520829444,5.5,0.71875,-0.34375,0.375,-0.03125,0.0625,2.032258064516129,0.4193548387096775,0.6774193548387097,0.8537634408602152,0.02311827956989254,0.05376344086021512,0.3125,0.0625,0.03125,2.9,0.1499999999999999,0.8999999999999999,1.0,0.0,0.2222222222222222,0.9178427419354839,0.094758064516129,-0.012600806451612878,0.0,0.0,0.0
GaCo06_01,control,6,0.051060354157028386,0.05663135776256512,0.03265014459565426,1.1524999999999754,-0.0187499999999996,0.02624999999999944,0.021213203435595972,-0.06404899719951869,-0.0060094237074884566,0.018571428571428177,-0.08714285714285527,-0.007142857142856989,0.2710575994548432,0.644806989081999,-0.06514929709688083,-0.8332051183416775,-1.0223816407452495,-0.43098946002043803,0.22993754688261328,-0.034579838646562694,0.021319363648398676,0.011411827928314829,-0.04400756410680283,-0.0027325589344261193,0.013695694162788295,-0.03514953761329011,-0.0019032233476918778,-0.2878984842629635,-0.5998131410284104,-0.2846559868406622,0.038304488771030494,0.551490686114969,0.45321817940651454,0.9999620212017885,0.0011849081371712034,0.02337424306652125,0.009237233403712283,-0.012072965912785259,-0.01585069662174753,0.013558807811239066,-0.006780605007023774,-0.019465897530942217,-0.26672703463909103,-0.38522540993977855,0.2559933039447851,0.0704796419261417,0.6335376021341879,0.2751712834964029,1.2343417886197137,-0.027161376720632013,0.03806942813660763,0.01200453048647634,-0.05526011666909456,-0.011442002937398494,0.015519713029528657,-0.048236915896644285,-0.013097546705405557,-0.2766819183072785,-0.5748333860008548,0.07392288628573251,-0.15490023737461636,0.39399328059191774,0.20102757361606985,0.4608124469348623,-0.26683143536462645,-0.057382609511070826,0.4757767920907027,-0.2202629898721527,0.011929656538819278,0.16666666666666666,0.0,-0.16666666666666666,2.625,0.40625,0.46875,1.791557260975724,0.1311186286821655,0.029788080532017203,8.46875,-0.21875,1.46875,1.6458035590065752,-0.10362030929056854,0.20896114279237588,6.84375,-0.625,1.0,0.5,0.125,0.1875,2.2580645161290325,0.22580645161290347,0.9032258064516132,0.943010752688172,0.08924731182795687,0.14301075268817198,0.375,0.0625,0.09375,2.75,-0.1499999999999999,0.75,0.9166666666666666,-0.08333333333333337,0.13888888888888884,1.2890625,0.14990234375,0.35861895161290325,0.03125,0.0,0.03125,2.5625,0.375,0.40625,1.7027018377822634,0.08750186015041117,-0.05906734266144342,6.4375,-0.25,-0.5625,1.6836500287633527,-0.06577383953379101,0.2468076125491534,4.875,-0.625,-0.96875,0.5,0.125,0.1875,2.2903225806451615,0.2580645161290325,0.9354838709677422,0.943010752688172,0.08924731182795687,0.14301075268817198,0.375,0.0625,0.09375,2.75,-0.1499999999999999,0.75,0.9166666666666666,-0.08333333333333337,0.13888888888888884,0.8145161290322581,-0.10332661290322576,-0.11592741935483863,0.0,0.0,0.0
GaCo06_01,control,7,0.08591843083715066,0.12043418527749619,0.08937137409380012,1.1537499999999754,0.0012499999999999734,0.027499999999999414,0.0630051018342379,0.04179189839864192,0.03578247469115346,0.054285714285713126,0.03571428571428495,0.02857142857142796,0.3488326397089524,0.0777750402541092,0.012625743157228364,-0.6158587916739122,0.21734632666776532,-0.2136431333526727,0.2855488928637394,0.05561134598112613,0.07693070962952481,0.05353381998277854,0.042121992054463715,0.03938943312003759,0.03602360069804881,0.022327906535260515,0.020424683187568637,0.51698851612074,0.8048870003837035,0.5202310135430414,0.08194238310779076,0.04363789433676026,0.4968560737432748,1.005138972612625,0.005176951410836517,0.028551194477357766,0.06297613287873509,0.053738899475022806,0.03788820285327528,0.04740293242301731,0.03384412461177824,0.014378227080836026,-0.5879211671486991,-0.3211941325096081,-0.06520082856482301,-0.7428507463511245,-0.8133303882772662,-0.5381591047808633,1.3029037969445656,0.06856200832485193,0.10663143646145956,0.07677686228692958,0.06477233180045323,0.05333032886305475,0.03621699610943426,0.020697283079905607,0.007599736374500048,0.823949578629029,1.1006314969363076,1.17455438322204,0.6415751024294466,0.7964753398040629,0.9975029134201328,0.7557423209981589,0.29492987406329657,0.23754726455222575,0.7090097038153195,0.23323291172461674,0.24516256826343602,0.6666666666666666,0.5,0.3333333333333333,2.09375,-0.53125,-0.0625,1.4888699980077986,-0.30268726296792536,-0.27289918243590816,9.0625,0.59375,2.0625,1.5437177579237185,-0.1020858010828567,0.10687534170951918,7.96875,1.125,2.125,0.375,-0.125,0.0625,1.7419354838709677,-0.5161290322580647,0.3870967741935485,0.9263440860215055,-0.016666666666666496,0.1263440860215055,0.21875,-0.15625,-0.0625,3.142857142857143,0.3928571428571428,1.1428571428571428,1.0,0.08333333333333337,0.2222222222222222,1.1455078125,-0.1435546875,0.21506426411290325,0.03125,0.0,0.03125,2.03125,-0.53125,-0.125,1.4024028918138118,-0.3002989459684515,-0.35936628862989495,6.03125,-0.40625,-0.96875,1.5960510744515868,-0.0875989543117659,0.1592086582373875,5.0,0.125,-0.84375,0.375,-0.125,0.0625,1.7741935483870968,-0.5161290322580647,0.4193548387096775,0.9263440860215055,-0.016666666666666496,0.1263440860215055,0.21875,-0.15625,-0.0625,3.142857142857143,0.3928571428571428,1.1428571428571428,1.0,0.08333333333333337,0.2222222222222222,0.9243951612903226,0.1098790322580645,-0.006048387096774133,0.0,0.0,0.0
GaCo07_01,control,1,0.05746748637522173,0.05746748637522173,0.05213230403419861,1.0437499999999778,0.01499999999999968,0.01499999999999968,0.0630051018342379,0.04573621982890029,0.04573621982890029,0.06142857142857012,0.041428571428570544,0.041428571428570544,0.10573134817748533,0.6637609699929669,0.6637609699929669,-0.3267082761020135,-0.3441770240804837,-0.3441770240804837,0.2566681759921203,0.0282194683353994,0.0282194683353994,0.020384369244915525,0.00044821636806163453,0.00044821636806163453,0.026036575337352257,0.0016899434807261145,0.0016899434807261145,-0.3383995358149562,-0.15207083675876146,-0.15207083675876146,-0.6591632190130218,0.07246452495491018,0.07246452495491018,1.0260425616665851,-0.002064197840802695,-0.002064197840802695,0.01960858855279344,0.0011690365153075172,0.0011690365153075172,0.018297286280479583,-0.003895160526473238,-0.003895160526473238,0.4062273759049417,0.639513071166399,0.639513071166399,-0.6551908137404258,0.10504623468571495,0.10504623468571495,1.2934254553309703,0.02242093085853547,0.02242093085853547,0.02076809449578991,0.010740806909570565,0.010740806909570565,0.027868218163143936,0.013792969790512906,0.013792969790512906,-0.2373095926257025,0.24404614149849047,0.24404614149849047,-0.7516808611094407,-1.0312947497972904,-1.0312947497972904,0.6947651053653366,0.07630225796282541,0.07630225796282541,0.5210738290240025,0.057226693472119006,0.057226693472119006,0.6666666666666666,0.5,0.5,1.9375,-0.15625,-0.15625,1.4577379737113252,-0.09477040245432877,-0.09477040245432877,7.625,1.21875,1.21875,1.7734602590198012,0.11059497050664713,0.11059497050664713,6.6875,1.375,1.375,0.3125,-0.0625,-0.0625,1.935483870967742,0.0,0.0,0.8037634408602151,-0.062365591397849474,-0.062365591397849474,0.25,-0.0625,-0.0625,3.375,0.6749999999999998,0.6749999999999998,1.0,0.0,0.0,1.12109375,0.25466229838709675,0.25466229838709675,0.03125,0.03125,0.03125,1.90625,-0.1875,-0.1875,1.3995246888993098,-0.15298368726634415,-0.15298368726634415,6.625,0.21875,0.21875,1.7734602590198012,0.11059497050664713,0.11059497050664713,5.71875,0.40625,0.40625,0.3125,-0.0625,-0.0625,1.935483870967742,0.0,0.0,0.8037634408602151,-0.062365591397849474,-0.062365591397849474,0.25,-0.0625,-0.0625,3.375,0.6749999999999998,0.6749999999999998,1.0,0.0,0.0,0.8991935483870968,0.032762096774193505,0.032762096774193505,0.0,0.0,0.0
GaCo07_01,control,2,0.04559352156974493,0.045466926388974864,0.05283697149840571,1.0387499999999779,-0.004999999999999893,0.009999999999999787,0.015526475085202638,-0.04747862674903526,-0.0017424069201349701,0.01571428571428538,-0.045714285714284736,-0.004285714285714195,0.1990832648452989,0.09335191666781356,0.7571128866607805,-0.06286946134619312,0.2638388147558204,-0.08033820932466332,0.23338136927791084,-0.023286806714209435,0.004932661621189965,0.014400972980315273,-0.005983396264600252,-0.005535179896538617,0.014215753286848534,-0.011820822050503723,-0.010130878569777608,0.16260433254989348,0.5010038683648497,0.34893303160608824,0.003966828500526699,0.6631300475135484,0.7355945724684586,0.9846867469967164,-0.04135581466986871,-0.0434200125106714,0.09960412875506293,0.07999554020226948,0.08116457671757701,0.09699210442148735,0.07869481814100777,0.07479965761453453,-0.19190103936951217,-0.5981284152744538,0.041384655891945205,-0.08324778511630981,0.571943028624116,0.6769892633098309,1.2658496304190285,-0.02757582491194177,-0.0051548940534063,0.028722958092842074,0.007954863597052164,0.018695670506622727,0.028619408015824126,0.0007511898526801897,0.014544159643193095,0.10797324243677084,0.34528283506247337,0.5893289765609638,-0.28082990814310643,0.4708509529663342,-0.5604437968309562,0.6828935363059847,-0.011871569059351939,0.06443068890347348,0.6133108391518498,0.09223701012784735,0.14946370359996636,0.16666666666666666,-0.5,0.0,2.15625,0.21875,0.0625,1.7059549402210235,0.24821696650969827,0.1534465640553695,7.40625,-0.21875,1.0,1.9320618269677103,0.15860156794790914,0.26919653845455627,6.25,-0.4375,0.9375,0.34375,0.03125,-0.03125,2.064516129032258,0.12903225806451601,0.12903225806451601,0.875268817204301,0.07150537634408594,0.009139784946236462,0.28125,0.03125,-0.03125,3.2222222222222223,-0.15277777777777768,0.5222222222222221,1.0,0.0,0.0,1.306640625,0.185546875,0.44020917338709675,0.03125,0.0,0.03125,2.09375,0.1875,0.0,1.5935226751223317,0.1939979862230219,0.04101429895667774,6.375,-0.25,-0.03125,1.963374317260318,0.18991405824051677,0.3005090287471639,5.28125,-0.4375,-0.03125,0.34375,0.03125,-0.03125,2.096774193548387,0.16129032258064502,0.16129032258064502,0.875268817204301,0.07150537634408594,0.009139784946236462,0.28125,0.03125,-0.03125,3.2222222222222223,-0.15277777777777768,0.5222222222222221,1.0,0.0,0.0,0.8326612903225806,-0.06653225806451613,-0.03377016129032262,0.0,0.0,0.0
GaCo07_01,control,3,0.17282885800420597,0.19756509693412916,0.1401183113150568,1.0612499999999774,0.02249999999999952,0.03249999999999931,0.08773946823245486,0.07221299314725223,0.07047058622711726,0.11285714285714045,0.09714285714285507,0.09285714285714088,-0.34527852233104256,-0.5443617871763414,0.212751099484439,0.08321247274277933,0.14608193408897246,0.06574372476430913,0.3689562599552366,0.13557489067732578,0.14050755229851575,0.14568626825853695,0.13128529527822166,0.12575011538168307,0.12685074029611848,0.11263498700926995,0.10250410843949234,0.1671249391652009,0.0045206066153074265,0.35345363822139564,-0.211351190796875,-0.2153180192974017,0.5202765531710569,0.8932884576326643,-0.09139828936405214,-0.13481830187472355,0.22105321068317266,0.12144908192810973,0.20261365864568673,0.18516463051522974,0.08817252609374239,0.16297218370827693,0.30032752771983784,0.49222856708935003,0.5336132229812952,-0.4126701270001332,-0.3294223418838234,0.3475669214260075,1.4176717590602204,0.15182212864119182,0.14666723458778552,0.18125305338674969,0.1525300952939076,0.17122576580053034,0.1272793360618423,0.09865992804601817,0.11320408768921127,0.4757725665604735,0.36779932412370264,0.9571283006846665,-0.37649421297429836,-0.09566430483119193,-0.6561081016621482,0.7786796050870927,0.09578606878110796,0.16021675768458143,0.7130759488732693,0.0997651097214195,0.24922881332138586,0.6666666666666666,0.5,0.5,2.0625,-0.09375,-0.03125,1.4797013648139472,-0.22625357540707625,-0.07280701135170675,8.46875,1.0625,2.0625,1.7957723650554305,-0.13628946191227986,0.1329070765422764,7.40625,1.15625,2.09375,0.375,0.03125,0.0,2.161290322580645,0.09677419354838701,0.22580645161290303,0.967741935483871,0.09247311827956994,0.1016129032258064,0.3125,0.03125,0.0,3.0,-0.22222222222222232,0.2999999999999998,1.0,0.0,0.0,1.23486328125,-0.07177734375,0.36843182963709675,0.03125,0.0,0.03125,2.0,-0.09375,-0.09375,1.3912166872805047,-0.20230598784182696,-0.16129168888514922,6.4375,0.0625,0.03125,1.8480591388386793,-0.11531517842163863,0.18519385032552527,5.4375,0.15625,0.125,0.375,0.03125,0.0,2.193548387096774,0.09677419354838701,0.25806451612903203,0.967741935483871,0.09247311827956994,0.1016129032258064,0.3125,0.03125,0.0,3.0,-0.22222222222222232,0.2999999999999998,1.0,0.0,0.0,1.016633064516129,0.18397177419354838,0.15020161290322576,0.0,0.0,0.0
GaCo07_01,control,4,0.1908925591190255,0.03849574043372536,0.04745465807089743,1.031249999999978,-0.02999999999999936,0.0024999999999999467,0.03181980515339396,-0.055919663079060905,0.014550923148056349,0.03714285714285635,-0.0757142857142841,0.01714285714285678,-0.6482299130725303,-0.30295139074148775,-0.09020029125704876,-0.024224794828666234,-0.10743726757144556,-0.041693542807136434,0.22322788279484235,-0.14572837716039427,-0.005220824861878526,0.0163037985720249,-0.12938246968651204,-0.0036323543048289893,0.01359840008429505,-0.11325234021182343,-0.010748231772331092,-0.13246987540796606,-0.29959481457316695,0.053858823648228665,-0.3569980567889379,-0.14564686599206292,0.37462968717899403,1.0181398253663718,0.12485136773370753,-0.009966934141016015,0.015232439192983234,-0.20582077149018943,-0.003207112844502688,0.0168171430943449,-0.16834748742088484,-0.005375303712607922,-0.11237248237224917,-0.412700010092087,0.1209132128892082,-0.5093283791961231,-0.09665825219598984,0.25090866923001764,1.2532972780519493,-0.164374481008271,-0.01770724642048549,0.021613685944018506,-0.1596393674427312,0.011586398357799161,0.022616980249218908,-0.1046623558126234,0.008541731876587877,-0.1194809177551128,-0.5952534843155863,0.36187481636908014,-0.31701467764484215,0.05947953532945621,-0.596628566332692,0.5553521140596872,-0.22332749102740546,-0.06311073334282402,0.5248709954469221,-0.18820495342634724,0.06102385989503861,0.3333333333333333,-0.3333333333333333,0.16666666666666666,2.375,0.3125,0.28125,1.8447834036687378,0.3650820388547906,0.2922750275030839,7.75,-0.71875,1.34375,1.481063262354709,-0.3147091027007214,-0.18180202615844498,6.375,-1.03125,1.0625,0.4375,0.0625,0.0625,1.7096774193548387,-0.4516129032258063,-0.22580645161290325,0.8561443932411674,-0.11159754224270357,-0.009984639016897168,0.3125,0.0,0.0,2.3,-0.7000000000000002,-0.40000000000000036,0.8,-0.19999999999999996,-0.19999999999999996,1.90478515625,0.669921875,1.0383537046370968,0.03125,0.0,0.03125,2.28125,0.28125,0.1875,1.670124102014288,0.27890741473378333,0.11761572584863411,6.6875,0.25,0.28125,1.554130811947682,-0.29392832689099735,-0.10873447656547208,5.40625,-0.03125,0.09375,0.4375,0.0625,0.0625,1.7741935483870968,-0.41935483870967727,-0.16129032258064524,0.860752688172043,-0.10698924731182802,-0.005376344086021612,0.34375,0.03125,0.03125,2.272727272727273,-0.7272727272727271,-0.42727272727272725,0.8181818181818182,-0.18181818181818177,-0.18181818181818177,0.9339717741935484,-0.08266129032258063,0.06754032258064513,0.0,0.0,0.0
GaCo07_01,control,5,0.07924300935708285,0.0843351514238156,0.14053329913690618,1.0724999999999771,0.04124999999999912,0.04374999999999907,0.1092506946692504,0.07743088951585644,0.0919818126639128,0.09428571428571228,0.05714285714285593,0.0742857142857127,0.18063583815028902,0.8288657512228194,0.7386654599657706,-0.39521824199110606,-0.3709934471624398,-0.41268698996957626,0.2904365171577805,0.06720863436293817,0.06198780950105964,0.12188963543948317,0.10558583686745826,0.10195348256262927,0.11255626099666895,0.0989578609123739,0.08820962914004281,-0.15102012577182936,-0.01855025036386329,0.035308573284365374,-0.1886728240433267,0.16832523274561123,0.5429549199246053,0.9525275459172251,-0.06561227944914672,-0.07557921359016273,0.12160591339472897,0.10637347420174573,0.10316636135724305,0.08208868068982521,0.06527153759548031,0.059896233882872386,0.3979623767953207,0.5103348591675698,0.6312480720567781,-0.42507064924021176,0.0842577299559113,0.33516639918592894,1.3631740299683262,0.1098767519163768,0.09216950549589131,0.2523649661027161,0.23075128015869759,0.24233767851649674,0.2190135506463601,0.1963965703971412,0.20493830227372908,-0.14252369899451814,-0.02304278123940534,0.33883203512967486,-0.20672338641266932,0.11029129123217282,-0.48633727510051916,0.8543024306156519,0.2989503165559647,0.2358395832131407,0.7100499691289638,0.18517897368204173,0.24620283357708034,0.8333333333333334,0.5,0.6666666666666667,2.03125,-0.34375,-0.0625,1.942468914518574,0.09768551084983623,0.3899605383529201,8.9375,1.1875,2.53125,1.9989916813072244,0.5179284189525153,0.3361263927940703,7.90625,1.53125,2.59375,0.28125,-0.15625,-0.09375,1.4838709677419355,-0.22580645161290325,-0.4516129032258065,0.7030465949820789,-0.15309779825908854,-0.1630824372759857,0.21875,-0.09375,-0.09375,2.857142857142857,0.5571428571428574,0.15714285714285703,0.8571428571428571,0.05714285714285705,-0.1428571428571429,1.18505859375,-0.7197265625,0.31862714213709675,0.03125,0.0,0.03125,1.96875,-0.3125,-0.125,1.8748655865799915,0.2047414845657034,0.3223572104143375,6.90625,0.21875,0.5,2.053468741171324,0.49933792922364195,0.39060345265816987,5.9375,0.53125,0.625,0.28125,-0.15625,-0.09375,1.5161290322580645,-0.25806451612903225,-0.4193548387096775,0.7030465949820789,-0.1577060931899641,-0.1630824372759857,0.21875,-0.125,-0.09375,2.857142857142857,0.5844155844155843,0.15714285714285703,0.8571428571428571,0.03896103896103886,-0.1428571428571429,0.9652217741935484,0.03125,0.09879032258064513,0.0,0.0,0.0
GaCo07_01,control,6,0.07691976090855372,0.058102332215494094,0.042092226186854056,1.029999999999978,-0.042499999999999094,0.0012499999999999734,0.02267786838055315,-0.08657282628869725,0.00540898637521554,0.03142857142857076,-0.06285714285714153,0.011428571428571184,-0.6335879510819887,-0.8142237892322778,-0.07555832926650718,0.05057217374241732,0.4457904157335234,0.03310342576394712,0.23551676340967945,-0.05491975374810107,0.007068055752958574,0.019789162635031544,-0.10210047280445163,-0.0001469902418223465,0.013819775539609105,-0.09873648545705985,-0.010526856317017037,0.49360635320055896,0.6446264789723883,0.6799350522567537,0.012452183012064166,0.20112500705539085,0.7440799269799961,1.021855799907022,0.0693282539897968,-0.006250959600365924,0.012506165890546993,-0.10909974750418197,-0.005933386146938929,0.014254350401890317,-0.0678343302879349,-0.007938096405062505,-0.13461122760847186,-0.5325736044037925,0.09867446765298551,-0.2944112671280257,0.13065938211218608,0.465825781298115,1.2647539764991798,-0.0984200534691464,-0.006250547973255083,0.0240768435137538,-0.22828812258896228,0.014049555927534456,0.023757515858384575,-0.19525603478797554,0.009682267485753545,-0.09390124477929788,0.048622454215220254,0.38745448934489507,0.7215635120749417,0.928286898487611,0.4419496233870919,0.6242432789931516,-0.23005915162250035,0.005780431590640345,0.5433833024622973,-0.16666666666666652,0.07953616691041382,0.3333333333333333,-0.5,0.16666666666666666,2.15625,0.125,0.0625,1.6482517620095973,-0.29421715250897673,0.09574338584394337,8.1875,-0.75,1.78125,1.8740589036083013,-0.12493277769892308,0.21119361509514722,7.03125,-0.875,1.71875,0.40625,0.125,0.03125,1.4516129032258065,-0.032258064516129004,-0.4838709677419355,0.8005376344086023,0.09749103942652337,-0.06559139784946233,0.1875,-0.03125,-0.125,2.8333333333333335,-0.023809523809523725,0.1333333333333333,1.0,0.1428571428571429,0.0,1.39697265625,0.2119140625,0.5305412046370968,0.03125,0.0,0.03125,2.0625,0.09375,-0.03125,1.50134348437142,-0.3735221022085715,-0.051164891794234,6.125,-0.78125,-0.28125,1.9468750809040527,-0.10659366026727124,0.28400979239089863,5.0625,-0.875,-0.25,0.40625,0.125,0.03125,1.3870967741935485,-0.12903225806451601,-0.5483870967741935,0.7951612903225806,0.09211469534050176,-0.07096774193548394,0.1875,-0.03125,-0.125,2.8333333333333335,-0.023809523809523725,0.1333333333333333,1.0,0.1428571428571429,0.0,0.9259072580645161,-0.03931451612903225,0.05947580645161288,0.0,0.0,0.0
GaCo07_01,control,7,0.10088306875077567,0.11413405563630671,0.17217873120631264,1.1574999999999753,0.12749999999999728,0.12874999999999726,0.3390217017916543,0.31634383341110117,0.3217528197863167,0.2914285714285652,0.25999999999999446,0.27142857142856563,-0.06015600558961431,0.5734319454923744,0.49787361622586723,-0.2508785251682108,-0.30145069891062815,-0.268347273146681,0.26665825396643245,0.031141490556753,0.03820954630971157,0.04780274489068484,0.028013582255653296,0.02786659201383095,0.02924070973663544,0.015420934197026335,0.004894077880009298,0.6808602652213988,0.1872539120208398,0.8671889642775935,0.3035458941310952,0.291093711119031,1.035173638099027,0.9617026435065829,-0.060153156400439056,-0.06640411600080498,0.2278867768117975,0.21538061092125052,0.20944722477431157,0.21480020830193228,0.20054585790004195,0.19260776149497946,-0.30035492216296544,-0.1657436945544936,-0.06706922690150807,-0.17092123350874502,0.12349003361928065,0.5893158149173957,1.3420434742735923,0.07728949777441252,0.07103894980115744,0.12551832583516467,0.10144148232141087,0.11549103824894533,0.09071790165376911,0.06696038579538453,0.07664265328113808,0.4008688983784424,0.4947701431577403,0.8822246325026354,-0.08348050088233075,-0.8050440129572725,-0.3630943895701806,0.6981203125901445,0.07387703359699294,0.07965746518763328,0.6501400740819523,0.10675677161965502,0.18629293853006884,0.3333333333333333,0.0,0.16666666666666666,1.96875,-0.1875,-0.125,1.5551034609290626,-0.09314830108053473,0.0025950847634086394,9.75,1.5625,3.34375,1.796053020267749,-0.07800588334055236,0.13318773175459486,8.78125,1.75,3.46875,0.3125,-0.09375,-0.0625,1.8709677419354838,0.41935483870967727,-0.06451612903225823,0.8650537634408603,0.06451612903225801,-0.0010752688172043223,0.28125,0.09375,-0.03125,2.888888888888889,0.05555555555555536,0.18888888888888866,0.6666666666666666,-0.33333333333333337,-0.33333333333333337,1.183837890625,-0.213134765625,0.31740643901209675,0.03125,0.0,0.03125,1.90625,-0.15625,-0.1875,1.4670438786673983,-0.034299605704021685,-0.08546449749825569,6.71875,0.59375,0.3125,1.8532338779688906,-0.0936412029351621,0.19036858945573654,5.8125,0.75,0.5,0.3125,-0.09375,-0.0625,1.903225806451613,0.5161290322580645,-0.032258064516129004,0.8650537634408603,0.06989247311827962,-0.0010752688172043223,0.28125,0.09375,-0.03125,2.888888888888889,0.05555555555555536,0.18888888888888866,0.6666666666666666,-0.33333333333333337,-0.33333333333333337,0.9639616935483871,0.038054435483870996,0.09753024193548387,0.0,0.0,0.0
GaCo08_01,control,1,0.043822108243308726,0.043822108243308726,0.08540930672181542,1.1937499999999746,0.0187499999999996,0.0187499999999996,0.04340424600691148,0.01562964301373553,0.01562964301373553,0.04428571428571334,0.012857142857142581,0.012857142857142581,0.22847568349538194,0.06624164094219046,0.06624164094219046,0.31105172883177284,0.07750204558331597,0.07750204558331597,0.2742973828211764,0.010428134749099927,0.010428134749099927,0.03424186397129924,0.026060298981767586,0.026060298981767586,0.019290983861949423,0.009624466233602982,0.009624466233602982,0.8061305792525968,1.0712336023370352,1.0712336023370352,0.28787658793581966,0.8836514626020149,0.8836514626020149,1.0245345610307095,0.011761863277442108,0.011761863277442108,0.09323027026979054,0.07970340302256707,0.07970340302256707,0.04955447252179363,0.034889632226701224,0.034889632226701224,-0.3802535533452463,-0.3081846064585029,-0.3081846064585029,-0.43740127596251843,0.2749161005058425,0.2749161005058425,1.324096631438793,0.0536630030684242,0.0536630030684242,0.15702289436857947,0.1420833132142644,0.1420833132142644,0.07057612053164035,0.05121248684936387,0.05121248684936387,0.4880745494255549,0.6236354495672521,0.6236354495672521,-0.22018174899390971,0.05346410656664932,0.05346410656664932,0.6947651053653366,0.16644427179161791,0.16644427179161791,0.5497705738382053,0.15352994865791625,0.15352994865791625,0.16666666666666666,-0.16666666666666666,-0.16666666666666666,2.03125,0.0,0.0,1.4024028918138118,0.09524209266218886,0.09524209266218886,7.25,1.15625,1.15625,2.286002286003429,0.09571028897242462,0.09571028897242462,6.21875,1.15625,1.15625,0.375,-0.03125,-0.03125,2.2903225806451615,-0.06451612903225801,-0.06451612903225801,0.8403225806451613,-0.022580645161290325,-0.022580645161290325,0.28125,0.0,0.0,3.5555555555555554,-0.11111111111111116,-0.11111111111111116,1.0,0.0,0.0,1.05322265625,0.20443233366935487,0.20443233366935487,0.03125,0.03125,0.03125,1.96875,-0.0625,-0.0625,1.307160799151623,0.0,0.0,6.21875,0.125,0.125,2.3242671408285847,0.13397514379758046,0.13397514379758046,5.25,0.1875,0.1875,0.375,-0.03125,-0.03125,2.2580645161290325,-0.09677419354838701,-0.09677419354838701,0.8360215053763441,-0.026881720430107503,-0.026881720430107503,0.28125,0.0,0.0,3.5555555555555554,-0.11111111111111116,-0.11111111111111116,1.0,0.0,0.0,0.829133064516129,-0.019657258064516125,-0.019657258064516125,0.0,0.0,0.0
GaCo08_01,control,2,0.04029408624912135,0.033055195457069475,0.07444590345449381,1.2349999999999737,0.04124999999999912,0.05999999999999872,0.06324555320336624,0.019841307196454758,0.03547095021019028,0.03142857142857076,-0.012857142857142581,0.0,0.7609311781772993,0.5324554946819173,0.5986971356241078,-4.450899614395842e-18,-0.31105172883177284,-0.23354968324845687,0.30835962902628555,0.03406224620510917,0.0444903809542091,0.12103759108376964,0.08679572711247041,0.11285602609423799,0.05740531541708782,0.038114331555138395,0.04773879778874138,0.9303956816178569,0.12426510236526012,1.1954987047022954,0.2453367412061261,-0.04253984672969355,0.8411116158723213,1.0124557308396378,-0.012078830191071699,-0.0003169669136295905,0.03967957284278574,-0.0535506974270048,0.026152705595562264,0.023681661115660724,-0.025872811406132908,0.009016820820568316,-0.21461337098063593,0.16564018236461037,-0.1425444240938925,0.33435665317696617,0.7717579291394846,1.046674029645327,1.2848949498524709,-0.03920168158632209,0.014461321482102107,0.05750794609833918,-0.0995149482702403,0.042568364944024106,0.02755032121166637,-0.04302579931997398,0.008186687529389891,0.779664681564316,0.2915901321387611,0.9152255817060133,0.6847678985768864,0.9049496475707961,0.9584137541374453,0.7522888477275075,0.05752374236217084,0.22396801415378875,0.6095136727289302,0.05974309889072493,0.21327304754864118,0.3333333333333333,0.16666666666666666,0.0,2.21875,0.1875,0.1875,1.5602806819452752,0.1578777901314634,0.2531198827936523,7.125,-0.125,1.03125,1.8272136375966974,-0.4587886484067314,-0.3630783594343068,5.90625,-0.3125,0.84375,0.4375,0.0625,0.03125,2.5806451612903225,0.29032258064516103,0.22580645161290303,0.870967741935484,0.030645161290322687,0.008064516129032362,0.3125,0.03125,0.03125,3.6,0.04444444444444473,-0.06666666666666643,1.0,0.0,0.0,1.33154296875,0.2783203125,0.48275264616935487,0.03125,0.0,0.03125,2.0625,0.09375,0.03125,1.293594641599212,-0.013566157552411084,-0.013566157552411084,6.0,-0.21875,-0.09375,1.967477507351859,-0.35678963347672576,-0.2228144896791453,4.9375,-0.3125,-0.125,0.4375,0.0625,0.03125,2.7096774193548385,0.45161290322580605,0.35483870967741904,0.870967741935484,0.034946236559139865,0.008064516129032362,0.3125,0.03125,0.03125,3.6,0.04444444444444473,-0.06666666666666643,1.0,0.0,0.0,0.858366935483871,0.029233870967741993,0.009576612903225867,0.0,0.0,0.0
GaCo08_01,control,3,0.03049085656640062,0.027770918610139514,0.04626238587036715,1.216249999999974,-0.0187499999999996,0.04124999999999912,0.032043497223082106,-0.03120205598028413,0.004268894229906155,0.018571428571428177,-0.012857142857142581,-0.012857142857142581,0.8428066407592344,0.08187546258193512,0.6805725982060429,0.6491134836118732,0.6491134836118732,0.4155638003634163,0.27523669286929653,-0.033122936156989025,0.011367444797220072,0.015952953271106702,-0.10508463781266295,0.007771388281575047,0.018420622381183867,-0.038984693035903954,0.008754104752837426,-0.045079987424387624,-0.9754756690422446,0.22002303566005083,0.21868724955729205,-0.026649491648834067,0.8144621242234872,1.0156864861130401,0.0032307552734023304,0.00291378835977274,0.027085556069079798,-0.012594016773705943,0.013558688821856324,0.029186594059111264,0.0055049329434505405,0.014521753764018857,-0.14613160118596294,0.06848176979467299,-0.07406265429921953,-0.8446161841227711,-1.1789728372997372,-0.13229880765441016,1.2947080374505173,0.009813087598046444,0.02427440908014855,0.03514967455498393,-0.02235827154335525,0.02021009340066886,0.04196904133554253,0.014418720123876159,0.02260540765326605,-0.3725448738468575,-1.1522095554111735,-0.23698397370516028,0.14236096347287752,-0.5424069351040088,0.41600681903343656,0.6491129320625181,-0.1031759156649894,0.12079209848879935,0.5321317359801881,-0.07738193674874205,0.13589111079989913,0.5,0.16666666666666669,0.16666666666666669,1.90625,-0.3125,-0.125,1.3995246888993098,-0.16075599304596544,0.09236388974768683,8.6875,1.5625,2.59375,1.9081742667424442,0.08096062914574675,-0.28211773028856,7.78125,1.875,2.71875,0.3125,-0.125,-0.09375,2.032258064516129,-0.5483870967741935,-0.3225806451612905,0.8118279569892474,-0.05913978494623662,-0.051075268817204256,0.25,-0.0625,-0.03125,3.5,-0.10000000000000009,-0.16666666666666652,1.0,0.0,0.0,1.21728515625,-0.1142578125,0.36849483366935487,0.03125,0.0,0.03125,1.84375,-0.21875,-0.1875,1.2978735710582958,0.004278929459083924,-0.00928722809332716,6.65625,0.65625,0.5625,1.9610625000321276,-0.006415007319731325,-0.22922949699887663,5.8125,0.875,0.75,0.3125,-0.125,-0.09375,2.064516129032258,-0.6451612903225805,-0.2903225806451615,0.8118279569892474,-0.05913978494623662,-0.051075268817204256,0.25,-0.0625,-0.03125,3.5,-0.10000000000000009,-0.16666666666666652,1.0,0.0,0.0,0.9984879032258065,0.1401209677419355,0.14969758064516137,0.0,0.0,0.0
GaCo08_01,control,4,0.045624833053116425,0.057016880305324154,0.06731251813402195,1.2824999999999727,0.06624999999999859,0.10749999999999771,0.11622023428449231,0.08417673706141021,0.08844563129131636,0.0728571428571413,0.054285714285713126,0.041428571428570544,0.6825309727213699,-0.16027566803786453,0.5202969301681784,0.9174967404284446,0.2683832568165715,0.6839470571799877,0.3342884467544584,0.05905175388516187,0.07041919868238194,0.09951688468882822,0.08356393141772152,0.09133531969929656,0.07333832408035083,0.05491770169916697,0.06367180645200439,0.28537809592494995,0.3304580833493376,0.5504811190093883,0.16842279269819113,-0.050264456859100914,0.7641976673643863,0.9911734670821235,-0.024513019030916627,-0.021599230671143888,0.04350453665179446,0.016418980582714664,0.029977669404570986,0.022884737860986597,-0.0063018561981246675,0.00821989756589419,0.7789717303910221,0.925103331576985,0.8510406772777654,0.5672049336300559,1.4118211177528268,1.2795223100984168,1.3076969998012338,0.012988962350716449,0.037263371430865,0.040156904962972445,0.005007230407988512,0.025217323808657374,0.04697953785756316,0.005010496522020631,0.02761590417528668,-0.0527376112024128,0.3198072626444447,0.08282328893928445,0.23517156785786977,0.09281060438499225,0.5088174234184288,0.6947651053653366,0.045652173302818566,0.16644427179161791,0.6095136727289302,0.07738193674874205,0.21327304754864118,0.3333333333333333,-0.16666666666666669,0.0,1.875,-0.03125,-0.15625,1.5397947077242096,0.14027001882489976,0.2326339085725866,7.875,-0.8125,1.78125,1.9468750809040527,0.03870081416160853,-0.2434169161269515,7.0,-0.78125,1.9375,0.28125,-0.03125,-0.125,2.225806451612903,0.19354838709677402,-0.12903225806451646,0.9308755760368663,0.11904761904761896,0.0679723502304147,0.28125,0.03125,0.0,3.3333333333333335,-0.16666666666666652,-0.33333333333333304,0.8888888888888888,-0.11111111111111116,-0.11111111111111116,1.919677734375,0.702392578125,1.070887411794355,0.03125,0.0,0.03125,1.75,-0.09375,-0.28125,1.2443420336765103,-0.05353153738178551,-0.06281876547511267,6.78125,0.125,0.6875,2.0593512132112965,0.09828871317916898,-0.13094078381970764,6.03125,0.21875,0.96875,0.28125,-0.03125,-0.125,2.193548387096774,0.12903225806451601,-0.16129032258064546,0.9354838709677419,0.12365591397849451,0.07258064516129026,0.28125,0.03125,0.0,3.3333333333333335,-0.16666666666666652,-0.33333333333333304,0.8888888888888888,-0.11111111111111116,-0.11111111111111116,0.9493447580645161,-0.04914314516129037,0.100554435483871,0.0,0.0,0.0
GaCo08_01,control,5,0.07530555561402552,0.04045326390859731,0.02778847654774151,1.176249999999975,-0.10624999999999774,0.0012499999999999734,0.02445841952609081,-0.0917618147584015,-0.0033161834670851417,0.028571428571427963,-0.04428571428571334,-0.0028571428571427943,-0.20772742941534425,-0.8902584021367141,-0.36996147196853574,0.12519310172651754,-0.7923036387019271,-0.10835658152193933,0.2592015817631623,-0.07508686499129608,-0.004667666308914131,0.011943462952596006,-0.08757342173623221,0.0037618979630643506,0.010132148518334019,-0.06320617556201681,0.0004656308899875783,0.43645531070272386,0.15107721477777392,0.7015583337871623,-0.08562257266568991,-0.25404536536388106,0.5101523020005052,1.0010137316457486,0.009840264563625079,-0.011758966107518809,0.008437456969854906,-0.035067079681939554,-0.005089410277368568,0.012170049887952037,-0.01071468797303456,-0.0024947904071403702,-0.4623303908663806,-1.2413021212574027,-0.3902614439796372,0.2582061016587576,-0.30899883197129824,0.9705234781271186,1.2666854091059716,-0.04101159069526217,-0.003748219264397168,0.007573256784446812,-0.03258364817852563,-0.00736632436986826,0.007186645078589856,-0.039792892778973306,-0.012176988603686625,-0.30836288684941754,-0.25562527564700477,-0.1728019867077203,0.0503564392816951,-0.18481512857617466,0.3240022948422541,0.7086048612313038,0.013839755865967196,0.1802840276575851,0.5314536459234779,-0.07806002680545232,0.13521302074318886,0.16666666666666666,-0.16666666666666666,-0.16666666666666666,2.25,0.375,0.21875,1.4368424162141993,-0.10295229151001029,0.1296816170625763,8.28125,0.40625,2.1875,2.035719338662983,0.08884425775893012,-0.15457265836802137,7.03125,0.03125,1.96875,0.46875,0.1875,0.0625,2.806451612903226,0.580645161290323,0.4516129032258065,0.8790322580645162,-0.05184331797235009,0.016129032258064613,0.34375,0.0625,0.0625,3.727272727272727,0.3939393939393936,0.06060606060606055,1.0,0.11111111111111116,0.0,0.99755859375,-0.922119140625,0.14876827116935487,0.03125,0.0,0.03125,2.1875,0.4375,0.15625,1.3545026464923717,0.11016061281586143,0.047341847340748755,6.25,-0.53125,0.15625,2.079081683138325,0.019730469927028427,-0.11121031389267921,5.0625,-0.96875,0.0,0.46875,0.1875,0.0625,2.838709677419355,0.645161290322581,0.4838709677419355,0.8790322580645162,-0.056451612903225645,0.016129032258064613,0.34375,0.0625,0.0625,3.727272727272727,0.3939393939393936,0.06060606060606055,1.0,0.11111111111111116,0.0,0.7716733870967742,-0.17767137096774188,-0.07711693548387089,0.0,0.0,0.0
GaCo08_01,control,6,0.055861834675289726,0.041806017182673266,0.10546963190492689,1.2287499999999738,0.05249999999999888,0.053749999999998854,0.0771709604894023,0.05271254096331149,0.04939635749622634,0.06714285714285571,0.03857142857142775,0.035714285714284956,0.37992812196136244,0.5876555513767067,0.21769407940817095,0.5168795999272827,0.3916864982007652,0.28332991667882584,0.3066242388298985,0.04742265706673615,0.04275499075782202,0.09532515487424535,0.08338169192164935,0.0871435898847137,0.0779665187830439,0.06783437026470988,0.06830000115469746,0.2004870907899682,-0.23596821991275566,0.46559011387440663,-0.29119763979213203,-0.20557506712644213,0.30457723487406313,1.0071187607606955,0.006105029114946925,-0.005653936992571884,0.07072699489064656,0.06228953792079165,0.05720012764342308,0.09727783785836716,0.08510778797041513,0.08261299756327475,-0.6924898542640926,-0.23015946339771198,-0.6204209073773492,0.33220217857359624,0.07399607691483862,1.044519555041957,1.3054472816884062,0.038761872582434576,0.03501365331803741,0.06915972628765285,0.06158646950320604,0.05422014513333778,0.06636495895336766,0.05917831387477781,0.04700132527109119,0.19949454347822862,0.5078574303276462,0.3350554436199259,0.3602184121593878,0.30986197287769274,0.6338642677199469,0.7940046474170959,0.08539978618579203,0.26568381384337714,0.6922426155399359,0.16078896961645806,0.2960019903596469,0.3333333333333333,0.16666666666666666,0.0,1.90625,-0.34375,-0.125,1.5315894126796052,0.09474699646540596,0.22442861352798227,8.5625,0.28125,2.46875,1.865432579772697,-0.17028675889028588,-0.32485941725830725,7.65625,0.625,2.59375,0.28125,-0.1875,-0.125,2.032258064516129,-0.774193548387097,-0.3225806451612905,0.8,-0.07903225806451619,-0.06290322580645158,0.25,-0.09375,-0.03125,3.625,-0.10227272727272707,-0.04166666666666652,1.0,0.0,0.0,1.47412109375,0.4765625,0.6253307711693549,0.03125,0.0,0.03125,1.8125,-0.375,-0.21875,1.3545026464923717,0.0,0.047341847340748755,6.5,0.25,0.40625,1.951012970972573,-0.128068712165752,-0.2392790260584312,5.6875,0.625,0.625,0.28125,-0.1875,-0.125,2.096774193548387,-0.741935483870968,-0.2580645161290325,0.8,-0.07903225806451619,-0.06290322580645158,0.25,-0.09375,-0.03125,3.625,-0.10227272727272707,-0.04166666666666652,1.0,0.0,0.0,1.0055443548387097,0.2338709677419355,0.1567540322580646,0.0,0.0,0.0
GaCo08_01,control,7,0.05796432455197417,0.040595479509323455,0.03379398113236228,1.1849999999999747,-0.04374999999999907,0.009999999999999787,0.01690308509456997,-0.06026787539483232,-0.010871517898605979,0.017142857142856776,-0.049999999999998934,-0.014285714285713982,-1.9424974398037503e-18,-0.37992812196136244,-0.1622340425531915,0.35355339059327384,-0.16332620933400888,0.12000370734481697,0.2531371006839857,-0.05348713814591277,-0.010732147388090751,0.01466083300768159,-0.08066432186656376,0.0064792680181499345,0.010783430652113698,-0.06718308813093021,0.0011169130237672579,0.04718071614567403,-0.15330637464429417,0.3122837392301125,0.1811366358240195,0.47233427561615154,0.7769115104902147,0.9065934415325965,-0.10052531922809904,-0.10617925622067093,0.26108388344118744,0.1903568885505409,0.24755701619396397,0.11643507808429189,0.01915724022592473,0.10177023778919948,0.2952491662217057,0.9877390204857983,0.36731811310844914,-0.0021449296122461477,-0.3343471081858424,0.7101724468561148,1.2677730462941037,-0.03767423539430248,-0.0026605820762650723,0.021894299675718477,-0.04726542661193438,0.006954718521403405,0.019423185633870337,-0.046941773319497324,5.955195159385723e-05,0.3977513379742127,0.19825679449598407,0.5333122381159099,0.613745002950878,0.25352659079149015,0.887390858511437,0.7590975282229667,-0.034907119194129144,0.230776694649248,0.6198934896284057,-0.0723491259115302,0.22365286444811672,0.3333333333333333,0.0,0.0,2.3125,0.40625,0.28125,1.5120483863225558,-0.019541026357049462,0.2048875871709328,8.96875,0.40625,2.875,1.8401327967506638,-0.025299783022033173,-0.3501592002803404,7.65625,0.0,2.59375,0.46875,0.1875,0.0625,1.8709677419354838,-0.16129032258064524,-0.4838709677419357,0.8510752688172044,0.05107526881720437,-0.011827956989247213,0.25,0.0,-0.03125,3.25,-0.375,-0.4166666666666665,1.0,0.0,0.0,1.07568359375,-0.3984375,0.22689327116935487,0.03125,0.0,0.03125,2.25,0.4375,0.21875,1.4368424162141993,0.08233976972182755,0.1296816170625763,5.9375,-0.5625,-0.15625,1.8826457018540896,-0.06836726911848334,-0.30764629517691455,4.6875,-1.0,-0.375,0.46875,0.1875,0.0625,1.903225806451613,-0.19354838709677402,-0.4516129032258065,0.854531490015361,0.05453149001536095,-0.008371735791090629,0.25,0.0,-0.03125,3.25,-0.375,-0.4166666666666665,1.0,0.0,0.0,0.8523185483870968,-0.153225806451613,0.0035282258064516236,0.0,0.0,0.0
GaCo09_01,control,1,0.09674787573387784,0.09674787573387784,0.14814182096881773,1.0637499999999773,-0.02249999999999952,-0.02249999999999952,0.17919960937457044,0.16234942921444873,0.16234942921444873,0.18142857142856755,0.15857142857142517,0.15857142857142517,-0.405373703156945,0.062368232326925954,0.062368232326925954,-0.17585038956631452,-0.26156467528060023,-0.26156467528060023,0.3264944369406827,0.06657038206249938,0.06657038206249938,0.11585499172181518,0.09779220213864512,0.09779220213864512,0.0790460480821216,0.05740695226216076,0.05740695226216076,0.4405707010733088,0.8240886211156261,0.8240886211156261,-0.02969376854943659,-0.26372376406534564,-0.26372376406534564,1.0586815032922723,0.045935376669998806,0.045935376669998806,0.17189262764140048,0.15634101937261002,0.15634101937261002,0.1658041153573254,0.15497195930891766,0.15497195930891766,-0.27192280924215995,-0.9638478905995131,-0.9638478905995131,-0.13916771584562818,-0.6321865473350841,-0.6321865473350841,1.3867493668063815,0.1302251910161505,0.1302251910161505,0.2474275648097943,0.236780308961455,0.236780308961455,0.19991668790769349,0.1893307688027705,0.1893307688027705,0.11042562399307172,-0.25100765062526703,-0.25100765062526703,-0.15752396357050222,-0.08359457068316488,-0.08359457068316488,0.8231694456130664,0.13378788973251465,0.13378788973251465,0.7585397819628557,0.1698594425672587,0.1698594425672587,0.16666666666666666,-0.33333333333333337,-0.33333333333333337,2.15625,0.25,0.25,1.6482517620095973,0.36915492842841013,0.36915492842841013,7.34375,1.4375,1.4375,2.041652951457115,0.3885156603570059,0.3885156603570059,6.1875,1.1875,1.1875,0.375,0.0,0.0,1.4193548387096775,-0.09677419354838701,-0.09677419354838701,0.7308755760368664,-0.09869431643625193,-0.09869431643625193,0.1875,0.03125,0.03125,3.1666666666666665,-0.43333333333333357,-0.43333333333333357,1.0,0.0,0.0,1.09912109375,0.16162109375,0.16162109375,0.03125,0.03125,0.03125,2.09375,0.1875,0.1875,1.5731491941633426,0.29405236058215545,0.29405236058215545,6.3125,0.40625,0.40625,2.085858684478146,0.43272139337803717,0.43272139337803717,5.21875,0.21875,0.21875,0.375,0.0,0.0,1.3870967741935485,-0.12903225806451601,-0.12903225806451601,0.7265745007680492,-0.1029953917050691,-0.1029953917050691,0.1875,0.03125,0.03125,3.1666666666666665,-0.43333333333333357,-0.43333333333333357,1.0,0.0,0.0,0.8765120967741935,-0.060987903225806495,-0.060987903225806495,0.0,0.0,0.0
GaCo09_01,control,2,0.1388214072684745,0.08153487227039241,0.04098794812954125,1.0487499999999776,-0.01499999999999968,-0.0374999999999992,0.016420805617960575,-0.16277880375660986,-0.00042937454216113516,0.017142857142856776,-0.1642857142857108,-0.0057142857142855955,-0.28229478578923256,0.12307891736771243,0.18544714969463838,-0.3404958152336561,-0.16464542566734156,-0.42621010094794176,0.2599186032736134,-0.06657583366706932,-5.451604569939317e-06,0.01525045223810229,-0.1006045394837129,-0.002812337345067773,0.020446029651012245,-0.058600018431109346,-0.0011930661689485908,-0.4458177482032143,-0.886388449276523,-0.06229982816089702,-0.2998885049271297,-0.2701947363776931,-0.5339185004430388,0.9773302138604849,-0.08135128943178738,-0.03541591276178857,0.017797178661350867,-0.15409544898004962,0.0022455703925604066,0.016668713224859046,-0.14913540213246634,0.005836557176451327,0.3799346353895837,0.6518574446317437,-0.3119904459677695,0.14513708027385377,0.28430479611948195,-0.34788175121560216,1.2205579608206005,-0.16619140598578097,-0.03596621496963048,0.022649520060435826,-0.22477804474935847,0.012002264212096507,0.01979815791869277,-0.18011852998900071,0.009212238813769773,-0.19808724553017984,-0.3085128695232516,-0.5595205201485186,-0.14179894851394098,0.015725015056561237,-0.06786955562660364,0.6083370702747257,-0.21483237533834065,-0.081044485605826,0.5314536459234779,-0.22708613603937777,-0.05722669347211906,0.5,0.33333333333333337,0.0,2.0,-0.15625,0.09375,1.545023227719748,-0.10322853428984935,0.2659263941385608,7.53125,0.1875,1.625,1.9004986612177137,-0.14115429023940118,0.24736137011760473,6.53125,0.34375,1.53125,0.3125,-0.0625,-0.0625,1.8387096774193548,0.41935483870967727,0.32258064516129026,0.8467741935483871,0.11589861751152075,0.017204301075268824,0.21875,0.03125,0.0625,3.7142857142857144,0.5476190476190479,0.11428571428571432,1.0,0.0,0.0,1.404296875,0.30517578125,0.466796875,0.03125,0.0,0.03125,1.90625,-0.1875,0.0,1.3762823931906023,-0.19686680097274034,0.0971855596094151,6.46875,0.15625,0.5625,1.9835513117768375,-0.10230737270130863,0.33041402067672854,5.5625,0.34375,0.5625,0.3125,-0.0625,-0.0625,1.903225806451613,0.5161290322580645,0.3870967741935485,0.8467741935483871,0.12019969278033793,0.017204301075268824,0.21875,0.03125,0.0625,3.7142857142857144,0.5476190476190479,0.11428571428571432,1.0,0.0,0.0,0.9334677419354839,0.05695564516129037,-0.0040322580645161255,0.0,0.0,0.0
GaCo09_01,control,3,0.1025859259885974,0.0773145386201999,0.14373390527171737,1.1974999999999745,0.14874999999999683,0.11124999999999763,0.3371201566207443,0.32069935100278374,0.3202699764606226,0.28714285714285104,0.26999999999999424,0.2642857142857087,-0.1437757336688633,0.13851905212036927,0.3239662018150077,-0.16973379936819474,0.17076201586546133,-0.25544808508248046,0.27054240544202324,0.010623802168409857,0.010618350563839918,0.06354107133350964,0.04829061909540735,0.04547828175033958,0.07874974818946091,0.058303718538448665,0.05711065236950008,-0.4685480471687765,-0.022730298965562223,-0.08503012712645924,-0.12693393464701072,0.17295457028011899,-0.3609639301629198,0.9491732298709076,-0.028156983989577333,-0.0635728967513659,0.18519531973866538,0.16739814107731452,0.16964371146987492,0.1593639894132505,0.14269527618839145,0.14853183336484277,-0.1729928531753729,-0.5529274885649567,-0.8649179345327261,-0.24292514261778575,-0.3880622228916395,-0.7359439741072417,1.3278392008393103,0.10728124001870976,0.07131502504907927,0.148078649525371,0.12542912946493517,0.1374313936770317,0.13997645021999325,0.12017829230130048,0.12939053111507026,-0.00010803969788469022,0.19797920583229514,-0.36154131431622344,-0.33666155591145286,-0.19486260739751188,-0.2627321630241155,0.7882623264189371,0.1799252561442114,0.0988807705383854,0.6892166357956305,0.15776298987215265,0.10053629640003359,0.6666666666666666,0.16666666666666663,0.16666666666666663,2.03125,0.03125,0.125,1.4697898686766473,-0.07523335904310069,0.1906930350954601,8.4375,0.90625,2.53125,2.046830752415123,0.1463320911974093,0.39369346131501404,7.40625,0.875,2.40625,0.375,0.0625,0.0,1.7096774193548387,-0.12903225806451601,0.19354838709677424,0.875268817204301,0.02849462365591393,0.045698924731182755,0.1875,-0.03125,0.03125,3.5,-0.2142857142857144,-0.10000000000000009,1.0,0.0,0.0,1.251708984375,-0.152587890625,0.314208984375,0.03125,0.0,0.03125,1.96875,0.0625,0.0625,1.3792091001496052,0.0029267069590028782,0.10011226656841798,6.40625,-0.0625,0.5,2.0923728619795248,0.10882155020268724,0.4392355708794158,5.4375,-0.125,0.4375,0.375,0.0625,0.0,1.6774193548387097,-0.22580645161290325,0.16129032258064524,0.8709677419354839,0.024193548387096753,0.04139784946236558,0.1875,-0.03125,0.03125,3.5,-0.2142857142857144,-0.10000000000000009,1.0,0.0,0.0,1.0340221774193548,0.10055443548387089,0.09652217741935476,0.0,0.0,0.0
GaCo09_01,control,4,0.08962380085022831,0.03592008995090984,0.03294260906072163,1.0487499999999776,-0.14874999999999683,-0.0374999999999992,0.014577379737112942,-0.32254277688363137,-0.002272800423008769,0.014285714285713982,-0.2728571428571371,-0.00857142857142839,0.13080416089248592,0.27457989456134924,0.5985460963763569,-0.29484031300264246,-0.12510651363444772,-0.3805545987169282,0.24319457327984978,-0.027347832162173458,-0.01672948159833354,0.014041917830125301,-0.04949915350338434,-0.0040208717530447625,0.013626385133492644,-0.06512336305596828,-0.008012710686468192,-0.0400349796531578,0.42851306751561874,0.3434829403891595,-0.08408283358850582,0.0428511010585049,-0.31811282910441485,1.0155715327922739,0.06639830292136628,0.0028254061700003774,0.012704705567828769,-0.1724906141708366,-0.0028469027009616916,0.016620748105272826,-0.14274324130797766,0.005788592056865107,-0.5704704519455996,-0.3974775987702267,-1.2623955333029528,0.6235616408478962,0.866486783465682,0.13054280935844031,1.2515501585045938,-0.07628904233471645,-0.004974017285637178,0.00843993434811232,-0.13963871517725868,-0.0022073215002269986,0.006745381982805483,-0.13323106823718778,-0.0038405371221175155,-0.14172390225192646,-0.14161586255404177,-0.5031571768702652,-0.5869972597811521,-0.2503357038696993,-0.5130678668938148,0.6083370702747257,-0.1799252561442114,-0.081044485605826,0.5314536459234779,-0.15776298987215265,-0.05722669347211906,0.0,-0.6666666666666666,-0.5,2.3125,0.28125,0.40625,1.5951033943634116,0.12531352568676435,0.31600656078222444,6.28125,-2.15625,0.375,1.5077086866735787,-0.5391220657415443,-0.14542860442653027,4.96875,-2.4375,-0.03125,0.5,0.125,0.125,1.2580645161290323,-0.4516129032258065,-0.25806451612903225,0.8265745007680493,-0.04869431643625177,-0.002995391705069017,0.125,-0.0625,-0.03125,3.5,0.0,-0.10000000000000009,1.0,0.0,0.0,1.7978515625,0.546142578125,0.8603515625,0.03125,0.0,0.03125,2.1875,0.21875,0.28125,1.3545026464923717,-0.02470645365723345,0.07540581291118453,5.1875,-1.21875,-0.71875,1.554130811947682,-0.5382420500318428,-0.099006479152427,4.0,-1.4375,-1.0,0.5,0.125,0.125,1.1612903225806452,-0.5161290322580645,-0.35483870967741926,0.8204301075268818,-0.05053763440860204,-0.009139784946236462,0.125,-0.0625,-0.03125,3.5,0.0,-0.10000000000000009,1.0,0.0,0.0,0.8235887096774194,-0.2104334677419354,-0.11391129032258063,0.0,0.0,0.0
GaCo09_01,control,5,0.0582166626667676,0.05334507057049562,0.10689271954194551,1.1324999999999759,0.08374999999999821,0.046249999999999014,0.2233990663748189,0.20882168663770595,0.2065488862146972,0.20285714285713854,0.18857142857142456,0.17999999999999616,-0.18865735010816345,-0.31946151100064935,0.27908458537570746,-0.14876618825103838,0.14607412475160408,-0.2344804739653241,0.28824894823834213,0.04505437495849235,0.02832489336015881,0.0969753174431439,0.0829333996130186,0.07891252785997384,0.08634397155088451,0.07271758641739187,0.06470487573092368,0.01523846765789919,0.05527344731105699,0.3987563877002165,-0.24554306018339656,-0.16146022659489073,-0.47957305569930564,0.9559283870887929,-0.05964314570348095,-0.05681773953348057,0.17067643925558573,0.15797173368775697,0.15512483098679528,0.15103859725708463,0.1344178491518118,0.1402064412086769,-0.21455469807484015,0.35591575387075947,-0.9064797794321934,-0.1642188209383119,-0.7877804617862081,-0.6572376524277678,1.3128536082841786,0.061303449779584795,0.05632943249394762,0.13623194915538417,0.12779201480727184,0.12558469330704486,0.12315869744124064,0.11641331545843515,0.11257277833631764,0.06157709437212441,0.20330099662405088,-0.29985618024621435,-0.3275762822861397,0.2594209774950124,-0.25364688939880237,0.7659062087184257,0.15756913844370002,0.07652465283787402,0.6460738290240025,0.11462018310052458,0.057393489628405514,0.6666666666666666,0.6666666666666666,0.16666666666666663,2.125,-0.1875,0.21875,1.4535828926505883,-0.14152050171282338,0.17448605906940107,8.03125,1.75,2.125,1.786768122219737,0.2790594355461582,0.13363083111962792,6.90625,1.9375,1.90625,0.40625,-0.09375,0.03125,1.6129032258064515,0.35483870967741926,0.09677419354838701,0.8349462365591399,0.008371735791090629,0.005376344086021612,0.1875,0.0625,0.03125,3.8333333333333335,0.3333333333333335,0.2333333333333334,1.0,0.0,0.0,1.121826171875,-0.676025390625,0.184326171875,0.03125,0.0,0.03125,2.0625,-0.125,0.15625,1.3663584756098845,0.011855829117512817,0.08726164202869735,6.0,0.8125,0.09375,1.831621879558502,0.27749106761082,0.178484588458393,4.9375,0.9375,-0.0625,0.40625,-0.09375,0.03125,1.5806451612903225,0.41935483870967727,0.06451612903225801,0.8306451612903227,0.010215053763440896,0.0010752688172044333,0.1875,0.0625,0.03125,3.8333333333333335,0.3333333333333335,0.2333333333333334,1.0,0.0,0.0,0.8999495967741935,0.07636088709677413,-0.037550403225806495,0.0,0.0,0.0
GaCo09_01,control,6,0.07361954909763833,0.05936145943891181,0.05495107702087404,1.0412499999999778,-0.09124999999999805,-0.04499999999999904,0.011259916264595793,-0.2121391501102231,-0.005590263895525917,0.011428571428571186,-0.19142857142856737,-0.011428571428571186,-5.40464120341707e-18,0.18865735010816345,0.46774193548387094,-0.5179697702828121,-0.3692035820317737,-0.6036840559970978,0.25203659133556333,-0.0362123569027788,-0.007887463542619988,0.0145478990769341,-0.0824274183662098,-0.0035148905062359643,0.013612046760451755,-0.07273192479043275,-0.008027049059509081,0.1747220909128293,0.15948362325493012,0.5582400109551466,-0.6618173674150414,-0.4162743072316448,-0.8958473629309505,0.9892625982431809,0.03333421115438795,-0.023483528379092622,0.025674061645846024,-0.14500237760973972,0.010122453377055564,0.02451621425269135,-0.12652238300439328,0.013684058204283629,0.052879316306917244,0.2674340143817574,-0.639045765050436,-0.3712445278227784,-0.2070257068844665,-0.8642633593122343,1.236538186970083,-0.07631542131409552,-0.019985988820147904,0.029567142995983384,-0.10666480615940079,0.018919887147644067,0.03621941681825826,-0.08693928062298238,0.025633497713335257,-0.3170452653695593,-0.3786223597416837,-0.6784785399878981,-0.5549610947374322,-0.22738481245129244,-0.4810317018500948,0.7117376735810629,-0.05416853513736286,0.022356117700511158,0.6267166357956305,-0.019357193228371927,0.03803629640003359,0.3333333333333333,-0.3333333333333333,-0.16666666666666669,2.3125,0.1875,0.40625,1.6151999776318522,0.16161708498126393,0.336103144050665,7.9375,-0.09375,2.03125,1.9989916813072244,0.21222355908748747,0.3458543902071154,6.625,-0.28125,1.625,0.4375,0.03125,0.0625,1.8709677419354838,0.25806451612903225,0.35483870967741926,0.832258064516129,-0.0026881720430108613,0.0026881720430107503,0.21875,0.03125,0.0625,3.5714285714285716,-0.26190476190476186,-0.02857142857142847,1.0,0.0,0.0,1.2783203125,0.156494140625,0.3408203125,0.03125,0.0,0.03125,2.21875,0.15625,0.3125,1.4752665150143482,0.1089080394044637,0.19616968143316105,5.875,-0.125,-0.03125,2.0595959516057922,0.22797407204729025,0.40645866050568324,4.65625,-0.28125,-0.34375,0.4375,0.03125,0.0625,1.8064516129032258,0.22580645161290325,0.29032258064516125,0.8268817204301075,-0.0037634408602151836,-0.0026881720430107503,0.21875,0.03125,0.0625,3.5714285714285716,-0.26190476190476186,-0.02857142857142847,1.0,0.0,0.0,0.8034274193548387,-0.09652217741935476,-0.13407258064516125,0.0,0.0,0.0
GaCo09_01,control,7,0.0632701612032695,0.045964120431396395,0.08424484000332647,1.0924999999999767,0.05124999999999891,0.006249999999999867,0.07741354624906992,0.06615362998447412,0.0605633660889482,0.0771428571428555,0.06571428571428431,0.05428571428571313,0.057829977910496225,0.05782997791049623,0.5255719133943672,-0.6401464485278684,-0.12217667824505629,-0.7258607342421541,0.2915169394955405,0.03948034815997714,0.03159288461735715,0.08142684439829474,0.06687894532136064,0.06336405481512468,0.06859314774639211,0.054981100985940355,0.046954051926431276,0.0623112902567492,-0.11241080065608011,0.44582921029906647,-0.21292384464656183,0.44889352276847955,-0.44695384016247086,1.0042292253097997,0.014966627066618887,-0.008516901312473735,0.058360987673768364,0.032686926027922336,0.04280937940497791,0.06682643605072032,0.04231022179802897,0.0559942800023126,-0.5141457010631375,-0.5670250173700547,-1.2060707824204906,0.08795877057552325,0.45920329839830165,-0.40506006091393265,1.2969807944142016,0.060442607444118446,0.04045661862397054,0.0671629747774028,0.03759583178141941,0.05651571892906348,0.06371462631174062,0.02749520949348236,0.053128707206817616,0.21351002347313036,0.5305552888426897,-0.14792325114520838,-0.49229752020157636,0.0626635745358558,-0.418368127314239,0.7245110699497297,0.012773396368666812,0.03512951406917797,0.6892166357956305,0.0625,0.10053629640003359,0.3333333333333333,0.0,-0.16666666666666669,2.0625,-0.25,0.15625,1.3897667476606375,-0.22543322997121473,0.11066991407945026,8.96875,1.03125,3.0625,2.0710660337442244,0.072074352437,0.4179287426441154,7.90625,1.28125,2.90625,0.40625,-0.03125,0.03125,1.903225806451613,0.032258064516129226,0.3870967741935485,0.8456989247311829,0.013440860215053863,0.016129032258064613,0.21875,0.0,0.0625,3.4285714285714284,-0.14285714285714324,-0.1714285714285717,1.0,0.0,0.0,1.12060546875,-0.15771484375,0.18310546875,0.03125,0.0,0.03125,2.0,-0.21875,0.09375,1.2951522516054665,-0.1801142634088817,0.016055418024279344,5.9375,0.0625,0.03125,2.1089287909176284,0.049332839311836185,0.45579149981751943,4.9375,0.28125,-0.0625,0.40625,-0.03125,0.03125,1.8709677419354838,0.06451612903225801,0.35483870967741926,0.8413978494623656,0.014516129032258074,0.011827956989247324,0.21875,0.0,0.0625,3.4285714285714284,-0.14285714285714324,-0.1714285714285717,1.0,0.0,0.0,0.8986895161290323,0.0952620967741935,-0.03881048387096775,0.0,0.0,0.0
GaCo10_01,control,1,0.055664450963024074,0.055664450963024074,0.02840190309577431,1.0124999999999784,-0.03249999999999931,-0.03249999999999931,0.012817398889232843,-0.025727565577143598,-0.025727565577143598,0.014285714285713982,-0.007142857142856989,-0.007142857142856989,0.26315789473684204,-0.3251794617776178,-0.3251794617776178,-0.2130806821621664,-0.14637164709804434,-0.14637164709804434,0.2567763468237172,-0.01822979823879145,-0.01822979823879145,0.014310064094908261,0.0028575467194746126,0.0028575467194746126,0.021231954965097572,0.013514898032073692,0.013514898032073692,-0.4330081195297361,-0.961458299180161,-0.961458299180161,0.4618881622531191,-0.06318878965866964,-0.06318878965866964,0.9925728011122072,-0.014625150669244302,-0.014625150669244302,0.014660176751957275,-0.0004991276623504057,-0.0004991276623504057,0.01980255103098627,0.004447339535964323,0.004447339535964323,-0.46320916360105846,-0.6226296061602512,-0.6226296061602512,-0.20881049700818152,-0.6575676169550514,-0.6575676169550514,1.2543011137207383,-0.01860003950398359,-0.01860003950398359,0.011750578885865243,-0.003192622844520378,-0.003192622844520378,0.015518476706934832,0.0012825336699602927,0.0012825336699602927,-0.3739353780786607,-0.5777442125584644,-0.5777442125584644,-0.16122506734531777,0.25426566398912176,0.25426566398912176,0.7472259591636147,0.15850907634549627,0.15850907634549627,0.6109898128338916,0.1694521507203029,0.1694521507203029,0.16666666666666666,0.0,0.0,2.09375,0.125,0.125,1.4448880970176292,0.13772729786600624,0.13772729786600624,6.625,0.3125,0.3125,1.896516330946925,-0.14241919145591186,-0.14241919145591186,5.53125,0.1875,0.1875,0.40625,0.03125,0.03125,1.3870967741935485,-0.5806451612903225,-0.5806451612903225,0.8225806451612905,-0.056451612903225756,-0.056451612903225756,0.15625,-0.125,-0.125,3.6,0.6000000000000001,0.6000000000000001,1.0,0.11111111111111116,0.11111111111111116,1.14208984375,0.2696100050403226,0.2696100050403226,0.03125,0.03125,0.03125,2.03125,0.0625,0.0625,1.3556185351724968,0.048457736020873776,0.048457736020873776,5.59375,-0.71875,-0.71875,1.9320618269677103,-0.10687369543512659,-0.10687369543512659,4.5625,-0.78125,-0.78125,0.40625,0.03125,0.03125,1.4193548387096775,-0.5483870967741935,-0.5483870967741935,0.8225806451612905,-0.056451612903225756,-0.056451612903225756,0.15625,-0.125,-0.125,3.6,0.6000000000000001,0.6000000000000001,1.0,0.11111111111111116,0.11111111111111116,0.920866935483871,0.048387096774193616,0.048387096774193616,0.0,0.0,0.0
GaCo10_01,control,2,0.07303710133289257,0.03975923443881625,0.07613337328353993,1.033749999999978,0.021249999999999547,-0.01124999999999976,0.037392703642745946,0.024575304753513105,-0.0011522608236304924,0.04428571428571334,0.029999999999999357,0.022857142857142368,-0.509750283526626,-0.772908178263468,-1.098087640041086,0.022370002552044604,0.23545068471421102,0.08907903761616667,0.2980523360937203,0.04127598927000309,0.023046191031211638,0.06177083796279311,0.04746077386788485,0.050318320587359466,0.060792176578031244,0.03956022161293367,0.053075119645007364,0.04733984366462324,0.48034796319435935,-0.4811103359858017,-0.4750146634681454,-0.9369028257212645,-1.0000916153799342,1.0010314373204527,0.008458636208245496,-0.0061665144609988065,0.012938681792481772,-0.001721494959475503,-0.0022206226218259087,0.020490376546541338,0.0006878255155550669,0.00513516505151939,-0.5326711972755057,-0.06946203367444725,-0.6920916398346986,0.5326465337389317,0.7414570307471132,0.08388941379206177,1.304566507832545,0.05026539411180675,0.03166535460782316,0.05971309091439029,0.04796251202852504,0.044769889184004666,0.05549607630522473,0.0399775995982899,0.04126013326825019,0.10441819813253372,0.4783535762111944,-0.09939063634727008,-0.43760828073081404,-0.27638321338549626,-0.022117549396374503,0.634369056120937,-0.1128569030426777,0.045652173302818566,0.5663708659573022,-0.044618946876589405,0.12483320384371349,0.16666666666666666,0.0,0.0,2.1875,0.09375,0.21875,1.4687607240514464,0.023872627033817206,0.16159992489982344,7.15625,0.53125,0.84375,1.7617691804437068,-0.13474715050321828,-0.27716634195913015,5.96875,0.4375,0.625,0.4375,0.03125,0.0625,2.161290322580645,0.7741935483870965,0.19354838709677402,0.8548387096774195,0.032258064516129004,-0.024193548387096753,0.3125,0.15625,0.03125,3.0,-0.6000000000000001,0.0,0.9,-0.09999999999999998,0.011111111111111183,1.287109375,0.14501953125,0.4146295362903226,0.03125,0.0,0.03125,2.09375,0.0625,0.125,1.3040724054705235,-0.05154612970197325,-0.003088393681099477,6.09375,0.5,-0.21875,1.8379402040187236,-0.09412162294898674,-0.20099531838411333,5.0,0.4375,-0.34375,0.4375,0.03125,0.0625,2.225806451612903,0.8064516129032255,0.25806451612903203,0.8548387096774195,0.032258064516129004,-0.024193548387096753,0.3125,0.15625,0.03125,3.0,-0.6000000000000001,0.0,0.9,-0.09999999999999998,0.011111111111111183,0.8125,-0.108366935483871,-0.05997983870967738,0.0,0.0,0.0
GaCo10_01,control,3,0.05284837633127862,0.034315948463155554,0.028203680641784627,1.0462499999999777,0.012499999999999734,0.0012499999999999734,0.015059406173076832,-0.022333297469669115,-0.023485558293299607,0.012857142857142583,-0.03142857142857076,-0.008571428571428388,0.44594129250792247,0.9556915760345485,-0.14239606400653737,-0.09999999999999999,-0.1223700025520446,-0.03329096493587792,0.26045810749652487,-0.03759422859719541,-0.014548037565983774,0.009293209224415046,-0.052477628738378065,-0.0021593081510186025,0.013312839332472317,-0.04747933724555893,0.005595782399448437,-0.3402790874566313,-0.38761893112125456,-0.8687292671070563,0.3900214451653465,0.8650361086334919,-0.13505550674644223,0.9988322078940782,-0.002199229426374516,-0.008365743887373323,0.011895837450833413,-0.0010428443416483583,-0.003263466963474267,0.009628974816214766,-0.010861401730326571,-0.0057262366788071815,0.27155648100279195,0.8042276782782977,0.11213603844359915,-0.5019896892822169,-1.0346362230211485,-0.9507468092290867,1.2616254676444676,-0.04294104018807743,-0.011275685580254269,0.011242319548964215,-0.048470771365426074,-0.0037008821814214065,0.011871918578752234,-0.0436241577264725,-0.002364024458222305,-0.0222085175961142,-0.12662671572864792,-0.226017352075918,-0.4068166726002128,0.030791608130601222,0.00867405873422672,0.6817312035291399,0.04736214740820288,0.09301432071102145,0.5544412094184828,-0.011929656538819389,0.1129035473048941,0.3333333333333333,0.16666666666666666,0.16666666666666666,2.15625,-0.03125,0.1875,1.393750452046795,-0.07501027200465149,0.08658965289517195,7.9375,0.78125,1.625,2.198789989825049,0.43702080938134236,0.1598544674222122,6.78125,0.8125,1.4375,0.4375,0.0,0.0625,2.6129032258064515,0.4516129032258065,0.6451612903225805,0.8967741935483872,0.04193548387096768,0.01774193548387093,0.3125,0.0,0.03125,3.7,0.7000000000000002,0.7000000000000002,1.0,0.09999999999999998,0.11111111111111116,1.0751953125,-0.2119140625,0.20271547379032262,0.03125,0.0,0.03125,2.09375,0.0,0.125,1.3040724054705235,0.0,-0.003088393681099477,5.90625,-0.1875,-0.40625,2.2340383656855223,0.3960981616667987,0.19510284328268535,4.8125,-0.1875,-0.53125,0.4375,0.0,0.0625,2.5806451612903225,0.3548387096774195,0.6129032258064515,0.8924731182795699,0.03763440860215039,0.01344086021505364,0.3125,0.0,0.03125,3.7,0.7000000000000002,0.7000000000000002,1.0,0.09999999999999998,0.11111111111111116,0.8518145161290323,0.03931451612903225,-0.02066532258064513,0.0,0.0,0.0
GaCo10_01,control,4,0.031730226541993055,0.05186527063849239,0.03216589068533193,1.083749999999977,0.0374999999999992,0.038749999999999174,0.020658792662827517,0.005599386489750686,-0.01788617180354892,0.011428571428571186,-0.0014285714285713971,-0.009999999999999785,0.4487408419068475,0.0027995493989250164,-0.13959651460761235,-0.7059072777254551,-0.6059072777254552,-0.6391982426613331,0.25854748816693357,-0.001910619329591301,-0.016458656895575074,0.016655501531598928,0.007362292307183882,0.005202984156165279,0.018548357645140783,0.0052355183126684655,0.010831300712116902,-0.07443264384082322,0.2658464436158081,-0.6028828234912482,-0.2569293776099208,-0.6469508227752673,-0.7820063295217095,0.9690033920107981,-0.029828815883280124,-0.03819455977065345,0.0213720929558225,0.009476255504989086,0.0062127885415148194,0.020857592286163715,0.01122861746994895,0.005502380791141768,-0.3639164500226215,-0.6354729310254135,-0.5233368925818143,-0.38829921745049195,0.11369047183172493,-0.8370563373973618,1.2502841441493135,-0.011341323495154043,-0.022617009075408312,0.01667055354052999,0.005428233991565775,0.0017273518101443685,0.01705517743568476,0.005183258856932526,0.0028192343987102214,0.27764375478298103,0.29985227237909523,0.07383492030317723,-0.42781332402270744,-0.020996651422494628,-0.012322592688267908,0.7295739585136224,0.04784275498448254,0.14085707569550399,0.5471804688852168,-0.007260740533266086,0.10564280677162802,0.16666666666666666,-0.16666666666666666,0.0,1.9375,-0.21875,-0.03125,1.6251550794487475,0.23140462740195256,0.3179942802971245,7.46875,-0.46875,1.15625,2.0317539697385576,-0.16703602008649154,-0.007181552664279334,6.53125,-0.25,1.1875,0.28125,-0.15625,-0.09375,1.8709677419354838,-0.7419354838709677,-0.09677419354838723,0.8717357910906298,-0.025038402457757347,-0.007296466973886417,0.28125,-0.03125,0.0,3.0,-0.7000000000000002,0.0,0.8888888888888888,-0.11111111111111116,0.0,1.91064453125,0.83544921875,1.0381646925403225,0.03125,0.0,0.03125,1.8125,-0.28125,-0.15625,1.3545026464923717,0.05043024102184823,0.047341847340748755,6.375,0.46875,0.0625,2.1213203435596424,-0.11271802212587989,0.08238482115680545,5.5625,0.75,0.21875,0.28125,-0.15625,-0.09375,1.967741935483871,-0.6129032258064515,0.0,0.8763440860215054,-0.016129032258064502,-0.0026881720430108613,0.28125,-0.03125,0.0,3.0,-0.7000000000000002,0.0,0.8888888888888888,-0.11111111111111116,0.0,0.9400201612903226,0.08820564516129037,0.06754032258064524,0.0,0.0,0.0
GaCo10_01,control,5,0.08016837250038797,0.05886229732152768,0.0847021512528686,1.1337499999999758,0.049999999999998934,0.08874999999999811,0.07327784697398408,0.052619054311156564,0.03473288250760764,0.05285714285714173,0.041428571428570544,0.03142857142857076,0.5374971794182588,0.08875633751141132,-0.050840177096201034,0.16753170243903934,0.8734389801644945,0.2342407375031614,0.28610645426660086,0.027558966099667292,0.011100309204092218,0.06392265339340365,0.047267151861804725,0.05247013601797,0.060074082322684096,0.04152572467754331,0.052357025389660215,-0.025086868735360833,0.04934577510546239,-0.5535370483857858,-0.37325068428571617,-0.11632130667579538,-0.8983276361975049,1.010775439337741,0.04177204732694295,0.0035774875562895048,0.03710616948295933,0.015734076527136827,0.021946865068651646,0.0384132742291284,0.017555681942964686,0.023058062734106453,-0.06055721366790415,0.3033592363547174,-0.21997765622709695,-0.5649190096185839,-0.17661979216809193,-1.0136761295654537,1.3067734039542351,0.05648925980492159,0.033872250729513276,0.08051637567871525,0.06384582213818527,0.06557317394832964,0.06630528607478516,0.0492501086391004,0.05206934303781062,0.29858798100072814,0.02094422621774711,0.09477914652092434,-0.09820664125483469,0.32960668276787275,0.31728409007960484,0.7086048612313038,-0.02096909728231855,0.11988797841318544,0.6970800472765,0.1498995783912832,0.2555423851629112,0.3333333333333333,0.16666666666666666,0.16666666666666666,2.125,0.1875,0.15625,1.3854078239672525,-0.239747255481495,0.0782470248156295,7.9375,0.46875,1.625,1.7401798201483698,-0.2915741495901878,-0.2987557022544671,6.8125,0.28125,1.46875,0.4375,0.15625,0.0625,2.2580645161290325,0.3870967741935487,0.2903225806451615,0.888709677419355,0.016973886328725207,0.00967741935483879,0.28125,0.0,0.0,3.3333333333333335,0.3333333333333335,0.3333333333333335,1.0,0.11111111111111116,0.11111111111111116,1.1123046875,-0.79833984375,0.23982484879032262,0.03125,0.0,0.03125,2.0625,0.25,0.09375,1.293594641599212,-0.06090800489315984,-0.013566157552411084,5.90625,-0.46875,-0.40625,1.784509962553197,-0.33681038100644534,-0.2544255598496399,4.84375,-0.71875,-0.5,0.4375,0.15625,0.0625,2.225806451612903,0.25806451612903203,0.25806451612903203,0.8844086021505377,0.008064516129032362,0.005376344086021501,0.28125,0.0,0.0,3.3333333333333335,0.3333333333333335,0.3333333333333335,1.0,0.11111111111111116,0.11111111111111116,0.8901209677419355,-0.04989919354838712,0.017641129032258118,0.0,0.0,0.0
GaCo10_01,control,6,0.09069605856881245,0.05730127934902915,0.0266443264297092,1.0612499999999774,-0.07249999999999845,0.016249999999999654,0.011259916264595793,-0.06201793070938829,-0.027285048201780647,0.012857142857142583,-0.03999999999999915,-0.008571428571428388,-0.15850573957717806,-0.6960029189954369,-0.7468430960916379,-0.4057513356003445,-0.5732830380393839,-0.3390423005362224,0.26152958823343236,-0.0245768660331685,-0.01347655682907628,0.0127724801109555,-0.051150173282448155,0.001319962735521851,0.018537472637278656,-0.04153660968540544,0.010820415704254776,-0.380427011479889,-0.3553401427445282,-0.908877191130314,-0.37304627884064906,0.0002044054450671129,-0.8981232307524378,0.9752665907389501,-0.035508848598791,-0.031931361042501494,0.016658729553529015,-0.020447439929430312,0.0014994251392213345,0.017587298880595625,-0.020825975348532776,0.002232087385573678,-0.2074223029843132,-0.14686508931640904,-0.366842745543506,-0.46707912469663837,0.09783988492194551,-0.9158362446435082,1.2414249922328304,-0.06534841172140471,-0.03147616099189143,0.013267409552644402,-0.06724896612607086,-0.00167579217774122,0.007828827175377251,-0.058476458899407904,-0.006407115861597288,0.6122853647149187,0.31369738371419054,0.4084765302351149,0.5849046481739194,0.6831112894287541,1.0003953795083589,0.739836112279733,0.031231251048429165,0.1511192294616146,0.5924775058185164,-0.10460254145798353,0.1509398437049277,0.3333333333333333,0.0,0.16666666666666666,1.9375,-0.1875,-0.03125,1.4797013648139472,0.09429354084669472,0.17254056566232423,8.28125,0.34375,1.96875,2.2031410860771694,0.4629612659287996,0.16420556367433248,7.34375,0.53125,2.0,0.3125,-0.125,-0.0625,1.935483870967742,-0.3225806451612905,-0.032258064516129004,0.8333333333333334,-0.055376344086021656,-0.045698924731182866,0.21875,-0.0625,-0.0625,3.857142857142857,0.5238095238095237,0.8571428571428572,1.0,0.0,0.11111111111111116,1.43896484375,0.32666015625,0.5664850050403226,0.03125,0.0,0.03125,1.84375,-0.21875,-0.125,1.2978735710582958,0.004278929459083924,-0.00928722809332716,6.21875,0.3125,-0.09375,2.268072579483834,0.48356261693063685,0.22913705708099696,5.375,0.53125,0.03125,0.3125,-0.125,-0.0625,2.0,-0.22580645161290303,0.032258064516129004,0.8333333333333334,-0.05107526881720437,-0.045698924731182866,0.21875,-0.0625,-0.0625,3.857142857142857,0.5238095238095237,0.8571428571428572,1.0,0.0,0.11111111111111116,0.9692540322580645,0.079133064516129,0.09677419354838712,0.0,0.0,0.0
GaCo10_01,control,7,0.06955913571856229,0.0471689398885399,0.06560530093556198,1.0849999999999769,0.023749999999999494,0.03999999999999915,0.01690308509456997,0.005643168829974178,-0.021641879371806467,0.014285714285713982,0.0014285714285713989,-0.007142857142856989,0.09870334871066366,0.2572090882878417,-0.4896340078037962,0.06537204504606135,0.47112338064640585,0.13208108011018344,0.2929790142308534,0.03144942599742101,0.01797286916834473,0.044413603821700995,0.0316411237107455,0.03296108644626734,0.03220655292294059,0.013669080285661935,0.02448949598991671,0.3521217623986449,0.7325487738785339,-0.17632841725178006,-0.5431196365518023,-0.17007335771115323,-1.0681965884635911,1.0002349360445042,0.02496834530555414,-0.006963015736947353,0.03111540483713434,0.014456675283605325,0.01595610042282666,0.016047031972252688,-0.0015402669083429375,0.0006918204772307403,0.8214791749881118,1.028901477972425,0.6620587324289191,0.36422064740601123,0.8312997721026496,-0.08453647254085866,1.2954885667988272,0.05406357456599675,0.02258741357410532,0.06898067168007468,0.05571326212743028,0.05403746994968906,0.032755030733467354,0.024926203558090103,0.018519087696492815,0.9351774092316303,0.3228920445167116,0.7313685747518265,0.5489839177321783,-0.035920730441741155,0.9644746490666178,0.6496940984509405,-0.0901420138287925,0.0609772156328221,0.6095136727289302,0.017036166910413764,0.16797601061534145,0.5,0.16666666666666669,0.33333333333333337,1.96875,0.03125,0.0,1.4024028918138118,-0.07729847300013537,0.09524209266218886,9.46875,1.1875,3.15625,2.2286170310234423,0.02547594494627292,0.1896815086206054,8.5,1.15625,3.15625,0.34375,0.03125,-0.03125,2.5806451612903225,0.6451612903225805,0.6129032258064515,0.8940860215053764,0.060752688172043046,0.01505376344086018,0.34375,0.125,0.0625,3.272727272727273,-0.5844155844155843,0.27272727272727293,0.9090909090909091,-0.09090909090909094,0.02020202020202022,1.1435546875,-0.29541015625,0.2710748487903226,0.03125,0.0,0.03125,1.90625,0.0625,-0.0625,1.3040724054705235,0.006198834412227683,-0.003088393681099477,6.4375,0.21875,0.125,2.270959723226312,0.0028871437424782265,0.2320242008234752,5.53125,0.15625,0.1875,0.34375,0.03125,-0.03125,2.5483870967741935,0.5483870967741935,0.5806451612903225,0.8897849462365592,0.05645161290322587,0.010752688172043001,0.34375,0.125,0.0625,3.272727272727273,-0.5844155844155843,0.27272727272727293,0.9090909090909091,-0.09090909090909094,0.02020202020202022,0.9223790322580645,-0.046875,0.04989919354838712,0.0,0.0,0.0
GaCo11_01,control,1,0.024845320942342233,0.024845320942342233,0.030455866416395902,1.0149999999999784,0.034999999999999254,0.034999999999999254,0.02976095236571316,0.0166678789515539,0.0166678789515539,0.014285714285713982,0.004285714285714195,0.004285714285714195,0.7848249653549152,0.564345689432866,0.564345689432866,0.5669467095138409,1.0383512303048728,1.0383512303048728,0.2970430625080221,0.003961361112551187,0.003961361112551187,0.0435766853099324,0.014966110631241081,0.014966110631241081,0.03038854355758477,0.005648120550720354,0.005648120550720354,0.6326234850564713,0.7494017202771629,0.7494017202771629,0.8411879863244863,1.3506487960177211,1.3506487960177211,0.9802810180676044,0.016437702850326308,0.016437702850326308,0.010101265527364206,-0.058355322566522955,-0.058355322566522955,0.008153191195615703,-0.06675222847381962,-0.06675222847381962,-0.8108602926639004,-0.6255364239088979,-0.6255364239088979,0.5189844774056726,0.9828685212611954,0.9828685212611954,1.3229132218925306,-0.005811679316294116,-0.005811679316294116,0.022834261207664516,-0.013464506287662669,-0.013464506287662669,0.03249463666868364,-0.007252760270523302,-0.007252760270523302,-0.29620432130417246,-0.1346491051400837,-0.1346491051400837,-0.26232190779798065,0.11803507681259534,0.11803507681259534,0.6491129320625181,0.03065008466000685,0.03065008466000685,0.5299775058185164,-0.019793068019688942,-0.019793068019688942,0.0,-0.3333333333333333,-0.3333333333333333,1.84375,0.0,0.0,1.393750452046795,0.09587688098849911,0.09587688098849911,7.59375,0.84375,0.84375,1.7935255423237613,-0.02039909245166438,-0.02039909245166438,6.75,0.84375,0.84375,0.28125,-0.03125,-0.03125,1.8387096774193548,-0.38709677419354827,-0.38709677419354827,0.8887096774193549,0.01774193548387104,0.01774193548387104,0.25,-0.0625,-0.0625,3.125,0.125,0.125,0.875,-0.125,-0.125,1.212890625,0.28295110887096775,0.28295110887096775,0.03125,0.03125,0.03125,1.78125,-0.0625,-0.0625,1.2885194053891917,-0.009354165669104075,-0.009354165669104075,6.5625,-0.1875,-0.1875,1.8480591388386793,0.03413450406325369,0.03413450406325369,5.78125,-0.125,-0.125,0.28125,-0.03125,-0.03125,1.8064516129032258,-0.41935483870967727,-0.41935483870967727,0.8844086021505376,0.013440860215053752,0.013440860215053752,0.25,-0.0625,-0.0625,3.125,0.125,0.125,0.875,-0.125,-0.125,0.9939516129032258,0.0640120967741935,0.0640120967741935,0.0,0.0,0.0
GaCo11_01,control,2,0.026694620440912954,0.02605280111441648,0.06077587677508716,1.0437499999999778,0.028749999999999387,0.06374999999999864,0.08450486038430645,0.05474390801859329,0.07141178697014719,0.03857142857142775,0.02428571428571377,0.028571428571427963,0.92202362059008,0.13719865523516483,0.7015443446680308,0.47127478300832215,-0.0956719265055187,0.9426793037993539,0.33891617862856876,0.04187311612054667,0.04583447723309786,0.15938828017204093,0.11581159486210853,0.1307777054933496,0.08053977266005528,0.05015122910247051,0.05579934965319087,0.8596381015819291,0.22701461652545785,0.9764163368026207,-0.12563979875401107,-0.9668277850784974,0.38382101093922383,0.8575028684766204,-0.12277814959098399,-0.10634044674065768,0.25437956879389,0.2442783032665258,0.18592298070000285,0.25007485940451374,0.24192166820889804,0.17516943973507842,-0.273243411075391,0.5376168815885094,-0.08791954232038846,0.15968287433171477,-0.35930160307395775,0.6235669181872376,1.3290275091876613,0.006114287295130749,0.00030260797883663315,0.042708924527984284,0.019874663320319768,0.006410157032657099,0.023836556766607262,-0.008658079902076374,-0.015910840172599677,0.7176689356079297,1.013873256912102,0.8792241517720184,0.6207481836552857,0.8830700914532663,1.0011051682658616,0.7330274317842738,0.08391449972175569,0.11456458438176254,0.638210417543133,0.10823291172461658,0.08843984370492763,0.0,0.0,-0.3333333333333333,2.03125,0.1875,0.1875,1.5551034609290626,0.16135300888226767,0.2572298898707668,7.6875,0.09375,0.9375,1.8216883342374386,0.02816279191367732,0.007763699462012941,6.65625,-0.09375,0.75,0.34375,0.0625,0.03125,1.8064516129032258,-0.032258064516129004,-0.41935483870967727,0.8040322580645162,-0.08467741935483875,-0.0669354838709677,0.25,0.0,-0.0625,3.25,0.125,0.25,1.0,0.125,0.0,1.41357421875,0.20068359375,0.48363470262096775,0.03125,0.0,0.03125,1.90625,0.125,0.0625,1.3762823931906023,0.08776298780141056,0.07840882213230649,6.59375,0.03125,-0.15625,1.9815174211504123,0.13345828231173296,0.16759278637498665,5.6875,-0.09375,-0.21875,0.34375,0.0625,0.03125,1.903225806451613,0.09677419354838723,-0.32258064516129004,0.8040322580645162,-0.08037634408602146,-0.0669354838709677,0.25,0.0,-0.0625,3.25,0.125,0.25,1.0,0.125,0.0,0.9430443548387096,-0.050907258064516125,0.01310483870967738,0.0,0.0,0.0
GaCo11_01,control,3,0.038895516524736135,0.029442869340324043,0.035766581829215056,1.0187499999999783,-0.024999999999999467,0.038749999999999174,0.011259916264595793,-0.07324494411971065,-0.0018331571495634694,0.014285714285713982,-0.02428571428571377,0.004285714285714195,-0.2419354838709677,-1.1639591044610478,-0.4624147597930168,0.02550721637464237,-0.4457675666336798,0.4969117371656742,0.26495019637710376,-0.073965982251465,-0.028131505018367142,0.026799921988216145,-0.13258835818382478,-0.0018106526904751764,0.025944476800621247,-0.05459529585943404,0.0012040537937568312,0.22659204638829542,-0.6330460551936337,0.343370281608987,-0.16072354779807843,-0.03508374904406736,0.3487372618951565,0.9006722555739737,0.043169387097353296,-0.06317105964330438,0.22172433714292597,-0.03265523165096404,0.1532677490490388,0.10361372271680948,-0.14646113668770427,0.02870830304737415,0.5275074054045376,0.8007508164799286,0.7128312741595402,-0.63989587410992,-0.7995787484416348,-0.1760118302543971,1.303004345683437,-0.02602316350422429,-0.025720555525387656,0.01929929238439002,-0.023409632143594265,-0.016999475110937166,0.02924369747899158,0.0054071407123843195,-0.010503699460215357,-0.402975360816736,-1.1206442964246657,-0.24142014465264727,0.4644804775456133,-0.15626770610967244,0.8448374621561893,0.6788588966469109,-0.05416853513736286,0.060396049244399674,0.5091441724851832,-0.12906624505794984,-0.0406264013530222,0.3333333333333333,0.3333333333333333,0.0,1.96875,-0.0625,0.125,1.513048087844214,-0.042055373084848524,0.21517451678591826,8.71875,1.03125,1.96875,1.9876128493018146,0.165924515064376,0.17368821452638894,7.75,1.09375,1.84375,0.3125,-0.03125,0.0,1.7419354838709677,-0.06451612903225801,-0.4838709677419353,0.7919354838709678,-0.012096774193548376,-0.07903225806451608,0.25,0.0,-0.0625,3.0,-0.25,0.0,0.875,-0.125,-0.125,1.08740234375,-0.326171875,0.15746282762096775,0.03125,0.0,0.03125,1.90625,0.0,0.0625,1.4223872482101938,0.046104855019591495,0.12451367715189798,6.6875,0.09375,-0.0625,2.038935522402837,0.057418101252424636,0.22501088762741128,5.78125,0.09375,-0.125,0.3125,-0.03125,0.0,1.7741935483870968,-0.12903225806451624,-0.4516129032258063,0.7919354838709678,-0.012096774193548376,-0.07903225806451608,0.25,0.0,-0.0625,3.0,-0.25,0.0,0.875,-0.125,-0.125,0.8644153225806451,-0.0786290322580645,-0.06552419354838712,0.0,0.0,0.0
GaCo11_01,control,4,0.09540714297171729,0.0769437815685238,0.1376937405996812,0.9987499999999787,-0.019999999999999574,0.0187499999999996,0.07180081575342248,0.06054089948882669,0.05870774233926322,0.0742857142857127,0.05999999999999872,0.06428571428571292,-0.13454775710752928,0.10738772676343841,-0.35502703302957844,-0.2526141464276816,-0.27812136280232397,0.21879037436335025,0.37542740715016854,0.11047721077306477,0.08234570575469763,0.18662780575546872,0.15982788376725257,0.1580172310767774,0.15761222891080243,0.13166775211018117,0.13287180590393802,0.29063643602130484,0.06404438963300943,0.4074146712419965,-0.24122044727226105,-0.08049689947418262,0.2682403624209739,0.9650246436151142,0.06435238804114052,0.0011813283978361344,0.1501830338271224,-0.07154130331580358,0.08172644573323523,0.19040774313769887,0.08679402042088939,0.11550232346826354,-0.2541396066634848,-0.7816470120680223,-0.06881573790848222,0.06047430093214406,0.700370175042064,0.524358344787667,1.4135036253333984,0.11049927964996131,0.08477872412457366,0.1512371632024437,0.1319378708180537,0.11493839570711653,0.12605023071697935,0.09680653323798777,0.08630283377777241,0.3451965172645325,0.7481718780812685,0.5067517334286212,-0.17469810654081927,-0.6391785840864326,0.20565887806975672,0.7849071191941293,0.10604822254721835,0.16644427179161803,0.7793731152961889,0.27022894281100573,0.22960254145798353,0.3333333333333333,0.0,0.0,2.125,0.15625,0.28125,1.5606036879899208,0.0475556001457067,0.26273011693162496,7.28125,-1.4375,0.53125,1.419549565088143,-0.5680632842136717,-0.39437506968728275,6.15625,-1.59375,0.25,0.40625,0.09375,0.09375,1.8064516129032258,0.06451612903225801,-0.41935483870967727,0.8172043010752689,0.025268817204301075,-0.053763440860215006,0.3125,0.0625,0.0,2.7,-0.2999999999999998,-0.2999999999999998,1.0,0.125,0.0,1.8974609375,0.81005859375,0.9675214213709677,0.03125,0.0,0.03125,2.0,0.09375,0.15625,1.2951522516054665,-0.12723499660472726,-0.002721319452829274,6.1875,-0.5,-0.5625,1.533233984626255,-0.5057015377765819,-0.2806906501491706,5.1875,-0.59375,-0.71875,0.40625,0.09375,0.09375,1.903225806451613,0.12903225806451624,-0.32258064516129004,0.8172043010752689,0.025268817204301075,-0.053763440860215006,0.3125,0.0625,0.0,2.7,-0.2999999999999998,-0.2999999999999998,1.0,0.125,0.0,0.9264112903225806,0.0619959677419355,-0.0035282258064516236,0.0,0.0,0.0
GaCo11_01,control,5,0.11148330841153792,0.042845407957186755,0.024170720930541546,0.9724999999999793,-0.02624999999999944,-0.00749999999999984,0.011649647450214103,-0.06015116830320838,-0.0014434259639451597,0.014285714285713982,-0.05999999999999872,0.004285714285714195,-0.17282528245507084,-0.03827752534754156,-0.39330455837712,-0.12909944487358052,0.12351470155410108,0.3423050759174513,0.23913823964449885,-0.1362891675056697,-0.05394346175097206,0.011827268254499989,-0.17480053750096874,-0.016783306424191333,0.017560337831745366,-0.14005189107905705,-0.0071800851751190505,-0.5571107119645126,-0.8477471479858174,-0.4403324767438209,0.046076554096763506,0.2872970013690246,0.5555373637899984,0.8876222446960664,-0.07740239891904777,-0.07622107052121163,0.25998848752772663,0.10980545370060424,0.19153189943383947,0.22746412685661585,0.03705638371891698,0.1525587071871805,-0.21586586084436502,0.03827374581911977,-0.030541992089362452,-0.17259766791984119,-0.23307196885198525,0.29128637593568174,1.3290109536082473,-0.08449267172515107,0.0002860523994225872,0.010359057613103614,-0.1408781055893401,-0.02593970988222357,0.009778911564625847,-0.1162713191523535,-0.02996848537458109,0.24349961171580664,-0.10169690554872585,0.4050548278798954,0.28642820282730835,0.4611263093681276,0.6667851874378843,0.6981203125901444,-0.08678680660398486,0.07965746518763317,0.5235902344426083,-0.2557828808535806,-0.026180339395597052,0.16666666666666666,-0.16666666666666666,-0.16666666666666666,2.09375,-0.03125,0.25,1.5935226751223317,0.032918987132410926,0.2956491040640359,8.28125,1.0,1.53125,1.9876128493018146,0.5680632842136717,0.17368821452638894,7.1875,1.03125,1.28125,0.34375,-0.0625,0.03125,1.3548387096774193,-0.4516129032258065,-0.8709677419354838,0.796236559139785,-0.020967741935483897,-0.0747311827956989,0.21875,-0.09375,-0.09375,2.4285714285714284,-0.2714285714285718,-0.5714285714285716,0.5714285714285714,-0.4285714285714286,-0.4285714285714286,1.09521484375,-0.80224609375,0.16527532762096775,0.03125,0.0,0.03125,2.03125,0.03125,0.1875,1.513048087844214,0.21789583623874753,0.21517451678591826,6.25,0.0625,-0.5,2.032002032003048,0.49876804737679303,0.21807739722762243,5.21875,0.03125,-0.6875,0.34375,-0.0625,0.03125,1.3225806451612903,-0.5806451612903227,-0.9032258064516128,0.7919354838709678,-0.025268817204301075,-0.07903225806451608,0.21875,-0.09375,-0.09375,2.4285714285714284,-0.2714285714285718,-0.5714285714285716,0.5714285714285714,-0.4285714285714286,-0.4285714285714286,0.8724798387096774,-0.05393145161290325,-0.05745967741935487,0.0,0.0,0.0
GaCo11_01,control,6,0.058247207358448044,0.040679565674526665,0.09474282748300421,1.0924999999999767,0.11999999999999744,0.1124999999999976,0.15021413287132723,0.13856448542111313,0.13712105945716796,0.12857142857142584,0.11428571428571185,0.11857142857142605,0.13698630136986298,0.3098115838249338,-0.08349297455218618,-0.34622834920368195,-0.21712890433010143,0.1251761715873499,0.2568357707598997,0.017697531115400872,-0.03624593063557119,0.024576864992880348,0.012749596738380359,-0.004033709685810974,0.025390398878162752,0.007830061046417387,0.0006499758712983361,0.010711911476699592,0.5678226234412121,0.1274901466973912,-0.09176636626139482,-0.13784292035815832,0.4176944434318401,0.910085287481253,0.022463042785186516,-0.053758027736025116,0.17419938161840937,-0.08578910590931726,0.1057427935245222,0.163436277450591,-0.06402784940602485,0.08853085778115567,-0.22043111106789415,-0.004565250223529133,-0.035107242312891584,-0.15974812117905265,0.012849546740788531,0.30413592267647027,1.3418928242856816,0.012881870677434293,0.01316792307685688,0.09960448092698294,0.08924542331387933,0.06330571343165575,0.11152887386517259,0.10174996230054674,0.07178147692596565,-0.18853505722718983,-0.43203466894299647,-0.026979841063101084,-0.3154563098061307,-0.6018845126334391,0.06490067480444528,0.7676138900575107,0.06949357746736629,0.14915104265499946,0.6095136727289302,0.08592343828632187,0.05974309889072482,0.16666666666666666,0.0,-0.16666666666666666,1.90625,-0.1875,0.0625,1.6335075066229565,0.03998483150062482,0.3356339355646607,8.9375,0.65625,2.1875,1.8305208143074754,-0.1570920349943392,0.016596179532049726,8.03125,0.84375,2.125,0.25,-0.09375,-0.0625,1.8387096774193548,0.4838709677419355,-0.38709677419354827,0.8467741935483871,0.05053763440860215,-0.024193548387096753,0.25,0.03125,-0.0625,3.125,0.6964285714285716,0.125,0.875,0.3035714285714286,-0.125,1.448974609375,0.353759765625,0.5190350932459677,0.03125,0.0,0.03125,1.84375,-0.1875,0.0,1.5050318826330342,-0.00801620521117985,0.2071583115747384,6.90625,0.65625,0.15625,1.8727136598030418,-0.15928837220000625,0.05878902502761618,6.0625,0.84375,0.15625,0.25,-0.09375,-0.0625,1.8709677419354838,0.5483870967741935,-0.35483870967741926,0.8467741935483871,0.05483870967741933,-0.024193548387096753,0.25,0.03125,-0.0625,3.125,0.6964285714285716,0.125,0.875,0.3035714285714286,-0.125,0.9795866935483871,0.10710685483870974,0.04964717741935487,0.0,0.0,0.0
GaCo11_01,control,7,0.0442263526262046,0.025341131308904696,0.02485038720188352,1.0087499999999785,-0.08374999999999821,0.028749999999999387,0.009910312089650937,-0.1403038207816763,-0.0031827613245083257,0.008571428571428388,-0.11999999999999746,-0.0014285714285713989,0.2581988897471611,0.12121258837729812,0.037719613825111936,0.6002450479987809,0.9464733972024628,1.0716495687898127,0.24536418347717126,-0.011471587282728457,-0.047717517918299646,0.010258013674296204,-0.014318851318584144,-0.01835256100439512,0.010616322136415326,-0.014774076741747426,-0.01412410087044909,0.05060482834719631,0.03989291687049672,0.16738306356788793,-0.07586477715118933,0.01590158911020549,0.4335960325420456,0.9838363836383639,0.07375109615711095,0.019993068421085836,0.014988197989395977,-0.15921118362901338,-0.053468390104491184,0.01145714571457146,-0.15197913173601954,-0.06344827395486387,0.34853873387986617,0.5689698449477603,0.5338626026348687,-0.21865884191769297,-0.058910720738640315,0.24522520193782993,1.320841569451063,-0.02105125483461867,-0.007883331757761791,0.017471132014853466,-0.08213334891212948,-0.01882763548047372,0.01884070760017179,-0.0926881662650008,-0.02090668933903515,0.10897502616319601,0.29751008339038587,0.27053024232728473,0.34610833732379365,0.6615646471299244,0.7264653219343696,0.7245110699497298,-0.04310282010778088,0.10604822254721857,0.5433833024622974,-0.06613037026663282,-0.006387271375907999,0.0,-0.16666666666666666,-0.3333333333333333,2.15625,0.25,0.3125,1.5050318826330342,-0.1284756239899223,0.2071583115747384,9.03125,0.09375,2.28125,1.616135873399982,-0.21438494090749338,-0.19778876137544366,7.875,-0.15625,1.96875,0.40625,0.15625,0.09375,2.129032258064516,0.29032258064516125,-0.09677419354838701,0.9381720430107527,0.09139784946236562,0.06720430107526887,0.3125,0.0625,0.0,3.1,-0.02499999999999991,0.10000000000000009,0.9,0.025000000000000022,-0.09999999999999998,1.04638671875,-0.402587890625,0.11644720262096775,0.03125,0.0,0.03125,2.125,0.28125,0.28125,1.4535828926505883,-0.05144898998244596,0.15570932159229245,6.03125,-0.875,-0.71875,1.616135873399982,-0.25657778640305984,-0.19778876137544366,4.90625,-1.15625,-1.0,0.40625,0.15625,0.09375,2.129032258064516,0.25806451612903225,-0.09677419354838701,0.9381720430107527,0.09139784946236562,0.06720430107526887,0.3125,0.0625,0.0,3.1,-0.02499999999999991,0.10000000000000009,0.9,0.025000000000000022,-0.09999999999999998,0.8220766129032258,-0.15751008064516137,-0.1078629032258065,0.0,0.0,0.0
GaCo12_01,control,1,0.021536376382123985,0.021536376382123985,0.031092515079111857,0.9637499999999795,0.00374999999999992,0.00374999999999992,0.009161253813128847,-0.010111228420059373,-0.010111228420059373,0.014285714285713982,-0.007142857142856989,-0.007142857142856989,-0.6578947368421053,-0.15965541257873067,-0.15965541257873067,0.4629100498862758,0.4153852042341001,0.4153852042341001,0.25162438958220296,-0.006010116169604007,-0.006010116169604007,0.013066027846893976,-0.002086486310056472,-0.002086486310056472,0.01397566080148825,0.00023935356014181258,0.00023935356014181258,0.20243513356061194,0.26474347995130365,0.26474347995130365,0.3013299136535706,0.8978820867520363,0.8978820867520363,0.9935841133116297,-0.014204297108359798,-0.014204297108359798,0.01925174598464192,0.007430199965103945,0.007430199965103945,0.017921091388264525,0.007698565376264836,0.007698565376264836,0.36382150185802825,0.11572993136544654,0.11572993136544654,0.04738958120803351,0.392040703880711,0.392040703880711,1.2452353499728703,-0.004638157639649032,-0.004638157639649032,0.016235838056277145,0.000733028001362027,0.000733028001362027,0.021509960468180735,0.006271792514447316,0.006271792514447316,-0.23972585220869594,-0.3952634263260294,-0.3952634263260294,0.17380674837113627,0.8220886364464148,0.8220886364464148,0.7590975282229667,0.14334936491887995,0.14334936491887995,0.6267166357956305,0.056548603415408794,0.056548603415408794,0.3333333333333333,0.0,0.0,2.21875,-0.03125,-0.03125,1.5394673356129889,0.12525377323989373,0.12525377323989373,7.0,1.3125,1.3125,1.9007638532459659,-0.0074104134964783075,-0.0074104134964783075,5.78125,1.34375,1.34375,0.40625,-0.0625,-0.0625,1.935483870967742,0.22580645161290325,0.22580645161290325,0.8736559139784947,0.05752688172043008,0.05752688172043008,0.25,0.03125,0.03125,3.375,0.08928571428571441,0.08928571428571441,0.875,-0.125,-0.125,1.02978515625,0.22988596270161288,0.22988596270161288,0.03125,0.03125,0.03125,2.15625,-0.09375,-0.09375,1.4615364209206076,0.0473228585475125,0.0473228585475125,5.96875,0.28125,0.28125,1.942468914518574,0.034294647776129894,0.034294647776129894,4.8125,0.375,0.375,0.40625,-0.0625,-0.0625,1.967741935483871,0.25806451612903225,0.25806451612903225,0.8736559139784947,0.05752688172043008,0.05752688172043008,0.25,0.03125,0.03125,3.375,0.08928571428571441,0.08928571428571441,0.875,-0.125,-0.125,0.8049395161290323,0.005040322580645129,0.005040322580645129,0.0,0.0,0.0
GaCo12_01,control,2,0.053981336124152034,0.04691681555109688,0.10710726411477905,0.9824999999999791,0.0187499999999996,0.02249999999999952,0.04062019202317894,0.031458938210050094,0.021347709789990718,0.049999999999998934,0.03571428571428495,0.028571428571427963,-0.1424113854813689,0.5154833513607364,0.35582793878200575,-0.5618293103007741,-1.0247393601870498,-0.6093541559529498,0.2842410816033224,0.03261669202111944,0.026606575851515435,0.08975626548319468,0.0766902376363007,0.07460375132624424,0.07698749602933955,0.0630118352278513,0.06325118878799312,0.127429840506898,-0.07500529305371392,0.18973818689758973,-0.21055242446580633,-0.5118823381193769,0.3859997486326593,0.9927738777692776,-0.0008102355423520446,-0.015014532650711843,0.02489102793413387,0.00563928194949195,0.013069481914595895,0.02826919382723955,0.010348102438975024,0.01804666781523986,-0.28829464062801097,-0.6521161424860392,-0.5363862111205927,-0.13319254871118394,-0.18058212991921746,0.21145857396149356,1.3500950887798089,0.10485973880693855,0.10022158116728952,0.23282773346425994,0.2165918954079828,0.21732492340934484,0.18471154870349246,0.16320158823531172,0.16947338074975904,0.2166922025635786,0.45641805477227454,0.06115462844624514,-0.16575682016283563,-0.3395635685339719,0.4825250679124429,0.8892095498097813,0.13011202158681456,0.2734613865056945,0.7387467139431666,0.11203007814753607,0.16857868156294487,0.5,0.16666666666666669,0.16666666666666669,2.34375,0.125,0.09375,1.6773515029701225,0.1378841673571336,0.26313794059702733,7.03125,0.03125,1.34375,1.8748655865799915,-0.02589826666597439,-0.0333086801624527,5.6875,-0.09375,1.25,0.4375,0.03125,-0.03125,1.6774193548387097,-0.25806451612903225,-0.032258064516129004,0.878494623655914,0.004838709677419284,0.06236559139784936,0.25,0.0,0.03125,2.75,-0.625,-0.5357142857142856,0.875,0.0,-0.125,1.314453125,0.28466796875,0.5145539314516129,0.03125,0.0,0.03125,2.25,0.09375,0.0,1.545023227719748,0.08348680679914033,0.13080966534665284,5.96875,0.0,0.28125,1.942468914518574,0.0,0.034294647776129894,4.71875,-0.09375,0.28125,0.4375,0.03125,-0.03125,1.6129032258064515,-0.3548387096774195,-0.09677419354838723,0.8731182795698926,-0.0005376344086021057,0.05698924731182797,0.25,0.0,0.03125,2.75,-0.625,-0.5357142857142856,0.875,0.0,-0.125,0.8407258064516129,0.03578629032258063,0.040826612903225756,0.0,0.0,0.0
GaCo12_01,control,3,0.06621251800264254,0.03860470606179224,0.028837230998742004,0.9712499999999793,-0.01124999999999976,0.01124999999999976,0.011259916264595793,-0.029360275758583146,-0.008012565968592426,0.012857142857142583,-0.03714285714285635,-0.008571428571428388,-0.28539089649269644,-0.14297951101132755,0.2128484277706782,0.29092868272585626,0.8527579930266304,0.2434038370736805,0.24445010939396067,-0.03979097220936173,-0.013184396357846295,0.015568577932648327,-0.07418768755054636,0.0004160637756978787,0.017449126077886856,-0.05953836995145269,0.003712818836540418,-0.03767295485832264,-0.16510279536522066,0.024635391532369086,-0.07486200956029074,0.1356904149055156,0.5216901635381749,0.9883738533292105,-0.004400024440067152,-0.019414557090778994,0.011660868720324909,-0.013230159213808962,-0.0001606772992130672,0.013317080971720146,-0.014952112855519404,0.003094554959720457,0.004799581093185345,0.2930942217211963,-0.24329198939939636,-0.4879851885220075,-0.35479263981082354,-0.14333406584933,1.2303260885735114,-0.11976900020629744,-0.01954741903900792,0.01889503262489035,-0.2139327008393696,0.0033922225699752322,0.016304163027285292,-0.16840738567620717,0.001065995073551873,0.47273595731309936,0.2560437547495208,0.3171983831957659,0.7103149894373892,0.8760718096002249,1.3585968775126678,0.7245110699497298,-0.16469847986005148,0.10876290664564303,0.6109898128338918,-0.12775690110927485,0.04082178045367002,0.3333333333333333,-0.16666666666666669,0.0,2.15625,-0.1875,-0.09375,1.5680144625731962,-0.10933704039692627,0.15380090020010106,8.21875,1.1875,2.53125,1.7177324700632743,-0.15713311651671713,-0.19044179667916983,7.0625,1.375,2.625,0.375,-0.0625,-0.09375,1.8064516129032258,0.12903225806451601,0.09677419354838701,0.7768817204301076,-0.1016129032258064,-0.03924731182795704,0.25,0.0,0.03125,2.875,0.125,-0.4107142857142856,1.0,0.125,0.0,1.04833984375,-0.26611328125,0.24844065020161288,0.03125,0.0,0.03125,2.125,-0.125,-0.125,1.51870063307527,-0.02632259464447806,0.10448707070217478,6.21875,0.25,0.53125,1.7177324700632743,-0.22473644445529972,-0.19044179667916983,5.09375,0.375,0.65625,0.375,-0.0625,-0.09375,1.8064516129032258,0.19354838709677424,0.09677419354838701,0.7768817204301076,-0.09623655913978502,-0.03924731182795704,0.25,0.0,0.03125,2.875,0.125,-0.4107142857142856,1.0,0.125,0.0,0.8240927419354839,-0.016633064516129004,0.024193548387096753,0.0,0.0,0.0
GaCo12_01,control,4,0.07355844907759769,0.044845636586523595,0.07094015054932663,1.0074999999999785,0.03624999999999923,0.04749999999999899,0.06798108980759557,0.05672117354299978,0.04870860757440735,0.0728571428571413,0.05999999999999872,0.05142857142857033,-0.1526547676830367,0.13273612880965974,0.34558455658033793,-0.2368940581601962,-0.5278227408860525,-0.28441890381237195,0.2940215849446524,0.049571475550691746,0.03638707919284545,0.080512016190083,0.06494343825743468,0.06535950203313255,0.0680338207480274,0.05058469467014054,0.05429751350668096,0.1338274919186349,0.17150044677695755,0.19613583830932663,-0.22183210377333143,-0.1469700942130407,0.37472006932513424,1.0245499394659965,0.03617608613678602,0.01676152904600703,0.032648191726480265,0.020987323006155356,0.020826645706942287,0.02625914765389581,0.012942066682175664,0.01603662164189612,0.38305853237222837,0.378258951279043,0.13496696187964666,-0.3219110608297896,0.1660741276922179,0.022740061842887904,1.260537322587627,0.03021123401411563,0.01066381497510771,0.04439430075101271,0.025499268126122358,0.028891490696097588,0.04489238377507416,0.028588220747788867,0.02965421582134074,0.012840800174883,-0.4598951571382164,-0.14269677394245045,-0.2752846159648007,-0.9855996054021899,0.37299727211047784,0.5765246528378741,-0.14798641711185567,-0.03922351046621264,0.587806870238239,-0.02318294259565279,0.01763883785801723,0.5,0.16666666666666669,0.16666666666666669,2.25,0.09375,0.0,1.646109783506203,0.07809532093300686,0.23189622113310793,7.15625,-1.0625,1.46875,1.9528205407861032,0.2350880707228289,0.04464627404365906,5.90625,-1.15625,1.46875,0.40625,0.03125,-0.0625,1.8387096774193548,0.032258064516129004,0.12903225806451601,0.8341013824884793,0.0572196620583717,0.017972350230414658,0.28125,0.03125,0.0625,2.6666666666666665,-0.20833333333333348,-0.6190476190476191,1.0,0.0,0.0,1.8076171875,0.75927734375,1.007717993951613,0.03125,0.0,0.03125,2.125,0.0,-0.125,1.408499544814245,-0.11020108826102493,-0.0057140175588501485,6.0625,-0.15625,0.375,2.03100960115899,0.31327713109571587,0.12283533441654604,4.9375,-0.15625,0.5,0.40625,0.03125,-0.0625,1.7419354838709677,-0.06451612903225801,0.032258064516129004,0.8279569892473119,0.051075268817204256,0.011827956989247213,0.28125,0.03125,0.0625,2.6666666666666665,-0.20833333333333348,-0.6190476190476191,1.0,0.0,0.0,0.8336693548387096,0.009576612903225756,0.03377016129032251,0.0,0.0,0.0
GaCo12_01,control,5,0.060177780939182905,0.033711977379035245,0.024751030045312497,1.0024999999999786,-0.004999999999999893,0.042499999999999094,0.008864052604278994,-0.059117037203316576,-0.010408429628909225,0.008571428571428388,-0.06428571428571292,-0.012857142857142583,0.1345345587992625,0.2871893264822992,0.6327738830626372,0.36469840431289846,0.6015924624730946,0.3171735586607227,0.24936843684368437,-0.04465314810096804,-0.008266068908122592,0.010199573174038187,-0.0703124430160448,-0.004952940982912261,0.009271784321289278,-0.05876203642673812,-0.004464522920057159,0.23590964549199658,0.10208215357336167,0.2982179918826883,-0.3057034284513269,-0.08387132467799549,0.2908487446471387,0.9925495049504951,-0.032000434515501386,-0.015238905469494357,0.00888096051773202,-0.023767231208748244,-0.002940585501805955,0.0058000085722857975,-0.02045913908161001,-0.004422517439713891,0.5970374133257904,0.21397888095356205,0.34894584283320873,0.2730166195775344,0.594927680407324,0.6176677422502119,1.236892689268927,-0.023644633318700148,-0.012980818343592437,0.008065153659254455,-0.03632914709175825,-0.007437656395660663,0.011337133713371353,-0.033555250061702804,-0.0039010342403620665,-0.4531922292877693,-0.4660330294626523,-0.6087298034051027,-0.09291302396464991,0.1823715920001508,0.5553688641106286,0.6293061675570443,0.05278151471917014,0.0135580042529575,0.5471804688852169,-0.04062640135302209,-0.02298756349500486,0.3333333333333333,-0.16666666666666669,0.0,2.40625,0.15625,0.15625,1.583368703623039,-0.06274107988316402,0.1691551412499439,7.53125,0.375,1.84375,1.6458035590065752,-0.3070169817795281,-0.262370707735869,6.125,0.21875,1.6875,0.46875,0.0625,0.0,1.5483870967741935,-0.29032258064516125,-0.16129032258064524,0.8510752688172044,0.016973886328725096,0.034946236559139754,0.21875,-0.0625,0.0,3.142857142857143,0.4761904761904763,-0.1428571428571428,1.0,0.0,0.0,1.04248046875,-0.76513671875,0.24258127520161288,0.03125,0.0,0.03125,2.34375,0.21875,0.09375,1.5157107350210541,0.10721119020680914,0.10149717264795899,5.5,-0.5625,-0.1875,1.684847078348464,-0.3461625228105263,-0.22332718839398025,4.15625,-0.78125,-0.28125,0.46875,0.0625,0.0,1.5161290322580645,-0.22580645161290325,-0.19354838709677424,0.8467741935483872,0.018817204301075363,0.030645161290322576,0.21875,-0.0625,0.0,3.142857142857143,0.4761904761904763,-0.1428571428571428,1.0,0.0,0.0,0.8180443548387096,-0.015625,0.01814516129032251,0.0,0.0,0.0
GaCo12_01,control,6,0.06931591794555499,0.05811570891923609,0.10102561853872269,0.9724999999999793,-0.02999999999999936,0.012499999999999734,0.09881440033864143,0.08995034773436243,0.07954191810545322,0.04857142857142754,0.03999999999999915,0.027142857142856566,-0.6806139097297726,-0.8151484685290351,-0.182374585466398,-0.2888175847069096,-0.6535159890198081,-0.33634243035908534,0.2729186304719048,0.023550193628220417,0.015284124720097825,0.03443477777171184,0.024235204597673653,0.019282263614761392,0.02044845679255669,0.011176672471267413,0.006712149551210253,-0.44845273488020077,-0.6843623803721973,-0.38614438848950905,-0.30510396332660494,0.0005994651247219762,0.2914482097718607,1.054491920132298,0.06194241518180288,0.04670350971230852,0.15063666092542663,0.1417557004076946,0.13881511490588866,0.08185985319030446,0.07605984461801867,0.07163732717830477,-0.6849247825319933,-1.2819621958577838,-0.933016353024575,0.10763652582217752,-0.1653800937553569,0.45228764849485503,1.3439074057691711,0.10701471650024419,0.09403389815665175,0.25457819590642033,0.2465130422471659,0.23907538585150523,0.11410401010081819,0.10276687638744685,0.09886584214708477,-0.7222647953691048,-0.2690725660813355,-0.8778023694864383,-0.412356697313567,-0.3194436733489171,0.23592519076171153,0.6845029515992261,0.05519678404218187,0.06875478829513937,0.63051380221855,0.08333333333333315,0.06034576983832829,0.16666666666666666,-0.16666666666666666,-0.16666666666666666,2.125,-0.28125,-0.125,1.4756081305138942,-0.10776057310914489,0.06139456814079902,7.75,0.21875,2.0625,1.684847078348464,0.039043519341888766,-0.22332718839398025,6.625,0.5,2.1875,0.40625,-0.0625,-0.0625,1.4193548387096775,-0.12903225806451601,-0.29032258064516125,0.8225806451612904,-0.028494623655914042,0.006451612903225712,0.21875,0.0,0.0,2.857142857142857,-0.2857142857142856,-0.4285714285714284,0.8571428571428571,-0.1428571428571429,-0.1428571428571429,1.30224609375,0.259765625,0.5023469002016129,0.03125,0.0,0.03125,2.03125,-0.3125,-0.21875,1.307160799151623,-0.20854993586943116,-0.10705276322147217,5.6875,0.1875,0.0,1.7494238682971437,0.06457678994867977,-0.15875039844530048,4.65625,0.5,0.21875,0.40625,-0.0625,-0.0625,1.4838709677419355,-0.032258064516129004,-0.22580645161290325,0.8225806451612904,-0.024193548387096864,0.006451612903225712,0.21875,0.0,0.0,2.857142857142857,-0.2857142857142856,-0.4285714285714284,0.8571428571428571,-0.1428571428571429,-0.1428571428571429,0.828125,0.01008064516129037,0.028225806451612878,0.0,0.0,0.0
GaCo12_01,control,7,0.06920052902290424,0.02867198514192013,0.03875949172951388,1.0137499999999784,0.04124999999999912,0.053749999999998854,0.0613974173491255,-0.03741698298951593,0.04212493511593728,0.03142857142857076,-0.01714285714285678,0.009999999999999787,0.7272344372976829,1.4078483470274556,1.2254737615610576,0.18569901727950652,0.4745166019864161,0.13817417162733076,0.25273722936480925,-0.020181401107095542,-0.004897276386997718,0.025376230146333025,-0.009058547625378815,0.010223715989382577,0.01739685991709163,-0.0030515968754650617,0.0036605526757451917,0.30896771066518613,0.7574204455453869,0.37127605705587785,0.6738872638594506,0.9789912271860556,1.2704394369579162,0.9958404790887906,-0.05865144104350739,-0.011947931331198869,0.013487799206872613,-0.137148861718554,0.0016662531873346369,0.011151708030485137,-0.07070814515981932,0.0009291820184854482,0.12126216649412201,0.8061869490261153,-0.1268294039984597,-0.06717889078484161,-0.17481541660701913,0.2774722318878359,1.2370869386869678,-0.10682046708220327,-0.012786568925551522,0.02021324360847182,-0.23436495229794851,0.004710433553556702,0.013871311766797076,-0.10023269833402111,-0.0013668561869363428,0.6771430358541143,1.3994078312232192,0.5216054617367808,0.2413481803847412,0.6537048776983082,0.8896300684600198,0.7007679318310256,0.016264980231799453,0.08501976852693882,0.6267166357956305,-0.0037971664229194957,0.056548603415408794,0.0,-0.16666666666666666,-0.3333333333333333,2.34375,0.21875,0.09375,1.894122913884742,0.4185147833708478,0.4799093515116468,8.9375,1.1875,3.25,1.8826457018540896,0.19779862350562571,-0.025528564888354532,7.59375,0.96875,3.15625,0.40625,0.0,-0.0625,1.5161290322580645,0.09677419354838701,-0.19354838709677424,0.8743727598566308,0.0517921146953404,0.05824372759856611,0.21875,0.0,0.0,3.142857142857143,0.2857142857142856,-0.1428571428571428,1.0,0.1428571428571429,0.0,1.10302734375,-0.19921875,0.3031281502016129,0.03125,0.0,0.03125,2.15625,0.125,-0.09375,1.4615364209206076,0.15437562176898467,0.0473228585475125,5.78125,0.09375,0.09375,1.9131864148755908,0.16376254657844713,0.005012148133146654,4.625,-0.03125,0.1875,0.40625,0.0,-0.0625,1.4838709677419355,0.0,-0.22580645161290325,0.8779569892473119,0.055376344086021545,0.06182795698924726,0.1875,-0.03125,-0.03125,3.1666666666666665,0.3095238095238093,-0.11904761904761907,1.0,0.1428571428571429,0.0,0.8805443548387096,0.05241935483870963,0.08064516129032251,0.0,0.0,0.0
GaCo13_01,control,1,0.04543143080269273,0.04543143080269273,0.08269709557391425,1.0599999999999774,0.05124999999999891,0.05124999999999891,0.05126959555693137,0.04000967929233558,0.04000967929233558,0.04571428571428474,0.029999999999999364,0.029999999999999364,0.36607014756898226,0.5245758871461603,0.5245758871461603,0.470421602878077,0.941303212226088,0.941303212226088,0.31837527718132197,0.016216281870026106,0.016216281870026106,0.06808304122168225,0.04327388772567955,0.04327388772567955,0.07602240899069501,0.04414443127695727,0.04414443127695727,-0.24014346620282495,-0.050940836462739975,-0.050940836462739975,0.23290063752727896,0.7480232887096355,0.7480232887096355,1.0171691795677211,0.011078364603871904,0.011078364603871904,0.046958960298556916,0.027233548979190714,0.027233548979190714,0.05026345118802911,0.0261588222377391,0.0261588222377391,-0.0997927926283176,0.47029795548567516,0.47029795548567516,-0.7651081315077786,-0.5731537380067611,-0.5731537380067611,1.3281357389114907,0.04201656817088728,0.04201656817088728,0.06581121060931751,0.041453260309744264,0.041453260309744264,0.053509169400778704,0.017324307217081322,0.017324307217081322,0.26299618960537713,0.6422514545084481,0.6422514545084481,-0.23756639114925668,-0.7298225110913233,-0.7298225110913233,0.6184628474025112,-0.0028723068822290587,-0.0028723068822290587,0.6173770842097998,0.10823291172461658,0.10823291172461658,0.5,0.16666666666666669,0.16666666666666669,2.09375,0.125,0.125,1.3995246888993098,0.09236388974768683,0.09236388974768683,7.34375,0.78125,0.78125,1.7525902489301832,-0.24640143237704115,-0.24640143237704115,6.25,0.65625,0.65625,0.40625,0.03125,0.03125,2.5806451612903225,-0.032258064516129004,-0.032258064516129004,0.9489247311827957,0.021505376344086113,0.021505376344086113,0.40625,0.03125,0.03125,2.923076923076923,-0.16025641025641058,-0.16025641025641058,0.9230769230769231,0.08974358974358976,0.08974358974358976,1.15185546875,0.22342804939516125,0.22342804939516125,0.03125,0.03125,0.03125,2.03125,0.0625,0.0625,1.307160799151623,0.0,0.0,6.3125,-0.25,-0.25,1.8038936382349475,-0.19509804307227685,-0.19509804307227685,5.28125,-0.3125,-0.3125,0.40625,0.03125,0.03125,2.6129032258064515,0.0,0.0,0.9489247311827957,0.021505376344086113,0.021505376344086113,0.40625,0.03125,0.03125,2.923076923076923,-0.16025641025641058,-0.16025641025641058,0.9230769230769231,0.08974358974358976,0.08974358974358976,0.9309475806451613,0.002520161290322509,0.002520161290322509,0.0,0.0,0.0
GaCo13_01,control,2,0.06792950683343559,0.03025138668027318,0.03811573610037661,0.9937499999999788,-0.06624999999999859,-0.01499999999999968,0.01597989808656901,-0.035289697470362355,0.0047199818219732185,0.02142857142857097,-0.024285714285713772,0.005714285714285592,0.008130350006092954,-0.3579397975628893,0.16663608958327097,-0.8019664101766867,-1.2723880130547638,-0.3310848008286756,0.3043558577185425,-0.014019419462779459,0.002196862407246647,0.010397198668182867,-0.057685842553499386,-0.014411954827819838,0.014989081858891948,-0.06103332713180307,-0.016888895854845796,-0.4735181702509491,-0.23337470404812416,-0.28431554051086416,0.30224423530081895,0.06934359777353999,0.8173668864831756,0.9961363026904293,-0.02103287687729183,-0.009954512273419924,0.015080438726992046,-0.03187852157156487,-0.004644972592374156,0.021564799972740474,-0.028698651215288633,-0.002539828977549532,-0.5695836921428455,-0.46979089951452796,0.0005070559711471967,-0.4417059812108126,0.32340215029696595,-0.24975158770979505,1.2930891842169947,-0.035046554694496024,0.006970013476391257,0.016114690411868117,-0.04969652019744939,-0.008243259887705131,0.018397384927997158,-0.03511178447278154,-0.017787477255700224,-0.1540872848338674,-0.41708347443924454,0.22516798006920363,-0.4192570998918337,-0.181690708742577,-0.9115132198339003,0.634369056120937,0.01590620871842574,0.013033901836196682,0.4757767920907027,-0.14160029211909703,-0.03336738039448045,0.3333333333333333,-0.16666666666666669,0.0,2.125,0.03125,0.15625,1.4756081305138942,0.07608344161458436,0.1684473313622712,7.34375,0.0,0.78125,1.5985754747233853,-0.15401477420679788,-0.40041620658383903,6.21875,-0.03125,0.625,0.40625,0.0,0.03125,2.225806451612903,-0.3548387096774195,-0.3870967741935485,0.9032258064516129,-0.045698924731182866,-0.024193548387096753,0.375,-0.03125,0.0,2.75,-0.1730769230769229,-0.3333333333333335,0.9166666666666666,-0.0064102564102564985,0.08333333333333326,1.33935546875,0.1875,0.41092804939516125,0.03125,0.0,0.03125,2.03125,0.0,0.0625,1.307160799151623,0.0,0.0,6.28125,-0.03125,-0.28125,1.6893284598210292,-0.11456517841391833,-0.3096632214861952,5.25,-0.03125,-0.34375,0.40625,0.0,0.03125,2.2903225806451615,-0.32258064516129004,-0.32258064516129004,0.9032258064516129,-0.045698924731182866,-0.024193548387096753,0.375,-0.03125,0.0,2.75,-0.1730769230769229,-0.3333333333333335,0.9166666666666666,-0.0064102564102564985,0.08333333333333326,0.8664314516129032,-0.06451612903225801,-0.0619959677419355,0.0,0.0,0.0
GaCo13_01,control,3,0.0681776974481826,0.04649687004359877,0.07991017236266992,1.0424999999999778,0.04874999999999896,0.03374999999999928,0.03195979617313802,0.01597989808656901,0.020699879908542232,0.025714285714285166,0.004285714285714195,0.009999999999999787,0.3100961538461539,0.30196580384006094,0.4686018934233319,-0.20906219460745015,0.5929042155692366,0.2618194147405609,0.35014993937780636,0.04579408165926385,0.0479909440665105,0.10233113368027964,0.09193393501209678,0.07752198018427695,0.09111276112141246,0.07612367926252052,0.05923478340767472,0.07688036209885864,0.5503985323498077,0.2660829918389436,-0.3401752003429001,-0.6424194356437191,0.17494745083945645,0.9854412151135452,-0.010695087576884088,-0.020649599850304012,0.03591952719692185,0.020839088469929802,0.016194115877555645,0.043914162389602183,0.02234936241686171,0.019809533439312178,-0.4278795864934214,0.14170410564942415,0.14221116162057135,-0.1241534153267507,0.3175525658840619,0.06780097817426686,1.320443023733541,0.02735383951654624,0.0343238529929375,0.06603202730728157,0.04991733689541345,0.041674077007708324,0.0643187111129051,0.04592132618490795,0.02813384892920772,0.14530777033865552,0.29939505517252296,0.5245630352417265,-0.20942276860308798,0.2098343312887457,-0.7016788885451546,0.6998279939292293,0.06545893780829237,0.07849283964448905,0.5701680323802217,0.09439124028951901,0.06102385989503856,0.3333333333333333,0.0,0.0,2.0625,-0.0625,0.09375,1.3663584756098845,-0.10924965490400962,0.05919767645826157,8.28125,0.9375,1.71875,1.8532338779688906,0.25465840324550526,-0.14575780333833377,7.21875,1.0,1.625,0.40625,0.0,0.03125,2.4516129032258065,0.22580645161290347,-0.16129032258064502,0.9032258064516129,0.0,-0.024193548387096753,0.375,0.0,0.0,2.9166666666666665,0.16666666666666652,-0.16666666666666696,0.75,-0.16666666666666663,-0.08333333333333337,1.09619140625,-0.2431640625,0.16776398689516125,0.03125,0.0,0.03125,2.0,-0.03125,0.03125,1.270001270001905,-0.037159529149717985,-0.037159529149717985,6.25,-0.03125,-0.3125,1.9007638532459659,0.21143539342493667,-0.09822782806125852,5.25,0.0,-0.34375,0.40625,0.0,0.03125,2.4838709677419355,0.19354838709677402,-0.12903225806451601,0.9032258064516129,0.0,-0.024193548387096753,0.375,0.0,0.0,2.9166666666666665,0.16666666666666652,-0.16666666666666696,0.75,-0.16666666666666663,-0.08333333333333337,0.8734879032258065,0.007056451612903247,-0.05493951612903225,0.0,0.0,0.0
GaCo13_01,control,4,0.06633444038111529,0.029823559754412712,0.027077633981470638,0.9937499999999788,-0.04874999999999896,-0.01499999999999968,0.014078859531733288,-0.017880936641404735,0.0028189432671374953,0.01571428571428538,-0.009999999999999787,0.0,0.0842151921066519,-0.225880961739502,0.24272093168382994,-0.5269651864139677,-0.3179029918065176,-0.056083577065956625,0.2943638285036162,-0.055786110874190165,-0.007795166807679665,0.014841884571054058,-0.08748924910922559,-0.009967268924948647,0.01639061697038628,-0.07472214415102618,-0.015487360743351466,0.022799871243931204,-0.05408049085492743,0.21200250098401618,-0.8195128900265632,-0.47933768968366314,-0.3043902388442067,0.9936350672727698,0.008193852159224635,-0.012455747691079377,0.009248902784325027,-0.02667062441259682,-0.010476508535041175,0.012988762433094611,-0.030925399956507574,-0.011115866517195394,-0.14539552401129752,0.2824840624821239,0.4246952241026952,-0.602718425902386,-0.4785650105756353,-0.41076403240136844,1.2779710811392522,-0.04247194259428877,-0.008148089601351272,0.009389874275304619,-0.05664215303197695,-0.014968076024268629,0.008123214653826911,-0.05619549645907819,-0.02806164752987047,0.30745189282034296,0.16214412248168744,0.6867071577234141,-0.8227113118081038,-0.6132885432050158,-1.3149674317501705,0.634369056120937,-0.06545893780829237,0.013033901836196682,0.4757767920907027,-0.09439124028951901,-0.03336738039448045,0.3333333333333333,0.0,0.0,2.28125,0.21875,0.3125,1.5499089463370046,0.18355047072712005,0.24274814718538162,7.25,-1.03125,0.6875,1.722713538428218,-0.13052033954067266,-0.2762781428790064,5.96875,-1.25,0.375,0.46875,0.0625,0.09375,2.6451612903225805,0.19354838709677402,0.032258064516129004,0.9631336405529954,0.05990783410138256,0.03571428571428581,0.40625,0.03125,0.03125,2.769230769230769,-0.14743589743589736,-0.3141025641025643,1.0,0.25,0.16666666666666663,1.791015625,0.69482421875,0.8625882056451613,0.03125,0.0,0.03125,2.15625,0.15625,0.1875,1.2978735710582958,0.027872301056390825,-0.00928722809332716,6.15625,-0.09375,-0.40625,1.8158686715338377,-0.08489518171212818,-0.1831230097733867,5.0,-0.25,-0.59375,0.46875,0.0625,0.09375,2.7419354838709675,0.25806451612903203,0.12903225806451601,0.967741935483871,0.06451612903225812,0.040322580645161366,0.4375,0.0625,0.0625,2.7857142857142856,-0.13095238095238093,-0.2976190476190479,1.0,0.25,0.16666666666666663,0.8165322580645161,-0.05695564516129037,-0.11189516129032262,0.0,0.0,0.0
GaCo13_01,control,5,0.06433967427641953,0.041631702251091966,0.08221707267659745,1.0262499999999781,0.03249999999999931,0.017499999999999627,0.04438065859293633,0.03030179906120304,0.03312074232834054,0.02999999999999936,0.014285714285713982,0.014285714285713982,0.48267849868707857,0.39846330658042667,0.6411842382642566,-0.4735964015939891,0.05336878481997864,-0.0027147922459779816,0.33521241718453487,0.040848588680918674,0.03305342187323901,0.050725068787363436,0.03588318421630938,0.025915915291360732,0.05415809470855342,0.037767477738167146,0.022280116994815677,-0.17464740162228853,-0.19744727286621974,0.014555228117796443,-0.374302491281652,0.44521039874491125,0.14082015990070457,0.9989482968961366,0.0053132296233667775,-0.0071425180677126,0.03813568993486181,0.02888678715053679,0.01841027861549561,0.046278432828713356,0.033289670395618746,0.02217380387842335,-0.4936142795116576,-0.3482187555003601,0.07647646860233515,-0.07451228305986496,0.5282061428425211,0.1174421104411526,1.3582325006126692,0.08026141947341703,0.07211332987206576,0.1101921729902075,0.10080229871490289,0.08583422269063426,0.09427618253306326,0.08615296787923635,0.05809132034936588,0.22089261681631034,-0.08655927600403263,0.6001478817193814,-0.34471247072480543,0.4779988410832983,-0.836968590666872,0.6788588966469109,0.044489840525973934,0.057523742362170616,0.5975840161901108,0.12180722409940808,0.08843984370492763,0.16666666666666666,-0.16666666666666666,-0.16666666666666666,2.1875,-0.09375,0.21875,1.4466312368685639,-0.10327770946844073,0.1394704377169409,8.1875,0.9375,1.625,1.7677669529663689,0.04505341453815093,-0.2312247283408555,7.0,1.03125,1.40625,0.4375,-0.03125,0.0625,2.3548387096774195,-0.29032258064516103,-0.25806451612903203,0.9354838709677419,-0.02764976958525356,0.008064516129032251,0.40625,0.0,0.03125,2.6153846153846154,-0.15384615384615374,-0.46794871794871806,0.8461538461538461,-0.15384615384615385,0.012820512820512775,1.10009765625,-0.69091796875,0.17167023689516125,0.03125,0.0,0.03125,2.125,-0.03125,0.15625,1.3619246343602935,0.06405106330199772,0.054763835208670564,6.15625,0.0,-0.40625,1.8158686715338377,0.0,-0.1831230097733867,5.03125,0.03125,-0.5625,0.4375,-0.03125,0.0625,2.3870967741935485,-0.35483870967741904,-0.22580645161290303,0.9354838709677419,-0.032258064516129115,0.008064516129032251,0.40625,-0.03125,0.03125,2.6153846153846154,-0.17032967032967017,-0.46794871794871806,0.8461538461538461,-0.15384615384615385,0.012820512820512775,0.8775201612903226,0.060987903225806495,-0.050907258064516125,0.0,0.0,0.0
GaCo13_01,control,6,0.08448726490926046,0.05313225389065701,0.038807674692385705,0.9724999999999793,-0.053749999999998854,-0.03624999999999923,0.01581138830084156,-0.02856927029209477,0.004551472036245766,0.01571428571428538,-0.014285714285713982,0.0,0.18396881992730962,-0.29870967875976895,0.3424745595044877,-0.1798471947990542,0.2937492067949349,0.2910344145489569,0.3109998879873066,-0.024212529197228272,0.008840892676010736,0.010537292330366394,-0.040187776456997046,-0.01427186116563631,0.014283024806627631,-0.03987506990192579,-0.017594952907110113,-0.4845119735386794,-0.3098645719163909,-0.2953093437985944,0.3728590535373449,0.7471615448189969,0.8879817047197014,0.9844018128243914,-0.014546484071745192,-0.02168900213945779,0.019133869437088523,-0.01900182049777329,-0.000591541882277679,0.019272329527348538,-0.02700610330136482,-0.004832299422941468,-0.3973771143571949,0.09623716515446268,0.17271363375679782,-0.35167499607776853,-0.2771627130179036,-0.15972060257675097,1.2982936801547762,-0.059938820457893005,0.012174509414172752,0.033258985562179225,-0.07693318742802828,0.008901035262605977,0.04198330878743252,-0.05229287374563074,0.005798446603735137,-0.376297284751725,-0.5971899015680353,0.002957980151346018,-0.25849447292991606,0.08621799779488937,-0.7507505928719826,0.6184628474025112,-0.060396049244399674,-0.0028723068822290587,0.46384713555188345,-0.13373688063822736,-0.04529703693329973,0.3333333333333333,0.16666666666666666,0.0,2.125,-0.0625,0.15625,1.4756081305138942,0.028976893645330293,0.1684473313622712,8.25,0.0625,1.6875,1.8139246347754256,0.04615768180905677,-0.18506704653179873,7.125,0.125,1.53125,0.40625,-0.03125,0.03125,2.4838709677419355,0.12903225806451601,-0.12903225806451601,0.9301075268817205,-0.00537634408602139,0.0026881720430108613,0.34375,-0.0625,-0.03125,2.909090909090909,0.29370629370629375,-0.1742424242424243,1.0,0.15384615384615385,0.16666666666666663,1.3193359375,0.21923828125,0.39090851814516125,0.03125,0.0,0.03125,2.03125,-0.09375,0.0625,1.307160799151623,-0.054763835208670564,0.0,6.1875,0.03125,-0.375,1.891193512897558,0.07532484136372042,-0.10779816840966627,5.15625,0.125,-0.4375,0.40625,-0.03125,0.03125,2.5483870967741935,0.16129032258064502,-0.06451612903225801,0.9354838709677419,0.0,0.008064516129032251,0.375,-0.03125,0.0,2.8333333333333335,0.21794871794871806,-0.25,1.0,0.15384615384615385,0.16666666666666663,0.8457661290322581,-0.0317540322580645,-0.08266129032258063,0.0,0.0,0.0
GaCo13_01,control,7,0.09530809145199345,0.05962392402597722,0.12097541261746386,0.9974999999999787,0.024999999999999467,-0.01124999999999976,0.03453776401067521,0.01872637570983365,0.023277847746079418,0.04571428571428474,0.029999999999999364,0.029999999999999364,-0.3060114041209163,-0.48998022404822594,-0.14750566454373829,-0.38043801850807296,-0.20059082370901876,0.09044359083993814,0.3436629025579955,0.032663014570688875,0.04150390724669961,0.06996225806148203,0.059424965731115637,0.04515310456547932,0.053588378689201445,0.039305353882573814,0.0217104009754637,0.4111921559450737,0.8957041294837531,0.6003947856851587,-0.4737586494312075,-0.8466177029685524,0.04136400175114907,1.018769503648738,0.03436769082434665,0.012678688684888861,0.08418315749598379,0.06504928805889526,0.06445774617661759,0.0918300046516898,0.07255767512434128,0.0677253757013998,-0.27047342345220327,0.12690369090499165,0.2996173246617895,-0.13447426268059734,0.2172007333971712,0.05748013082042022,1.3550374070397924,0.056743726885016166,0.06891823629918892,0.1278941650857688,0.09463517952358959,0.10353621478619557,0.10856348983936,0.06658018105192748,0.07237862765566261,0.015729161620114455,0.3920264463718395,0.3949844265231855,-0.13212999289073316,0.1263644800391829,-0.6243861128327998,0.6998279939292295,0.08136514652671822,0.07849283964448917,0.6262807610043136,0.16243362545243017,0.11713658851913045,0.16666666666666666,-0.16666666666666666,-0.16666666666666666,1.96875,-0.15625,0.0,1.4024028918138118,-0.07320523870008233,0.09524209266218886,9.375,1.125,2.8125,1.6607421582319852,-0.15318247654344042,-0.33824952307523914,8.40625,1.28125,2.8125,0.34375,-0.0625,-0.03125,2.032258064516129,-0.4516129032258065,-0.5806451612903225,0.9032258064516129,-0.026881720430107614,-0.024193548387096753,0.3125,-0.03125,-0.0625,2.9,-0.00909090909090926,-0.18333333333333357,1.0,0.0,0.16666666666666663,1.169921875,-0.1494140625,0.24149445564516125,0.03125,0.0,0.03125,1.90625,-0.125,-0.0625,1.3040724054705235,-0.003088393681099477,-0.003088393681099477,6.34375,0.15625,-0.21875,1.7153834331077833,-0.1758100797897748,-0.2836082481994411,5.4375,0.28125,-0.15625,0.34375,-0.0625,-0.03125,2.064516129032258,-0.4838709677419355,-0.5483870967741935,0.9032258064516129,-0.032258064516129004,-0.024193548387096753,0.3125,-0.0625,-0.0625,2.9,0.06666666666666643,-0.18333333333333357,1.0,0.0,0.16666666666666663,0.9495967741935484,0.10383064516129026,0.02116935483870963,0.0,0.0,0.0
GaCo14_01,control,1,0.09136638725087222,0.09136638725087222,0.1467115873346079,1.0637499999999773,-0.016249999999999654,-0.016249999999999654,0.09164177151121604,0.06834247661078784,0.06834247661078784,0.10142857142856927,0.07285714285714132,0.07285714285714132,-0.3073364956808962,-0.1135380460684931,-0.1135380460684931,-0.2621559879170042,-0.0917564437692549,-0.0917564437692549,0.2345485717226422,0.04015264419322853,0.04015264419322853,0.06642668986526376,0.054087492205263474,0.054087492205263474,0.061719184654964475,0.041790204613129545,0.041790204613129545,0.10424794052861833,0.7892910870046989,0.7892910870046989,-0.18637946917764914,-0.32069140415262787,-0.32069140415262787,1.0132018983841775,0.036423067990464464,0.036423067990464464,0.046301537444064816,0.034008799412763566,0.034008799412763566,0.06865470134422336,0.054909108960446734,0.054909108960446734,-0.5294320708226636,0.027882479094382573,0.027882479094382573,0.09517659870868313,0.08812629295197767,0.08812629295197767,1.2981507017268727,0.11754595306534421,0.11754595306534421,0.23174839562148006,0.21574579118111134,0.21574579118111134,0.19571179576008157,0.1846817932748054,0.1846817932748054,0.13550923444641377,-0.46623358618170946,-0.46623358618170946,-0.3555722581161944,-0.7352731895492164,-0.7352731895492164,0.75,0.22167916642628127,0.22167916642628127,0.6762467139431667,0.2800060887628777,0.2800060887628777,0.16666666666666666,-0.16666666666666666,-0.16666666666666666,2.25,0.09375,0.09375,1.796053020267749,0.03428383982404215,0.03428383982404215,7.625,0.6875,0.6875,1.5606036879899208,-0.06455139145882671,-0.06455139145882671,6.375,0.59375,0.59375,0.34375,0.03125,0.03125,1.6774193548387097,0.25806451612903225,0.25806451612903225,0.8510752688172044,-0.019892473118279463,-0.019892473118279463,0.3125,0.03125,0.03125,2.2,0.08888888888888902,0.08888888888888902,0.6,-0.06666666666666665,-0.06666666666666665,1.1171875,0.2845262096774194,0.2845262096774194,0.03125,0.03125,0.03125,2.21875,0.0625,0.0625,1.754889482780666,-0.006879697663040751,-0.006879697663040751,6.625,-0.3125,-0.3125,1.5606036879899208,-0.06455139145882671,-0.06455139145882671,5.40625,-0.375,-0.375,0.34375,0.03125,0.03125,1.6774193548387097,0.25806451612903225,0.25806451612903225,0.8510752688172044,-0.019892473118279463,-0.019892473118279463,0.3125,0.03125,0.03125,2.2,0.08888888888888902,0.08888888888888902,0.6,-0.06666666666666665,-0.06666666666666665,0.8951612903225806,0.0625,0.0625,0.0,0.0,0.0
GaCo14_01,control,2,0.10786260491943592,0.033083858554753424,0.04389760217400576,1.082499999999977,0.0187499999999996,0.0024999999999999467,0.02964070560177998,-0.06200106590943606,0.006341410701351774,0.018571428571428177,-0.0828571428571411,-0.009999999999999787,0.6384094946949314,0.9457459903758276,0.8322079443073345,0.43301270189221924,0.6951686898092234,0.6034122460399685,0.18016090869062706,-0.05438766303201514,-0.014235018838786612,0.016032307283713413,-0.05039438258155035,0.0036931096237131263,0.017091699742122428,-0.04462748491284205,-0.002837280299712506,-0.094010808629853,-0.19825874915847133,0.5910323378462276,-0.3611659364146794,-0.17478646723703029,-0.49547787138965815,0.9748536401646553,-0.03834825821952226,-0.0019251902290577938,0.025367524737344663,-0.020934012706720153,0.013074786706043411,0.03306396833204504,-0.03559073301217831,0.019318375948268417,-0.30404265224939303,0.2253894185732706,0.2532718976676532,-0.24453746151252392,-0.33971406022120704,-0.2515877672692294,1.182396761763247,-0.11575393996362582,0.0017920131017183927,0.012936476523797043,-0.21881191909768302,-0.003066127916571678,0.016565400446177554,-0.17914639531390403,0.0055353979609013785,0.06925785505130776,-0.06625137939510602,-0.5324849655768155,-0.5640371178706359,-0.2084648597544415,-0.9437380493036578,0.5181950564459331,-0.2318049435540669,-0.010125777127785618,0.46384713555188345,-0.21239957839128326,0.06760651037159443,0.5,0.33333333333333337,0.16666666666666669,2.3125,0.0625,0.15625,1.8740589036083013,0.07800588334055236,0.11228972316459451,7.875,0.25,0.9375,1.5811388300841898,0.020535142094268988,-0.044016249364557725,6.5625,0.1875,0.78125,0.34375,0.0,0.03125,1.5806451612903225,-0.09677419354838723,0.16129032258064502,0.9172043010752688,0.06612903225806444,0.04623655913978497,0.3125,0.0,0.03125,2.1,-0.10000000000000009,-0.011111111111111072,0.7,0.09999999999999998,0.033333333333333326,1.39404296875,0.27685546875,0.5613816784274194,0.03125,0.0,0.03125,2.25,0.03125,0.09375,1.778001778002667,0.023112295222000867,0.016232597558960116,6.84375,0.21875,-0.09375,1.6285630911743898,0.06795940318446902,0.0034080117256423126,5.59375,0.1875,-0.1875,0.34375,0.0,0.03125,1.6129032258064515,-0.06451612903225823,0.19354838709677402,0.9225806451612903,0.07150537634408594,0.05161290322580647,0.3125,0.0,0.03125,2.1,-0.10000000000000009,-0.011111111111111072,0.7,0.09999999999999998,0.033333333333333326,0.922883064516129,0.027721774193548376,0.09022177419354838,0.0,0.0,0.0
GaCo14_01,control,3,0.08582866040532794,0.0701967463050537,0.0927238366461933,1.1799999999999748,0.09749999999999792,0.09999999999999787,0.16370705543744551,0.13406634983566554,0.1404077605370173,0.0742857142857127,0.05571428571428453,0.04571428571428474,0.9554921301335968,0.31708263543866544,1.1492905797459998,0.8022825912929601,0.36926988940074085,0.9726821354407094,0.22781297568973907,0.04765206699911201,0.0334170481603254,0.053904037429890625,0.037871730146177215,0.04156483976989034,0.03377307938237171,0.01668137964024928,0.013844099340536774,0.49442563258022176,0.5884364412100748,1.1794687790563023,0.07033181304659955,0.43149774946127895,-0.06398012192837921,0.9759283803657465,0.0010747402010912177,-0.0008504500279665761,0.06307385703742101,0.03770633230007635,0.05078111900611976,0.059575759428418876,0.026511791096373832,0.04583016704464225,-0.6736464367879001,-0.3696037845385071,-0.11633188687085394,-0.02700415808499577,0.21753330342752816,-0.03405446384170122,1.241921259135951,0.059524497372704044,0.061316510474422437,0.10345293834902572,0.09051646182522868,0.087450333908657,0.04639457314835961,0.029829172702182057,0.03536457066308343,0.9753253101253491,0.9060674550740413,0.37358248949722583,0.8072890381679279,1.3713261560385637,0.42758810673490594,0.7086048612313038,0.19040980478537073,0.1802840276575851,0.6605198909814278,0.19667275542954438,0.2642792658011388,0.3333333333333333,-0.16666666666666669,0.0,2.25,-0.0625,0.09375,1.778001778002667,-0.0960571256056344,0.016232597558960116,8.875,1.0,1.9375,1.4535828926505883,-0.1275559374336015,-0.17157218679815922,7.625,1.0625,1.84375,0.34375,0.0,0.03125,1.7419354838709677,0.16129032258064524,0.32258064516129026,0.8258064516129032,-0.09139784946236562,-0.04516129032258065,0.28125,-0.03125,0.0,2.7777777777777777,0.6777777777777776,0.6666666666666665,0.8888888888888888,0.18888888888888888,0.2222222222222222,1.073486328125,-0.320556640625,0.24082503780241937,0.03125,0.0,0.03125,2.1875,-0.0625,0.03125,1.712148245013622,-0.06585353298904484,-0.04962093543008472,6.84375,0.0,-0.09375,1.526314874714321,-0.10224821646006887,-0.09884020473442656,5.65625,0.0625,-0.125,0.34375,0.0,0.03125,1.7741935483870968,0.16129032258064524,0.35483870967741926,0.8258064516129032,-0.09677419354838712,-0.04516129032258065,0.28125,-0.03125,0.0,2.7777777777777777,0.6777777777777776,0.6666666666666665,0.8888888888888888,0.18888888888888888,0.2222222222222222,0.8500504032258065,-0.07283266129032251,0.017389112903225867,0.0,0.0,0.0
GaCo14_01,control,4,0.020666656886240812,0.07175451090202462,0.09150701016999702,1.1199999999999761,-0.05999999999999872,0.03999999999999915,0.08944271909998969,-0.07426433633745583,0.06614342419956148,0.0771428571428555,0.0028571428571427943,0.04857142857142754,0.21990460535152434,-0.7355875247820725,0.41370305496392745,-0.2408270047833929,-1.043109596076353,-0.07042746063564362,0.23142398251368893,0.0036110068239498527,0.03702805498427525,0.05289086258856559,-0.001013174841325036,0.0405516649285653,0.04679423317583664,0.013021153793464933,0.026865253134001708,0.24119470793712053,-0.25323092464310126,0.9262378544132011,-0.1472304097088997,-0.21756222275549925,-0.28154234468387845,0.9721180381209973,-0.0038103422447491875,-0.004660792272715764,0.09281887665751579,0.02974501962009478,0.08052613862621454,0.11131015548120404,0.05173439605278517,0.09756456309742742,-0.5165454636337067,0.15710097315419347,0.04076908628333953,-0.022323100587499905,0.004681057497495866,-0.02937340634420536,1.244863977287742,0.002942718151790924,0.06425922862621336,0.08599671781307654,-0.017456220535949182,0.06999411337270782,0.07102306192292618,0.024628488774566568,0.05999305943765,0.39629236634727905,-0.57903294377807,-0.20545045428084419,-0.2900476947128226,-1.0973367328807504,-0.6697486261458445,0.7307385840567665,0.022133722825462665,0.20241775048304778,0.6803129590011165,0.01979306801968872,0.2840723338208275,0.0,-0.3333333333333333,-0.3333333333333333,2.375,0.125,0.21875,1.87943024997368,0.10142847197101301,0.11766106952997313,7.96875,-0.90625,1.03125,1.4915758066879383,0.037992914037350056,-0.13357927276080916,6.59375,-1.03125,0.8125,0.375,0.03125,0.0625,1.7419354838709677,0.0,0.32258064516129026,0.864516129032258,0.03870967741935483,-0.006451612903225823,0.3125,0.03125,0.03125,2.6,-0.1777777777777776,0.48888888888888893,0.9,0.011111111111111183,0.2333333333333334,1.7802734375,0.706787109375,0.9476121471774194,0.03125,0.0,0.03125,2.28125,0.09375,0.125,1.708316941961751,-0.003831303051871071,-0.053452238481955794,6.90625,0.0625,-0.03125,1.5731491941633426,0.04683431944902172,-0.05200588528540484,5.625,-0.03125,-0.15625,0.375,0.03125,0.0625,1.8064516129032258,0.032258064516129004,0.38709677419354827,0.864516129032258,0.03870967741935483,-0.006451612903225823,0.3125,0.03125,0.03125,2.6,-0.1777777777777776,0.48888888888888893,0.9,0.011111111111111183,0.2333333333333334,0.8054435483870968,-0.04460685483870974,-0.027217741935483875,0.0,0.0,0.0
GaCo14_01,control,5,0.08184194611638533,0.025406709871872355,0.03330675762375353,1.0724999999999771,-0.04749999999999899,-0.00749999999999984,0.01488047618285658,-0.0745622429171331,-0.008418818717571625,0.018571428571428177,-0.058571428571427324,-0.009999999999999787,0.009820927516479824,-0.2100836778350445,0.20361937712888295,-0.7905694150420949,-0.549742410258702,-0.6201698708943456,0.1911192647026335,-0.040304717811055435,-0.0032766628267801856,0.012555968339009876,-0.04033489424955571,0.00021677067900958968,0.01787827537052225,-0.02891595780531439,-0.002050704671312683,-0.16450396431190753,-0.40569867224902806,0.520539182164173,-0.459782191244034,-0.3125517815351343,-0.5940941262190128,0.9835989444498412,0.01148090632884391,0.006820114056128146,0.01714931887373298,-0.07566955778378281,0.004856580842431726,0.022701542848305927,-0.08860861263289811,0.008955950464529301,-0.2799639115777515,0.23658155205595516,0.2773506383392947,-0.05324900571081471,-0.030925905123314803,-0.06029931146752016,1.1865118869644147,-0.05835209032332722,0.005907138302886139,0.010356222600017086,-0.07564049521305945,-0.005646381840351634,0.012842663741895148,-0.05818039818103103,0.0018126612566189727,-0.2609937492830196,-0.6572861156302987,-0.8627365699111429,-0.33714999620385305,-0.04710230149103045,-0.716850927636875,0.5181950564459331,-0.2125435276108334,-0.010125777127785618,0.46384713555188345,-0.2164658234492331,0.06760651037159443,0.16666666666666666,0.16666666666666666,-0.16666666666666666,2.375,0.0,0.21875,1.8272136375966974,-0.052216612376982496,0.06544445715299063,8.71875,0.75,1.78125,1.4861592629454992,-0.005416543742439162,-0.13899581650324833,7.34375,0.75,1.5625,0.375,0.0,0.0625,1.6129032258064515,-0.12903225806451624,0.19354838709677402,0.9483870967741936,0.08387096774193559,0.07741935483870976,0.3125,0.0,0.03125,2.2,-0.3999999999999999,0.08888888888888902,0.7,-0.20000000000000007,0.033333333333333326,1.09326171875,-0.68701171875,0.2606004284274194,0.03125,0.0,0.03125,2.34375,0.0625,0.1875,1.7890234315708884,0.0807064896091374,0.027254251127181606,6.71875,-0.1875,-0.21875,1.4861592629454992,-0.08698993121784349,-0.13899581650324833,5.375,-0.25,-0.40625,0.375,0.0,0.0625,1.6129032258064515,-0.19354838709677424,0.19354838709677402,0.9483870967741936,0.08387096774193559,0.07741935483870976,0.3125,0.0,0.03125,2.2,-0.3999999999999999,0.08888888888888902,0.7,-0.20000000000000007,0.033333333333333326,0.8704637096774194,0.06502016129032262,0.037802419354838745,0.0,0.0,0.0
GaCo14_01,control,6,0.10648907408806152,0.09461814316939299,0.14404006209372053,1.1387499999999757,0.06624999999999859,0.05874999999999875,0.15896428170234275,0.14408380551948619,0.13566498680191455,0.18857142857142456,0.16999999999999638,0.1599999999999966,-0.35825495278949376,-0.3680758803059736,-0.16445650317709065,-0.006403286901930901,0.784166128140164,0.16399625724581837,0.2678766427727594,0.07675737807012592,0.07348071524334573,0.12620306812373255,0.11364709978472268,0.11386387046373227,0.08265300292357035,0.0647747275530481,0.06272402288173541,0.2852137572819877,0.4497177215938952,0.9702569037580683,-0.6224842529231674,-0.16270206167913343,-0.7567961878981462,1.0282114260194128,0.04461248156957165,0.051432595625699795,0.10303453412733406,0.08588521525360107,0.0907417960960328,0.0999810556933894,0.07727951284508347,0.08623546330961278,-0.13806429536187564,0.14189961621587588,0.41925025455517057,-0.3675944068373244,-0.3143454011265097,-0.37464471259402987,1.2720258842571854,0.08551399729277076,0.0914211355956569,0.1742995029034233,0.1639432803034062,0.15829689846305459,0.1476821496341309,0.13483948589223574,0.13665214714885474,0.002446313360950707,0.2634400626439703,-0.5992965072671725,-0.29242785465898274,0.04472214154487031,-0.6721287860920047,0.7568086804954591,0.23861362404952602,0.2284878469217404,0.6605198909814277,0.19667275542954427,0.2642792658011387,0.3333333333333333,0.16666666666666666,0.0,2.28125,-0.09375,0.125,1.7822489417369787,-0.04496469585971874,0.020479761293271892,8.84375,0.125,1.90625,1.5884538028759185,0.10229453993041937,-0.036701276572828956,7.5625,0.21875,1.78125,0.375,0.0,0.0625,1.967741935483871,0.3548387096774195,0.5483870967741935,0.8903225806451613,-0.058064516129032295,0.01935483870967747,0.34375,0.03125,0.0625,2.5454545454545454,0.34545454545454524,0.43434343434343425,0.9090909090909091,0.2090909090909091,0.24242424242424243,1.35888671875,0.265625,0.5262254284274194,0.03125,0.0,0.03125,2.21875,-0.125,0.0625,1.679753726188801,-0.10926970538208747,-0.08201545425490586,6.8125,0.09375,-0.125,1.6350495701275216,0.14889030718202245,0.009894490678774126,5.59375,0.21875,-0.1875,0.375,0.0,0.0625,2.0,0.3870967741935485,0.5806451612903225,0.8903225806451613,-0.058064516129032295,0.01935483870967747,0.34375,0.03125,0.0625,2.5454545454545454,0.34545454545454524,0.43434343434343425,0.9090909090909091,0.2090909090909091,0.24242424242424243,0.8865927419354839,0.016129032258064502,0.05393145161290325,0.0,0.0,0.0
GaCo14_01,control,7,0.08832818137926893,0.03069476984874646,0.06552172237895763,1.127499999999976,-0.01124999999999976,0.04749999999999899,0.14781745499094168,-0.011146826711401076,0.12451816009051347,0.0771428571428555,-0.11142857142856906,0.04857142857142754,0.45509731197279263,0.8133522647622864,0.6488957615851958,-0.22202994684793603,-0.21562665994600513,-0.05163040270018676,0.18968883519182994,-0.07818780758092947,-0.004707092337583735,0.016241482120166146,-0.10996158600356641,0.003902284460165859,0.01770266949550357,-0.06495033342806678,-0.0022263105463313643,-0.4273691622850887,-0.7125829195670764,0.25767398419099186,-0.08342353749272927,0.5390607154304382,-0.21773547246770802,0.9607602141127826,-0.06745121190663028,-0.016018616280930487,0.06477003377097651,-0.03826450035635755,0.05247729573967526,0.03717563548031017,-0.06280542021307922,0.023430043096533546,0.47792953806061134,0.615993833422487,1.0352440879776577,-0.4504826136177195,-0.0828882067803951,-0.457532919374425,1.2834296894054886,0.011403805148303192,0.10282494074396009,0.2572943527983422,0.08299484989491887,0.24129174835797346,0.11654012518838743,-0.031142024445743474,0.10551012270311125,-0.351850161006013,-0.3542964743669637,-0.9535929816341362,0.43301666237411357,0.7254445170330963,0.053315730941091655,0.5833333333333334,-0.17347534716212576,0.05501249975961464,0.5497705738382054,-0.11074931714322234,0.15352994865791636,0.5,0.16666666666666669,0.16666666666666669,2.28125,0.0,0.125,1.8180878824707833,0.03583894073380467,0.05631870202707656,10.09375,1.25,3.15625,1.6725367058029144,0.08408290292699583,0.04738162635416687,8.8125,1.25,3.03125,0.34375,-0.03125,0.03125,1.8709677419354838,-0.09677419354838723,0.4516129032258063,0.9935483870967742,0.10322580645161283,0.1225806451612903,0.375,0.03125,0.09375,2.0833333333333335,-0.46212121212121193,-0.02777777777777768,0.6666666666666666,-0.24242424242424243,0.0,1.126220703125,-0.232666015625,0.2935594128024194,0.03125,0.0,0.03125,2.25,0.03125,0.09375,1.778001778002667,0.09824805181386598,0.016232597558960116,7.09375,0.28125,0.15625,1.6725367058029144,0.037487135675392746,0.04738162635416687,5.84375,0.25,0.0625,0.34375,-0.03125,0.03125,1.8709677419354838,-0.12903225806451624,0.4516129032258063,0.9935483870967742,0.10322580645161283,0.1225806451612903,0.375,0.03125,0.09375,2.0833333333333335,-0.46212121212121193,-0.02777777777777768,0.6666666666666666,-0.24242424242424243,0.0,0.9044858870967742,0.01789314516129037,0.07182459677419362,0.0,0.0,0.0
GaCo15_01,control,1,0.04310762197632727,0.04310762197632727,0.09102109517862994,1.0949999999999767,0.057499999999998774,0.057499999999998774,0.11844227044670678,0.10091677880901387,0.10091677880901387,0.09142857142856949,0.0742857142857127,0.0742857142857127,0.3333756428259388,0.033375642825938745,0.033375642825938745,-0.5172815924050608,-0.5955500376571286,-0.5955500376571286,0.2426217471889266,0.008883233578778404,0.008883233578778404,0.06887946457417105,0.056970730678190154,0.056970730678190154,0.07794193089009747,0.06345880167528141,0.06345880167528141,-0.4025666300084099,0.1824728962595205,0.1824728962595205,-0.03940804806093588,-0.550842577145778,-0.550842577145778,0.980118711523935,-0.022196622939257726,-0.022196622939257726,0.0804985055576693,0.062220418739706004,0.062220418739706004,0.09222491294709492,0.07031634966589563,0.07031634966589563,-0.4389315358587906,-0.07769259994886762,-0.07769259994886762,-0.1300978762603684,0.5382862529615667,0.5382862529615667,1.2569200146186565,0.0014454734091076116,0.0014454734091076116,0.045739831407199526,0.03759373247056096,0.03759373247056096,0.04713297385706529,0.038061218653013054,0.038061218653013054,-0.3579358302933624,-0.26461796885474015,-0.26461796885474015,-0.2059107805327796,-0.23111671158838962,-0.23111671158838962,0.6998279939292293,-0.011649174184303446,-0.011649174184303446,0.6420075839660525,0.06525690110927496,0.06525690110927496,0.3333333333333333,0.16666666666666666,0.16666666666666666,2.125,-0.125,-0.125,1.6607421582319852,0.054303500426987616,0.054303500426987616,7.34375,1.25,1.25,1.8770150462558812,-0.2686388506159536,-0.2686388506159536,6.21875,1.375,1.375,0.34375,-0.09375,-0.09375,1.6774193548387097,-0.41935483870967727,-0.41935483870967727,0.8096774193548387,-0.0317204301075269,-0.0317204301075269,0.21875,-0.03125,-0.03125,3.0,-0.375,-0.375,1.0,0.0,0.0,1.08447265625,0.16662991431451613,0.16662991431451613,0.03125,0.03125,0.03125,2.09375,-0.15625,-0.15625,1.6136389451055309,0.007200287300533237,0.007200287300533237,6.34375,0.25,0.25,1.8770150462558812,-0.2686388506159536,-0.2686388506159536,5.25,0.40625,0.40625,0.34375,-0.09375,-0.09375,1.6774193548387097,-0.41935483870967727,-0.41935483870967727,0.8096774193548387,-0.0317204301075269,-0.0317204301075269,0.21875,-0.03125,-0.03125,3.0,-0.375,-0.375,1.0,0.0,0.0,0.8613911290322581,-0.056451612903225756,-0.056451612903225756,0.0,0.0,0.0
GaCo15_01,control,2,0.04891544080520763,0.051695507490003505,0.027582660036600423,1.0262499999999781,-0.06874999999999853,-0.01124999999999976,0.028252686345093838,-0.09018958410161294,0.010727194707400928,0.02142857142857097,-0.06999999999999851,0.004285714285714195,0.5425166581076791,0.20914101528174034,0.24251665810767908,-0.013819749820569547,0.5034618425844912,-0.09208819507263735,0.21930203904359408,-0.02331970814533252,-0.014436474566554114,0.008588523375820497,-0.060290941198350545,-0.003320210520160391,0.010452426718339018,-0.06748950417175846,-0.004030702496477051,-0.07738033903788706,0.3251862909705229,0.5076591872300433,-0.4659708412015785,-0.4265627931406426,-0.9774053702864206,0.9767365216375117,-0.003382189886423359,-0.025578812825681085,0.015873198714572614,-0.06462530684309668,-0.0024048881033906823,0.009830792603069833,-0.08239412034402509,-0.012077770678129462,0.6419666468695042,1.0808981827282949,1.0032055827794273,0.07551881777404824,0.20561669403441662,0.7439029469959834,1.2326374041196406,-0.024282610499015922,-0.02283713708990831,0.010146027155780118,-0.035593804251419406,0.001999928219141557,0.013072956693890208,-0.03406001716317508,0.004001201489837973,-0.07719299966317149,0.2807428306301909,0.016124861775450763,-0.5440913514899052,-0.33818057095712556,-0.5692972825455151,0.5258095909711626,-0.1740184029580667,-0.18566757714237014,0.44153766211358875,-0.20046992185246376,-0.1352130207431888,0.5,0.16666666666666669,0.33333333333333337,2.28125,0.15625,0.03125,1.8532338779688906,0.19249171973690538,0.246795220163893,7.65625,0.3125,1.5625,1.4725307379452384,-0.40448430831064286,-0.6731231589265965,6.375,0.15625,1.53125,0.34375,0.0,-0.09375,1.5806451612903225,-0.09677419354838723,-0.5161290322580645,0.7827956989247311,-0.026881720430107614,-0.05860215053763451,0.28125,0.0625,0.03125,2.2222222222222223,-0.7777777777777777,-1.1527777777777777,0.6666666666666666,-0.33333333333333337,-0.33333333333333337,1.328125,0.24365234375,0.4102822580645161,0.03125,0.0,0.03125,2.21875,0.125,-0.03125,1.754889482780666,0.14125053767513518,0.14845082497566842,6.625,0.28125,0.53125,1.51870063307527,-0.3583144131806113,-0.6269532637965649,5.40625,0.15625,0.5625,0.34375,0.0,-0.09375,1.6129032258064515,-0.06451612903225823,-0.4838709677419355,0.7827956989247311,-0.026881720430107614,-0.05860215053763451,0.28125,0.0625,0.03125,2.2222222222222223,-0.7777777777777777,-1.1527777777777777,0.6666666666666666,-0.33333333333333337,-0.33333333333333337,0.8548387096774194,-0.0065524193548387455,-0.0630040322580645,0.0,0.0,0.0
GaCo15_01,control,3,0.0628516878776754,0.03398131213054173,0.06264785477161486,1.0937499999999767,0.06749999999999856,0.0562499999999988,0.07443837336059402,0.046185687015500174,0.056912881722901106,0.04857142857142754,0.027142857142856566,0.031428571428570765,0.554648099759451,0.012131441651771824,0.2546480997594509,0.3486395299955396,0.36245927981610915,0.2703710847434718,0.25731573957667286,0.03801370053307879,0.023577225966524673,0.06488858580843633,0.05630006243261583,0.05297985191245544,0.05996421735224032,0.049511790633901306,0.045481088137424255,-0.1279370705063345,-0.05055673146844743,0.4571024557615959,-0.5206506749459868,-0.054679833744408324,-1.032085204030829,0.9859263432159169,0.0091898215784052,-0.016388991247275886,0.043400981626415126,0.027527782911842512,0.02512289480845183,0.039289744168234116,0.02945895156516428,0.01738118088703482,-0.07097521253798639,-0.7129418594074906,0.29026372337193657,-0.11715020890925885,-0.1926690266833071,0.5512339203126763,1.2574828301203094,0.024845426000668747,0.0020082889107604363,0.02534313571913123,0.015197108563351111,0.017197036782492667,0.015556411243742772,0.002483454549852564,0.006484656039690537,0.24390281540331377,0.32109581506648527,0.337220676841936,-0.5578354751066436,-0.01374412361673838,-0.5830414061622535,0.739836112279733,0.21402652130857036,0.028358944166200217,0.6133108391518498,0.17177317703826106,0.036560156295072255,0.3333333333333333,-0.16666666666666669,0.16666666666666666,2.25,-0.03125,0.0,1.5862310778250641,-0.2670028001438265,-0.0202075799799335,8.25,0.59375,2.15625,1.6655910507645917,0.19306031281935332,-0.48006284610724315,7.0,0.625,2.15625,0.4375,0.09375,0.0,2.129032258064516,0.5483870967741935,0.032258064516129004,0.9,0.11720430107526891,0.0586021505376344,0.3125,0.03125,0.0625,2.8,0.5777777777777775,-0.5750000000000002,0.8,0.13333333333333341,-0.19999999999999996,1.07568359375,-0.25244140625,0.15784085181451613,0.03125,0.0,0.03125,2.21875,0.0,-0.03125,1.5394673356129889,-0.21542214716767716,-0.06697132219200874,6.25,-0.375,0.15625,1.6655910507645917,0.14689041768932176,-0.48006284610724315,5.03125,-0.375,0.1875,0.4375,0.09375,0.0,2.129032258064516,0.5161290322580645,0.032258064516129004,0.9,0.11720430107526891,0.0586021505376344,0.3125,0.03125,0.0625,2.8,0.5777777777777775,-0.5750000000000002,0.8,0.13333333333333341,-0.19999999999999996,0.8523185483870968,-0.00252016129032262,-0.06552419354838712,0.0,0.0,0.0
GaCo15_01,control,4,0.03433181015517329,0.03100656759783564,0.07451484569742187,1.082499999999977,-0.01124999999999976,0.04499999999999904,0.05496752287877309,-0.019470850481820928,0.03744203124108018,0.06714285714285571,0.018571428571428177,0.049999999999998934,-0.12448097554024617,-0.6791290752996971,-0.4244809755402462,0.6880178038133594,0.3393782738178198,0.6097493585612916,0.2420298022572074,-0.015285937319465454,0.00829128864705922,0.023114809972482393,-0.04177377583595394,0.011206076076501505,0.017441097871712573,-0.04252311948052775,0.0029579686568965043,0.26674324663367893,0.3946803171400134,0.8517827729016094,-0.4254111812324063,0.09523949371358054,-0.9368457103172484,1.015255745925516,0.02932940270959916,0.012940411462323276,0.05458727919054626,0.011186297564131135,0.03630919237258297,0.053681025873043034,0.014391281704808918,0.03177246259184374,0.09453107471184273,0.16550628724982913,0.4557700106217657,-0.207694214188906,-0.09054400527964714,0.46068991503302914,1.2835651715385672,0.026082341418257826,0.028090630329018262,0.08023557125832381,0.05489243553919258,0.07208947232168525,0.08049038053130309,0.06493396928756032,0.07141862532725085,-0.129842476069199,-0.3737452914725128,-0.03652461463057674,-0.07290458322733594,0.4849308918793076,-0.09811051428294594,0.7307385840567665,-0.0090975282229665,0.019261415943233717,0.6516162141869137,0.03830537503506393,0.07486553133013618,0.3333333333333333,0.0,0.16666666666666666,2.15625,-0.09375,-0.09375,1.7617691804437068,0.17553810261864267,0.15533052263870917,7.5625,-0.6875,1.46875,1.9664525124881524,0.30086146172356076,-0.17920138438368238,6.40625,-0.59375,1.5625,0.34375,-0.09375,-0.09375,2.2580645161290325,0.12903225806451646,0.16129032258064546,0.8634408602150537,-0.03655913978494629,0.022043010752688108,0.3125,0.0,0.0625,3.3,0.5,-0.07500000000000018,1.0,0.19999999999999996,0.0,1.90625,0.83056640625,0.9884072580645161,0.03125,0.0,0.03125,2.0625,-0.15625,-0.1875,1.5644745588092157,0.025007223196226835,-0.04196409899578191,6.5,0.25,0.40625,2.0160645150967413,0.35047346433214965,-0.1295893817750935,5.4375,0.40625,0.59375,0.34375,-0.09375,-0.09375,2.3225806451612905,0.19354838709677447,0.22580645161290347,0.8634408602150537,-0.03655913978494629,0.022043010752688108,0.3125,0.0,0.0625,3.3,0.5,-0.07500000000000018,1.0,0.19999999999999996,0.0,0.9354838709677419,0.08316532258064513,0.017641129032258007,0.0,0.0,0.0
GaCo15_01,control,5,0.05073828905415351,0.03493844819212905,0.02715292524564868,1.0224999999999782,-0.05999999999999872,-0.01499999999999968,0.011649647450214101,-0.043317875428558986,-0.005875844187478808,0.011428571428571186,-0.05571428571428453,-0.00571428571428559,-0.36210341218895065,-0.23762243664870447,-0.6621034121889506,0.6294651817966898,-0.058552622016669664,0.551196736544622,0.22489239058114835,-0.01713741167605906,-0.008846123028999842,0.008863557325797735,-0.014251252646684658,-0.0030451765701831526,0.009271011297915311,-0.008170086573797261,-0.005212117916900757,-0.034630320996576515,-0.30137356763025547,0.550409205271354,-0.13268719970434825,0.292723981528058,-0.6441217287891904,0.9951215995385946,-0.02013414638692146,-0.007193734924598183,0.012722387232859874,-0.04186489195768639,-0.005555699585103423,0.01109570041608876,-0.04258532545695427,-0.010812862865110535,0.4066631014255396,0.31213202671369683,0.7679020373354626,-0.24839066408058574,-0.04069644989167975,0.4199934651413494,1.2494295527496782,-0.034135618788889044,-0.0060449884598707815,0.016882243140936202,-0.06335332811738761,0.00873614420429764,0.02222607624228209,-0.05826430428902099,0.013154321038229857,-0.16158399052350364,-0.03174151445430465,-0.06826612908488139,-0.239549943650033,-0.16664536042269706,-0.264755874705643,0.6215956597522704,-0.10914292430449613,-0.08988150836126241,0.5591101254240362,-0.09250608876287758,-0.0176405574327414,0.5,0.16666666666666669,0.33333333333333337,2.4375,0.28125,0.1875,1.7027018377822634,-0.05906734266144342,0.09626317997726574,7.90625,0.34375,1.8125,1.6725367058029144,-0.2939158066852381,-0.4731171910689205,6.46875,0.0625,1.625,0.46875,0.125,0.03125,1.8064516129032258,-0.4516129032258067,-0.29032258064516125,0.870967741935484,0.007526881720430256,0.029569892473118364,0.25,-0.0625,0.0,3.0,-0.2999999999999998,-0.375,0.875,-0.125,-0.125,1.025390625,-0.880859375,0.10754788306451613,0.03125,0.0,0.03125,2.40625,0.34375,0.15625,1.662865288513154,0.09839072970393836,0.056426630708156456,5.90625,-0.59375,-0.1875,1.6725367058029144,-0.343527809293827,-0.4731171910689205,4.5,-0.9375,-0.34375,0.46875,0.125,0.03125,1.8064516129032258,-0.5161290322580647,-0.29032258064516125,0.870967741935484,0.007526881720430256,0.029569892473118364,0.25,-0.0625,0.0,3.0,-0.2999999999999998,-0.375,0.875,-0.125,-0.125,0.8004032258064516,-0.13508064516129026,-0.11743951612903225,0.0,0.0,0.0
GaCo15_01,control,6,0.038416381420651805,0.027993060069589803,0.060032806811029335,1.0512499999999776,0.028749999999999387,0.013749999999999707,0.0533017019294066,0.0416520544791925,0.03577621029171369,0.04571428571428474,0.03428571428571356,0.028571428571427967,0.32642614385825736,0.688529556047208,0.02642614385825731,-0.2716226136709631,-0.9010877954676528,-0.34989105892303085,0.25339738058566064,0.028504990004512287,0.019658866975512446,0.026987932065974232,0.018124374740176495,0.015079198169993344,0.021318871458254333,0.012047860160339022,0.006835742243438265,0.38604448719837975,0.4206748081949563,0.9710840134663101,-0.45192116559749196,-0.3192339658931437,-0.9633556946823341,0.9917660041101434,-0.003355595428451208,-0.010549330353049391,0.03040399281863148,0.017681605585771608,0.012125906000668183,0.03275379227970048,0.02165809186361172,0.010845228998501186,0.27058242873262894,-0.13608067269291063,0.6318213646425519,-0.25365156103027797,-0.005260896949692229,0.41473256819165716,1.26698255775563,0.017553005005951805,0.011508016546081024,0.03220095619749533,0.015318713056559127,0.024054857260856766,0.03502211716155933,0.012796040919277236,0.025950361957507093,-0.042821215037130975,0.11876277548637267,0.05049664640149128,-0.40165714995505675,-0.16210720630502376,-0.4268630810106667,0.7557423209981589,0.13414666124588848,0.04426515288462607,0.6386462923344499,0.07953616691041376,0.061895609477672364,0.5,0.0,0.33333333333333337,2.0625,-0.375,-0.1875,1.5849595497026252,-0.11774228807963816,-0.021479108102372413,8.09375,0.1875,2.0,1.8203043878747667,0.1477676820718523,-0.32534950899706816,7.03125,0.5625,2.1875,0.34375,-0.125,-0.09375,1.6129032258064515,-0.19354838709677424,-0.4838709677419355,0.7935483870967742,-0.07741935483870976,-0.0478494623655914,0.25,0.0,0.0,2.75,-0.25,-0.625,0.75,-0.125,-0.25,1.34814453125,0.32275390625,0.4303017893145161,0.03125,0.0,0.03125,2.0,-0.40625,-0.25,1.4591203713417602,-0.20374491717139387,-0.1473182864632374,6.0625,0.15625,-0.03125,1.8480591388386793,0.17552243303576498,-0.2975947580331555,5.0625,0.5625,0.21875,0.34375,-0.125,-0.09375,1.6451612903225807,-0.16129032258064502,-0.4516129032258063,0.7935483870967742,-0.07741935483870976,-0.0478494623655914,0.25,0.0,0.0,2.75,-0.25,-0.625,0.75,-0.125,-0.25,0.8755040322580645,0.07510080645161288,-0.04233870967741937,0.0,0.0,0.0
GaCo15_01,control,7,0.02784599385223859,0.026588787439758177,0.035126930208603385,1.033749999999978,-0.017499999999999627,-0.00374999999999992,0.02774243783705434,-0.02555926409235226,0.010216946199361431,0.02285714285714237,-0.02285714285714237,0.0057142857142855955,0.35874333802934305,0.032317194171085695,0.058743338029343006,0.3454246398538788,0.6170472535248419,0.26715619460181095,0.23212223553819958,-0.021275145047461058,-0.0016162780719486125,0.012503700067365226,-0.014484231998609006,0.0005949661713843379,0.017522618502811078,-0.0037962529554432557,0.003039489287995009,-0.8090336172862787,-1.1950781044846583,-0.22399409101834822,0.5531062326446503,1.0050273982421423,0.041671703559808204,0.9940921228304406,0.002326118720297199,-0.008223211632752192,0.015149730632032598,-0.015254262186598882,-0.0031283561859306985,0.01649120090342047,-0.01626259137628001,-0.005417362377778824,0.07461651492208922,-0.19596591381053974,0.43585545083201216,-0.22762194640910133,0.026029614621176644,0.4407621828128338,1.2575959923726487,-0.009386565382981216,0.002121451163099808,0.021801253229896178,-0.01039970296759915,0.013655154293257617,0.018552551569915865,-0.016469565591643462,0.00948079636586363,-0.8716031640977618,-0.8287819490606309,-0.7782853026591396,0.3319897629887514,0.7336469129438081,0.3067838319331414,0.6947651053653368,-0.0609772156328221,-0.016712062748196033,0.6006099959344163,-0.03803629640003359,0.023859313077638777,0.16666666666666666,-0.33333333333333337,0.0,2.34375,0.28125,0.09375,1.6773515029701225,0.09239195326749727,0.07091284516512486,8.75,0.65625,2.65625,2.0160645150967413,0.19576012722197467,-0.1295893817750935,7.40625,0.375,2.5625,0.4375,0.09375,0.0,1.5483870967741935,-0.06451612903225801,-0.5483870967741935,0.8456989247311829,0.05215053763440869,0.004301075268817289,0.1875,-0.0625,-0.0625,3.5,0.75,0.125,1.0,0.25,0.0,1.0517578125,-0.29638671875,0.13391507056451613,0.03125,0.0,0.03125,2.28125,0.28125,0.03125,1.6111381470973425,0.15201777575558229,0.004699489292344872,5.71875,-0.34375,-0.375,2.0515041688572584,0.20344503001857905,-0.09414972801457644,4.4375,-0.625,-0.40625,0.4375,0.09375,0.0,1.5161290322580645,-0.12903225806451624,-0.5806451612903225,0.8413978494623656,0.0478494623655914,0.0,0.1875,-0.0625,-0.0625,3.5,0.75,0.125,1.0,0.25,0.0,0.8276209677419355,-0.047883064516129004,-0.09022177419354838,0.0,0.0,0.0
GaCo16_01,control,1,0.042267692593561945,0.042267692593561945,0.08199926609742247,1.1187499999999762,0.09999999999999787,0.09999999999999787,0.09234059624176873,0.06485683480238219,0.06485683480238219,0.0757142857142841,0.04285714285714194,0.04285714285714194,0.4804346494134985,0.49644516601306277,0.49644516601306277,-0.5782330243528065,-0.07241989969105456,-0.07241989969105456,0.27121946570995015,0.013655824722846155,0.013655824722846155,0.023105671427164673,0.010505140585237771,0.010505140585237771,0.022036826260706077,0.002136080842439221,0.002136080842439221,0.23297485884813462,0.8186104784146168,0.8186104784146168,-0.7900222431386531,-0.6390034852622121,-0.6390034852622121,1.0036236981372486,-0.017378400054997467,-0.017378400054997467,0.08969137343958344,0.07832943164342138,0.07832943164342138,0.08551490413763688,0.07259360774695273,0.07259360774695273,-0.16199904930456643,-0.019874079679266438,-0.019874079679266438,-0.1466958373625935,0.04663586002737896,0.04663586002737896,1.261850985590664,0.017474574574289914,0.017474574574289914,0.026986206121862043,0.012113014349485758,0.012113014349485758,0.03780248777113081,0.020142045710054703,0.020142045710054703,-0.451536219352342,-0.4467529993443927,-0.4467529993443927,0.0951313387204256,0.2851604807097919,0.2851604807097919,0.643729382577733,0.11079045019021894,0.11079045019021894,0.554441209418483,0.011057906956185803,0.011057906956185803,0.16666666666666666,-0.16666666666666666,-0.16666666666666666,2.0,-0.125,-0.125,1.481063262354709,0.0956554383874566,0.0956554383874566,7.65625,1.5,1.5,1.7340866332490148,-0.09946051948263035,-0.09946051948263035,6.65625,1.625,1.625,0.34375,-0.125,-0.125,2.225806451612903,0.35483870967741926,0.35483870967741926,0.8870967741935484,0.05752688172043008,0.05752688172043008,0.28125,0.03125,0.03125,3.4444444444444446,0.44444444444444464,0.44444444444444464,1.0,0.0,0.0,1.19921875,0.2768397177419355,0.2768397177419355,0.03125,0.03125,0.03125,1.9375,-0.1875,-0.1875,1.3897667476606375,0.004358923693384975,0.004358923693384975,6.625,0.46875,0.46875,1.791557260975724,-0.04198989175592116,-0.04198989175592116,5.6875,0.65625,0.65625,0.34375,-0.125,-0.125,2.2580645161290325,0.3870967741935487,0.3870967741935487,0.8870967741935484,0.05752688172043008,0.05752688172043008,0.28125,0.03125,0.03125,3.4444444444444446,0.44444444444444464,0.44444444444444464,1.0,0.0,0.0,0.9798387096774194,0.05745967741935487,0.05745967741935487,0.0,0.0,0.0
GaCo16_01,control,2,0.060788390832395456,0.046446586799746475,0.036971194936550864,1.0187499999999783,-0.09999999999999787,0.0,0.022320714274284875,-0.07001988196748385,-0.005163047165101669,0.017142857142856776,-0.05857142857142732,-0.01571428571428538,-0.46689729018786885,-0.9473319396013673,-0.4508867735883046,-0.09393364366277242,0.48429938069003414,0.4118794809989796,0.24784325518863046,-0.02337621052131969,-0.009720385798473535,0.017159978925630676,-0.005945692501533997,0.004559448083703774,0.01700654130440925,-0.005030284956296826,-0.002894204113857605,0.2665484346036433,0.03357357575550868,0.8521840541701254,-0.42154255804756136,0.36847968509109175,-0.2705238001711203,1.013586192319067,0.009962494181818382,-0.007415905873179085,0.022254062384685788,-0.06743731105489766,0.010892120588523721,0.019770358407080826,-0.06574454573055605,0.006849062016396679,0.2681556479595147,0.4301546972640811,0.4102806175848147,-0.30190536952552116,-0.15520953216292765,-0.1085736721355487,1.2343225750557463,-0.027528410534917835,-0.010053835960627922,0.01035334527431713,-0.016632860847544916,-0.004519846498059156,0.012162539115766575,-0.02563994865536423,-0.005497902945309529,0.14517030115417057,0.5967065205065125,0.14995352116211982,-0.19352470258022944,-0.28865604130065503,-0.0034955605908631726,0.6101858844649104,-0.033543498112822645,0.07724695207739629,0.5924775058185165,0.03803629640003359,0.04909420335621939,0.0,-0.16666666666666666,-0.3333333333333333,2.21875,0.21875,0.09375,1.6408961949436793,0.15983293258897024,0.25548837097642685,7.40625,-0.25,1.25,1.7571857081433442,0.023099074894329386,-0.07636144458830096,6.1875,-0.46875,1.15625,0.40625,0.0625,-0.0625,1.8387096774193548,-0.38709677419354827,-0.032258064516129004,0.8629032258064516,-0.024193548387096753,0.033333333333333326,0.28125,0.0,0.03125,2.888888888888889,-0.5555555555555558,-0.11111111111111116,0.8888888888888888,-0.11111111111111116,-0.11111111111111116,1.37158203125,0.17236328125,0.4492029989919355,0.03125,0.0,0.03125,2.15625,0.21875,0.03125,1.526314874714321,0.13654812705368347,0.14090705074706844,6.375,-0.25,0.21875,1.791557260975724,0.0,-0.04198989175592116,5.21875,-0.46875,0.1875,0.40625,0.0625,-0.0625,1.8709677419354838,-0.3870967741935487,0.0,0.8629032258064516,-0.024193548387096753,0.033333333333333326,0.28125,0.0,0.03125,2.888888888888889,-0.5555555555555558,-0.11111111111111116,0.8888888888888888,-0.11111111111111116,-0.11111111111111116,0.8996975806451613,-0.08014112903225812,-0.022681451612903247,0.0,0.0,0.0
GaCo16_01,control,3,0.07312462230498794,0.04610715715382584,0.08935560222382141,1.1562499999999754,0.13749999999999707,0.13749999999999707,0.23916148160962677,0.2168407673353419,0.21167772017024022,0.20999999999999552,0.19285714285713876,0.17714285714285338,0.05580062075187438,0.5226979109397433,0.07181113735143864,-0.04492333691144308,0.049010306751329336,0.4608897877503089,0.3022215068526425,0.05437825166401203,0.04465786586553849,0.0801464925205181,0.06298651359488742,0.0675459616785912,0.06491210437663437,0.04790556307222513,0.04501135895836752,0.38603845807637044,0.11949002347272714,0.9716740776428525,-0.2552735070535591,0.16626905099400224,-0.10425474917711808,1.0171067860605933,0.0035205937415263566,-0.0038953121316527284,0.04070082792593559,0.0184467655412498,0.02933888612977352,0.048790066828708394,0.029019708421627568,0.03586877043802425,-0.29095343578775923,-0.5591090837472739,-0.14882846616245923,0.1450230293324926,0.4469283988580137,0.338354726722465,1.2826745411299019,0.048351966074155595,0.03829813011352767,0.07365077399487141,0.06329742872055429,0.05877758222249513,0.05599188512614352,0.04382934601037694,0.038331443065067416,0.4502764623902349,0.3051061612360643,0.4550596823981842,-0.16081461044604817,0.03271009213418127,0.0292145315433181,0.6701201399373181,0.059934255472407716,0.137181207549804,0.6694235677759417,0.07694606195742515,0.12604026531364454,0.0,0.0,-0.3333333333333333,2.0625,-0.15625,-0.0625,1.4127872245796547,-0.22810897036402467,0.027379400612402183,8.09375,0.6875,1.9375,1.940391962398818,0.18320625425547377,0.1068448096671728,7.03125,0.84375,2.0,0.40625,0.0,-0.0625,1.903225806451613,0.06451612903225823,0.032258064516129226,0.8537634408602152,-0.009139784946236462,0.024193548387096864,0.28125,0.0,0.03125,2.888888888888889,0.0,-0.11111111111111116,0.8888888888888888,0.0,-0.11111111111111116,1.121826171875,-0.249755859375,0.1994471396169355,0.03125,0.0,0.03125,2.0,-0.15625,-0.125,1.3198240351921795,-0.20649083952214142,-0.06558378877507298,6.0625,-0.3125,-0.09375,1.9827888472813302,0.19123158630560622,0.14924169454968506,5.0625,-0.15625,0.03125,0.40625,0.0,-0.0625,1.935483870967742,0.06451612903225823,0.06451612903225823,0.8537634408602152,-0.009139784946236462,0.024193548387096864,0.28125,0.0,0.03125,2.888888888888889,0.0,-0.11111111111111116,0.8888888888888888,0.0,-0.11111111111111116,0.8999495967741935,0.0002520161290322509,-0.022429435483870996,0.0,0.0,0.0
GaCo16_01,control,4,0.05237563413090983,0.05184456338343446,0.10640947898673662,1.1187499999999762,-0.0374999999999992,0.09999999999999787,0.21249789914927447,-0.026663582460352303,0.18501413770988792,0.08857142857142668,-0.12142857142856885,0.05571428571428452,0.987517073343186,0.9317164525913115,1.0035275899427503,0.8605281623340089,0.905451499245452,1.3663412869957607,0.25379473721374296,-0.048426769638899525,-0.003768903773361032,0.012501947933377833,-0.06764454458714027,-9.858290854906915e-05,0.013942911936439444,-0.05096919244019493,-0.005957833481827412,-0.03574527194146241,-0.42178373001783287,0.5498903476250198,-0.05221015024027272,0.20306335681328638,0.0988086076361683,0.9482632282337496,-0.0688435578268437,-0.07273886995849643,0.18234208793632695,0.14164126001039135,0.17098014614016488,0.09023885899146242,0.041448792162754024,0.07731756260077827,0.8796633109604135,1.1706167467481727,1.0217882805857135,0.2391114501186443,0.0940884207861517,0.4324431475086168,1.2730677902317895,-0.00960675089811236,0.028691379215415314,0.1122484540805728,0.038597680085701386,0.09737526230819651,0.07571880381134129,0.01972691868519777,0.058058361750265186,-0.7677668357644932,-1.2180432981547282,-0.7629836157565439,-0.22635504107088267,-0.0655404306248345,-0.0363258990815164,0.7288274612218132,0.05870732128449507,0.19588852883429908,0.6605198909814277,-0.008903676794513982,0.11713658851913056,0.5,0.5,0.16666666666666669,2.21875,0.15625,0.09375,1.679753726188801,0.26696650160914626,0.29434590222154844,7.25,-0.84375,1.09375,1.951012970972573,0.01062100857375503,0.11746581824092783,6.03125,-1.0,1.0,0.40625,0.0,-0.0625,2.0,0.09677419354838701,0.12903225806451624,0.811520737327189,-0.04224270353302617,-0.018049155145929308,0.25,-0.03125,0.0,3.25,0.36111111111111116,0.25,1.0,0.11111111111111116,0.0,1.8505859375,0.728759765625,0.9282069052419355,0.03125,0.0,0.03125,2.09375,0.09375,-0.03125,1.4448880970176292,0.1250640618254497,0.05948027305037673,6.15625,0.09375,0.0,2.0337376206574485,0.05094877337611825,0.2001904679258033,5.0625,0.0,0.03125,0.40625,0.0,-0.0625,1.903225806451613,-0.032258064516129004,0.032258064516129226,0.8053763440860215,-0.048387096774193616,-0.024193548387096753,0.25,-0.03125,0.0,3.25,0.36111111111111116,0.25,1.0,0.11111111111111116,0.0,0.8780241935483871,-0.021925403225806384,-0.04435483870967738,0.0,0.0,0.0
GaCo16_01,control,5,0.045452000725128915,0.04057751790601641,0.07640050824631474,1.0237499999999782,-0.09499999999999797,0.004999999999999893,0.059746488241089996,-0.15275141090818448,0.03226272680170345,0.054285714285713126,-0.03428571428571355,0.02142857142857097,-0.34029769191134157,-1.3278147652545276,-0.3242871753117773,-0.22204656633972453,-1.0825747286737335,0.28376655832202746,0.28771975274450523,0.03392501553076227,0.03015611175740124,0.07630750712209745,0.06380555918871962,0.06370697628017055,0.040282313945680284,0.026339402009240842,0.020381568527413428,0.8274590653553785,0.8632043372968409,1.4130946849218606,-0.3216045197378088,-0.2693943694975361,-0.17058576186136776,1.0198796225776423,0.07161639434389266,-0.0011224756146037684,0.025676728316567504,-0.15666535961975944,0.014314786520405437,0.025609725807745613,-0.0646291331837168,0.012688429417061466,-0.576262846992381,-1.4559261579527945,-0.434137877367081,-0.4197018578603509,-0.6588133079789952,-0.22637016047037845,1.2716751290513666,-0.001392661180422916,0.027298718034992397,0.0717425263528021,-0.0405059277277707,0.05686933458042581,0.034539453945394545,-0.04117934986594674,0.01687901188431844,0.8577956472784225,1.6255624830429158,0.8625788672863718,-0.23525783804128822,-0.008902796970405552,-0.04522869605192195,0.589216787182592,-0.13961067403922123,0.05627785479507785,0.638210417543133,-0.022309473438294702,0.09482711508083586,0.16666666666666666,-0.33333333333333337,-0.16666666666666666,2.0625,-0.15625,-0.0625,1.5437177579237185,-0.13603596826508246,0.15830993395646598,8.03125,0.78125,1.875,1.4024028918138118,-0.5486100791587611,-0.4311442609178333,6.96875,0.9375,1.9375,0.375,-0.03125,-0.09375,1.4193548387096775,-0.5806451612903225,-0.4516129032258063,0.8198924731182797,0.00837173579109074,-0.009677419354838568,0.1875,-0.0625,-0.0625,3.1666666666666665,-0.08333333333333348,0.16666666666666652,1.0,0.0,0.0,1.1484375,-0.7021484375,0.2260584677419355,0.03125,0.0,0.03125,1.96875,-0.125,-0.15625,1.3792091001496052,-0.06567899686802403,-0.0061987238176473,5.96875,-0.1875,-0.1875,1.4915758066879383,-0.5421618139695101,-0.3419713460437068,5.0,-0.0625,-0.03125,0.375,-0.03125,-0.09375,1.4838709677419355,-0.4193548387096775,-0.38709677419354827,0.8198924731182797,0.014516129032258185,-0.009677419354838568,0.1875,-0.0625,-0.0625,3.1666666666666665,-0.08333333333333348,0.16666666666666652,1.0,0.0,0.0,0.9274193548387096,0.04939516129032251,0.005040322580645129,0.0,0.0,0.0
GaCo16_01,control,6,0.02338413267447615,0.03502958808328443,0.06999066508499947,1.1012499999999765,0.07749999999999835,0.08249999999999824,0.10934055580093159,0.049594067559841595,0.08185679436154505,0.06999999999999851,0.015714285714285382,0.03714285714285635,0.6378489797468778,0.9781466716582194,0.6538594963464421,-0.0054739837650995575,0.21657258257462497,0.5003391408966524,0.27627096155657493,-0.011448791187930296,0.018707320569470942,0.047098389533126804,-0.02920911758897065,0.0344978586911999,0.04142345075849852,0.0011411368128182373,0.021522705340231665,-0.027155410625173113,-0.8546144759805516,0.558480208941309,-0.8842290154572393,-0.5626244957194305,-0.7332102575807983,1.0034576566949118,-0.016421965882730483,-0.01754444149733425,0.042068685059781195,0.01639195674321369,0.030706743263619128,0.04613119203760631,0.020521466229860695,0.03320989564692216,-0.12822378273459648,0.4480390642577845,0.01390118689070352,-0.4040040935873215,0.015697764273029435,-0.210672396197349,1.2599196792321385,-0.011755449819228048,0.01554326821576435,0.0552769798334733,-0.016465546519328793,0.04040378806109701,0.05895392308724147,0.024414469141846924,0.04129348102616537,-0.08906855107348437,-0.9468641983519068,-0.0842853310655351,-0.1125479455050588,0.12270989253622942,0.07748119648430747,0.6551157585282069,0.06589897134561495,0.1221768261406928,0.6356203125901445,-0.0025901049529885034,0.09223701012784735,0.3333333333333333,0.16666666666666666,0.0,2.0625,0.0,-0.0625,1.4797013648139472,-0.06401639310977125,0.09429354084669472,7.9375,-0.09375,1.78125,1.758619326484237,0.3562164346704251,-0.07492782624740824,6.875,-0.09375,1.84375,0.40625,0.03125,-0.0625,1.7741935483870968,0.35483870967741926,-0.09677419354838701,0.8790322580645162,0.05913978494623651,0.04946236559139794,0.21875,0.03125,-0.03125,3.142857142857143,-0.023809523809523725,0.1428571428571428,1.0,0.0,0.0,1.49609375,0.34765625,0.5737147177419355,0.03125,0.0,0.03125,1.96875,0.0,-0.15625,1.307160799151623,-0.0720483009979822,-0.0782470248156295,5.875,-0.09375,-0.28125,1.8272136375966974,0.3356378309087591,-0.0063335151349477314,4.90625,-0.09375,-0.125,0.40625,0.03125,-0.0625,1.7096774193548387,0.22580645161290325,-0.16129032258064502,0.8736559139784947,0.053763440860215006,0.04408602150537644,0.21875,0.03125,-0.03125,3.142857142857143,-0.023809523809523725,0.1428571428571428,1.0,0.0,0.0,1.028225806451613,0.10080645161290336,0.10584677419354849,0.0,0.0,0.0
GaCo16_01,control,7,0.03616904997426516,0.021899328079710845,0.02648882939064894,1.0224999999999782,-0.07874999999999832,0.00374999999999992,0.013887301496587975,-0.09545325430434362,-0.013596459942798568,0.012857142857142583,-0.05714285714285593,-0.019999999999999574,0.28301965507089,-0.3548293246759878,0.29903017167045426,1.1557553591324513e-17,0.005473983765099569,0.505813124661752,0.2566522100525301,-0.01961875150404485,-0.0009114309345739091,0.010130265790371351,-0.03696812374275545,-0.0024702650515555508,0.009538888130470888,-0.031884562628027635,-0.010361857287795968,0.2858018015456966,0.31295721217086975,0.8714374211121787,0.04692376497305761,0.9311527804302969,0.19794252284949865,1.017182987777443,0.013725331082531156,-0.003819110414803095,0.01379915078330956,-0.028269534276471636,0.002437208987147492,0.01281092269648416,-0.03332026934112215,-0.00011037369419998784,-0.018538007461887412,0.10968577527270906,0.12358696216341258,-0.40572810216325966,-0.0017240085759381851,-0.2123964047732872,1.2519150167035957,-0.008004662528542816,0.0075386056872215335,0.012848880760258329,-0.04242809907321497,-0.002024311012117957,0.011484205332618482,-0.047469717754622984,-0.006176236728457622,0.2638425913363135,0.3529111424097979,0.2686258113442628,-0.749971445078653,-0.6374234995735942,-0.5599423030892867,0.5212084961792619,-0.133907262348945,-0.011730436208252204,0.5210738290240026,-0.11454648356614194,-0.02230947343829459,0.6666666666666666,0.3333333333333333,0.3333333333333333,2.1875,0.125,0.0625,1.4687607240514464,-0.010940640762500786,0.08335290008419394,8.6875,0.75,2.53125,2.038935522402837,0.2803161959186,0.20538836967119178,7.5,0.625,2.46875,0.4375,0.03125,-0.03125,1.6129032258064515,-0.16129032258064524,-0.25806451612903225,0.8258064516129032,-0.05322580645161301,-0.0037634408602150726,0.1875,-0.03125,-0.0625,3.5,0.3571428571428572,0.5,1.0,0.0,0.0,1.0888671875,-0.4072265625,0.1664881552419355,0.03125,0.0,0.03125,2.125,0.15625,0.0,1.3854078239672525,0.0782470248156295,0.0,5.65625,-0.21875,-0.5,2.073012067562093,0.2457984299653957,0.23946491483044796,4.53125,-0.375,-0.5,0.4375,0.03125,-0.03125,1.5806451612903225,-0.12903225806451624,-0.29032258064516125,0.821505376344086,-0.05215053763440869,-0.008064516129032251,0.1875,-0.03125,-0.0625,3.5,0.3571428571428572,0.5,1.0,0.0,0.0,0.8659274193548387,-0.16229838709677424,-0.056451612903225756,0.0,0.0,0.0
GaCo17_01,control,1,0.06488580797251388,0.06488580797251388,0.08854382199669722,1.1512499999999755,0.07624999999999837,0.07624999999999837,0.14307215961584555,0.12237019283557536,0.12237019283557536,0.11999999999999744,0.09857142857142648,0.09857142857142648,0.2879253876560499,0.6089626189021374,0.6089626189021374,-0.23490457798292705,0.11837632440755971,0.11837632440755971,0.1966425336804281,-0.003206931046960515,-0.003206931046960515,0.0219066494833343,0.008261060193359737,0.008261060193359737,0.026775535186152395,0.010103990477224507,0.010103990477224507,-0.23607585678391046,-0.03813581587557888,-0.03813581587557888,-0.4823010824678178,0.12611851001606422,0.12611851001606422,0.9671414757159857,-0.046669419688946334,-0.046669419688946334,0.12068778013155226,0.10457355077427671,0.10457355077427671,0.11475564114789297,0.09771389980708617,0.09771389980708617,-0.22883742225687817,-0.3095654780257812,-0.3095654780257812,-0.15543803336078474,0.4601720532360103,0.4601720532360103,1.2101079159544808,0.0033539646432778625,0.0033539646432778625,0.06178688955311066,0.04292131341956325,0.04292131341956325,0.06267441193713583,0.04428701195028971,0.04428701195028971,-0.0261516768949321,0.17347487006576667,0.17347487006576667,-0.21107521495836729,0.6594965883049038,0.6594965883049038,0.5268525511315771,0.14580059164296644,0.14580059164296644,0.5299775058185165,0.0884398437049278,0.0884398437049278,0.3333333333333333,-0.16666666666666669,-0.16666666666666669,2.46875,0.09375,0.09375,1.8313466753078977,0.05788641628809654,0.05788641628809654,7.78125,1.125,1.125,1.4752665150143482,-0.08242770732923499,-0.08242770732923499,6.3125,1.03125,1.03125,0.40625,0.0,0.0,1.8709677419354838,0.5161290322580645,0.5161290322580645,0.9548387096774194,0.04516129032258065,0.04516129032258065,0.34375,0.0625,0.0625,2.4545454545454546,0.4545454545454546,0.4545454545454546,0.8181818181818182,0.26262626262626265,0.26262626262626265,0.996826171875,0.1233382686491935,0.1233382686491935,0.03125,0.03125,0.03125,2.4375,0.0625,0.0625,1.79493013611906,0.02146987709925874,0.02146987709925874,6.78125,0.125,0.125,1.4752665150143482,-0.08242770732923499,-0.08242770732923499,5.34375,0.0625,0.0625,0.40625,0.0,0.0,1.8709677419354838,0.5161290322580645,0.5161290322580645,0.9548387096774194,0.04516129032258065,0.04516129032258065,0.34375,0.0625,0.0625,2.4545454545454546,0.4545454545454546,0.4545454545454546,0.8181818181818182,0.26262626262626265,0.26262626262626265,0.7709173387096774,-0.10257056451612911,-0.10257056451612911,0.0,0.0,0.0
GaCo17_01,control,2,0.028284735133617192,0.077539546460527,0.08903929651983593,1.1162499999999762,-0.034999999999999254,0.04124999999999912,0.11413494519333314,-0.028937214422512403,0.09343297841306296,0.08714285714285529,-0.032857142857142155,0.06571428571428431,0.13908864216015948,-0.14883674549589043,0.460125873406247,0.30261314469496586,0.5375177226778929,0.6558940470854526,0.18908049764309465,-0.007562036037333464,-0.010768967084293979,0.01567707062752636,-0.006229578855807941,0.0020314813375517955,0.017405560177975652,-0.009369975008176743,0.0007340154690477635,-0.4121597849691964,-0.17608392818528595,-0.21421974406086483,-0.9298079298438547,-0.44750684737603696,-0.32138833735997274,0.9487743765088176,-0.01836709920716817,-0.0650365188961145,0.13141661039898936,0.010728830267437095,0.11530238104171381,0.12033005518869946,0.005574414040806497,0.10328831384789267,-0.0504617559987881,0.17837566625809007,-0.13118981176769115,-0.39025948407536887,-0.23482145071458413,0.2253506025214262,1.189692029351482,-0.020415886602998645,-0.017061921959720783,0.02455074800971636,-0.0372361415433943,0.005685171876168946,0.0212097243532726,-0.04146468758386322,0.0028223243664264874,-0.6042617153389529,-0.5781100384440208,-0.40463516837825414,-0.7835587046504306,-0.5724834896920634,0.08701309861284046,0.49907477335379935,-0.02777777777777779,0.11802281386518865,0.5044735369049057,-0.02550396891361084,0.06293587479131696,0.16666666666666666,-0.16666666666666666,-0.33333333333333337,2.4375,-0.03125,0.0625,1.865432579772697,0.0340859044647992,0.09197232075289574,7.59375,-0.1875,0.9375,1.6036123536083031,0.12834583859395488,0.045918131264719886,6.15625,-0.15625,0.875,0.40625,0.0,0.0,1.4838709677419355,-0.38709677419354827,0.12903225806451624,0.9494623655913978,-0.005376344086021501,0.03978494623655915,0.28125,-0.0625,0.0,2.0,-0.4545454545454546,0.0,0.5555555555555556,-0.26262626262626265,0.0,1.291015625,0.294189453125,0.4175277217741935,0.03125,0.0,0.03125,2.375,-0.0625,0.0,1.7734602590198012,-0.02146987709925874,0.0,6.5625,-0.21875,-0.09375,1.6448845434529205,0.1696180284385722,0.08719032110933722,5.1875,-0.15625,-0.09375,0.40625,0.0,0.0,1.5161290322580645,-0.35483870967741926,0.16129032258064524,0.9548387096774194,0.0,0.04516129032258065,0.3125,-0.03125,0.03125,1.9,-0.5545454545454547,-0.10000000000000009,0.5,-0.31818181818181823,-0.05555555555555558,0.8165322580645161,0.045614919354838745,-0.05695564516129037,0.0,0.0,0.0
GaCo17_01,control,3,0.061685616220575536,0.02828413110074486,0.027185428147915067,1.0724999999999771,-0.04374999999999907,-0.0024999999999999467,0.008864052604278994,-0.10527089258905414,-0.01183791417599119,0.012857142857142583,-0.0742857142857127,-0.008571428571428388,-0.4451319072597258,-0.5842205494198853,-0.12409467601363827,-0.12156613477096617,-0.42417927946593204,0.2317147676195206,0.20743328631046848,0.01835278866737383,0.007583821583079853,0.011338663910548451,-0.004338406716977907,-0.0023069253794261117,0.013069837351269193,-0.004335722826706459,-0.003601707357658695,-0.33450052704613603,0.07765925792306039,-0.13656048613780444,0.024717914860320597,0.9545258447041753,0.6331375073442026,1.002292772846908,0.05351839633809041,-0.011518122558024091,0.014785699528257855,-0.1166309108707315,-0.001328529829017688,0.017357408293751098,-0.10297264689494837,0.0003156669529443025,-0.7859034776204438,-0.7354417216216557,-0.8666315333893468,0.6344524578257661,1.024711941901135,1.250062544422561,1.2051405134635607,0.015448484112078553,-0.0016134378476422295,0.00527752016385228,-0.01927322784586408,-0.013588055969695135,0.004831506065856266,-0.016378218287416334,-0.013555893920989848,0.3349357166235913,0.9391974319625442,0.53456226358429,-0.21308427612276126,0.5704744285276694,0.6574875271405098,0.42689070984029576,-0.0721840635135036,0.045838750351685054,0.46384713555188345,-0.04062640135302226,0.022309473438294702,0.16666666666666666,0.0,-0.33333333333333337,2.46875,0.03125,0.09375,1.8313466753078977,-0.0340859044647992,0.05788641628809654,9.03125,1.4375,2.375,1.7130311749794902,0.10941882137118708,0.15533695263590697,7.5625,1.40625,2.28125,0.40625,0.0,0.0,1.967741935483871,0.4838709677419355,0.6129032258064517,0.8064516129032258,-0.1430107526881721,-0.10322580645161294,0.375,0.09375,0.09375,2.3333333333333335,0.3333333333333335,0.3333333333333335,0.8333333333333334,0.2777777777777778,0.2777777777777778,0.98876953125,-0.30224609375,0.1152816280241935,0.03125,0.0,0.03125,2.4375,0.0625,0.0625,1.79493013611906,0.02146987709925874,0.02146987709925874,7.03125,0.46875,0.375,1.7130311749794902,0.06814663152656975,0.15533695263590697,5.59375,0.40625,0.3125,0.40625,0.0,0.0,1.967741935483871,0.4516129032258065,0.6129032258064517,0.8064516129032258,-0.1483870967741936,-0.10322580645161294,0.375,0.0625,0.09375,2.3333333333333335,0.43333333333333357,0.3333333333333335,0.8333333333333334,0.33333333333333337,0.2777777777777778,0.7626008064516129,-0.05393145161290325,-0.11088709677419362,0.0,0.0,0.0
GaCo17_01,control,4,0.04208945241593384,0.058218124816426506,0.08266906516794727,1.1499999999999755,0.07749999999999835,0.0749999999999984,0.16758793001201813,0.15872387740773913,0.14688596323174796,0.14285714285713982,0.12999999999999723,0.12142857142856886,0.24634892042604864,0.6914808276857745,0.5673861516721361,-0.26279871527977866,-0.1412325805088125,0.0904821871107081,0.19333940477936284,-0.014093881531105634,-0.0065100599480257815,0.02421101698992517,0.01287235307937672,0.010565427699950608,0.02867893084163658,0.015609093490367388,0.012007386132708693,-0.35529573382710955,-0.02079520678097352,-0.15735569291877796,-0.18916686333856506,-0.21388477819888566,0.41925272914531697,0.9623016241544271,-0.03999114869248088,-0.05150927125050497,0.1290121477383135,0.11422644821005563,0.11289791838103794,0.12200707290859857,0.10464966461484747,0.10496533156779177,-0.2585323481614946,0.5273711294589492,-0.3392604039303977,-0.1611807768539576,-0.7956332346797237,0.45442930974283746,1.2061779381252102,0.0010374246616495775,-0.0005760131859926521,0.040953507751616096,0.035675987587763816,0.02208793161806868,0.0364742866964985,0.031642780630642235,0.018086886709652385,0.3381523272248229,0.0032166106012316287,0.5377788741855216,-0.18845204829914491,0.02463222782361635,0.6821197549641262,0.6109076696152428,0.18401695977494703,0.22985571012663208,0.5720800472765001,0.10823291172461663,0.13054238516291133,0.5,0.33333333333333337,0.0,2.5625,0.09375,0.1875,1.933365776516811,0.10201910120891333,0.15990551749700987,7.90625,-1.125,1.25,1.4448880970176292,-0.268143077961861,-0.11280612532595402,6.34375,-1.21875,1.0625,0.4375,0.03125,0.03125,1.8709677419354838,-0.09677419354838723,0.5161290322580645,0.9494623655913978,0.1430107526881721,0.03978494623655915,0.3125,-0.0625,0.03125,2.7,0.3666666666666667,0.7000000000000002,0.9,0.06666666666666665,0.34444444444444444,1.828857421875,0.840087890625,0.9553695186491935,0.03125,0.0,0.03125,2.46875,0.03125,0.09375,1.777718272973678,-0.017211863145381923,0.004258013953876816,6.84375,-0.1875,0.1875,1.526314874714321,-0.18671630026516928,-0.03137934762926231,5.375,-0.21875,0.09375,0.4375,0.03125,0.03125,1.935483870967742,-0.032258064516129004,0.5806451612903227,0.9494623655913978,0.1430107526881721,0.03978494623655915,0.3125,-0.0625,0.03125,2.7,0.3666666666666667,0.7000000000000002,0.9,0.06666666666666665,0.34444444444444444,0.8555947580645161,0.09299395161290325,-0.01789314516129037,0.0,0.0,0.0
GaCo17_01,control,5,0.03396998117407875,0.04918412859061383,0.09982480821206191,1.1087499999999764,-0.04124999999999912,0.03374999999999928,0.12123619214456408,-0.04635173786745406,0.10053422536429389,0.08428571428571249,-0.05857142857142733,0.06285714285714153,0.2070556526814907,-0.039293267744557936,0.5280928839275782,0.04289142790424017,0.3056901431840188,0.3961723302947269,0.19851721774146097,0.005177812962098127,-0.0013322469859276542,0.016189508699316464,-0.008021508290608707,0.002543919409341901,0.01940819312205222,-0.009270737719584362,0.002736648413124331,-0.5121407237778153,-0.15684498995070573,-0.31420068286948366,-0.17832875780125293,0.010838105537312126,0.4300908346826291,0.9517725525157316,-0.010529071638695542,-0.062038342889200515,0.1367122809554897,0.007700133217176219,0.12059805159821416,0.1231070071225979,0.001099934213999329,0.1060652657817911,-0.20319184170866883,0.05534050645282579,-0.28391989747757185,-0.0320938828009799,0.12908689405297769,0.5835162037958151,1.2197797349928474,0.013601796867637184,0.013025783681644532,0.07308984161047923,0.03213633385886313,0.05422426547693181,0.06227489084825856,0.02580060415176006,0.04388749086141244,0.034483706971702936,-0.30366862025311997,0.2341102539324017,0.5380501777160844,0.7265022260152294,1.4086219809793556,0.6004231209740836,-0.01048454864115922,0.21937116148547287,0.5586742506327192,-0.013405796643780832,0.1171365885191305,0.16666666666666666,-0.33333333333333337,-0.33333333333333337,2.28125,-0.28125,-0.09375,1.8180878824707833,-0.11527789404602773,0.044627623450982146,8.84375,0.9375,2.1875,1.7059549402210235,0.26106684320339424,0.14826071787744022,7.5625,1.21875,2.28125,0.34375,-0.09375,-0.0625,1.5483870967741935,-0.32258064516129026,0.19354838709677424,0.8903225806451613,-0.05913978494623651,-0.019354838709677358,0.3125,0.0,0.03125,2.1,-0.6000000000000001,0.10000000000000009,0.7,-0.20000000000000007,0.14444444444444438,1.08447265625,-0.744384765625,0.2109847530241935,0.03125,0.0,0.03125,2.25,-0.21875,-0.125,1.778001778002667,0.0002835050289888841,0.0045415189828657,6.84375,0.0,0.1875,1.7059549402210235,0.17964006550670253,0.14826071787744022,5.59375,0.21875,0.3125,0.34375,-0.09375,-0.0625,1.5483870967741935,-0.3870967741935485,0.19354838709677424,0.8903225806451613,-0.05913978494623651,-0.019354838709677358,0.3125,0.0,0.03125,2.1,-0.6000000000000001,0.10000000000000009,0.7,-0.20000000000000007,0.14444444444444438,0.8613911290322581,0.005796370967741993,-0.012096774193548376,0.0,0.0,0.0
GaCo17_01,control,6,0.03847291619702016,0.030217234283975124,0.02811280811869074,1.0737499999999771,-0.034999999999999254,-0.0012499999999999734,0.00744023809142829,-0.11379595405313578,-0.013261728688841894,0.008571428571428388,-0.07571428571428411,-0.012857142857142583,-0.07692307692307693,-0.2839787296045676,0.2441141543230106,-0.7999999999999999,-0.8428914279042401,-0.44671909760951317,0.20954931522953035,0.011032097488069381,0.009699850502141727,0.008583672157516459,-0.007605836541800005,-0.005061917132458104,0.006428324185333535,-0.012979868936718684,-0.010243220523594353,0.34749183905976916,0.8596325628375845,0.5454318799681007,-0.5087742763064697,-0.33044551850521675,0.09964531617741235,1.0105144268761796,0.05874187436044809,-0.0032964685287524276,0.017565849025109975,-0.11914643193037973,0.0014516196678344313,0.015971913168174794,-0.1071350939544231,-0.0010698281726320008,0.2724288043140281,0.47562064602269694,0.19170074854512506,-0.19011169506594636,-0.15801781226496647,0.4254983915308487,1.206109951866873,-0.013669783125974444,-0.0006439994443299124,0.012654258257582238,-0.06043558335289699,-0.006211317875965176,0.014450201013417383,-0.04782468983484118,-0.003937198973428731,0.016322636229858443,-0.018161070741844493,0.2159491831905572,-0.4297387604161995,-0.967788938132284,0.4408330428470716,0.42689070984029576,-0.1735324111337878,0.045838750351685054,0.46384713555188345,-0.0948271150808358,0.022309473438294702,0.5,0.33333333333333337,0.0,2.21875,-0.0625,-0.15625,1.8619167196649107,0.043828837194127335,0.08845646064510948,9.25,0.40625,2.59375,1.5657627225176254,-0.14019221770339807,0.008068500174042148,8.03125,0.46875,2.75,0.3125,-0.03125,-0.09375,1.4193548387096775,-0.12903225806451601,0.06451612903225823,0.6967741935483871,-0.19354838709677424,-0.2129032258064516,0.21875,-0.09375,-0.0625,2.7142857142857144,0.6142857142857143,0.7142857142857144,0.8571428571428571,0.15714285714285714,0.3015873015873015,1.28955078125,0.205078125,0.4160628780241935,0.03125,0.0,0.03125,2.15625,-0.09375,-0.21875,1.7617691804437068,-0.016232597558960116,-0.011691078576094416,7.21875,0.375,0.5625,1.6211181923439102,-0.08483674787711326,0.06342397000032696,6.0625,0.46875,0.78125,0.3125,-0.03125,-0.09375,1.4516129032258065,-0.09677419354838701,0.09677419354838723,0.6967741935483871,-0.19354838709677424,-0.2129032258064516,0.21875,-0.09375,-0.0625,2.7142857142857144,0.6142857142857143,0.7142857142857144,0.8571428571428571,0.15714285714285714,0.3015873015873015,0.8150201612903226,-0.0463709677419355,-0.058467741935483875,0.0,0.0,0.0
GaCo17_01,control,7,0.03102452458013231,0.045294137079272344,0.08433383248713076,1.1462499999999756,0.07249999999999845,0.07124999999999848,0.14754539253105103,0.14010515443962274,0.12684342575078084,0.12714285714285442,0.11857142857142604,0.10571428571428346,0.3201656765728777,0.3970887534959546,0.6412029078189652,-0.25576533947949637,0.5442346605205035,0.0975155629109904,0.1934412817605957,-0.016108033468934663,-0.006408182966792936,0.02272137616180905,0.014137704004292592,0.009075786871834487,0.03383877530940577,0.027410451124072237,0.017167230600477885,-0.6103650104034941,-0.9578568494632633,-0.4124249694951625,0.1578025971419711,0.6665768734484407,0.7662221896258531,0.9698611304211805,-0.040653296454999155,-0.04394976498375158,0.10655070602354132,0.08898485699843134,0.09043647666626578,0.11264611154237482,0.09667419837420002,0.09560437020156802,-0.2859744149676748,-0.5584032192817029,-0.3667024707365778,-0.1599062498017161,0.030205445264230246,0.455703836795079,1.220378993391426,0.014269041524552994,0.013625042080223082,0.07205424497989352,0.05939998672231128,0.0531886688463461,0.06698889197793169,0.05253869096451431,0.04860149199108557,-0.0010163544946980442,-0.017338990724556486,0.1986101924660007,-0.2254262146322613,0.2043125457839382,0.6451455886310098,0.6004231209740836,0.1735324111337878,0.21937116148547287,0.5586742506327192,0.0948271150808358,0.1171365885191305,0.3333333333333333,-0.16666666666666669,-0.16666666666666669,2.28125,0.0625,-0.09375,1.8180878824707833,-0.043828837194127335,0.044627623450982146,10.0,0.75,3.34375,1.6064386578049976,0.040675935287372234,0.04874443546141438,8.71875,0.6875,3.4375,0.34375,0.03125,-0.0625,1.8064516129032258,0.38709677419354827,0.4516129032258065,0.9225806451612903,0.22580645161290325,0.012903225806451646,0.375,0.15625,0.09375,2.1666666666666665,-0.5476190476190479,0.16666666666666652,0.6666666666666666,-0.19047619047619047,0.11111111111111105,1.091552734375,-0.197998046875,0.2180648311491935,0.03125,0.0,0.03125,2.25,0.09375,-0.125,1.778001778002667,0.016232597558960116,0.0045415189828657,7.0,-0.21875,0.34375,1.6064386578049976,-0.014679534538912575,0.04874443546141438,5.75,-0.3125,0.46875,0.34375,0.03125,-0.0625,1.8064516129032258,0.35483870967741926,0.4516129032258065,0.9225806451612903,0.22580645161290325,0.012903225806451646,0.375,0.15625,0.09375,2.1666666666666665,-0.5476190476190479,0.16666666666666652,0.6666666666666666,-0.19047619047619047,0.11111111111111105,0.8686995967741935,0.053679435483870885,-0.004788306451612989,0.0,0.0,0.0
GaCo22_01,control,1,0.06663254805926412,0.06663254805926412,0.11825325642950801,1.1099999999999763,0.00374999999999992,0.00374999999999992,0.08831760866327659,0.07644025927162264,0.07644025927162264,0.06999999999999851,0.05285714285714173,0.05285714285714173,0.03720720474187946,0.4783836753301148,0.4783836753301148,-0.7200796854157272,-0.7821368456995363,-0.7821368456995363,0.30382144222697777,0.039468181170735084,0.039468181170735084,0.0699833761709368,0.05461227441041211,0.05461227441041211,0.07205773814777082,0.05331410472523833,0.05331410472523833,0.20736462416697757,0.20998471713752365,0.20998471713752365,-0.263681677045261,0.528699047077685,0.528699047077685,1.0155016961025485,0.00987106547191785,0.00987106547191785,0.07083848886010502,0.05646965469488173,0.05646965469488173,0.07406834044088446,0.053521019107193576,0.053521019107193576,-0.8961018151474408,-0.5418887380950588,-0.5418887380950588,0.574367260795067,1.0283834176606905,1.0283834176606905,1.3409046989018552,0.06406018266513702,0.06406018266513702,0.08646573839534794,0.0721652825149297,0.0721652825149297,0.034624319601383825,0.01443091212095135,0.01443091212095135,0.8131933559892957,1.5111652891356209,1.5111652891356209,0.7563745257118557,0.33143262777034643,0.33143262777034643,0.6947651053653366,0.01590620871842574,0.01590620871842574,0.6694235677759417,0.16027939529075852,0.16027939529075852,0.16666666666666666,-0.16666666666666666,-0.16666666666666666,2.125,0.0625,0.0625,1.4535828926505883,0.08722441704070372,0.08722441704070372,7.46875,0.96875,0.96875,1.7224209331541875,-0.2613844683324962,-0.2613844683324962,6.34375,0.90625,0.90625,0.40625,0.0,0.0,2.4838709677419355,-0.12903225806451601,-0.12903225806451601,0.8844086021505376,0.040322580645161255,0.040322580645161255,0.34375,0.0,0.0,3.272727272727273,-0.09090909090909083,-0.09090909090909083,1.0,0.0,0.0,1.10107421875,0.27798954133064513,0.27798954133064513,0.03125,0.03125,0.03125,2.0625,0.0,0.0,1.3663584756098845,0.0,0.0,6.4375,-0.0625,-0.0625,1.7768674864817942,-0.20693791500488956,-0.20693791500488956,5.375,-0.0625,-0.0625,0.40625,0.0,0.0,2.5161290322580645,-0.09677419354838701,-0.09677419354838701,0.8844086021505376,0.040322580645161255,0.040322580645161255,0.34375,0.0,0.0,3.272727272727273,-0.09090909090909083,-0.09090909090909083,1.0,0.0,0.0,0.8785282258064516,0.05544354838709675,0.05544354838709675,0.0,0.0,0.0
GaCo22_01,control,2,0.017675591867448836,0.07192240367399458,0.11740390626709596,1.1037499999999765,-0.006249999999999867,-0.0024999999999999467,0.0634569595417677,-0.0248606491215089,0.05157961015011374,0.0685714285714271,-0.001428571428571404,0.051428571428570324,-0.03282260179419015,-0.0700298065360696,0.40835386879404517,-0.5709964857429064,0.1490831996728208,-0.6330536460267155,0.3129015743684753,0.009080132141497554,0.04854831331223264,0.07886835447224654,0.008884978301309729,0.06349725271172184,0.06304486304486305,-0.00901287510290777,0.04430122962233056,0.3714806652506869,0.16411604108370934,0.374100758221233,-0.46415463638324195,-0.20047295933798093,0.3282260877397041,1.0127105063913364,-0.002791189711212061,0.007079875760705789,0.05972177788391948,-0.011116710976185537,0.04535294371869619,0.07786460549156174,0.003796265050677275,0.05731728415787085,-0.6493154556506082,0.24678635949683259,-0.29510237859822613,0.1115058926222776,-0.46286136817278933,0.5655220494879012,1.40720590637312,0.06630120747126478,0.1303613901364018,0.24018436352658593,0.153718625131238,0.2258839076461677,0.20527249518075205,0.17064817557936823,0.18507908770031958,0.09247390734343351,-0.7207194486458621,0.7904458404897589,-0.3325017340520023,-1.088876259763858,-0.7574436319935116,0.6491129320625181,-0.045652173302818566,-0.029745964584392826,0.5975840161901108,-0.07183955158583089,0.08843984370492763,0.3333333333333333,0.16666666666666666,0.0,2.15625,0.03125,0.09375,1.686939871196439,0.2333569785458507,0.3205813955865544,7.53125,0.0625,1.03125,1.7957723650554305,0.07335143190124294,-0.18803303643125324,6.375,0.03125,0.9375,0.375,-0.03125,-0.03125,1.8387096774193548,-0.6451612903225807,-0.7741935483870968,0.8563748079877113,-0.028033794162826364,0.01228878648233489,0.28125,-0.0625,-0.0625,2.888888888888889,-0.3838383838383841,-0.4747474747474749,0.8888888888888888,-0.11111111111111116,-0.11111111111111116,1.37060546875,0.26953125,0.5475207913306451,0.03125,0.0,0.03125,2.0625,0.0,0.0,1.5437177579237185,0.1773592823138339,0.1773592823138339,6.46875,0.03125,-0.03125,1.883448707095063,0.1065812206132688,-0.10035669439162076,5.40625,0.03125,-0.03125,0.375,-0.03125,-0.03125,1.903225806451613,-0.6129032258064515,-0.7096774193548385,0.8563748079877113,-0.028033794162826364,0.01228878648233489,0.28125,-0.0625,-0.0625,2.888888888888889,-0.3838383838383841,-0.4747474747474749,0.8888888888888888,-0.11111111111111116,-0.11111111111111116,0.8986895161290323,0.020161290322580627,0.07560483870967738,0.0,0.0,0.0
GaCo22_01,control,3,0.07156289845466471,0.10373037389530189,0.17600027168859517,1.0199999999999783,-0.08374999999999821,-0.08624999999999816,0.13918127952935247,0.07572431998758478,0.12730393013769853,0.147142857142854,0.07857142857142689,0.12999999999999723,-0.2868271823141793,-0.25400458051998914,0.15434928827405603,-0.23740700011561391,0.3335894856272925,-0.29946416039942303,0.3063823927596087,-0.006519181608866609,0.04202913170336603,0.08967435759269222,0.01080600312044569,0.07430325583216753,0.07992435994031528,0.016879496895452234,0.061180726517782794,-0.027214544573978913,-0.39869520982466583,-0.024594451603432835,-0.44898592545421184,0.015168710929030105,0.3433947986687342,1.0712010475289273,0.05849054113759089,0.06557041689829668,0.2119749177245439,0.15225313984062444,0.19760608355932063,0.22752366030979726,0.14965905481823552,0.20697633897610637,-0.30106870566564,0.34824674998496824,0.053144371386742106,-0.1657475890018141,-0.2772534816240917,0.2882685678638095,1.4083998367000805,0.0011939303269605794,0.13155532046336238,0.24290356204142308,0.002719198514837151,0.22860310616100485,0.25075149315729306,0.04547899797654101,0.2305580856768606,-0.28344201853792733,-0.37591592588136086,0.414529914608398,-0.3198794414078137,0.01262229264418857,-0.744821339349323,0.8647869792568113,0.21567404719429317,0.18592808260990035,0.8091101254240362,0.21152610923392534,0.299965952938853,0.3333333333333333,0.0,0.0,2.125,-0.03125,0.0625,1.7180258738522556,0.031086002655816625,0.35166739824237103,7.875,0.34375,1.375,1.9468750809040527,0.15110271584862223,-0.036930320582631015,6.75,0.375,1.3125,0.375,0.0,-0.03125,1.8387096774193548,0.0,-0.7741935483870968,0.9048387096774194,0.048463901689708155,0.060752688172043046,0.28125,0.0,-0.0625,2.7777777777777777,-0.11111111111111116,-0.5858585858585861,0.8888888888888888,0.0,-0.11111111111111116,1.18212890625,-0.1884765625,0.35904422883064513,0.03125,0.0,0.03125,2.0625,0.0,0.0,1.6448845434529205,0.101166785529202,0.2785260678430359,5.84375,-0.625,-0.65625,1.9855831190309423,0.10213441193587935,0.0017777175442585946,4.78125,-0.625,-0.65625,0.375,0.0,-0.03125,1.8064516129032258,-0.09677419354838723,-0.8064516129032258,0.9005376344086022,0.04416282642089098,0.05645161290322587,0.28125,0.0,-0.0625,2.7777777777777777,-0.11111111111111116,-0.5858585858585861,0.8888888888888888,0.0,-0.11111111111111116,0.9621975806451613,0.063508064516129,0.13911290322580638,0.0,0.0,0.0
GaCo22_01,control,4,0.057149031748853066,0.07898593544411929,0.13355654523944024,1.0412499999999778,0.021249999999999547,-0.06499999999999861,0.1403503269882669,0.0011690474589144406,0.12847297759661297,0.12428571428571164,-0.022857142857142354,0.10714285714285486,-0.1969054865055936,0.0899216958085857,0.24427098408264172,0.292734888185594,0.5301418883012079,0.23067772790178492,0.2985971804693869,-0.007785212290221832,0.0342439194131442,0.05790079407647335,-0.03177356351621888,0.04252969231594865,0.07259074866899794,-0.007333611271317347,0.053847115246465446,-0.35806555630527415,-0.3308510117312952,-0.35544546333472804,0.3717437846208302,0.820729710075042,1.1641245087437762,1.0654085479512134,-0.005792499577713883,0.059777917320582796,0.20548654205277644,-0.006488375671767466,0.19111770788755317,0.1802442517482861,-0.047279408561511166,0.1596969304145952,-0.12382416597586343,0.17724453968977655,0.23038891107651865,0.3033879429923553,0.46913553199416935,0.7574040998579789,1.3699753626511042,-0.03842447404897631,0.09313084641438607,0.24384983051952552,0.0009462684781024466,0.2295493746391073,0.22115954816947453,-0.02959194498781853,0.20096614068904206,-0.190151985530137,0.09329003300779032,0.5078199476161883,0.11168172122227542,0.43156116263008915,-0.31326017671923384,0.7448990008436257,-0.11988797841318555,0.0660401041967148,0.6039712875660189,-0.20513883785801723,0.09482711508083574,0.3333333333333333,0.0,0.0,2.09375,-0.03125,0.03125,1.6917136759186888,-0.02631219793356676,0.32535520030880427,7.46875,-0.40625,0.96875,1.626085245553397,-0.32078983535065575,-0.35772015593328677,6.375,-0.375,0.9375,0.34375,-0.03125,-0.0625,1.903225806451613,0.06451612903225823,-0.7096774193548385,0.9032258064516129,-0.001612903225806539,0.05913978494623651,0.28125,0.0,-0.0625,3.111111111111111,0.3333333333333335,-0.2525252525252526,0.8888888888888888,0.0,-0.11111111111111116,1.9091796875,0.72705078125,1.086095010080645,0.03125,0.0,0.03125,1.96875,-0.09375,-0.09375,1.447676113304443,-0.19720843014847755,0.08131763769455835,6.375,0.53125,-0.125,1.7367006167610077,-0.24888250226993458,-0.24710478472567599,5.40625,0.625,-0.03125,0.34375,-0.03125,-0.0625,2.0,0.19354838709677424,-0.6129032258064515,0.9032258064516129,0.0026881720430106393,0.05913978494623651,0.28125,0.0,-0.0625,3.111111111111111,0.3333333333333335,-0.2525252525252526,0.8888888888888888,0.0,-0.11111111111111116,0.938508064516129,-0.02368951612903225,0.11542338709677413,0.0,0.0,0.0
GaCo22_01,control,5,0.07126116660944111,0.05615543282440084,0.10341149339101904,1.1037499999999765,0.06249999999999867,-0.0024999999999999467,0.09364637129725038,-0.04670395569101653,0.08176902190559643,0.08428571428571249,-0.03999999999999915,0.06714285714285571,0.17288669750792418,0.36979218401351777,0.6140631680961595,-0.14603279238578695,-0.43876768057138094,-0.20808995266959607,0.32653671630684633,0.02793953583745945,0.06218345525060365,0.15674326757927146,0.09884247350279811,0.14137216581874676,0.13416261408438976,0.06157186541539182,0.11541898066185727,-0.13876470578943415,0.21930085051584,-0.13614461281888807,-0.2470889739486832,-0.6188327585695134,0.5452917501742628,1.0243455832048305,-0.041062964746382935,0.01871495257419986,0.08704892224587106,-0.11843761980690538,0.07268008808064777,0.07729235813066739,-0.10295189361761871,0.0567450367969765,0.18879521219085021,0.31261937816671365,0.5430082892432323,-0.22468696453772216,-0.5280749075300775,0.22932919232790142,1.3212027767417693,-0.048772585909334865,0.044358260505051206,0.11900568782241451,-0.12484414269711101,0.10470523194199627,0.10506650163614475,-0.11609304653332977,0.08487309415571229,0.09510900568597007,0.2852609912161071,0.7930809388322954,-0.33935727957194445,-0.4510390007942199,-0.7642991775134538,0.7676138900575107,0.02271488921388498,0.08875499341059978,0.6262807610043137,0.022309473438294813,0.11713658851913056,0.5,0.16666666666666669,0.16666666666666669,1.8125,-0.28125,-0.25,1.3545026464923717,-0.3372110294263171,-0.011855829117512817,8.4375,0.96875,1.9375,2.046830752415123,0.42074550686172607,0.0630253509284393,7.625,1.25,2.1875,0.28125,-0.0625,-0.125,2.193548387096774,0.29032258064516103,-0.4193548387096775,0.8403225806451613,-0.06290322580645158,-0.0037634408602150726,0.25,-0.03125,-0.09375,3.625,0.5138888888888888,0.26136363636363624,1.0,0.11111111111111116,0.0,1.1533203125,-0.755859375,0.33023563508064513,0.03125,0.0,0.03125,1.75,-0.21875,-0.3125,1.2443420336765103,-0.2033340796279326,-0.12201644193337424,6.40625,0.03125,-0.09375,2.0923728619795248,0.35567224521851704,0.10856746049284105,5.65625,0.25,0.21875,0.28125,-0.0625,-0.125,2.161290322580645,0.16129032258064502,-0.4516129032258065,0.8360215053763441,-0.06720430107526876,-0.008064516129032251,0.25,-0.03125,-0.09375,3.625,0.5138888888888888,0.26136363636363624,1.0,0.11111111111111116,0.0,0.9324596774193549,-0.006048387096774133,0.109375,0.0,0.0,0.0
GaCo22_01,control,6,0.0697275929977123,0.0596744434149335,0.0837654065039095,1.1199999999999761,0.016249999999999654,0.013749999999999707,0.07892129895390193,-0.014725072343348453,0.06704394956224798,0.054285714285713126,-0.029999999999999367,0.03714285714285635,0.4342609849478795,0.26137428743995533,0.8754374555361149,-0.34543210912246847,-0.19939931673668151,-0.40748926940627755,0.2847165641014706,-0.041820152205375716,0.020363303045227932,0.0718823153020043,-0.08486095227726716,0.0565112135414796,0.06971758384875422,-0.06444503023563554,0.05097395042622173,-0.17547230086729967,-0.03670759507786553,-0.1728522078967536,-0.022050886865156827,0.22503808708352638,0.7703298372577891,0.9690379698586837,-0.055307613346146756,-0.036592660771946894,0.03938909561022298,-0.04765982663564808,0.025020261444999692,0.05830319122104304,-0.018989166909624343,0.03775586988735215,-0.7235301469075136,-0.9123253590983638,-0.3693170698551315,0.3240886552954092,0.5487756198331314,0.7781048121610328,1.323593434598243,0.0023906578564736325,0.04674891836152484,0.19519029698238463,0.07618460915997012,0.1808898411019664,0.16968394782076995,0.0646174461846252,0.14949054034033749,-0.14203342099861158,-0.23714242668458163,0.5559385121477137,-0.22901030015212617,0.11034697941981828,-0.6539521980936355,0.7973598546419036,0.029745964584392937,0.11850095799499272,0.6892166357956305,0.06293587479131679,0.18007246331044735,0.3333333333333333,-0.16666666666666669,0.0,1.96875,0.15625,-0.09375,1.4697898686766473,0.11528722218427556,0.10343139306676274,8.46875,0.03125,1.96875,1.8136467451323128,-0.2331840072828102,-0.17015865635437089,7.5,-0.125,2.0625,0.34375,0.0625,-0.0625,2.064516129032258,-0.12903225806451601,-0.5483870967741935,0.8,-0.040322580645161255,-0.04408602150537633,0.28125,0.03125,-0.0625,3.3333333333333335,-0.2916666666666665,-0.030303030303030276,1.0,0.0,0.0,1.4306640625,0.27734375,0.6075793850806451,0.03125,0.0,0.03125,1.875,0.125,-0.1875,1.2889105176778741,0.04456848400136382,-0.07744795793201042,6.40625,0.0,-0.09375,1.8983757913440875,-0.19399707063543725,-0.0854296101425962,5.53125,-0.125,0.09375,0.34375,0.0625,-0.0625,2.129032258064516,-0.032258064516129004,-0.4838709677419355,0.8,-0.036021505376344076,-0.04408602150537633,0.28125,0.03125,-0.0625,3.3333333333333335,-0.2916666666666665,-0.030303030303030276,1.0,0.0,0.0,0.9606854838709677,0.028225806451612878,0.13760080645161288,0.0,0.0,0.0
GaCo22_01,control,7,0.06104597862874657,0.05017657474685637,0.08734729380920557,1.1474999999999755,0.027499999999999414,0.04124999999999912,0.17202574558145617,0.09310444662755424,0.16014839618980223,0.07857142857142689,0.024285714285713765,0.06142857142857011,0.8489902575872151,0.4147292726393356,1.2901667281754505,0.7204070008435911,1.0658391099660596,0.658349840559782,0.3098626344284152,0.025146070326944603,0.045509373372172535,0.1480713343164364,0.0761890190144321,0.1327002325559117,0.07073429892309765,0.0010167150743434356,0.051990665500565164,-0.33936498608004023,-0.16389268521274056,-0.3367448931094941,-0.2100276616084217,-0.18797677474326488,0.5823530625145243,1.015102860824883,0.04606489096619937,0.009472230194252473,0.07065544284640499,0.031266347236182004,0.056286608681181696,0.039665053485507765,-0.018638137735535278,0.019117732151816873,0.10741445547788098,0.8309446023853946,0.46162753253026306,-0.23698327707702332,-0.5610719323724325,0.21703287978860025,1.2895958745745801,-0.03399756002366283,0.012751358337862007,0.08755501502990473,-0.1076352819524799,0.07325455914948649,0.052638598089213194,-0.11704534973155675,0.03244519060878072,-0.5692602614227393,-0.42722684042412773,0.128711671723586,-0.3194477013383326,-0.09043740118620644,-0.7443895992798419,0.8555630294383404,0.058203174796436774,0.1767041327914295,0.6922426155399358,0.003025979744305296,0.18309844305475265,0.8333333333333334,0.5,0.5,2.0,0.03125,-0.0625,1.3912166872805047,-0.07857318139614256,0.02485821167062019,8.59375,0.125,2.09375,1.8114220932736798,-0.0022246518586330755,-0.17238330821300396,7.59375,0.09375,2.15625,0.375,0.03125,-0.03125,1.5483870967741935,-0.5161290322580645,-1.064516129032258,0.8360215053763441,0.036021505376344076,-0.008064516129032251,0.15625,-0.125,-0.1875,3.8,0.46666666666666634,0.43636363636363606,1.0,0.0,0.0,1.15966796875,-0.27099609375,0.33658329133064513,0.03125,0.0,0.03125,1.9375,0.0625,-0.125,1.293594641599212,0.004684123921337768,-0.07276383401067266,5.5625,-0.84375,-0.9375,1.8480591388386793,-0.05031665250540818,-0.13574626264800438,4.625,-0.90625,-0.8125,0.375,0.03125,-0.03125,1.5806451612903225,-0.5483870967741935,-1.032258064516129,0.8360215053763441,0.036021505376344076,-0.008064516129032251,0.15625,-0.125,-0.1875,3.8,0.46666666666666634,0.43636363636363606,1.0,0.0,0.0,0.9390120967741935,-0.021673387096774244,0.11592741935483863,0.0,0.0,0.0
GaPt03_01,pd,1,0.13406386888361285,0.13406386888361285,0.16967437001649552,1.4862499999999683,0.024999999999999467,0.024999999999999467,0.3089122621623843,0.25376635181019863,0.25376635181019863,0.42857142857141944,0.3528571428571353,0.3528571428571353,-0.5336897486003462,-0.3724106147044334,-0.3724106147044334,0.08444858907434634,0.004204014556132438,0.004204014556132438,0.5284723246255834,0.208732602643932,0.208732602643932,0.23063368539986046,0.20409378925446248,0.20409378925446248,0.24342580327650737,0.22870647594381152,0.22870647594381152,-0.09942045173817171,-0.8121468433059003,-0.8121468433059003,-0.29165252010424064,-0.8244269732375009,-0.8244269732375009,1.0259860939747665,0.06648792640512591,0.06648792640512591,0.16679169063600732,0.1446494412459304,0.1446494412459304,0.14366911220248865,0.11807930810725707,0.11807930810725707,0.428308046672081,0.5092974637840065,0.5092974637840065,-0.1436355429450213,0.27843240491157406,0.27843240491157406,1.4428923805113132,0.14625200956581574,0.14625200956581574,0.1720271438038691,0.1488478857721631,0.1488478857721631,0.17749011159746855,0.16377207857231765,0.16377207857231765,0.08791592035211264,-0.7722470261862433,-0.7722470261862433,-0.347290286457825,-0.8702798014980707,-0.8702798014980707,0.8356221810608409,0.3073013474871221,0.3073013474871221,0.8309837240710141,0.43474309889072504,0.43474309889072504,0.6666666666666666,0.16666666666666663,0.16666666666666663,1.71875,0.0,0.0,1.300976680260121,0.02503616693342714,0.02503616693342714,8.03125,1.25,1.25,2.055431435756682,0.09231385263505687,0.09231385263505687,7.3125,1.25,1.25,0.25,0.0,0.0,2.4193548387096775,0.5806451612903227,0.5806451612903227,0.8064516129032258,0.040322580645161255,0.040322580645161255,0.28125,0.0625,0.0625,3.6666666666666665,0.23809523809523814,0.23809523809523814,0.8888888888888888,0.031746031746031744,0.031746031746031744,1.233154296875,0.249787361391129,0.249787361391129,0.03125,0.03125,0.03125,1.65625,-0.0625,-0.0625,1.1807426585867267,-0.09519785473996722,-0.09519785473996722,7.0,0.21875,0.21875,2.109884571066817,0.14676698794519205,0.14676698794519205,6.34375,0.28125,0.28125,0.25,0.0,0.0,2.4516129032258065,0.6129032258064517,0.6129032258064517,0.8064516129032258,0.040322580645161255,0.040322580645161255,0.28125,0.0625,0.0625,3.6666666666666665,0.23809523809523814,0.23809523809523814,0.8888888888888888,0.031746031746031744,0.031746031746031744,1.0148689516129032,0.03150201612903225,0.03150201612903225,0.0,0.0,0.0
GaPt03_01,pd,2,0.07313223108610027,0.12758232918504797,0.08114395794341511,1.458749999999969,-0.027499999999999414,-0.0024999999999999467,0.08609587678861098,-0.22281638537377335,0.030949966436425315,0.11857142857142604,-0.3099999999999934,0.04285714285714194,-0.23938923792626848,0.29430051067407775,-0.07811010403035562,0.35620220945382064,0.2717536203794743,0.27595763493560677,0.466949045302188,-0.06152327932339535,0.14720932332053666,0.0730387476096979,-0.15759493779016254,0.046498851464299926,0.06454979691423449,-0.17887600636227288,0.04983046958153865,0.41407984276785803,0.5135002945060297,-0.2986465487998705,-0.11768564753666315,0.17396687256757748,-0.6504601006699234,1.014383061059346,-0.01160303291542042,0.05488489348970549,0.054415046753743763,-0.11237664388226357,0.032272797363666846,0.06563103330143909,-0.07803807890104957,0.04004122920620751,-0.004035161851346928,-0.43234320852342795,0.0769542552605786,0.0038472946509894375,0.14748283759601072,0.4259152425075848,1.4172791594553389,-0.0256132210559743,0.12063878850984144,0.08265073757799038,-0.08937640622587872,0.059471479546284386,0.10147215604491196,-0.0760179555525566,0.08775412301976107,-0.12068146276089302,-0.20859738311300566,-0.9808444092992489,-0.1175322940499724,0.2297579924078526,-0.640521809090218,0.830559292496948,-0.005062888563892809,0.3022384589232293,0.6734898128338916,-0.15749391123712242,0.2772491876536026,0.3333333333333333,-0.3333333333333333,-0.16666666666666669,2.03125,0.3125,0.3125,1.4915758066879383,0.1905991264278173,0.21563529336124443,7.40625,-0.625,0.625,2.1229829136413,0.06755147788461802,0.1598653305196749,6.375,-0.9375,0.3125,0.40625,0.15625,0.15625,2.4516129032258065,0.032258064516129004,0.6129032258064517,0.8467741935483872,0.04032258064516148,0.08064516129032273,0.3125,0.03125,0.09375,3.7,0.03333333333333366,0.2714285714285718,0.9,0.011111111111111183,0.04285714285714293,1.414794921875,0.181640625,0.431427986391129,0.03125,0.0,0.03125,1.90625,0.25,0.1875,1.2010580013390881,0.020315342752361465,-0.07488251198760576,6.3125,-0.6875,-0.46875,2.206113207401417,0.0962286363346001,0.24299562427979216,5.40625,-0.9375,-0.65625,0.40625,0.15625,0.15625,2.5483870967741935,0.09677419354838701,0.7096774193548387,0.8467741935483872,0.04032258064516148,0.08064516129032273,0.3125,0.03125,0.09375,3.7,0.03333333333333366,0.2714285714285718,0.9,0.011111111111111183,0.04285714285714293,0.944304435483871,-0.07056451612903225,-0.0390625,0.0,0.0,0.0
GaPt03_01,pd,3,0.04438792372596577,0.12742653353575087,0.10482786183575582,1.4824999999999684,0.023749999999999494,0.021249999999999547,0.10633504999360452,0.020239173204993535,0.05118913964141885,0.12142857142856885,0.002857142857142808,0.04571428571428475,-0.16051719140161283,0.07887204652465565,0.000761942494300033,0.5410513682438214,0.18484915879000074,0.4608067937256075,0.4304784698304878,-0.036470575471700184,0.11073874784883647,0.10072654036737548,0.027687792757677576,0.0741866442219775,0.04972651719852189,-0.014823279715712595,0.03500718986582606,0.8726304097737515,0.4585505670058935,0.15990401820602296,0.8519355151040944,0.9696211626407575,0.31916106197083405,1.0316972718308561,0.017314210771510075,0.07219910426121556,0.05956638038603236,0.0051513336322885975,0.03742413099595544,0.05174463554733798,-0.01388639775410111,0.0261548314521064,0.4112360109105136,0.41527117276186054,0.4922254280224391,0.37088181173282736,0.36703451708183793,0.7929497595894227,1.4529030800453508,0.03562392059001196,0.1562627090998534,0.14007497538975477,0.057424237811764395,0.11689571735804878,0.10161967705195796,0.00014752100704600035,0.08790164402680707,0.4580272249645976,0.5787086877254906,-0.4021357215737583,0.5475048198044237,0.665037113854396,0.02451530476417796,0.830559292496948,0.0,0.3022384589232293,0.7595800472765,0.08609023444260833,0.36333942209621095,0.5,0.16666666666666669,0.0,1.84375,-0.1875,0.125,1.322494588073566,-0.16908121861437242,0.04655407474687201,9.0,1.59375,2.21875,2.109884571066817,-0.013098342574482835,0.14676698794519205,8.15625,1.78125,2.09375,0.3125,-0.09375,0.0625,2.6129032258064515,0.16129032258064502,0.7741935483870968,0.9032258064516129,0.056451612903225645,0.13709677419354838,0.28125,-0.03125,0.0625,4.111111111111111,0.41111111111111054,0.6825396825396823,1.0,0.09999999999999998,0.1428571428571429,1.18212890625,-0.232666015625,0.198761970766129,0.03125,0.0,0.03125,1.78125,-0.125,0.0625,1.2110878873837942,0.010029886044706116,-0.06485262594289964,6.96875,0.65625,0.1875,2.1625011653921904,-0.04361204200922675,0.1993835822705654,6.1875,0.78125,0.125,0.3125,-0.09375,0.0625,2.6451612903225805,0.09677419354838701,0.8064516129032258,0.9032258064516129,0.056451612903225645,0.13709677419354838,0.28125,-0.03125,0.0625,4.111111111111111,0.41111111111111054,0.6825396825396823,1.0,0.09999999999999998,0.1428571428571429,0.9621975806451613,0.017893145161290258,-0.021169354838709742,0.0,0.0,0.0
GaPt03_01,pd,4,0.05091064664010278,0.11040353672106726,0.07015369992173355,1.596249999999966,0.11374999999999758,0.13499999999999712,0.1078275739979585,0.0014925240043539845,0.052681663645772835,0.12571428571428303,0.0042857142857141844,0.049999999999998934,0.09922338653171807,0.2597405779333309,0.26050252042763095,-0.6744311436977999,-1.2154825119416213,-0.7546757182160138,0.454865810445373,0.024387340614885178,0.13512608846372165,0.05407416221797983,-0.04665237814939565,0.027534266072581852,0.060455411581813764,0.010728894383291873,0.04573608424911793,0.047126453154141205,-0.8255039566196103,-0.6655999384135873,0.026656541273709783,-0.8252789738303846,-0.5061179118595506,0.9497743208093548,-0.08192295102150138,-0.009723846760285815,0.08147536692764838,0.02190898654161602,0.059333117537571464,0.08916433261121791,0.03741969706387993,0.06357452851598633,0.22532733510526248,-0.1859086758052511,0.306316752217188,-0.33694874918842965,-0.707830560921257,0.0851191986681657,1.4204649123508244,-0.032438167694526454,0.12382454140532695,0.08861540994508481,-0.051459565444669966,0.06543615191337881,0.08921191792234749,-0.012407759129610466,0.0754938848971966,0.0033963963342040285,-0.45463082863039356,-0.8567665502041518,-0.3306652333929306,-0.8781700531973542,-0.8536547484331762,0.7392549458913105,-0.09130434660563758,0.21093411231759174,0.7179133806098333,-0.04166666666666663,0.3216727554295443,0.3333333333333333,-0.16666666666666669,-0.16666666666666669,1.84375,0.0,0.125,1.6482517620095973,0.32575717393603143,0.37231124868290344,8.0625,-0.9375,1.28125,1.9166082272530798,-0.19327634381373726,-0.04650935586854521,7.21875,-0.9375,1.15625,0.25,-0.0625,0.0,2.129032258064516,-0.4838709677419355,0.29032258064516125,0.8185483870967742,-0.08467741935483863,0.05241935483870974,0.21875,-0.0625,0.0,4.142857142857143,0.03174603174603252,0.7142857142857149,1.0,0.0,0.1428571428571429,2.025146484375,0.843017578125,1.041779548891129,0.03125,0.0,0.03125,1.6875,-0.09375,-0.03125,1.2296734420949118,0.018585554711117558,-0.046267071231782086,6.9375,-0.03125,0.15625,2.046830752415123,-0.11567041297706737,0.08371316929349804,6.25,0.0625,0.1875,0.25,-0.0625,0.0,2.2580645161290325,-0.38709677419354804,0.4193548387096777,0.8225806451612904,-0.08064516129032251,0.05645161290322587,0.25,-0.03125,0.03125,4.0,-0.11111111111111072,0.5714285714285716,1.0,0.0,0.1428571428571429,1.0582157258064515,0.09601814516129026,0.07484879032258052,0.0,0.0,0.0
GaPt03_01,pd,5,0.10011275378664056,0.14955791677142943,0.1881154708313323,1.6262499999999653,0.02999999999999936,0.16499999999999648,0.3557662756039946,0.2479387016060361,0.3006203652518089,0.27999999999999403,0.154285714285711,0.20428571428570994,-0.8489197195864171,-0.9481431061181351,-0.6876405856905042,-0.059102761855125883,0.615328381842674,-0.1393473363733398,0.43063053660224937,-0.024235273843123628,0.11089081462059802,0.18560518074452095,0.13153101852654112,0.15906528459912297,0.1788070197150582,0.11835160813324443,0.16408769238236234,0.08799831915376072,0.04087186599961951,-0.6247280724139679,-0.37028577447394784,-0.3969423157476576,-0.9030602276072082,0.9968384451835157,0.047064124374160965,0.03734027761387515,0.1503649958986705,0.06888962897102212,0.12822274650859358,0.11804941441891421,0.028885081807696306,0.09245961032368263,-0.6433630634345983,-0.8686903985398607,-0.5623736463226727,0.04630615663092724,0.3832549058193569,0.4683741044875226,1.5447071902250071,0.12424227787418274,0.2480668192795097,0.27699950171683857,0.18838409177175375,0.25382024368513256,0.14957109496758575,0.06035917704523826,0.13585306194243485,0.5624322887547915,0.5590358924205874,-0.29773065778356445,-0.2892930786362731,0.04137215475665745,-0.8122825936765188,0.8231694456130664,0.08391449972175591,0.29484861203934765,0.8180138022185502,0.1001004216087169,0.4217731770382612,0.3333333333333333,0.0,-0.16666666666666669,2.125,0.28125,0.40625,1.9134498484623643,0.265198086452767,0.6375093351356704,9.125,1.0625,2.34375,1.87943024997368,-0.037177977279399865,-0.08368733314794508,8.0,0.78125,1.9375,0.3125,0.0625,0.0625,2.064516129032258,-0.06451612903225801,0.22580645161290325,0.7338709677419355,-0.08467741935483875,-0.032258064516129004,0.28125,0.0625,0.0625,3.2222222222222223,-0.9206349206349209,-0.20634920634920606,0.8888888888888888,-0.11111111111111116,0.031746031746031744,1.157958984375,-0.8671875,0.174592048891129,0.03125,0.0,0.03125,2.0625,0.375,0.34375,1.8480591388386793,0.6183856967437675,0.5721186255119854,7.09375,0.15625,0.3125,1.940391962398818,-0.10643879001630507,-0.02272562072280704,6.03125,-0.21875,-0.03125,0.3125,0.0625,0.0625,2.096774193548387,-0.16129032258064546,0.25806451612903225,0.7338709677419355,-0.08870967741935487,-0.032258064516129004,0.28125,0.03125,0.0625,3.2222222222222223,-0.7777777777777777,-0.20634920634920606,0.8888888888888888,-0.11111111111111116,0.031746031746031744,0.9372479838709677,-0.12096774193548376,-0.04611895161290325,0.0,0.0,0.0
GaPt03_01,pd,6,0.1067380941928956,0.08941364844273494,0.04771476785757566,1.6174999999999655,-0.008749999999999813,0.15624999999999667,0.03105295017040528,-0.32471332543358933,-0.02409296018178039,0.03999999999999915,-0.23999999999999488,-0.03571428571428495,-0.35346141007644566,0.49545830950997144,-0.1921822761805328,0.38514791082314653,0.4442506726782724,0.3049033363049326,0.42375497021085906,-0.006875566391390309,0.10401524822920771,0.03271673160471219,-0.15288844913980876,0.00617683545931421,0.0411501178159193,-0.1376569018991389,0.026430790483223464,-0.17512780144904638,-0.2631261206028071,-0.8878541930167749,-0.3377819993629728,0.03250377511097502,-0.8705564524962331,1.0089814499595247,0.012143004776008937,0.04948328238988409,0.040972779462218153,-0.10939221643645235,0.018830530072141236,0.06341189263194735,-0.05463752178696686,0.03782208853671577,-0.7129145322653186,-0.06955146883072039,-0.6319251151533931,0.29227940759110543,0.2459732509601782,0.7143473554477008,1.3787543079609046,-0.16595288226410254,0.08211393701540715,0.038286982331632746,-0.23871251938520582,0.01510772429992675,0.044848196452851985,-0.10472289851473376,0.031130163427701092,-0.14843893793552976,-0.7108712266903212,-1.0086018844738858,-0.7691529187106372,-0.47985984007436405,-1.292142433750883,0.6184628474025112,-0.20470659821055515,0.0901420138287925,0.5433833024622973,-0.274630499756253,0.14714267728200825,0.0,-0.3333333333333333,-0.5,1.96875,-0.15625,0.25,1.575710285308123,-0.33773956315424125,0.2997697719814292,9.40625,0.28125,2.625,1.864081110653926,-0.015349139319754013,-0.09903647246769909,8.4375,0.4375,2.375,0.3125,0.0,0.0625,2.870967741935484,0.806451612903226,1.0322580645161292,0.9354838709677419,0.20161290322580638,0.16935483870967738,0.375,0.09375,0.15625,3.5833333333333335,0.36111111111111116,0.1547619047619051,0.8333333333333334,-0.05555555555555547,-0.023809523809523725,1.429931640625,0.27197265625,0.446564705141129,0.03125,0.0,0.03125,1.84375,-0.21875,0.125,1.2978735710582958,-0.5501855677803835,0.021933057731601924,7.3125,0.21875,0.53125,2.007044046963497,0.06665208456467919,0.043926463841872154,6.46875,0.4375,0.40625,0.3125,0.0,0.0625,2.967741935483871,0.870967741935484,1.1290322580645162,0.9354838709677419,0.20161290322580638,0.16935483870967738,0.375,0.09375,0.15625,3.5833333333333335,0.36111111111111116,0.1547619047619051,0.8333333333333334,-0.05555555555555547,-0.023809523809523725,0.959929435483871,0.022681451612903247,-0.0234375,0.0,0.0,0.0
GaPt03_01,pd,7,0.0666124932780688,0.14616209154498622,0.07505235434942668,1.5712499999999665,-0.046249999999999014,0.10999999999999766,0.0758640701706473,0.04481112000024201,0.020718159818461625,0.0771428571428555,0.03714285714285635,0.001428571428571404,-0.04152582792300166,0.31193558215344397,0.1197533059729112,0.08177208188314128,-0.30337582894000525,0.0015275073649273774,0.44677746419986375,0.02302249398900469,0.1270377422182124,0.05637915299687976,0.023662421392167572,0.029839256851481782,0.04466653734837673,0.003516419532457432,0.029947210015680896,0.6274263754769924,0.8025541769260388,-0.08530001609073612,-0.020937077414190645,0.31684492194878217,-0.5537115305474509,1.0488481445396616,0.03986669458013692,0.089349976970021,0.054906197667854366,0.013933418205636212,0.03276394827777745,0.05145231793226298,-0.011959574699684374,0.025862513837031403,0.20740929239648298,0.9203238246618016,0.2883987095084085,0.022723773218105512,-0.2695556343729999,0.4447917210747009,1.4535809318969244,0.0748266239360198,0.15694056095142694,0.07068198868702692,0.032395006355394176,0.04750273065532093,0.07791769137899555,0.03306949492614357,0.06419965835384467,0.048187145823128996,0.19662608375865875,-0.8119758007152269,0.40360744825444195,1.172760366965079,-0.11938206678580376,0.7551611546097363,0.1366983072072251,0.2268403210360176,0.6095136727289302,0.06613037026663293,0.21327304754864118,0.16666666666666666,0.16666666666666666,-0.33333333333333337,2.0,0.03125,0.28125,1.4142135623730951,-0.16149672293502793,0.13827304904640125,9.75,0.34375,2.96875,2.1701791214908597,0.3060980108369338,0.2070615383692347,8.75,0.3125,2.6875,0.375,0.0625,0.125,2.5806451612903225,-0.2903225806451615,0.7419354838709677,0.9274193548387096,-0.008064516129032251,0.16129032258064513,0.3125,-0.0625,0.09375,3.5,-0.08333333333333348,0.07142857142857162,0.8,-0.033333333333333326,-0.05714285714285705,1.2255859375,-0.204345703125,0.242219002016129,0.03125,0.0,0.03125,1.9375,0.09375,0.21875,1.3182955760399302,0.02042200498163438,0.0423550627132363,6.71875,-0.59375,-0.0625,2.2177346040934536,0.21069055712995644,0.2546170209718286,5.78125,-0.6875,-0.28125,0.375,0.0625,0.125,2.6129032258064515,-0.3548387096774195,0.7741935483870968,0.9274193548387096,-0.008064516129032251,0.16129032258064513,0.3125,-0.0625,0.09375,3.5,-0.08333333333333348,0.07142857142857162,0.8,-0.033333333333333326,-0.05714285714285705,1.0070564516129032,0.04712701612903225,0.02368951612903225,0.0,0.0,0.0
GaPt04_01,pd,1,0.03411887949367422,0.03411887949367422,0.041759583244969166,1.2762499999999728,0.06499999999999861,0.06499999999999861,0.02774243783705434,0.0013186931040636007,0.0013186931040636007,0.04571428571428474,0.01714285714285678,0.01714285714285678,-0.7893258426966292,-0.8350992647697817,-0.8350992647697817,0.4630976780976768,0.7936624799045103,0.7936624799045103,0.38779276402809965,0.02069473497715707,0.02069473497715707,0.027731292252371115,-0.013663060441068589,-0.013663060441068589,0.021545441824302316,-0.015361556442493086,-0.015361556442493086,0.6162283767039214,0.30501878673302374,0.30501878673302374,0.5173354801370909,-0.19635537941642756,-0.19635537941642756,0.9832645855746447,-0.013576013627870531,-0.013576013627870531,0.04171672469235151,0.016042476182458177,0.016042476182458177,0.04696497056039899,0.01576145175079407,0.01576145175079407,-0.30748305553182015,-0.25390137938098634,-0.25390137938098634,-0.3887271184102741,-0.8011182067412383,-0.8011182067412383,1.3694717741347684,0.04028396433420878,0.04028396433420878,0.028298831326490567,0.009541992653830263,0.009541992653830263,0.033574720210664974,0.009302025195794105,0.009302025195794105,-0.10820632603769309,0.16386497963019098,0.16386497963019098,-0.525381655239168,-0.2733686179465737,-0.2733686179465737,0.634369056120937,-0.00506288856389292,-0.00506288856389292,0.6386462923344499,0.07953616691041376,0.07953616691041376,0.3333333333333333,0.16666666666666666,0.16666666666666666,1.96875,0.0,0.0,1.4024028918138118,0.09524209266218886,0.09524209266218886,7.75,1.3125,1.3125,2.063507818286384,0.04844358333809273,0.04844358333809273,6.78125,1.3125,1.3125,0.34375,-0.03125,-0.03125,2.2580645161290325,-0.22580645161290303,-0.22580645161290303,0.8709677419354839,-0.09677419354838712,-0.09677419354838712,0.34375,-0.03125,-0.03125,2.909090909090909,-0.007575757575757347,-0.007575757575757347,0.8181818181818182,-0.015151515151515138,-0.015151515151515138,1.09814453125,0.1903824344758065,0.1903824344758065,0.03125,0.03125,0.03125,1.90625,-0.0625,-0.0625,1.3040724054705235,-0.003088393681099477,-0.003088393681099477,6.71875,0.28125,0.28125,2.1134648970275665,0.09840066207927523,0.09840066207927523,5.8125,0.34375,0.34375,0.34375,-0.03125,-0.03125,2.2903225806451615,-0.19354838709677402,-0.19354838709677402,0.8709677419354839,-0.09677419354838712,-0.09677419354838712,0.34375,-0.03125,-0.03125,2.909090909090909,-0.007575757575757347,-0.007575757575757347,0.8181818181818182,-0.015151515151515138,-0.015151515151515138,0.8755040322580645,-0.032258064516129004,-0.032258064516129004,0.0,0.0,0.0
GaPt04_01,pd,2,0.020406372941842922,0.03387337461438308,0.04517926535602674,1.3274999999999717,0.05124999999999891,0.11624999999999752,0.11221790027823816,0.08447546244118383,0.08579415554524743,0.05999999999999872,0.014285714285713978,0.03142857142857076,0.8673593118501052,1.6566851545467345,0.8215858897769528,0.8331677604202067,0.37007008232252986,1.1637325622270402,0.3846334972763271,-0.003159266751772527,0.017535468225384543,0.03165136758059549,0.003920075328224373,-0.009742985112844216,0.04595725873224043,0.024411816907938113,0.009050260465445027,-0.7076729166094609,-1.3239012933133822,-1.0188825065803586,0.07267465865771132,-0.4446608214793795,-0.6410162008958071,0.9676723810765995,-0.015592204498045215,-0.029168218125915746,0.04650305852717522,0.004786333834823707,0.020828810017281884,0.05244448304462084,0.005479512484221849,0.021240964235015918,-0.4819138822772473,-0.17443082674542715,-0.4283322061264135,-0.14555364788307257,0.2431734705272015,-0.5579447362140368,1.3790385244778947,0.009566750343126262,0.04985071467733504,0.038636183518343074,0.010337352191852507,0.01987934484568277,0.039143533058855144,0.00556881284819017,0.014870838043984275,0.24835370147577362,0.3565600275134667,0.5204250071436577,-0.14770326483360713,0.3776783904055609,0.1043097724589872,0.6184628474025112,-0.01590620871842574,-0.02096909728231866,0.6109898128338916,-0.027656479500558273,0.05187968740985549,0.3333333333333333,0.0,0.16666666666666666,1.875,-0.09375,-0.09375,1.4756081305138942,0.07320523870008233,0.1684473313622712,7.78125,0.03125,1.34375,1.736410368473402,-0.32709744981298194,-0.2786538664748892,6.90625,0.125,1.4375,0.28125,-0.0625,-0.09375,2.096774193548387,-0.16129032258064546,-0.3870967741935485,0.9032258064516129,0.032258064516129004,-0.06451612903225812,0.3125,-0.03125,-0.0625,3.0,0.09090909090909083,0.08333333333333348,0.9,0.08181818181818179,0.06666666666666665,1.4267578125,0.32861328125,0.5189957157258065,0.03125,0.0,0.03125,1.78125,-0.125,-0.1875,1.2885194053891917,-0.015553000081331758,-0.018641393762431235,6.71875,0.0,0.28125,1.8357449924810785,-0.277719904546488,-0.17931924246721276,5.9375,0.125,0.46875,0.28125,-0.0625,-0.09375,2.161290322580645,-0.12903225806451646,-0.3225806451612905,0.9032258064516129,0.032258064516129004,-0.06451612903225812,0.3125,-0.03125,-0.0625,3.0,0.09090909090909083,0.08333333333333348,0.9,0.08181818181818179,0.06666666666666665,0.9566532258064516,0.08114919354838712,0.04889112903225812,0.0,0.0,0.0
GaPt04_01,pd,3,0.04982671809834111,0.07179724425480484,0.07169069358955826,1.3262499999999717,-0.0012499999999999734,0.11499999999999755,0.09195301595302234,-0.020264884325215823,0.0655292712200316,0.08999999999999808,0.02999999999999936,0.06142857142857012,-0.4672871897979204,-1.3346465016480256,-0.5130606118710728,0.3041673530326541,-0.5290004073875526,0.6347321548394875,0.4692512111394746,0.08461771386314748,0.10215318208853202,0.045327743614696325,0.013676376034100837,0.0039333909212566215,0.0562287908093621,0.01027153207712167,0.019321792542566697,-0.08939599492932156,0.6182769216801393,-0.4006055849002192,0.6511228762786698,0.5784482176209585,-0.06256798327484858,0.9790671178208585,0.01139473674425906,-0.017773481381656686,0.06625602200167965,0.019752963474504434,0.04058177349178632,0.04937011204603459,-0.0030743709985862552,0.018166593236429662,0.5757982449483229,1.05771212722557,0.6293799210991567,0.29118763303018075,0.4367412809132533,-0.12120345530078352,1.397625744471879,0.018587219993984272,0.06843793467131931,0.0678904697216096,0.029254286203266526,0.0491336310489493,0.05075080074955223,0.011607267690697087,0.026478105734681363,0.4298953539850894,0.18154165250931575,0.7019666596529734,0.8760287751203613,1.0237320399539684,1.1280418124129556,0.6998279939292293,0.08136514652671811,0.06039604924439945,0.6262807610043136,0.01529094817042198,0.06717063558027747,0.3333333333333333,0.0,0.16666666666666666,1.8125,-0.0625,-0.15625,1.3545026464923717,-0.12110548402152244,0.047341847340748755,9.0625,1.28125,2.625,1.9166082272530798,0.18019785877967776,-0.09845600769521146,8.25,1.34375,2.78125,0.28125,0.0,-0.09375,2.129032258064516,0.032258064516129004,-0.3548387096774195,0.7419354838709677,-0.16129032258064513,-0.22580645161290325,0.25,-0.0625,-0.125,3.75,0.75,0.8333333333333335,1.0,0.09999999999999998,0.16666666666666663,1.17919921875,-0.24755859375,0.2714371219758065,0.03125,0.0,0.03125,1.75,-0.03125,-0.21875,1.2443420336765103,-0.044177371712681435,-0.06281876547511267,7.03125,0.3125,0.59375,1.975403184652562,0.13965819217148345,-0.039661050295729305,6.28125,0.34375,0.8125,0.28125,0.0,-0.09375,2.161290322580645,0.0,-0.3225806451612905,0.7419354838709677,-0.16129032258064513,-0.22580645161290325,0.25,-0.0625,-0.125,3.75,0.75,0.8333333333333335,1.0,0.09999999999999998,0.16666666666666663,0.9591733870967742,0.00252016129032262,0.05141129032258074,0.0,0.0,0.0
GaPt04_01,pd,4,0.0447414914639399,0.031776751970484046,0.04199143331722688,1.2412499999999735,-0.08499999999999819,0.02999999999999936,0.03181980515339396,-0.060133210799628384,0.005396060420403217,0.03999999999999915,-0.049999999999998934,0.011428571428571184,-0.49107787893445143,-0.02379068913653104,-0.5368513010076039,0.6210590034081188,0.31689165037546474,0.9516238052149524,0.4149301981739494,-0.05432101296552522,0.04783216912300681,0.02188551476216982,-0.023442228852526507,-0.019508837931269885,0.02755556159312204,-0.02867322921624006,-0.009351436673673361,0.09093718474768572,0.1803331796770073,-0.22027240522321193,0.15211545084688058,-0.4990074254317892,-0.5615754087066378,0.994885209446793,0.015818091625934505,-0.001955389755722181,0.027674370456731767,-0.03858165154494789,0.002000121946838431,0.029696730305025256,-0.01967338174100933,-0.0015067885045796682,-0.2766059696537698,-0.8524042146020927,-0.223024293502936,-0.5594386506842062,-0.850626283714387,-0.9718297390151704,1.363925180707573,-0.03370056376430597,0.03473737090701334,0.05028514499747954,-0.01760532472413006,0.03152830632481923,0.06137469904127132,0.010623898291719086,0.037102004026400445,-0.16331165625588726,-0.5932070102409767,0.10875964941199681,-0.6238821720505707,-1.499910947170932,-0.3718691347579764,0.6394319446848299,-0.06039604924439945,0.0,0.5629072918469556,-0.06337346915735798,0.0037971664229194957,0.3333333333333333,0.0,0.16666666666666666,1.96875,0.15625,0.0,1.575710285308123,0.22120763881575134,0.2685494861565001,7.90625,-1.15625,1.46875,1.6917136759186888,-0.22489455133439096,-0.3233505590296024,6.9375,-1.3125,1.46875,0.3125,0.03125,-0.0625,2.0,-0.12903225806451601,-0.4838709677419355,0.7741935483870968,0.032258064516129004,-0.19354838709677424,0.28125,0.03125,-0.09375,3.2222222222222223,-0.5277777777777777,0.3055555555555558,0.8888888888888888,-0.11111111111111116,0.05555555555555547,1.97314453125,0.7939453125,1.0653824344758065,0.03125,0.0,0.03125,1.84375,0.09375,-0.125,1.2978735710582958,0.05353153738178551,-0.00928722809332716,6.8125,-0.21875,0.375,1.8216883342374386,-0.15371485041512334,-0.19337590071085264,5.96875,-0.3125,0.5,0.3125,0.03125,-0.0625,2.096774193548387,-0.06451612903225801,-0.3870967741935485,0.7741935483870968,0.032258064516129004,-0.19354838709677424,0.28125,0.03125,-0.09375,3.2222222222222223,-0.5277777777777777,0.3055555555555558,0.8888888888888888,-0.11111111111111116,0.05555555555555547,1.0045362903225807,0.045362903225806495,0.09677419354838723,0.0,0.0,0.0
GaPt04_01,pd,5,0.017767863234767436,0.04731590037387534,0.03123158282549926,1.2599999999999731,0.0187499999999996,0.04874999999999896,0.03380617018913994,0.0019863650357459864,0.007382425456149203,0.01571428571428538,-0.02428571428571377,-0.012857142857142585,0.8317268465819188,1.3228047255163702,0.7859534245087663,0.4844813951249544,-0.1365776082831644,0.8150461969317879,0.40329229791058757,-0.011637900263361811,0.036194268859644996,0.02930658928099823,0.0074210745188284105,-0.012087763412441475,0.01893727678661537,-0.00861828480650667,-0.017969721480180032,0.7124991307103504,0.6215619459626647,0.4012895407394528,0.7949179249120089,0.6428024740651282,0.08122706535849045,0.9841037351774367,-0.010781474269356384,-0.012736864025078565,0.021968836416139403,-0.0057055340405923645,-0.0037054120937539334,0.028618937151205354,-0.0010777931538199018,-0.00258458165839957,-0.22280072631473635,0.05380524333903347,-0.16921905016390254,-0.16340148247969305,0.3960371682045131,-0.5757925708106573,1.3809489757129931,0.017023795005420173,0.051761165912433516,0.03167599392535935,-0.01860915107212019,0.012919155252699047,0.034662954348988216,-0.0267117446922831,0.010390259334117347,-0.20518860496400043,-0.041876948708113176,0.06688270070388364,0.07072273194136684,0.6946049039919375,0.3227357692339612,0.6184628474025112,-0.02096909728231866,-0.02096909728231866,0.5924775058185164,0.029570213971560788,0.033367380394480284,0.3333333333333333,0.0,0.16666666666666666,1.96875,0.0,0.0,1.4024028918138118,-0.17330739349431123,0.09524209266218886,8.5,0.59375,2.0625,1.8139246347754256,0.12221095885673683,-0.20113960017286558,7.53125,0.59375,2.0625,0.34375,0.03125,-0.03125,2.2903225806451615,0.2903225806451615,-0.19354838709677402,0.9193548387096774,0.14516129032258063,-0.048387096774193616,0.3125,0.03125,-0.0625,3.1,-0.12222222222222223,0.18333333333333357,0.8,-0.0888888888888888,-0.033333333333333326,1.20654296875,-0.7666015625,0.2987808719758065,0.03125,0.0,0.03125,1.90625,0.0625,-0.0625,1.3040724054705235,0.006198834412227683,-0.003088393681099477,6.46875,-0.34375,0.03125,1.866242991473995,0.044554657236556494,-0.14882124347429615,5.5625,-0.40625,0.09375,0.34375,0.03125,-0.03125,2.3225806451612905,0.22580645161290347,-0.16129032258064502,0.9193548387096774,0.14516129032258063,-0.048387096774193616,0.3125,0.03125,-0.0625,3.1,-0.12222222222222223,0.18333333333333357,0.8,-0.0888888888888888,-0.033333333333333326,0.9873991935483871,-0.017137096774193616,0.07963709677419362,0.0,0.0,0.0
GaPt04_01,pd,6,0.02082421008350996,0.052924259094114016,0.04902244073874845,1.2849999999999726,0.024999999999999467,0.07374999999999843,0.03741657386773861,0.0036104036785986685,0.010992829134747872,0.03428571428571355,0.018571428571428173,0.0057142857142855885,0.1351140155787652,-0.6966128310031535,0.08934059350561277,-0.5373732906238791,-1.0218546857488335,-0.20680848881704555,0.43219644154963777,0.028904143639050195,0.06509841249869519,0.027315836399816624,-0.0019907528811816053,-0.01407851629362308,0.030331336602431726,0.011394059815816357,-0.006575661664363675,-0.04708297187956162,-0.7595821025899121,-0.35829256185045927,0.12014474529407425,-0.6747731796179346,-0.5935461142594441,0.9692671937232624,-0.014836541454174235,-0.0275734054792528,0.04575666803255668,0.023787831616417277,0.020082419522663344,0.061031183582033285,0.032412246430827935,0.02982766477242836,-0.3041767331367223,-0.08137600682198592,-0.25059505698588846,-0.18164444111668,-0.01824295863698694,-0.5940355294476443,1.3901365392278764,0.009187563514883257,0.06094872942731677,0.05217003373950623,0.02049403981414688,0.033413195066845924,0.05094554163912662,0.0162825872901384,0.026672846624255748,0.11737007297520675,0.3225586779392072,0.3894413786430908,-0.3611451155175815,-0.43186784745894835,-0.10913207822498716,0.6788588966469108,0.06039604924439956,0.0394269519620809,0.5809837240710138,-0.011493781747502596,0.021873598646977688,0.16666666666666666,-0.16666666666666666,0.0,1.90625,-0.0625,-0.0625,1.4670438786673983,0.06464098685358644,0.1598830795157753,8.90625,0.40625,2.46875,1.766340759145685,-0.047583875629740646,-0.24872347580260623,8.0,0.46875,2.53125,0.3125,-0.03125,-0.0625,2.129032258064516,-0.16129032258064546,-0.3548387096774195,0.8870967741935484,-0.032258064516129004,-0.08064516129032262,0.3125,0.0,-0.0625,3.0,-0.10000000000000009,0.08333333333333348,0.8,0.0,-0.033333333333333326,1.47802734375,0.271484375,0.5702652469758065,0.03125,0.0,0.03125,1.8125,-0.09375,-0.15625,1.281065584682558,-0.023006820787965454,-0.02609521446906493,6.84375,0.375,0.40625,1.868402370838476,0.0021593793644809622,-0.1466618641098152,6.03125,0.46875,0.5625,0.3125,-0.03125,-0.0625,2.193548387096774,-0.12903225806451646,-0.2903225806451615,0.8870967741935484,-0.032258064516129004,-0.08064516129032262,0.3125,0.0,-0.0625,3.0,-0.10000000000000009,0.08333333333333348,0.8,0.0,-0.033333333333333326,1.0095766129032258,0.022177419354838634,0.10181451612903225,0.0,0.0,0.0
GaPt04_01,pd,7,0.037498697930593385,0.08300298374035651,0.050085454095095946,1.3387499999999715,0.053749999999998854,0.12749999999999728,0.10119817897853198,0.06378160511079337,0.07477443424554124,0.09857142857142646,0.06428571428571292,0.06999999999999851,0.12167322355471476,-0.01344079202405045,0.07589980148156232,-0.43096314623725684,0.10641014438662222,-0.10039834443042334,0.44072834220092205,0.008531900651284285,0.07363031314997948,0.053347780140403714,0.02603194374058709,0.01195342744696401,0.037724258077732234,0.0073929214753005075,0.0008172598109368323,0.5452702264778968,0.5923531983574584,0.23406063650699915,-0.04673187674012036,-0.16687662203419462,-0.7604227362936388,1.0146939758388465,0.04542678211558404,0.017853376636331242,0.0366847721148816,-0.009071895917675078,0.011010523604988266,0.028986971845113323,-0.03204421173691996,-0.002216546964491601,0.2881426604248232,0.5923193935615455,0.34172433657565704,-0.16693683048717153,0.014707610629508455,-0.5793279188181358,1.4188964126268402,0.028759873398963798,0.08970860282628057,0.03142746515012902,-0.02074256858937721,0.012670626477468718,0.03344314789395697,-0.017502393745169646,0.009170452879086102,0.23358635489653756,0.11621628192133081,0.5056576605644216,0.5857638943165215,0.9469090098341031,0.8377769316091159,0.7245110699497296,0.04565217330281879,0.08507912526489969,0.5886803393955969,0.0076966153245831,0.029570213971560788,0.3333333333333333,0.16666666666666666,0.16666666666666666,1.78125,-0.125,-0.1875,1.313315798693054,-0.15372807997434434,0.00615499954143095,9.5625,0.65625,3.125,1.9664525124881524,0.20011175334246745,-0.048611722460138784,8.78125,0.78125,3.3125,0.28125,-0.03125,-0.09375,1.935483870967742,-0.19354838709677402,-0.5483870967741935,0.8413978494623656,-0.045698924731182755,-0.12634408602150538,0.3125,0.0,-0.0625,2.7,-0.2999999999999998,-0.21666666666666634,0.7,-0.10000000000000009,-0.13333333333333341,1.19189453125,-0.2861328125,0.2841324344758065,0.03125,0.0,0.03125,1.71875,-0.09375,-0.25,1.1976960409267507,-0.0833695437558073,-0.10946475822487223,6.53125,-0.3125,0.09375,2.0158144915929466,0.14741212075447052,0.0007502566446553338,5.8125,-0.21875,0.34375,0.28125,-0.03125,-0.09375,1.967741935483871,-0.22580645161290303,-0.5161290322580645,0.8413978494623656,-0.045698924731182755,-0.12634408602150538,0.3125,0.0,-0.0625,2.7,-0.2999999999999998,-0.21666666666666634,0.7,-0.10000000000000009,-0.13333333333333341,0.9722782258064516,-0.03729838709677413,0.06451612903225812,0.0,0.0,0.0
GaPt05_01,pd,1,0.03075038277289769,0.03075038277289769,0.04597514259332658,1.0449999999999777,0.008749999999999813,0.008749999999999813,0.05928141120355996,0.029550474934607145,0.029550474934607145,0.049999999999998934,0.009999999999999787,0.009999999999999787,0.5435897435897435,0.8356216786107695,0.8356216786107695,0.3059061921301577,0.34602964127597285,0.34602964127597285,0.29955453174145624,0.009980184029033279,0.009980184029033279,0.024584116375595398,0.007535362278344386,0.007535362278344386,0.022808701571405156,0.013592067825901681,0.013592067825901681,0.4325678647176852,-0.36818785644852053,-0.36818785644852053,0.1872475187629105,-0.2284218344106669,-0.2284218344106669,0.943517866421292,-0.004103027892983002,-0.004103027892983002,0.03390120671604225,-0.003786138125607144,-0.003786138125607144,0.03707082897594877,-0.0008989258203145611,-0.0008989258203145611,0.17350834221325845,0.10299565907210517,0.10299565907210517,-0.1490161760325425,0.2523618198799663,0.2523618198799663,1.2664983482819183,-0.021720913146084486,-0.021720913146084486,0.028674116322753528,0.00868637170153494,0.00868637170153494,0.027567028494244288,0.00894055905766522,0.00894055905766522,0.3040191509595117,0.1860312555112718,0.1860312555112718,0.028305466830943326,0.6620263446615647,0.6620263446615647,0.6184628474025112,0.0901420138287925,0.0901420138287925,0.46384713555188345,0.022309473438294702,0.022309473438294702,0.3333333333333333,0.16666666666666666,0.16666666666666666,1.84375,0.125,0.125,1.393750452046795,0.11780993872010104,0.11780993872010104,7.65625,0.8125,0.8125,1.9278832617582793,0.02526409928267892,0.02526409928267892,6.8125,0.6875,0.6875,0.28125,0.03125,0.03125,2.0,-0.09677419354838701,-0.09677419354838701,0.8629032258064516,-0.040322580645161255,-0.040322580645161255,0.28125,-0.0625,-0.0625,3.111111111111111,0.4747474747474749,0.4747474747474749,1.0,0.18181818181818177,0.18181818181818177,1.154296875,0.19008316532258063,0.19008316532258063,0.03125,0.03125,0.03125,1.78125,0.0625,0.0625,1.2885194053891917,0.012578892062497848,0.012578892062497848,6.625,-0.21875,-0.21875,1.9797360527882695,0.0771168903126691,0.0771168903126691,5.84375,-0.28125,-0.28125,0.28125,0.03125,0.03125,2.032258064516129,-0.06451612903225801,-0.06451612903225801,0.8629032258064516,-0.040322580645161255,-0.040322580645161255,0.28125,-0.0625,-0.0625,3.111111111111111,0.4747474747474749,0.4747474747474749,1.0,0.18181818181818177,0.18181818181818177,0.9334677419354839,-0.030745967741935498,-0.030745967741935498,0.0,0.0,0.0
GaPt05_01,pd,2,0.04569494567334197,0.036761830772498665,0.056219994234517554,1.0974999999999766,0.05249999999999888,0.061249999999998694,0.02915475947422588,-0.03012665172933408,-0.0005761767947269347,0.035714285714284956,-0.014285714285713978,-0.004285714285714191,-0.3342088337468886,-0.8777985773366321,-0.042176898725862666,-0.10680844930386035,-0.41271464143401804,-0.0666850001580452,0.30505089558717,0.005496363845713781,0.01547654787474706,0.018515694049403893,-0.006068422326191505,0.0014669399521528813,0.022355258900537665,-0.00045344267086749185,0.01313862515503419,-0.11987094771662045,-0.5524388124343057,-0.9206266688828262,0.20326820825692773,0.01602068949401725,-0.21240114491664966,0.936767655269209,-0.006750211152082963,-0.010853239045065965,0.08242730412437323,0.04852609740833098,0.04473995928272383,0.10117029272064207,0.0640994637446933,0.06320053792437874,-0.2379529184031669,-0.41146126061642535,-0.3084656015443202,-0.2827198263685715,-0.13370365033602902,0.11865816954393732,1.3009409663783058,0.03444261809638749,0.012721704950303003,0.05144096845213055,0.022766852129377024,0.03145322383091197,0.05017811797578044,0.02261108948153615,0.031551648539201366,0.03786957540315803,-0.26614957555635366,-0.08011832004508188,0.0236583937377876,-0.004647073093155724,0.6573792715684089,0.6213351542847402,0.0028723068822289477,0.09301432071102145,0.5929133806098332,0.12906624505794978,0.15137571849624448,0.3333333333333333,0.0,0.16666666666666666,1.875,0.03125,0.15625,1.4756081305138942,0.08185767846709924,0.19966761718720027,7.71875,0.0625,0.875,1.590990257669732,-0.3368930040885474,-0.31162890480586847,6.84375,0.03125,0.71875,0.28125,0.0,0.03125,1.967741935483871,-0.032258064516129004,-0.12903225806451601,0.7983870967741935,-0.06451612903225812,-0.10483870967741937,0.25,-0.03125,-0.09375,3.25,0.13888888888888884,0.6136363636363638,1.0,0.0,0.18181818181818177,1.4453125,0.291015625,0.4810987903225806,0.03125,0.0,0.03125,1.78125,0.0,0.0625,1.2885194053891917,0.0,0.012578892062497848,6.65625,0.03125,-0.1875,1.696474047413749,-0.2832620053745205,-0.2061451150618514,5.875,0.03125,-0.25,0.28125,0.0,0.03125,2.032258064516129,0.0,-0.06451612903225801,0.7983870967741935,-0.06451612903225812,-0.10483870967741937,0.25,-0.03125,-0.09375,3.25,0.13888888888888884,0.6136363636363638,1.0,0.0,0.18181818181818177,0.9758064516129032,0.04233870967741937,0.011592741935483875,0.0,0.0,0.0
GaPt05_01,pd,3,0.08700672638909036,0.10347146461870041,0.16336228179347198,1.0937499999999767,-0.00374999999999992,0.057499999999998774,0.09226321043622772,0.06310845096200184,0.0625322741672749,0.10714285714285486,0.0714285714285699,0.06714285714285571,-0.3749084839576476,-0.040699650210759,-0.08287654893662166,-0.1445245428932649,-0.03771609358940456,-0.10440109374744976,0.4039925054403239,0.09894160985315387,0.11441815772790093,0.18232613854008237,0.16381044449067847,0.16527738444283135,0.12327209813736532,0.10091683923682766,0.11405546439186184,0.4092956930600894,0.5291666407767098,-0.39146002810611635,-0.3988238150644299,-0.6020920233213576,-0.8144931682380072,0.9355851739865493,-0.001182481282659742,-0.012035720327725707,0.13826908220326958,0.055841778078896356,0.10058173736162018,0.09806063278741917,-0.0031096599332229025,0.06009087799115583,0.2178443961084067,0.45579731451157357,0.14733171296725342,-0.7648261340749268,-0.4821063077063553,-0.363448138162418,1.3734055901598405,0.07246462378153473,0.08518632873183773,0.19553416329507373,0.14409319484294317,0.17554641867385515,0.16576101150947334,0.1155828935336929,0.14713454207289428,0.36888339162835126,0.3310138162251932,0.25089549618011137,-0.36263211809831897,-0.3862905118361066,0.2710887597323024,0.8132660633603295,0.1919309090755893,0.28494522978661074,0.7319235677759417,0.13901018716610847,0.29038590566235295,0.6666666666666666,0.3333333333333333,0.5,1.8125,-0.0625,0.09375,1.3545026464923717,-0.12110548402152244,0.07856213316567784,8.59375,0.875,1.75,1.738730998133687,0.14774074046395502,-0.16388816434191344,7.78125,0.9375,1.65625,0.28125,0.0,0.03125,2.064516129032258,0.09677419354838701,-0.032258064516129004,0.7983870967741935,0.0,-0.10483870967741937,0.25,0.0,-0.09375,3.375,0.125,0.7386363636363638,1.0,0.0,0.18181818181818177,1.205078125,-0.240234375,0.24086441532258063,0.03125,0.0,0.03125,1.75,-0.03125,0.03125,1.2443420336765103,-0.044177371712681435,-0.031598479650183586,6.5625,-0.09375,-0.28125,1.79493013611906,0.09845608870531097,-0.10768902635654043,5.8125,-0.0625,-0.3125,0.28125,0.0,0.03125,2.096774193548387,0.06451612903225801,0.0,0.7983870967741935,0.0,-0.10483870967741937,0.25,0.0,-0.09375,3.375,0.125,0.7386363636363638,1.0,0.0,0.18181818181818177,0.9858870967741935,0.010080645161290258,0.021673387096774133,0.0,0.0,0.0
GaPt05_01,pd,4,0.1025350468852871,0.030805200269778458,0.043062788695223356,1.0662499999999773,-0.027499999999999414,0.02999999999999936,0.03961871851969458,-0.052644491916533136,0.009887782250741769,0.04571428571428474,-0.06142857142857012,0.0057142857142855955,0.013088680094596964,0.38799716405224455,0.3051206151156229,-0.33316908925667876,-0.18864454636341385,-0.2930456401108636,0.2909764779503473,-0.11301602748997658,0.0014021302379243483,0.021104255705164797,-0.16122188283491756,0.004055501607913785,0.02845221958577581,-0.09481987855158952,0.019235585840272337,-0.23312603363105977,-0.6424217266911492,-1.0338817547972656,-0.5913893035400091,-0.1925654884755792,-1.0070586567135864,0.9630958227003679,0.027510648713818586,0.015474928386092879,0.03597841014155587,-0.10229067206171372,-0.001708934700093527,0.04420988434739505,-0.05385074844002412,0.006240129551131714,0.036259653524357345,-0.18158474258404936,-0.03425302961679593,0.12164751405685038,0.8864736481317772,0.5230255099693593,1.2869281760487472,-0.08647741411109333,-0.0012910853792555965,0.026272557441547235,-0.16926160585352648,0.006284812820328646,0.04198258790540432,-0.12377842360406902,0.023356118468825255,-0.6022441784533392,-0.9711275700816905,-0.7202320739015792,0.4747861505027997,0.8374182686011187,1.108507028333421,0.5887168828181184,-0.22454918054221107,0.060396049244399674,0.44153766211358875,-0.29038590566235295,0.0,0.16666666666666666,-0.5,0.0,1.96875,0.15625,0.25,1.575710285308123,0.22120763881575134,0.2997697719814292,7.4375,-1.15625,0.59375,1.7401798201483698,0.0014488220146828823,-0.16243934232723056,6.46875,-1.3125,0.34375,0.3125,0.03125,0.0625,1.935483870967742,-0.12903225806451601,-0.16129032258064502,0.8421658986175116,0.04377880184331806,-0.06105990783410131,0.25,0.0,-0.09375,3.375,0.0,0.7386363636363638,1.0,0.0,0.18181818181818177,1.95947265625,0.75439453125,0.9952589465725806,0.03125,0.0,0.03125,1.84375,0.09375,0.125,1.2978735710582958,0.05353153738178551,0.021933057731601924,6.34375,-0.21875,-0.5,1.8423227800270103,0.047392643907950394,-0.060296382448590036,5.5,-0.3125,-0.625,0.3125,0.03125,0.0625,2.032258064516129,-0.06451612903225801,-0.06451612903225801,0.8467741935483871,0.048387096774193616,-0.056451612903225756,0.28125,0.03125,-0.0625,3.2222222222222223,-0.15277777777777768,0.5858585858585861,1.0,0.0,0.18181818181818177,0.9904233870967742,0.004536290322580738,0.02620967741935487,0.0,0.0,0.0
GaPt05_01,pd,5,0.02253830533387305,0.03788351020350184,0.05327675918434407,1.0599999999999774,-0.006249999999999867,0.023749999999999494,0.028284271247461298,-0.011334447272233285,-0.0014466650214915167,0.03142857142857076,-0.014285714285713985,-0.00857142857142839,-0.26111648393354675,-0.2742051640281437,0.030915451087479173,-0.7941630693346178,-0.460993980077939,-0.7540396201888027,0.29279527625559176,0.0018187983052444512,0.0032209285431687995,0.023973753671542527,0.00286949796637773,0.006924999574291515,0.023930947593748347,-0.004521271992027464,0.014714313848244872,-0.0409131804844176,0.19221285314664216,-0.8416689016506234,-0.430654108198905,0.1607351953411041,-0.8463234613724824,0.9671150433717722,0.0040192206714043666,0.019494149057497245,0.03959718583359453,0.00361877569203866,0.0019098409919451331,0.05339086751533179,0.009180983167936745,0.015421112719068458,-0.605452970761278,-0.6417126242856354,-0.6759656539024312,0.23364334678795917,0.11199583273110879,0.6350213427004681,1.2622272359211886,-0.024700940127558635,-0.02599202550681423,0.04029470103927535,0.014022143597728114,0.02030695641805676,0.040404913605143325,-0.0015776743002609978,0.021778444168564257,-0.24732724904813036,0.35491692940520886,-0.36531514449637026,-0.3749810248158035,-0.8497671753186031,0.2587398530148179,0.6570839453348221,0.06836706251670366,0.12876311176110333,0.5433833024622972,0.10184564034870841,0.10184564034870841,0.0,-0.16666666666666666,-0.16666666666666666,1.96875,0.0,0.25,1.4024028918138118,-0.17330739349431123,0.12646237848711794,8.21875,0.78125,1.375,1.9466161707252492,0.20643635057687937,0.043997008249648806,7.25,0.78125,1.125,0.34375,0.03125,0.09375,2.064516129032258,0.12903225806451601,-0.032258064516129004,0.8790322580645161,0.03686635944700456,-0.024193548387096753,0.34375,0.09375,0.0,2.6363636363636362,-0.7386363636363638,0.0,0.9090909090909091,-0.09090909090909094,0.09090909090909083,1.080078125,-0.87939453125,0.11586441532258063,0.03125,0.0,0.03125,1.90625,0.0625,0.1875,1.3040724054705235,0.006198834412227683,0.028131892143829607,6.1875,-0.15625,-0.65625,1.9909067475447852,0.14858396751777492,0.08828758506918488,5.28125,-0.21875,-0.84375,0.34375,0.03125,0.09375,2.096774193548387,0.06451612903225801,0.0,0.8790322580645161,0.032258064516129004,-0.024193548387096753,0.34375,0.0625,0.0,2.6363636363636362,-0.5858585858585861,0.0,0.9090909090909091,-0.09090909090909094,0.09090909090909083,0.8568548387096774,-0.13356854838709686,-0.10735887096774199,0.0,0.0,0.0
GaPt05_01,pd,6,0.06060064520168984,0.0610598739937106,0.06209421669035429,1.1124999999999763,0.05249999999999888,0.07624999999999837,0.07497618669569914,0.046691915448237836,0.04524525042674632,0.05285714285714173,0.02142857142857097,0.012857142857142581,0.3634346894066165,0.6245511733401632,0.6554666244276424,0.59551771611848,1.389680785453098,0.6356411652642951,0.32937324573201454,0.03657796947642278,0.03979889801959158,0.027157351676752293,0.003183598005209766,0.01010859757950128,0.024451172097131768,0.0005202245033834214,0.015234538351628293,0.27733015144736356,0.31824333193178117,-0.5234255697188421,0.12627565434192078,0.5569297625408258,-0.2893936988316566,0.9610870427250161,-0.0060280006467561265,0.013466148410741119,0.03731110303698637,-0.0022860827966081562,-0.0003762418046630231,0.04100603821702152,-0.012384829298310272,0.003036283420758186,-0.026736863554723673,0.5787161072065543,-0.09724954669587695,0.004134502755923011,-0.22950884403203617,0.40551249866843186,1.3302457457399417,0.06801850981875313,0.042026484311938894,0.11544415990007412,0.07514945886079877,0.09545641527885552,0.0966639214141631,0.05625900780901978,0.07803745197758404,0.2003325883086509,0.4476598373567813,0.08234469286041098,-0.29905441341806993,0.07592661139773355,0.33466646441255143,0.6788588966469108,0.02177495131208873,0.15053806307319206,0.5975840161901108,0.054200713727813654,0.15604635407652206,0.16666666666666666,0.16666666666666666,0.0,1.9375,-0.03125,0.21875,1.4797013648139472,0.07729847300013537,0.2037608514872533,8.46875,0.25,1.625,1.741048534648015,-0.20556763607723427,-0.16157062782758547,7.53125,0.28125,1.40625,0.3125,-0.03125,0.0625,1.8709677419354838,-0.19354838709677424,-0.22580645161290325,0.8494623655913979,-0.029569892473118253,-0.053763440860215006,0.25,-0.09375,-0.09375,3.125,0.48863636363636376,0.48863636363636376,1.0,0.09090909090909094,0.18181818181818177,1.43603515625,0.35595703125,0.4718214465725806,0.03125,0.0,0.03125,1.84375,-0.0625,0.125,1.2978735710582958,-0.006198834412227683,0.021933057731601924,6.40625,0.21875,-0.4375,1.829143550690393,-0.16176319685439222,-0.07347561178520734,5.5625,0.28125,-0.5625,0.3125,-0.03125,0.0625,1.935483870967742,-0.16129032258064502,-0.16129032258064502,0.8548387096774194,-0.024193548387096753,-0.048387096774193505,0.28125,-0.0625,-0.0625,3.0,0.36363636363636376,0.36363636363636376,1.0,0.09090909090909094,0.18181818181818177,0.9662298387096774,0.109375,0.002016129032258007,0.0,0.0,0.0
GaPt05_01,pd,7,0.04463589622556945,0.03694037520076136,0.04386706277467178,1.0499999999999776,-0.06249999999999867,0.013749999999999707,0.02927700218845537,-0.045699184507243765,-0.0004539340804974451,0.041428571428570544,-0.011428571428571184,0.0014285714285713971,-0.5116257148944421,-0.8750604043010586,-0.21959377987341616,-0.1253892069615771,-0.7209069230800571,-0.08526575781576194,0.30006856390112924,-0.029304681830885304,0.010494216188706273,0.012481019474245325,-0.014676332202506968,-0.004567734623005687,0.012634083785556202,-0.011817088311575566,0.0034174500400527275,-0.0633830719461551,-0.34071322339351867,-0.8641387931123609,-0.3721420244263554,-0.4984176787682762,-0.7878113775999328,0.9837510301244416,0.022663987399425545,0.036130135810166664,0.038776362623494307,0.001465259586507936,0.0010890177818449129,0.047193020836819234,0.006186982619797714,0.0092232660405559,-0.7128666459831979,-0.6861297824284742,-0.7833793291243512,0.4436603258098929,0.43952582305396987,0.8450383217224018,1.3049956639750053,-0.025250081764936372,0.016776402547002522,0.03178712367542402,-0.0836570362246501,0.011799379054205434,0.04019464363695709,-0.05646927777720601,0.021568174200378026,-0.46869880010609,-0.6690313884147409,-0.58668669555433,-0.038320070877596556,0.2607343425404734,0.5954008069530248,0.6496940984509405,-0.029164798195970287,0.12137326487722178,0.5248709954469221,-0.07271302074318875,0.08333333333333331,0.5,0.33333333333333337,0.33333333333333337,2.03125,0.09375,0.3125,1.4024028918138118,-0.07729847300013537,0.12646237848711794,9.21875,0.75,2.375,1.736410368473402,-0.004638166174612879,-0.16620879400219835,8.1875,0.65625,2.0625,0.375,0.0625,0.125,1.935483870967742,0.06451612903225823,-0.16129032258064502,0.8306451612903226,-0.018817204301075252,-0.07258064516129026,0.34375,0.09375,0.0,2.4545454545454546,-0.6704545454545454,-0.18181818181818166,0.8181818181818182,-0.18181818181818177,0.0,1.109375,-0.32666015625,0.14516129032258063,0.03125,0.0,0.03125,1.96875,0.125,0.25,1.307160799151623,0.00928722809332716,0.031220285824929084,6.1875,-0.21875,-0.65625,1.7859216469465444,-0.0432219037438486,-0.11669751552905594,5.21875,-0.34375,-0.90625,0.375,0.0625,0.125,1.967741935483871,0.032258064516129004,-0.12903225806451601,0.8306451612903226,-0.024193548387096753,-0.07258064516129026,0.34375,0.0625,0.0,2.4545454545454546,-0.5454545454545454,-0.18181818181818166,0.8181818181818182,-0.18181818181818177,0.0,0.8870967741935484,-0.079133064516129,-0.077116935483871,0.0,0.0,0.0
GaPt06_01,pd,1,0.01036632358720839,0.01036632358720839,0.02420075024854304,1.1137499999999763,0.009999999999999787,0.009999999999999787,0.01597989808656901,-0.004678894576258506,-0.004678894576258506,0.019999999999999574,0.0,0.0,-0.2393172105652397,-0.48990033951607276,-0.48990033951607276,-0.1281926426181481,-0.7721889579393716,-0.7721889579393716,0.3635157823662132,-0.03276857872590777,-0.03276857872590777,0.01764390218214685,-0.006129600205516467,-0.006129600205516467,0.022905715616474816,-0.006427957209701282,-0.006427957209701282,-0.39346338859597124,-0.270102942184634,-0.270102942184634,-0.5142201594157156,-0.8080986467216358,-0.8080986467216358,1.0415321981038677,-0.00953024808796199,-0.00953024808796199,0.012752259562607653,-0.00738956695367584,-0.00738956695367584,0.015421901495492543,-0.007571654557482021,-0.007571654557482021,-0.2909651706282862,-0.18542936968911405,-0.18542936968911405,-0.13624982528560822,0.3646452927386469,0.3646452927386469,1.3625302634603402,-0.016859782772554066,-0.016859782772554066,0.018759586646656876,-0.013852154607657347,-0.013852154607657347,0.026471203292681773,-0.012841844711895964,-0.012841844711895964,-0.3157544253710136,-0.26981163520562707,-0.26981163520562707,-0.45374405889856845,-0.07220771850524732,-0.07220771850524732,0.5283208335737187,0.0,0.0,0.5433833024622972,-0.0037971664229196067,-0.0037971664229196067,0.3333333333333333,-0.16666666666666669,-0.16666666666666669,1.78125,0.0625,0.0625,1.3850439611050431,0.10910344777834924,0.10910344777834924,7.59375,0.875,0.875,1.829143550690393,0.10204688193504907,0.10204688193504907,6.8125,0.8125,0.8125,0.25,0.0,0.0,1.7419354838709677,-0.19354838709677424,-0.19354838709677424,0.8806451612903226,0.01774193548387093,0.01774193548387093,0.25,0.0,0.0,3.0,-0.25,-0.25,1.0,0.125,0.125,1.2197265625,0.22375882056451613,0.22375882056451613,0.03125,0.03125,0.03125,1.71875,0.0,0.0,1.275940513326694,0.0,0.0,6.5625,-0.15625,-0.15625,1.8826457018540896,0.15554903309874568,0.15554903309874568,5.84375,-0.15625,-0.15625,0.25,0.0,0.0,1.7741935483870968,-0.16129032258064524,-0.16129032258064524,0.8870967741935484,0.024193548387096753,0.024193548387096753,0.25,0.0,0.0,3.0,-0.25,-0.25,1.0,0.125,0.125,1.001008064516129,0.005040322580645129,0.005040322580645129,0.0,0.0,0.0
GaPt06_01,pd,2,0.023458402482793624,0.023564769899551,0.032589051586358234,1.1399999999999757,0.02624999999999944,0.03624999999999923,0.03664501525251539,0.020665117165946375,0.01598622258968787,0.025714285714285166,0.005714285714285592,0.005714285714285592,0.6549401210895455,0.8942573316547852,0.4043569921387124,-0.19847104650936118,-0.07027840389121306,-0.8424673618305847,0.38354735999232703,0.02003157762611385,-0.012737001099793921,0.017249527358770098,-0.0003943748233767516,-0.006523975028893219,0.02364826975580931,0.0007425541393344948,-0.005685403070366787,-0.4095813143379669,-0.016117925741995665,-0.28622086792662965,0.31173301826824157,0.8259531776839573,0.01785453096232148,1.0243238112168096,-0.017208386887058058,-0.026738634975020048,0.0287184170481509,0.015966157485543246,0.008576590531867406,0.04017335778086834,0.024751456285375797,0.017179801727893778,-0.37150330954841293,-0.08053813892012673,-0.2659675086092408,-0.2434551508473094,-0.10720532556170118,0.2574399671769457,1.41372014365722,0.051189880196879756,0.03433009742432569,0.043859391311073456,0.02509980466441658,0.011247650056759234,0.054058954461733304,0.02758775116905153,0.014745906457155566,-0.14774893574103662,0.168005489629977,-0.10180614557565008,-0.44516944273676023,0.008574616161808213,-0.06363310234343911,0.6184628474025112,0.0901420138287925,0.0901420138287925,0.5767506828567776,0.033367380394480395,0.029570213971560788,0.3333333333333333,0.0,-0.16666666666666669,1.9375,0.15625,0.21875,1.4797013648139472,0.09465740370890408,0.2037608514872533,7.59375,0.0,0.875,1.7935255423237613,-0.03561800836663176,0.06642887356841731,6.65625,-0.15625,0.65625,0.3125,0.0625,0.0625,2.096774193548387,0.35483870967741926,0.16129032258064502,0.8010752688172044,-0.07956989247311819,-0.06182795698924726,0.28125,0.03125,0.03125,3.3333333333333335,0.3333333333333335,0.08333333333333348,1.0,0.0,0.125,1.41015625,0.1904296875,0.4141885080645161,0.03125,0.0,0.03125,1.84375,0.125,0.125,1.2978735710582958,0.021933057731601924,0.021933057731601924,6.53125,-0.03125,-0.1875,1.883448707095063,0.0008030052409733202,0.156352038339719,5.6875,-0.15625,-0.3125,0.3125,0.0625,0.0625,2.096774193548387,0.32258064516129026,0.16129032258064502,0.8064516129032258,-0.08064516129032262,-0.05645161290322587,0.28125,0.03125,0.03125,3.3333333333333335,0.3333333333333335,0.08333333333333348,1.0,0.0,0.125,0.9395161290322581,-0.061491935483870885,-0.056451612903225756,0.0,0.0,0.0
GaPt06_01,pd,3,0.06215495252760502,0.07001699929496567,0.06534901783158023,1.1974999999999745,0.057499999999998774,0.093749999999998,0.10606601717797987,0.06942100192546448,0.08540722451515234,0.09428571428571228,0.06857142857142712,0.0742857142857127,-0.024240377643532807,-0.6791804987330783,-0.2748235065943659,-0.3646140848102618,-0.16614303830090063,-1.0086104001314853,0.40000802862576046,0.01646066863343343,0.0037236675336395075,0.06174588578601325,0.04449635842724315,0.037972383398349935,0.037923295525093104,0.014275025769283793,0.008589622698917006,0.5772057420390345,0.9867870563770014,0.7005661884503718,0.2758975682635181,-0.03583545000472349,-0.01798091904240201,1.0603577198059506,0.03603390858914102,0.009295273614120969,0.03491259645249675,0.006194179404345853,0.01477076993621326,0.03784344425731675,-0.002329913523551594,0.014849888204342184,-0.0028020424713147015,0.3687012670770982,0.10273375846785746,-0.5683656780198874,-0.32491052717257796,-0.06747055999563223,1.451952487993424,0.03823234433620404,0.07256244176052973,0.10831819609953514,0.06445880478846168,0.07570645484522091,0.04455775027215173,-0.009501204189581572,0.005244702267573995,0.8400935254590773,0.987842461200114,0.8860363156244638,0.6061853864092038,1.051354829145964,0.9877217268025249,0.6947651053653368,0.07630225796282553,0.16644427179161803,0.6887807610043136,0.11203007814753607,0.14160029211909686,0.5,0.16666666666666669,0.0,1.8125,-0.125,0.09375,1.3781123134153823,-0.10158905139856489,0.10217180008868842,8.53125,0.9375,1.8125,1.8313466753078977,0.037821132984136474,0.10425000655255379,7.71875,1.0625,1.71875,0.28125,-0.03125,0.03125,2.2903225806451615,0.19354838709677447,0.3548387096774195,0.9354838709677419,0.13440860215053752,0.07258064516129026,0.34375,0.0625,0.09375,2.8181818181818183,-0.5151515151515151,-0.43181818181818166,0.9090909090909091,-0.09090909090909094,0.03409090909090906,1.232421875,-0.177734375,0.23645413306451613,0.03125,0.0,0.03125,1.75,-0.09375,0.03125,1.270001270001905,-0.027872301056390825,-0.005939243324788901,6.5,-0.03125,-0.21875,1.8837162994395398,0.0002675923444768191,0.15661963068419582,5.75,0.0625,-0.25,0.28125,-0.03125,0.03125,2.3225806451612905,0.22580645161290347,0.3870967741935485,0.9354838709677419,0.12903225806451613,0.07258064516129026,0.34375,0.0625,0.09375,2.8181818181818183,-0.5151515151515151,-0.43181818181818166,0.9090909090909091,-0.09090909090909094,0.03409090909090906,1.0141129032258065,0.07459677419354838,0.01814516129032262,0.0,0.0,0.0
GaPt06_01,pd,4,0.06311966438895392,0.013087457177021124,0.02227231459922787,1.1337499999999758,-0.06374999999999864,0.02999999999999936,0.005175491695067546,-0.10089052548291232,-0.015483300967759971,0.005714285714285593,-0.08857142857142669,-0.014285714285713982,-0.16666666666666666,-0.14242628902313384,-0.41724979561749975,-0.3333333333333334,0.03128075147692838,-0.9773296486545568,0.3660340009315324,-0.03397402769422808,-0.030250360160588574,0.01533135094888172,-0.046414534837131524,-0.008442151438781596,0.0134850400337126,-0.024438255491380505,-0.0158486327924635,0.3339759135740489,-0.24322982846498564,0.45733635998538613,0.5481152819400177,0.2722177136764996,0.2542367946340976,1.0473917093619005,-0.012966010444050102,-0.003670736829929133,0.016904769554703172,-0.01800782689779358,-0.003237056961580321,0.012420431609998379,-0.025423012647318367,-0.010573124442976185,0.4021275606818196,0.4049296031531343,0.5076633616209918,0.15918479621459664,0.727550474234484,0.6600799142388518,1.3804145319049836,-0.07153795608844038,0.001024485672089348,0.015551190910345482,-0.09276700518918965,-0.01706055034396874,0.01357375740235543,-0.0309839928697963,-0.025739290602222305,0.0729729729729726,-0.7671205524861048,0.11891576313835914,-0.5283761847853242,-1.134561571194528,-0.1468398443920031,0.5283208335737187,-0.16644427179161803,0.0,0.5471804688852168,-0.14160029211909686,0.0,0.16666666666666666,-0.33333333333333337,-0.33333333333333337,1.84375,0.03125,0.125,1.5680144625731962,0.1899021491578139,0.2920739492465023,7.625,-0.90625,0.90625,1.8447834036687378,0.013436728360840089,0.11768673491339388,6.78125,-0.9375,0.78125,0.25,-0.03125,0.0,1.8387096774193548,-0.4516129032258067,-0.09677419354838723,0.9147465437788018,-0.020737327188940058,0.0518433179723502,0.28125,-0.0625,0.03125,2.6666666666666665,-0.15151515151515182,-0.5833333333333335,0.7777777777777778,-0.13131313131313127,-0.09722222222222221,2.01220703125,0.77978515625,1.016239289314516,0.03125,0.0,0.03125,1.71875,-0.03125,0.0,1.275940513326694,0.005939243324788901,0.0,6.53125,0.03125,-0.1875,1.950754609987401,0.06703831054786114,0.22365794123205696,5.8125,0.0625,-0.1875,0.25,-0.03125,0.0,1.8064516129032258,-0.5161290322580647,-0.12903225806451624,0.9193548387096774,-0.016129032258064502,0.056451612903225756,0.28125,-0.0625,0.03125,2.6666666666666665,-0.15151515151515182,-0.5833333333333335,0.7777777777777778,-0.13131313131313127,-0.09722222222222221,1.044858870967742,0.030745967741935498,0.04889112903225812,0.0,0.0,0.0
GaPt06_01,pd,5,0.019477459507447215,0.017297687632708933,0.022085600449195116,1.1337499999999758,0.0,0.02999999999999936,0.016850180160121714,0.011674688465054168,-0.0038086125027058035,0.017142857142856776,0.011428571428571184,-0.0028571428571427977,0.26181746904432135,0.428484135710988,0.011234340093488282,-0.4183300132670378,-0.08499667993370436,-1.0623263285882611,0.3615949606204697,-0.004439040311062681,-0.034689400471651255,0.01732436932740916,0.001993018378527441,-0.006449133060254155,0.021003456604121395,0.007518416570408795,-0.008330216222054702,-0.33666675261755996,-0.6706426661916088,-0.2133063062062227,-0.08278482719209415,-0.6309001091321118,-0.37666331449801427,1.029697374836966,-0.01769433452493452,-0.02136507135486365,0.017400918964225187,0.0004961494095220148,-0.002740907552058306,0.012582319241865385,0.00016188763186700608,-0.010411236811109179,0.1014573695251489,-0.3006701911566707,0.20699317046432106,0.7384907023885857,0.5793059061739891,1.2393858204128407,1.364699986655817,-0.01571454524916671,-0.014690059577077363,0.0247717964052768,0.009220605494931318,-0.007839944849037422,0.02247194072136868,0.008898183319013249,-0.016841107283209058,0.4273267781575047,0.3543538051845321,0.47326956832289124,-0.5095863737327696,0.018789811052554617,-0.12805003333944848,0.5283208335737187,0.0,0.0,0.5433833024622973,-0.0037971664229194957,-0.0037971664229194957,0.16666666666666666,0.0,-0.33333333333333337,1.78125,-0.0625,0.0625,1.3850439611050431,-0.18297050146815308,0.10910344777834924,8.59375,0.96875,1.875,1.6821525188799598,-0.16263088478877807,-0.0449441498753842,7.8125,1.03125,1.8125,0.25,0.0,0.0,1.7741935483870968,-0.06451612903225801,-0.16129032258064524,0.8951612903225806,-0.019585253456221197,0.032258064516129004,0.21875,-0.0625,-0.03125,3.4285714285714284,0.7619047619047619,0.17857142857142838,1.0,0.2222222222222222,0.125,1.2744140625,-0.73779296875,0.2784463205645161,0.03125,0.0,0.03125,1.71875,0.0,0.0,1.275940513326694,0.0,0.0,6.5625,0.03125,-0.15625,1.7401798201483698,-0.2105747898390311,0.01308315139302585,5.84375,0.03125,-0.15625,0.25,0.0,0.0,1.8064516129032258,0.0,-0.12903225806451624,0.8951612903225806,-0.024193548387096753,0.032258064516129004,0.21875,-0.0625,-0.03125,3.4285714285714284,0.7619047619047619,0.17857142857142838,1.0,0.2222222222222222,0.125,1.0574596774193548,0.012600806451612767,0.061491935483870885,0.0,0.0,0.0
GaPt06_01,pd,6,0.05917216684345401,0.06021961518366628,0.04341653375282547,1.214999999999974,0.08124999999999827,0.11124999999999763,0.06141195788629777,0.044561777726176054,0.04075316522347025,0.04857142857142754,0.031428571428570765,0.028571428571427963,0.5158644597360016,0.25404699069168024,0.2652813307851685,-0.05744692261805263,0.36088309064898516,-0.7014432379392761,0.41436356884943076,0.05276860822896107,0.018079207757309812,0.04535417208518756,0.028029802757778395,0.02158066969752424,0.03266659034991633,0.011663133745794932,0.0033329175237402295,0.5569859742321561,0.8936527268497161,0.6803464206434934,0.4680909706229136,0.5508757978150077,0.17421248331699352,1.0123269796619563,-0.017370395175009712,-0.038735466529873364,0.0548522510541123,0.037451332089887115,0.03471042453782881,0.0649617096061633,0.05237939036429792,0.04196815355318874,0.10481717571729579,0.0033598061921468886,0.21035297665646796,-0.4476776289740363,-1.1861683313626221,0.053217489050218836,1.4397502668990512,0.07505028024323424,0.06036022066615687,0.02033053621022162,-0.004441260195055179,-0.012281205044092601,0.01840772274782441,-0.004064217973544268,-0.020905325256753326,0.1848920318089053,-0.2424347463485994,0.23083482197429184,-0.44338336415701124,0.06620300957575836,-0.06184702376369011,0.634369056120937,0.10604822254721824,0.10604822254721824,0.5553129590011167,0.011929656538819389,0.008132490115899893,0.3333333333333333,0.16666666666666666,-0.16666666666666669,1.9375,0.15625,0.21875,1.4797013648139472,0.09465740370890408,0.2037608514872533,8.8125,0.21875,2.09375,1.891193512897558,0.20904099401759835,0.16409684414221415,7.875,0.0625,1.875,0.3125,0.0625,0.0625,2.4193548387096775,0.6451612903225807,0.4838709677419355,0.9354838709677419,0.040322580645161255,0.07258064516129026,0.34375,0.125,0.09375,3.1818181818181817,-0.24675324675324672,-0.06818181818181834,0.9090909090909091,-0.09090909090909094,0.03409090909090906,1.43115234375,0.15673828125,0.4351846018145161,0.03125,0.0,0.03125,1.84375,0.125,0.125,1.2978735710582958,0.021933057731601924,0.021933057731601924,6.75,0.1875,0.03125,1.9838054014866837,0.2436255813383139,0.25670873273133976,5.90625,0.0625,-0.09375,0.3125,0.0625,0.0625,2.4838709677419355,0.6774193548387097,0.5483870967741935,0.9354838709677419,0.040322580645161255,0.07258064516129026,0.34375,0.125,0.09375,3.1818181818181817,-0.24675324675324672,-0.06818181818181834,0.9090909090909091,-0.09090909090909094,0.03409090909090906,0.9611895161290323,-0.09627016129032251,-0.034778225806451624,0.0,0.0,0.0
GaPt06_01,pd,7,0.04606976364287747,0.018949234626212622,0.02856493563627257,1.1637499999999752,-0.05124999999999891,0.05999999999999872,0.02133909892327048,-0.040072858963027286,0.0006803062604429644,0.02428571428571377,-0.02428571428571377,0.004285714285714195,-0.00948730735773277,-0.5253517670937343,-0.26007043630856586,0.27235238970096104,0.32979931231901366,-0.37164392562026244,0.3566048596400474,-0.05775870920938336,-0.03967950145207355,0.016447379667139012,-0.028906792418048544,-0.007326122720524304,0.020081001968292038,-0.01258558838162429,-0.00925267085788406,-0.05711146996576884,-0.614097444197925,0.06624897644556843,-0.7737103738711473,-1.241801344494061,-1.0675888611770674,1.033536524109071,0.02120954444711476,-0.017525922082758605,0.02718611397827735,-0.027666137075834953,0.007044287461993856,0.015831278187067945,-0.04913043141909536,-0.007162277865906619,0.7684533133346747,0.6636361376173789,0.8739891142738468,0.7181867476466957,1.165864376620732,1.2190818656709508,1.3943007910166827,-0.04544947588236847,0.014910744783788399,0.031114093884401672,0.010783557674180051,-0.0014976473699125498,0.043370777157639324,0.024963054409814913,0.004057729153061587,-0.5841458555451914,-0.7690378873540966,-0.5382030653798049,0.06681938117438774,0.510202745331399,0.44835572156770886,0.5283208335737187,-0.10604822254721824,0.0,0.5210738290240025,-0.0342391299771142,-0.02610663986121431,0.5,0.16666666666666669,0.0,1.96875,0.03125,0.25,1.4024028918138118,-0.07729847300013537,0.12646237848711794,9.28125,0.46875,2.5625,1.708316941961751,-0.18287657093580711,-0.018779726793592966,8.3125,0.4375,2.3125,0.34375,0.03125,0.09375,2.161290322580645,-0.2580645161290325,0.22580645161290303,0.9854838709677419,0.050000000000000044,0.1225806451612903,0.34375,0.0,0.09375,2.909090909090909,-0.2727272727272725,-0.34090909090909083,0.7272727272727273,-0.18181818181818177,-0.1477272727272727,1.1357421875,-0.29541015625,0.13977444556451613,0.03125,0.0,0.03125,1.90625,0.0625,0.1875,1.3040724054705235,0.006198834412227683,0.028131892143829607,6.25,-0.5,-0.46875,1.7597653802562394,-0.2240400212304443,0.03266871150089545,5.34375,-0.5625,-0.65625,0.34375,0.03125,0.09375,2.193548387096774,-0.2903225806451615,0.25806451612903203,0.9919354838709677,0.05645161290322587,0.12903225806451613,0.34375,0.0,0.09375,2.909090909090909,-0.2727272727272725,-0.34090909090909083,0.7272727272727273,-0.18181818181818177,-0.1477272727272727,0.9143145161290323,-0.046875,-0.08165322580645162,0.0,0.0,0.0
GaPt07_01,pd,1,0.03169195356014982,0.03169195356014982,0.11009947447744511,1.3474999999999713,0.01124999999999976,0.01124999999999976,0.08345229603962624,-0.020873772473608304,-0.020873772473608304,0.09428571428571228,-0.022857142857142368,-0.022857142857142368,0.0011215599834855728,0.36359883700623563,0.36359883700623563,-0.8037267227500879,-0.24158467768859282,-0.24158467768859282,0.36122288864995034,0.023065110754226237,0.023065110754226237,0.04107427678171214,-0.0010324775417812487,-0.0010324775417812487,0.052522968542225934,0.024861320331865517,0.024861320331865517,-0.3597313047278264,-1.0928382300930939,-1.0928382300930939,0.17078253597103737,-0.08042307808638466,-0.08042307808638466,1.0561410946259764,-0.04526198832608963,-0.04526198832608963,0.07494821407537901,-0.0008537318091801777,-0.0008537318091801777,0.08900398482527604,0.0016772229025552032,0.0016772229025552032,-0.4329363543616673,-0.48154744516579423,-0.48154744516579423,-0.09908129733069392,0.5301122844644722,0.5301122844644722,1.358378073242552,-0.011273313855469258,-0.011273313855469258,0.08802110600265747,-0.015208343431048238,-0.015208343431048238,0.0875405089585491,-0.02670749499339728,-0.02670749499339728,-0.08705141835521335,-0.11434869873389136,-0.11434869873389136,-0.7704566057458647,-0.2896018957691471,-0.2896018957691471,0.5887168828181184,-0.021007207874800038,-0.021007207874800038,0.6516162141869138,-0.0037971664229193847,-0.0037971664229193847,0.16666666666666666,-0.16666666666666666,-0.16666666666666666,1.78125,-0.09375,-0.09375,1.3850439611050431,0.12140865234369524,0.12140865234369524,8.34375,1.9375,1.9375,1.9445436482630056,0.18735794011966145,0.18735794011966145,7.5625,2.03125,2.03125,0.25,-0.125,-0.125,2.2580645161290325,0.2580645161290325,0.2580645161290325,0.8387096774193549,-0.005376344086021501,-0.005376344086021501,0.3125,0.0625,0.0625,3.2,-0.17499999999999982,-0.17499999999999982,0.9,0.025000000000000022,0.025000000000000022,1.156494140625,0.0700526083669355,0.0700526083669355,0.03125,0.03125,0.03125,1.71875,-0.15625,-0.15625,1.275940513326694,0.012305204565346006,0.012305204565346006,7.3125,0.90625,0.90625,2.007044046963497,0.24985833882015296,0.24985833882015296,6.59375,1.0625,1.0625,0.25,-0.125,-0.125,2.2903225806451615,0.2903225806451615,0.2903225806451615,0.8387096774193549,-0.005376344086021501,-0.005376344086021501,0.3125,0.0625,0.0625,3.2,-0.17499999999999982,-0.17499999999999982,0.9,0.025000000000000022,0.025000000000000022,0.9357358870967742,-0.15070564516129026,-0.15070564516129026,0.0,0.0,0.0
GaPt07_01,pd,2,0.28729266611690846,0.29049886923665036,0.08587241371940009,1.4949999999999681,0.14749999999999686,0.15874999999999662,0.16767315144138167,0.08422085540175543,0.06334708292814713,0.25999999999999446,0.16571428571428218,0.1428571428571398,-0.6580358510801285,-0.6591574110636141,-0.29555857405737845,0.9090461971476933,1.7127729198977812,1.4711882422091884,0.5979836359134245,0.23676074726347418,0.2598258580177004,0.0881251035803693,0.047050826798657165,0.046018349256875916,0.09645493099650881,0.04393196245428288,0.0687932827861484,0.10792994021071575,0.4676612449385421,-0.6251769851545518,-0.33083385749198946,-0.5016163934630269,-0.5820394715494115,1.1899930830060763,0.13385198838009993,0.0885900000540103,0.11780754223937794,0.04285932816399893,0.04200559635481875,0.15810673827669516,0.06910275345141913,0.07077997635397433,-0.3477887980807059,0.08514755628096138,-0.39639988888483285,-0.01159083090304382,0.0874904664276501,0.6176027508921224,1.5731879358052643,0.21480986256271217,0.20353654870724291,0.032821250525458666,-0.05519985547719881,-0.07040819890824704,0.04993462760464028,-0.03760588135390883,-0.0643133763473061,-0.6836668070208848,-0.5966153886656714,-0.7109640873995628,0.4146885241325137,1.1851451298783784,0.8955432341092313,0.7746449654280185,0.18592808260990012,0.1649208747351001,0.7164372405048719,0.06482102631795805,0.06102385989503867,0.3333333333333333,0.16666666666666666,0.0,1.75,-0.03125,-0.125,1.3678332288460768,-0.0172107322589663,0.10419792008472895,7.78125,-0.5625,1.375,1.89625054489966,-0.04829310336334558,0.13906483675631587,7.03125,-0.53125,1.5,0.28125,0.03125,-0.09375,2.3548387096774195,0.09677419354838701,0.3548387096774195,0.8629032258064516,0.024193548387096753,0.018817204301075252,0.25,-0.0625,0.0,4.375,1.1749999999999998,1.0,1.0,0.09999999999999998,0.125,1.55615234375,0.399658203125,0.4697108114919355,0.03125,0.0,0.03125,1.65625,-0.0625,-0.21875,1.1530989102302514,-0.12284160309644254,-0.11053639853109654,6.71875,-0.59375,0.3125,1.9876128493018146,-0.019431197661682553,0.2304271411584704,6.0625,-0.53125,0.53125,0.28125,0.03125,-0.09375,2.4193548387096775,0.12903225806451601,0.4193548387096775,0.8629032258064516,0.024193548387096753,0.018817204301075252,0.25,-0.0625,0.0,4.375,1.1749999999999998,1.0,1.0,0.09999999999999998,0.125,1.0902217741935485,0.15448588709677424,0.0037802419354839856,0.0,0.0,0.0
GaPt07_01,pd,3,0.07830285962033506,0.2282186784760349,0.14626434571327668,1.4774999999999685,-0.017499999999999627,0.141249999999997,0.17701896589267757,0.009345814451295897,0.07269289737944302,0.23714285714285208,-0.022857142857142382,0.11999999999999743,-0.44425233531749025,0.21378351576263827,-0.08177505829474019,0.26343074930429006,-0.6456154478434033,0.8255727943657851,0.5680345425971225,-0.029949093316302022,0.2298767647013984,0.10537722132875665,0.01725211774838735,0.06327046700526326,0.06704449774285362,-0.029410433253655194,0.0393828495324932,0.35649362844859217,0.24856368823787642,-0.3766132969166754,-0.3870391880239533,-0.05620533053196386,-0.6382448020813754,1.057493552056958,-0.13249953094911837,-0.04390953089510807,0.17202625988630282,0.05421871764692489,0.09622431400174364,0.14241613692257646,-0.015690601354118705,0.055089374999855625,0.38260509593288977,0.7303938940135957,0.3339940051287628,-0.30599258960664455,-0.29440175870360075,0.3232009921885216,1.582722914097413,0.009534978292148777,0.2130715269993917,0.16798696824278375,0.13516571771732508,0.06475751880907804,0.19018401380301553,0.14024938619837524,0.07593600985106914,-0.05268198960901517,0.6309848174118696,-0.0799792699876932,0.06697824348757621,-0.34771028064493753,0.5478329534642938,0.9002752648393628,0.1256302994113443,0.2905511741464444,0.8142166357956306,0.09777939529075874,0.1588032551857974,0.6666666666666666,0.3333333333333333,0.3333333333333333,1.78125,0.03125,-0.09375,1.4752665150143482,0.10743328616827141,0.21163120625300036,8.53125,0.75,2.125,1.8313466753078977,-0.06490386959176231,0.07416096716455356,7.75,0.71875,2.21875,0.25,-0.03125,-0.125,1.967741935483871,-0.3870967741935485,-0.032258064516129004,0.9112903225806451,0.048387096774193505,0.06720430107526876,0.3125,0.0625,0.0625,2.9,-1.475,-0.4750000000000001,0.7,-0.30000000000000004,-0.17500000000000004,1.293701171875,-0.262451171875,0.2072596396169355,0.03125,0.0,0.03125,1.65625,0.0,-0.21875,1.2600403219354632,0.10694141170521188,-0.0035949868258846607,6.4375,-0.28125,0.03125,1.9827888472813302,-0.004824002020484386,0.22560313913798602,5.78125,-0.28125,0.25,0.25,-0.03125,-0.125,2.064516129032258,-0.3548387096774195,0.06451612903225801,0.9166666666666667,0.05376344086021512,0.07258064516129037,0.3125,0.0625,0.0625,2.9,-1.475,-0.4750000000000001,0.7,-0.30000000000000004,-0.17500000000000004,1.0773689516129032,-0.01285282258064524,-0.009072580645161255,0.0,0.0,0.0
GaPt07_01,pd,4,0.1069828808403513,0.15600900062667641,0.16690241055654415,1.3749999999999707,-0.10249999999999782,0.038749999999999174,0.2199999999999953,0.04298103410731774,0.11567393148676076,0.17857142857142477,-0.0585714285714273,0.061428571428570125,-0.6503155894356857,-0.20606325411819543,-0.2878383124129356,0.06302000607092753,-0.20041074323336253,0.6251620511324226,0.500638259421256,-0.06739628317586654,0.16248048152553185,0.19311920942669544,0.08774198809793879,0.15101245510320205,0.15661140744540766,0.08956690970255404,0.12894975923504726,0.04187837109427964,-0.3146152573543125,-0.691228554270988,-0.45360603121772974,-0.06656684319377643,-0.7048116452751518,1.0686784368148219,0.011184884757863944,-0.03272464613724413,0.18024232796325884,0.008216068076956018,0.10444038207869966,0.1726074236400202,0.030191286717443755,0.08528066171729938,0.09949894557484687,-0.2831061503580429,0.05088785477071991,0.023063024499862438,0.32905561410650697,0.6522566062950286,1.4575718746016075,-0.12515103949580553,0.08792048750358616,0.08201902417351747,-0.08596794406926628,-0.021210425260188237,0.0598387607564092,-0.13034525304660632,-0.05440924319553719,0.5306761225791019,0.5833581121881171,0.5033788422004238,-0.24517411675448048,-0.31215236024205667,0.23568059322223717,0.804168535137363,-0.09610672970199985,0.19444444444444453,0.7804133806098333,-0.0338032551857973,0.1250000000000001,0.3333333333333333,-0.3333333333333333,0.0,1.9375,0.15625,0.0625,1.758619326484237,0.28335281146988867,0.494984017722889,7.8125,-0.71875,1.40625,1.9746375739327704,0.14329089862487265,0.2174518657894262,6.875,-0.875,1.34375,0.3125,0.0625,-0.0625,2.129032258064516,0.16129032258064502,0.12903225806451601,0.8754480286738351,-0.03584229390681004,0.031362007168458716,0.25,-0.0625,0.0,3.25,0.3500000000000001,-0.125,0.875,0.17500000000000004,0.0,2.073486328125,0.77978515625,0.9870447958669355,0.03125,0.0,0.03125,1.71875,0.0625,-0.15625,1.1976960409267507,-0.06234428100871248,-0.06593926783459714,6.625,0.1875,0.21875,2.136472824314004,0.1536839770326739,0.3792871161706599,5.90625,0.125,0.375,0.3125,0.0625,-0.0625,2.3225806451612905,0.2580645161290325,0.3225806451612905,0.8790322580645161,-0.037634408602150615,0.034946236559139754,0.28125,-0.03125,0.03125,3.4444444444444446,0.5444444444444447,0.06944444444444464,0.8888888888888888,0.18888888888888888,0.01388888888888884,1.1081149193548387,0.030745967741935498,0.021673387096774244,0.0,0.0,0.0
GaPt07_01,pd,5,0.06833548192446032,0.19918406686988668,0.11067159772239483,1.40374999999997,0.028749999999999387,0.06749999999999856,0.14242165766282777,-0.07757834233716754,0.038095589149593226,0.17571428571428196,-0.002857142857142808,0.05857142857142732,-0.3575748185492854,0.29274077088640027,0.004902458473464655,-0.7817606026148943,-0.8447806086858218,-0.2196185575533992,0.49868979147502096,-0.0019484679462349885,0.16053201357929686,0.07672889491533062,-0.11639031451136482,0.034622140591837235,0.09540716242801243,-0.06120424501739523,0.06774551421765201,-0.09357634003425044,-0.13545471112853008,-0.826683265399518,-0.1648084376431566,0.28879759357457313,-0.41601405170057865,1.1617121657755485,0.09303372896072659,0.06030908282348246,0.06170859425087189,-0.11853373371238696,-0.014093351633687294,0.04710429352744204,-0.1255031301125782,-0.04022246839527879,0.5527800775773961,0.45328113200254927,0.5041689867732692,-0.43067259523525575,-0.45373561973511817,0.1985209865599104,1.4851239894486739,0.027552114847066322,0.11547260235065249,0.07322206232205195,-0.008796961851465529,-0.030007387111653766,0.07930711631373707,0.019468355557327878,-0.03494088763820931,-0.4133605985557799,-0.9440367211348818,-0.4406578789344579,0.2671750954147116,0.5123492121691922,0.7480298053914293,0.7505430557959409,-0.05362547934142203,0.1408189651030225,0.6643170574043473,-0.11609632320548602,0.008903676794514093,0.6666666666666666,0.3333333333333333,0.3333333333333333,1.78125,-0.15625,-0.09375,1.4081416488499325,-0.3504776776343044,0.14450634008858465,9.15625,1.34375,2.75,2.1115561453200127,0.13691857138724228,0.3543704371766685,8.375,1.5,2.84375,0.28125,-0.03125,-0.09375,2.064516129032258,-0.06451612903225801,0.06451612903225801,0.7258064516129032,-0.14964157706093184,-0.11827956989247312,0.25,0.0,0.0,3.625,0.375,0.25,0.875,0.0,0.0,1.20947265625,-0.864013671875,0.1230311239919355,0.03125,0.0,0.03125,1.6875,-0.03125,-0.1875,1.20315445607008,0.005458415143329232,-0.060480852691267906,7.09375,0.46875,0.6875,2.204970557919158,0.06849773360515377,0.4477848497758137,6.40625,0.5,0.875,0.28125,-0.03125,-0.09375,2.129032258064516,-0.19354838709677447,0.12903225806451601,0.7258064516129032,-0.15322580645161288,-0.11827956989247312,0.25,-0.03125,0.0,3.625,0.18055555555555536,0.25,0.875,-0.01388888888888884,0.0,0.9904233870967742,-0.1176915322580645,-0.09601814516129026,0.0,0.0,0.0
GaPt07_01,pd,6,0.12891902832347604,0.2926204079510288,0.1524078174465079,1.3849999999999705,-0.0187499999999996,0.04874999999999896,0.15991068935949054,0.01748903169666277,0.055584620846256,0.21428571428570972,0.03857142857142776,0.09714285714285507,-0.4471640173410404,-0.08958919879175498,-0.08468674031829032,-0.15715589276374817,0.6246047098511461,0.4049861522977469,0.6496547563817021,0.15096496490668115,0.311496978485978,0.17751979822418332,0.1007909033088527,0.13541304390068992,0.1799667422524565,0.08455957982444408,0.1523050940420961,-0.1344951298470039,-0.04091878981275346,-0.8676020552122714,-0.060954549966834366,0.10385388767632225,-0.3121601640242564,1.126249960734314,-0.03546220504123454,0.024846877782247923,0.09978589490621931,0.03807730065534742,0.023983949021660123,0.09996505475575243,0.05286076122831039,0.012638292833031597,0.2704348013777436,-0.2823452761996525,0.22182371057361666,-0.866440261863908,-0.43576766662865224,-0.23724668006874183,1.6455956143613348,0.16047162491266098,0.27594422726331347,0.15488251270271128,0.08166045038065933,0.05165306326900557,0.11565959621773571,0.03635247990399863,0.0014115922657893243,0.38844334533291747,0.8018039438886974,0.36114606495423945,-0.5040652427193141,-0.7712403381340257,-0.023210532742596435,0.8157795987291846,0.06523654293324366,0.20605550803626616,0.8180138022185501,0.1536967448142028,0.1626004216087169,0.6666666666666666,0.0,0.3333333333333333,1.8125,0.03125,-0.0625,1.4241579289010096,0.016016280051077025,0.16052262013966168,8.84375,-0.3125,2.4375,2.1115561453200127,0.0,0.3543704371766685,8.03125,-0.34375,2.5,0.28125,0.0,-0.09375,2.5483870967741935,0.4838709677419355,0.5483870967741935,0.8978494623655915,0.17204301075268824,0.05376344086021512,0.34375,0.09375,0.09375,3.090909090909091,-0.5340909090909092,-0.28409090909090917,0.8181818181818182,-0.05681818181818177,-0.05681818181818177,1.570556640625,0.361083984375,0.4841151083669355,0.03125,0.0,0.03125,1.6875,0.0,-0.1875,1.20315445607008,0.0,-0.060480852691267906,6.75,-0.34375,0.34375,2.257603639602928,0.05263308168377012,0.5004179314595838,6.0625,-0.34375,0.53125,0.28125,0.0,-0.09375,2.4516129032258065,0.3225806451612905,0.4516129032258065,0.8870967741935484,0.16129032258064513,0.043010752688172005,0.34375,0.09375,0.09375,3.090909090909091,-0.5340909090909092,-0.28409090909090917,0.8181818181818182,-0.05681818181818177,-0.05681818181818177,1.1050907258064515,0.11466733870967727,0.01864919354838701,0.0,0.0,0.0
GaPt07_01,pd,7,0.2642143146099955,0.07035063867531521,0.11648621377967691,1.2974999999999723,-0.08749999999999813,-0.038749999999999174,0.12836888808652477,-0.03154180127296577,0.024042819573290228,0.1371428571428542,-0.07714285714285551,0.01999999999999956,-0.1479999632825096,0.29916405405853075,0.21447731374024046,-0.45727881981253926,-0.30012292704879107,0.10486322524895586,0.40911482080538003,-0.24053993557632208,0.07095704290965593,0.059342852852539506,-0.1181769453716438,0.017236098529046118,0.06799294116990535,-0.11197380108255116,0.040331292959544934,0.0713659592626358,0.20586108910963968,-0.6617409661026318,-0.2800717183291504,-0.21911716836231604,-0.5312773323865725,0.9839427601342416,-0.1423072006000723,-0.11746032281782437,0.12847830085062242,0.028692405944403115,0.05267635496606324,0.1927977400429124,0.09283268528715996,0.10547097812019156,-0.36995652223142617,-0.6403913236091698,-0.4185676130355531,-0.3428877365165153,0.5235525253473927,0.2863058452786509,1.3794529686880606,-0.2661426456732743,0.009801581590039188,0.09320197335552799,-0.06168053934718329,-0.010027476078177722,0.11051973846963827,-0.005139857748097443,-0.0037282654823081185,-0.31029564364548273,-0.6987389889784001,-0.33759292402416075,-0.3291041280641302,0.17496111465518388,0.15175058191258745,0.7448990008436258,-0.07088059788555878,0.13517491015070737,0.7387467139431667,-0.07926708827538342,0.08333333333333348,0.16666666666666666,-0.5,-0.16666666666666666,1.9375,0.125,0.0625,1.933365776516811,0.5092078476158015,0.6697304677554632,9.96875,1.125,3.5625,2.0077973005261263,-0.10375884479388642,0.2506115923827821,9.03125,1.0,3.5,0.25,-0.03125,-0.125,2.064516129032258,-0.4838709677419355,0.06451612903225801,0.8354838709677419,-0.062365591397849585,-0.008602150537634468,0.25,-0.09375,0.0,4.0,0.9090909090909092,0.625,1.0,0.18181818181818177,0.125,1.196044921875,-0.37451171875,0.1096033896169355,0.03125,0.0,0.03125,1.6875,0.0,-0.1875,1.2556324713967086,0.05247801532662866,-0.008002837364639248,6.75,0.0,0.34375,2.155263624321299,-0.10234001528162917,0.3980779161779546,6.0625,0.0,0.53125,0.25,-0.03125,-0.125,1.8387096774193548,-0.6129032258064517,-0.16129032258064524,0.8225806451612904,-0.06451612903225801,-0.021505376344086002,0.21875,-0.125,-0.03125,3.5714285714285716,0.4805194805194808,0.19642857142857162,1.0,0.18181818181818177,0.125,0.9765625,-0.1285282258064515,-0.1098790322580645,0.0,0.0,0.0
GaPt08_01,pd,1,0.03676424431249355,0.03676424431249355,0.05921477046705603,1.173749999999975,-0.03374999999999928,-0.03374999999999928,0.060695375206257805,0.05183132260197881,0.05183132260197881,0.0728571428571413,0.05999999999999872,0.05999999999999872,-0.16384278105414057,0.2812891262055852,0.2812891262055852,-0.38486472276219835,-0.6521259646746227,-0.6521259646746227,0.2707781276157885,0.005789474316777565,0.005789474316777565,0.022530163788291774,0.007874196788613204,0.007874196788613204,0.024308052616986188,0.009312020333323507,0.009312020333323507,0.09700000515897547,-0.07741783305080593,-0.07741783305080593,-0.2529770219394488,-0.25905193524225806,-0.25905193524225806,0.9325027829063766,0.05290652223709058,0.05290652223709058,0.04967730962700686,-0.020144153680094444,-0.020144153680094444,0.0527388507203478,-0.053634656547347226,-0.053634656547347226,0.020347061588033927,0.6118935352973061,0.6118935352973061,-0.549901097498988,-0.8143711816556991,-0.8143711816556991,1.297221838078704,0.032233184779692836,0.032233184779692836,0.055840656745741186,0.03588561209161574,0.03588561209161574,0.07168728566000168,0.05009032822101739,0.05009032822101739,-0.28807114835358594,-0.5303083242292184,-0.5303083242292184,-0.5810631645954851,-0.06260884020417457,-0.06260884020417457,0.5887168828181184,-0.060396049244399674,-0.060396049244399674,0.554441209418483,-0.011929656538819278,-0.011929656538819278,0.3333333333333333,0.3333333333333333,0.3333333333333333,1.8125,0.09375,0.09375,1.4466312368685639,0.17069072354186998,0.17069072354186998,7.6875,1.0,1.0,1.9250052366916621,0.0,0.0,6.875,0.90625,0.90625,0.25,0.0,0.0,2.0,-0.22580645161290303,-0.22580645161290303,0.8387096774193549,-0.040322580645161255,-0.040322580645161255,0.25,-0.03125,-0.03125,3.25,0.02777777777777768,0.02777777777777768,0.875,-0.01388888888888884,-0.01388888888888884,1.1787109375,0.21298513104838712,0.21298513104838712,0.03125,0.03125,0.03125,1.75,0.03125,0.03125,1.344043010064494,0.06810249673780011,0.06810249673780011,6.65625,-0.03125,-0.03125,1.9774433640598954,0.05243812736823328,0.05243812736823328,5.90625,-0.0625,-0.0625,0.25,0.0,0.0,2.032258064516129,-0.19354838709677402,-0.19354838709677402,0.8387096774193549,-0.040322580645161255,-0.040322580645161255,0.25,-0.03125,-0.03125,3.25,0.02777777777777768,0.02777777777777768,0.875,-0.01388888888888884,-0.01388888888888884,0.9586693548387096,-0.007056451612903247,-0.007056451612903247,0.0,0.0,0.0
GaPt08_01,pd,2,0.04415520837400899,0.07483457439788994,0.09421069496111821,1.1787499999999749,0.004999999999999893,-0.028749999999999387,0.06266407036161589,0.001968695155358087,0.0538000177573369,0.054285714285713126,-0.018571428571428177,0.041428571428570544,-0.016655764674400095,0.14718701637974047,0.4284761425853257,-0.15495759970879094,0.2299071230534074,-0.42221884162121537,0.299971334775877,0.029193207160088497,0.03498268147686606,0.05057784738025276,0.028047683591960988,0.035921880380574193,0.02845375522782181,0.004145702610835623,0.01345772294415913,0.5250460104235788,0.42804600526460335,0.3506281722137974,-0.5044162230294702,-0.2514392010900214,-0.5104911363322795,0.9050852423521805,-0.027417540554196096,0.025488981682894485,0.08884471235061979,0.03916740272361293,0.019023249043518486,0.08562088471470543,0.03288203399435763,-0.020752622552989597,-0.2310893455398522,-0.2514364071278861,0.36045712816942,-0.8639968628251469,-0.3140957653261589,-1.128466946981858,1.340990072921383,0.04376823484267911,0.07600141962237195,0.09224400910182998,0.03640335235608879,0.07228896444770452,0.0835128629684473,0.01182557730844562,0.06191590552946301,0.3125891454699463,0.6006602938235323,0.07035196959431383,-0.2398138171931957,0.3412493474022894,0.27864050719811484,0.649112932062518,0.06039604924439956,-1.1102230246251565e-16,0.6669071623573358,0.11246595293885286,0.10053629640003359,0.5,0.16666666666666669,0.5,1.8125,0.0,0.09375,1.4687607240514464,0.022129487182882546,0.19282021072475253,7.8125,0.125,1.125,1.839310880772751,-0.08569435591891117,-0.08569435591891117,7.0,0.125,1.03125,0.25,0.0,0.0,1.8064516129032258,-0.19354838709677424,-0.41935483870967727,0.7849462365591399,-0.053763440860215006,-0.09408602150537626,0.25,0.0,-0.03125,3.25,0.0,0.02777777777777768,0.875,0.0,-0.01388888888888884,1.38330078125,0.20458984375,0.4175749747983871,0.03125,0.0,0.03125,1.71875,-0.03125,0.0,1.275940513326694,-0.06810249673780011,0.0,6.75,0.09375,0.0625,1.9344083032987032,-0.043035060761192234,0.009403066607041044,6.03125,0.125,0.0625,0.25,0.0,0.0,1.8709677419354838,-0.16129032258064524,-0.35483870967741926,0.7903225806451613,-0.048387096774193616,-0.08870967741935487,0.25,0.0,-0.03125,3.25,0.0,0.02777777777777768,0.875,0.0,-0.01388888888888884,0.9117943548387096,-0.046875,-0.05393145161290325,0.0,0.0,0.0
GaPt08_01,pd,3,0.07832146002311603,0.02234773730294176,0.05048107559814066,1.127499999999976,-0.05124999999999891,-0.0799999999999983,0.03105295017040528,-0.03161112019121061,0.022188897566126284,0.041428571428570544,-0.012857142857142581,0.028571428571427963,-0.4136643973298084,-0.3970086326554083,0.03146750992991737,-0.18856527143859844,-0.0336076717298075,-0.45582651335102287,0.2682782752888041,-0.031693059487072905,0.0032896219897931567,0.015454503052438026,-0.035123344327814734,0.0007985360527594555,0.01767172671565608,-0.010782028512165729,0.0026756944319934004,-0.13612179379338557,-0.6611678042169644,-0.310539632003167,-0.3456302465497018,0.1587859764797684,-0.35170515985251105,0.9173084798883983,0.01222323753621779,0.037712219219112275,0.11282507958797774,0.023980367237357955,0.04300361628087644,0.1217998729600888,0.036178988245383376,0.015426365692393779,-0.23354924460263723,-0.0024598990627850426,0.3579972291066349,0.23653295598165236,1.1005298188067991,-0.027937128175058723,1.275964714290578,-0.06502535863080516,0.010976060991566783,0.051677574651052355,-0.04056643445077762,0.0317225299969269,0.05325748788484298,-0.03025537508360432,0.03166053044585869,-0.24848536013130623,-0.5610745056012525,-0.4907225360069387,-0.39201967895725714,-0.15220586176406145,0.12643464543405342,0.6981203125901446,0.049007380527626654,0.04900738052762654,0.650306870238239,-0.01660029211909686,0.08393600428093673,0.5,0.0,0.5,1.84375,0.03125,0.125,1.393750452046795,-0.07501027200465149,0.11780993872010104,8.4375,0.625,1.75,1.8305208143074754,-0.008790066465275581,-0.09448442238418675,7.59375,0.59375,1.625,0.28125,0.03125,0.03125,2.2580645161290325,0.4516129032258067,0.03225806451612945,0.8467741935483871,0.06182795698924726,-0.032258064516129004,0.3125,0.0625,0.03125,3.2,-0.04999999999999982,-0.022222222222222143,1.0,0.125,0.11111111111111116,1.09765625,-0.28564453125,0.13193044354838712,0.03125,0.0,0.03125,1.78125,0.0625,0.0625,1.2885194053891917,0.012578892062497848,0.012578892062497848,6.40625,-0.34375,-0.28125,1.8813065981197834,-0.05310170517891977,-0.04369863857187872,5.625,-0.40625,-0.34375,0.28125,0.03125,0.03125,2.2903225806451615,0.4193548387096777,0.06451612903225845,0.8467741935483871,0.05645161290322587,-0.032258064516129004,0.3125,0.0625,0.03125,3.2,-0.04999999999999982,-0.022222222222222143,1.0,0.125,0.11111111111111116,0.875,-0.03679435483870963,-0.09072580645161288,0.0,0.0,0.0
GaPt08_01,pd,4,0.04001867584423571,0.04847690116171078,0.025814248879668097,1.122499999999976,-0.004999999999999893,-0.08499999999999819,0.016690459207925248,-0.014362490962480032,0.007826406603646254,0.012857142857142583,-0.028571428571427963,0.0,0.035533452725935055,0.4491978500557435,0.48066535998566084,-0.5700877125495691,-0.38152244111097067,-0.8373489544619935,0.2583424166188508,-0.00993585866995328,-0.0066462366801601225,0.008428644441426702,-0.007025858611011324,-0.006227322558251869,0.009235422265632834,-0.008436304450023248,-0.005760610018029848,0.03632402084343944,0.172445814636825,-0.13809381736634196,-0.14742309786378777,0.19820714868591405,-0.153498011166597,0.9170412770218233,-0.00026720286657500036,0.037445016352537275,0.07036091094210552,-0.04246416864587223,0.0005394476350042143,0.08913928625991051,-0.032660586700178296,-0.017234221007784517,-0.26711222822562763,-0.0335629836229904,0.3244342454836445,-0.7578569222648441,-0.9943898782464965,-1.0223270064215553,1.2516059472164525,-0.02435876707412543,-0.013382706082558649,0.012999667675371713,-0.038677906975680645,-0.006955376978753737,0.014958184941619252,-0.03829930294322373,-0.006638772497365044,-0.13822140014435355,0.11026395998695268,-0.380458576019986,0.022687548639383315,0.41470722759664047,0.5411418730306938,0.6343690561209371,-0.06375125646920754,-0.014743875941580997,0.5553129590011165,-0.09499391123712242,-0.011057906956185692,0.5,0.0,0.5,1.84375,0.0,0.125,1.5680144625731962,0.17426401052640128,0.2920739492465023,7.09375,-1.34375,0.40625,1.653137291100109,-0.1773835232073664,-0.27186794559155314,6.25,-1.34375,0.28125,0.25,-0.03125,0.0,1.6774193548387097,-0.5806451612903227,-0.5483870967741933,0.8064516129032258,-0.040322580645161366,-0.07258064516129037,0.21875,-0.09375,-0.0625,3.2857142857142856,0.08571428571428541,0.06349206349206327,1.0,0.0,0.11111111111111116,1.93408203125,0.83642578125,0.9683562247983871,0.03125,0.0,0.03125,1.71875,-0.0625,0.0,1.275940513326694,-0.012578892062497848,0.0,6.0,-0.40625,-0.6875,1.7413380098407456,-0.1399685882790378,-0.18366722685091652,5.28125,-0.34375,-0.6875,0.25,-0.03125,0.0,1.7741935483870968,-0.5161290322580647,-0.4516129032258063,0.8064516129032258,-0.040322580645161366,-0.07258064516129037,0.21875,-0.09375,-0.0625,3.2857142857142856,0.08571428571428541,0.06349206349206327,1.0,0.0,0.11111111111111116,0.9642137096774194,0.08921370967741937,-0.0015120967741935054,0.0,0.0,0.0
GaPt08_01,pd,5,0.14070088174159615,0.10250005836331991,0.13807036558936797,1.174999999999975,0.05249999999999888,-0.03249999999999931,0.06633249580710658,0.04964203659918133,0.05746844320282759,0.07142857142856991,0.05857142857142733,0.05857142857142733,0.0398964038503598,0.004362951124424745,0.4850283111100856,-0.5498954782358426,0.02019223431372652,-0.817156720148267,0.33676704816035324,0.07842463154150242,0.0717783948613423,0.10794684993222403,0.09951820549079733,0.09329088293254546,0.0790974423876082,0.06986202012197537,0.06410141010394552,0.3550064201885241,0.31868239934508463,0.18058858197874267,-0.19942567076685383,-0.05200257290306606,-0.20550058406966307,0.932341714946709,0.01530043792488578,0.052745454277423054,0.1332415602072822,0.06288064926517668,0.0634200969001809,0.1761897815689863,0.08705049530907578,0.06981627430129127,-0.33918190373007157,-0.07206967550444393,0.2523645699792006,-0.29356245170421985,0.4642944705606243,-0.5580325358609309,1.382362998986355,0.1307570517699026,0.11737434568734395,0.13600205706267726,0.12300238938730555,0.11604701240855181,0.10288627126118288,0.08792808631956363,0.08128931382219859,0.5012081231664983,0.6394295233108519,0.25897094729086584,-0.04383081946915098,-0.0665183681085343,0.4746235049221596,0.7690009104757035,0.13463185435476643,0.11988797841318544,0.7606203125901445,0.20530735358902796,0.19424944663284227,0.3333333333333333,-0.16666666666666669,0.3333333333333333,1.75,-0.09375,0.03125,1.344043010064494,-0.2239714525087022,0.06810249673780011,8.84375,1.75,2.15625,1.9362313744704869,0.2830940833703779,0.011226137778824752,8.09375,1.84375,2.125,0.25,0.0,0.0,1.903225806451613,0.22580645161290325,-0.32258064516129004,0.6935483870967742,-0.11290322580645151,-0.18548387096774188,0.25,0.03125,-0.03125,3.375,0.08928571428571441,0.15277777777777768,1.0,0.0,0.11111111111111116,1.1806640625,-0.75341796875,0.21493825604838712,0.03125,0.0,0.03125,1.6875,-0.03125,-0.03125,1.2296734420949118,-0.046267071231782086,-0.046267071231782086,6.8125,0.8125,0.125,1.9909067475447852,0.24956873770403964,0.06590151085312312,6.125,0.84375,0.15625,0.25,0.0,0.0,1.935483870967742,0.16129032258064524,-0.29032258064516103,0.6935483870967742,-0.11290322580645151,-0.18548387096774188,0.25,0.03125,-0.03125,3.375,0.08928571428571441,0.15277777777777768,1.0,0.0,0.11111111111111116,0.9606854838709677,-0.0035282258064516236,-0.005040322580645129,0.0,0.0,0.0
GaPt08_01,pd,6,0.08349983218182654,0.06562351148783137,0.08055930355610366,1.078749999999977,-0.09624999999999795,-0.12874999999999726,0.06128096884724476,-0.005051526959861823,0.052416916242965766,0.0771428571428555,0.0057142857142855885,0.06428571428571292,-0.2522407086292977,-0.2921371124796575,0.19289119863042808,-0.09743349705257827,0.45246198118326436,-0.36469473896500265,0.2786305663349772,-0.05813648182537606,0.013641913035966236,0.019635772518244797,-0.08831107741397923,0.004979805518566227,0.02335744111702145,-0.055740001270586745,0.00836140883335877,-0.26977844696990216,-0.6247848671584262,-0.44419628517968357,-0.4624330994569751,-0.2630074286901213,-0.4685080127597843,1.0174188395707122,0.08507712462400319,0.13782257890142624,0.048144195699327125,-0.08509736450795508,-0.02167726760777418,0.0650479188473169,-0.1111418627216694,-0.04132558842037813,-0.2527356899144008,0.08644621381567075,0.33881078379487134,-0.11092214951004303,0.18264030219417682,-0.3753922336667541,1.319773098036908,-0.06258990094944705,0.0547844447378969,0.06962968648474228,-0.06637237057793498,0.04967464183061683,0.09406106311620903,-0.008825208144973853,0.07246410567722474,-0.34450763386137656,-0.8457157570278748,-0.586744809737009,0.047284913893884666,0.09111573336303565,0.5657392382851952,0.7134453549201479,-0.05555555555555558,0.06433242285762986,0.6549775058185164,-0.10564280677162807,0.0886066398612142,0.16666666666666666,-0.16666666666666666,0.16666666666666666,1.875,0.125,0.15625,1.4756081305138942,0.13156512044940016,0.19966761718720027,8.3125,-0.53125,1.625,1.6151999776318522,-0.3210313968386347,-0.30980525905980993,7.4375,-0.65625,1.46875,0.28125,0.03125,0.03125,1.903225806451613,0.0,-0.32258064516129004,0.8064516129032258,0.11290322580645151,-0.07258064516129037,0.28125,0.03125,0.0,2.888888888888889,-0.48611111111111116,-0.3333333333333335,0.8888888888888888,-0.11111111111111116,0.0,1.49609375,0.3154296875,0.5303679435483871,0.03125,0.0,0.03125,1.78125,0.09375,0.0625,1.2885194053891917,0.058845963294279935,0.012578892062497848,6.25,-0.5625,-0.4375,1.7038855027411945,-0.2870212448035907,-0.22111973395046758,5.46875,-0.65625,-0.5,0.28125,0.03125,0.03125,1.967741935483871,0.032258064516129004,-0.25806451612903203,0.8064516129032258,0.11290322580645151,-0.07258064516129037,0.28125,0.03125,0.0,2.888888888888889,-0.48611111111111116,-0.3333333333333335,0.8888888888888888,-0.11111111111111116,0.0,1.028225806451613,0.06754032258064524,0.06250000000000011,0.0,0.0,0.0
GaPt08_01,pd,7,0.06760742377220659,0.03311338537260375,0.04918439395354625,1.1112499999999763,0.03249999999999931,-0.09624999999999795,0.0313676357322086,-0.02991333311503616,0.022503583127929605,0.032857142857142155,-0.044285714285713346,0.019999999999999574,-0.11665271042521157,0.13558799820408612,0.3284791968345142,0.42863977582145585,0.5260732728740342,0.16137853390903145,0.2588303156537902,-0.01980025068118696,-0.006158337645220724,0.00989582731061251,-0.009739945207632286,-0.0047601396890660595,0.0060912538788645,-0.01726618723815695,-0.008904778404798181,0.6299542515721369,0.8997326985420391,0.4555364133623555,0.09833267412588573,0.5607657735828608,0.09225776082307648,0.9529805558290072,-0.06443828374170502,0.07338429515972122,0.10046694166196347,0.05232274596263635,0.03064547835486217,0.06886836298972834,0.00382044414241145,-0.03750514427796668,0.30210793548634174,0.5548436254007425,0.8936544091956139,0.353944038110228,0.46486618762027104,0.08947395395351693,1.272127266450741,-0.047645831586166976,0.007138613151729922,0.048243524720949754,-0.02138616176379253,0.028288480066824304,0.043793437914803245,-0.050267625201405784,0.022196480475818948,0.1185874371599677,0.4630950710213443,-0.12364973871566479,-0.3637692807357551,-0.41105419462963977,0.15468504365555547,0.7716485297165846,0.05820317479643666,0.12253559765406652,0.6669071623573358,0.011929656538819389,0.10053629640003359,0.5,0.33333333333333337,0.5,1.84375,-0.03125,0.125,1.393750452046795,-0.08185767846709924,0.11780993872010104,9.4375,1.125,2.75,1.933365776516811,0.3181657988849589,0.00836053982514895,8.59375,1.15625,2.625,0.28125,0.0,0.03125,2.032258064516129,0.12903225806451601,-0.19354838709677402,0.8709677419354839,0.06451612903225812,-0.008064516129032251,0.25,-0.03125,-0.03125,3.5,0.6111111111111112,0.2777777777777777,1.0,0.11111111111111116,0.11111111111111116,1.1318359375,-0.3642578125,0.16611013104838712,0.03125,0.0,0.03125,1.78125,0.0,0.0625,1.2885194053891917,0.0,0.012578892062497848,6.40625,0.15625,-0.28125,1.9815174211504123,0.27763191840921775,0.05651218445875017,5.625,0.15625,-0.34375,0.28125,0.0,0.03125,2.064516129032258,0.09677419354838701,-0.16129032258064502,0.8709677419354839,0.06451612903225812,-0.008064516129032251,0.25,-0.03125,-0.03125,3.5,0.6111111111111112,0.2777777777777777,1.0,0.11111111111111116,0.11111111111111116,0.9102822580645161,-0.11794354838709686,-0.05544354838709675,0.0,0.0,0.0
GaPt09_01,pd,1,0.023163479077534195,0.023163479077534195,0.08329181198222697,0.9924999999999788,-0.028749999999999387,-0.028749999999999387,0.060178306485214564,0.03917660587380193,0.03917660587380193,0.05285714285714173,0.03142857142857076,0.03142857142857076,-0.6680771147986216,-0.9175951687731974,-0.9175951687731974,0.17887557162390255,-0.12095790046984378,-0.12095790046984378,0.2993897797276347,0.017713118771990333,0.017713118771990333,0.053011046152119684,0.03643302676781777,0.03643302676781777,0.05194941055488723,0.029803387096960374,0.029803387096960374,0.15467372661031123,0.435759908002352,0.435759908002352,0.19547671706840597,0.33730934851886374,0.33730934851886374,1.0143264947480213,0.008327201826969333,0.008327201826969333,0.0679238599900195,0.04376089637992393,0.04376089637992393,0.06138572774982509,0.026839093562169403,0.026839093562169403,0.3915732701303056,0.8452568640448404,0.8452568640448404,0.01785924895309201,0.025478610209232803,0.025478610209232803,1.3030191067196646,0.0004859963881531648,0.0004859963881531648,0.07881429855323269,0.057671507993655925,0.057671507993655925,0.047295016230107505,0.01403736365451417,0.01403736365451417,0.4737069131289573,1.218570936147433,1.218570936147433,0.3101586551122399,-0.1912495352045231,-0.1912495352045231,0.634369056120937,-0.060396049244399674,-0.060396049244399674,0.6039712875660189,0.08289745854201647,0.08289745854201647,0.16666666666666666,0.0,0.0,1.9375,-0.09375,-0.09375,1.3897667476606375,0.08260594850901448,0.08260594850901448,7.125,0.75,0.75,1.87943024997368,-0.10030580281458956,-0.10030580281458956,6.1875,0.84375,0.84375,0.34375,-0.0625,-0.0625,1.903225806451613,-0.7096774193548385,-0.7096774193548385,0.7715053763440861,-0.15591397849462352,-0.15591397849462352,0.25,-0.15625,-0.15625,3.375,0.5288461538461537,0.5288461538461537,1.0,0.07692307692307687,0.07692307692307687,1.18115234375,0.31220073084677424,0.31220073084677424,0.03125,0.03125,0.03125,1.875,-0.15625,-0.15625,1.2889105176778741,-0.018250281473748853,-0.018250281473748853,6.09375,-0.28125,-0.28125,1.9236956200786228,-0.05604043270964665,-0.05604043270964665,5.21875,-0.125,-0.125,0.34375,-0.0625,-0.0625,1.935483870967742,-0.6774193548387095,-0.6774193548387095,0.7715053763440861,-0.15591397849462352,-0.15591397849462352,0.25,-0.15625,-0.15625,3.375,0.5288461538461537,0.5288461538461537,1.0,0.07692307692307687,0.07692307692307687,0.9611895161290323,0.0922379032258065,0.0922379032258065,0.0,0.0,0.0
GaPt09_01,pd,2,0.03752425216995452,0.03418039555154999,0.04470509703728516,0.9712499999999793,-0.021249999999999547,-0.049999999999998934,0.018850918886280522,-0.04132738759893404,-0.0021507817251321115,0.02142857142857097,-0.03142857142857076,0.0,-0.2681749582253683,0.39990215657325334,-0.517693012199944,-0.03820803599504351,-0.21708360761894607,-0.33804150808878985,0.31663309833295417,0.01724331860531947,0.0349564373773098,0.018508980197598585,-0.0345020659545211,0.0019309608132966685,0.009531498951395014,-0.04241791160349222,-0.01261452450653184,0.6517374333228271,0.4970637067125159,0.9328236147148679,0.33358879119013185,0.13811207412172588,0.4754214226405896,1.0400375856704391,0.025711090922417856,0.03403829274938719,0.016859604473424234,-0.05106425551659527,-0.007303359136671333,0.013839684206887906,-0.047546043542937184,-0.020706949980767782,-0.15667925989402298,-0.5482525300243286,0.29700433402051185,-0.20888235514760645,-0.22674160410069846,-0.20126299389146565,1.3182674884936993,0.015248381774034758,0.015734378162187923,0.036248121365834225,-0.04256617718739846,0.015105330806257464,0.02379145533417642,-0.023503560895931086,-0.009466197241416917,0.47512723168113746,0.0014203185521801664,1.2199912546996132,0.4261612322127603,0.11600257710052042,-0.07524695810400267,0.5283208335737187,-0.10604822254721824,-0.16644427179161791,0.396240625180289,-0.2077306623857299,-0.12483320384371344,0.0,-0.16666666666666666,-0.16666666666666666,1.875,-0.0625,-0.15625,1.4756081305138942,0.08584138285325671,0.1684473313622712,7.75,0.625,1.375,1.6064386578049976,-0.2729915921686823,-0.37329739498327186,6.875,0.6875,1.53125,0.28125,-0.0625,-0.125,1.6774193548387097,-0.22580645161290325,-0.9354838709677418,0.6935483870967742,-0.07795698924731187,-0.2338709677419354,0.21875,-0.03125,-0.1875,3.2857142857142856,-0.08928571428571441,0.43956043956043933,1.0,0.0,0.07692307692307687,1.40380859375,0.22265625,0.5348569808467742,0.03125,0.0,0.03125,1.78125,-0.09375,-0.25,1.2885194053891917,-0.00039111228868238257,-0.018641393762431235,6.6875,0.59375,0.3125,1.712148245013622,-0.21154737506500076,-0.2675878077746474,5.90625,0.6875,0.5625,0.28125,-0.0625,-0.125,1.7419354838709677,-0.19354838709677424,-0.8709677419354838,0.6989247311827957,-0.07258064516129037,-0.2284946236559139,0.21875,-0.03125,-0.1875,3.2857142857142856,-0.08928571428571441,0.43956043956043933,1.0,0.0,0.07692307692307687,0.9329637096774194,-0.028225806451612878,0.06401209677419362,0.0,0.0,0.0
GaPt09_01,pd,3,0.11229890034684023,0.11553460299471062,0.13285724026938114,1.032499999999978,0.061249999999998694,0.01124999999999976,0.1303566536194314,0.1115057347331509,0.10935495300801878,0.1485714285714254,0.12714285714285445,0.12714285714285445,0.022446008250424646,0.29062096647579294,-0.22707204572415107,-0.6105745759711705,-0.572366539976127,-0.9104080480649168,0.40103680594873226,0.08440370761577809,0.11936014499308789,0.14173248673060537,0.12322350653300679,0.12515446734630345,0.10835212907990797,0.09882063012851296,0.08620610562198112,0.3753350124072034,-0.27640242091562367,0.6564211937992441,-0.6094548010231903,-0.9430435922133221,-0.4676221695727325,1.01908556724707,-0.020952018423369134,0.013086274326018055,0.056350303087555814,0.039490698614131584,0.03218733947746025,0.052317700196006046,0.03847801598911814,0.017771066008350357,0.3099521785426867,0.4666314384367097,0.7636357724572216,-0.5616089069350615,-0.35272655178745504,-0.5539895456789207,1.4509858305048555,0.13271834201115618,0.1484527201733441,0.24500472469511364,0.20875660332927942,0.22386193413553687,0.20828679373917,0.18449533840499358,0.17502914116357665,0.36194845184273117,-0.1131787798384063,1.106812474861207,-0.519544667384235,-0.9457058995969954,-1.020952857700998,0.868821618915885,0.3405007853421663,0.1740565135505484,0.7130759488732693,0.3168353236929803,0.19200211984926685,0.6666666666666666,0.6666666666666666,0.5,1.9375,0.0625,-0.09375,1.5849595497026252,0.10935141918873104,0.2777987505510022,8.96875,1.21875,2.59375,1.6555746492849057,0.0491359914799081,-0.32416140350336375,8.03125,1.15625,2.6875,0.28125,0.0,-0.125,1.8709677419354838,0.19354838709677402,-0.7419354838709677,0.7688172043010754,0.07526881720430112,-0.15860215053763427,0.25,0.03125,-0.15625,3.125,-0.1607142857142856,0.27884615384615374,0.875,-0.125,-0.04807692307692313,1.28173828125,-0.1220703125,0.41278666834677424,0.03125,0.0,0.03125,1.875,0.09375,-0.15625,1.497309414874216,0.20879000948502435,0.19014861572259312,6.9375,0.25,0.5625,1.7215428189328765,0.009394573919254467,-0.25819323385539295,6.0625,0.15625,0.71875,0.28125,0.0,-0.125,1.903225806451613,0.16129032258064524,-0.7096774193548385,0.7688172043010754,0.06989247311827962,-0.15860215053763427,0.25,0.03125,-0.15625,3.125,-0.1607142857142856,0.27884615384615374,0.875,-0.125,-0.04807692307692313,1.0650201612903225,0.13205645161290314,0.19606854838709675,0.0,0.0,0.0
GaPt09_01,pd,4,0.10426754096068654,0.02065332820235803,0.056894961559246324,0.9949999999999788,-0.0374999999999992,-0.02624999999999944,0.01927248223318822,-0.11108417138624319,-0.0017292183782244147,0.02142857142857097,-0.12714285714285445,0.0,0.046562019717971866,0.02411601146754722,-0.20295603425660386,0.1377610329149031,0.7483356088860735,-0.16207243917884323,0.30380015556327544,-0.09723665038545681,0.022123494607631078,0.025982661684530263,-0.11574982504607512,0.009404642300228347,0.01167790685774118,-0.09667422222216679,-0.010468116600185673,0.8887876691791469,0.5134526567719435,1.1698738505711876,0.809581633200981,1.4190364342241713,0.9514142646514387,1.020030894633581,0.0009453273865109857,0.01403160171252904,0.02141161724629873,-0.03493868584125709,-0.002751346363796838,0.019051153014461093,-0.03326654718154495,-0.015495481173194596,0.3875255948671502,0.07757341632446352,0.841209188781685,0.07984215860998496,0.6414510655450465,0.08746151986612576,1.3164300748051996,-0.13455575569965594,0.013896964473688156,0.027328658576979154,-0.21767606611813448,0.006185868017402393,0.016012424771888942,-0.19227436896728106,-0.017245227803704393,0.7609572287216205,0.39900877687888936,1.5058212517400964,0.7312701655551099,1.250814832939345,0.22986197523834695,0.5887168828181184,-0.28010473609776665,-0.10604822254721824,0.44153766211358875,-0.27153828675968056,-0.07953616691041371,0.3333333333333333,-0.3333333333333333,0.16666666666666666,2.03125,0.09375,0.0,1.575710285308123,-0.009249264394502132,0.2685494861565001,7.5,-1.46875,1.125,1.684847078348464,0.029272429063558203,-0.29488897443980555,6.46875,-1.5625,1.125,0.34375,0.0625,-0.0625,2.0,0.12903225806451624,-0.6129032258064515,0.8663594470046083,0.09754224270353296,-0.06105990783410131,0.3125,0.0625,-0.09375,2.6,-0.5249999999999999,-0.24615384615384617,0.9,0.025000000000000022,-0.023076923076923106,1.826171875,0.54443359375,0.9572202620967742,0.03125,0.0,0.03125,1.90625,0.03125,-0.125,1.3040724054705235,-0.1932370094036926,-0.003088393681099477,6.40625,-0.53125,0.03125,1.7935255423237613,0.07198272339088474,-0.1862105104645082,5.5,-0.5625,0.15625,0.34375,0.0625,-0.0625,2.096774193548387,0.19354838709677402,-0.5161290322580645,0.8709677419354839,0.10215053763440851,-0.056451612903225756,0.34375,0.09375,-0.0625,2.6363636363636362,-0.48863636363636376,-0.20979020979021,0.9090909090909091,0.03409090909090906,-0.013986013986014068,0.8528225806451613,-0.21219758064516125,-0.016129032258064502,0.0,0.0,0.0
GaPt09_01,pd,5,0.03013986106700705,0.026227506002081458,0.04122576349297671,0.9799999999999791,-0.01499999999999968,-0.04124999999999912,0.03464101615137681,0.015368533918188591,0.013639315539964177,0.03428571428571355,0.012857142857142581,0.012857142857142581,8.684816878088204e-18,-0.04656201971797186,-0.24951805397457572,0.2210478660256524,0.0832868331107493,-0.07878560606809393,0.30860064394770614,0.004800488384430701,0.02692398299206178,0.02378431187993603,-0.0021983498045942337,0.007206292495634113,0.028139193116151658,0.01646128625841048,0.005993169658224804,-0.29793616212466584,-1.1867238313038126,-0.016849980732625114,-0.27527652875973396,-1.084858161960715,-0.1334438973092762,1.0152583583531165,-0.004772536280464479,0.009259065432064562,0.023646726819598455,0.002235109573299726,-0.000516236790497112,0.025785552316164577,0.006734399301703484,-0.008761081871491112,-0.01120031618178921,-0.3987259110489394,0.44248327773274565,-0.4485894948961419,-0.5284316535061269,-0.44097013364000115,1.300750032417659,-0.015680042387540505,-0.001783077913852349,0.022723219087470495,-0.004605439489508659,0.001580428527893734,0.030318799772387623,0.01430637500049868,-0.0029388528032057125,-0.34669795366675,-1.1076551823883705,0.3981660693517259,-0.5256738323640647,-1.2569439979191745,-1.0270820226808277,0.6184628474025112,0.029745964584392826,-0.07630225796282541,0.46384713555188345,0.022309473438294702,-0.057226693472119006,0.6666666666666666,0.3333333333333333,0.5,1.90625,-0.125,-0.125,1.3995246888993098,-0.17618559640881326,0.09236388974768683,8.59375,1.09375,2.21875,1.5420843665469108,-0.1427627118015531,-0.43765168624135864,7.6875,1.21875,2.34375,0.3125,-0.03125,-0.09375,1.8064516129032258,-0.19354838709677424,-0.8064516129032258,0.8387096774193549,-0.027649769585253448,-0.08870967741935476,0.28125,-0.03125,-0.125,2.888888888888889,0.28888888888888875,0.04273504273504258,0.8888888888888888,-0.011111111111111183,-0.03418803418803429,1.1171875,-0.708984375,0.24823588709677424,0.03125,0.0,0.03125,1.84375,-0.0625,-0.1875,1.2978735710582958,-0.006198834412227683,-0.00928722809332716,6.5625,0.15625,0.1875,1.605183136974036,-0.18834240534972535,-0.37455291581423356,5.71875,0.21875,0.375,0.3125,-0.03125,-0.09375,1.8387096774193548,-0.25806451612903225,-0.7741935483870968,0.8387096774193549,-0.032258064516129004,-0.08870967741935476,0.28125,-0.0625,-0.125,2.888888888888889,0.2525252525252526,0.04273504273504258,0.8888888888888888,-0.02020202020202022,-0.03418803418803429,0.8951612903225806,0.04233870967741937,0.02620967741935487,0.0,0.0,0.0
GaPt09_01,pd,6,0.039832214488542295,0.03341654003094667,0.06265840776486833,0.986249999999979,0.006249999999999867,-0.034999999999999254,0.06653409437488066,0.031893078223503846,0.04553239376346802,0.06142857142857012,0.027142857142856566,0.03999999999999915,0.4219024540919903,0.4219024540919903,0.17238440011741457,-0.1472149476197155,-0.36826281364536795,-0.4470484197134619,0.3262358539734066,0.017635210025700454,0.04455919301776223,0.026814339882880844,0.003030028002944815,0.010236320498578928,0.023424484379202852,-0.0047147087369488055,0.0012784609212759986,0.17915704849413563,0.4770932106188015,0.4602432298861764,0.5170695358168387,0.7923460645765726,0.6589021672672964,0.9779776233037103,-0.03728073504940621,-0.02802166961734165,0.06623504768609235,0.0425883208664939,0.04207208407599679,0.07174062878330559,0.04595507646714101,0.0371939945956499,-0.23530081247066265,-0.22410049628887344,0.2183827814438722,0.23149088175542135,0.6800803766515633,0.23911024301156214,1.309039573170008,0.00828954075234889,0.006506462838496541,0.03997642405629349,0.01725320496882299,0.018833633496716726,0.04674956007354331,0.01643076030115569,0.013491907497949977,-0.025518024291038624,0.3211799293757114,0.7193459987274372,0.005115625311322372,0.5307894576753871,-0.4962925650054406,0.6496940984509405,0.031231251048429276,-0.04507100691439614,0.647114094337647,0.18326695878576355,0.12604026531364454,0.3333333333333333,-0.3333333333333333,0.16666666666666666,1.9375,0.03125,-0.09375,1.4797013648139472,0.0801766759146374,0.17254056566232423,8.4375,-0.15625,2.0625,1.758619326484237,0.21653495993732608,-0.22111672630403256,7.5,-0.1875,2.15625,0.3125,0.0,-0.09375,1.903225806451613,0.09677419354838723,-0.7096774193548385,0.8951612903225806,0.056451612903225756,-0.032258064516129004,0.28125,0.0,-0.125,3.0,0.11111111111111116,0.15384615384615374,1.0,0.11111111111111116,0.07692307692307687,1.3935546875,0.2763671875,0.5246030745967742,0.03125,0.0,0.03125,1.84375,0.0,-0.1875,1.2978735710582958,0.0,-0.00928722809332716,6.375,-0.1875,0.0,1.8447834036687378,0.2396002666947019,-0.13495264911953164,5.53125,-0.1875,0.1875,0.3125,0.0,-0.09375,1.967741935483871,0.12903225806451624,-0.6451612903225805,0.8951612903225806,0.056451612903225756,-0.032258064516129004,0.28125,0.0,-0.125,3.0,0.11111111111111116,0.15384615384615374,1.0,0.11111111111111116,0.07692307692307687,0.9223790322580645,0.027217741935483875,0.053427419354838745,0.0,0.0,0.0
GaPt09_01,pd,7,0.0968183245922074,0.08836662295874927,0.15642635759399257,1.1324999999999759,0.14624999999999688,0.11124999999999763,0.38339647513096786,0.3168623807560872,0.3623947745195552,0.32428571428570735,0.26285714285713724,0.3028571428571364,-0.1607820322670004,-0.5826844863589907,-0.4103000862415761,-0.19105616503044776,-0.04384121741073224,-0.4908896371241941,0.40282228708655976,0.07658643311315316,0.1211456261309154,0.2577176129980625,0.23090327311518166,0.24113959361376058,0.21639488467869308,0.19297040029949022,0.19424886122076623,-0.11332962101963988,-0.2924866695137755,0.16775656037240083,-0.21414786703395539,-0.7312174028507941,-0.07231523558349762,1.0798230799841626,0.1018454566804523,0.07382378706311066,0.14426890787563393,0.07803386018954157,0.12010594426553836,0.1284411464823836,0.056700517699078024,0.09389451229472792,0.05721075169380446,0.2925115641644671,0.5108943456083392,-0.4414467022825941,-0.6729375840380154,-0.4338273410264533,1.415068009006164,0.10602843583615607,0.1125348986746526,0.2044398231721757,0.16446339911588223,0.18329703261259894,0.16410275450386339,0.11735319443032008,0.13084510192827004,0.3018214173650705,0.3273394416561091,1.0466854403835464,-0.43280475006121344,-0.4379203753725358,-0.9342129403779764,0.649112932062518,-0.0005811663884225382,-0.04565217330281868,0.5752745427518161,-0.07183955158583089,0.054200713727813654,0.3333333333333333,0.0,0.16666666666666666,2.125,0.1875,0.09375,1.4535828926505883,-0.02611847216335894,0.1464220934989653,9.40625,0.96875,3.03125,1.9486864889607216,0.1900671624764847,-0.031049563827547866,8.28125,0.78125,2.9375,0.40625,0.09375,0.0,2.4516129032258065,0.5483870967741935,-0.16129032258064502,0.9032258064516129,0.008064516129032251,-0.024193548387096753,0.375,0.09375,-0.03125,2.8333333333333335,-0.16666666666666652,-0.012820512820512775,0.8333333333333334,-0.16666666666666663,-0.08974358974358976,1.147705078125,-0.245849609375,0.27875346522177424,0.03125,0.0,0.03125,2.0625,0.21875,0.03125,1.3663584756098845,0.06848490455158873,0.05919767645826157,6.375,0.0,0.0,1.9959636689433842,0.15118026527464634,0.0162276161551147,5.3125,-0.21875,-0.03125,0.40625,0.09375,0.0,2.4838709677419355,0.5161290322580645,-0.12903225806451601,0.9032258064516129,0.008064516129032251,-0.024193548387096753,0.375,0.09375,-0.03125,2.8333333333333335,-0.16666666666666652,-0.012820512820512775,0.8333333333333334,-0.16666666666666663,-0.08974358974358976,0.9266633064516129,0.004284274193548376,0.05771169354838712,0.0,0.0,0.0
GaPt12_01,pd,1,0.04411608853340206,0.04411608853340206,0.032434019506117226,1.0012499999999787,0.019999999999999574,0.019999999999999574,0.018850918886280526,-0.038827376115267265,-0.038827376115267265,0.02285714285714237,-0.03857142857142774,-0.03857142857142774,-0.0645335910551972,0.24538586086335584,0.24538586086335584,-0.7744030926623663,-0.5604599807377678,-0.5604599807377678,0.30704566464839567,-0.01753002040063356,-0.01753002040063356,0.011847399860889871,-0.01628283687146443,-0.01628283687146443,0.012313402531059543,-0.013942831073161728,-0.013942831073161728,-0.17853041837217692,-0.6611158934981416,-0.6611158934981416,0.3958398644513167,0.0845953173674584,0.0845953173674584,1.003764628264448,-0.03153088940949145,-0.03153088940949145,0.01056442965865049,-0.0664901802486237,-0.0664901802486237,0.016974773760316402,-0.05411461424871687,-0.05411461424871687,-0.5458947275619938,-0.509455679362183,-0.509455679362183,-0.0969475687922269,0.20469507802287165,0.20469507802287165,1.2885023667694135,-0.03307059431803716,-0.03307059431803716,0.01768216145792456,-0.0777411828658991,-0.0777411828658991,0.01989088704788847,-0.0637590218757237,-0.0637590218757237,-0.24469606406510136,-0.26568532623021845,-0.26568532623021845,-0.7579899369448605,0.08624371510244822,0.08624371510244822,0.6184628474025112,-0.03065008466000685,-0.03065008466000685,0.46384713555188345,-0.11142740719993266,-0.11142740719993266,0.16666666666666666,-0.16666666666666666,-0.16666666666666666,2.21875,0.1875,0.1875,1.3850439611050431,0.07788316195342015,0.07788316195342015,7.15625,1.03125,1.03125,1.8335471527316451,0.0063335151349477314,0.0063335151349477314,5.9375,0.84375,0.84375,0.46875,0.0625,0.0625,2.6451612903225805,0.35483870967741904,0.35483870967741904,0.9354838709677419,0.01881720430107514,0.01881720430107514,0.4375,0.09375,0.09375,2.7857142857142856,-0.12337662337662358,-0.12337662337662358,1.0,0.0,0.0,1.01318359375,0.12003843245967738,0.12003843245967738,0.03125,0.03125,0.03125,2.15625,0.125,0.125,1.2978735710582958,-0.00928722809332716,-0.00928722809332716,6.125,0.0,0.0,1.87943024997368,0.052216612376982496,0.052216612376982496,4.96875,-0.125,-0.125,0.46875,0.0625,0.0625,2.6774193548387095,0.38709677419354804,0.38709677419354804,0.9354838709677419,0.01881720430107514,0.01881720430107514,0.4375,0.09375,0.09375,2.7857142857142856,-0.12337662337662358,-0.12337662337662358,1.0,0.0,0.0,0.7878024193548387,-0.10534274193548387,-0.10534274193548387,0.0,0.0,0.0
GaPt12_01,pd,2,0.08054128035147663,0.05432041650509172,0.13002488879634164,1.1049999999999764,0.10374999999999779,0.12374999999999736,0.2978494346381775,0.27899851575189694,0.2401711396366297,0.25142857142856606,0.22857142857142368,0.18999999999999595,-0.1281077084945716,-0.0635741174393744,0.18181174342398143,-0.19191505324222327,0.582488039420143,0.022028058682375173,0.31856797185512814,0.011522307206732474,-0.0060077131939010875,0.03334385394736207,0.0214964540864722,0.005213617215007769,0.0489816454981171,0.036668242967057556,0.02272541189389583,-0.6840843340443203,-0.5055539156721434,-1.166669809170285,0.6025344989397383,0.20669463448842162,0.29128995185588,0.9448103776945047,-0.05895425056994319,-0.09048513997943464,0.1887756216605193,0.17821119200186883,0.11172101175324511,0.16067066141845024,0.14369588765813385,0.08958127340941696,-0.18055137949130753,0.36534334807068625,-0.14411233129149675,-0.21244644806378735,-0.11549887927156044,0.08919619875131121,1.34077644178077,0.05227407501135639,0.01920348069331923,0.1050090915780502,0.08732693012012564,0.009585747254226548,0.08780083727415179,0.06790995022626332,0.004150928350539623,0.07651624214592515,0.3212123062110265,0.05552697998080805,-0.21058436226418795,0.5474055746806725,0.6336492897831207,0.5862056402155622,-0.03225720718694902,-0.06290729184695587,0.4868346990468885,0.022987563495005026,-0.08843984370492763,0.3333333333333333,0.16666666666666666,0.0,2.15625,-0.0625,0.125,1.526314874714321,0.1412709136092778,0.21915407556269795,7.53125,0.375,1.40625,1.9997479679909345,0.16620081525928931,0.17253433039423705,6.375,0.4375,1.28125,0.40625,-0.0625,0.0,2.2580645161290325,-0.38709677419354804,-0.032258064516129004,0.8241935483870968,-0.11129032258064508,-0.09247311827956994,0.34375,-0.09375,0.0,3.0,0.2142857142857144,0.09090909090909083,0.9090909090909091,-0.09090909090909094,-0.09090909090909094,1.323974609375,0.310791015625,0.4308294480846774,0.03125,0.0,0.03125,2.0625,-0.09375,0.03125,1.3663584756098845,0.06848490455158873,0.05919767645826157,6.46875,0.34375,0.34375,2.078839238768876,0.1994089887951962,0.2516256011721787,5.40625,0.4375,0.3125,0.40625,-0.0625,0.0,2.3225806451612905,-0.35483870967741904,0.032258064516129004,0.8241935483870968,-0.11129032258064508,-0.09247311827956994,0.34375,-0.09375,0.0,3.0,0.2142857142857144,0.09090909090909083,0.9090909090909091,-0.09090909090909094,-0.09090909090909094,0.850554435483871,0.06275201612903225,-0.042590725806451624,0.0,0.0,0.0
GaPt12_01,pd,3,0.06873316901831873,0.03217847581626279,0.03166935911234495,0.9962499999999788,-0.10874999999999768,0.01499999999999968,0.016850180160121714,-0.28099925447805574,-0.04082811484142607,0.019999999999999574,-0.2314285714285665,-0.041428571428570544,-0.06858790764609182,0.05951980084847977,0.2413315442724612,-0.3268228676411533,-0.13490781439893004,-0.11287975571655487,0.3161572731542037,-0.0024106987009244185,-0.008418411894825506,0.016227624106978953,-0.017116229840383117,-0.011902612625375349,0.02290241936339349,-0.02607922613472361,-0.0033538142408277814,-0.3932653901013151,0.2908189439430052,-0.8758508652272798,0.02959862322843635,-0.572935875711302,-0.2816459238554219,1.0112401402359765,0.06642976254147182,-0.02405537743796282,0.006326167113224406,-0.18244945454729491,-0.07072844279404979,0.0058297611793580095,-0.15484090023909222,-0.06525962682967527,-0.05652027360335954,0.124031105887948,-0.020081225403548758,-0.41111943649481714,-0.1986729884310298,-0.10947678967971858,1.297265602459059,-0.04351083932171096,-0.02430735862839173,0.015771670700633632,-0.08923742087741657,-0.07965167362319002,0.018026827719590837,-0.06977400955456095,-0.06562308120402133,0.02024394639421149,-0.05627229575171366,-0.0007453157709056031,-0.8106998898101205,-0.6001155275459326,0.03353376223718818,0.5283208335737187,-0.05788480664184348,-0.12079209848879935,0.396240625180289,-0.09059407386659946,-0.1790339175715271,0.3333333333333333,0.0,0.0,2.15625,0.0,0.125,1.393750452046795,-0.132564422667526,0.08658965289517195,8.34375,0.8125,2.21875,1.8770150462558812,-0.12273292173505324,0.04980140865918381,7.1875,0.8125,2.09375,0.4375,0.03125,0.03125,2.838709677419355,0.5806451612903225,0.5483870967741935,0.967741935483871,0.1435483870967742,0.051075268817204256,0.40625,0.0625,0.0625,3.230769230769231,0.23076923076923084,0.32167832167832167,1.0,0.09090909090909094,0.0,1.1025390625,-0.221435546875,0.20939390120967738,0.03125,0.0,0.03125,2.09375,0.03125,0.0625,1.3040724054705235,-0.06228607013936105,-0.003088393681099477,6.3125,-0.15625,0.1875,1.9250052366916621,-0.15383400207721398,0.09779159909496471,5.21875,-0.1875,0.125,0.4375,0.03125,0.03125,2.870967741935484,0.5483870967741935,0.5806451612903225,0.967741935483871,0.1435483870967742,0.051075268817204256,0.40625,0.0625,0.0625,3.230769230769231,0.23076923076923084,0.32167832167832167,1.0,0.09090909090909094,0.0,0.8800403225806451,0.029485887096774133,-0.013104838709677491,0.0,0.0,0.0
GaPt12_01,pd,4,0.022474831819452413,0.03237221110975849,0.0484608429982132,1.0149999999999784,0.0187499999999996,0.03374999999999928,0.030237157840737536,0.013386977680615822,-0.02744113716081025,0.014285714285713982,-0.005714285714285592,-0.04714285714285614,0.8326559831882806,0.9012438908343724,1.1425754351068336,0.517820365604215,0.8446432332453683,0.7317634775288134,0.32953355868450207,0.013376285530298349,0.0049578736354728425,0.02631507109825013,0.010087446991271176,-0.0018151656341041725,0.02437408054658729,0.0014716611831937995,-0.001882153057633982,0.1809623534414248,0.5742277435427399,-0.30162312168453986,0.2442971868132591,0.21469856358482275,-0.0669473602705992,0.9926144927998028,-0.018625647436173676,-0.0426810248741365,0.015577831359932067,0.009251664246707661,-0.061476778547342126,0.022456201224010246,0.016626440044652236,-0.04863318678502303,-0.4238744759519862,-0.36735420234862665,-0.38743542775217543,0.15819015993632438,0.5693095964311415,0.4598328067514229,1.2977684033546568,0.0005028008955978436,-0.023804557732793885,0.03411871114398349,0.018347040443349855,-0.06130463317984017,0.0384881118111769,0.020461284091586065,-0.045161797112435266,-0.2524829991033151,-0.27272694549752663,-0.2734722612684322,-0.6970465259795213,0.11365336383059921,0.1471871260677874,0.634369056120937,0.10604822254721824,-0.014743875941581108,0.5210738290240025,0.12483320384371344,-0.054200713727813654,0.3333333333333333,0.0,0.0,2.03125,-0.125,0.0,1.575710285308123,0.18195983326132814,0.2685494861565001,7.8125,-0.53125,1.6875,1.9081742667424442,0.031159220486562944,0.08096062914574675,6.78125,-0.40625,1.6875,0.34375,-0.09375,-0.0625,2.3870967741935485,-0.4516129032258065,0.09677419354838701,0.8986175115207373,-0.06912442396313367,-0.01804915514592942,0.28125,-0.125,-0.0625,3.5555555555555554,0.3247863247863245,0.6464646464646462,1.0,0.0,0.0,1.83447265625,0.73193359375,0.9413274949596774,0.03125,0.0,0.03125,1.90625,-0.1875,-0.125,1.3040724054705235,0.0,-0.003088393681099477,6.71875,0.40625,0.59375,2.019811153740417,0.09480591704875496,0.19259751614371967,5.8125,0.59375,0.71875,0.34375,-0.09375,-0.0625,2.4193548387096775,-0.4516129032258065,0.12903225806451601,0.9032258064516129,-0.06451612903225812,-0.013440860215053863,0.3125,-0.09375,-0.03125,3.4,0.16923076923076907,0.49090909090909074,1.0,0.0,0.0,0.8613911290322581,-0.01864919354838701,-0.0317540322580645,0.0,0.0,0.0
GaPt12_01,pd,5,0.027881975307607092,0.03451047048491535,0.0760291312668987,1.0037499999999786,-0.01124999999999976,0.02249999999999952,0.05370222128951881,0.023465063448781277,-0.003976073712028974,0.05142857142857033,0.03714285714285635,-0.009999999999999787,-0.14395723049060896,-0.9766132136788895,0.16596222142794406,-0.4374999999999999,-0.9553203656042148,-0.22355688807540144,0.34455747973633,0.015023921051827926,0.01998179468730077,0.09256609311340974,0.06625102201515962,0.06443585638105544,0.08613652716957756,0.061762446622990276,0.05988029356535629,0.09781289532369775,-0.08314945811772706,-0.3847725798022669,-0.34978019186354037,-0.5940773786767994,-0.6610247389473987,0.9933194625731763,0.0007049697733734206,-0.04197605510076308,0.02463470827868866,0.009056876918756594,-0.052419901628585536,0.02305992599698576,0.0006037247729755134,-0.04802946201204752,-0.40636130381340924,0.01751317213857695,-0.3699222556135985,0.17620275992595844,0.01801259998963406,0.477845406741057,1.3536185760171595,0.055850172662502695,0.03204561492970881,0.1630259588949609,0.12890724775097742,0.06760261457113725,0.07421886503519157,0.035730753224014665,-0.009431043888420601,0.9337784042076697,1.1862614033109848,0.9127891420425526,0.8298024008174684,1.5268489267969896,1.674036052864777,0.7551611546097363,0.12079209848879935,0.10604822254721824,0.5663708659573022,0.045297036933299784,-0.00890367679451387,0.0,-0.3333333333333333,-0.3333333333333333,2.125,0.09375,0.09375,1.3619246343602935,-0.21378565094782953,0.054763835208670564,8.09375,0.28125,1.96875,1.9068530907433376,-0.0013211759991065275,0.07963945314664023,6.96875,0.1875,1.875,0.4375,0.09375,0.03125,2.6129032258064515,0.22580645161290303,0.32258064516129004,0.989247311827957,0.09062980030721968,0.07258064516129026,0.40625,0.125,0.0625,2.923076923076923,-0.6324786324786325,0.013986013986013734,0.9230769230769231,-0.07692307692307687,-0.07692307692307687,1.12451171875,-0.7099609375,0.23136655745967738,0.03125,0.0,0.03125,2.0625,0.15625,0.03125,1.2684127749837335,-0.035659630486789995,-0.03874802416788947,6.0625,-0.65625,-0.0625,1.9499793216438757,-0.06983183209654142,0.12276568404717825,5.0,-0.8125,-0.09375,0.4375,0.09375,0.03125,2.6451612903225805,0.22580645161290303,0.35483870967741904,0.989247311827957,0.08602150537634412,0.07258064516129026,0.40625,0.09375,0.0625,2.923076923076923,-0.476923076923077,0.013986013986013734,0.9230769230769231,-0.07692307692307687,-0.07692307692307687,0.9027217741935484,0.04133064516129026,0.009576612903225756,0.0,0.0,0.0
GaPt12_01,pd,6,0.03538522835618879,0.03486654618009879,0.029410535268872075,0.9912499999999789,-0.012499999999999734,0.009999999999999787,0.012464234547581984,-0.04123798674193683,-0.0452140604539658,0.017142857142856776,-0.03428571428571356,-0.044285714285713346,-0.47368421052631576,-0.3297269800357068,-0.16376475860776274,-0.20701966780270625,0.23048033219729364,0.006923444121892192,0.31269067649453774,-0.03186680324179225,-0.011885008554491483,0.013589918138772444,-0.0789761749746373,-0.014540318593581857,0.013702106587683813,-0.07243442058189375,-0.012554127016537457,0.06757058241269574,-0.030242312911002003,-0.4150148927132689,-0.15341625574722642,0.19636393611631395,-0.4646608028310847,1.0139425023398616,0.020623039766685336,-0.02135301533407774,0.014333981589571181,-0.01030072668911748,-0.06272062831770302,0.017610579548532197,-0.005449346448453563,-0.053478808460501084,-0.41232303033677736,-0.005961726523368127,-0.3758839821369666,-0.17822987887457648,-0.3544326388005349,0.12341276794052208,1.2914280811628398,-0.06219049485431971,-0.0301448799246109,0.018680772115787767,-0.14434518677917313,-0.07674257220803589,0.025337821450084026,-0.048881043585107545,-0.058312087473528146,-0.20218326771177145,-1.1359616719194412,-0.22317252987688854,-0.62562017645907,-1.4554225772765383,0.21861347558823874,0.5887168828181184,-0.16644427179161791,-0.060396049244399674,0.44153766211358875,-0.12483320384371349,-0.13373688063822736,0.3333333333333333,0.3333333333333333,0.0,2.0625,-0.0625,0.03125,1.4797013648139472,0.11777673045365367,0.17254056566232423,8.34375,0.25,2.21875,1.7153834331077833,-0.19146965763555435,-0.11183020448891412,7.28125,0.3125,2.1875,0.375,-0.0625,-0.03125,2.129032258064516,-0.4838709677419355,-0.16129032258064546,0.9489247311827957,-0.040322580645161255,0.032258064516129004,0.34375,-0.0625,0.0,2.8181818181818183,-0.10489510489510456,-0.09090909090909083,0.9090909090909091,-0.013986013986014068,-0.09090909090909094,1.384765625,0.26025390625,0.4916204637096774,0.03125,0.0,0.03125,1.96875,-0.09375,-0.0625,1.307160799151623,0.03874802416788947,0.0,6.28125,0.21875,0.15625,1.8002575980550224,-0.14972172358885327,-0.026956039541675025,5.3125,0.3125,0.21875,0.375,-0.0625,-0.03125,2.193548387096774,-0.4516129032258065,-0.09677419354838745,0.9489247311827957,-0.040322580645161255,0.032258064516129004,0.34375,-0.0625,0.0,2.8181818181818183,-0.10489510489510456,-0.09090909090909083,0.9090909090909091,-0.013986013986014068,-0.09090909090909094,0.9133064516129032,0.010584677419354871,0.020161290322580627,0.0,0.0,0.0
GaPt12_01,pd,7,0.04799214182052192,0.04477959461649253,0.05769222059216658,0.987499999999979,-0.00374999999999992,0.006249999999999867,0.03284161123592115,0.020377376688339166,-0.024836683765626637,0.02999999999999936,0.012857142857142585,-0.03142857142857076,0.23096744271857797,0.7046516532448938,0.540886894637131,-0.9586167805235447,-0.7515971127208385,-0.7446736685989462,0.3689235377334745,0.05623286123893678,0.0443478526844453,0.06273463424009922,0.04914471610132677,0.03460439750774491,0.03823496091537328,0.02453285432768947,0.011978727311152012,0.4961264185854666,0.4285558361727708,0.013540943459501908,0.771552435466628,0.9249686912138544,0.4603078883827697,1.0022166785214763,-0.011725823818385273,-0.03307883915246301,0.027692633237013705,0.013358651647442524,-0.04936197667026049,0.02203577013657822,0.004425190588046024,-0.04905361787245506,0.22642742402434116,0.6387504543611185,0.26286647222415194,-0.5607291798238564,-0.3824993009492799,-0.25908653300875784,1.3217751663494803,0.030347085186640532,0.00020220526202963107,0.028464269054552137,0.009783496938764371,-0.06695907526927151,0.02000932824578364,-0.005328493204300386,-0.06364058067782853,0.3503637725184113,0.5525470402301828,0.3293745103532942,0.04861552774259681,0.6742357042016668,0.8928491797899055,0.6788588966469109,0.0901420138287925,0.029745964584392826,0.5975840161901109,0.15604635407652218,0.022309473438294813,0.3333333333333333,0.0,0.0,1.96875,-0.09375,-0.0625,1.3556185351724968,-0.12408282964145045,0.048457736020873776,9.4375,1.09375,3.3125,2.046830752415123,0.3314473193073397,0.2196171148184256,8.46875,1.1875,3.375,0.375,0.0,-0.03125,2.129032258064516,0.0,-0.16129032258064546,0.7983870967741935,-0.15053763440860224,-0.11827956989247324,0.3125,-0.03125,-0.03125,3.0,0.18181818181818166,0.09090909090909083,0.9,-0.009090909090909038,-0.09999999999999998,1.14306640625,-0.24169921875,0.24992124495967738,0.03125,0.0,0.03125,1.90625,-0.0625,-0.125,1.253623779546783,-0.05353701960483992,-0.05353701960483992,6.40625,0.125,0.28125,2.0923728619795248,0.2921152639245024,0.26515922438282735,5.5,0.1875,0.40625,0.375,0.0,-0.03125,2.161290322580645,-0.032258064516129004,-0.12903225806451646,0.7983870967741935,-0.15053763440860224,-0.11827956989247324,0.3125,-0.03125,-0.03125,3.0,0.18181818181818166,0.09090909090909083,0.9,-0.009090909090909038,-0.09999999999999998,0.921875,0.008568548387096753,0.02872983870967738,0.0,0.0,0.0
GaPt13_01,pd,1,0.01404450752802539,0.01404450752802539,0.043249738084811015,0.9562499999999796,-0.03999999999999915,-0.03999999999999915,0.02722262714308443,0.0016226829467172223,0.0016226829467172223,0.019999999999999574,0.004285714285714195,0.004285714285714195,0.4678463512023294,-0.14887710877544413,-0.14887710877544413,-0.08455857861606322,-0.8257442659953903,-0.8257442659953903,0.40007636990457773,0.011122062409387068,0.011122062409387068,0.027216926679073217,0.01664078828717486,0.01664078828717486,0.03579375958836416,0.02274756677446202,0.02274756677446202,-0.541469666990996,0.35735743242840357,0.35735743242840357,-0.2786847409969457,-1.139348799216175,-1.139348799216175,1.0346443382877775,-0.006301840102690193,-0.006301840102690193,0.03125239804877649,0.0004747107416476111,0.0004747107416476111,0.03777545001054811,-0.008831207564470818,-0.008831207564470818,-0.12684332000206913,0.35506977496339487,0.35506977496339487,-0.15079115837253884,-0.6957751412158751,-0.6957751412158751,1.40390402604866,0.001251237531271876,0.001251237531271876,0.016071383110502723,-0.008257225890622336,-0.008257225890622336,0.019248986521603513,-0.009779246984537693,-0.009779246984537693,-0.5697938544428485,-0.2941888217155997,-0.2941888217155997,-0.2241832662498722,0.536031727371333,0.536031727371333,0.5887168828181184,0.060396049244399674,0.060396049244399674,0.44153766211358875,-0.06760651037159443,-0.06760651037159443,0.16666666666666666,0.0,0.0,1.90625,0.0625,0.0625,1.3995246888993098,0.101651117841014,0.101651117841014,7.34375,0.8125,0.8125,1.5985754747233853,-0.4011724932675491,-0.4011724932675491,6.4375,0.75,0.75,0.3125,0.0,0.0,1.7419354838709677,-0.25806451612903225,-0.25806451612903225,0.7919354838709678,-0.07096774193548383,-0.07096774193548383,0.28125,0.0,0.0,2.7777777777777777,-0.11111111111111116,-0.11111111111111116,1.0,0.2222222222222222,0.2222222222222222,1.1083984375,0.1557774697580645,0.1557774697580645,0.03125,0.03125,0.03125,1.84375,0.0,0.0,1.2978735710582958,0.0,0.0,6.3125,-0.21875,-0.21875,1.6546610607029015,-0.34508690728803293,-0.34508690728803293,5.46875,-0.21875,-0.21875,0.3125,0.0,0.0,1.7741935483870968,-0.22580645161290325,-0.22580645161290325,0.7983870967741935,-0.06451612903225812,-0.06451612903225812,0.28125,0.0,0.0,2.7777777777777777,-0.11111111111111116,-0.11111111111111116,1.0,0.2222222222222222,0.2222222222222222,0.8860887096774194,-0.06653225806451613,-0.06653225806451613,0.0,0.0,0.0
GaPt13_01,pd,2,0.030094349998388302,0.030989798040451873,0.04399302037062583,0.9499999999999797,-0.006249999999999867,-0.046249999999999014,0.025634797778465685,-0.0015878293646187439,3.4853582098478414e-05,0.03714285714285635,0.01714285714285678,0.021428571428570974,-0.6620689655172414,-1.1299153167195708,-1.278792425495015,0.15806120471843169,0.2426197833344949,-0.5831244826608954,0.4160222721856049,0.015945902281027158,0.027067964690414226,0.017550872286608767,-0.00966605439246445,0.00697473389471041,0.023685762693554054,-0.012107996894810104,0.010639569879651914,-0.308822429483953,0.23264723750704297,0.5900046699354465,0.5501789472555685,0.8288636882525142,-0.31048511096366094,1.028790184762461,-0.005854153525316486,-0.012155993628006678,0.026533315365149853,-0.004719082683626637,-0.004244371941979026,0.03000675444797052,-0.007768695562577595,-0.016599903127048413,-0.1414733938058777,-0.014630073803808569,0.34043970115958627,0.7534262601423057,0.9042174185148446,0.20844227729896947,1.4372925775494396,0.033388551500779684,0.03463978903205156,0.031062534658384235,0.014991151547881512,0.006733925657259176,0.04370647355055917,0.024457487028955657,0.014678240044417964,-0.6408685856322036,-0.07107473118935514,-0.3652635529049548,0.16720920079446921,0.3913924670443414,0.9274241944156744,0.5283208335737187,-0.060396049244399674,0.0,0.396240625180289,-0.04529703693329973,-0.11290354730489416,0.3333333333333333,0.16666666666666666,0.16666666666666666,2.03125,0.125,0.1875,1.4697898686766473,0.07026517977733748,0.17191629761835148,7.21875,-0.125,0.6875,1.9466161707252492,0.3480406960018638,-0.05313179726568529,6.1875,-0.25,0.5,0.375,0.0625,0.0625,2.032258064516129,0.29032258064516125,0.032258064516129004,0.8413978494623656,0.04946236559139783,-0.021505376344086002,0.3125,0.03125,0.03125,2.7,-0.0777777777777775,-0.18888888888888866,0.9,-0.09999999999999998,0.12222222222222223,1.36279296875,0.25439453125,0.4101720010080645,0.03125,0.0,0.03125,1.9375,0.09375,0.09375,1.293594641599212,-0.004278929459083924,-0.004278929459083924,6.15625,-0.15625,-0.375,2.0178138121851483,0.3631527514822468,0.018065844194213865,5.21875,-0.25,-0.46875,0.375,0.0625,0.0625,2.096774193548387,0.32258064516129026,0.09677419354838701,0.8467741935483871,0.048387096774193616,-0.016129032258064502,0.34375,0.0625,0.0625,2.6363636363636362,-0.14141414141414144,-0.2525252525252526,0.9090909090909091,-0.09090909090909094,0.13131313131313127,0.890625,0.004536290322580627,-0.0619959677419355,0.0,0.0,0.0
GaPt13_01,pd,3,0.02057006979338999,0.04596123315778737,0.035442300481012726,0.9787499999999791,0.028749999999999387,-0.017499999999999627,0.016420805617960575,-0.00921399216050511,-0.009179138578406631,0.02142857142857097,-0.015714285714285382,0.005714285714285592,-0.3535533905932738,0.3085155749239676,-0.9702768505710473,0.5952291104443193,0.4371679057258876,-0.14595657693500785,0.431778695928132,0.015756423742527115,0.04282438843294134,0.018532655842133355,0.000981783555524588,0.007956517450234998,0.025014065776686602,0.0013283030831325489,0.011967872962784462,-0.28883569286109195,0.019986736622861045,0.6099914065583076,0.15849495352104884,-0.3916839937345197,-0.7021691046981806,1.0191825986774297,-0.009607586085031317,-0.021763579713037995,0.03828756386397403,0.011754248498824175,0.0075098765568451485,0.03343745882951042,0.0034307043815399035,-0.013169198745508509,0.24403140639913876,0.38550480020501643,0.7259445013646028,-0.27112120195610534,-1.0245474620984112,-0.8161051847994416,1.4482727991515585,0.010980221602118867,0.04562001063417043,0.022530156304294773,-0.008532378354089463,-0.001798452696830287,0.018052072047775543,-0.025654401502783628,-0.010976161458365663,0.387001507752572,1.0278700933847755,0.6626065404798208,-0.6825864727598824,-0.8497956735543516,0.07762852086132277,0.634369056120937,0.10604822254721824,0.10604822254721824,0.4757767920907027,0.07953616691041371,-0.03336738039448045,0.3333333333333333,0.0,0.16666666666666666,1.84375,-0.1875,0.0,1.393750452046795,-0.07603941662985236,0.09587688098849911,8.75,1.53125,2.21875,1.7597653802562394,-0.18685079046900976,-0.23998258773469505,7.90625,1.71875,2.21875,0.28125,-0.09375,-0.03125,1.903225806451613,-0.12903225806451601,-0.09677419354838701,0.7419354838709677,-0.09946236559139787,-0.12096774193548387,0.25,-0.0625,-0.03125,3.25,0.5499999999999998,0.36111111111111116,1.0,0.09999999999999998,0.2222222222222222,1.169921875,-0.19287109375,0.2173009072580645,0.03125,0.0,0.03125,1.78125,-0.15625,-0.0625,1.2885194053891917,-0.005075236210020151,-0.009354165669104075,6.71875,0.5625,0.1875,1.8180878824707833,-0.19972592971436498,-0.18166008552015112,5.9375,0.71875,0.25,0.28125,-0.09375,-0.03125,1.935483870967742,-0.16129032258064502,-0.06451612903225801,0.7419354838709677,-0.10483870967741937,-0.12096774193548387,0.25,-0.09375,-0.03125,3.25,0.6136363636363638,0.36111111111111116,1.0,0.09090909090909094,0.2222222222222222,0.9495967741935484,0.058971774193548376,-0.003024193548387122,0.0,0.0,0.0
GaPt13_01,pd,4,0.13533201413335202,0.17022263221030565,0.10596265630315635,0.8787499999999813,-0.09999999999999787,-0.1174999999999975,0.12699128204048113,0.11057047642252055,0.10139133784411392,0.12571428571428303,0.10428571428571207,0.10999999999999766,0.3192750845501878,0.6728284751434617,-0.29744837542758573,-0.49173723989432455,-1.0869663503386437,-1.2329229272736517,0.5867135119479916,0.1549348160198596,0.19775920445280093,0.12904147224487578,0.11050881640274242,0.11846533385297742,0.11238155239907195,0.08736748662238535,0.09933535958516981,0.42697385690707557,0.7158095497681676,1.325800956326475,-0.30450129615622307,-0.46299624967727193,-1.1651653543754525,1.071863456060143,0.05268085738271333,0.030917277669675336,0.07089079025814278,0.03260322639416875,0.040113102951013904,0.08818912489010068,0.05475166606059026,0.04158246731508175,-0.18264836577809904,-0.4266797721772378,0.2992647291873649,-0.25548742331632274,0.015633778639782603,-0.800471406159659,1.6948740049065063,0.24660120575494782,0.29222121638911824,0.21512819498179592,0.19259803867750114,0.19079958598067087,0.1564915010081324,0.13843942896035685,0.1274632675019912,0.5134785757216261,0.1264770679690541,0.7890836084488749,-0.4559472419088221,0.2266392308510603,0.30426775171238307,0.8511696182658929,0.2168005621449559,0.32284878469217415,0.7591441724851832,0.28336738039448045,0.25,0.0,-0.3333333333333333,-0.16666666666666666,2.1875,0.34375,0.34375,1.891193512897558,0.4974430608507632,0.5933199418392623,7.75,-1.0,1.21875,1.524001524002286,-0.23576385625395346,-0.4757464439886485,6.5625,-1.34375,0.875,0.34375,0.0625,0.03125,1.5806451612903225,-0.3225806451612905,-0.4193548387096775,0.7531490015360983,0.011213517665130568,-0.1097542242703533,0.25,0.0,-0.03125,2.875,-0.375,-0.01388888888888884,0.75,-0.25,-0.02777777777777779,1.96337890625,0.79345703125,1.0107579385080645,0.03125,0.0,0.03125,2.0625,0.28125,0.21875,1.6836500287633527,0.39513062337416094,0.38577645770505686,6.65625,-0.0625,0.125,1.6580084244309108,-0.16007945803987256,-0.3417395435600237,5.59375,-0.34375,-0.09375,0.34375,0.0625,0.03125,1.6774193548387097,-0.25806451612903225,-0.32258064516129026,0.7577572964669739,0.015821812596006124,-0.10514592933947775,0.25,0.0,-0.03125,2.875,-0.375,-0.01388888888888884,0.75,-0.25,-0.02777777777777779,0.9944556451612904,0.04485887096774199,0.04183467741935487,0.0,0.0,0.0
GaPt13_01,pd,5,0.14439221482284098,0.03925369939874209,0.030375585994823116,0.9674999999999794,0.08874999999999811,-0.028749999999999387,0.019086270308410147,-0.10790501173207098,-0.00651367388795706,0.01571428571428538,-0.10999999999999766,0.0,0.2327200192293235,-0.08655506532086432,-0.38400344074845005,0.4156921938165306,0.9074294337108552,-0.3254934935627965,0.4108910694072945,-0.17582244254069712,0.021936761912103808,0.012064936577167255,-0.11697653566770852,0.0014887981852688987,0.013527190583232738,-0.09885436181583922,0.00048099776933059786,-0.012917239272904706,-0.4398910961799803,0.8859098601464949,-0.6661462934955297,-0.3616449973393066,-1.526810351714759,1.0359342144922987,-0.03592924156784427,-0.005011963898168936,0.038587329955582825,-0.032303460302559955,0.007809642648453945,0.04267776004285907,-0.04551136484724161,-0.0039288975321598585,0.20608059795577274,0.3887289637338718,0.6879936929212367,-0.4137636489099617,-0.15827622559363896,-0.9587476317532979,1.431465467292538,-0.2634085376139683,0.028812678775149925,0.020793385785228623,-0.1943348091965673,-0.0035352232158964367,0.02468716438149197,-0.13180433662664043,-0.004341069124649235,-0.12992078949943797,-0.6433993652210641,0.14568424322781082,0.0006032245475429316,0.456550466456365,0.7608182181687481,0.5887168828181184,-0.2624527354477745,0.060396049244399674,0.44153766211358875,-0.31760651037159443,-0.06760651037159443,0.3333333333333333,0.3333333333333333,0.16666666666666666,1.84375,-0.34375,0.0,1.393750452046795,-0.4974430608507632,0.09587688098849911,8.59375,0.84375,2.0625,1.5420843665469108,0.01808284254462489,-0.4576636014440236,7.75,1.1875,2.0625,0.28125,-0.0625,-0.03125,1.6774193548387097,0.09677419354838723,-0.32258064516129026,0.7419354838709677,-0.011213517665130568,-0.12096774193548387,0.25,0.0,-0.03125,3.0,0.125,0.11111111111111116,1.0,0.25,0.2222222222222222,1.22998046875,-0.7333984375,0.2773595010080645,0.03125,0.0,0.03125,1.78125,-0.28125,-0.0625,1.2885194053891917,-0.39513062337416094,-0.009354165669104075,6.5625,-0.09375,0.03125,1.605183136974036,-0.05282528745687487,-0.39456483101689854,5.78125,0.1875,0.09375,0.28125,-0.0625,-0.03125,1.7096774193548387,0.032258064516129004,-0.29032258064516125,0.7419354838709677,-0.015821812596006124,-0.12096774193548387,0.25,0.0,-0.03125,3.0,0.125,0.11111111111111116,1.0,0.25,0.2222222222222222,1.0115927419354838,0.017137096774193394,0.058971774193548265,0.0,0.0,0.0
GaPt13_01,pd,6,0.02338778831881651,0.05110651464248462,0.04445165786459626,0.9737499999999792,0.006249999999999867,-0.02249999999999952,0.013024701806292916,-0.006061568502117231,-0.012575242390074291,0.014285714285713982,-0.0014285714285713971,-0.0014285714285713971,-0.3931864547963144,-0.6259064740256379,-1.009909914774088,0.1869893980016914,-0.2287027958148392,-0.5541962893776358,0.4109274326293598,3.636322206534981e-05,0.021973125134169158,0.018639399274283184,0.006574462697115929,0.008063260882384828,0.024123994445370438,0.0105968038621377,0.011077801631468298,-0.170297530684267,-0.1573802914113623,0.7285295687351325,0.26656064227619974,0.9327069357717295,-0.5941034159430296,1.0346655557745057,-0.0012686587177930253,-0.006280622615961962,0.03758348300486014,-0.0010038469507226838,0.0068057956977312616,0.04427781925885621,0.0016000592159971377,-0.0023288383161627207,-0.09339025773886797,-0.2994708556946407,0.388522837226596,-0.37821361464298964,0.035550034266972064,-0.9231975974863259,1.4481977541773052,0.016732286884767245,0.04554496565991717,0.03475319237941918,0.013959806594190556,0.01042458337829412,0.03329056775564248,0.008603403374150508,0.004262334249501273,0.22196076032806009,0.3518815498274981,0.4975657930553089,-0.0888806246203297,-0.08948384916787262,0.6713343690008755,0.6491129320625181,0.060396049244399674,0.12079209848879935,0.4868346990468885,0.04529703693329973,-0.022309473438294702,0.3333333333333333,0.0,0.16666666666666666,2.03125,0.1875,0.1875,1.4697898686766473,0.07603941662985236,0.17191629761835148,8.59375,0.0,2.0625,1.7571857081433442,0.21510134159643335,-0.24256225984759028,7.5625,-0.1875,1.875,0.375,0.09375,0.0625,2.4193548387096775,0.7419354838709677,0.4193548387096775,0.9559139784946237,0.21397849462365592,0.09301075268817205,0.34375,0.09375,0.0625,3.1818181818181817,0.18181818181818166,0.2929292929292928,0.9090909090909091,-0.09090909090909094,0.13131313131313127,1.49169921875,0.26171875,0.5390782510080645,0.03125,0.0,0.03125,1.9375,0.15625,0.09375,1.293594641599212,0.005075236210020151,-0.004278929459083924,6.53125,-0.03125,0.0,1.848877165793755,0.24369402881971913,-0.1508708021971794,5.59375,-0.1875,-0.09375,0.375,0.09375,0.0625,2.4838709677419355,0.7741935483870968,0.4838709677419355,0.9612903225806452,0.21935483870967742,0.09838709677419355,0.34375,0.09375,0.0625,3.1818181818181817,0.18181818181818166,0.2929292929292928,0.9090909090909091,-0.09090909090909094,0.13131313131313127,1.0236895161290323,0.012096774193548487,0.07106854838709675,0.0,0.0,0.0
GaPt13_01,pd,7,0.04156970595412598,0.020302252055662856,0.03494203712175213,0.9724999999999793,-0.0012499999999999734,-0.023749999999999494,0.019086270308410147,0.006061568502117231,-0.00651367388795706,0.02428571428571377,0.009999999999999787,0.00857142857142839,-0.5682185070281537,-0.17503205223183926,-1.1849419670059271,0.007327433054473115,-0.17966196494721828,-0.733858254324854,0.3932168906098784,-0.017710542019481412,0.004262583114687746,0.012052975540874852,-0.0065864237334083316,0.001476837148976496,0.013076437297472567,-0.01104755714789787,3.0244483570427208e-05,0.20195060827395092,0.37224813895821796,1.1007777076933505,-0.18064916354160288,-0.4472098058178026,-1.0413132217608323,1.0462713967690451,0.01160584099453943,0.005325218378577468,0.03281074289103969,-0.004772740113820451,0.002033055583910811,0.04247184659555793,-0.0018059726632982803,-0.004134810979461001,-0.4810247526508406,-0.38763449491197266,0.0008883423146233693,-0.5266559640271196,-0.14844234938412992,-1.0716399468704558,1.4191300659897743,-0.029067688187530916,0.016477277472386254,0.023189164006655934,-0.011564028372763244,-0.001139444994469125,0.026412519466142648,-0.0068780482894998315,-0.002615714039998558,-0.7355845438554899,-0.95754530418355,-0.4599795111282411,0.04663931775009557,0.13551994237042525,0.8068543113713007,0.5887168828181184,-0.060396049244399674,0.060396049244399674,0.4868346990468885,0.0,-0.022309473438294702,0.16666666666666666,-0.16666666666666666,0.0,1.78125,-0.25,-0.0625,1.3850439611050431,-0.08474590757160416,0.08717039004674731,9.875,1.28125,3.34375,1.7180258738522556,-0.0391598342910886,-0.2817220941386789,9.09375,1.53125,3.40625,0.25,-0.125,-0.0625,2.064516129032258,-0.3548387096774195,0.06451612903225801,0.8709677419354839,-0.0849462365591398,0.008064516129032251,0.34375,0.0,0.0625,2.6363636363636362,-0.5454545454545454,-0.2525252525252526,0.8181818181818182,-0.09090909090909083,0.04040404040404044,1.1865234375,-0.30517578125,0.2339024697580645,0.03125,0.0,0.03125,1.71875,-0.21875,-0.125,1.275940513326694,-0.017654128272518,-0.021933057731601924,6.84375,0.3125,0.3125,1.779985048867981,-0.06889211692577413,-0.21976291912295354,6.125,0.53125,0.4375,0.25,-0.125,-0.0625,2.096774193548387,-0.3870967741935485,0.09677419354838701,0.8709677419354839,-0.0903225806451613,0.008064516129032251,0.34375,0.0,0.0625,2.6363636363636362,-0.5454545454545454,-0.2525252525252526,0.8181818181818182,-0.09090909090909083,0.04040404040404044,0.9667338709677419,-0.05695564516129037,0.014112903225806384,0.0,0.0,0.0
GaPt14_01,pd,1,0.11670626418425385,0.11670626418425385,0.040004943707233426,0.9774999999999792,0.0012499999999999734,0.0012499999999999734,0.010350983390135092,-0.07698048696440199,-0.07698048696440199,0.008571428571428388,-0.10999999999999766,-0.10999999999999766,-0.3202563076101743,0.10881921576688414,0.10881921576688414,-0.46852128566581824,-0.6999226904640619,-0.6999226904640619,0.31211445402903426,-0.0679104187589964,-0.0679104187589964,0.0350672296964518,-0.05409179465803441,-0.05409179465803441,0.029159327943253877,-0.07615482323555896,-0.07615482323555896,0.38143992104608815,0.634166501790803,0.634166501790803,0.3666299566094311,0.5169229438802111,0.5169229438802111,1.0281416999789605,0.1843524921108053,0.1843524921108053,0.010614478603433489,-0.33423529914700056,-0.33423529914700056,0.011573442337170534,-0.3536562986820442,-0.3536562986820442,0.10515960273909446,0.1175563703656148,0.1175563703656148,0.3581451443413941,0.855676751550305,0.855676751550305,1.2993314748579845,-0.10548852969886235,-0.10548852969886235,0.021480116226913773,-0.07415115354064417,-0.07415115354064417,0.015395389378137146,-0.12392281956413195,-0.12392281956413195,0.41081657454638,0.8719085273488552,0.8719085273488552,0.32983437708352326,0.435370245041088,0.435370245041088,0.5283208335737187,-0.16644427179161791,-0.16644427179161791,0.396240625180289,-0.3148496092623193,-0.3148496092623193,0.0,-0.5,-0.5,1.875,-0.0625,-0.0625,1.3854078239672525,-0.027379400612402183,-0.027379400612402183,7.625,1.1875,1.1875,1.75517667523538,-0.3384002916156199,-0.3384002916156199,6.75,1.25,1.25,0.3125,-0.0625,-0.0625,1.935483870967742,0.12903225806451624,0.12903225806451624,0.9193548387096774,0.0830645161290322,0.0830645161290322,0.28125,0.0625,0.0625,3.0,-0.4285714285714284,-0.4285714285714284,0.8888888888888888,-0.11111111111111116,-0.11111111111111116,1.19873046875,0.165464339717742,0.165464339717742,0.03125,0.03125,0.03125,1.8125,-0.125,-0.125,1.281065584682558,-0.13172163989709662,-0.13172163989709662,6.59375,0.15625,0.15625,1.8114220932736798,-0.28215487357732005,-0.28215487357732005,5.78125,0.28125,0.28125,0.3125,-0.0625,-0.0625,1.967741935483871,0.16129032258064524,0.16129032258064524,0.9193548387096774,0.0830645161290322,0.0830645161290322,0.28125,0.0625,0.0625,3.0,-0.4285714285714284,-0.4285714285714284,0.8888888888888888,-0.11111111111111116,-0.11111111111111116,0.9793346774193549,-0.053931451612903136,-0.053931451612903136,0.0,0.0,0.0
GaPt14_01,pd,2,0.06883345002713796,0.12457955483982161,0.14515848476731372,1.129999999999976,0.15249999999999675,0.15374999999999672,0.3652396473549857,0.35488866396485064,0.2779081770004486,0.2928571428571366,0.2842857142857082,0.17428571428571055,-0.043288428532639145,0.2769678790775352,0.3857870948444193,-0.16676114798813185,0.3017601376776864,-0.3981625527863754,0.25276787819968194,-0.05934657582935232,-0.12725699458834872,0.05761176012513078,0.02254453042867898,-0.03154726422935543,0.05399517652249418,0.024835848579240302,-0.051318974656318656,-0.2188674542668807,-0.6003073753129688,0.03385912647783418,0.20555932532159651,-0.16107063128783458,0.35585231259237654,0.95078654471547,-0.07735515526349057,0.10699733684731472,0.2352167148472398,0.22460223624380632,-0.10963306290319427,0.20262638691940627,0.19105294458223573,-0.16260335409980847,-0.14388568749820344,-0.24904529023729788,-0.1314889198716831,0.3473384579238476,-0.010806686417546507,0.8448700651327585,1.3275380013078393,0.028206526449854774,-0.07728200324900758,0.12301848080501827,0.1015383645781045,0.027387211037460335,0.12197753782815893,0.10658214845002179,-0.017340671114110168,-0.44652710577689947,-0.8573436803232795,0.0145648470255757,-0.3372255300536948,-0.6670599071372181,-0.23168966209613004,0.7676138900575107,0.23929305648379195,0.07284878469217404,0.618853224314761,0.22261259913447196,-0.09223701012784735,0.0,0.0,-0.5,1.875,0.0,-0.0625,1.51870063307527,0.13329280910801744,0.10591340849561526,7.34375,-0.28125,0.90625,1.7153834331077833,-0.039793242127596606,-0.3781935337432165,6.46875,-0.28125,0.96875,0.28125,-0.03125,-0.09375,1.4838709677419355,-0.4516129032258065,-0.32258064516129026,0.7451612903225807,-0.17419354838709666,-0.09112903225806446,0.21875,-0.0625,0.0,3.0,0.0,-0.4285714285714284,1.0,0.11111111111111116,0.0,1.3955078125,0.19677734375,0.362241683467742,0.03125,0.0,0.03125,1.78125,-0.03125,-0.15625,1.33765261414503,0.05658702946247196,-0.07513461043462466,6.28125,-0.3125,-0.15625,1.8002575980550224,-0.011164495218657366,-0.2933193687959774,5.5,-0.28125,0.0,0.28125,-0.03125,-0.09375,1.5483870967741935,-0.4193548387096775,-0.25806451612903225,0.7451612903225807,-0.17419354838709666,-0.09112903225806446,0.21875,-0.0625,0.0,3.0,0.0,-0.4285714285714284,1.0,0.11111111111111116,0.0,0.9243951612903226,-0.05493951612903225,-0.10887096774193539,0.0,0.0,0.0
GaPt14_01,pd,3,0.07775452066175781,0.08577083210467645,0.05888885535749962,0.986249999999979,-0.14374999999999694,0.009999999999999787,0.04596194077712461,-0.3192777065778611,-0.04136952957741248,0.04714285714285614,-0.24571428571428044,-0.0714285714285699,-0.2140235973388564,-0.17073516880621725,0.21505192603820206,-0.16080763867290893,0.005953509315222927,-0.3922090434711525,0.28745066804084807,0.03468278984116613,-0.09257420474718259,0.03914883166921945,-0.018462928455911326,-0.050010192685266755,0.04558505939755853,-0.008410117124935647,-0.0597290917812543,-0.26184594195000527,-0.04297848768312457,-0.009119361205290388,-0.3932522070514721,-0.5988115323730686,-0.2429592197806921,1.0559078507662536,0.10512130605078362,0.21211864289809834,0.04463835943466891,-0.1905783554125709,-0.30021141831576514,0.04111881476013097,-0.1615075721592753,-0.3241109262590838,0.11695132688452893,0.2608370143827324,0.12934809451104928,-0.2171154218642652,-0.5644538797881128,0.28041618534464574,1.3228019100206039,-0.0047360912872354,-0.08201809453624298,0.05798726413402373,-0.06503121667099454,-0.037644005633534205,0.060085533646064615,-0.06189200418209431,-0.07923267529620448,0.036712467843834674,0.48323957362073416,0.49780442064630986,-0.4034458613344812,-0.06622033128078636,-0.29790999337691637,0.5283208335737187,-0.23929305648379195,-0.16644427179161791,0.4868346990468884,-0.13201852526787256,-0.2242555353957199,0.3333333333333333,0.3333333333333333,-0.16666666666666669,1.78125,-0.09375,-0.15625,1.3850439611050431,-0.1336566719702268,-0.027743263474611535,8.65625,1.3125,2.21875,1.8423227800270103,0.12693934691922704,-0.2512541868239895,7.875,1.40625,2.375,0.25,-0.03125,-0.125,1.6774193548387097,0.19354838709677424,-0.12903225806451601,0.8145161290322581,0.0693548387096774,-0.021774193548387055,0.21875,0.0,0.0,3.2857142857142856,0.2857142857142856,-0.1428571428571428,1.0,0.0,0.0,1.169921875,-0.2255859375,0.136655745967742,0.03125,0.0,0.03125,1.71875,-0.0625,-0.21875,1.275940513326694,-0.06171210081833611,-0.13684671125296077,6.625,0.34375,0.1875,1.896516330946925,0.09625873289190268,-0.19706063590407474,5.90625,0.40625,0.40625,0.25,-0.03125,-0.125,1.7096774193548387,0.16129032258064524,-0.09677419354838701,0.8145161290322581,0.0693548387096774,-0.021774193548387055,0.21875,0.0,0.0,3.2857142857142856,0.2857142857142856,-0.1428571428571428,1.0,0.0,0.0,0.9495967741935484,0.025201612903225756,-0.08366935483870963,0.0,0.0,0.0
GaPt14_01,pd,4,0.09506878495963647,0.11242593717824928,0.19264236191582798,1.0937499999999767,0.10749999999999771,0.1174999999999975,0.35979905105885374,0.3138371102817291,0.27246758070431665,0.34714285714284976,0.2999999999999936,0.2285714285714237,-0.28740222486982864,-0.07337862753097224,0.14167329850722982,-0.12268149473063518,0.038126143942273746,-0.3540828995288787,0.2674354339226166,-0.020015234118231473,-0.11258943886541406,0.0401427634802748,0.0009939318110553444,-0.04901626087421141,0.059885920198517274,0.014300860800958742,-0.04542823098029556,-0.7494136218727727,-0.48756767992276745,-0.49668704112805784,0.4668684785470672,0.8601206855985393,0.6171614658178473,0.9807540873458847,-0.07515376342036895,0.1369648794777294,0.2733612263830915,0.22872286694842262,-0.07148855136734256,0.2854650510273507,0.24434623626721974,-0.07976468999186404,-0.39775782970573537,-0.5147091565902643,-0.385361062079215,-0.03880832604421004,0.17830709582005516,0.4587232811647009,1.394274702214402,0.0714727921937981,-0.010545302342444884,0.22108889555318587,0.16310163141916212,0.1254576257856279,0.16530361183769116,0.10521807819162654,0.02598540289542206,0.27955608707050095,0.24284361922666628,0.7406480398729761,-0.4284784925229251,-0.0250326311884439,-0.32294262456536027,0.7585163618345441,0.23019552826082534,0.06375125646920743,0.6120300781475361,0.12519537910064765,-0.09906015629507225,0.16666666666666666,-0.16666666666666666,-0.33333333333333337,1.96875,0.1875,0.03125,1.6940955337345516,0.30905157262950844,0.2813083091548969,7.84375,-0.8125,1.40625,2.080778002761033,0.23845522273402286,-0.012798964089966613,6.875,-1.0,1.375,0.28125,0.03125,-0.09375,1.903225806451613,0.22580645161290325,0.09677419354838723,0.7991551459293396,-0.015360983102918557,-0.03713517665130561,0.21875,0.0,0.0,3.4285714285714284,0.1428571428571428,0.0,1.0,0.0,0.0,1.891845703125,0.721923828125,0.858579574092742,0.03125,0.0,0.03125,1.84375,0.125,-0.09375,1.4392958627902608,0.1633553494635669,0.026508638210606117,6.75,0.125,0.3125,2.1849928028227223,0.2884764718757973,0.09141583597172254,5.90625,0.0,0.40625,0.28125,0.03125,-0.09375,1.8064516129032258,0.09677419354838701,0.0,0.7930107526881721,-0.021505376344086002,-0.04327956989247306,0.21875,0.0,0.0,3.4285714285714284,0.1428571428571428,0.0,1.0,0.0,0.0,0.9206149193548387,-0.02898185483870963,-0.11265120967741926,0.0,0.0,0.0
GaPt14_01,pd,5,0.1043266527149141,0.11183116192941178,0.04014478591378788,1.0012499999999787,-0.09249999999999803,0.024999999999999467,0.02031009601158947,-0.3394889550472643,-0.06702137434294762,0.01571428571428538,-0.33142857142856436,-0.10285714285714066,0.3554719114487014,0.64287413631853,0.7845474348257598,-0.5623879281134899,-0.43970643338285476,-0.7937893329117335,0.2819834776372695,0.014548043714652903,-0.09804139515076116,0.03352561459755577,-0.006617148882719026,-0.05563340975693044,0.038185521575532004,-0.02170039862298527,-0.06712862960328084,0.03768994587273053,0.7871035677455033,0.29041652661744544,-0.2633786863405319,-0.7302471648875991,-0.11308569906975188,1.0411788480813908,0.06042476073550618,0.19738964021323557,0.018730025388233887,-0.25463120099485764,-0.3261197523622002,0.021699418353143467,-0.2637656326742072,-0.34353032266607125,-0.22141534978861332,0.17634247991712204,-0.209018582162093,-0.27982875968763754,-0.2410204336434275,0.2177028475212734,1.2807869856256011,-0.11348771658880086,-0.12403301893124574,0.01779910147318454,-0.20328979408000133,-0.0778321682943734,0.021957082529338225,-0.14334652930835293,-0.11736112641293087,-0.4181299051580699,-0.6976859922285709,0.042962047644405255,0.4251005864965628,0.8535790790194879,0.5306364544541275,0.5887168828181184,-0.16979947901642567,-0.10604822254721824,0.44153766211358875,-0.17049241603394732,-0.2695525723290196,0.3333333333333333,0.16666666666666666,-0.16666666666666669,1.90625,-0.0625,-0.03125,1.4448880970176292,-0.24920743671692236,0.03210087243797455,8.71875,0.875,2.28125,1.8180878824707833,-0.26269012029024985,-0.27548908438021646,7.8125,0.9375,2.3125,0.3125,0.03125,-0.0625,1.935483870967742,0.032258064516129004,0.12903225806451624,0.9112903225806451,0.11213517665130557,0.07499999999999996,0.3125,0.09375,0.09375,2.7,-0.7285714285714282,-0.7285714285714282,0.7,-0.30000000000000004,-0.30000000000000004,1.15087890625,-0.740966796875,0.11761277721774199,0.03125,0.0,0.03125,1.84375,0.0,-0.09375,1.3466655355046884,-0.09263032728557241,-0.0661216890749663,6.6875,-0.0625,0.25,1.8740589036083013,-0.31093389921442105,-0.2195180632426985,5.84375,-0.0625,0.34375,0.3125,0.03125,-0.0625,1.967741935483871,0.16129032258064524,0.16129032258064524,0.9112903225806451,0.11827956989247301,0.07499999999999996,0.3125,0.09375,0.09375,2.7,-0.7285714285714282,-0.7285714285714282,0.7,-0.30000000000000004,-0.30000000000000004,0.9299395161290323,0.009324596774193505,-0.10332661290322576,0.0,0.0,0.0
GaPt14_01,pd,6,0.0662214957458767,0.06098480150763883,0.10054526929961029,1.0262499999999781,0.024999999999999467,0.049999999999998934,0.0719002284915885,0.05159013247999904,-0.015431241862948586,0.04857142857142754,0.032857142857142155,-0.06999999999999851,0.12945129081796158,-0.2260206206307398,0.55852681419502,-0.8560516500077059,-0.29366372189421597,-1.0874530548059496,0.305122264879611,0.02313878724234153,-0.07490260790841963,0.11475522230779711,0.08122960771024135,0.025596197953310904,0.05473516259188945,0.016549641016357447,-0.05057898858692338,0.9220004121305378,0.8843104662578073,1.1747269928752528,0.4694112647817943,0.7327899511223261,0.6197042520525743,1.0371571527983605,-0.004021695283030313,0.19336794493020526,0.02169164416330093,0.0029616187750670445,-0.32315813358713313,0.02711713933240329,0.005417720979259823,-0.33811260168681145,-0.15764979561129963,0.0637655541773137,-0.1452530279847793,0.7459473292702238,1.0257760889578613,1.2434789364791348,1.3829106205041366,0.10212363487853549,-0.021909384052710257,0.2138849612795929,0.19608585980640836,0.11825369151203495,0.17196820522388376,0.15001112269454553,0.03264999628161466,0.09921010459611816,0.517340009754188,0.5603020573985933,-0.01804074373270859,-0.4431413302292714,0.0874951242248562,0.7066366744246887,0.11791979160657029,0.01187156905935205,0.5731203125901445,0.13158265047655576,-0.13796992185246382,0.0,-0.3333333333333333,-0.5,1.96875,0.0625,0.03125,1.575710285308123,0.13082218829049386,0.1629230607284684,8.5625,-0.15625,2.125,1.8480591388386793,0.029971256367895993,-0.24551782801232047,7.59375,-0.21875,2.09375,0.3125,0.0,-0.0625,2.0,0.06451612903225801,0.19354838709677424,0.8494623655913979,-0.06182795698924726,0.013172043010752699,0.3125,0.0,0.09375,2.7,0.0,-0.7285714285714282,0.9,0.20000000000000007,-0.09999999999999998,1.388671875,0.23779296875,0.355405745967742,0.03125,0.0,0.03125,1.875,0.03125,-0.0625,1.408499544814245,0.061834009309556626,-0.004287679765409669,6.5,-0.1875,0.0625,1.9344083032987032,0.06034939969040187,-0.15916866355229664,5.625,-0.21875,0.125,0.3125,0.0,-0.0625,1.935483870967742,-0.032258064516129004,0.12903225806451624,0.8440860215053764,-0.06720430107526876,0.007795698924731198,0.3125,0.0,0.09375,2.7,0.0,-0.7285714285714282,0.9,0.20000000000000007,-0.09999999999999998,0.9173387096774194,-0.012600806451612878,-0.11592741935483863,0.0,0.0,0.0
GaPt14_01,pd,7,0.030223955939428004,0.06070039090102005,0.06191138746318619,1.032499999999978,0.006249999999999867,0.0562499999999988,0.034121631178559805,-0.0377785973130287,-0.05320983917597728,0.03714285714285635,-0.011428571428571184,-0.08142857142856968,-0.5495571598072624,-0.679008450625224,-0.12048163643020393,-0.30555555555555547,0.5504960944521504,-0.536956960353799,0.2832712185900189,-0.021851046289592113,-0.09675365419801174,0.010051368692149048,-0.10470385361564806,-0.07910765566233716,0.013020146692126191,-0.04171501589976326,-0.09229400448668665,-0.44664569016266853,-1.3686461022932064,-0.19391910941795365,-0.09762299963912373,-0.567034264420918,0.0526699876316563,1.0615030853887626,0.024345932590402075,0.21771387752060734,0.04611397688491772,0.024422332721616792,-0.2987358008655163,0.0326311803343796,0.005514041001976312,-0.3325985606848351,0.325456857288281,0.48310665289958066,0.33785362491480136,0.23072410201142785,-0.515223227258796,0.7282557092203388,1.330999735486794,-0.051910885017342645,-0.0738202690700529,0.07065937526167841,-0.14322558601791446,-0.024971894505879527,0.04510860948152847,-0.12685959574235528,-0.09420959946074062,-0.06093353697164181,-0.16014364156775998,0.40015841583083334,-0.28898773524808585,-0.27094699151537727,-0.18345186729052107,0.5887168828181184,-0.11791979160657029,-0.10604822254721824,0.4868346990468884,-0.08628561354325609,-0.2242555353957199,0.3333333333333333,0.3333333333333333,-0.16666666666666669,1.875,-0.09375,-0.0625,1.3854078239672525,-0.1903024613408706,-0.027379400612402183,9.5625,1.0,3.125,1.8128128206134921,-0.0352463182251872,-0.2807641462375077,8.6875,1.09375,3.1875,0.3125,0.0,-0.0625,2.064516129032258,0.06451612903225801,0.25806451612903225,0.8870967741935484,0.037634408602150504,0.0508064516129032,0.375,0.0625,0.15625,2.4166666666666665,-0.28333333333333366,-1.0119047619047619,0.5833333333333334,-0.31666666666666665,-0.41666666666666663,1.17236328125,-0.21630859375,0.139097152217742,0.03125,0.0,0.03125,1.8125,-0.0625,-0.125,1.281065584682558,-0.12743396013168695,-0.13172163989709662,6.53125,0.03125,0.09375,1.866242991473995,-0.06816531182470809,-0.22733397537700473,5.71875,0.09375,0.21875,0.3125,0.0,-0.0625,2.096774193548387,0.16129032258064502,0.29032258064516125,0.8870967741935484,0.043010752688172005,0.0508064516129032,0.375,0.0625,0.15625,2.4166666666666665,-0.28333333333333366,-1.0119047619047619,0.5833333333333334,-0.31666666666666665,-0.41666666666666663,0.952116935483871,0.034778225806451624,-0.08114919354838701,0.0,0.0,0.0
GaPt15_01,pd,1,0.050529941869440965,0.050529941869440965,0.0760998021457341,1.0474999999999777,-0.012499999999999734,-0.012499999999999734,0.05700877125495568,0.023627852839105186,0.023627852839105186,0.0685714285714271,0.029999999999999354,0.029999999999999354,-0.4035759105166631,-0.44153302820157003,-0.44153302820157003,0.048975850255231976,0.400853081998902,0.400853081998902,0.26719052329668375,0.0024826359201744475,0.0024826359201744475,0.02486424706203451,0.0010816881832359862,0.0010816881832359862,0.018396077508457138,-0.0037397046640463665,-0.0037397046640463665,0.5469799427263045,0.24962504839425337,0.24962504839425337,0.4626099676072239,0.8282419722219095,0.8282419722219095,1.0784029356984597,0.028652382680614874,0.028652382680614874,0.052985284660393935,0.03407767197935082,0.03407767197935082,0.05167936802046096,0.03385610587829348,0.03385610587829348,0.12438047781373049,-0.1517925891821353,-0.1517925891821353,0.2240983144120735,0.32837640411178737,0.32837640411178737,1.2967484843242931,0.044019705043396806,0.044019705043396806,0.07616395744598502,0.05341588259237713,0.05341588259237713,0.07391233155673291,0.057658191608255416,0.057658191608255416,-0.051150547015067716,-0.4951668014579116,-0.4951668014579116,0.07049241493237951,0.501298326004569,0.501298326004569,0.6242432789931516,0.03181241743685159,0.03181241743685159,0.6006099959344163,0.04149987051038018,0.04149987051038018,0.16666666666666666,-0.33333333333333337,-0.33333333333333337,1.84375,0.0625,0.0625,1.4392958627902608,0.031154213940328246,0.031154213940328246,7.59375,0.53125,0.53125,2.0138131860694273,0.27363336592105747,0.27363336592105747,6.75,0.46875,0.46875,0.28125,0.03125,0.03125,1.8387096774193548,-0.16129032258064524,-0.16129032258064524,0.8967741935483872,0.001612903225806539,0.001612903225806539,0.28125,-0.0625,-0.0625,2.6666666666666665,0.1212121212121211,0.1212121212121211,0.7777777777777778,0.0505050505050505,0.0505050505050505,1.140625,0.20614919354838712,0.20614919354838712,0.03125,0.03125,0.03125,1.78125,0.0,0.0,1.33765261414503,-0.07048903470490253,-0.07048903470490253,6.5625,-0.5,-0.5,2.0625305471833664,0.32235072703499656,0.32235072703499656,5.78125,-0.5,-0.5,0.28125,0.03125,0.03125,1.8064516129032258,-0.19354838709677424,-0.19354838709677424,0.8924731182795699,-0.0026881720430107503,-0.0026881720430107503,0.28125,-0.0625,-0.0625,2.6666666666666665,0.1212121212121211,0.1212121212121211,0.7777777777777778,0.0505050505050505,0.0505050505050505,0.9193548387096774,-0.015120967741935498,-0.015120967741935498,0.0,0.0,0.0
GaPt15_01,pd,2,0.10965613996762025,0.13008980312044907,0.13657786520867982,1.1362499999999758,0.08874999999999811,0.07624999999999837,0.18592913396544766,0.12892036271049198,0.15254821554959716,0.13571428571428282,0.06714285714285571,0.09714285714285506,-0.38688146671966006,0.016694443797003022,-0.424838584404567,0.8492927719517502,0.8003169216965182,1.2011700036954203,0.3387907879415615,0.07160026464487773,0.07408290056505218,0.08184025807852693,0.056976011016492425,0.05805769919972841,0.03917605371735824,0.0207799762089011,0.017040271544854733,0.8566982005229637,0.3097182577966593,0.5593433061909127,0.7181429707461823,0.2555330031389584,1.0837749753608679,1.0792478202623124,0.000844884563852677,0.02949726724446755,0.07576898655425768,0.022783701893863743,0.05686137387321456,0.07387134401219837,0.02219197599173741,0.056048081870030894,-0.9430286485468012,-1.0674091263605316,-1.219201715542667,0.7379168865852194,0.5138185721731459,0.8421949762849332,1.4128099822654332,0.11606149794114007,0.16008120298453687,0.181318687748339,0.10515473030235399,0.15857061289473112,0.07740874653422239,0.0034964149774894815,0.0611546065857449,0.8598347808268089,0.9109853278418766,0.415818526383965,0.9963913190513689,0.9258989041189893,1.4271972301235585,0.6491129320625181,0.024869653069366504,0.056682070506218096,0.672449547520247,0.07183955158583066,0.11333942209621084,0.16666666666666666,0.0,-0.33333333333333337,1.8125,-0.03125,0.03125,1.4687607240514464,0.029464861261185638,0.06061907520151388,8.0,0.40625,0.9375,1.796053020267749,-0.21776016580167834,0.05587320011937913,7.1875,0.4375,0.90625,0.25,-0.03125,0.0,1.903225806451613,0.06451612903225823,-0.09677419354838701,0.8064516129032258,-0.09032258064516141,-0.08870967741935487,0.3125,0.03125,-0.03125,2.7,0.03333333333333366,0.15454545454545476,0.9,0.12222222222222223,0.17272727272727273,1.40234375,0.26171875,0.4678679435483871,0.03125,0.0,0.03125,1.71875,-0.0625,-0.0625,1.275940513326694,-0.06171210081833611,-0.13220113552323864,6.9375,0.375,-0.125,1.8997028630135648,-0.16282768416980153,0.15952304286519503,6.21875,0.4375,-0.0625,0.25,-0.03125,0.0,1.967741935483871,0.16129032258064524,-0.032258064516129004,0.8064516129032258,-0.08602150537634412,-0.08870967741935487,0.3125,0.03125,-0.03125,2.7,0.03333333333333366,0.15454545454545476,0.9,0.12222222222222223,0.17272727272727273,0.9314516129032258,0.012096774193548376,-0.003024193548387122,0.0,0.0,0.0
GaPt15_01,pd,3,0.08104427244710771,0.07281872295875352,0.14470283322926097,1.1037499999999765,-0.03249999999999931,0.04374999999999907,0.09797047660246365,-0.08795865736298401,0.06458955818661316,0.07142857142856991,-0.0642857142857129,0.03285714285714216,0.6166464620883332,1.0035279288079932,0.5786893444034262,-0.3745924351686034,-1.2238852071203536,-0.022715203424933383,0.33394097265117856,-0.0048498152903829195,0.06923308527466926,0.12290357732923789,0.04106331925071095,0.09912101845043936,0.05897753040610184,0.019801476688743602,0.036841748233598336,0.9206221409919605,0.06392394046899674,0.6232672466599094,0.7571956323381456,0.0390526615919633,1.1228276369528312,1.0581119898373523,-0.021135830424960034,0.008361436819507517,0.05814802591988703,-0.01762096063437065,0.03924041323884391,0.041379784236927106,-0.03249155977527127,0.023556522094759624,0.5842474090272035,1.5272760575740048,0.3080743420313377,0.1584367734504266,-0.5794801131347928,0.2627148631501404,1.306284072936823,-0.10652590932861017,0.053555293655926706,0.10709332818599111,-0.0742253595623479,0.08434525333238323,0.060284688856117485,-0.017124057678104904,0.044030548907639994,0.8316888782448592,-0.02814590258194971,0.3876726238020153,0.33302488503185235,-0.6633664340195166,0.7638307961040418,0.6902833831898664,0.041170451127348295,0.09785252163356639,0.6594796256677832,-0.012969921852463817,0.10036950024374702,0.3333333333333333,0.16666666666666666,-0.16666666666666669,2.15625,0.34375,0.375,1.6677080080157918,0.19894728396434536,0.25956635916585924,8.40625,0.40625,1.34375,1.7012210984485383,-0.09483192181921063,-0.0389587216998315,7.25,0.0625,0.96875,0.375,0.125,0.125,1.2903225806451613,-0.6129032258064517,-0.7096774193548387,0.713978494623656,-0.09247311827956972,-0.1811827956989246,0.21875,-0.09375,-0.125,2.5714285714285716,-0.12857142857142856,0.025974025974026205,0.7142857142857143,-0.18571428571428572,-0.012987012987012991,1.08642578125,-0.31591796875,0.15194997479838712,0.03125,0.0,0.03125,2.0,0.28125,0.21875,1.4142135623730951,0.13827304904640125,0.006071913523162609,6.28125,-0.65625,-0.78125,1.870559257410433,-0.029143605603131784,0.13037943726206325,5.28125,-0.9375,-1.0,0.375,0.125,0.125,1.4193548387096775,-0.5483870967741935,-0.5806451612903225,0.713978494623656,-0.09247311827956972,-0.1811827956989246,0.21875,-0.09375,-0.125,2.5714285714285716,-0.12857142857142856,0.025974025974026205,0.7142857142857143,-0.18571428571428572,-0.012987012987012991,0.8634072580645161,-0.06804435483870963,-0.07106854838709675,0.0,0.0,0.0
GaPt15_01,pd,4,0.07743895605015805,0.04009765298193865,0.04618078820599038,1.0937499999999767,-0.009999999999999787,0.03374999999999928,0.018468119248353745,-0.0795023573541099,-0.01491279916749675,0.018571428571428177,-0.052857142857141735,-0.019999999999999574,0.11015128039613374,-0.5064951816921994,0.07219416271122682,-6.403140600951275e-18,0.3745924351686034,0.35187723174367,0.26069367477077754,-0.07324729788040102,-0.0040142126057317595,0.014969088739306717,-0.10793448858993117,-0.008813470139491806,0.008937849124765005,-0.05003968128133683,-0.0131979330477385,0.546581416728056,-0.37404072426390444,0.24922652239600496,-0.25532135785486365,-1.0125169901930091,0.110310646759822,1.0354354798572087,-0.02267650998014359,-0.014315073160636071,0.02747047294468142,-0.030677552975205608,0.008562860263638304,0.022201511587359342,-0.019178272649567764,0.00437824944519186,0.5060934350538415,-0.07815397397336199,0.22992036805797572,0.04235770196508622,-0.11607907148534037,0.14663579166480006,1.2731455147342998,-0.033138558202523205,0.0204167354534035,0.03133290058416118,-0.07576042760182994,0.008584825730553292,0.022024427631904247,-0.038260261224213235,0.005770287683426752,0.4559741467846002,-0.37571473146025897,0.011957892341756315,-0.14467862681444016,-0.4777035118462925,0.28612728425774936,0.5833333333333334,-0.106950049856533,-0.009097528222966611,0.5091441724851832,-0.1503354531826,-0.049965952938852976,0.3333333333333333,0.0,-0.16666666666666669,1.9375,-0.21875,0.15625,1.605183136974036,-0.06252487104175586,0.19704148812410338,7.4375,-0.96875,0.375,1.8480591388386793,0.14683804039014103,0.10787931869030953,6.5,-0.75,0.21875,0.28125,-0.09375,0.03125,1.935483870967742,0.6451612903225807,-0.06451612903225801,0.8951612903225806,0.1811827956989246,0.0,0.28125,0.0625,-0.0625,3.111111111111111,0.5396825396825395,0.5656565656565657,1.0,0.2857142857142857,0.2727272727272727,1.861328125,0.77490234375,0.9268523185483871,0.03125,0.0,0.03125,1.8125,-0.1875,0.03125,1.3304740847993173,-0.08373947757377787,-0.07766756405061526,6.34375,0.0625,-0.71875,1.9445436482630056,0.07398439085257258,0.20436382811463583,5.53125,0.25,-0.75,0.28125,-0.09375,0.03125,2.032258064516129,0.6129032258064515,0.032258064516129004,0.8951612903225806,0.1811827956989246,0.0,0.28125,0.0625,-0.0625,3.111111111111111,0.5396825396825395,0.5656565656565657,1.0,0.2857142857142857,0.2727272727272727,0.8891129032258065,0.02570564516129037,-0.045362903225806384,0.0,0.0,0.0
GaPt15_01,pd,5,0.09059305828508096,0.08633079009464702,0.08991195958400527,1.0924999999999767,-0.0012499999999999734,0.03249999999999931,0.02915475947422588,0.010686640225872134,-0.004226158941624616,0.02142857142857097,0.0028571428571427943,-0.01714285714285678,-0.507764991325428,-0.6179162717215617,-0.5457221090103349,-0.20403741306518117,-0.20403741306518117,0.14783981867848886,0.3086158201096172,0.04792214533883965,0.04390793273310789,0.04036824445802093,0.025399155718714213,0.01658568557922241,0.03499608751850588,0.026058238393740874,0.012860305346002375,0.32592096251719477,-0.22066045421086128,0.028566068185143678,0.04307320322487346,0.2983945610797371,0.4087052078395591,1.0524370798170644,0.017001599959855618,0.0026865267992195463,0.05392004328568744,0.02644957034100602,0.035012430604644325,0.04258210606905414,0.020380594481694797,0.024758843926886657,0.5159385309546517,0.009845095900810175,0.2397654639587859,-0.3651516037936438,-0.40750930575873,-0.26087351409392995,1.334027706538291,0.06088219180399124,0.08129892725739474,0.06480321159665792,0.033470311012496735,0.04205513674305003,0.054502749890758526,0.032478322258854275,0.038248609942281034,0.5405658867652203,0.08459173998062014,0.09654963232237646,0.04239811570524724,0.1870767425196874,0.4732040267774368,0.5887168828181184,0.005383549484785033,-0.003713978738181578,0.5522869792568113,0.04314280677162807,-0.006823146167224903,0.3333333333333333,0.0,-0.16666666666666669,1.90625,-0.03125,0.125,1.3995246888993098,-0.2056584480747261,-0.008616959950622727,8.65625,1.21875,1.59375,1.8770150462558812,0.028955907417201887,0.13683522610751142,7.75,1.25,1.46875,0.3125,0.03125,0.0625,2.161290322580645,0.22580645161290303,0.16129032258064502,0.8521505376344086,-0.043010752688172005,-0.043010752688172005,0.28125,0.0,-0.0625,3.2222222222222223,0.11111111111111116,0.6767676767676769,0.8888888888888888,-0.11111111111111116,0.16161616161616155,1.17626953125,-0.68505859375,0.24179372479838712,0.03125,0.0,0.03125,1.84375,0.03125,0.0625,1.2978735710582958,-0.032600513741021464,-0.11026807779163672,6.625,0.28125,-0.4375,1.930234817739257,-0.01430883052374865,0.19005499759088718,5.78125,0.25,-0.5,0.3125,0.03125,0.0625,2.193548387096774,0.16129032258064502,0.19354838709677402,0.8521505376344086,-0.043010752688172005,-0.043010752688172005,0.28125,0.0,-0.0625,3.2222222222222223,0.11111111111111116,0.6767676767676769,0.8888888888888888,-0.11111111111111116,0.16161616161616155,0.9561491935483871,0.06703629032258063,0.021673387096774244,0.0,0.0,0.0
GaPt15_01,pd,6,0.07471650965418641,0.06267396940777807,0.13184755539897694,1.0574999999999775,-0.034999999999999254,-0.0024999999999999467,0.016690459207925248,-0.012464300266300632,-0.016690459207925248,0.018571428571428177,-0.0028571428571427943,-0.019999999999999574,-0.8065617122487494,-0.29879672092332143,-0.8445188299336563,0.5321520841901914,0.7361894972553726,0.8840293159338615,0.34881016003087795,0.04019433992126076,0.08410227265436865,0.18569889407868168,0.14533064962066075,0.16191633519988316,0.11856020946807815,0.08356412194957227,0.09642442729557464,0.3499435437727328,0.024022581255538022,0.0525886494406817,-0.5512766398677318,-0.5943498430926053,-0.18564463525304614,1.0302252519696653,-0.022211827847399057,-0.01952530104817951,0.04536847133386407,-0.008551571951823371,0.026460858652820954,0.05446075141320313,0.011878645344148994,0.03663748927103565,-0.46149295019749137,-0.9774314811521431,-0.7376660171933571,-0.04353240679054226,0.32161919700310154,0.06074568290917159,1.3183550560911153,-0.015672650447175807,0.06562627681021893,0.14874419839447806,0.08394098679782014,0.12599612354087017,0.09965928374371434,0.045156533852955816,0.08340514379523685,0.29445862262961836,-0.24610726413560197,-0.1495576318132255,-0.2363601992637729,-0.27875831496902015,0.1944457118084166,0.8027815147191701,0.21406463190105174,0.21035065316287016,0.7606203125901445,0.20833333333333326,0.20151018716610836,0.16666666666666666,-0.16666666666666666,-0.33333333333333337,1.875,-0.03125,0.09375,1.4756081305138942,0.07608344161458436,0.06746648166396163,8.46875,-0.1875,1.40625,1.9835513117768375,0.1065362655209563,0.24337149162846772,7.59375,-0.15625,1.3125,0.3125,0.0,0.0625,1.6451612903225807,-0.5161290322580643,-0.35483870967741926,0.8118279569892474,-0.040322580645161255,-0.08333333333333326,0.21875,-0.0625,-0.125,3.0,-0.22222222222222232,0.4545454545454546,0.8571428571428571,-0.031746031746031744,0.1298701298701298,1.44921875,0.27294921875,0.5147429435483871,0.03125,0.0,0.03125,1.75,-0.09375,-0.03125,1.270001270001905,-0.027872301056390825,-0.13814037884802755,6.375,-0.25,-0.6875,2.1213203435596424,0.1910855258203854,0.3811405234112726,5.625,-0.15625,-0.65625,0.3125,0.0,0.0625,1.6129032258064515,-0.5806451612903225,-0.3870967741935485,0.8118279569892474,-0.040322580645161255,-0.08333333333333326,0.21875,-0.0625,-0.125,3.0,-0.22222222222222232,0.4545454545454546,0.8571428571428571,-0.031746031746031744,0.1298701298701298,0.9798387096774194,0.02368951612903225,0.045362903225806495,0.0,0.0,0.0
GaPt15_01,pd,7,0.06637519645086841,0.04710990104871047,0.04048924783367096,1.0899999999999768,0.03249999999999931,0.02999999999999936,0.019999999999999574,0.003309540792074326,-0.013380918415850922,0.019999999999999574,0.0014285714285713971,-0.018571428571428177,0.075755401907857,0.8823171141566064,0.037798284222950077,0.8471174496030212,0.3149653654128297,1.1989946813466912,0.26371008653118744,-0.08510007349969051,-0.0009978008453218612,0.011643165055645367,-0.17405572902303632,-0.012139393823153155,0.01257769829198401,-0.10598251117609414,-0.009558083880519494,-0.11679696462768398,-0.46674050840041675,-0.41415185895973505,-0.5962992996840375,-0.04502265981630571,-0.23066729506935185,1.0368389135590972,0.006613661589431885,-0.012911639458747626,0.02134956874102256,-0.02401890259284151,0.0024419560599794436,0.02125287446388367,-0.03320787694931947,0.003429612321716187,0.3088606273351187,0.77035357753261,0.03268756033925291,0.23340205668953634,0.2769344634800786,0.3376801463892502,1.2710005191656568,-0.047354536925458435,0.018271739884760496,0.02576173698976247,-0.12298246140471558,0.003013662136154581,0.01677602096999215,-0.08288326277372218,0.0005218810215146565,0.7664765401518082,0.47201791752218986,0.32246028570896434,0.8296739312854772,1.06603413054925,1.2604798423576666,0.5785911056903328,-0.22419040902883736,-0.013839755865967196,0.5091441724851832,-0.25147614010496133,-0.049965952938852976,0.16666666666666666,0.0,-0.33333333333333337,1.9375,0.0625,0.15625,1.3663584756098845,-0.10924965490400962,-0.04178317324004799,9.09375,0.625,2.03125,1.653137291100109,-0.33041402067672854,-0.08704252904826082,8.15625,0.5625,1.875,0.375,0.0625,0.125,1.4193548387096775,-0.22580645161290325,-0.5806451612903225,0.810752688172043,-0.0010752688172043223,-0.08440860215053758,0.21875,0.0,-0.125,2.857142857142857,-0.1428571428571428,0.3116883116883118,0.8571428571428571,0.0,0.1298701298701298,1.197265625,-0.251953125,0.2627898185483871,0.03125,0.0,0.03125,1.875,0.125,0.09375,1.2636353087613479,-0.006365961240557105,-0.14450634008858465,6.0625,-0.3125,-1.0,1.7027018377822634,-0.418618505777379,-0.037477982366106444,5.1875,-0.4375,-1.09375,0.375,0.0625,0.125,1.4516129032258065,-0.16129032258064502,-0.5483870967741935,0.810752688172043,-0.0010752688172043223,-0.08440860215053758,0.21875,0.0,-0.125,2.857142857142857,-0.1428571428571428,0.3116883116883118,0.8571428571428571,0.0,0.1298701298701298,0.9778225806451613,-0.0020161290322581182,0.043346774193548376,0.0,0.0,0.0
GaPt16_01,pd,1,0.013746091084896358,0.013746091084896358,0.025460382333336203,1.0637499999999773,-0.0012499999999999734,-0.0012499999999999734,0.011877349391653955,-0.004158325123091167,-0.004158325123091167,0.009999999999999787,-0.012857142857142585,-0.012857142857142585,-0.08956221510397983,0.5903084407260417,0.5903084407260417,0.05458155346042223,-0.4758132818450145,-0.4758132818450145,0.31730105145838705,-0.008955974149441936,-0.008955974149441936,0.015868577985018183,0.003789550344312897,0.003789550344312897,0.018356680056556614,0.004845754630442447,0.004845754630442447,0.030472138358736304,0.08919903528018806,0.08919903528018806,0.12286710591289543,0.5412004145359606,0.5412004145359606,1.0271378856339621,-0.0011257849780210716,-0.0011257849780210716,0.018075798315874546,-0.000956687632849687,-0.000956687632849687,0.017868078615742133,-0.0038814920063312865,-0.0038814920063312865,-0.12393834926493151,-0.2865973192559822,-0.2865973192559822,-0.059882101981576445,0.48001176863153666,0.48001176863153666,1.3019802039265096,0.003742998966372868,0.003742998966372868,0.010623038663287638,-0.0037594140967428125,-0.0037594140967428125,0.008127305076696758,-0.008652510210412183,-0.008652510210412183,0.17848762297130663,0.2861478781831888,0.2861478781831888,0.046886514593868805,0.55034838807536,0.55034838807536,0.5283208335737187,0.0,0.0,0.396240625180289,0.0,0.0,0.0,-0.5,-0.5,1.90625,0.0625,0.0625,1.3995246888993098,0.101651117841014,0.101651117841014,7.625,0.8125,0.8125,1.7180258738522556,-0.17316763904530252,-0.17316763904530252,6.71875,0.75,0.75,0.3125,0.0,0.0,2.161290322580645,-0.2903225806451615,-0.2903225806451615,0.9032258064516129,0.0,0.0,0.28125,-0.09375,-0.09375,3.4444444444444446,0.5277777777777781,0.5277777777777781,1.0,0.16666666666666663,0.16666666666666663,1.16845703125,0.24002961189516125,0.24002961189516125,0.03125,0.03125,0.03125,1.84375,0.0,0.0,1.2978735710582958,0.0,0.0,6.59375,-0.21875,-0.21875,1.775448603011499,-0.11574490988605901,-0.11574490988605901,5.75,-0.21875,-0.21875,0.3125,0.0,0.0,2.193548387096774,-0.2580645161290325,-0.2580645161290325,0.9032258064516129,0.0,0.0,0.28125,-0.09375,-0.09375,3.4444444444444446,0.5277777777777781,0.5277777777777781,1.0,0.16666666666666663,0.16666666666666663,0.9480846774193549,0.019657258064516125,0.019657258064516125,0.0,0.0,0.0
GaPt16_01,pd,2,0.022057925110046554,0.01940287891840386,0.025038491245749438,1.078749999999977,0.01499999999999968,0.013749999999999707,0.02031009601158947,0.008432746619935514,0.004274421496844347,0.019999999999999574,0.009999999999999787,-0.0028571428571427977,-0.3181281106937406,-0.22856589558976076,0.361742545136281,-0.5457051563317492,-0.6002867097921715,-1.0760999916371858,0.3359187115980895,0.018617660139702452,0.009661685990260516,0.02044284406834246,0.004574266083324275,0.008363816427637172,0.0231312540864276,0.004774574029870988,0.009620328660313435,-0.14247486096842887,-0.17294699932716517,-0.08374796404697712,0.16198048615306113,0.039113380240165696,0.5803137947761263,1.0197360907843198,-0.007401794849642318,-0.00852757982766339,0.010549156536436696,-0.00752664177943785,-0.008483329412287537,0.007886046790322407,-0.009982031825419726,-0.013863523831751013,0.49741935215721617,0.6213577014221476,0.33476038216616544,-0.5744532491785974,-0.514571147197021,-0.0345593785654843,1.3047367949337711,0.002756591007261555,0.006499589973634423,0.011986681913274446,0.0013636432499868085,-0.002395770846756004,0.013239547366256701,0.005112242289559943,-0.0035402679208522397,0.06496092458710659,-0.11352669838420004,0.17262117979898878,-0.053632167856154545,-0.10051868245002335,0.44982970562533664,0.5283208335737187,0.0,0.0,0.396240625180289,0.0,0.0,0.5,0.5,0.0,2.0,0.09375,0.15625,1.481063262354709,0.08153857345539928,0.18318969129641327,7.59375,-0.03125,0.78125,1.8983757913440875,0.18034991749183193,0.007182278446529411,6.59375,-0.125,0.625,0.34375,0.03125,0.03125,2.064516129032258,-0.09677419354838701,-0.3870967741935485,0.8978494623655915,-0.00537634408602139,-0.00537634408602139,0.34375,0.0625,-0.03125,2.6363636363636362,-0.8080808080808084,-0.2803030303030303,0.7272727272727273,-0.2727272727272727,-0.10606060606060608,1.35009765625,0.181640625,0.42167023689516125,0.03125,0.0,0.03125,1.90625,0.0625,0.0625,1.3040724054705235,0.006198834412227683,0.006198834412227683,6.53125,-0.0625,-0.28125,1.9835513117768375,0.20810270876533843,0.09235779887927942,5.625,-0.125,-0.34375,0.34375,0.03125,0.03125,2.129032258064516,-0.06451612903225801,-0.3225806451612905,0.9032258064516129,0.0,0.0,0.34375,0.0625,-0.03125,2.6363636363636362,-0.8080808080808084,-0.2803030303030303,0.7272727272727273,-0.2727272727272727,-0.10606060606060608,0.8775201612903226,-0.07056451612903225,-0.050907258064516125,0.0,0.0,0.0
GaPt16_01,pd,3,0.03147172128605739,0.021521286372231337,0.02312334500474424,1.0524999999999776,-0.02624999999999944,-0.012499999999999734,0.010350983390135092,-0.009959112621454377,-0.005684691124610029,0.014285714285713982,-0.005714285714285592,-0.00857142857142839,-0.48076923076923084,-0.16264112007549025,0.19910142506079076,8.447768720413003e-18,0.5457051563317492,-0.5303948353054367,0.3182819957330626,-0.01763671586502691,-0.007975029874766393,0.01931700402889456,-0.0011258400394478993,0.0072379763881892725,0.024408290234423202,0.0012770361479956006,0.010897364808309036,-0.1322555157507312,0.010219345217697684,-0.07352861882927944,-0.5835642095528824,-0.7455446957059435,-0.16523090092981718,1.0213626796702973,0.0016265888859774424,-0.006900990941685947,0.015864706776820576,0.00531555024038388,-0.003167779171903657,0.011141595387256295,0.003255548596933888,-0.010607975234817124,0.4164280537767977,-0.08099129838041846,0.25376908378574703,-0.23315146890287214,0.3413017802757253,0.306742401710241,1.2969201678677522,-0.007816627066018933,-0.0013170370923845098,0.012007469015706098,2.0787102431651244e-05,-0.002374983744324353,0.012358376607564241,-0.0008811707586924601,-0.0044214386795447,-0.00576168737233202,-0.0707226119594386,0.10189856783955017,-0.5235961271426465,-0.46996395928649193,-0.020134253661155288,0.5283208335737187,0.0,0.0,0.396240625180289,0.0,0.0,0.3333333333333333,-0.16666666666666669,-0.16666666666666669,1.96875,-0.03125,0.125,1.4024028918138118,-0.07866037054089725,0.10452932075551602,8.5625,0.96875,1.75,1.79493013611906,-0.10344565522502758,-0.09626337677849817,7.59375,1.0,1.625,0.34375,0.0,0.03125,2.193548387096774,0.12903225806451601,-0.2580645161290325,0.9354838709677419,0.03763440860215039,0.032258064516129004,0.34375,0.0,-0.03125,2.8181818181818183,0.1818181818181821,-0.09848484848484818,0.9090909090909091,0.18181818181818177,0.07575757575757569,1.134765625,-0.21533203125,0.20633820564516125,0.03125,0.0,0.03125,1.90625,0.0,0.0625,1.3040724054705235,0.0,0.006198834412227683,6.53125,0.0,-0.28125,1.848877165793755,-0.13467414598308247,-0.042316347103803054,5.625,0.0,-0.34375,0.34375,0.0,0.03125,2.225806451612903,0.09677419354838701,-0.22580645161290347,0.9354838709677419,0.032258064516129004,0.032258064516129004,0.34375,0.0,-0.03125,2.8181818181818183,0.1818181818181821,-0.09848484848484818,0.9090909090909091,0.18181818181818177,0.07575757575757569,0.9133064516129032,0.03578629032258063,-0.015120967741935498,0.0,0.0,0.0
GaPt16_01,pd,4,0.00847391701957652,0.025456940636971032,0.024059529935200975,1.0487499999999776,-0.00374999999999992,-0.016249999999999654,0.01552647508520264,0.005175491695067548,-0.0005091994295424816,0.014285714285713982,0.0,-0.00857142857142839,0.3964757936890943,0.8772450244583252,1.076346449519116,-0.6116502129705134,-0.6116502129705134,-1.14204504827595,0.32881386932104206,0.010531873587979468,0.002556843713213075,0.023958286365311738,0.004641282336417179,0.011879258724606451,0.025691861053252996,0.0012835708188297934,0.012180935627138829,-0.14491381864429503,-0.012658302893563844,-0.08618692172284328,-0.6384715675894672,-0.054907358036584863,-0.22013825896640205,1.0153869850980148,-0.0059756945722824195,-0.012876685513968367,0.018144198327095126,0.0022794915502745497,-0.0008882876216291073,0.018971354530716696,0.0078297591434604,-0.0027782160913567243,-0.2988450765240157,-0.7152731303008134,-0.4615040465150664,-0.41481775196444337,-0.18166628306157123,0.12507611864866974,1.2990491628877585,0.002128995020006297,0.000811957927621787,0.012425060802854005,0.00041759178714790776,-0.001957391957176445,0.010003919096767946,-0.002354457510796295,-0.006775896190340995,0.32546535014605,0.331227037518382,0.4331256053579322,-0.3968926537179595,0.12670347342468696,0.10656921976353168,0.5283208335737187,0.0,0.0,0.396240625180289,0.0,0.0,0.16666666666666666,-0.16666666666666666,-0.33333333333333337,2.15625,0.1875,0.3125,1.5680144625731962,0.16561157075938437,0.2701408915149004,7.59375,-0.96875,0.78125,1.9320618269677103,0.1371316908486504,0.040868314070152234,6.4375,-1.15625,0.46875,0.40625,0.0625,0.09375,2.774193548387097,0.580645161290323,0.3225806451612905,0.9631336405529954,0.02764976958525356,0.05990783410138256,0.375,0.03125,0.0,3.1666666666666665,0.3484848484848482,0.25,1.0,0.09090909090909094,0.16666666666666663,1.84423828125,0.70947265625,0.9158108618951613,0.03125,0.0,0.03125,2.03125,0.125,0.1875,1.307160799151623,0.003088393681099477,0.00928722809332716,6.5,-0.03125,-0.3125,2.032002032003048,0.18312486620929302,0.14080851910548997,5.46875,-0.15625,-0.5,0.40625,0.0625,0.09375,2.806451612903226,0.580645161290323,0.3548387096774195,0.967741935483871,0.032258064516129115,0.06451612903225812,0.40625,0.0625,0.03125,3.076923076923077,0.25874125874125875,0.16025641025641058,1.0,0.09090909090909094,0.16666666666666663,0.8714717741935484,-0.04183467741935487,-0.05695564516129037,0.0,0.0,0.0
GaPt16_01,pd,5,0.02553097442470516,0.016893597977232357,0.035958019708734135,1.0674999999999772,0.0187499999999996,0.0024999999999999467,0.022519832529191586,0.006993357443988947,0.006484158014446465,0.014285714285713982,0.0,-0.00857142857142839,0.4751909633114915,0.07871516962239722,1.155061619141513,-0.10726058003503602,0.5043896329354773,-0.6376554153404728,0.3654985003008668,0.03668463097982472,0.03924147469303779,0.01936100279966788,-0.004597283565643859,0.007281975158962593,0.017053157215575605,-0.00863870383767739,0.0035422317894614388,0.3019054749800394,0.4468192936243344,0.36063237190149117,-0.5021465386089337,0.13632502898053356,-0.08381322998586849,1.0188522073843174,0.0034652222863025273,-0.00941146322766584,0.017570453697873682,-0.0005737446292214433,-0.0014620322508505507,0.0136762358391197,-0.005295118691596996,-0.00807333478295372,0.4925954174438003,0.791440493967816,0.32993644745274964,0.12376548295136057,0.538583234915804,0.6636593535644737,1.3022377027264276,0.003188539838669069,0.004000497766290856,0.01857898681608142,0.0061539260132274145,0.0041965340560509694,0.022143030469728986,0.01213911137296104,0.005363215182620045,-0.19949373932512662,-0.5249590894711766,-0.09183348411324443,-0.28122846723751826,0.11566418648044124,0.22223340624397292,0.5887168828181184,0.060396049244399674,0.060396049244399674,0.5210738290240025,0.12483320384371344,0.12483320384371344,0.5,0.33333333333333337,0.0,2.03125,-0.125,0.1875,1.4024028918138118,-0.16561157075938437,0.10452932075551602,8.5,0.90625,1.6875,1.967477507351859,0.03541568038414855,0.07628399445430079,7.46875,1.03125,1.5,0.375,-0.03125,0.0625,2.4516129032258065,-0.3225806451612905,0.0,0.9032258064516129,-0.05990783410138256,0.0,0.34375,-0.03125,-0.03125,3.1818181818181817,0.015151515151515138,0.26515151515151514,0.9090909090909091,-0.09090909090909094,0.07575757575757569,1.05859375,-0.78564453125,0.13016633064516125,0.03125,0.0,0.03125,1.96875,-0.0625,0.125,1.307160799151623,0.0,0.00928722809332716,6.46875,-0.03125,-0.34375,2.0158144915929466,-0.01618754041010151,0.12462097869538846,5.5,0.03125,-0.46875,0.375,-0.03125,0.0625,2.4838709677419355,-0.3225806451612905,0.032258064516129004,0.9032258064516129,-0.06451612903225812,0.0,0.34375,-0.0625,-0.03125,3.1818181818181817,0.10489510489510456,0.26515151515151514,0.9090909090909091,-0.09090909090909094,0.07575757575757569,0.8346774193548387,-0.03679435483870963,-0.09375,0.0,0.0,0.0
GaPt16_01,pd,6,0.02066558030805976,0.019635373786012232,0.025305390173930367,1.0462499999999777,-0.021249999999999547,-0.0187499999999996,0.009161253813128847,-0.01335857871606274,-0.006874420701616275,0.011428571428571186,-0.002857142857142796,-0.011428571428571186,-0.39999999999999997,-0.8751909633114915,0.27987065583002163,-0.3799802978286741,-0.2727197177936381,-0.9103751331341108,0.34163751998749253,-0.023860980313374247,0.015380494379663545,0.017293124580606795,-0.002067878219061084,0.005214096939901509,0.017131206619077244,7.804940350163853e-05,0.0036202811929630773,0.2610145444085581,-0.0408909305714813,0.31974144133000987,-0.1183086842935644,0.38383785431536926,0.3000246243295008,1.0227808473354818,0.0039286399511644365,-0.005482823276501403,0.01782423586505354,0.00025378216717985777,-0.001208250083670693,0.022085219449990628,0.008408983610870929,0.0003356488279172079,-0.22926549873846225,-0.7218609161822626,-0.3919244687295129,-0.028362401331354627,-0.1521278842827152,0.5115314692817585,1.3023036235151548,6.592078872724727e-05,0.004066418555018103,0.014961051576405203,-0.0036179352396762173,0.0005785988163747521,0.01622284152574895,-0.005920188943980036,-0.0005569737613599912,0.14732017587398705,0.34681391519911364,0.2549804310858692,0.5164845876922205,0.7977130549297388,1.0199464611737117,0.5887168828181184,0.0,0.060396049244399674,0.4868346990468885,-0.03423912997711398,0.09059407386659946,0.16666666666666666,-0.33333333333333337,-0.33333333333333337,1.9375,-0.09375,0.09375,1.4797013648139472,0.07729847300013537,0.1818277937556514,8.6875,0.1875,1.875,1.6932027297021959,-0.274274777649663,-0.19799078319536223,7.75,0.28125,1.78125,0.3125,-0.0625,0.0,2.0,-0.4516129032258065,-0.4516129032258065,0.8387096774193549,-0.06451612903225801,-0.06451612903225801,0.28125,-0.0625,-0.09375,3.2222222222222223,0.040404040404040664,0.3055555555555558,1.0,0.09090909090909094,0.16666666666666663,1.453125,0.39453125,0.5246975806451613,0.03125,0.0,0.03125,1.84375,-0.125,0.0,1.2978735710582958,-0.00928722809332716,0.0,6.625,0.15625,-0.1875,1.791557260975724,-0.22425723061722258,-0.09963625192183412,5.78125,0.28125,-0.1875,0.3125,-0.0625,0.0,2.064516129032258,-0.4193548387096775,-0.3870967741935485,0.8387096774193549,-0.06451612903225801,-0.06451612903225801,0.28125,-0.0625,-0.09375,3.2222222222222223,0.040404040404040664,0.3055555555555558,1.0,0.09090909090909094,0.16666666666666663,0.9838709677419355,0.14919354838709675,0.05544354838709675,0.0,0.0,0.0
GaPt16_01,pd,7,0.019130155490758038,0.03412397227839885,0.027724451251898385,1.0437499999999778,-0.0024999999999999467,-0.021249999999999547,0.010606601717797986,0.0014453479046691396,-0.005429072796947135,0.012857142857142583,0.0014285714285713971,-0.009999999999999789,0.04303314829119351,0.44303314829119345,0.7229038041212151,-2.919270413460006e-17,0.37998029782867404,-0.5303948353054367,0.3448022202807878,0.0031647002932952417,0.018545194672958787,0.02548292640077966,0.008189801820172864,0.013403898760074372,0.02714306994656614,0.010011863327488896,0.013632144520451974,-0.09552809632884283,-0.35654264073740094,-0.03680119940739108,0.003944234645538392,0.1222529189391028,0.42227754326860356,1.008471585049255,-0.014309262286226865,-0.019792085562728268,0.017402186510918242,-0.0004220493541352982,-0.001630299437805991,0.01781815041177039,-0.004267069038220238,-0.00393142021030303,0.26690594290196873,0.496171441640431,0.10424697291091803,-0.45792975332067143,-0.4295673519893168,0.08196411729244168,1.2934259644153856,-0.00887765909976923,-0.0048112405447511275,0.016985027476386385,0.0020239758999811824,0.0026025747163559345,0.015063200305133735,-0.0011596412206152148,-0.001716614981975206,0.29523203693682487,0.14791186106283782,0.40289229214870703,-0.45156347282857023,-0.9680480605207907,0.05189840065292095,0.6184628474025112,0.029745964584392826,0.0901420138287925,0.46384713555188345,-0.022987563495005026,0.06760651037159443,0.5,0.33333333333333337,0.0,2.15625,0.21875,0.3125,1.393750452046795,-0.08595091276715228,0.09587688098849911,9.28125,0.59375,2.46875,1.8002575980550224,0.10705486835282652,-0.09093591484253571,8.125,0.375,2.15625,0.4375,0.125,0.125,2.774193548387097,0.774193548387097,0.3225806451612905,0.967741935483871,0.12903225806451613,0.06451612903225812,0.40625,0.125,0.03125,3.076923076923077,-0.14529914529914523,0.16025641025641058,0.9230769230769231,-0.07692307692307687,0.08974358974358976,1.07568359375,-0.37744140625,0.14725617439516125,0.03125,0.0,0.03125,2.09375,0.25,0.25,1.3040724054705235,0.006198834412227683,0.006198834412227683,6.25,-0.375,-0.5625,1.8491497610279373,0.05759250005221328,-0.04204375186962084,5.15625,-0.625,-0.8125,0.4375,0.125,0.125,2.806451612903226,0.741935483870968,0.3548387096774195,0.967741935483871,0.12903225806451613,0.06451612903225812,0.40625,0.125,0.03125,3.076923076923077,-0.14529914529914523,0.16025641025641058,0.9230769230769231,-0.07692307692307687,0.08974358974358976,0.8523185483870968,-0.13155241935483875,-0.07610887096774199,0.0,0.0,0.0
GaPt17_01,pd,1,0.035786531319728976,0.035786531319728976,0.03380335868710427,1.1949999999999745,0.0,0.0,0.028784916685156363,-0.0045960017306941325,-0.0045960017306941325,0.02285714285714237,-0.008571428571428386,-0.008571428571428386,0.043606868312723944,-0.013110957498090457,-0.013110957498090457,-0.1083352035027076,-0.38491064375031697,-0.38491064375031697,0.3643106496650256,0.010497620923727635,0.010497620923727635,0.02636745650424357,0.004839660056889072,0.004839660056889072,0.031400108201080294,0.005419375533446919,0.005419375533446919,-0.040042132898522015,-0.07699234191162374,-0.07699234191162374,-0.11222686773068515,0.7395693645095918,0.7395693645095918,0.9577618072901488,-0.01734021732789026,-0.01734021732789026,0.05667551325114371,0.017213885168915553,0.017213885168915553,0.04577225224773523,0.014839692052345636,0.014839692052345636,0.41873439385609723,0.04245494939824612,0.04245494939824612,-0.07403337775498921,0.33937622170812093,0.33937622170812093,1.3430964089435378,0.033034858526046484,0.033034858526046484,0.023106682101323314,-0.008152571166678398,-0.008152571166678398,0.03158587049796334,0.006380286838820529,0.006380286838820529,-0.7556052395066675,-1.0520127497913512,-1.0520127497913512,0.004441811391540355,-0.28752263423905716,-0.28752263423905716,0.5887168828181184,-0.045652173302818566,-0.045652173302818566,0.6095136727289302,0.08843984370492775,0.08843984370492775,0.3333333333333333,-0.3333333333333333,-0.3333333333333333,1.90625,0.0,0.0,1.3995246888993098,0.09545228342878631,0.09545228342878631,7.75,1.25,1.25,1.9344083032987032,0.0,0.0,6.84375,1.25,1.25,0.3125,-0.03125,-0.03125,2.2903225806451615,-0.06451612903225801,-0.06451612903225801,0.8387096774193549,-0.056451612903225756,-0.056451612903225756,0.28125,-0.0625,-0.0625,3.5555555555555554,0.5555555555555554,0.5555555555555554,1.0,0.18181818181818177,0.18181818181818177,1.15966796875,0.21007119455645162,0.21007119455645162,0.03125,0.03125,0.03125,1.84375,-0.0625,-0.0625,1.2978735710582958,-0.006198834412227683,-0.006198834412227683,6.71875,0.21875,0.21875,1.9876128493018146,0.05320454600311142,0.05320454600311142,5.875,0.28125,0.28125,0.3125,-0.03125,-0.03125,2.3225806451612905,-0.032258064516129004,-0.032258064516129004,0.8387096774193549,-0.056451612903225756,-0.056451612903225756,0.28125,-0.0625,-0.0625,3.5555555555555554,0.5555555555555554,0.5555555555555554,1.0,0.18181818181818177,0.18181818181818177,0.9390120967741935,-0.010584677419354871,-0.010584677419354871,0.0,0.0,0.0
GaPt17_01,pd,2,0.021180966643198965,0.047029333173698326,0.05302872964455167,1.1899999999999746,-0.004999999999999893,-0.004999999999999893,0.028784916685156363,0.0,-0.0045960017306941325,0.04285714285714194,0.01999999999999957,0.011428571428571184,-0.47236180904522623,-0.5159686773579502,-0.5290796348560406,-0.33471897195898964,-0.22638376845628205,-0.6112944122065991,0.3721460767429779,0.007835427077952317,0.018333048001679952,0.026333879681397505,-3.357682284606603e-05,0.004806083234043006,0.02939640247857946,-0.002003705722500835,0.0034156698109460842,0.05588777465580144,0.09592990755432346,0.01893756564269971,0.4948146527334728,0.6070415204641579,1.3466108849737497,0.9662882212111886,0.00852641392103981,-0.008813803406850451,0.054417709195029924,-0.0022578040561137824,0.014956081112801771,0.06066626803578507,0.014894015788049844,0.02973370784039548,-0.34065224302002356,-0.7593866368761208,-0.7169316874778746,-0.4422457430833345,-0.3682123653283453,-0.028836143620224353,1.354689642463836,0.011593233520298174,0.04462809204634466,0.04019470920960567,0.017088027108282354,0.008935455941603956,0.047418369035328,0.01583249853736466,0.02221278537618519,-0.4381027464804818,0.31750249302618566,-0.7345102567651655,-0.1834788149655952,-0.18792062635713555,-0.47544326059619274,0.6394319446848299,0.050715061866711486,0.00506288856389292,0.6424434587573694,0.03292978602843921,0.12136962973336696,0.16666666666666666,-0.16666666666666666,-0.5,2.0,0.09375,0.09375,1.481063262354709,0.08153857345539928,0.1769908568841856,7.4375,-0.3125,0.9375,1.758619326484237,-0.17578897681446626,-0.17578897681446626,6.4375,-0.40625,0.84375,0.34375,0.03125,0.0,2.161290322580645,-0.12903225806451646,-0.19354838709677447,0.9354838709677419,0.09677419354838701,0.040322580645161255,0.40625,0.125,0.0625,2.4615384615384617,-1.0940170940170937,-0.5384615384615383,0.7692307692307693,-0.23076923076923073,-0.04895104895104896,1.3779296875,0.21826171875,0.4283329133064516,0.03125,0.0,0.03125,1.90625,0.0625,0.0,1.3040724054705235,0.006198834412227683,0.0,6.375,-0.34375,-0.125,1.8447834036687378,-0.14282944563307676,-0.08962489962996534,5.46875,-0.40625,-0.125,0.34375,0.03125,0.0,2.225806451612903,-0.09677419354838745,-0.12903225806451646,0.9354838709677419,0.09677419354838701,0.040322580645161255,0.40625,0.125,0.0625,2.4615384615384617,-1.0940170940170937,-0.5384615384615383,0.7692307692307693,-0.23076923076923073,-0.04895104895104896,0.90625,-0.032762096774193505,-0.043346774193548376,0.0,0.0,0.0
GaPt17_01,pd,3,0.09418564996348028,0.13267159100381734,0.13265210456413323,1.1624999999999752,-0.027499999999999414,-0.03249999999999931,0.12150837713624968,0.09272346045109331,0.08812745872039918,0.13999999999999702,0.09714285714285507,0.10857142857142627,-0.06583706522469335,0.4065247438205329,-0.12255489103550775,-0.6966310516849443,-0.3619120797259547,-0.9732064919325537,0.44556979772398586,0.07342372098100797,0.09175676898268792,0.08435527426802528,0.05802139458662777,0.06282747782067077,0.08815064746866781,0.058754244990088356,0.06216991480103444,0.22062755574219697,0.16473978108639553,0.18367734672909525,-0.8424329516997072,-1.33724760443318,0.009363280540569674,1.0256814105325534,0.059393189321364726,0.050579385914514274,0.08947031492612165,0.03505260573109172,0.05000868684389349,0.09502518812438183,0.03435892008859676,0.06409262792899224,0.18452989343683818,0.5251821364568617,-0.19174955102101293,0.04633747400857896,0.48858321709191344,0.4597470734716891,1.4682853336079198,0.11359569114408385,0.1582237831904285,0.22633325690931672,0.18613854769971105,0.195074003641315,0.21048864572426024,0.16307027668893223,0.18528306206511744,0.2199232731697647,0.6580260196502465,-0.07648423711491895,-0.6195579872317571,-0.43607917226616194,-0.9115224328623547,0.868821618915885,0.22938967423105516,0.23445256279494808,0.8050438803660861,0.16260042160871668,0.28397005134208364,0.3333333333333333,0.16666666666666666,-0.3333333333333333,1.8125,-0.1875,-0.09375,1.490561704039248,0.00949844168453895,0.18648929856872454,8.90625,1.46875,2.40625,2.0846501214909563,0.3260307950067194,0.15024181819225313,8.09375,1.65625,2.5,0.25,-0.09375,-0.09375,1.8709677419354838,-0.29032258064516125,-0.4838709677419357,0.7596774193548387,-0.1758064516129032,-0.13548387096774195,0.25,-0.15625,-0.09375,3.0,0.5384615384615383,0.0,0.875,0.10576923076923073,0.05681818181818177,1.208984375,-0.1689453125,0.2593876008064516,0.03125,0.0,0.03125,1.71875,-0.1875,-0.1875,1.3733494492216536,0.06927704375113009,0.06927704375113009,6.84375,0.46875,0.34375,2.2013100937923893,0.35652669012365146,0.2669017904936861,6.125,0.65625,0.53125,0.25,-0.09375,-0.09375,1.8064516129032258,-0.41935483870967727,-0.5483870967741937,0.75,-0.18548387096774188,-0.14516129032258063,0.25,-0.15625,-0.09375,3.0,0.5384615384615383,0.0,0.875,0.10576923076923073,0.05681818181818177,0.9899193548387096,0.08366935483870963,0.040322580645161255,0.0,0.0,0.0
GaPt17_01,pd,4,0.16336637906233686,0.042672059583040496,0.06180947161943025,1.1674999999999751,0.004999999999999893,-0.027499999999999414,0.03732100136460815,-0.08418737577164154,0.003940082948757653,0.04285714285714194,-0.09714285714285507,0.011428571428571184,0.0051422661310478275,0.07097933135574118,-0.051575559679766576,0.49245324782709143,1.1890842995120359,0.21587780757948205,0.32492479293143134,-0.12064500479255452,-0.028888235809866603,0.031306860458590796,-0.05304841380943448,0.009779064011236297,0.02177033793692997,-0.06638030953173785,-0.004210394730703407,0.6318523965048354,0.41122484076263843,0.5949021874917336,0.8987133592448914,1.7411463109445986,1.7505095914851683,0.9642410534300401,-0.06144035710251328,-0.010860971187999002,0.06282537247731274,-0.02664494244880891,0.023363744395084582,0.08917319637203203,-0.005851991752349808,0.058240636176642435,-0.48218400145760076,-0.6667138948944389,-0.8584634459154519,-0.17498701543490713,-0.2213244894434861,0.238422584028203,1.2869372646940413,-0.18134806891387845,-0.023124285723449933,0.04933475913571636,-0.17699849777360036,0.01807550586771465,0.06154759804558282,-0.1489410476786774,0.03634201438644001,-0.15562794059381874,-0.37555121376358347,-0.4520354508785024,-0.04764415363201367,0.5719138335997435,-0.3396085992626112,0.6530493056757483,-0.2157723132401368,0.01868024955481129,0.5767506828567777,-0.22829319750930843,0.05567685383277521,0.3333333333333333,0.0,-0.3333333333333333,1.90625,0.09375,0.0,1.5731491941633426,0.08258749012409461,0.26907678869281915,7.625,-1.28125,1.125,1.5811388300841898,-0.5035112914067665,-0.3532694732145134,6.71875,-1.375,1.125,0.28125,0.03125,-0.0625,1.935483870967742,0.06451612903225823,-0.4193548387096775,0.9228110599078341,0.1631336405529954,0.027649769585253448,0.34375,0.09375,0.0,2.6363636363636362,-0.36363636363636376,-0.36363636363636376,0.7272727272727273,-0.1477272727272727,-0.09090909090909094,1.88427734375,0.67529296875,0.9346805695564516,0.03125,0.0,0.03125,1.78125,0.0625,-0.125,1.2885194053891917,-0.08483004383246184,-0.015553000081331758,6.53125,-0.3125,0.03125,1.7035896636031471,-0.49772043018924217,-0.23081863969555605,5.75,-0.375,0.15625,0.28125,0.03125,-0.0625,2.032258064516129,0.22580645161290325,-0.3225806451612905,0.9274193548387096,0.17741935483870963,0.032258064516129004,0.34375,0.09375,0.0,2.6363636363636362,-0.36363636363636376,-0.36363636363636376,0.7272727272727273,-0.1477272727272727,-0.09090909090909094,0.9128024193548387,-0.07711693548387089,-0.03679435483870963,0.0,0.0,0.0
GaPt17_01,pd,5,0.024885036073432957,0.024779339169011254,0.027472092618093254,1.169999999999975,0.0024999999999999467,-0.024999999999999467,0.023904572186687362,-0.013416429177920786,-0.009476346229163133,0.025714285714285166,-0.017142857142856776,-0.005714285714285592,-0.0036764705882353192,-0.008818736719283148,-0.060394296399049724,0.1147078669352809,-0.37774538089181053,-0.16186757331232848,0.34178580064346886,0.016861007712037523,-0.012027228097829079,0.019537930823080283,-0.011768929635510513,-0.001989865624274216,0.019691108719670287,-0.002079229217259681,-0.006289623947963088,0.17540610005215035,-0.45644629645268503,0.13845589103904862,0.10367438639812543,-0.795038972846766,0.9554706186384023,0.9700556043000721,0.00581455087003202,-0.005046420317966982,0.013876341325840346,-0.04894903115147239,-0.025585286756387805,0.014462954685480296,-0.07471024168655173,-0.016469605509909294,-0.029900968406740024,0.45228303305086076,-0.4061804128645911,0.0602162941377252,0.23520330957263233,0.47362589360083535,1.3141584709796696,0.027221206285628297,0.004096920562178363,0.022216565844282995,-0.027118193291433366,-0.009042687423718717,0.023272426819972276,-0.03827517122561054,-0.0019331568391705335,-0.16763452938209156,-0.01200658878827282,-0.4640420396667752,-0.5546069552057078,-0.5069628015736941,-0.8465714008363053,0.5283208335737187,-0.12472847210202953,-0.10604822254721824,0.44153766211358875,-0.13521302074318892,-0.07953616691041371,0.3333333333333333,0.0,-0.3333333333333333,1.84375,-0.0625,-0.0625,1.393750452046795,-0.17939874211654772,0.08967804657627143,8.8125,1.1875,2.3125,1.891193512897558,0.31005468281336834,-0.043214790401145065,7.96875,1.25,2.375,0.28125,0.0,-0.0625,1.8709677419354838,-0.06451612903225823,-0.4838709677419357,0.8387096774193549,-0.0841013824884792,-0.056451612903225756,0.25,-0.09375,-0.09375,3.25,0.6136363636363638,0.25,1.0,0.2727272727272727,0.18181818181818177,1.19873046875,-0.685546875,0.24913369455645162,0.03125,0.0,0.03125,1.78125,0.0,-0.125,1.2885194053891917,0.0,-0.015553000081331758,6.78125,0.25,0.28125,1.9466161707252492,0.24302650712210205,0.012207867426546004,6.0,0.25,0.40625,0.28125,0.0,-0.0625,1.903225806451613,-0.12903225806451601,-0.4516129032258065,0.8387096774193549,-0.08870967741935476,-0.056451612903225756,0.25,-0.09375,-0.09375,3.25,0.6136363636363638,0.25,1.0,0.2727272727272727,0.18181818181818177,0.9793346774193549,0.06653225806451613,0.029737903225806495,0.0,0.0,0.0
GaPt17_01,pd,6,0.026635606554763252,0.030498431997556908,0.08652796951745276,1.2137499999999741,0.04374999999999907,0.0187499999999996,0.06968039281503037,0.04577582062834301,0.036299474399179875,0.0757142857142841,0.049999999999998934,0.04428571428571334,0.11727106114769932,0.12094753173593464,0.06055323533688492,0.15092403727143197,0.03621617033615107,-0.1256514029761774,0.3559773608526489,0.014191560209180054,0.002164332111350975,0.04976850297878886,0.03023057215570858,0.028240706531434363,0.060630587328012624,0.040939478608342336,0.034649854660379245,0.05532033997864196,-0.12008576007350838,0.01837013096554023,-0.6034070993442273,-0.7070814857423527,0.24838913289604958,0.950822053745088,-0.019233550554984102,-0.024279970872951084,0.05088930540626243,0.03701296408042208,0.011427677324034276,0.07628326796125504,0.06182031327577474,0.045350707765865444,-0.6181743114128527,-0.5882733430061127,-0.9944537558707038,0.05603649214311149,-0.004179801994613715,0.46944609160622164,1.307233123813571,-0.0069253471660986055,-0.002828426603920242,0.08714630089078336,0.06492973504650036,0.05588704762278165,0.09520638486014026,0.07193395804016797,0.07000080120099744,0.1596047012479738,0.3272392306300653,-0.13680280903670985,-0.8393683534985008,-0.284761398292793,-1.1313327991290985,0.6570839453348221,0.12876311176110333,0.022714889213885092,0.7011462923344499,0.25960863022086117,0.18007246331044746,0.16666666666666666,-0.16666666666666666,-0.5,1.875,0.03125,-0.03125,1.4756081305138942,0.08185767846709924,0.17153572504337067,8.875,0.0625,2.375,1.862187406112465,-0.029006106785093078,-0.07222089718623814,8.0,0.03125,2.40625,0.28125,0.0,-0.0625,2.193548387096774,0.32258064516129026,-0.16129032258064546,0.9032258064516129,0.06451612903225801,0.008064516129032251,0.3125,0.0625,-0.03125,3.1,-0.1499999999999999,0.10000000000000009,0.9,-0.09999999999999998,0.08181818181818179,1.41064453125,0.2119140625,0.4610477570564516,0.03125,0.0,0.03125,1.78125,0.0,-0.125,1.2885194053891917,0.0,-0.015553000081331758,6.8125,0.03125,0.3125,1.9582332392630961,0.011617068537846942,0.023824935964392946,6.03125,0.03125,0.4375,0.28125,0.0,-0.0625,2.2580645161290325,0.3548387096774195,-0.09677419354838701,0.9032258064516129,0.06451612903225801,0.008064516129032251,0.3125,0.0625,-0.03125,3.1,-0.1499999999999999,0.10000000000000009,0.9,-0.09999999999999998,0.08181818181818179,0.9400201612903226,-0.03931451612903225,-0.009576612903225756,0.0,0.0,0.0
GaPt17_01,pd,7,0.05584794030105334,0.05002130670070528,0.10191594294093949,1.1424999999999756,-0.07124999999999848,-0.05249999999999888,0.15040421726609798,0.08072382445106761,0.11702329885024748,0.18714285714285314,0.11142857142856905,0.1557142857142824,-0.4228273937582085,-0.5400984549059078,-0.4795452195690229,-0.7010105342040575,-0.8519345714754895,-0.9775859744516668,0.421885701334462,0.0659083404818131,0.06807267259316407,0.13514571498253264,0.08537721200374378,0.11361791853517814,0.10984052437328397,0.049209937045271344,0.0838597917056506,0.3896823612492482,0.33436202127060627,0.35273215223614646,-0.009848533532235974,0.5935585658119913,0.8419476987080409,0.972673666799587,0.02185161305449901,-0.002428357818452076,0.0533669039395866,0.002477598533324174,0.01390527585735845,0.05729175973078412,-0.018991508230470917,0.026359199535394527,-0.286135343232539,0.33203896818031375,-0.6624147876903901,-0.46209457287273853,-0.51813106501585,-0.04868497340962841,1.3807021794317271,0.07346905561815609,0.07064062901423585,0.14588661876815723,0.05874031787737387,0.11462736550015551,0.1220782396939879,0.026871854833847644,0.09687265603484509,0.30813488689897023,0.14853018565099643,0.011727376614286578,-0.229444185032813,0.6099241684656878,-0.5214086306634105,0.7987468750600965,0.1416629297252744,0.16437781893915948,0.7032268229617389,0.002080530627288968,0.18215299393773643,0.6666666666666666,0.5,0.0,1.875,0.0,-0.03125,1.3619246343602935,-0.11368349615360063,0.05785222888977004,9.625,0.75,3.125,1.896516330946925,0.03432892483446004,-0.0378919723517781,8.75,0.75,3.15625,0.3125,0.03125,-0.03125,2.3225806451612905,0.12903225806451646,-0.032258064516129004,0.8951612903225806,-0.008064516129032251,0.0,0.34375,0.03125,0.0,3.0,-0.10000000000000009,0.0,0.7272727272727273,-0.17272727272727273,-0.09090909090909094,1.212890625,-0.19775390625,0.2632938508064516,0.03125,0.0,0.03125,1.8125,0.03125,-0.09375,1.2556324713967086,-0.0328869339924831,-0.04843993407381486,6.59375,-0.21875,0.09375,1.9486864889607216,-0.009546750302374507,0.014278185662018439,5.78125,-0.25,0.1875,0.3125,0.03125,-0.03125,2.3548387096774195,0.09677419354838701,0.0,0.8951612903225806,-0.008064516129032251,0.0,0.34375,0.03125,0.0,3.0,-0.10000000000000009,0.0,0.7272727272727273,-0.17272727272727273,-0.09090909090909094,0.9939516129032258,0.053931451612903136,0.04435483870967738,0.0,0.0,0.0
GaPt18_01,pd,1,0.045330500174660664,0.045330500174660664,0.035229506420792006,1.1437499999999756,-0.00374999999999992,-0.00374999999999992,0.02774243783705434,-0.012877754186124597,-0.012877754186124597,0.02428571428571377,0.004285714285714195,0.004285714285714195,0.2523720662895491,-0.5730884039630086,-0.5730884039630086,-0.06024549856036714,-0.6492151462516886,-0.6492151462516886,0.3910764441572198,0.0419961281082471,0.0419961281082471,0.013737009752609915,-0.018321025764619435,-0.018321025764619435,0.014895488579073277,-0.008269498205021382,-0.008269498205021382,0.08535677835449074,-0.48184797367602383,-0.48184797367602383,-0.21665042748133173,-0.30868394843401414,-0.30868394843401414,0.9550350786117006,-0.06688993145357025,-0.06688993145357025,0.018176064469753835,-0.00675688842314473,-0.00675688842314473,0.02637807323701686,0.004631455879114208,0.004631455879114208,-0.47901752841076234,-0.8364819175987883,-0.8364819175987883,0.9374208087179345,1.3679334965627143,1.3679334965627143,1.3242319882497027,0.0034771197075622595,0.0034771197075622595,0.025108514236584858,-0.01521476386212273,-0.01521476386212273,0.029124374920177148,-0.00032876921893411695,-0.00032876921893411695,-0.16460257044269622,-0.5579906275301632,-0.5579906275301632,0.335356579816621,0.23615481799941485,0.23615481799941485,0.5283208335737187,-0.060396049244399674,-0.060396049244399674,0.44153766211358875,-0.06760651037159443,-0.06760651037159443,0.0,-0.6666666666666666,-0.6666666666666666,1.78125,-0.0625,-0.0625,1.3850439611050431,0.08717039004674731,0.08717039004674731,7.96875,1.34375,1.34375,1.7502879947357604,0.013587377974752624,0.013587377974752624,7.1875,1.40625,1.40625,0.25,-0.0625,-0.0625,2.064516129032258,-0.06451612903225801,-0.06451612903225801,0.9032258064516129,0.06451612903225801,0.06451612903225801,0.34375,0.0625,0.0625,2.6363636363636362,-0.4747474747474749,-0.4747474747474749,0.8181818181818182,-0.18181818181818177,-0.18181818181818177,1.1884765625,0.220734627016129,0.220734627016129,0.03125,0.03125,0.03125,1.71875,-0.125,-0.125,1.275940513326694,-0.021933057731601924,-0.021933057731601924,6.9375,0.3125,0.3125,1.8128128206134921,0.0761122038524844,0.0761122038524844,6.21875,0.4375,0.4375,0.25,-0.0625,-0.0625,2.096774193548387,-0.032258064516129004,-0.032258064516129004,0.9032258064516129,0.06451612903225801,0.06451612903225801,0.34375,0.0625,0.0625,2.6363636363636362,-0.4747474747474749,-0.4747474747474749,0.8181818181818182,-0.18181818181818177,-0.18181818181818177,0.96875,0.0010080645161290036,0.0010080645161290036,0.0,0.0,0.0
GaPt18_01,pd,2,0.049406144057846,0.025754575505285007,0.04216328749030854,1.1437499999999756,0.0,-0.00374999999999992,0.027742437837054337,-3.469446951953614e-18,-0.0128777541861246,0.025714285714285166,0.0014285714285713971,0.005714285714285592,-0.2500857780090433,-0.5024578442985924,-1.0755462482616012,0.032838405738479494,0.09308390429884664,-0.556131241952842,0.3407315520691616,-0.0503448920880582,-0.008348763979811102,0.026436354143272917,0.012699344390663002,-0.005621681373956432,0.028071516718972216,0.013176028139898939,0.004906529934877557,0.07283935381554256,-0.012517424538948177,-0.494365398214972,-0.5873093249379183,-0.3706588974565866,-0.6793428458906008,0.9621800810703173,0.007145002458616712,-0.05974492899495354,0.031891829136727064,0.013715764666973228,0.006958876243828498,0.04191341184820457,0.015535338611187707,0.020166794490301915,-0.27786322653379597,0.20115430187696637,-0.635327615721822,0.12146418318456959,-0.815956625533365,0.5519768710293493,1.309301186568506,-0.014930801681196648,-0.011453681973634389,0.02573703632954207,0.0006285220929572108,-0.01458624176916552,0.033152234182995004,0.004027859262817856,0.003699090043883739,-0.2995819409254488,-0.1349793704827526,-0.6929699980129158,-0.2540501492909854,-0.5894067291076064,-0.35325191110819154,0.5887168828181184,0.060396049244399674,0.0,0.44153766211358875,0.0,-0.06760651037159443,0.3333333333333333,0.3333333333333333,-0.3333333333333333,1.9375,0.15625,0.09375,1.4797013648139472,0.09465740370890408,0.1818277937556514,7.46875,-0.5,0.84375,1.7224209331541875,-0.027867061581572816,-0.014279683606820193,6.53125,-0.65625,0.75,0.3125,0.0625,0.0,2.032258064516129,-0.032258064516129004,-0.09677419354838701,0.8333333333333334,-0.06989247311827951,-0.005376344086021501,0.28125,-0.0625,0.0,3.111111111111111,0.4747474747474749,0.0,1.0,0.18181818181818177,0.0,1.34765625,0.1591796875,0.379914314516129,0.03125,0.0,0.03125,1.84375,0.125,0.0,1.2978735710582958,0.021933057731601924,0.0,6.40625,-0.53125,-0.21875,1.8114220932736798,-0.001390727339812381,0.07472147651267202,5.5625,-0.65625,-0.21875,0.3125,0.0625,0.0,2.032258064516129,-0.06451612903225801,-0.09677419354838701,0.8387096774193549,-0.06451612903225801,0.0,0.28125,-0.0625,0.0,3.111111111111111,0.4747474747474749,0.0,1.0,0.18181818181818177,0.0,0.875,-0.09375,-0.092741935483871,0.0,0.0,0.0
GaPt18_01,pd,3,0.11420931537527021,0.09842749344217663,0.14812983769694082,1.1437499999999756,0.0,-0.00374999999999992,0.11236897131452782,0.08462653347747348,0.07174877929134887,0.12571428571428303,0.09999999999999787,0.10571428571428346,-0.15360939431349985,0.09647638369554346,-0.9790698645660576,-0.5433842796128018,-0.5762226853512813,-1.1323539273041234,0.43612301300740797,0.09539146093824635,0.08704269695843525,0.14534163999268468,0.11890528584941176,0.11328360447545532,0.12111262568739696,0.09304110896842474,0.0979476389033023,0.16407567332904618,0.09123631951350362,-0.4031290787014684,-0.39306627273875816,0.19424305219916016,-0.4850997936914406,1.0033452167118586,0.04116513564154134,-0.0185797933534122,0.10886745923109484,0.07697563009436778,0.08393450633819627,0.13505263801491327,0.0931392261667087,0.11330602065701062,-0.2671059293026633,0.010757297231132668,-0.6245703184906892,0.1360379622348242,0.014573779050254615,0.566550650079604,1.4507162570605274,0.1414150704920214,0.129961388518387,0.21971509346283336,0.19397805713329128,0.17939181536412577,0.17384320039187298,0.14069096620887797,0.14439005625276172,0.46832050317069823,0.767902444096147,0.0749324460832313,-0.5629083146718359,-0.3088581653808505,-0.662110076489042,0.7775172723102476,0.18880038949212918,0.18880038949212918,0.7189536459234778,0.277415983809889,0.2098094734382946,0.16666666666666666,-0.16666666666666666,-0.5,1.8125,-0.125,-0.03125,1.490561704039248,0.01086033922530083,0.19268813298095222,8.59375,1.125,1.96875,1.6821525188799598,-0.04026841427422778,-0.054548097881047974,7.78125,1.25,2.0,0.25,-0.0625,-0.0625,1.7741935483870968,-0.25806451612903225,-0.35483870967741926,0.8951612903225806,0.06182795698924726,0.056451612903225756,0.28125,0.0,0.0,2.7777777777777777,-0.3333333333333335,-0.3333333333333335,0.8888888888888888,-0.11111111111111116,-0.11111111111111116,1.19775390625,-0.14990234375,0.230011970766129,0.03125,0.0,0.03125,1.75,-0.09375,-0.09375,1.3912166872805047,0.09334311622220892,0.09334311622220892,6.5625,0.15625,-0.0625,1.7401798201483698,-0.07124227312530995,0.003479203387362073,5.8125,0.25,0.03125,0.25,-0.0625,-0.0625,1.8064516129032258,-0.22580645161290325,-0.32258064516129026,0.8951612903225806,0.056451612903225756,0.056451612903225756,0.28125,0.0,0.0,2.7777777777777777,-0.3333333333333335,-0.3333333333333335,0.8888888888888888,-0.11111111111111116,-0.11111111111111116,0.9783266129032258,0.10332661290322576,0.01058467741935476,0.0,0.0,0.0
GaPt18_01,pd,4,0.11741862700411475,0.027062082870033092,0.04731380569390255,1.1324999999999759,-0.01124999999999976,-0.01499999999999968,0.03693623849670749,-0.07543273281782033,-0.0036839535264714465,0.027142857142856563,-0.09857142857142646,0.007142857142856989,0.14594091432256262,0.29955030863606247,-0.6795195559299951,-0.14501576754546985,0.3983685120673319,-0.7339854152367914,0.3308643952665692,-0.10525861774083878,-0.018215920782403527,0.025573711963907075,-0.1197679280287776,-0.006484323553322274,0.018683268683268688,-0.10242935700412828,-0.004481718100825972,0.6006409848902522,0.43656531156120604,0.033436232859737625,-0.019536911163685115,0.37352936157507305,-0.11157043211636754,0.9808058316210491,-0.02253938509080955,-0.04111917844422175,0.04010714499449095,-0.06876031423660389,0.015174192101592387,0.03610040752897895,-0.09895223048593432,0.0143537901710763,0.20542455368906518,0.4725304829917285,-0.1520398354989608,0.11937106860014599,-0.016666893634678215,0.5498837564449258,1.304523098001359,-0.14619315905916852,-0.01623177054078151,0.033447591128828294,-0.18626750233400508,-0.006875686969879294,0.03364922712748803,-0.14019397326438496,0.004196082988376766,0.33583022787008765,-0.13249027530061058,-0.057557829217379286,-0.2020763867350534,0.3608319279367825,-0.30127814855225954,0.634369056120937,-0.14314821618931062,0.045652173302818566,0.4757767920907027,-0.24317685383277504,-0.03336738039448045,0.3333333333333333,0.16666666666666666,-0.3333333333333333,2.03125,0.21875,0.1875,1.575710285308123,0.08514858126887503,0.27783671424982725,7.53125,-1.0625,0.90625,1.6061248696082735,-0.07602764927168626,-0.13057574715273423,6.5,-1.28125,0.71875,0.34375,0.09375,0.03125,2.129032258064516,0.35483870967741926,0.0,0.8986175115207373,0.003456221198156695,0.05990783410138245,0.28125,0.0,0.0,3.3333333333333335,0.5555555555555558,0.22222222222222232,1.0,0.11111111111111116,0.0,1.9150390625,0.71728515625,0.947297127016129,0.03125,0.0,0.03125,1.90625,0.15625,0.0625,1.3040724054705235,-0.08714428180998124,0.006198834412227683,6.4375,-0.125,-0.1875,1.7215428189328765,-0.018637001215493276,-0.015157797828131203,5.53125,-0.28125,-0.25,0.34375,0.09375,0.03125,2.225806451612903,0.41935483870967727,0.09677419354838701,0.9032258064516129,0.008064516129032251,0.06451612903225801,0.3125,0.03125,0.03125,3.2,0.4222222222222225,0.08888888888888902,1.0,0.11111111111111116,0.0,0.9445564516129032,-0.03377016129032251,-0.02318548387096775,0.0,0.0,0.0
GaPt18_01,pd,5,0.02380866564536105,0.037755961915558786,0.04174810998555062,1.172499999999975,0.03999999999999915,0.024999999999999467,0.019820624179301874,-0.017115614317405617,-0.020799567843877063,0.027142857142856563,0.0,0.007142857142856989,-0.6909634979907084,-0.8369044123132711,-1.516423968243266,0.09016696346674324,0.2351827310122131,-0.4988026842245783,0.3388818865765861,0.008017491310016889,-0.010198429472386639,0.038719882876294916,0.013146170912387841,0.0066618473590655675,0.02983242810829017,0.011149159425021482,0.00666744132419551,0.36002840439603434,-0.24061258049421785,-0.20717634763448023,0.2919798664751599,0.311516777638845,0.19994634552247748,0.9488200863434395,-0.031985745277609556,-0.0731049237218313,0.04819884360749786,0.00809169861300691,0.023265890714599297,0.04706765110995766,0.010967243580978711,0.025321033752055012,0.22249634845720734,0.017071794768142162,-0.13496804073081864,-0.2207989344122747,-0.3401700030124207,0.20971375343250512,1.29860217959863,-0.005920918402728903,-0.022152688943510412,0.02760705971645218,-0.005840531412376115,-0.01271621838225541,0.030334202646575825,-0.0033150244809122056,0.0008810585074645605,0.10583832703264334,-0.2299919008374443,-0.2875497300548236,0.13702124621471906,0.33909763294977247,0.037819484397512926,0.6213351542847402,-0.013033901836196793,0.03261827146662177,0.5975840161901108,0.12180722409940808,0.08843984370492763,0.16666666666666666,-0.16666666666666666,-0.5,1.78125,-0.25,-0.0625,1.3850439611050431,-0.19066632420307994,0.08717039004674731,8.5625,1.03125,1.9375,1.7768674864817942,0.17074261687352066,0.040166869720786424,7.78125,1.28125,2.0,0.25,-0.09375,-0.0625,1.935483870967742,-0.19354838709677402,-0.19354838709677402,0.9193548387096774,0.020737327188940058,0.08064516129032251,0.25,-0.03125,-0.03125,3.375,0.04166666666666652,0.26388888888888884,1.0,0.0,0.0,1.197265625,-0.7177734375,0.229523689516129,0.03125,0.0,0.03125,1.71875,-0.1875,-0.125,1.275940513326694,-0.028131892143829607,-0.021933057731601924,6.53125,0.09375,-0.09375,1.8313466753078977,0.10980385637502121,0.09464605854689001,5.8125,0.28125,0.03125,0.25,-0.09375,-0.0625,1.967741935483871,-0.25806451612903203,-0.16129032258064502,0.9193548387096774,0.016129032258064502,0.08064516129032251,0.25,-0.0625,-0.03125,3.375,0.17499999999999982,0.26388888888888884,1.0,0.0,0.0,0.9778225806451613,0.03326612903225801,0.010080645161290258,0.0,0.0,0.0
GaPt18_01,pd,6,0.1150977198182215,0.09781027808252285,0.17123017881980507,1.176249999999975,0.00374999999999992,0.028749999999999387,0.07249384210301534,0.05267321792371346,0.0318736500798364,0.0728571428571413,0.045714285714284736,0.05285714285714173,0.20727604387814358,0.898239541868852,-0.6181844263744142,-0.3600847047342491,-0.4502516682009923,-0.9490543524255706,0.443596987827924,0.10471510125133793,0.09451667177895129,0.21432464225585582,0.1756047593795609,0.18226660673862646,0.1334593409060734,0.10362691279778322,0.11029435412197873,0.6906113044009496,0.3305829000049153,0.12340655237043507,-0.34306471253171833,-0.6350445790068782,-0.43509823348440074,1.0207092484686566,0.07188916212521712,-0.0012157615966141844,0.12401747957035204,0.07581863596285418,0.09908452667745347,0.11939599114190677,0.0723283400319491,0.09764937378400412,0.26720166885942503,0.044705320402217696,-0.09026272032860094,-0.46918735045797205,-0.24838841604569736,-0.038674662613192246,1.4156674642705163,0.11706528467188626,0.09491259572837585,0.20251775584899634,0.17491069613254417,0.16219447775028875,0.12114353841764514,0.09080933577106931,0.09169039427853387,0.553378911782598,0.4475405847499547,0.15999085469513108,-0.7086821573345156,-0.8457034035492346,-0.8078839191517218,0.7716485297165846,0.15031337543184442,0.1829316468984662,0.7517166357956306,0.15413261960551983,0.24257246331044746,0.3333333333333333,0.16666666666666666,-0.3333333333333333,1.84375,0.0625,0.0,1.4392958627902608,0.05425190168521765,0.14142229173196497,9.0,0.4375,2.375,1.9344083032987032,0.157540816816909,0.19770768653769544,8.15625,0.375,2.375,0.28125,0.03125,-0.03125,2.096774193548387,0.16129032258064502,-0.032258064516129004,0.7338709677419355,-0.18548387096774188,-0.10483870967741937,0.28125,0.03125,0.0,3.3333333333333335,-0.04166666666666652,0.22222222222222232,0.8888888888888888,-0.11111111111111116,-0.11111111111111116,1.43505859375,0.23779296875,0.467316658266129,0.03125,0.0,0.03125,1.75,0.03125,-0.09375,1.2443420336765103,-0.031598479650183586,-0.05353153738178551,6.9375,0.40625,0.3125,2.03100960115899,0.19966292585109247,0.2943089843979825,6.1875,0.375,0.40625,0.28125,0.03125,-0.03125,2.161290322580645,0.19354838709677402,0.032258064516129004,0.7338709677419355,-0.18548387096774188,-0.10483870967741937,0.28125,0.03125,0.0,3.3333333333333335,-0.04166666666666652,0.22222222222222232,0.8888888888888888,-0.11111111111111116,-0.11111111111111116,0.9652217741935484,-0.012600806451612878,-0.00252016129032262,0.0,0.0,0.0
GaPt18_01,pd,7,0.0697961331778055,0.03547063722333537,0.11857356848806319,1.123749999999976,-0.05249999999999888,-0.023749999999999494,0.06390562237728695,-0.008588219725728388,0.02328543035410801,0.05714285714285593,-0.015714285714285375,0.03714285714285635,-0.5711758043174411,-0.7784518481955847,-1.3966362745699987,-0.8489744828723522,-0.48888977813810314,-1.4379441305636738,0.38197068882109625,-0.061626299006827756,0.03289037277212353,0.12102134727240728,-0.09330329498344854,0.08896331175517794,0.0521784981935358,-0.08128084271253759,0.029013511409441143,0.8938487427831842,0.20323743838223451,0.3266439907526696,0.44672120779083735,0.7897859203225557,0.35468768683815494,0.9833790102162319,-0.03733023825242476,-0.03854599984903895,0.09168239569247195,-0.03233508387788009,0.06674944279957339,0.07458962922377554,-0.04480636191813123,0.052843011865872896,-0.8195427170725061,-1.0867443859319312,-1.177007106260532,-0.6703782635106108,-0.20119091305263875,-0.239865575665831,1.3648174749035662,-0.050849989366950066,0.04406260636142578,0.15188092829913402,-0.05063682754986232,0.11155765020042643,0.06809414841451455,-0.05304939000313058,0.03864100427540329,0.8225684072642335,0.2691894954816355,0.4291803501767666,-0.6334757497316047,0.07520640760291086,-0.7326775115488109,0.7690009104757034,-0.002647619240881194,0.180284027657585,0.6407268229617389,-0.11098981283389175,0.1315826504765557,0.3333333333333333,0.0,-0.3333333333333333,2.125,0.28125,0.28125,1.5397947077242096,0.10049884493394878,0.24192113666591375,9.3125,0.3125,2.6875,1.6546610607029015,-0.27974724259580164,-0.0820395560581062,8.1875,0.03125,2.40625,0.40625,0.125,0.09375,2.3870967741935485,0.2903225806451615,0.2580645161290325,0.8986175115207373,0.16474654377880182,0.05990783410138245,0.375,0.09375,0.09375,2.8333333333333335,-0.5,-0.2777777777777777,0.9166666666666666,0.02777777777777779,-0.08333333333333337,1.05712890625,-0.3779296875,0.089386970766129,0.03125,0.0,0.03125,1.96875,0.21875,0.125,1.2568361455552564,0.01249411187874605,-0.04103742550303946,6.1875,-0.75,-0.4375,1.8216883342374386,-0.20932126692155162,0.08498771747643086,5.21875,-0.96875,-0.5625,0.40625,0.125,0.09375,2.3870967741935485,0.22580645161290347,0.2580645161290325,0.9032258064516129,0.16935483870967738,0.06451612903225801,0.375,0.09375,0.09375,2.8333333333333335,-0.5,-0.2777777777777777,0.9166666666666666,0.02777777777777779,-0.08333333333333337,0.8331653225806451,-0.13205645161290325,-0.13457661290322587,0.0,0.0,0.0
GaPt19_01,pd,1,0.0496193705667366,0.0496193705667366,0.02759158789954206,0.93999999999998,0.00749999999999984,0.00749999999999984,0.015118578920368768,-0.016841217252769256,-0.016841217252769256,0.014285714285713982,-0.021428571428570974,-0.021428571428570974,0.14790199457749043,0.942335633968468,0.942335633968468,1.1801602835073854e-17,-0.4081326230042632,-0.4081326230042632,0.36704819474541645,0.040920906354714626,0.040920906354714626,0.014474988384955671,-0.026266164172457265,-0.026266164172457265,0.012018743667679839,-0.021151449462210398,-0.021151449462210398,0.16581791428846573,0.3974837406510241,0.3974837406510241,-0.3043976423280915,-0.27501247386566724,-0.27501247386566724,1.0267458546582917,0.01829209835715595,0.01829209835715595,0.02073477386413524,-0.011783281573054472,-0.011783281573054472,0.018642116162512958,-0.006949932974445079,-0.006949932974445079,0.27466584438710734,-0.09376609995626772,-0.09376609995626772,-0.0744998927225761,-0.12604940475204673,-0.12604940475204673,1.3618145772028005,0.04532649807278544,0.04532649807278544,0.011208446826080746,-0.01022119621831151,-0.01022119621831151,0.015599153432390458,0.0007095656006922569,0.0007095656006922569,-0.6357509243375875,-1.055000451391837,-1.055000451391837,0.002194178528058773,0.14306644554380857,0.14306644554380857,0.5283208335737187,-0.0901420138287925,-0.0901420138287925,0.4868346990468884,-0.04461894687658946,-0.04461894687658946,0.5,0.16666666666666669,0.16666666666666669,1.90625,0.0,0.0,1.3995246888993098,0.09545228342878631,0.09545228342878631,7.53125,1.15625,1.15625,1.7224209331541875,-0.1397664729582775,-0.1397664729582775,6.625,1.15625,1.15625,0.3125,-0.03125,-0.03125,2.225806451612903,0.22580645161290303,0.22580645161290303,0.9919354838709677,0.15322580645161288,0.15322580645161288,0.375,0.0625,0.0625,2.6666666666666665,-0.1333333333333333,-0.1333333333333333,0.75,-0.050000000000000044,-0.050000000000000044,1.1806640625,0.304655997983871,0.304655997983871,0.03125,0.03125,0.03125,1.84375,-0.0625,-0.0625,1.2978735710582958,-0.006198834412227683,-0.006198834412227683,6.5,0.125,0.125,1.778001778002667,-0.08418562810979813,-0.08418562810979813,5.65625,0.1875,0.1875,0.3125,-0.03125,-0.03125,2.2580645161290325,0.2580645161290325,0.2580645161290325,0.9919354838709677,0.15322580645161288,0.15322580645161288,0.375,0.0625,0.0625,2.6666666666666665,-0.1333333333333333,-0.1333333333333333,0.75,-0.050000000000000044,-0.050000000000000044,0.9606854838709677,0.08467741935483875,0.08467741935483875,0.0,0.0,0.0
GaPt19_01,pd,2,0.09897576491423236,0.11438837478700692,0.13956045519509025,1.0887499999999768,0.14874999999999683,0.15624999999999667,0.36848870887914975,0.353370129958781,0.3365289127060117,0.16857142857142499,0.154285714285711,0.13285714285714004,-0.8152351271696828,-0.9631371217471733,-0.020801487778705274,0.7763749612622333,0.7763749612622333,0.3682423382579701,0.36919532183289716,0.002147127087480716,0.04306803344219534,0.05535755001081907,0.0408825616258634,0.014616397453406135,0.040944992177817344,0.028926248510137503,0.007774799047927106,-0.8622189852443661,-1.028036899532832,-0.6305531588818077,-0.5267897158924133,-0.22239207356432178,-0.497404547429989,0.9681701477805515,-0.058575706877740163,-0.04028360852058421,0.21572517064251306,0.19499039677837782,0.18320711520532335,0.11977403597868931,0.10113191981617635,0.09418198684173128,-0.9800429346999069,-1.2547087790870142,-1.348474879043282,0.6142090360470325,0.6887089287696085,0.5626595240175618,1.4479181575116349,0.08610358030883436,0.1314300783816198,0.13210014251909533,0.12089169569301458,0.11067049947470307,0.05854636591478694,0.04294721248239648,0.04365677808308874,0.8745051837240968,1.5102561080616843,0.45525565666984735,0.16122779586022512,0.15903361733216634,0.3021000628759749,0.6788588966469109,0.15053806307319217,0.060396049244399674,0.5706039071715386,0.08376920812465022,0.03915026124806076,0.16666666666666666,-0.33333333333333337,-0.16666666666666666,1.84375,-0.0625,-0.0625,1.526314874714321,0.1267901858150111,0.22224246924379742,7.40625,-0.125,1.03125,1.8813065981197834,0.15888566496559586,0.019119192007318375,6.5625,-0.0625,1.09375,0.25,-0.0625,-0.09375,1.6451612903225807,-0.5806451612903223,-0.35483870967741926,0.8752688172043012,-0.11666666666666659,0.03655913978494629,0.25,-0.125,-0.0625,2.75,0.08333333333333348,-0.04999999999999982,0.875,0.125,0.07499999999999996,1.489501953125,0.308837890625,0.613493888608871,0.03125,0.0,0.03125,1.75,-0.09375,-0.15625,1.344043010064494,0.04616943900619819,0.039970604593970505,6.34375,-0.15625,-0.03125,1.9610625000321276,0.18306072202946067,0.09887509391966254,5.59375,-0.0625,0.125,0.25,-0.0625,-0.09375,1.6451612903225807,-0.6129032258064517,-0.35483870967741926,0.8806451612903226,-0.1112903225806452,0.04193548387096768,0.25,-0.125,-0.0625,2.75,0.08333333333333348,-0.04999999999999982,0.875,0.125,0.07499999999999996,1.021421370967742,0.060735887096774244,0.145413306451613,0.0,0.0,0.0
GaPt19_01,pd,3,0.10472624188247288,0.03541807009374511,0.032417217227019804,0.93624999999998,-0.15249999999999675,0.00374999999999992,0.016850180160121714,-0.351638528719028,-0.01510961601301631,0.018571428571428177,-0.1499999999999968,-0.01714285714285678,-0.22116293423234568,0.5940721929373372,0.5732707051586319,0.20300517669800952,-0.5733697845642237,-0.20512744630625365,0.35490561446044755,-0.014289707372449612,0.02877832606974573,0.023085104633223334,-0.03227244537759574,-0.017656047924189604,0.014490717831352615,-0.02645427434646473,-0.018679475298537623,0.5519778739679618,1.414196859212328,0.7836437003305202,-0.09988742554606604,0.42690229034634725,-0.07050225708364175,1.0253151033528733,0.0571449555723218,0.016861347051737585,0.013914252011046952,-0.2018109186314661,-0.018603803426142762,0.016986910446244945,-0.10278712553244437,-0.008605138690713093,0.0722906367799372,1.052333571479844,-0.29614130756343787,0.9134314150872477,0.2992223790402152,0.861881903057777,1.3457214289200294,-0.10219672859160545,0.02923334979001435,0.014942633010295768,-0.11715750950879955,-0.0064870100340964874,0.015072227618838736,-0.0434741382959482,0.0001826397871405351,0.2232833133643134,-0.6512218703597834,-0.19596621368993605,-0.559783650790281,-0.7210114466505062,-0.41891138377453124,0.5283208335737187,-0.15053806307319217,-0.0901420138287925,0.46384713555188345,-0.10675677161965519,-0.06760651037159443,0.0,-0.16666666666666666,-0.3333333333333333,1.9375,0.09375,0.03125,1.4797013648139472,-0.04661350990037372,0.1756289593434237,8.8125,1.40625,2.4375,1.7308864035330234,-0.15042019458676004,-0.13130100257944166,7.875,1.3125,2.40625,0.3125,0.0625,-0.03125,2.2580645161290325,0.6129032258064517,0.2580645161290325,0.8387096774193549,-0.03655913978494629,0.0,0.34375,0.09375,0.03125,2.909090909090909,0.15909090909090917,0.10909090909090935,0.9090909090909091,0.03409090909090906,0.10909090909090902,1.11328125,-0.376220703125,0.237273185483871,0.03125,0.0,0.03125,1.84375,0.09375,-0.0625,1.2978735710582958,-0.04616943900619819,-0.006198834412227683,6.75,0.40625,0.375,1.831621879558502,-0.1294406204736256,-0.03056552655396305,5.90625,0.3125,0.4375,0.3125,0.0625,-0.03125,2.3225806451612905,0.6774193548387097,0.3225806451612905,0.8387096774193549,-0.04193548387096768,0.0,0.34375,0.09375,0.03125,2.909090909090909,0.15909090909090917,0.10909090909090935,0.9090909090909091,0.03409090909090906,0.10909090909090902,0.8911290322580645,-0.1302923387096775,0.015120967741935498,0.0,0.0,0.0
GaPt19_01,pd,4,0.018042770491652555,0.026750720275568955,0.03811963940192597,0.9312499999999801,-0.004999999999999893,-0.0012499999999999734,0.017268882005337608,0.0004187018452158943,-0.014690914167800415,0.018571428571428177,0.0,-0.01714285714285678,0.2820380374088831,0.5032009716412288,1.0764716767998608,-0.621966321647047,-0.8249714983450566,-1.0300989446513102,0.3568808649964371,0.00197525053598957,0.0307535766057353,0.021902165353076108,-0.0011829392801472258,-0.01883898720433683,0.02892548181301981,0.014434763981667195,-0.0042447113168704274,-0.297810450164887,-0.8497883241328488,-0.06614462380232863,-0.5490757558311807,-0.4491883302851147,-0.5196905873687564,1.0090957179688305,-0.016219385384042884,0.0006419616676947015,0.02316258971365559,0.009248337702608639,-0.009355465723534122,0.022726048341304744,0.005739137895059799,-0.0028660007956532937,0.3538304757263086,0.2815398389463714,-0.01460146861706646,0.02279820484511453,-0.8906332102421332,-0.028751307184356104,1.3474460948009745,0.0017246658809451088,0.03095801567095946,0.016743774231112524,0.0018011412208167564,-0.004685868813279731,0.019141215156809173,0.004068987537970437,0.004251627325110972,-0.002263979494097384,-0.22554729285841077,-0.42151350654834685,0.11962132237427374,0.6794049731645547,0.26049358939002354,0.6184628474025112,0.0901420138287925,0.0,0.5767506828567776,0.1129035473048941,0.04529703693329967,0.5,0.5,0.16666666666666669,2.03125,0.09375,0.125,1.575710285308123,0.09600892049417586,0.27163787983759957,7.40625,-1.40625,1.03125,1.738730998133687,0.007844594600663557,-0.1234564079787781,6.375,-1.5,0.90625,0.34375,0.03125,0.0,1.903225806451613,-0.3548387096774195,-0.09677419354838701,0.8663594470046083,0.027649769585253448,0.027649769585253448,0.3125,-0.03125,0.0,2.7,-0.209090909090909,-0.09999999999999964,0.8,-0.10909090909090902,0.0,1.85107421875,0.73779296875,0.975066154233871,0.03125,0.0,0.03125,1.90625,0.0625,0.0,1.3040724054705235,0.006198834412227683,0.0,6.3125,-0.4375,-0.0625,1.839310880772751,0.0076890012142489805,-0.02287652533971407,5.40625,-0.5,-0.0625,0.34375,0.03125,0.0,2.0,-0.3225806451612905,0.0,0.8709677419354839,0.032258064516129004,0.032258064516129004,0.3125,-0.03125,0.0,2.7,-0.209090909090909,-0.09999999999999964,0.8,-0.10909090909090902,0.0,0.8785282258064516,-0.012600806451612878,0.00252016129032262,0.0,0.0,0.0
GaPt19_01,pd,5,0.04236646236358295,0.0624347533067776,0.05497581987327636,0.9662499999999794,0.034999999999999254,0.03374999999999928,0.04438065859293633,0.02711177658759872,0.012420862419798305,0.032857142857142155,0.014285714285713978,-0.002857142857142801,0.5463633472396848,0.2643253098308017,1.3407969866306624,0.9038559633796738,1.5258222850267207,0.4957233403754106,0.37405645660397346,0.017175591607536345,0.047929168213271645,0.03571883386889358,0.013816668515817473,-0.005022318688519357,0.019000430419477108,-0.009925051393542703,-0.01416976271041313,0.8371232665493529,1.13493371671424,1.0687890929119113,0.4026217539178086,0.9516975097489893,0.43200692238023286,1.0189846423323898,0.00988892436355937,0.010530886031254072,0.03585676489443986,0.012694175180784271,0.0033387094572501497,0.02810937978922014,0.005383331447915397,0.0025173306522621036,-0.05679098606296971,-0.41062146178927833,-0.4252229304063448,0.0030879778136260233,-0.019710227031488507,-0.04846153421584461,1.3856861043069326,0.03824000950595807,0.06919802517691753,0.07165643065171319,0.05491265642060067,0.05022678760732094,0.037402250555510975,0.018261035398701803,0.022512662723812776,0.4094343862808165,0.4116983657749139,-0.009815140773432929,0.6810800333646937,0.56145871099042,0.8219523003804434,0.6491129320625181,0.03065008466000685,0.03065008466000685,0.5975840161901108,0.02083333333333326,0.06613037026663293,0.16666666666666666,-0.33333333333333337,-0.16666666666666666,2.09375,0.0625,0.1875,1.3995246888993098,-0.17618559640881326,0.09545228342878631,8.15625,0.75,1.78125,1.7433629903519898,0.004631992218302905,-0.1188244157604752,7.0625,0.6875,1.59375,0.40625,0.0625,0.0625,2.129032258064516,0.22580645161290303,0.12903225806451601,0.9193548387096774,0.05299539170506906,0.08064516129032251,0.3125,0.0,0.0,3.0,0.2999999999999998,0.20000000000000018,0.8,0.0,0.0,1.10302734375,-0.748046875,0.227019279233871,0.03125,0.0,0.03125,2.03125,0.125,0.125,1.307160799151623,0.003088393681099477,0.003088393681099477,6.125,-0.1875,-0.25,1.791557260975724,-0.04775361979702697,-0.07063014513674104,5.09375,-0.3125,-0.375,0.40625,0.0625,0.0625,2.161290322580645,0.16129032258064502,0.16129032258064502,0.9193548387096774,0.048387096774193505,0.08064516129032251,0.3125,0.0,0.0,3.0,0.2999999999999998,0.20000000000000018,0.8,0.0,0.0,0.8805443548387096,0.002016129032258007,0.004536290322580627,0.0,0.0,0.0
GaPt19_01,pd,6,0.06461496676664742,0.10153031978949228,0.13097279056413924,1.0962499999999766,0.12999999999999723,0.1637499999999965,0.40185062967652757,0.35746997108359124,0.3698908335033895,0.17999999999999616,0.14714285714285402,0.14428571428571121,-0.11779730531839187,-0.6641606525580767,0.6766363340725857,-0.12586493430614876,-1.0297208976858225,-0.5339975573104119,0.3730217525030264,-0.0010347041009470814,0.04689446411232456,0.07372480186552445,0.03800596799663087,0.03298364930811151,0.07363634752350376,0.054635917104026654,0.04046615439361352,-0.6658661884371755,-1.5029894549865284,-0.4342003620746171,0.1756229995805242,-0.2269987543372844,0.20500816804294847,0.9003889361063564,-0.11859570622603344,-0.10806482019477937,0.26959907326578986,0.23374230837135,0.23708101782860014,0.2637215453447414,0.23561216555552125,0.23812949620778337,-0.28567136826410966,-0.22888038220113996,-0.6541033126074847,-0.16937147462679472,-0.17245945244042074,-0.22092098665626536,1.4180486821799851,0.03236257787305252,0.10156060304997006,0.1188121832507932,0.04715575259908,0.09738254020640094,0.06853779955959231,0.031135549004081338,0.053648211727894114,0.4764902879952374,0.06705590171442088,0.057240760940987956,-0.4903392458126966,-1.1714192791773903,-0.3494669787969468,0.643729382577733,-0.005383549484785033,0.025266535175221816,0.6407268229617389,0.04314280677162807,0.109273177038261,0.3333333333333333,0.16666666666666666,0.0,1.875,-0.21875,-0.03125,1.5606036879899208,0.16107899909061096,0.2565312825193973,8.96875,0.8125,2.59375,1.6940955337345516,-0.049267456617438254,-0.16809187237791345,8.09375,1.03125,2.625,0.28125,-0.125,-0.0625,1.903225806451613,-0.22580645161290303,-0.09677419354838701,0.8986175115207373,-0.020737327188940058,0.05990783410138245,0.25,-0.0625,-0.0625,3.25,0.25,0.4500000000000002,1.0,0.19999999999999996,0.19999999999999996,1.483154296875,0.380126953125,0.607146232358871,0.03125,0.0,0.03125,1.78125,-0.25,-0.125,1.313315798693054,0.00615499954143095,0.009243393222530427,6.90625,0.78125,0.53125,1.766340759145685,-0.025216501830038984,-0.09584664696678002,6.125,1.03125,0.65625,0.28125,-0.125,-0.0625,1.967741935483871,-0.19354838709677402,-0.032258064516129004,0.9032258064516129,-0.016129032258064502,0.06451612903225801,0.25,-0.0625,-0.0625,3.25,0.25,0.4500000000000002,1.0,0.19999999999999996,0.19999999999999996,1.0148689516129032,0.13432459677419362,0.13886088709677424,0.0,0.0,0.0
GaPt19_01,pd,7,0.07346582564920737,0.06615992753209088,0.03777346601359564,0.9637499999999795,-0.13249999999999718,0.031249999999999334,0.017677669529663313,-0.38417296014686425,-0.01428212664347471,0.017142857142856776,-0.1628571428571394,-0.01857142857142818,-0.25946325003864634,-0.14166594472025446,0.5349703893523312,-0.4759086343124762,-0.35004370000632745,-0.8840412573167393,0.3942782458843198,0.02125649338129343,0.06815095749361799,0.023287926089641905,-0.050436875775882545,-0.017453226467771032,0.020029624753127046,-0.053606722770376716,-0.013140568376763192,0.4965624300549282,1.1624286184921038,0.7282282564174866,0.2682323188298823,0.09260931924935811,0.2976174872923066,1.0145343258095951,0.11414538970323873,0.006080569508459366,0.023867350255670626,-0.24573172301011922,-0.008650705181519086,0.026799085427270226,-0.23692245991747118,0.001207036290312189,0.05503795457718192,0.3407093228412916,-0.31339398976619315,-0.6845281233392667,-0.515156648712472,-0.7360776353687374,1.38276065474717,-0.03528802743281512,0.06627257561715494,0.022838085372078046,-0.09597409787871515,0.001408442327685791,0.020187359445354675,-0.04835044011423764,0.005297771613656474,0.3292027310916991,-0.14728755690353829,-0.09004679596255033,-0.4390489221484821,0.05129032366421449,-0.29817665513273234,0.6184628474025112,-0.025266535175221816,0.0,0.6109898128338916,-0.02973701012784724,0.07953616691041376,0.5,0.16666666666666669,0.16666666666666669,1.90625,0.03125,0.0,1.3995246888993098,-0.16107899909061096,0.09545228342878631,9.59375,0.625,3.21875,1.738730998133687,0.04463546439913535,-0.1234564079787781,8.6875,0.59375,3.21875,0.3125,0.03125,-0.03125,1.8709677419354838,-0.032258064516129226,-0.12903225806451624,0.8306451612903226,-0.0679723502304147,-0.008064516129032251,0.3125,0.0625,0.0,2.6,-0.6499999999999999,-0.19999999999999973,0.8,-0.19999999999999996,0.0,1.181640625,-0.301513671875,0.305632560483871,0.03125,0.0,0.03125,1.84375,0.0625,-0.0625,1.2978735710582958,-0.01544222763475811,-0.006198834412227683,6.5625,-0.34375,0.1875,1.79493013611906,0.028589376973374936,-0.06725726999340509,5.71875,-0.40625,0.25,0.3125,0.03125,-0.03125,1.903225806451613,-0.06451612903225801,-0.09677419354838701,0.8306451612903226,-0.07258064516129026,-0.008064516129032251,0.3125,0.0625,0.0,2.6,-0.6499999999999999,-0.19999999999999973,0.8,-0.19999999999999996,0.0,0.9616935483870968,-0.053175403225806495,0.08568548387096775,0.0,0.0,0.0
GaPt20_01,pd,1,0.03505362836852831,0.03505362836852831,0.04485626458899336,1.1674999999999751,-0.03374999999999928,-0.03374999999999928,0.027645717829090307,-0.046888550416173264,-0.046888550416173264,0.032857142857142155,-0.07142857142856991,-0.07142857142856991,-0.019278756500330892,0.43129968020893505,0.43129968020893505,-0.19381959148707942,-0.8397515497868133,-0.8397515497868133,0.35510329267455343,-0.04073859064259244,-0.04073859064259244,0.02217236943317938,-0.022164429878207492,-0.022164429878207492,0.021687301147042242,-0.01746570034708311,-0.01746570034708311,-0.06094636374671789,-0.5102045586328509,-0.5102045586328509,-0.23565704527175127,-0.7111432144351462,-0.7111432144351462,1.0061957926617882,0.02577124033528122,0.02577124033528122,0.03116718895728266,-0.03290091166827199,-0.03290091166827199,0.030978956373302884,-0.04612927491640297,-0.04612927491640297,0.26344475779265913,0.5119082848712475,0.5119082848712475,-0.1011927694662736,-0.41453960590808475,-0.41453960590808475,1.3296789004648906,-0.012351050734309865,-0.012351050734309865,0.035496718453195394,0.00440607866443514,0.00440607866443514,0.03065633032874168,0.001308494110676399,0.001308494110676399,0.40908344476134356,0.35390462461705396,0.35390462461705396,-0.4017323908883791,0.2822608818132425,0.2822608818132425,0.634369056120937,0.0,0.0,0.4757767920907027,-0.15352994865791642,-0.15352994865791642,0.3333333333333333,0.16666666666666666,0.16666666666666666,1.90625,-0.0625,-0.0625,1.3995246888993098,0.09236388974768683,0.09236388974768683,7.5625,1.1875,1.1875,1.79493013611906,-0.06725726999340509,-0.06725726999340509,6.65625,1.25,1.25,0.3125,-0.0625,-0.0625,2.225806451612903,-0.4193548387096775,-0.4193548387096775,0.8967741935483872,-0.07096774193548383,-0.07096774193548383,0.3125,-0.0625,-0.0625,3.2,0.1166666666666667,0.1166666666666667,0.9,-0.09999999999999998,-0.09999999999999998,1.0966796875,0.21159904233870963,0.21159904233870963,0.03125,0.03125,0.03125,1.84375,-0.125,-0.125,1.2978735710582958,-0.00928722809332716,-0.00928722809332716,6.53125,0.15625,0.15625,1.848877165793755,-0.013310240318709976,-0.013310240318709976,5.6875,0.28125,0.28125,0.3125,-0.0625,-0.0625,2.2580645161290325,-0.38709677419354804,-0.38709677419354804,0.9032258064516129,-0.06451612903225812,-0.06451612903225812,0.3125,-0.0625,-0.0625,3.2,0.1166666666666667,0.1166666666666667,0.9,-0.09999999999999998,-0.09999999999999998,0.873991935483871,-0.011088709677419373,-0.011088709677419373,0.0,0.0,0.0
GaPt20_01,pd,2,0.021132523425355824,0.050486502914043385,0.04481724800251944,1.1499999999999755,-0.017499999999999627,-0.05124999999999891,0.035856858280031045,0.008211140450940738,-0.03867740996523253,0.03428571428571355,0.0014285714285713971,-0.06999999999999851,0.4444444444444443,0.4637232009447752,0.8950228811537102,0.11132286114562197,0.3051424526327014,-0.534609097154112,0.34267397054003323,-0.012429322134520193,-0.053167912777112636,0.030957256307932696,0.008784886874753317,-0.013379543003454175,0.022235581873904318,0.0005482807268620757,-0.016917419620221034,0.5280142578138032,0.5889606215605211,0.07875606292767023,0.10941666703237188,0.34507371230412315,-0.36606950213102296,1.010537720310427,0.0043419276486389435,0.030113167983920164,0.016329036246401283,-0.014838152710881378,-0.04773906437915337,0.014665795813037365,-0.016313160560265518,-0.06244243547666849,0.333522453625322,0.07007769583266288,0.5819859807039104,-0.0886010311923036,0.012591738273970005,-0.4019478676341148,1.3404088887855268,0.010729988320636208,-0.0016210624136736573,0.038255360784580104,0.00275864233138471,0.00716472099581985,0.028362557027428088,-0.002293773301313591,-0.0009852791906371922,0.603046847430286,0.19396340266894246,0.5478680272859965,-0.10240613194904669,0.2993262589393324,0.5815871407525749,0.6184628474025112,-0.01590620871842574,-0.01590620871842574,0.5990601562950723,0.12328336420436953,-0.030246584453546888,0.5,0.16666666666666669,0.33333333333333337,2.125,0.21875,0.15625,1.4756081305138942,0.07608344161458436,0.1684473313622712,7.15625,-0.40625,0.78125,1.7059549402210235,-0.08897519589803649,-0.15623246589144157,6.03125,-0.625,0.625,0.40625,0.09375,0.03125,2.096774193548387,-0.12903225806451601,-0.5483870967741935,0.9032258064516129,0.006451612903225712,-0.06451612903225812,0.375,0.0625,0.0,2.5,-0.7000000000000002,-0.5833333333333335,0.75,-0.15000000000000002,-0.25,1.32470703125,0.22802734375,0.43962638608870963,0.03125,0.0,0.03125,2.03125,0.1875,0.0625,1.307160799151623,0.00928722809332716,0.0,6.09375,-0.4375,-0.28125,1.784509962553197,-0.064367203240558,-0.07767744355926798,5.0625,-0.625,-0.34375,0.40625,0.09375,0.03125,2.161290322580645,-0.09677419354838745,-0.4838709677419355,0.9032258064516129,0.0,-0.06451612903225812,0.375,0.0625,0.0,2.5,-0.7000000000000002,-0.5833333333333335,0.75,-0.15000000000000002,-0.25,0.8513104838709677,-0.022681451612903247,-0.03377016129032262,0.0,0.0,0.0
GaPt20_01,pd,3,0.028110719152049452,0.04053425641270452,0.03847280398722059,1.172499999999975,0.02249999999999952,-0.028749999999999387,0.019820624179301874,-0.01603623410072917,-0.0547136440659617,0.019999999999999574,-0.014285714285713978,-0.08428571428571249,0.0631613940799889,-0.3812830503644554,0.5137398307892549,-0.2268280239867399,-0.33815088513236186,-0.8727599822864738,0.3538535578432193,0.011179587303186078,-0.04198832547392656,0.034533173893630545,0.0035759175856978492,-0.009803625417756326,0.02641087725833489,0.004175295384430573,-0.01274212423579046,0.4871685589499489,-0.04084569886385425,0.03791036406381598,-0.05665706792513867,-0.16607373495751054,-0.5321432370885335,0.9871223355781837,-0.02341538473224336,0.006697783251676803,0.019788428836008478,0.003459392589607195,-0.04427967178954617,0.021918079290844945,0.00725228347780758,-0.05519015199886091,0.10037200474591366,-0.23315044887940833,0.34883553182450205,-0.01901953333533076,0.06958149785697285,-0.3323663697771419,1.3325743898575604,-0.007834498927966393,-0.00945556134164005,0.02800224333451729,-0.010253117450062816,-0.0030883964542429664,0.024670267595072737,-0.003692289432355351,-0.004677568622992543,0.3675691774298696,-0.23547767000041642,0.31239035728558,0.3523567036174284,0.45476283556647507,1.03634997631905,0.6184628474025112,0.0,-0.01590620871842574,0.5886803393955969,-0.010379816899475314,-0.0406264013530222,0.16666666666666666,-0.33333333333333337,0.0,1.90625,-0.21875,-0.0625,1.3995246888993098,-0.07608344161458436,0.09236388974768683,8.75,1.59375,2.375,1.8491497610279373,0.14319482080691381,-0.01303764508452776,7.84375,1.8125,2.4375,0.3125,-0.09375,-0.0625,2.193548387096774,0.09677419354838701,-0.4516129032258065,0.8629032258064516,-0.040322580645161255,-0.10483870967741937,0.3125,-0.0625,-0.0625,3.1,0.6000000000000001,0.016666666666666607,0.9,0.15000000000000002,-0.09999999999999998,1.22900390625,-0.095703125,0.34392326108870963,0.03125,0.0,0.03125,1.84375,-0.1875,-0.125,1.2978735710582958,-0.00928722809332716,-0.00928722809332716,6.71875,0.625,0.34375,1.904737303028527,0.12022734047533001,0.042549896916062036,5.875,0.8125,0.46875,0.3125,-0.09375,-0.0625,2.225806451612903,0.06451612903225801,-0.4193548387096775,0.8629032258064516,-0.040322580645161255,-0.10483870967741937,0.3125,-0.0625,-0.0625,3.1,0.6000000000000001,0.016666666666666607,0.9,0.15000000000000002,-0.09999999999999998,1.0105846774193548,0.159274193548387,0.1255040322580644,0.0,0.0,0.0
GaPt20_01,pd,4,0.03857533936081963,0.07005809771359181,0.06774072257917359,1.127499999999976,-0.04499999999999904,-0.07374999999999843,0.028157719063466577,0.008337094884164703,-0.046376549181797,0.02999999999999936,0.009999999999999787,-0.0742857142857127,0.06358347969169414,0.0004220856117052446,0.5141619164009601,-0.25881585332628754,-0.031987829339547635,-0.9047478116260215,0.3256731517975071,-0.028180406045712203,-0.07016873151963876,0.033707355817722086,-0.0008258180759084591,-0.010629443493664785,0.02456206527002987,-0.00184881198830502,-0.01459093622409548,0.21580454126045884,-0.2713640176894901,-0.2334536536256741,0.2316748694797821,0.2883319374049208,-0.24381129968361276,1.0105734822902535,0.023451146712069715,0.030148929963746518,0.03530880155447567,0.01552037271846719,-0.028759299071078985,0.03412285654848584,0.012204777257640895,-0.042985374741220016,0.20517944548161374,0.10480744073570007,0.45364297256020214,-0.24319164910858113,-0.22417211577325036,-0.5565384855503923,1.3359872239525326,0.0034128340949721725,-0.006042727246667878,0.07315957450126623,0.04515733116674894,0.04206893471250597,0.05512598887367516,0.030455721278602424,0.02577815265560988,0.355709905122481,-0.01185927230738859,0.3005310849781914,-0.13708393236110414,-0.4894406359785325,0.5469093403405174,0.634369056120937,0.01590620871842574,0.0,0.5663708659573022,-0.022309473438294702,-0.0629358747913169,0.6666666666666666,0.5,0.5,2.0,0.09375,0.03125,1.5657627225176254,0.16623803361831557,0.2586019233660024,7.46875,-1.28125,1.09375,1.6458035590065752,-0.2033462020213621,-0.21638384710588987,6.46875,-1.375,1.0625,0.34375,0.03125,-0.03125,1.935483870967742,-0.25806451612903203,-0.7096774193548385,0.8744239631336406,0.011520737327188946,-0.09331797235023043,0.25,-0.0625,-0.125,3.25,0.1499999999999999,0.16666666666666652,1.0,0.09999999999999998,0.0,1.97412109375,0.7451171875,1.0890404485887095,0.03125,0.0,0.03125,1.875,0.03125,-0.09375,1.2889105176778741,-0.008963053380421693,-0.018250281473748853,6.375,-0.34375,0.0,1.75517667523538,-0.14956062779314716,-0.10701073087708513,5.5,-0.375,0.09375,0.34375,0.03125,-0.03125,2.032258064516129,-0.19354838709677402,-0.6129032258064515,0.8790322580645161,0.016129032258064502,-0.08870967741935487,0.28125,-0.03125,-0.09375,3.2222222222222223,0.12222222222222223,0.13888888888888884,1.0,0.09999999999999998,0.0,1.0055443548387097,-0.005040322580645018,0.12046370967741937,0.0,0.0,0.0
GaPt20_01,pd,5,0.04476754897978862,0.10544021149759701,0.03311027338182818,1.0849999999999769,-0.042499999999999094,-0.11624999999999752,0.03295017884191586,0.004792459778449283,-0.041584089403347714,0.03142857142857076,0.0014285714285713971,-0.07285714285714132,0.1648481445446579,0.10126466485296376,0.6154265812539239,-0.06558728534443915,0.1932285679818484,-0.7115192436441731,0.30397017051587527,-0.02170298128163184,-0.0918717128012706,0.01655710832975201,-0.017150247487970074,-0.02777969098163486,0.010768475686704637,-0.013793589583325234,-0.028384525807420714,0.6602055503187919,0.4444010090583331,0.21094735543265897,0.5815518760122094,0.34987700653242726,0.1060657068488145,0.999963922026609,-0.010609560263644457,0.01953936970010206,0.017908032026122123,-0.017400769528353545,-0.04616006859943253,0.015611596147404308,-0.01851126040108153,-0.061496635142301546,0.05542164033711616,-0.14975780514449757,0.3038851674157046,-0.47374393891174843,-0.2305522898031673,-0.7870907753535596,1.2971089160860605,-0.03887830786647206,-0.04492103511313994,0.013720716735342111,-0.059438857765924114,-0.017369923053418144,0.014281509608612472,-0.04084447926506269,-0.015066326609452807,0.12180047192588954,-0.23390943319659147,0.06662165178159996,-0.2895383277517906,-0.15245439539068648,0.39445494494983097,0.6394319446848299,0.00506288856389292,0.00506288856389292,0.4795739585136224,-0.08679690744367985,-0.14973278223499675,0.16666666666666666,-0.5,0.0,2.09375,0.09375,0.125,1.3995246888993098,-0.16623803361831557,0.09236388974768683,8.34375,0.875,1.96875,1.9774433640598954,0.33163980505332025,0.11525595794743038,7.25,0.78125,1.84375,0.40625,0.0625,0.03125,2.4516129032258065,0.5161290322580645,-0.19354838709677402,0.967741935483871,0.09331797235023043,0.0,0.40625,0.15625,0.03125,2.6153846153846154,-0.6346153846153846,-0.46794871794871806,0.8461538461538461,-0.15384615384615385,-0.15384615384615385,1.06982421875,-0.904296875,0.18474357358870963,0.03125,0.0,0.03125,2.03125,0.15625,0.0625,1.307160799151623,0.018250281473748853,0.0,6.3125,-0.0625,-0.0625,2.0230526279570364,0.26787595272165654,0.16086522184457142,5.28125,-0.21875,-0.125,0.40625,0.0625,0.03125,2.4838709677419355,0.4516129032258065,-0.16129032258064502,0.967741935483871,0.08870967741935487,0.0,0.40625,0.125,0.03125,2.6153846153846154,-0.6068376068376069,-0.46794871794871806,0.8461538461538461,-0.15384615384615385,-0.15384615384615385,0.8462701612903226,-0.15927419354838712,-0.03881048387096775,0.0,0.0,0.0
GaPt20_01,pd,6,0.02305434107794183,0.09057182234070695,0.027049616354929466,1.082499999999977,-0.0024999999999999467,-0.11874999999999747,0.019820624179301874,-0.013129554662613986,-0.0547136440659617,0.019999999999999574,-0.011428571428571184,-0.08428571428571249,0.23385358667337136,0.06900544212871346,0.6844320233826373,-0.29009703592647684,-0.2245097505820377,-0.9360289942262108,0.3048324852979176,0.0008623147820423505,-0.09100939801922825,0.0074177008472338865,-0.009139407482518125,-0.036919098464152984,0.008784560996603932,-0.0019839146901007056,-0.03036844049752142,-0.05855936916528096,-0.7187649194840728,-0.5078175640514139,-0.35815385436350994,-0.9397057303757193,-0.8336400235269048,1.007010338578299,0.007046416551689916,0.026585786251791976,0.018340620162845527,0.00043258813672340454,-0.04572748046270912,0.018447055118580438,0.00283545897117613,-0.058661176171125415,0.37979860887265676,0.3243769685355406,0.6282621359512451,-0.35919087295579233,0.1145530659559561,-0.6725377093976035,1.3073375455617557,0.01022862947569525,-0.03469240563744469,0.02076731456873071,0.007046597833388599,-0.010323325220029544,0.017576525400493752,0.0032950157918812794,-0.011771310817571528,0.4384767521372043,0.3166762802113147,0.3832979319929147,0.19753081438959016,0.48706914214138075,0.8815240870912118,0.6184628474025112,-0.02096909728231866,-0.01590620871842574,0.46384713555188345,-0.01572682296173894,-0.1654596051967357,0.5,0.33333333333333337,0.33333333333333337,2.0,-0.09375,0.03125,1.481063262354709,0.08153857345539928,0.1739024632030861,8.65625,0.3125,2.28125,1.6773515029701225,-0.3000918610897729,-0.18483590314234255,7.65625,0.40625,2.25,0.34375,-0.0625,-0.03125,2.096774193548387,-0.3548387096774195,-0.5483870967741935,0.8064516129032258,-0.16129032258064524,-0.16129032258064524,0.3125,-0.09375,-0.0625,2.9,0.2846153846153845,-0.18333333333333357,1.0,0.15384615384615385,0.0,1.35546875,0.28564453125,0.47038810483870963,0.03125,0.0,0.03125,1.90625,-0.125,-0.0625,1.3040724054705235,-0.003088393681099477,-0.003088393681099477,6.59375,0.28125,0.21875,1.775448603011499,-0.24760402494553735,-0.08673880310096593,5.6875,0.40625,0.28125,0.34375,-0.0625,-0.03125,2.161290322580645,-0.3225806451612905,-0.4838709677419355,0.8064516129032258,-0.16129032258064524,-0.16129032258064524,0.3125,-0.09375,-0.0625,2.9,0.2846153846153845,-0.18333333333333357,1.0,0.15384615384615385,0.0,0.8830645161290323,0.03679435483870963,-0.0020161290322581182,0.0,0.0,0.0
GaPt20_01,pd,7,0.10550922570947112,0.04716649359814827,0.11202863616622741,1.2137499999999741,0.1312499999999972,0.012499999999999734,0.24523676606204228,0.2254161418827404,0.1707024978167787,0.11285714285714045,0.09285714285714088,0.008571428571428383,0.0970116313091584,-0.13684195536421295,0.5475900680184244,-0.27002150071884223,0.02007553520763461,-0.9159534590185762,0.4745267570765359,0.1696942717786183,0.07868487375939004,0.25367518773444414,0.24625748688721025,0.20933838842305727,0.13025659549047666,0.12147203449387273,0.09110359399635132,0.0774369566569316,0.13599632582221255,-0.3718212382292013,-0.21355966917186922,0.14459418519164072,-0.6890458383352641,0.974919988926578,-0.03209034965172086,-0.005504563399928886,0.07831187852981876,0.05997125836697323,0.014243777904264107,0.09042276046068713,0.07197570534210669,0.013314529170981276,-0.6844701676019163,-1.064268776474573,-0.4360066405233278,-0.31274323914631996,0.046447633809472366,-0.6260900755881311,1.3869620210965439,0.07962447553478813,0.04493206989734344,0.10452136689936761,0.0837540523306369,0.07343072711060736,0.07219701718410014,0.05462049178360639,0.042849180966034864,0.32831901333177654,-0.11015773880542773,0.27314019318748695,-0.07970060000977902,-0.27723141439936916,0.6042926726918425,0.7009926194723735,0.08252977206986223,0.06662356335143649,0.6922426155399358,0.22839547998805237,0.06293587479131668,0.3333333333333333,-0.16666666666666669,0.16666666666666666,1.9375,-0.0625,-0.03125,1.3425421240462847,-0.13852113830842439,0.035381324894661725,9.34375,0.6875,2.96875,2.1039038215475965,0.426552318577474,0.24171641543513145,8.40625,0.75,3.0,0.375,0.03125,0.0,2.193548387096774,0.09677419354838701,-0.4516129032258065,0.8725806451612903,0.06612903225806455,-0.0951612903225807,0.28125,-0.03125,-0.09375,3.4444444444444446,0.5444444444444447,0.36111111111111116,0.8888888888888888,-0.11111111111111116,-0.11111111111111116,1.16455078125,-0.19091796875,0.27947013608870963,0.03125,0.0,0.03125,1.875,-0.03125,-0.09375,1.237844119635477,-0.06622828583504647,-0.06931667951614595,6.3125,-0.28125,-0.0625,2.146828117885066,0.3713795148735668,0.28464071177260086,5.4375,-0.25,0.03125,0.375,0.03125,0.0,2.225806451612903,0.06451612903225801,-0.4193548387096775,0.8790322580645161,0.07258064516129037,-0.08870967741935487,0.28125,-0.03125,-0.09375,3.4444444444444446,0.5444444444444447,0.36111111111111116,0.8888888888888888,-0.11111111111111116,-0.11111111111111116,0.9440524193548387,0.060987903225806495,0.058971774193548376,0.0,0.0,0.0
GaPt21_01,pd,1,0.01989394718410952,0.01989394718410952,0.033511601754982315,1.0249999999999782,-0.03249999999999931,-0.03249999999999931,0.013093073414159263,-0.027877299156411257,-0.027877299156411257,0.007142857142856991,-0.008571428571428388,-0.008571428571428388,0.7196763181246416,-0.191886831523846,-0.191886831523846,0.3071475584169756,-0.48990583856910996,-0.48990583856910996,0.2852527168521636,-0.013900566935020064,-0.013900566935020064,0.015268205833679244,-0.03764815115400449,-0.03764815115400449,0.016421161000576938,-0.021293331366071824,-0.021293331366071824,0.04579895190360972,0.39521276867767513,0.39521276867767513,-0.09802781448018218,-0.07773339396633307,-0.07773339396633307,1.0340821610441586,0.005158112856239461,0.005158112856239461,0.020599358880753753,-0.0030433887989390826,-0.0030433887989390826,0.02377581649567679,0.0005452190849648229,0.0005452190849648229,-0.5711001835320926,-0.8117091432505026,-0.8117091432505026,0.18667481783832926,0.976885557468899,0.976885557468899,1.2902517328332703,-0.002726331870286147,-0.002726331870286147,0.021124419699110462,-0.0015906921830357162,-0.0015906921830357162,0.03331587014089732,0.008179894458331276,0.008179894458331276,-0.7044812295950137,-0.3661787962838156,-0.3661787962838156,0.6050836730102607,0.918243422485262,0.918243422485262,0.5283208335737187,-0.060396049244399674,-0.060396049244399674,0.396240625180289,-0.09059407386659946,-0.09059407386659946,0.0,-0.5,-0.5,1.84375,0.0,0.0,1.393750452046795,0.09587688098849911,0.09587688098849911,7.8125,1.0625,1.0625,1.7859216469465444,-0.14848665635215874,-0.14848665635215874,6.96875,1.0625,1.0625,0.28125,-0.03125,-0.03125,1.967741935483871,-0.3225806451612905,-0.3225806451612905,0.8306451612903226,0.024193548387096864,0.024193548387096864,0.3125,0.03125,0.03125,2.8,-0.7555555555555555,-0.7555555555555555,0.7,-0.30000000000000004,-0.30000000000000004,1.1328125,0.2270665322580645,0.2270665322580645,0.03125,0.03125,0.03125,1.78125,-0.0625,-0.0625,1.2885194053891917,-0.009354165669104075,-0.009354165669104075,6.78125,0.03125,0.03125,1.8445101631423677,-0.08989814015633546,-0.08989814015633546,6.0,0.09375,0.09375,0.28125,-0.03125,-0.03125,2.0,-0.2903225806451615,-0.2903225806451615,0.8306451612903226,0.024193548387096864,0.024193548387096864,0.3125,0.03125,0.03125,2.8,-0.7555555555555555,-0.7555555555555555,0.7,-0.30000000000000004,-0.30000000000000004,0.9112903225806451,0.005544354838709631,0.005544354838709631,0.0,0.0,0.0
GaPt21_01,pd,2,0.05074986657378691,0.03990747168179804,0.10249471373124147,1.0074999999999785,-0.017499999999999627,-0.049999999999998934,0.05284748946598148,0.039754416051822214,0.01187711689541096,0.054285714285713126,0.04714285714285613,0.03857142857142774,-0.2811882207839521,-1.0008645389085937,-1.1927513704324397,-0.08163299999648728,-0.3887805584134629,-0.8786863969825729,0.3155093859943917,0.030256669142228132,0.016356102207208068,0.06514354829866331,0.04987534246498407,0.01222719131097958,0.039426103259499745,0.023004942258922807,0.001711610892850983,0.7170853981319066,0.6712864462282969,1.066499214905972,0.14274217576635667,0.24076999024653883,0.16303659628020578,1.0279972103325519,-0.006084950711606751,-0.0009268378553672907,0.08212038917528569,0.06152103029453194,0.058477641495592855,0.07511203514901542,0.05133621865333863,0.05188143773830345,-0.37836804522640655,0.19273213830568603,-0.6189770049448166,-0.6382755050077281,-0.8249503228460574,0.15193523462284164,1.3527592602975977,0.06250752746432742,0.05978119559404127,0.1427017858186728,0.12157736611956232,0.11998667393652662,0.0893017873215893,0.055985917180691985,0.06416581163902327,0.45094931842416086,1.1554305480191744,0.789251751735359,0.05405446089924,-0.5510292121110206,0.3672142103742413,0.6491129320625181,0.12079209848879935,0.060396049244399674,0.6184173495234442,0.22217672434315516,0.1315826504765557,0.5,0.5,0.0,2.0625,0.21875,0.21875,1.4797013648139472,0.08595091276715228,0.1818277937556514,7.59375,-0.21875,0.84375,1.9486864889607216,0.16276484201417718,0.014278185662018439,6.53125,-0.4375,0.625,0.375,0.09375,0.0625,2.7096774193548385,0.7419354838709675,0.41935483870967705,0.9274193548387096,0.09677419354838701,0.12096774193548387,0.375,0.0625,0.09375,3.3333333333333335,0.5333333333333337,-0.22222222222222188,0.9166666666666666,0.21666666666666667,-0.08333333333333337,1.34033203125,0.20751953125,0.4345860635080645,0.03125,0.0,0.03125,1.96875,0.1875,0.125,1.307160799151623,0.018641393762431235,0.00928722809332716,6.53125,-0.25,-0.21875,2.0317539697385576,0.1872438065961899,0.09734566643985443,5.5625,-0.4375,-0.34375,0.375,0.09375,0.0625,2.774193548387097,0.774193548387097,0.4838709677419355,0.9274193548387096,0.09677419354838701,0.12096774193548387,0.375,0.0625,0.09375,3.3333333333333335,0.5333333333333337,-0.22222222222222188,0.9166666666666666,0.21666666666666667,-0.08333333333333337,0.8674395161290323,-0.04385080645161288,-0.03830645161290325,0.0,0.0,0.0
GaPt21_01,pd,3,0.055648814033477274,0.026294383781988114,0.04224890469503449,1.0412499999999778,0.03374999999999928,-0.016249999999999654,0.05462534733462521,0.0017778578686437271,0.013654974764054688,0.028571428571427963,-0.025714285714285162,0.012857142857142585,0.868968134534938,1.1501563553188903,-0.04259501511354957,0.22235999911056,0.3039929991070473,-0.5746933978755255,0.2827658170624102,-0.03274356893198149,-0.016387466724773425,0.013807597667364812,-0.0513359506312985,-0.03910875932031892,0.006666649682521809,-0.03275945357697794,-0.031047842684126952,0.6704947952030891,-0.04659060292881756,1.0199086119771545,-0.36236467683106643,-0.5051068525974232,-0.3420702563172173,1.031876964955437,0.0038797546228850344,0.0029529167675177437,0.01657317566786661,-0.06554721350741907,-0.007069572011826224,0.015674612063662767,-0.05943742308535265,-0.0075559853470492,0.2781620677034068,0.6565301129298133,0.03755310798499681,-0.7666399519018156,-0.12836444689408744,0.023570787728754206,1.2851205147242144,-0.06763874557338334,-0.007857549979342071,0.04156742534135253,-0.10113436047732027,0.01885231345920635,0.02744625382891492,-0.061855533492674385,0.0023102781463488764,0.4132957882896816,-0.03765353013447925,0.7515982216008796,0.06610804905988767,0.012053588160647666,0.37926779853488896,0.5283208335737187,-0.12079209848879935,-0.060396049244399674,0.44153766211358875,-0.17687968740985544,-0.04529703693329973,0.5,0.0,0.0,1.875,-0.1875,0.03125,1.3854078239672525,-0.09429354084669472,0.08753425290895667,8.8125,1.21875,2.0625,1.712148245013622,-0.23653824394709955,-0.2222600582850811,7.9375,1.40625,2.03125,0.3125,-0.0625,0.0,2.0,-0.7096774193548385,-0.2903225806451615,0.8709677419354839,-0.056451612903225756,0.06451612903225812,0.25,-0.125,-0.03125,3.5,0.16666666666666652,-0.05555555555555536,1.0,0.08333333333333337,0.0,1.16796875,-0.17236328125,0.2622227822580645,0.03125,0.0,0.03125,1.8125,-0.15625,-0.03125,1.281065584682558,-0.02609521446906493,-0.01680798637573777,6.78125,0.25,0.03125,1.7731760278682012,-0.25857794187035643,-0.161232275430502,5.96875,0.40625,0.0625,0.3125,-0.0625,0.0,2.032258064516129,-0.741935483870968,-0.2580645161290325,0.8709677419354839,-0.056451612903225756,0.06451612903225812,0.25,-0.125,-0.03125,3.5,0.16666666666666652,-0.05555555555555536,1.0,0.08333333333333337,0.0,0.9475806451612904,0.08014112903225812,0.04183467741935487,0.0,0.0,0.0
GaPt21_01,pd,4,0.03341859276873106,0.055542509697296086,0.03309378558138571,1.0062499999999786,-0.034999999999999254,-0.05124999999999891,0.011877349391653953,-0.04274799794297125,-0.029093023178916565,0.017142857142856776,-0.011428571428571187,0.0014285714285713971,-0.4411764705882353,-1.3101446051231733,-1.352739620236723,-0.11980845957463075,-0.34216845868519075,-0.9168618565607163,0.2733186848096575,-0.009447132252752732,-0.025834598977526158,0.009530676345663595,-0.004276921321701217,-0.043385680642020134,0.007978949155419746,0.0013122994728979364,-0.029735543211229017,0.3783438789056451,-0.292150916297444,0.7277576956797105,-0.10879407558743921,0.25357060124362724,-0.0884996550735901,1.0235905796462,-0.008286385309236977,-0.005333468541719233,0.022578792230483508,0.006005616562616896,-0.0010639554492093278,0.025686568656865694,0.010011956593202927,0.002455971246153727,0.2145735549702389,-0.0635885127331679,-0.026035404748171093,-0.6968628691669285,0.06977708273488703,0.09334787046364124,1.2695805609972761,-0.015539953726938283,-0.023397503706280354,0.014546111789699272,-0.027021313551653256,-0.008169000092446907,0.013564213564213556,-0.013882040264701363,-0.011571762118352487,0.2997920588092146,-0.113503729480467,0.6380944921204127,-0.4689152096991671,-0.5350232587590548,-0.1557554602241658,0.5887168828181184,0.060396049244399674,0.0,0.44153766211358875,0.0,-0.04529703693329973,0.5,0.0,0.0,2.03125,0.15625,0.1875,1.575710285308123,0.1903024613408706,0.27783671424982725,7.40625,-1.40625,0.65625,1.6821525188799598,-0.029995726133662304,-0.2522557844187434,6.375,-1.5625,0.46875,0.34375,0.03125,0.03125,1.6774193548387097,-0.32258064516129026,-0.6129032258064517,0.7453917050691246,-0.12557603686635932,-0.0610599078341012,0.25,0.0,-0.03125,3.0,-0.5,-0.5555555555555554,0.875,-0.125,-0.125,1.81982421875,0.65185546875,0.9140782510080645,0.03125,0.0,0.03125,1.90625,0.09375,0.0625,1.3040724054705235,0.023006820787965454,0.006198834412227683,6.3125,-0.46875,-0.4375,1.7859216469465444,0.012745619078343262,-0.14848665635215874,5.40625,-0.5625,-0.5,0.34375,0.03125,0.03125,1.7741935483870968,-0.25806451612903225,-0.5161290322580647,0.7500000000000001,-0.12096774193548376,-0.056451612903225645,0.25,0.0,-0.03125,3.0,-0.5,-0.5555555555555554,0.875,-0.125,-0.125,0.8462701612903226,-0.10131048387096775,-0.05947580645161288,0.0,0.0,0.0
GaPt21_01,pd,5,0.061728710415855495,0.022845132208365405,0.07499736395297918,1.1024999999999765,0.09624999999999795,0.04499999999999904,0.13112153577065977,0.11924418637900581,0.09015116320008926,0.09857142857142646,0.08142857142856968,0.08285714285714109,0.3359267512620397,0.7771032218502749,-0.5756363983864479,-0.0832019817979599,0.03660647777667085,-0.8802553787840455,0.3172518219829157,0.0439331371732582,0.01809853819573204,0.08265610376259741,0.07312542741693381,0.02973974677491368,0.06838228345402969,0.060403334298609945,0.03066779108738093,0.16688251137705432,-0.21146136752859077,0.5162963281511197,0.1427359664610491,0.25153004204848833,0.16303038697489822,0.9991653369868531,-0.02442524265934687,-0.0297587112010661,0.04402671815275039,0.02144792592226688,0.020383970473057553,0.05310620326123315,0.027419634604367457,0.029875605850521184,-0.06316583202286315,-0.277739386993102,-0.30377479174127314,-0.8267787567079746,-0.1299158875410461,-0.03656801707740487,1.3014538753312472,0.031873314333971114,0.00847581062769076,0.05112934173614958,0.03658322994645031,0.028414229854003402,0.04507840098577714,0.03151418742156358,0.019942425303211095,0.3916578144490938,0.0918657556398792,0.7299602477602919,0.09685386104624516,0.5657690707454123,0.41001361052124646,0.6947651053653366,0.10604822254721824,0.10604822254721824,0.5663708659573022,0.12483320384371349,0.07953616691041376,0.5,0.0,0.0,2.0,-0.03125,0.15625,1.344043010064494,-0.23166727524362907,0.04616943900619819,8.3125,0.90625,1.5625,1.8038936382349475,0.12174111935498777,-0.13051466506375564,7.3125,0.9375,1.40625,0.40625,0.0625,0.09375,2.161290322580645,0.4838709677419353,-0.12903225806451646,0.9327956989247312,0.1874039938556067,0.1263440860215055,0.3125,0.0625,0.03125,3.1,0.10000000000000009,-0.45555555555555527,0.8,-0.07499999999999996,-0.19999999999999996,1.17578125,-0.64404296875,0.2700352822580645,0.03125,0.0,0.03125,1.9375,0.03125,0.09375,1.2427207404359506,-0.0613516650345729,-0.05515283062234522,6.28125,-0.03125,-0.46875,1.8532338779688906,0.06731223102234618,-0.08117442532981256,5.34375,-0.0625,-0.5625,0.40625,0.0625,0.09375,2.193548387096774,0.41935483870967727,-0.09677419354838745,0.9327956989247312,0.18279569892473113,0.1263440860215055,0.3125,0.0625,0.03125,3.1,0.10000000000000009,-0.45555555555555527,0.8,-0.07499999999999996,-0.19999999999999996,0.9556451612903226,0.109375,0.04989919354838712,0.0,0.0,0.0
GaPt21_01,pd,6,0.04410134385176586,0.03893584944641893,0.0386194927740668,1.0062499999999786,-0.09624999999999795,-0.05124999999999891,0.016850180160121714,-0.11427135561053806,-0.024120192410448806,0.018571428571428177,-0.0799999999999983,0.0028571428571427977,-0.4517699029348238,-0.7876966541968635,-1.3633330525833114,0.4233382458667934,0.5065402276647533,-0.37371515111929215,0.28310866211055496,-0.03414315987236072,-0.01604462167662868,0.014388624158772016,-0.0682674796038254,-0.03852773282891171,0.014118687240411163,-0.05426359621361853,-0.0235958051262376,-0.5030319963467937,-0.6699145077238481,-0.15361817957272833,-0.29448319533599704,-0.4372191617970461,-0.27418877482214793,1.0235720540379831,0.024406717051130067,-0.005351994149936035,0.017604560031366824,-0.026422158121383564,-0.006038187648326011,0.018481518481518515,-0.034624684779714636,-0.004749078929193452,0.17968907124971348,0.24285490327257664,-0.060919888468696504,-0.7164428157098097,0.1103359409981649,0.07376792392076004,1.2720681021722082,-0.029385773159039008,-0.020909962531348247,0.01635713064181087,-0.034772211094338715,-0.006357981240335309,0.020313424361182126,-0.024764976624595012,-0.004822551321383917,-0.04069099399865042,-0.43234880844774426,0.29761143931254763,-0.6725732804189742,-0.7694271414652194,-0.35941353094397294,0.5258095909711626,-0.168955514394174,-0.06290729184695576,0.44153766211358875,-0.12483320384371349,-0.04529703693329973,0.6666666666666666,0.16666666666666663,0.16666666666666663,2.03125,0.03125,0.1875,1.4697898686766473,0.1257468586121533,0.17191629761835148,8.40625,0.09375,1.65625,1.7200782990430143,-0.08381533919193318,-0.21433000425568882,7.375,0.0625,1.46875,0.375,-0.03125,0.0625,1.8064516129032258,-0.35483870967741926,-0.4838709677419357,0.7930107526881721,-0.13978494623655913,-0.01344086021505364,0.25,-0.0625,-0.03125,3.25,0.1499999999999999,-0.30555555555555536,1.0,0.19999999999999996,0.0,1.3671875,0.19140625,0.4614415322580645,0.03125,0.0,0.03125,1.9375,0.0,0.09375,1.293594641599212,0.05087390116326129,-0.004278929459083924,6.34375,0.0625,-0.40625,1.8069645729072652,-0.04626930506162541,-0.12744373039143797,5.40625,0.0625,-0.5,0.375,-0.03125,0.0625,1.8709677419354838,-0.32258064516129026,-0.4193548387096777,0.7930107526881721,-0.13978494623655913,-0.01344086021505364,0.25,-0.0625,-0.03125,3.25,0.1499999999999999,-0.30555555555555536,1.0,0.19999999999999996,0.0,0.8951612903225806,-0.06048387096774199,-0.010584677419354871,0.0,0.0,0.0
GaPt21_01,pd,7,0.018169694687001654,0.04535001801575057,0.03315628334453861,0.9949999999999788,-0.01124999999999976,-0.06249999999999867,0.007559289460184384,-0.00929089069993733,-0.03341108311038614,0.009999999999999787,-0.00857142857142839,-0.005714285714285592,-0.46153846153846145,-0.009768558603637678,-1.3731016111869492,-2.6409501561332015e-17,-0.4233382458667934,-0.7970533969860856,0.2888963896389639,0.005787727528408948,-0.01025689414821973,0.013696109737856697,-0.0006925144209153182,-0.039220247249827034,0.020074864629320066,0.005956177388908903,-0.017639627737328696,-0.6747140239177165,-0.17168202757092277,-0.3253002071436511,0.3999981596491945,0.6944813549851916,0.4202925801630436,1.02762701270127,0.004054958663286978,-0.0012970354866490563,0.008875140122381156,-0.008729419908985668,-0.01476760755731168,0.01010101010101007,-0.008380508380508444,-0.013129587309701896,-0.1835698149863709,-0.3632588862360844,-0.4241787747047809,-0.6933332431710952,0.023109572538714485,0.09687749645947452,1.2763956395639564,0.004327537391748182,-0.016582425139600065,0.017119998729900308,0.0007628680880894384,-0.005595113152245871,0.01544011544011546,-0.0048733089210666655,-0.009695860242450583,0.38374799261109416,0.42443898660974455,0.7220504259222922,-0.32714852242539844,0.3454247579935758,-0.013988772950397133,0.5283208335737187,0.0025112426025560852,-0.060396049244399674,0.396240625180289,-0.04529703693329973,-0.09059407386659946,0.3333333333333333,-0.3333333333333333,-0.16666666666666669,1.90625,-0.125,0.0625,1.3762823931906023,-0.09350747548604499,0.07840882213230649,9.8125,1.40625,3.0625,1.8216883342374386,0.10161003519442424,-0.11271996906126458,8.90625,1.53125,3.0,0.34375,-0.03125,0.03125,2.0,0.19354838709677424,-0.2903225806451615,0.8548387096774194,0.06182795698924726,0.048387096774193616,0.3125,0.0625,0.03125,2.8,-0.4500000000000002,-0.7555555555555555,0.8,-0.19999999999999996,-0.19999999999999996,1.1689453125,-0.1982421875,0.2631993447580645,0.03125,0.0,0.03125,1.84375,-0.09375,0.0,1.272776365831545,-0.020818275767666927,-0.02509720522675085,6.78125,0.4375,0.03125,1.8791620472966135,0.07219747438934832,-0.055246256002089655,5.9375,0.53125,0.03125,0.34375,-0.03125,0.03125,2.032258064516129,0.16129032258064524,-0.2580645161290325,0.8548387096774194,0.06182795698924726,0.048387096774193616,0.3125,0.0625,0.03125,2.8,-0.4500000000000002,-0.7555555555555555,0.8,-0.19999999999999996,-0.19999999999999996,0.9485887096774194,0.053427419354838745,0.042842741935483875,0.0,0.0,0.0
GaPt22_01,pd,1,0.02281233537342893,0.02281233537342893,0.04203677578963351,1.269999999999973,0.008749999999999813,0.008749999999999813,0.03207134902949024,0.006193890554152509,0.006193890554152509,0.03999999999999915,0.0057142857142855955,0.0057142857142855955,-0.2583356114351895,0.0001650385331994908,0.0001650385331994908,0.40293864366898063,0.6404743657892533,0.6404743657892533,0.31325809062059473,0.005980672381338592,0.005980672381338592,0.01941357073923908,0.008169277728698325,0.008169277728698325,0.022706110719466543,0.00850980373280169,0.00850980373280169,0.10432208653240344,0.31161236934135256,0.31161236934135256,-0.4753115625244903,0.036273868509343055,0.036273868509343055,0.9999126896784084,0.006947109723605571,0.006947109723605571,0.022211225361531407,-0.0008222957204591826,-0.0008222957204591826,0.02224583214411632,-0.005426434520525603,-0.005426434520525603,0.15765244445628662,0.338790237841174,0.338790237841174,-0.23657444155326202,-0.5529335713268885,-0.5529335713268885,1.2894366200561844,0.024847790377717116,0.024847790377717116,0.03072583398377438,0.006220486885102763,0.006220486885102763,0.02471541057367827,-0.00016362169954620143,-0.00016362169954620143,0.3595215729386543,0.6548086276588134,0.6548086276588134,0.23509262925954166,-0.714875512397915,-0.714875512397915,0.634369056120937,-0.0186802495548114,-0.0186802495548114,0.4757767920907027,-0.07140367679451415,-0.07140367679451415,0.6666666666666666,0.6666666666666666,0.6666666666666666,2.03125,0.03125,0.03125,1.4024028918138118,0.1072506402083453,0.1072506402083453,7.5,1.375,1.375,1.9007638532459659,-0.28053496079328255,-0.28053496079328255,6.46875,1.34375,1.34375,0.375,-0.03125,-0.03125,2.5161290322580645,0.032258064516129004,0.032258064516129004,0.9274193548387096,0.05215053763440858,0.05215053763440858,0.34375,0.0625,0.0625,3.272727272727273,-0.5050505050505047,-0.5050505050505047,1.0,0.0,0.0,1.15185546875,0.20780304939516125,0.20780304939516125,0.03125,0.03125,0.03125,1.96875,-0.03125,-0.03125,1.307160799151623,0.012008547546156434,0.012008547546156434,6.46875,0.34375,0.34375,1.950754609987401,-0.2305442040518475,-0.2305442040518475,5.5,0.375,0.375,0.375,-0.03125,-0.03125,2.5483870967741935,0.06451612903225801,0.06451612903225801,0.9274193548387096,0.05215053763440858,0.05215053763440858,0.34375,0.0625,0.0625,3.272727272727273,-0.5050505050505047,-0.5050505050505047,1.0,0.0,0.0,0.9309475806451613,-0.013104838709677491,-0.013104838709677491,0.0,0.0,0.0
GaPt22_01,pd,2,0.013784794050559478,0.019396811447288376,0.03810284640438394,1.309999999999972,0.03999999999999915,0.04874999999999896,0.02618614682831853,-0.005885202201171714,0.0003086883529807953,0.032857142857142155,-0.007142857142856993,-0.0014285714285713971,-0.1488415363818286,0.10949407505336092,0.10965911358656041,0.372396623619252,-0.030542020049728613,0.6099323457395247,0.3069852269772383,-0.006272863643356441,-0.00029219126201784906,0.019717471466030645,0.00030390072679156374,0.008473178455489888,0.02054787157392764,-0.002158239145538903,0.0063515645872627875,0.018853242899628506,-0.08546884363277493,0.22614352570857763,0.1089086915759546,0.5842202541004449,0.620494122609788,0.9866169918213643,-0.013295697857044098,-0.006348588133438526,0.02909440646474794,0.006883181103216535,0.006060885382757352,0.03816894468738937,0.01592311254327305,0.010496678022747449,-0.006227176799451956,-0.16387962125573857,0.17491061658543547,-0.12841565792700924,0.10815878362625278,-0.4447747877006357,1.2709682235190538,-0.018468396537130616,0.0063793938405865,0.01665635192111053,-0.014069482062663848,-0.007848995177561085,0.019768440239478213,-0.0049469703342000584,-0.00511059203374626,-0.06374810892303824,-0.4232696818616925,0.23153894579712087,0.20535840392090093,-0.02973422533864073,-0.7446097377365557,0.634369056120937,0.0,-0.0186802495548114,0.4757767920907027,0.0,-0.07140367679451415,0.3333333333333333,-0.3333333333333333,0.3333333333333333,1.9375,-0.09375,-0.0625,1.4797013648139472,0.07729847300013537,0.18454911320848066,7.75,0.25,1.625,1.9838054014866837,0.08304154824071786,-0.1974934125525647,6.8125,0.34375,1.6875,0.3125,-0.0625,-0.09375,2.3225806451612905,-0.19354838709677402,-0.16129032258064502,0.782258064516129,-0.14516129032258063,-0.09301075268817205,0.28125,-0.0625,0.0,3.7777777777777777,0.5050505050505047,0.0,1.0,0.0,0.0,1.427734375,0.27587890625,0.48368195564516125,0.03125,0.0,0.03125,1.84375,-0.125,-0.15625,1.2978735710582958,-0.00928722809332716,0.002721319452829274,6.6875,0.21875,0.5625,2.070335799473275,0.11958118948587426,-0.11096301456597324,5.84375,0.34375,0.71875,0.3125,-0.0625,-0.09375,2.3870967741935485,-0.16129032258064502,-0.09677419354838701,0.782258064516129,-0.14516129032258063,-0.09301075268817205,0.28125,-0.0625,0.0,3.7777777777777777,0.5050505050505047,0.0,1.0,0.0,0.0,0.9576612903225806,0.026713709677419373,0.013608870967741882,0.0,0.0,0.0
GaPt22_01,pd,3,0.07175593620060529,0.080259461618135,0.10167988241868128,1.2287499999999738,-0.08124999999999827,-0.03249999999999931,0.14297227503460436,0.11678612820628582,0.11709481655926662,0.0814285714285697,0.048571428571427544,0.04714285714285615,0.7624123705164862,0.9112539068983149,1.0209130204848753,-0.6118684138587233,-0.9842650374779753,-0.3743326917384505,0.31895331264667565,0.011968085669437356,0.011675894407419507,0.05958189590755614,0.03986442444152549,0.04833760289701538,0.03221943059058611,0.011671559016658468,0.018023123603921255,0.8945246353580414,0.8756713924584129,1.1018149181669905,0.7685754018356507,0.659666710259696,1.280160832869484,1.048409729648252,0.061792737826887656,0.05544414969344913,0.08921800761846442,0.06012360115371648,0.06618448653647382,0.05032245669485395,0.012153512007464576,0.022650190030212024,0.6402556836293108,0.6464828604287628,0.8213934770141983,0.4416746624784959,0.5700903204055051,0.12531553270486945,1.3970067942968476,0.1260385707777938,0.1324179646183803,0.2373358471235593,0.22067949520244876,0.21283050002488768,0.11385985547174328,0.09409141523226507,0.0889808231985188,0.7717718043585705,0.8355199132816088,1.0670588590787295,0.519170127532958,0.31381172361205706,-0.4307980141244987,0.6726313825398742,0.03826232641893723,0.01958207686412583,0.595067610771505,0.11929081868080232,0.047887141886288176,0.16666666666666666,-0.16666666666666666,0.16666666666666666,1.90625,-0.03125,-0.09375,1.5315894126796052,0.05188804786565804,0.2364371610741387,8.6875,0.9375,2.5625,1.941690317821712,-0.04211508366497174,-0.23960849621753644,7.78125,0.96875,2.65625,0.28125,-0.03125,-0.125,2.129032258064516,-0.19354838709677447,-0.3548387096774195,0.9220430107526882,0.13978494623655924,0.04677419354838719,0.28125,0.0,0.0,3.3333333333333335,-0.4444444444444442,-0.4444444444444442,0.8888888888888888,-0.11111111111111116,-0.11111111111111116,1.1962890625,-0.2314453125,0.25223664314516125,0.03125,0.0,0.03125,1.84375,0.0,-0.15625,1.4392958627902608,0.14142229173196497,0.14414361118479424,6.65625,-0.03125,0.53125,1.9936896416184677,-0.07664615785480744,-0.18760917242078068,5.8125,-0.03125,0.6875,0.28125,-0.03125,-0.125,2.161290322580645,-0.22580645161290347,-0.3225806451612905,0.9220430107526882,0.13978494623655924,0.04677419354838719,0.28125,0.0,0.0,3.3333333333333335,-0.4444444444444442,-0.4444444444444442,0.8888888888888888,-0.11111111111111116,-0.11111111111111116,0.9768145161290323,0.019153225806451624,0.032762096774193505,0.0,0.0,0.0
GaPt22_01,pd,4,0.036395047922111,0.06831767313571786,0.1157466582169932,1.2024999999999744,-0.02624999999999944,-0.05874999999999875,0.160690474426543,0.017718199391938638,0.13481301595120526,0.09428571428571228,0.012857142857142581,0.05999999999999873,-0.20802295561201392,-0.9704353261285001,0.050477694356375086,0.06377761739513912,0.6756460312538624,0.30131333951541184,0.31099849772341837,-0.00795481492325728,0.0037210794841622263,0.06486786804362593,0.005285972136069794,0.05362357503308517,0.03953762313772301,0.007318192547136899,0.025341316151058155,0.3068590946830274,-0.587665540675014,0.5141493774919765,-0.5811579332100467,-1.3497333350456975,-0.06957250217621336,1.077217734975664,0.028808005327412012,0.08425215502086114,0.18506035827970968,0.09584235066124526,0.1620268371977191,0.10254746225155216,0.05222500555669821,0.07487519558691023,0.40420774725152847,-0.23604793637778237,0.5853455406364159,-0.01732798069367781,-0.4590026431721737,-0.33368711046730426,1.3630942198341593,-0.03391257446268825,0.09850539015569204,0.24866154922063605,0.011325702097076756,0.22415620212196444,0.12747900229759596,0.013619146825852677,0.10259997002437149,0.22478608031861985,-0.5469857240399507,0.5200731350387789,-0.18832674052224593,-0.707496868055204,-1.1382948821797025,0.7066366744246887,0.03400529188481449,0.05358736874894032,0.6184173495234442,0.02334973875193913,0.0712368806382273,0.3333333333333333,0.16666666666666666,0.3333333333333333,2.03125,0.125,0.03125,1.575710285308123,0.04412087262851783,0.28055803370265653,7.9375,-0.75,1.8125,1.8826457018540896,-0.05904461596762234,-0.2986531121851588,6.90625,-0.875,1.78125,0.34375,0.0625,-0.0625,2.2903225806451615,0.16129032258064546,-0.19354838709677402,0.7373271889400922,-0.18471582181259605,-0.13794162826420886,0.28125,0.0,0.0,3.4444444444444446,0.11111111111111116,-0.33333333333333304,1.0,0.11111111111111116,0.0,1.87451171875,0.67822265625,0.9304592993951613,0.03125,0.0,0.03125,1.90625,0.0625,-0.09375,1.3040724054705235,-0.13522345731973728,0.008920153865056957,6.84375,0.1875,0.71875,2.0017633355651467,0.008073693946679006,-0.17953547847410167,5.9375,0.125,0.8125,0.34375,0.0625,-0.0625,2.3870967741935485,0.22580645161290347,-0.09677419354838701,0.7419354838709677,-0.1801075268817205,-0.1333333333333333,0.3125,0.03125,0.03125,3.4,0.06666666666666643,-0.37777777777777777,1.0,0.11111111111111116,0.0,0.9027217741935484,-0.07409274193548387,-0.04133064516129037,0.0,0.0,0.0
GaPt22_01,pd,5,0.06721580628162861,0.024910072436861212,0.0423542005804894,1.2249999999999739,0.02249999999999952,-0.03624999999999923,0.04659858980085641,-0.11409188462568659,0.020721131325518678,0.04857142857142754,-0.04571428571428474,0.014285714285713985,0.11702245425974525,0.32504540987175917,0.3755231042281343,-0.011470786693528077,-0.0752484040886672,0.22606493542674466,0.29796424105439656,-0.013034256669021804,-0.009313177184859578,0.012749713858701009,-0.05211815418492492,0.0015054208481602525,0.0177050875691601,-0.02183253556856291,0.003508780582495246,-0.44967967244227064,-0.7565387671252981,-0.24238938963332152,0.6269245084506856,1.2080824416607323,1.138509939484519,0.9954496286820119,-0.08176810629365205,0.002484048727209087,0.024016344383845204,-0.16104401389586448,0.000982823301854615,0.018829451053343042,-0.08371801119820912,-0.00884281561129888,0.5320284966632496,0.1278207494117211,0.713166290048137,-0.21945738708656964,-0.20212940639289184,-0.535816516860196,1.28121207694925,-0.08188214288490925,0.016623247270782793,0.026296096993183395,-0.22236545222745266,0.0017907498945117784,0.02396163716242155,-0.1035173651351744,-0.0009173951108029238,0.40791829985307526,0.1831322195344554,0.7032053545732344,-0.03815005228455634,0.1501766882376896,-0.9881181939420131,0.6570839453348222,-0.04955272908986652,0.004034639659073802,0.5433833024622972,-0.07503404706114702,-0.0037971664229197177,0.6666666666666666,0.3333333333333333,0.6666666666666666,2.09375,0.0625,0.09375,1.8024960292560621,0.22678574394793904,0.5073437776505956,8.59375,0.65625,2.46875,1.8813065981197834,-0.001339103734306235,-0.299992215919465,7.5,0.59375,2.375,0.34375,0.0,-0.0625,2.4838709677419355,0.19354838709677402,0.0,0.9157706093189965,0.17844342037890426,0.0405017921146954,0.34375,0.0625,0.0625,3.4545454545454546,0.010101010101009944,-0.3232323232323231,0.9090909090909091,-0.09090909090909094,-0.09090909090909094,1.18701171875,-0.6875,0.24295929939516125,0.03125,0.0,0.03125,1.90625,0.0,-0.09375,1.3040724054705235,0.0,0.008920153865056957,6.4375,-0.40625,0.3125,1.9664525124881524,-0.03531082307699429,-0.21484630155109596,5.53125,-0.40625,0.40625,0.34375,0.0,-0.0625,2.5806451612903225,0.19354838709677402,0.09677419354838701,0.9193548387096774,0.17741935483870963,0.04408602150537633,0.34375,0.03125,0.0625,3.3636363636363638,-0.036363636363636154,-0.4141414141414139,0.9090909090909091,-0.09090909090909094,-0.09090909090909094,0.9672379032258065,0.06451612903225812,0.02318548387096775,0.0,0.0,0.0
GaPt22_01,pd,6,0.033660881584431486,0.030459225509873337,0.0596868131970872,1.2424999999999735,0.017499999999999627,-0.0187499999999996,0.05849297882163658,0.011894389020780168,0.032615520346298846,0.07857142857142689,0.029999999999999354,0.04428571428571334,-0.24633017657986392,-0.36335263083960917,0.012170473388525088,0.23907812262822994,0.250548909321758,0.47661384474850266,0.3414707432790483,0.043506502224651744,0.034193325039792166,0.11309190765333271,0.1003421937946317,0.10184761464279196,0.1099970530872992,0.09229196551813909,0.09580074610063434,-0.18986674887687324,0.2598129235653974,0.01742353393207588,-0.2594531695559492,-0.8863776780066348,0.25213226147788415,0.953305206746111,-0.042144421935900955,-0.03966037320869187,0.14191521516510852,0.11789887078126332,0.11888169408311794,0.13936193089027407,0.12053247983693102,0.11168966422563215,-0.0007033932900068578,-0.5327318899532565,0.18043440009488057,-0.36069266666297983,-0.1412352795764102,-0.6770517964366063,1.3367014922336065,0.05548941528435636,0.07211266255513915,0.10653244916603657,0.08023635217285319,0.08202710206736497,0.10229718979447866,0.0783355526320571,0.0774181575212542,0.051017830514272264,-0.356900469338803,0.34630488523443137,-0.15097137319371517,-0.11282132090915883,-1.1009395148511718,0.7849071191941293,0.12782317385930708,0.13185781351838088,0.7164372405048719,0.17305393804257474,0.16925677161965502,0.3333333333333333,-0.3333333333333333,0.3333333333333333,2.0,-0.09375,0.0,1.481063262354709,-0.32143276690135303,0.18591101074924254,8.8125,0.21875,2.6875,1.8740589036083013,-0.007247694511482106,-0.3072399104309471,7.8125,0.3125,2.6875,0.34375,0.0,-0.0625,2.4838709677419355,0.0,0.0,0.8548387096774194,-0.06093189964157708,-0.02043010752688168,0.3125,-0.03125,0.03125,3.6,0.1454545454545455,-0.1777777777777776,1.0,0.09090909090909094,0.0,1.3603515625,0.17333984375,0.41629914314516125,0.03125,0.0,0.03125,1.90625,0.0,-0.09375,1.3040724054705235,0.0,0.008920153865056957,6.75,0.3125,0.625,1.967477507351859,0.001024994863706441,-0.21382130668738952,5.84375,0.3125,0.71875,0.34375,0.0,-0.0625,2.5483870967741935,-0.032258064516129004,0.06451612903225801,0.8548387096774194,-0.06451612903225801,-0.02043010752688168,0.3125,-0.03125,0.03125,3.6,0.23636363636363633,-0.1777777777777776,1.0,0.09090909090909094,0.0,0.8881048387096774,-0.07913306451612911,-0.055947580645161366,0.0,0.0,0.0
GaPt22_01,pd,7,0.01875343957835996,0.01799614613036584,0.02965259583189352,1.218749999999974,-0.023749999999999494,-0.042499999999999094,0.027998724460741743,-0.030494254360894837,0.002121265985404009,0.03142857142857076,-0.04714285714285613,-0.0028571428571427943,0.13032099255763885,0.37665116913750274,0.38882164252602786,-0.4717295153286298,-0.7108076379568598,-0.23419379320835704,0.3075703216554663,-0.03390042162358198,0.00029290341621018845,0.0176335621042879,-0.09545834554904481,0.006389269093747143,0.02696320352072412,-0.08303384956657507,0.012766896534059269,-0.6567630266616388,-0.4668962777847655,-0.44947274385268965,0.3120453493414863,0.5714985188974355,0.8236307803753197,1.001180780187375,0.04787557344126414,0.008215200232572273,0.014877871072160261,-0.12703734409294826,-0.008155650009830328,0.021093715019622507,-0.11826821587065156,-0.006578551645019415,-0.3201250247148417,-0.3194216314248349,-0.1389872313299543,0.05706725795992238,0.41775992462290223,-0.25929187181370406,1.2923667651619468,-0.04433472707165964,0.02777793548347951,0.016948988775130527,-0.08958346039090605,-0.007556358323541089,0.023391408304608792,-0.07890578148986988,-0.0014876239686156811,-0.36924220806872776,-0.42026003858300004,-0.07395515334856867,-0.15729388726728932,-0.006322514073574148,-1.1072620289247461,0.634369056120937,-0.15053806307319229,-0.0186802495548114,0.4757767920907027,-0.24066044841416917,-0.07140367679451415,0.16666666666666666,-0.16666666666666666,0.16666666666666666,2.03125,0.03125,0.03125,1.4024028918138118,-0.07866037054089725,0.1072506402083453,9.53125,0.71875,3.40625,1.9173970090522674,0.0433381054439661,-0.263901804986981,8.5,0.6875,3.375,0.375,0.03125,-0.03125,2.3548387096774195,-0.12903225806451601,-0.12903225806451601,0.9354838709677419,0.08064516129032251,0.06021505376344083,0.34375,0.03125,0.0625,3.090909090909091,-0.5090909090909093,-0.6868686868686869,0.9090909090909091,-0.09090909090909094,-0.09090909090909094,1.10107421875,-0.25927734375,0.15702179939516125,0.03125,0.0,0.03125,1.96875,0.0625,-0.03125,1.307160799151623,0.003088393681099477,0.012008547546156434,6.5,-0.25,0.375,1.967477507351859,0.0,-0.21382130668738952,5.53125,-0.3125,0.40625,0.375,0.03125,-0.03125,2.3870967741935485,-0.16129032258064502,-0.09677419354838701,0.9354838709677419,0.08064516129032251,0.06021505376344083,0.34375,0.03125,0.0625,3.090909090909091,-0.5090909090909093,-0.6868686868686869,0.9090909090909091,-0.09090909090909094,-0.09090909090909094,0.8785282258064516,-0.009576612903225756,-0.06552419354838712,0.0,0.0,0.0
GaPt23_01,pd,1,0.020396947776345823,0.020396947776345823,0.04993608468269787,1.734999999999963,0.10749999999999771,0.10749999999999771,0.06458659745975472,0.01451521983597897,0.01451521983597897,0.08285714285714109,0.037142857142856346,0.037142857142856346,0.07425718338474642,-0.2646877957660904,-0.2646877957660904,0.9254175541874451,1.2013127246858148,1.2013127246858148,0.5540973423149504,0.027345202697962034,0.027345202697962034,0.0432382997230563,-0.005604006157448299,-0.005604006157448299,0.06275673412159544,0.010386741245273452,0.010386741245273452,-0.5389913397413572,-0.21342784716016217,-0.21342784716016217,0.08280813720497755,0.5529114244725929,0.5529114244725929,1.068295473016231,-0.0008661341712841164,-0.0008661341712841164,0.040636546437424814,0.013230795637324023,0.013230795637324023,0.05293409587472172,0.01852569218105967,0.01852569218105967,-0.575980280902919,-0.1946191323394038,-0.1946191323394038,0.23078845819447924,0.4856697975879967,0.4856697975879967,1.5819678362402045,0.024393033553043342,0.024393033553043342,0.0408376116310353,-0.003961144804752945,-0.003961144804752945,0.03919562954010531,-0.010083003036800528,-0.010083003036800528,-0.3614378437504488,-0.31489246884128413,-0.31489246884128413,0.2631926941752254,0.955723664348261,0.955723664348261,0.6184628474025112,-0.07630225796282553,-0.07630225796282553,0.5091441724851831,-0.05722669347211917,-0.05722669347211917,0.0,-0.16666666666666666,-0.16666666666666666,1.71875,0.03125,0.03125,1.3733494492216536,0.19731181541522114,0.19731181541522114,7.90625,1.125,1.125,1.973360895985945,-0.4327385442136973,-0.4327385442136973,7.1875,1.09375,1.09375,0.25,-0.0625,-0.0625,2.193548387096774,-0.2903225806451615,-0.2903225806451615,0.7956989247311829,-0.09408602150537637,-0.09408602150537637,0.28125,0.03125,0.03125,3.4444444444444446,-0.6805555555555554,-0.6805555555555554,0.7777777777777778,-0.2222222222222222,-0.2222222222222222,1.232421875,0.1069178427419355,0.1069178427419355,0.03125,0.03125,0.03125,1.625,-0.0625,-0.0625,1.157026221578126,-0.01901141222830649,-0.01901141222830649,6.84375,0.0625,0.0625,2.065216929947538,-0.34088251025210425,-0.34088251025210425,6.21875,0.125,0.125,0.25,-0.0625,-0.0625,2.2580645161290325,-0.22580645161290303,-0.22580645161290303,0.7956989247311829,-0.09408602150537637,-0.09408602150537637,0.28125,0.03125,0.03125,3.4444444444444446,-0.6805555555555554,-0.6805555555555554,0.7777777777777778,-0.2222222222222222,-0.2222222222222222,1.0141129032258065,-0.11139112903225801,-0.11139112903225801,0.0,0.0,0.0
GaPt23_01,pd,2,0.04381912561752788,0.053636685361814936,0.0469353482519847,1.6649999999999645,-0.06999999999999851,0.0374999999999992,0.060710083888215215,-0.0038765135715395013,0.010638706264439468,0.041428571428570544,-0.041428571428570544,-0.004285714285714198,0.47518034391901964,0.40092316053427324,0.13623536476818282,-0.18761879226801942,-1.1130363464554645,0.08827637823035034,0.5718690412745198,0.017771698959569315,0.04511690165753135,0.02817356536017955,-0.015064734362876753,-0.020668740520325052,0.03839336075097889,-0.024363373370616545,-0.013976632125343093,-0.271812342757419,0.26717899698393816,0.05375114982377599,-0.12829670021681305,-0.2111048374217906,0.3418065870508023,1.0815367001835599,0.013241227167328784,0.012375092996044668,0.04608493174724562,0.005448385309820808,0.01867918094714483,0.04219107750897904,-0.01074301836574268,0.007782673815316991,0.06251113177002221,0.6384914126729412,0.4438722803335374,0.21854818721931318,-0.012240270975166057,0.47342952661283066,1.6310081909317264,0.049040354691521904,0.07343338824456525,0.023559153722766582,-0.01727845790826872,-0.021239602713021666,0.022522532213281186,-0.016673097326824125,-0.026756100363624653,0.20710334336110375,0.5685411871115525,0.2536487182702684,-0.6944505482309802,-0.9576432424062056,-0.0019195780579446264,0.5887168828181184,-0.029745964584392826,-0.10604822254721835,0.5840097038153195,0.0748655313301364,0.01763883785801723,0.3333333333333333,0.3333333333333333,0.16666666666666666,1.8125,0.09375,0.125,1.490561704039248,0.11721225481759445,0.3145240702328156,7.8125,-0.09375,1.03125,1.9909067475447852,0.017545851558840253,-0.41519269265485703,7.0,-0.1875,0.90625,0.28125,0.03125,-0.03125,2.4838709677419355,0.2903225806451615,0.0,0.9032258064516129,0.10752688172043001,0.01344086021505364,0.34375,0.0625,0.09375,3.3636363636363638,-0.08080808080808088,-0.7613636363636362,0.8181818181818182,0.04040404040404044,-0.18181818181818177,1.534423828125,0.302001953125,0.4089197958669355,0.03125,0.0,0.03125,1.65625,0.03125,-0.03125,1.1530989102302514,-0.003927311347874607,-0.022938723576181097,6.6875,-0.15625,-0.09375,2.161801817182647,0.09658488723510894,-0.2442976230169953,6.03125,-0.1875,-0.0625,0.28125,0.03125,-0.03125,2.6129032258064515,0.35483870967741904,0.12903225806451601,0.9032258064516129,0.10752688172043001,0.01344086021505364,0.34375,0.0625,0.09375,3.3636363636363638,-0.08080808080808088,-0.7613636363636362,0.8181818181818182,0.04040404040404044,-0.18181818181818177,1.0677923387096775,0.053679435483870996,-0.05771169354838701,0.0,0.0,0.0
GaPt23_01,pd,3,0.0232840933629488,0.04541332850559083,0.06207162473388256,1.637499999999965,-0.027499999999999414,0.009999999999999787,0.04743416490252468,-0.013275918985690534,-0.0026372127212510657,0.06428571428571292,0.022857142857142375,0.018571428571428177,-0.43601041699142556,-0.9111907609104453,-0.7749553961422624,0.10547373121500733,0.2930925234830267,0.3813689017133771,0.5617653987025762,-0.010103642571943516,0.03501325908558783,0.06905736239883115,0.040883797038651595,0.020215056518326543,0.09276805259657096,0.05437469184559207,0.04039805972024898,-0.17226221152978655,0.09955013122763245,0.15330128105140844,-0.6292186456688753,-0.5009219454520623,-0.15911535840125995,1.1125083885904103,0.030971688406850495,0.04334678140289516,0.06715291516764627,0.021067983420400643,0.039747164367545475,0.07630690622215315,0.03411582871317411,0.0418985025284911,-0.26360614099521557,-0.3261172727652378,0.1177550075682996,0.2389236958611504,0.02037550864183721,0.4938050352546679,1.60740823811174,-0.02359995281998639,0.049833435424578854,0.05644748497370678,0.0328883312509402,0.011648728537918533,0.035500572675901454,0.012978040462620268,-0.013778059901004384,0.47065308950394596,0.2635497461428422,0.5171984644131106,0.3704958724412739,1.064946420672254,1.0630268426143095,0.7392549458913105,0.15053806307319206,0.04448984052597371,0.7555138022185501,0.17150409840323066,0.1891429362612479,0.3333333333333333,0.0,0.16666666666666666,1.75,-0.0625,0.0625,1.4142135623730951,-0.07634814166615289,0.2381759285666627,9.1875,1.375,2.40625,1.7859216469465444,-0.20498510059824082,-0.6201777932530979,8.4375,1.4375,2.34375,0.25,-0.03125,-0.0625,2.096774193548387,-0.3870967741935485,-0.3870967741935485,0.7741935483870968,-0.12903225806451613,-0.11559139784946248,0.28125,-0.0625,0.03125,3.3333333333333335,-0.030303030303030276,-0.7916666666666665,0.8888888888888888,0.07070707070707061,-0.11111111111111116,1.2587890625,-0.275634765625,0.1332850302419355,0.03125,0.0,0.03125,1.65625,0.0,-0.03125,1.2077538469567008,0.0546549367264495,0.0317162131502684,7.125,0.4375,0.34375,1.896516330946925,-0.2652854862357219,-0.5095831092527172,6.46875,0.4375,0.375,0.25,-0.03125,-0.0625,2.161290322580645,-0.4516129032258065,-0.3225806451612905,0.7741935483870968,-0.12903225806451613,-0.11559139784946248,0.28125,-0.0625,0.03125,3.3333333333333335,-0.030303030303030276,-0.7916666666666665,0.8888888888888888,0.07070707070707061,-0.11111111111111116,1.0413306451612903,-0.026461693548387233,-0.08417338709677424,0.0,0.0,0.0
GaPt23_01,pd,4,0.028429724210121993,0.06729797060645347,0.07653540885586566,1.7012499999999637,0.06374999999999864,0.07374999999999843,0.0533017019294066,0.005867537026881919,0.0032303243056308537,0.06714285714285571,0.0028571428571427943,0.02142857142857097,-0.3001326132479951,0.13587780374343045,-0.6390775923988319,0.06577429208168141,-0.03969943913332592,0.34166946258005115,0.5776874326557091,0.015922033953132853,0.050935293038720686,0.08835351042883115,0.01929614803,0.039511204548326545,0.10763177004607836,0.014863717449507402,0.05526177716975638,-0.6891385200673882,-0.5168763085376016,-0.3635750274861932,0.10652592460686726,0.7357445702757426,0.5766292118744826,1.1218223072438602,0.009313918653449882,0.052660700056345044,0.07847793829823506,0.011325023130588793,0.05107218749813427,0.09929759079382612,0.02299068457167297,0.06488918710016407,-0.7201711842442605,-0.45656504324904496,-0.33881003568074536,-0.06450221703166871,-0.3034259128928191,0.19037912236184878,1.637221838326581,0.02981360021484103,0.07964703563941988,0.0799441159864903,0.02349663101278352,0.035145359550702054,0.08186867728616438,0.04636810461026293,0.032590044709258546,-0.378264253468099,-0.8489173429720449,-0.33171887855893434,-0.5358229804162141,-0.906318852857488,0.15670798975682143,0.6817312035291399,-0.057523742362170616,-0.013033901836196904,0.6902569011092751,-0.06525690110927507,0.12388603515197283,0.3333333333333333,0.0,0.16666666666666666,1.875,0.125,0.1875,1.6412033350858064,0.22698977271271126,0.46516570127937396,8.21875,-0.96875,1.4375,1.89625054489966,0.11032889795311562,-0.5098488952999822,7.34375,-1.09375,1.25,0.28125,0.03125,-0.03125,2.161290322580645,0.06451612903225801,-0.3225806451612905,0.7298387096774194,-0.04435483870967738,-0.15994623655913986,0.21875,-0.0625,-0.03125,4.0,0.6666666666666665,-0.125,1.0,0.11111111111111116,0.0,1.989013671875,0.730224609375,0.8635096396169355,0.03125,0.0,0.03125,1.6875,0.03125,0.0,1.20315445607008,-0.004599390886620869,0.027116822263647533,7.0625,-0.0625,0.28125,2.1089287909176284,0.21241245997070335,-0.29717064928201387,6.375,-0.09375,0.28125,0.28125,0.03125,-0.03125,2.3225806451612905,0.16129032258064546,-0.16129032258064502,0.7338709677419355,-0.040322580645161255,-0.15591397849462374,0.25,-0.03125,0.0,4.0,0.6666666666666665,-0.125,1.0,0.11111111111111116,0.0,1.0209173387096775,-0.020413306451612767,-0.10458669354838701,0.0,0.0,0.0
GaPt23_01,pd,5,0.0499844880122357,0.032470848170747316,0.07968902679643851,1.591249999999966,-0.10999999999999766,-0.03624999999999923,0.14146554350794807,0.08816384157854147,0.09139416588417232,0.09999999999999787,0.032857142857142155,0.054285714285713126,0.30993639167608417,0.6100690049240793,-0.029008587474752656,-0.044977284032880614,-0.11075157611456202,0.23091788646548914,0.5622304694707551,-0.015456963184954042,0.035478329853766644,0.16099963058160754,0.0726461201527764,0.11215732470110294,0.14580921434680633,0.03817744430072796,0.09343922147048433,0.03563669476349314,0.7247752148308814,0.3612001873446881,-0.13685823392105645,-0.24338415852792372,0.3332450533465589,1.0927171571732952,-0.029105150070565022,0.023555549985780022,0.04539623945413517,-0.03308169884409989,0.01799048865403438,0.04125951594143446,-0.05803807485239166,0.006851112247772413,0.1355045961942205,0.855675780438481,0.5168657447577356,-0.5479532482716746,-0.4834510312400059,-0.2930719088781571,1.5950036077720957,-0.04221823055448537,0.03742880508493451,0.0956498648007295,0.015705748814239195,0.05085110836494125,0.096566229112415,0.014697551826250613,0.04728759653550916,0.3125892232956126,0.6908534767637116,0.3591345982047773,-0.48105370719214346,0.05476927322407066,0.2114772629808921,0.8288135005653816,0.14708229703624176,0.13404839520004486,0.7387467139431666,0.04848981283389153,0.17237584798586436,0.5,0.16666666666666669,0.33333333333333337,1.8125,-0.0625,0.125,1.4466312368685639,-0.19457209821724253,0.2705936030621314,8.8125,0.59375,2.03125,2.0546956449918286,0.1584451000921685,-0.35140379520781373,8.0,0.65625,1.90625,0.28125,0.0,-0.03125,2.4838709677419355,0.3225806451612905,0.0,0.8736559139784947,0.14381720430107536,-0.016129032258064502,0.28125,0.0625,0.03125,3.7777777777777777,-0.22222222222222232,-0.3472222222222223,1.0,0.0,0.0,1.273681640625,-0.71533203125,0.1481776083669355,0.03125,0.0,0.03125,1.71875,0.03125,0.03125,1.3255400603576277,0.12238560428754774,0.14950242655119528,6.75,-0.3125,-0.03125,2.1701791214908597,0.06125033057323126,-0.2359203187087826,6.03125,-0.34375,-0.0625,0.28125,0.0,-0.03125,2.5483870967741935,0.22580645161290303,0.06451612903225801,0.8736559139784947,0.13978494623655924,-0.016129032258064502,0.28125,0.03125,0.03125,3.7777777777777777,-0.22222222222222232,-0.3472222222222223,1.0,0.0,0.0,1.056703629032258,0.035786290322580516,-0.0688004032258065,0.0,0.0,0.0
GaPt23_01,pd,6,0.03016903347837847,0.021118944204679174,0.06181916092467592,1.5324999999999673,-0.05874999999999875,-0.09499999999999797,0.09361776388210381,-0.04784777962584426,0.04354638625832807,0.08285714285714109,-0.01714285714285678,0.037142857142856346,-0.5402405468309528,-0.850176938507037,-0.8791855259817896,0.16590037908279937,0.21087766311568,0.4417955495811691,0.5144636608094816,-0.047766808661273474,-0.01228847880750683,0.06086284956289946,-0.10013678101870808,0.012020543682394857,0.07468732041379557,-0.07112189393301076,0.022317327537473584,-0.43884658507922897,-0.4744832798427221,-0.11328309249803398,0.38171777468111984,0.5185760086021762,0.8518210619487352,1.0974078330865855,0.00469067591329031,0.028246225899070332,0.05529783053272323,0.009901591078588061,0.027892079732622442,0.07642268303138862,0.03516316708995416,0.04201427933772657,-0.2247218663540369,-0.3602264625482574,0.15663928220947826,0.49165568463893006,1.0396089329106046,0.7465370240324476,1.5781788773313339,-0.016824730440761826,0.020604074644172687,0.02548585887763939,-0.0701640059230901,-0.01931289755814886,0.031611062390928764,-0.06495516672148624,-0.017667570185977075,-0.4163124997681347,-0.7289017230637473,-0.36976712485897006,0.10138209768189127,0.5824358048740348,0.7939130678549269,0.6788588966469109,-0.1499546039184707,-0.01590620871842585,0.6127064486295222,-0.12604026531364443,0.04633558267221993,0.0,-0.5,-0.16666666666666666,1.8125,0.0,0.125,1.490561704039248,0.04393046717068416,0.3145240702328156,8.6875,-0.125,1.90625,2.1766725123009323,0.12197686730910373,-0.22942692789871,7.875,-0.125,1.78125,0.28125,0.0,-0.03125,2.4838709677419355,0.0,0.0,0.8198924731182796,-0.05376344086021512,-0.06989247311827962,0.3125,0.03125,0.0625,3.7,-0.0777777777777775,-0.4249999999999998,1.0,0.0,0.0,1.47998046875,0.206298828125,0.3544764364919355,0.03125,0.0,0.03125,1.65625,-0.0625,-0.03125,1.1530989102302514,-0.17244115012737637,-0.022938723576181097,6.5625,-0.1875,-0.21875,2.3270845667154343,0.1569054452245746,-0.07901487348420799,5.90625,-0.125,-0.1875,0.28125,0.0,-0.03125,2.6129032258064515,0.06451612903225801,0.12903225806451601,0.8198924731182796,-0.05376344086021512,-0.06989247311827962,0.3125,0.03125,0.0625,3.7,-0.0777777777777775,-0.4249999999999998,1.0,0.0,0.0,1.0115927419354838,-0.045110887096774244,-0.11391129032258074,0.0,0.0,0.0
GaPt23_01,pd,7,0.020019783932580897,0.022478749851648695,0.06850502397551078,1.5562499999999668,0.023749999999999494,-0.07124999999999848,0.07386038953902768,-0.01975737434307613,0.023789011915251936,0.06714285714285571,-0.015714285714285375,0.02142857142857097,0.14130434782608697,0.6815448946570397,-0.19764063132474985,-0.6544750797286376,-0.8203754588114369,-0.37857990923026785,0.5516681703693818,0.03720450955990018,0.024916030752393348,0.04599821442978889,-0.014864635133110572,-0.0028440914507157147,0.0562822304225019,-0.01840508999129367,0.003912237546179913,-0.4669714141012248,-0.028124829021995812,-0.1414079215200298,0.30594840393385175,-0.07576937074726808,0.7760516912014671,1.0783709584510772,-0.019036874635508294,0.009209351263562038,0.07983550385734738,0.024537673324624143,0.052429753057246585,0.11223365330131115,0.035810970269922526,0.0778252496076491,-0.7203491309378899,-0.495627264583853,-0.3389879823743747,0.1471765787707668,-0.3444791058681632,0.40205791816428427,1.5920063975753616,0.013827520244027669,0.034431594888200356,0.06252382445191688,0.03703796557427749,0.017725068016128637,0.07422946677513144,0.042618404384202675,0.0249508341982256,-0.24194209101397846,0.17437040875415627,-0.19539671610481382,-0.4095111692769684,-0.5108932669588597,0.28301980089606715,0.6788588966469109,0.0,-0.01590620871842585,0.694323146167225,0.08161669753770284,0.12795228020992278,0.16666666666666666,0.16666666666666666,0.0,1.78125,-0.03125,0.09375,1.313315798693054,-0.1772459053461941,0.13727816488662148,9.125,0.4375,2.34375,2.2396716349184014,0.0629991226174691,-0.1664278052812409,8.34375,0.46875,2.25,0.34375,0.0625,0.03125,2.193548387096774,-0.2903225806451615,-0.2903225806451615,0.8709677419354839,0.051075268817204256,-0.018817204301075363,0.25,-0.0625,0.0,3.5,-0.20000000000000018,-0.625,0.75,-0.25,-0.25,1.28369140625,-0.1962890625,0.1581873739919355,0.03125,0.0,0.03125,1.65625,0.0,-0.03125,1.0658746219314068,-0.08722428829884454,-0.11016301187502564,6.03125,-0.53125,-0.75,2.3484294683345155,0.021344901619081202,-0.05766997186512679,5.375,-0.53125,-0.71875,0.34375,0.0625,0.03125,2.096774193548387,-0.5161290322580645,-0.3870967741935485,0.8602150537634409,0.040322580645161255,-0.029569892473118364,0.25,-0.0625,0.0,3.5,-0.20000000000000018,-0.625,0.75,-0.25,-0.25,1.0670362903225807,0.055443548387096975,-0.058467741935483764,0.0,0.0,0.0
GaPt24_01,pd,1,0.05387398975569231,0.05387398975569231,0.08609967256312462,1.0012499999999787,-0.07124999999999848,-0.07124999999999848,0.04549332761123074,0.0008518990626609907,0.0008518990626609907,0.06428571428571292,0.009999999999999794,0.009999999999999794,-0.4645575942649756,0.38235734826157247,0.38235734826157247,0.7305643505554241,0.1514483027196848,0.1514483027196848,0.26278089376981767,-0.02085039707489683,-0.02085039707489683,0.022553155762366377,-0.03283426080088369,-0.03283426080088369,0.029107046129531442,0.001861419708272579,0.001861419708272579,-0.18808245028405862,-0.897663131271444,-0.897663131271444,-0.16864730727625935,-0.601917534294865,-0.601917534294865,1.043134175602834,0.043432582636017125,0.043432582636017125,0.054992635543501416,0.011095422464074647,0.011095422464074647,0.07239935478209139,0.036966366311576314,0.036966366311576314,-0.4616780125875418,-0.6189927441057603,-0.6189927441057603,0.4478831163645835,1.066042681447706,1.066042681447706,1.2730310934549545,0.009322972436219157,0.009322972436219157,0.05918467218732452,0.013247143861042934,0.013247143861042934,0.08182786745166852,0.047420160381186946,0.047420160381186946,-0.368387550517857,-0.8403500101027914,-0.8403500101027914,0.4133486785557811,0.2660802234130138,0.2660802234130138,0.6454941278884797,-0.03826232641893712,-0.03826232641893712,0.6318231461672249,0.005106510371594375,0.005106510371594375,0.16666666666666666,0.0,0.0,2.125,-0.03125,-0.03125,1.5606036879899208,0.07716011349519891,0.07716011349519891,7.4375,1.09375,1.09375,1.8128128206134921,0.07872618736447734,0.07872618736447734,6.3125,1.125,1.125,0.375,-0.03125,-0.03125,2.096774193548387,0.0,0.0,0.8811827956989249,-0.033333333333333215,-0.033333333333333215,0.3125,0.03125,0.03125,2.9,-0.3222222222222224,-0.3222222222222224,1.0,0.0,0.0,1.13623046875,0.25114982358870963,0.25114982358870963,0.03125,0.03125,0.03125,2.0625,-0.09375,-0.09375,1.4797013648139472,-0.003742209680774655,-0.003742209680774655,6.40625,0.0625,0.0625,1.864081110653926,0.1299944774049111,0.1299944774049111,5.34375,0.15625,0.15625,0.375,-0.03125,-0.03125,2.064516129032258,-0.032258064516129004,-0.032258064516129004,0.8768817204301077,-0.03763440860215039,-0.03763440860215039,0.3125,0.03125,0.03125,2.9,-0.3222222222222224,-0.3222222222222224,1.0,0.0,0.0,0.9148185483870968,0.029737903225806384,0.029737903225806384,0.0,0.0,0.0
GaPt24_01,pd,2,0.07018516673916154,0.06751891196280568,0.1042453121294926,1.0412499999999778,0.03999999999999915,-0.031249999999999334,0.06266407036161589,0.017170742750385153,0.018022641813046143,0.06428571428571292,0.0,0.009999999999999794,-0.21974057553789203,0.24481701872708359,0.627174366988656,-0.33913020843388153,-1.0696945589893057,-0.9182462562696209,0.26680426155698256,0.004023367787164889,-0.016827029287731943,0.01892090419830445,-0.003632251564061925,-0.036466512364945615,0.026848672762752237,-0.0022583733667792052,-0.0003969536585066262,-0.3842885885298678,-0.19620613824580918,-1.0938692695172532,-0.171291470338724,-0.0026441630624646495,-0.6045616973573298,0.9849011629265395,-0.05823301267629455,-0.014800430040277424,0.10841896925903281,0.0534263337155314,0.06452175617960604,0.12296593329886665,0.05056657851677526,0.08753294482835158,-0.3173192482744177,0.1443587643131241,-0.4746339797926362,0.17176952376959798,-0.2761135925949855,0.7899290888527205,1.2660155486825235,-0.007015544772430937,0.0023074276637882196,0.11938460137207399,0.06019992918474947,0.0734470730457924,0.1108332317665958,0.029005364314927284,0.07642552469611423,-0.21642424969698637,0.15196330082087062,-0.6883867092819207,-0.11349721137893483,-0.5268458899347159,-0.26076566652170213,0.75,0.10450587211152029,0.06624354569258317,0.6823934896284056,0.05057034346118072,0.0556768538327751,0.16666666666666666,0.0,0.0,2.0625,-0.0625,-0.09375,1.5437177579237185,-0.016885930066202315,0.0602741834289966,7.0625,-0.375,0.71875,1.79493013611906,-0.0178826844944322,0.06084350287004514,6.0,-0.3125,0.8125,0.375,0.0,-0.03125,1.7741935483870968,-0.32258064516129026,-0.32258064516129026,0.8564516129032258,-0.02473118279569908,-0.058064516129032295,0.25,-0.0625,-0.03125,2.875,-0.02499999999999991,-0.3472222222222223,0.875,-0.125,-0.125,1.3896484375,0.25341796875,0.5045677923387096,0.03125,0.0,0.03125,1.96875,-0.09375,-0.1875,1.3792091001496052,-0.10049226466434202,-0.10423447434511668,6.0,-0.40625,-0.34375,1.8665130505147656,0.0024319398608396714,0.13242641726575077,5.03125,-0.3125,-0.15625,0.375,0.0,-0.03125,1.7096774193548387,-0.35483870967741926,-0.38709677419354827,0.8510752688172043,-0.025806451612903403,-0.0634408602150538,0.25,-0.0625,-0.03125,2.875,-0.02499999999999991,-0.3472222222222223,0.875,-0.125,-0.125,0.9183467741935484,0.0035282258064516236,0.03326612903225801,0.0,0.0,0.0
GaPt24_01,pd,3,0.061550107884808525,0.08549999535086585,0.041897637870051505,1.034999999999978,-0.006249999999999867,-0.0374999999999992,0.010690449676496747,-0.05197362068511915,-0.033950978872073004,0.008571428571428388,-0.05571428571428453,-0.045714285714284736,0.0925925925925926,0.3123331681304846,0.9395075351191406,-0.3636363636363636,-0.02450615520248206,-0.9427524114721029,0.2535873989751477,-0.013216862581834854,-0.030043891869566797,0.011321455425561101,-0.00759944877274335,-0.044065961137688965,0.015271904871058959,-0.011576767891693278,-0.011973721550199904,-0.4396708023617943,-0.055382213831926486,-1.1492514833491796,-0.4348992887818581,-0.2636078184431341,-0.8681695158004639,1.0073303096739847,0.022429146747445228,0.007628716707167804,0.025675741339486798,-0.08274322791954601,-0.01822147173993997,0.030437912563261036,-0.09252802073560562,-0.004995075907254041,-0.13939921680551684,0.17792003146890087,-0.2967139483237353,-0.45041513773701225,-0.6221846615066102,0.16774442734611028,1.2343573229615719,-0.03165822572095167,-0.029350798057163452,0.019046825506983035,-0.10033777586509096,-0.026890702819298548,0.017856746733032485,-0.09297648503356332,-0.01655096033744909,0.020470264836196142,0.2368945145331825,-0.45149219474873825,-0.6314613024352409,-0.517964091056306,-0.7787297575780082,0.6330413924407053,-0.11695860755929466,-0.050715061866711486,0.5886803393955969,-0.09371315023280868,-0.03803629640003359,0.16666666666666666,0.0,0.0,2.03125,-0.03125,-0.125,1.4252192813739224,-0.11849847654979606,-0.058224293120799464,7.9375,0.875,1.59375,1.9166082272530798,0.12167809113401984,0.18252159400406498,6.90625,0.90625,1.71875,0.40625,0.03125,0.0,1.4516129032258065,-0.32258064516129026,-0.6451612903225805,0.8096774193548387,-0.04677419354838708,-0.10483870967741937,0.1875,-0.0625,-0.09375,3.0,0.125,-0.22222222222222232,1.0,0.125,0.0,1.1875,-0.2021484375,0.30241935483870963,0.03125,0.0,0.03125,1.96875,0.0,-0.1875,1.3316101095557091,-0.04759899059389605,-0.15183346493901273,5.90625,-0.09375,-0.4375,1.95694585943868,0.09043280892391437,0.22285922618966514,4.9375,-0.09375,-0.25,0.40625,0.03125,0.0,1.4193548387096775,-0.29032258064516125,-0.6774193548387095,0.8053763440860215,-0.045698924731182755,-0.10913978494623655,0.1875,-0.0625,-0.09375,3.0,0.125,-0.22222222222222232,1.0,0.125,0.0,0.967741935483871,0.04939516129032262,0.08266129032258063,0.0,0.0,0.0
GaPt24_01,pd,4,0.036997597900185954,0.08619651243720333,0.094323199468579,0.9799999999999791,-0.05499999999999883,-0.09249999999999803,0.12649110640673247,0.11580065673023572,0.08184967785816272,0.06714285714285571,0.058571428571427324,0.012857142857142588,-0.3057191823273304,-0.39831177491992303,0.5411957601992177,-0.7067194484844783,-0.3430830848481147,-1.2858354963202177,0.267128189937917,0.013540790962769278,-0.01650310090679752,0.06202300485633956,0.05070154943077846,0.006635588293089495,0.03581799974625762,0.020546094875198664,0.008572373324998758,0.14628788853014624,0.5859586908919405,-0.5632927924572391,-0.6503023500530416,-0.21540306127118353,-1.0835725770716473,0.9994041655607647,-0.007926144113220013,-0.00029742740605220863,0.025593555227084647,-8.218611240215154e-05,-0.01830365785234212,0.025991787554294005,-0.004446125008967031,-0.009441200916221072,0.18587631955775907,0.3252755363632759,0.028561588039540592,-0.4993069282930332,-0.04889179055602094,0.11885263679008934,1.2667251659992482,0.03236784303767637,0.0030170449805129174,0.12905999699378837,0.11001317148680534,0.08312246866750678,0.06001933489339401,0.04216258816036153,0.025611627822912438,0.8882744535971875,0.8678041887609913,0.4163119940122531,-0.805531404898512,-0.17407010246327115,-0.9527998600412794,0.7064713435213018,0.07342995108059647,0.02271488921388498,0.681353224314761,0.09267288491916403,0.05463658851913045,0.5,0.33333333333333337,0.33333333333333337,2.1875,0.15625,0.03125,1.7494238682971437,0.3242045869232213,0.26598029380242183,7.6875,-0.25,1.34375,1.7494238682971437,-0.16718435895593609,0.015337235048128894,6.5,-0.40625,1.3125,0.34375,-0.0625,-0.0625,1.6451612903225807,0.19354838709677424,-0.4516129032258063,0.7983870967741935,-0.011290322580645218,-0.11612903225806459,0.28125,0.09375,0.0,2.6666666666666665,-0.3333333333333335,-0.5555555555555558,0.6666666666666666,-0.33333333333333337,-0.33333333333333337,1.82421875,0.63671875,0.9391381048387096,0.03125,0.0,0.03125,2.09375,0.125,-0.0625,1.552508376165654,0.22089826660994483,0.0690648016709321,6.625,0.71875,0.28125,1.80947327926861,-0.14747258017007003,0.0753866460195951,5.53125,0.59375,0.34375,0.34375,-0.0625,-0.0625,1.7096774193548387,0.29032258064516125,-0.38709677419354827,0.7983870967741935,-0.00698924731182804,-0.11612903225806459,0.28125,0.09375,0.0,2.6666666666666665,-0.3333333333333335,-0.5555555555555558,0.6666666666666666,-0.33333333333333337,-0.33333333333333337,0.8508064516129032,-0.11693548387096775,-0.03427419354838712,0.0,0.0,0.0
GaPt24_01,pd,5,0.08236066623711226,0.0413708254812603,0.12452163275975672,1.0212499999999782,0.04124999999999912,-0.05124999999999891,0.0631183695244768,-0.06337273688225567,0.018476940975907054,0.05571428571428453,-0.011428571428571184,0.001428571428571404,0.4034852699319335,0.709204452259264,1.2504002124584817,-0.005916055132921254,0.7008033933515571,-0.5850321029686606,0.29085454747742195,0.023726357539504972,0.007223256632707453,0.040287273619109276,-0.021735731237230285,-0.01510014294414079,0.035768976883426194,-4.9022862831427094e-05,0.008523350462167331,0.09999897521130459,-0.04628891331884165,-0.6095817057760807,-0.6969718868603479,-0.046669536807306344,-1.1302421138789538,1.018290696159391,0.018886530598626217,0.018589103192574008,0.05837748233088472,0.03278392710380007,0.014480269251457949,0.04584212901041403,0.019850341456120028,0.010409140539898956,0.47102212088485257,0.2851458013270935,0.3137073893666341,0.2550634525172321,0.7543703808102653,0.8732230176003546,1.2890867631568599,0.022361597157611657,0.025378642138124574,0.09094232670518174,-0.03811767028860663,0.04500479837890015,0.07650190059655507,0.016482565703161055,0.04209419352607349,-0.021506792352781818,-0.9097812459499693,-0.4934692519377162,-0.5365324411393689,0.2689989637591431,-0.6838008962821363,0.6916704036080591,-0.014800939913242717,0.007913949300642265,0.6516162141869137,-0.02973701012784724,0.024899578391283206,0.5,0.0,0.33333333333333337,2.1875,0.0,0.03125,1.6151999776318522,-0.1342238906652915,0.13175640313713033,8.59375,0.90625,2.25,1.8983757913440875,0.14895192304694382,0.16428915809507272,7.40625,0.90625,2.21875,0.375,0.03125,-0.03125,2.225806451612903,0.5806451612903223,0.12903225806451601,0.8951612903225806,0.09677419354838712,-0.01935483870967747,0.3125,0.03125,0.03125,3.2,0.5333333333333337,-0.022222222222222143,1.0,0.33333333333333337,0.0,1.10693359375,-0.71728515625,0.22185294858870963,0.03125,0.0,0.03125,2.09375,0.0,-0.0625,1.4670438786673983,-0.08546449749825569,-0.01639969582732359,6.53125,-0.09375,0.1875,1.9835513117768375,0.17407803250822762,0.24946467852782273,5.4375,-0.09375,0.25,0.375,0.03125,-0.03125,2.2903225806451615,0.5806451612903227,0.19354838709677447,0.9005376344086022,0.10215053763440873,-0.013978494623655857,0.3125,0.03125,0.03125,3.2,0.5333333333333337,-0.022222222222222143,1.0,0.33333333333333337,0.0,0.8845766129032258,0.03377016129032251,-0.0005040322580646128,0.0,0.0,0.0
GaPt24_01,pd,6,0.0669302738907506,0.06861733678047796,0.0709685535030265,0.9987499999999787,-0.02249999999999952,-0.07374999999999843,0.03907410541887874,-0.02404426410559806,-0.005567323129691007,0.035714285714284956,-0.019999999999999574,-0.01857142857142817,0.3066428716703988,-0.09684239826153473,1.153557814196947,0.22566010230775313,0.2315761574406744,-0.3534559455279862,0.260739967130539,-0.03011458034688297,-0.022891323714175515,0.02190301787142966,-0.018384255747679615,-0.033484398691820405,0.022645733018510226,-0.013123243864915968,-0.004599893402748637,0.11783653321162268,0.017837558000318096,-0.5917441477757627,0.3073234517114514,1.0042953385717994,-0.1259467753071543,1.0275427956976566,0.009252099538265668,0.027841202730839676,0.04058346423938421,-0.01779401809150051,-0.0033137488400425616,0.03893660465617071,-0.006905524354243325,0.003503616185655631,0.08992827681274347,-0.3810938440721091,-0.06738645470547501,0.6878167143873479,0.4327532618701158,1.3059762794704706,1.263299980518961,-0.025786782637898797,-0.0004081404997742233,0.051535997948522545,-0.03940632875665919,0.005598469622240962,0.04752033041365495,-0.028981570182900117,0.013112623343173375,0.11702550865793512,0.13853230101071695,-0.3549369509269993,0.3046547607086957,0.8411872018480646,0.15738630556592836,0.7157723132401368,0.0241019096320777,0.032015858932719965,0.622919469372711,-0.0286967448142027,-0.0037971664229194957,0.0,-0.5,-0.16666666666666666,2.0,-0.1875,-0.15625,1.545023227719748,-0.07017674991210421,0.06157965322502612,8.78125,0.1875,2.4375,1.7731760278682012,-0.12519976347588635,0.03908939461918637,7.78125,0.375,2.59375,0.34375,-0.03125,-0.0625,2.0,-0.22580645161290303,-0.09677419354838701,0.9048387096774194,0.00967741935483879,-0.009677419354838679,0.3125,0.0,0.03125,2.7,-0.5,-0.5222222222222221,0.8,-0.19999999999999996,-0.19999999999999996,1.42919921875,0.322265625,0.5441185735887096,0.03125,0.0,0.03125,1.9375,-0.15625,-0.21875,1.4127872245796547,-0.054256654087743605,-0.0706563499150672,6.75,0.21875,0.40625,1.8139246347754256,-0.16962667700141187,0.07983800152641085,5.8125,0.375,0.625,0.34375,-0.03125,-0.0625,2.032258064516129,-0.2580645161290325,-0.06451612903225801,0.9048387096774194,0.004301075268817178,-0.009677419354838679,0.3125,0.0,0.03125,2.7,-0.5,-0.5222222222222221,0.8,-0.19999999999999996,-0.19999999999999996,0.9591733870967742,0.07459677419354849,0.07409274193548387,0.0,0.0,0.0
GaPt24_01,pd,7,0.08378657899982424,0.051517758511913016,0.13037387637804004,1.0174999999999783,0.0187499999999996,-0.05499999999999883,0.13750324671491235,0.09842914129603361,0.09286181816634259,0.17428571428571057,0.13857142857142563,0.11999999999999744,-0.3423820407898113,-0.6490249124602101,0.5045329017367368,0.06715276829907499,-0.15850733400867814,-0.5119632795366643,0.29813524068541547,0.037395273554876485,0.01450394984070097,0.05194140802668274,0.03003839015525308,-0.0034460085365673257,0.04936687494195334,0.026721141923443114,0.022121248520694477,0.11864442241724996,0.0008078892056272713,-0.5909362585701354,-0.711860314832408,-1.0191837665438594,-1.1451305418510138,1.065350662139028,0.03780786644137146,0.06564906917221114,0.08102128947170176,0.04043782523231755,0.03712407639227499,0.09310657848827161,0.054169973832100905,0.057673590017756536,-0.3255208560126114,-0.41544913282535484,-0.4828355875308299,-0.025525676718257076,-0.713342391105605,0.5926338883648654,1.3581218113240137,0.09482183080505258,0.09441369030527835,0.17014490133468574,0.1186089033861632,0.12420737300840415,0.18921894292461935,0.1416986125109644,0.15481123585413778,-0.32493880451361296,-0.44196431317154805,-0.7969012640985473,-0.07901207605913635,-0.38366683676783203,-0.22628053120190367,0.646240625180289,-0.06953168805984777,-0.03751582912712781,0.5975840161901109,-0.02533545318260011,-0.029132619605519605,0.3333333333333333,0.3333333333333333,0.16666666666666666,1.90625,-0.09375,-0.25,1.5315894126796052,-0.013433815040142738,0.04814583818488338,9.53125,0.75,3.1875,1.626085245553397,-0.1470907823148042,-0.10800138769561785,8.625,0.84375,3.4375,0.28125,-0.0625,-0.125,1.7419354838709677,-0.25806451612903225,-0.35483870967741926,0.8037634408602151,-0.1010752688172043,-0.11075268817204298,0.28125,-0.03125,0.0,2.6666666666666665,-0.03333333333333366,-0.5555555555555558,1.0,0.19999999999999996,0.0,1.1435546875,-0.28564453125,0.25847404233870963,0.03125,0.0,0.03125,1.84375,-0.09375,-0.3125,1.4392958627902608,0.026508638210606117,-0.04414771170446108,6.5,-0.25,0.15625,1.684847078348464,-0.12907755642696173,-0.049239554900550875,5.65625,-0.15625,0.46875,0.28125,-0.0625,-0.125,1.7741935483870968,-0.25806451612903225,-0.32258064516129026,0.8037634408602151,-0.1010752688172043,-0.11075268817204298,0.28125,-0.03125,0.0,2.6666666666666665,-0.03333333333333366,-0.5555555555555558,1.0,0.19999999999999996,0.0,0.9223790322580645,-0.03679435483870974,0.03729838709677413,0.0,0.0,0.0
GaPt25_01,pd,1,0.05499019335823359,0.05499019335823359,0.029270758541530773,0.9724999999999793,0.0,0.0,0.01581138830084156,-0.004009235878460315,-0.004009235878460315,0.018571428571428177,0.0014285714285714006,0.0014285714285714006,-0.26967994498529685,-0.30195480620369197,-0.30195480620369197,-2.523969294292546e-18,0.18938850476964258,0.18938850476964258,0.32128503222677124,-0.020353811527381693,-0.020353811527381693,0.012875794539086343,-0.013646727797243663,-0.013646727797243663,0.017288271052514143,-0.008214088500548378,-0.008214088500548378,-0.24837479790384917,-0.6303644096693882,-0.6303644096693882,0.059107337020595244,0.5227000368957466,0.5227000368957466,1.0104682027820253,0.06918025684147366,0.06918025684147366,0.02117137265740006,-0.2026576425393185,-0.2026576425393185,0.016081000298308994,-0.09222835633303667,-0.09222835633303667,0.5286508397058374,-0.3699995304464897,-0.3699995304464897,0.8346344545759948,1.409246595180365,1.409246595180365,1.3805775641658036,-0.0001258914212094453,-0.0001258914212094453,0.01239761510822532,-0.010019295343518008,-0.010019295343518008,0.017655108953264134,-0.001194198657909342,-0.001194198657909342,-0.7202356131247627,-0.817078931143991,-0.817078931143991,0.14476686567601385,0.13857181348901546,0.13857181348901546,0.6184628474025112,0.03512951406917775,0.03512951406917775,0.5471804688852168,-0.0295702139715609,-0.0295702139715609,0.0,-0.5,-0.5,1.96875,0.09375,0.09375,1.4024028918138118,0.06437352717148026,0.06437352717148026,7.28125,0.59375,0.59375,1.5705839267507298,-0.3711063910709822,-0.3711063910709822,6.3125,0.5,0.5,0.34375,0.03125,0.03125,1.903225806451613,-0.16129032258064502,-0.16129032258064502,0.9193548387096774,0.07258064516129026,0.07258064516129026,0.3125,0.03125,0.03125,2.8,-0.4222222222222225,-0.4222222222222225,0.9,0.011111111111111183,0.011111111111111183,1.18798828125,0.23032699092741937,0.23032699092741937,0.03125,0.03125,0.03125,1.90625,0.03125,0.03125,1.3040724054705235,-0.03395695917180808,-0.03395695917180808,6.25,-0.4375,-0.4375,1.6263951827039393,-0.31529513511777263,-0.31529513511777263,5.34375,-0.46875,-0.46875,0.34375,0.03125,0.03125,1.935483870967742,-0.12903225806451601,-0.12903225806451601,0.9193548387096774,0.07258064516129026,0.07258064516129026,0.3125,0.03125,0.03125,2.8,-0.4222222222222225,-0.4222222222222225,0.9,0.011111111111111183,0.011111111111111183,0.9682459677419355,0.010584677419354871,0.010584677419354871,0.0,0.0,0.0
GaPt25_01,pd,2,0.062075081895842585,0.07262427346700692,0.1318479876772252,1.0387499999999779,0.06624999999999859,0.06624999999999859,0.19744348196744027,0.18163209366659872,0.1776228577881384,0.16571428571428218,0.147142857142854,0.1485714285714254,0.02471423767616339,0.2943941826614602,-0.007560623542231748,-0.20340362378464236,-0.20340362378464236,-0.014015119014999772,0.35751487451006614,0.0362298422832949,0.015876030755913206,0.1264164227091343,0.11354062817004797,0.0998939003728043,0.10849777788881197,0.09120950683629783,0.08299541833574944,0.2521929325258181,0.5005677304296673,-0.129796679239721,-0.30588501073257307,-0.3649923477531683,0.15770768914257827,1.016888785981945,0.006420583199919783,0.07560084004139345,0.023492916174288014,0.002321543516887955,-0.20033609902243057,0.025369856680536262,0.009288856382227269,-0.0829394999508094,-0.0828450830518328,-0.6114959227576702,-0.9814954532041599,0.055236383483636665,-0.7793980710923581,0.6298485240880068,1.4393631002124747,0.05878553604667114,0.05865964462546169,0.20323464758808532,0.19083703247986,0.180817737136342,0.17294318978173787,0.15528808082847373,0.15409388217056438,0.04382744854754322,0.7640630616723059,-0.05301586947168511,-0.21145784403712464,-0.35622470971313847,-0.21765289622412304,0.649112932062518,0.030650084660006738,0.06577959872918449,0.5929133806098332,0.045732911724616465,0.016162697753055566,0.3333333333333333,0.3333333333333333,-0.16666666666666669,2.0625,0.09375,0.1875,1.50134348437142,0.09894059255760812,0.16331411972908838,7.34375,0.0625,0.65625,1.9278832617582793,0.3572993350075495,-0.013807056063432688,6.28125,-0.03125,0.46875,0.375,0.03125,0.0625,2.096774193548387,0.19354838709677402,0.032258064516129004,0.8967741935483872,-0.022580645161290214,0.050000000000000044,0.28125,-0.03125,0.0,3.111111111111111,0.31111111111111134,-0.11111111111111116,1.0,0.09999999999999998,0.11111111111111116,1.3994140625,0.21142578125,0.4417527721774194,0.03125,0.0,0.03125,1.96875,0.0625,0.09375,1.3316101095557091,0.027537704085185633,-0.006419255086622444,6.28125,0.03125,-0.40625,2.0037766761148648,0.3773814934109254,0.06208635829315279,5.3125,-0.03125,-0.5,0.375,0.03125,0.0625,2.161290322580645,0.22580645161290303,0.09677419354838701,0.9021505376344087,-0.017204301075268713,0.055376344086021545,0.3125,0.0,0.03125,3.0,0.20000000000000018,-0.22222222222222232,1.0,0.09999999999999998,0.11111111111111116,0.9284274193548387,-0.03981854838709675,-0.029233870967741882,0.0,0.0,0.0
GaPt25_01,pd,3,0.06746291523902319,0.08372060914536193,0.028450662373720657,0.9449999999999799,-0.093749999999998,-0.027499999999999414,0.014142135623730649,-0.18330134634370962,-0.005678488555571225,0.017142857142856776,-0.1485714285714254,0.0,-0.020833333333333325,-0.04554757100949672,-0.053108194551728466,-0.1504142093990467,0.05298941438559565,0.03897429537059588,0.3094294787293627,-0.04808539578070342,-0.032209365024790215,0.02052935512650228,-0.10588706758263203,-0.005993167209827725,0.02662184803119674,-0.08187592985761523,0.001119488478134218,-0.5614389560665789,-0.813631888592397,-0.9434285678321179,-0.13434841167551112,0.17153659905706195,0.32924428819964024,0.8383750869564893,-0.17851369902545577,-0.10291285898406233,0.32550356613827197,0.30201064996398397,0.1016745509415534,0.4021064156616662,0.37673655898112995,0.29379705903032055,-0.3601538622579862,-0.2773087792061534,-1.2588042324103133,-0.3064882857920656,-0.3617246692757023,0.26812385481230455,1.3731027902512651,-0.06626030996120957,-0.00760066533574788,0.02058928531988196,-0.18264536226820335,-0.0018276251318613684,0.01735203134597458,-0.1555911584357633,-0.0014972762651988963,0.30376301130370875,0.25993556275616553,0.20691969328448043,0.19884157634054966,0.4102994203776743,0.19264652415355127,0.5723635915832961,-0.07674934047922188,-0.010969741750037398,0.5126060270208054,-0.08030735358902785,-0.06414465583597229,0.3333333333333333,0.0,-0.16666666666666669,2.0625,0.0,0.1875,1.3897667476606375,-0.1115767367107825,0.05173738301830588,8.5,1.15625,1.8125,1.8139246347754256,-0.11395862698285364,-0.12776568304628633,7.4375,1.15625,1.625,0.40625,0.03125,0.09375,2.161290322580645,0.06451612903225801,0.09677419354838701,0.9220430107526882,0.025268817204301075,0.07526881720430112,0.28125,0.0,0.0,3.4444444444444446,0.3333333333333335,0.22222222222222232,1.0,0.0,0.11111111111111116,1.1533203125,-0.24609375,0.19565902217741937,0.03125,0.0,0.03125,2.0,0.03125,0.125,1.2951522516054665,-0.03645785795024259,-0.04287711303686503,6.46875,0.1875,-0.21875,1.866242991473995,-0.13753368464086968,-0.07544732634771689,5.46875,0.15625,-0.34375,0.40625,0.03125,0.09375,2.193548387096774,0.032258064516129004,0.12903225806451601,0.9220430107526882,0.019892473118279574,0.07526881720430112,0.28125,-0.03125,0.0,3.4444444444444446,0.44444444444444464,0.22222222222222232,1.0,0.0,0.11111111111111116,0.9324596774193549,0.0040322580645161255,-0.025201612903225756,0.0,0.0,0.0
GaPt25_01,pd,4,0.09021175112291434,0.0919421604493273,0.15835122201675578,1.081249999999977,0.1362499999999971,0.10874999999999768,0.35985860318423507,0.34571646756050445,0.3400379790049332,0.17142857142856777,0.154285714285711,0.154285714285711,-0.4271015697444815,-0.4062682364111482,-0.4593764309628766,0.8125424494966067,0.9629566588956534,1.0019309542662493,0.31985712102380537,0.010427642294442652,-0.021781722730347564,0.01923286800241573,-0.001296487124086549,-0.007289654333914274,0.01794622093461715,-0.00867562709657959,-0.007556138618445372,0.002103007410124145,0.563541963476703,-0.37988660435541494,-0.3776617357440889,-0.24331332406857778,0.08593096413106244,0.95250282587875,0.11412773892226069,0.011214879938198363,0.22563039713746916,-0.09987316900080281,0.0018013819407505793,0.14145602214520756,-0.2606503935164587,0.03314666551386189,-0.9685790205680014,-0.6084251583100152,-1.8672293907203286,0.38267980580626976,0.6891680915983354,0.95729194641064,1.4913623737776684,0.11825958352640331,0.11065891819065543,0.21162319454453024,0.19103390922464827,0.18920628409278692,0.08687952072747776,0.06952748938150319,0.06803021311630428,0.6540322847336368,0.3502692734299281,0.5571889667144085,-0.6453210375973119,-0.8441626139378615,-0.6515160897843103,0.6159516047999553,0.04358801321665917,0.03261827146662177,0.6147869792568113,0.10218095223600587,0.03803629640003359,0.0,-0.3333333333333333,-0.5,2.09375,0.03125,0.21875,1.5731491941633426,0.1833824465027052,0.23511982952101107,7.375,-1.125,0.6875,1.8272136375966974,0.013289002821271767,-0.11447668022501456,6.28125,-1.15625,0.46875,0.375,-0.03125,0.0625,2.064516129032258,-0.09677419354838701,0.0,0.9596774193548387,0.037634408602150504,0.11290322580645162,0.375,0.09375,0.09375,2.5,-0.9444444444444446,-0.7222222222222223,0.8333333333333334,-0.16666666666666663,-0.05555555555555547,1.95947265625,0.80615234375,1.0018113659274195,0.03125,0.0,0.03125,1.96875,-0.03125,0.09375,1.307160799151623,0.012008547546156434,-0.0308685654907086,6.28125,-0.1875,-0.40625,1.9215983770238372,0.055355385549842095,-0.020091940797874797,5.3125,-0.15625,-0.5,0.375,-0.03125,0.0625,2.161290322580645,-0.032258064516129004,0.09677419354838701,0.9596774193548387,0.037634408602150504,0.11290322580645162,0.375,0.09375,0.09375,2.5,-0.9444444444444446,-0.7222222222222223,0.8333333333333334,-0.16666666666666663,-0.05555555555555547,0.9904233870967742,0.05796370967741937,0.032762096774193616,0.0,0.0,0.0
GaPt25_01,pd,5,0.09444505110221116,0.07922699988044585,0.032545362527871685,0.9712499999999793,-0.10999999999999766,-0.0012499999999999734,0.024164614034338446,-0.3356939891498966,0.004343989855036572,0.02142857142857097,-0.1499999999999968,0.004285714285714195,0.12614068326616892,0.5532422530106504,0.09386582204777379,0.13930520662939846,-0.6732372428672082,0.328693711399041,0.3084985166966335,-0.011358604327171895,-0.03314032705751946,0.022140404946382416,0.002907536943966685,-0.0043821173899475895,0.010694762460352114,-0.007251458474265036,-0.014807597092710408,0.9030625659219091,0.900959558511785,0.5210729541563701,0.6957485452171713,1.0734102809612602,1.1593412450923226,1.0089803772386785,0.05647755135992849,0.06769243129812685,0.01944485318082341,-0.20618554395664573,-0.20438416201589515,0.019322064694948744,-0.12213395745025882,-0.08898729193639693,0.13469540135382205,1.1032744219218233,-0.763954968798505,-0.06771550576950443,-0.45039531157577417,0.5068966348348657,1.3639885718534,-0.1273738019242685,-0.016714883733613073,0.016099407504418652,-0.19552378704011159,-0.006317502947324676,0.010637598016361422,-0.07624192271111634,-0.008211709594812053,0.5320565391360432,-0.12197574559759361,0.43521322111681493,0.38176624734321446,1.0270872849405264,0.37557119515621606,0.6184628474025112,0.002511242602555974,0.03512951406917775,0.5314536459234779,-0.08333333333333337,-0.045297036933299784,0.3333333333333333,0.3333333333333333,-0.16666666666666669,2.03125,-0.0625,0.15625,1.575710285308123,0.002561091144780425,0.2376809206657915,8.6875,1.3125,2.0,1.712148245013622,-0.11506539258307535,-0.22954207280808991,7.65625,1.375,1.84375,0.34375,-0.03125,0.03125,2.161290322580645,0.09677419354838701,0.09677419354838701,0.9032258064516129,-0.05645161290322587,0.056451612903225756,0.375,0.0,0.09375,2.6666666666666665,0.16666666666666652,-0.5555555555555558,0.75,-0.08333333333333337,-0.13888888888888884,1.12939453125,-0.830078125,0.17173324092741937,0.03125,0.0,0.03125,1.90625,-0.0625,0.03125,1.3040724054705235,-0.003088393681099477,-0.03395695917180808,6.59375,0.3125,-0.09375,1.829143550690393,-0.09245482633344415,-0.11254676713131895,5.6875,0.375,-0.125,0.34375,-0.03125,0.03125,2.2580645161290325,0.09677419354838745,0.19354838709677447,0.9032258064516129,-0.05645161290322587,0.056451612903225756,0.375,0.0,0.09375,2.6666666666666665,0.16666666666666652,-0.5555555555555558,0.75,-0.08333333333333337,-0.13888888888888884,0.9077620967741935,-0.08266129032258074,-0.04989919354838712,0.0,0.0,0.0
GaPt25_01,pd,6,0.041006548697624566,0.11202019705585049,0.04223051292333049,0.9537499999999797,-0.017499999999999627,-0.0187499999999996,0.011877349391653953,-0.012287264642684493,-0.007943274787647921,0.01571428571428538,-0.005714285714285592,-0.0014285714285713971,-0.4290639352898922,-0.5552046185560611,-0.4613387965082873,0.11043152607484656,-0.028873680554551903,0.29982003084448916,0.3119319482765919,0.0034334315799584014,-0.029706895477561057,0.020250449732402066,-0.0018899552139803495,-0.006272072603927939,0.017193125388597612,0.006498362928245498,-0.008309234164464909,0.4394974315007776,-0.46356513442113156,0.0575078197352385,0.3156184915054745,-0.38013005371169684,0.7792111913806259,1.0013991927958192,-0.007581184442859268,0.060111246855267586,0.016338933867212115,-0.0031059193136112953,-0.20749008132950647,0.01362917328416456,-0.005692891410784185,-0.0946801833471811,0.41129297292589373,0.27659757157207165,-0.48735739722643334,0.1849483762451877,0.25266388201469214,0.7595605168495578,1.3447741754790026,-0.01921439637439737,-0.03592928010801044,0.023078697435990767,0.006979289931572114,0.000661786984247438,0.024020143031410614,0.013382545015049192,0.005170835420237139,-0.19145469110478106,-0.7235112302408243,-0.2882980091240094,0.4272293626198639,0.045463115276649424,0.4210343104328655,0.6394319446848299,0.02096909728231866,0.05609861135149641,0.5248709954469221,-0.006582650476555818,-0.0518796874098556,0.16666666666666666,-0.16666666666666666,-0.33333333333333337,2.125,0.09375,0.25,1.4756081305138942,-0.1001021547942289,0.1375787658715626,8.34375,-0.34375,1.65625,1.8247293215088625,0.1125810764952404,-0.11696099631284951,7.21875,-0.4375,1.40625,0.40625,0.0625,0.09375,2.3548387096774195,0.19354838709677447,0.2903225806451615,0.8978494623655915,-0.00537634408602139,0.05107526881720437,0.34375,-0.03125,0.0625,2.909090909090909,0.24242424242424265,-0.31313131313131315,0.9090909090909091,0.15909090909090906,0.02020202020202022,1.29052734375,0.1611328125,0.3328660534274194,0.03125,0.0,0.03125,2.03125,0.125,0.15625,1.307160799151623,0.003088393681099477,-0.0308685654907086,6.28125,-0.3125,-0.40625,1.904737303028527,0.07559375233813403,-0.03695301479318491,5.25,-0.4375,-0.5625,0.40625,0.0625,0.09375,2.4193548387096775,0.16129032258064502,0.3548387096774195,0.9032258064516129,0.0,0.056451612903225756,0.375,0.0,0.09375,2.8333333333333335,0.16666666666666696,-0.38888888888888884,0.9166666666666666,0.16666666666666663,0.02777777777777779,0.8160282258064516,-0.09173387096774188,-0.141633064516129,0.0,0.0,0.0
GaPt25_01,pd,7,0.07429186786470403,0.04560075642716954,0.06505395938944962,1.027499999999978,0.07374999999999843,0.05499999999999883,0.08031189202104334,0.06843454262938939,0.06049126784174147,0.06142857142857012,0.045714285714284736,0.044285714285713346,0.5225176548741293,0.9515815901640214,0.49024279365573414,-0.33427642729516194,-0.4447079533700085,-0.14488792252551935,0.3338073599958482,0.021875411719256332,-0.007831483758304725,0.031023245086978627,0.01077279535457656,0.004500722750648622,0.044523784133421215,0.027330658744823603,0.019021424580358694,-0.5023778640656913,-0.9418752955664689,-0.8843674758312303,-0.10473535697483365,-0.42035384848030816,0.3588573429003177,1.0168825129962245,0.015483320200405215,0.0755945670556728,0.02846806781388845,0.012129133946676335,-0.19536094738283014,0.03592410594576837,0.02229493266160381,-0.0723852506855773,-0.4255703094464781,-0.8368632823723718,-1.3242206795988052,-0.018433870543045305,-0.203382246788233,0.5561782700613248,1.4322535361661461,0.08747936068714357,0.05155008057913313,0.15143749968031803,0.12835880224432727,0.1290205892285747,0.13488151691364597,0.11086137388223535,0.11603220930247249,-0.03447499988226624,0.15697969122251482,-0.13131831790149456,-0.3163110566543919,-0.7435404192742558,-0.3225061088413903,0.6788588966469109,0.039426951962081014,0.09552556331357742,0.6262807610043136,0.10140976555739156,0.04953007814753596,0.3333333333333333,0.16666666666666666,-0.16666666666666669,1.84375,-0.28125,-0.03125,1.393750452046795,-0.08185767846709924,0.055721087404463354,9.5,1.15625,2.8125,1.7413380098407456,-0.08339131166811686,-0.20035230798096637,8.65625,1.4375,2.84375,0.28125,-0.125,-0.03125,1.6451612903225807,-0.7096774193548387,-0.41935483870967727,0.782258064516129,-0.11559139784946248,-0.06451612903225812,0.25,-0.09375,-0.03125,2.875,-0.03409090909090917,-0.3472222222222223,1.0,0.09090909090909094,0.11111111111111116,1.26220703125,-0.0283203125,0.3045457409274194,0.03125,0.0,0.03125,1.78125,-0.25,-0.09375,1.2885194053891917,-0.018641393762431235,-0.049509959253139835,6.46875,0.1875,-0.21875,1.7957723650554305,-0.10896493797309659,-0.1459179527662815,5.6875,0.4375,-0.125,0.28125,-0.125,-0.03125,1.6774193548387097,-0.7419354838709677,-0.38709677419354827,0.782258064516129,-0.12096774193548387,-0.06451612903225812,0.25,-0.125,-0.03125,2.875,0.04166666666666652,-0.3472222222222223,1.0,0.08333333333333337,0.11111111111111116,1.044858870967742,0.22883064516129037,0.08719758064516137,0.0,0.0,0.0
GaPt26_01,pd,1,0.029777877976923064,0.029777877976923064,0.030883451278663297,1.0949999999999767,-0.02624999999999944,-0.02624999999999944,0.02927700218845537,-0.014942418238061524,-0.014942418238061524,0.04714285714285614,0.00857142857142839,0.00857142857142839,-0.8776872610615156,-0.8625272362125301,-0.8625272362125301,0.7949846364585516,0.7535753905840252,0.7535753905840252,0.3631902541215253,0.024537785465758966,0.024537785465758966,0.00979444335767813,-0.005508450427165912,-0.005508450427165912,0.014425342922335962,-0.006936099893013539,-0.006936099893013539,-0.6469909485100075,-0.031466818680887076,-0.031466818680887076,0.4407645190223525,0.19683849863134506,0.19683849863134506,0.9975148346829763,0.01393815884482541,0.01393815884482541,0.01606199965198066,-0.05801049031634352,-0.05801049031634352,0.017296386754188875,-0.055355392556911145,-0.055355392556911145,-0.5166705568857224,-0.16652313797936102,-0.16652313797936102,-0.8853769982288621,-0.8966522923536577,-0.8966522923536577,1.324316340621857,0.004078540899626892,0.004078540899626892,0.018865056507882543,0.00036305838810338914,0.00036305838810338914,0.021558765836091304,0.0030824317913581284,0.0030824317913581284,-0.14060166101687413,0.18707468549191034,0.18707468549191034,-0.3796230030774871,0.24025150389202088,0.24025150389202088,0.6394319446848299,0.02096909728231866,0.02096909728231866,0.524870995446922,0.04019052656170513,0.04019052656170513,0.5,0.5,0.5,2.15625,0.1875,0.1875,1.393750452046795,0.08658965289517195,0.08658965289517195,7.28125,0.875,0.875,1.904737303028527,-0.010555566010970185,-0.010555566010970185,6.125,0.6875,0.6875,0.4375,0.0625,0.0625,2.838709677419355,0.4193548387096775,0.4193548387096775,1.0,0.06451612903225812,0.06451612903225812,0.40625,0.03125,0.03125,3.1538461538461537,0.32051282051282026,0.32051282051282026,0.8461538461538461,0.012820512820512775,0.012820512820512775,1.1171875,0.20337701612903225,0.20337701612903225,0.03125,0.03125,0.03125,2.09375,0.125,0.125,1.3040724054705235,-0.003088393681099477,-0.003088393681099477,6.25,-0.15625,-0.15625,1.951012970972573,0.03572010193307573,0.03572010193307573,5.15625,-0.28125,-0.28125,0.4375,0.0625,0.0625,2.870967741935484,0.4516129032258065,0.4516129032258065,1.0,0.06451612903225812,0.06451612903225812,0.40625,0.03125,0.03125,3.1538461538461537,0.32051282051282026,0.32051282051282026,0.8461538461538461,0.012820512820512775,0.012820512820512775,0.8951612903225806,-0.018649193548387122,-0.018649193548387122,0.0,0.0,0.0
GaPt26_01,pd,2,0.14233367684618922,0.14883871341968297,0.1608346877196648,1.2112499999999742,0.11624999999999752,0.08999999999999808,0.22566963844142512,0.19639263625296977,0.18145021801490824,0.2157142857142811,0.16857142857142499,0.17714285714285335,-0.09064088199878205,0.7870463790627336,-0.07548085714979652,-0.13961106139751142,-0.934595697856063,-0.18102030727203777,0.430994038868907,0.06780378474738175,0.09234157021314071,0.15241719945746593,0.1426227560997878,0.1371143056726219,0.13821907310751125,0.12379373018517528,0.11685763029216174,0.26393888897879736,0.9109298374888048,0.8794630188079178,-0.35333661637909397,-0.7941011354014464,-0.5972626367701014,1.0805707308308041,0.08305589614782782,0.09699405499265323,0.0950597420336788,0.07899774238169814,0.020987252065354622,0.05718721392297806,0.03989082716878919,-0.015464565388121958,0.557942783106854,1.0746133399925764,0.9080902020132153,-0.10287053431868587,0.7825064639101762,-0.11414582844348153,1.4817186922921652,0.15740235167030825,0.16148089256993514,0.2083852917394101,0.18952023523152756,0.18988329361963094,0.15665928929876885,0.13510052346267754,0.13818295525403568,0.35429240410843205,0.4948940651253062,0.6819687506172165,-0.42986233544050617,-0.050239332363019085,0.1900121715290018,0.7585163618345441,0.11908441714971418,0.14005351443203284,0.7893170574043474,0.2644460619574255,0.3046365885191306,0.5,0.0,0.5,1.9375,-0.21875,-0.03125,1.605183136974036,0.211432684927241,0.29802233782241294,7.75,0.46875,1.34375,1.7038855027411945,-0.20085180028733252,-0.2114073662983027,6.8125,0.6875,1.375,0.28125,-0.15625,-0.09375,2.129032258064516,-0.709677419354839,-0.2903225806451615,0.8978494623655915,-0.10215053763440851,-0.03763440860215039,0.3125,-0.09375,-0.0625,2.9,-0.25384615384615383,0.06666666666666643,0.9,0.05384615384615388,0.06666666666666665,1.501708984375,0.384521484375,0.5878985005040323,0.03125,0.0,0.03125,1.84375,-0.25,-0.125,1.4392958627902608,0.13522345731973728,0.1321350636386378,6.6875,0.4375,0.28125,1.8038936382349475,-0.14711933273762545,-0.11139923080454972,5.84375,0.6875,0.40625,0.28125,-0.15625,-0.09375,2.193548387096774,-0.67741935483871,-0.22580645161290347,0.8978494623655915,-0.10215053763440851,-0.03763440860215039,0.3125,-0.09375,-0.0625,2.9,-0.25384615384615383,0.06666666666666643,0.9,0.05384615384615388,0.06666666666666665,1.0340221774193548,0.13886088709677413,0.12021169354838701,0.0,0.0,0.0
GaPt26_01,pd,3,0.11765839141493831,0.05023827562914565,0.03923418194238832,1.1112499999999763,-0.09999999999999787,-0.009999999999999787,0.02031009601158947,-0.20535954242983565,-0.023909324414927425,0.017142857142856776,-0.19857142857142435,-0.021428571428570974,0.22936024651459036,0.3200011285133724,0.2445202713635759,0.03400102004590228,0.1736120814434137,-0.0074082258286240765,0.35987830490755673,-0.07111573396135029,0.02122583625179042,0.008808933967411356,-0.14360826549005457,-0.006493959817432686,0.008256776927689178,-0.12996229617982208,-0.013104665887660323,0.181555887804901,-0.08238300117389635,0.7970800176340214,-0.17539658103086372,0.17794003534823025,-0.41932260142187117,0.9965945087904005,-0.08397622204040367,0.013017832952249564,0.07283822154843957,-0.022221520485239232,-0.0012342684198846099,0.0696411063669877,0.012453892444009636,-0.003010672944112322,-0.017437612718545565,-0.5753803958253996,0.3327098061878158,-0.18616389922316892,-0.08329336490448305,-0.1974391933479646,1.3498450622529428,-0.13187363003922248,0.029607262530712664,0.025014854775306038,-0.18337043696410404,0.006512856655526884,0.02378344809644295,-0.1328758412023259,0.0053071140517097735,0.26455900830764967,-0.08973339580078238,0.5922353548164341,-0.40103397219994635,0.028828363240559818,0.2188405347695616,0.634369056120937,-0.1241473057136071,0.01590620871842574,0.5044735369049057,-0.2848435204994417,0.019793068019688886,0.3333333333333333,-0.16666666666666669,0.3333333333333333,1.84375,-0.09375,-0.125,1.393750452046795,-0.211432684927241,0.08658965289517195,8.71875,0.96875,2.3125,1.8002575980550224,0.09637209531382784,-0.11503527098447486,7.875,1.0625,2.4375,0.28125,0.0,-0.09375,2.032258064516129,-0.09677419354838701,-0.3870967741935485,0.8225806451612904,-0.07526881720430112,-0.11290322580645151,0.25,-0.0625,-0.125,3.625,0.7250000000000001,0.7916666666666665,1.0,0.09999999999999998,0.16666666666666663,1.232421875,-0.269287109375,0.31861139112903225,0.03125,0.0,0.03125,1.78125,-0.0625,-0.1875,1.2885194053891917,-0.15077645740106904,-0.018641393762431235,6.6875,0.0,0.28125,1.8567661794532155,0.05287254121826801,-0.05852668958628171,5.90625,0.0625,0.46875,0.28125,0.0,-0.09375,2.064516129032258,-0.12903225806451601,-0.3548387096774195,0.8225806451612904,-0.07526881720430112,-0.11290322580645151,0.25,-0.0625,-0.125,3.625,0.7250000000000001,0.7916666666666665,1.0,0.09999999999999998,0.16666666666666663,1.0141129032258065,-0.019909274193548265,0.10030241935483875,0.0,0.0,0.0
GaPt26_01,pd,4,0.02497769078988256,0.05316820670961225,0.02619921074485687,1.1037499999999765,-0.00749999999999984,-0.017499999999999627,0.023867192066576094,0.0035570960549866255,-0.0203522283599408,0.019999999999999574,0.0028571428571427977,-0.018571428571428177,0.34374999999999994,0.11438975348540958,0.3589100248489855,-0.42702702702702716,-0.46102804707292944,-0.46843627290155354,0.36897986782149417,0.009101562913937433,0.030327399165727853,0.019917905246106225,0.01110897127869487,0.004615011461262183,0.015336257947712277,0.0070794810200231,-0.006025184867637224,0.48885422747128704,0.30729833966638603,1.1043783573004076,0.6306756183842251,0.8060721994150889,0.38674959799321773,0.9528361329726331,-0.043758375817767314,-0.03074054286551775,0.09800587125322995,0.02516764970479038,0.02393338128490577,0.110299909431651,0.040658803064663296,0.037648130120550974,-0.1272270415739067,-0.10978942885536115,0.22292037733245465,-0.6915963486643142,-0.5054324494411453,-0.7028716427891099,1.3454474959484144,-0.004397566304528366,0.025209696226184297,0.008730380080071641,-0.016284474695234398,-0.009771618039707513,0.012427729375466878,-0.011355718720976071,-0.006048604669266298,-0.29324389552676605,-0.5578029038344157,0.034432450982018414,0.14161114586287682,0.5426451180628231,0.7614856528323848,0.634369056120937,0.0,0.01590620871842574,0.5553129590011167,0.05083942209621095,0.07063249011589984,0.5,0.16666666666666669,0.5,1.90625,0.0625,-0.0625,1.5731491941633426,0.17939874211654772,0.26598839501171967,7.875,-0.84375,1.46875,1.6607421582319852,-0.13951543982303716,-0.254550710807512,6.96875,-0.90625,1.53125,0.28125,0.0,-0.09375,1.903225806451613,-0.12903225806451601,-0.5161290322580645,0.7373271889400922,-0.08525345622119818,-0.1981566820276497,0.25,0.0,-0.125,3.25,-0.375,0.4166666666666665,1.0,0.0,0.16666666666666663,1.90087890625,0.66845703125,0.9870684223790323,0.03125,0.0,0.03125,1.78125,0.0,-0.1875,1.2885194053891917,0.0,-0.018641393762431235,6.78125,0.09375,0.375,1.7912759013727364,-0.06549027808047914,-0.12401696766676085,6.0,0.09375,0.5625,0.28125,0.0,-0.09375,1.8709677419354838,-0.19354838709677424,-0.5483870967741937,0.7419354838709677,-0.08064516129032262,-0.19354838709677413,0.25,0.0,-0.125,3.25,-0.375,0.4166666666666665,1.0,0.0,0.16666666666666663,0.9299395161290323,-0.08417338709677424,0.016129032258064502,0.0,0.0,0.0
GaPt26_01,pd,5,0.034711404212261744,0.023840377801903657,0.043444024243987224,1.1324999999999759,0.028749999999999387,0.01124999999999976,0.043011626335212216,0.019144434268636122,-0.0012077940913046772,0.05571428571428453,0.035714285714284956,0.01714285714285678,-0.13975802670564716,-0.4835080267056471,-0.12459800185666162,0.07372097807744857,0.5007480051044757,0.03231173220292221,0.35328609942409855,-0.015693768397395613,0.01463363076833224,0.020517235473305702,0.0005993302271994766,0.00521434168846166,0.022924662800267757,0.007588404852555479,0.0015632199849182557,-0.07419212905855965,-0.5630463565298467,0.5413320007705608,-0.5530921669916957,-1.1837677853759208,-0.7970181873827031,0.9835292180404553,0.0306930850678222,-4.745779769554925e-05,0.06446774249477064,-0.03353812875845931,-0.00960474747355354,0.04490491558700571,-0.06539499384464528,-0.02774686372409431,-0.0011012242030756087,0.12612581737083112,0.34904619470328574,-0.75699228341151,-0.06539593474719585,-0.7682675775363057,1.3308206574366,-0.014626838511814455,0.010582857714369842,0.02931304568935351,0.020582665609281868,0.010811047569574357,0.0254282141073404,0.013000484731873523,0.0069518800626072255,0.38458427025899766,0.6778281657857637,0.7122606167677821,0.13802415912863597,-0.003586986734240849,0.7578986660981439,0.6394319446848299,0.00506288856389292,0.02096909728231866,0.5586742506327192,0.003361291631602592,0.07399378174750243,0.6666666666666666,0.16666666666666663,0.6666666666666666,1.90625,0.0,-0.0625,1.3995246888993098,-0.17362450526403284,0.09236388974768683,8.59375,0.71875,2.1875,1.7200782990430143,0.059336140811029114,-0.1952145699964829,7.6875,0.71875,2.25,0.3125,0.03125,-0.0625,1.967741935483871,0.06451612903225801,-0.4516129032258065,0.8887096774193549,0.15138248847926272,-0.046774193548386966,0.28125,0.03125,-0.09375,3.111111111111111,-0.13888888888888884,0.2777777777777777,0.7777777777777778,-0.2222222222222222,-0.05555555555555558,1.18212890625,-0.71875,0.26831842237903225,0.03125,0.0,0.03125,1.84375,0.0625,-0.125,1.2978735710582958,0.009354165669104075,-0.00928722809332716,6.5625,-0.21875,0.15625,1.7768674864817942,-0.014408414890942245,-0.1384253825577031,5.71875,-0.28125,0.28125,0.3125,0.03125,-0.0625,2.0,0.12903225806451624,-0.4193548387096775,0.8951612903225806,0.15322580645161288,-0.040322580645161255,0.28125,0.03125,-0.09375,3.111111111111111,-0.13888888888888884,0.2777777777777777,0.7777777777777778,-0.2222222222222222,-0.05555555555555558,0.9621975806451613,0.032258064516129004,0.048387096774193505,0.0,0.0,0.0
GaPt26_01,pd,6,0.03044296205567035,0.027163029120870767,0.03804834577473689,1.122499999999976,-0.009999999999999787,0.0012499999999999734,0.023754698783307906,-0.01925692755190431,-0.020464721643208988,0.032857142857142155,-0.022857142857142375,-0.0057142857142855955,-0.5131010445849216,-0.3733430178792744,-0.497941019735936,-0.22415833798081702,-0.29787931605826556,-0.2655675838553434,0.35861716217445144,0.0053310627503528885,0.019964693518685128,0.014156815682125791,-0.006360419791179911,-0.0011460781027182506,0.010645771241951953,-0.012278891558315803,-0.010715671573397548,0.4192531270893847,0.4934452561479444,1.0347772569185052,-0.563757624012857,-0.010665457021161284,-0.8076836444038644,0.991198028863958,0.007668810823502681,0.007621353025807132,0.025001509187531357,-0.03946623330723928,-0.04907098078079282,0.03144712411463359,-0.013457791472372124,-0.04120465519646643,0.07587313016497906,0.07697435436805466,0.4260205490713404,-0.880088291338766,-0.12309600792725595,-0.8913635854635616,1.3142114312657514,-0.01660922617084859,-0.006026368456478748,0.019878164967029228,-0.009434880722324283,0.0013761668472500738,0.025784560993157606,0.00035634688581720475,0.00730822694842443,-0.11370247231129704,-0.4982867425702947,0.21397387419748742,-0.89023487274578,-1.0282590318744158,-0.270360365776272,0.634369056120937,-0.00506288856389292,0.01590620871842574,0.5210738290240025,-0.037600421608716794,0.036393360138785635,0.5,-0.16666666666666663,0.5,2.0625,0.15625,0.09375,1.4797013648139472,0.0801766759146374,0.17254056566232423,8.375,-0.21875,1.96875,2.012060410816284,0.2919821117732697,0.09676754177678681,7.3125,-0.375,1.875,0.375,0.0625,0.0,1.903225806451613,-0.06451612903225801,-0.5161290322580645,0.9301075268817205,0.04139784946236558,-0.00537634408602139,0.34375,0.0625,-0.03125,2.272727272727273,-0.8383838383838382,-0.5606060606060606,0.45454545454545453,-0.32323232323232326,-0.37878787878787884,1.322265625,0.14013671875,0.40845514112903225,0.03125,0.0,0.03125,1.96875,0.125,0.0,1.307160799151623,0.00928722809332716,0.0,6.3125,-0.25,-0.09375,2.085858684478146,0.308991197996352,0.1705658154386489,5.34375,-0.375,-0.09375,0.375,0.0625,0.0,1.903225806451613,-0.09677419354838701,-0.5161290322580645,0.9354838709677419,0.040322580645161255,0.0,0.375,0.09375,0.0,2.1666666666666665,-0.9444444444444446,-0.666666666666667,0.4166666666666667,-0.3611111111111111,-0.4166666666666667,0.8487903225806451,-0.11340725806451613,-0.06502016129032262,0.0,0.0,0.0
GaPt26_01,pd,7,0.15506240793020282,0.15125838756731594,0.19086873452715658,1.2437499999999735,0.12124999999999742,0.12249999999999739,0.35030343989175267,0.3265487411084448,0.3060840194652358,0.32428571428570735,0.2914285714285652,0.2857142857142796,-0.07271903864104662,0.44038200594387494,-0.05755901379206108,-0.12117652703455438,0.10298181094626264,-0.16258577290908074,0.48620438032428304,0.1275872181498316,0.14755191166851672,0.3115260251928733,0.2973692095107475,0.29622313140802925,0.2722563985721881,0.26161062733023616,0.25089495575683857,-0.07728669186719819,-0.49653981895658295,0.5382374379619222,-0.24645253551314153,0.3173050884997155,-0.4903785559041489,1.0666422160857059,0.07544418722174784,0.08306554024755497,0.2275646516563842,0.20256314246885285,0.15349216168806,0.1863733002198636,0.15492617610523002,0.11372152090876357,0.37933413335589306,0.303461003190914,0.7294815522622544,-0.2516597730965787,0.6284285182421873,-0.2629350672213744,1.474355621548176,0.16014419028242455,0.1541178218259458,0.1853708781711878,0.16549271320415856,0.16686888005140865,0.15208222576643626,0.12629766477327867,0.1336058917217031,0.2656523441714405,0.37935481648273756,0.593328690680225,-0.5290932173026692,0.3611416554431107,0.09078128966683874,0.7270627159110663,0.09269365979012933,0.10859986850855508,0.7032268229617389,0.18215299393773643,0.21854635407652206,0.5,0.0,0.5,1.84375,-0.21875,-0.125,1.370410228197523,-0.1092911366164242,0.06324942904590003,9.75,1.375,3.34375,1.778001778002667,-0.23405863281361716,-0.13729109103683035,8.90625,1.59375,3.46875,0.3125,-0.0625,-0.0625,1.967741935483871,0.06451612903225801,-0.4516129032258065,0.8806451612903226,-0.04946236559139794,-0.05483870967741933,0.28125,-0.0625,-0.09375,3.0,0.7272727272727271,0.16666666666666652,0.7777777777777778,0.32323232323232326,-0.05555555555555558,1.244140625,-0.078125,0.33033014112903225,0.03125,0.0,0.03125,1.78125,-0.1875,-0.1875,1.2632363710059404,-0.04392442814568254,-0.04392442814568254,6.71875,0.40625,0.3125,1.8357449924810785,-0.2501136919970677,-0.07954787655841877,5.9375,0.59375,0.5,0.3125,-0.0625,-0.0625,2.0,0.09677419354838701,-0.4193548387096775,0.8806451612903226,-0.05483870967741933,-0.05483870967741933,0.28125,-0.09375,-0.09375,3.0,0.8333333333333335,0.16666666666666652,0.7777777777777778,0.3611111111111111,-0.05555555555555558,1.0262096774193548,0.17741935483870963,0.11239919354838701,0.0,0.0,0.0
GaPt27_01,pd,1,0.03191784726117707,0.03191784726117707,0.050689791427009134,1.0987499999999766,-0.024999999999999467,-0.024999999999999467,0.06490377492873446,0.03875174687298815,0.03875174687298815,0.05142857142857033,0.01714285714285678,0.01714285714285678,-0.11710286148842121,0.550771108841238,0.550771108841238,-0.437344153449997,-0.8585446005966291,-0.8585446005966291,0.37278737310805815,-0.050552258986055365,-0.050552258986055365,0.044562278368813275,-0.03986515081446267,-0.03986515081446267,0.04132472676062882,-0.005083740700470234,-0.005083740700470234,-0.26685783434485916,-1.1458532722815196,-1.1458532722815196,-0.12363759472313142,-0.9342314916617258,-0.9342314916617258,0.9740092592570333,0.14504653696374104,0.14504653696374104,0.235708299373739,-0.05342622625270976,-0.05342622625270976,0.20154825848029193,-0.08510310185527895,-0.08510310185527895,-0.1449128340138117,-0.03460022784183342,-0.03460022784183342,-0.1556208470269462,0.2771725756283123,0.2771725756283123,1.3745967137658615,0.0016823115095783159,0.0016823115095783159,0.052067061310814955,0.03329012951905642,0.03329012951905642,0.03770440211986555,0.015614644269092724,0.015614644269092724,-0.12869218766828885,-0.012968435061451164,-0.012968435061451164,-0.7784109790138589,-0.9636689074522834,-0.9636689074522834,0.5258095909711626,-0.10855946514977433,-0.10855946514977433,0.6099495475202471,-0.028696744814202813,-0.028696744814202813,0.16666666666666666,-0.33333333333333337,-0.33333333333333337,1.90625,0.09979838709677424,0.09979838709677424,1.4223872482101938,0.19983923037450246,0.19983923037450246,7.84375,1.456653225806452,1.456653225806452,1.8158686715338377,-0.21189560396498064,-0.21189560396498064,6.9375,1.356854838709677,1.356854838709677,0.3125,-0.04233870967741937,-0.04233870967741937,1.935483870967742,-0.03118279569892457,-0.03118279569892457,0.8870967741935484,-0.010125448028673878,-0.010125448028673878,0.21875,-0.07157258064516131,-0.07157258064516131,3.5714285714285716,0.6825396825396828,0.6825396825396828,1.0,0.2222222222222222,0.2222222222222222,1.228515625,0.267578125,0.267578125,0.03125,0.03125,0.03125,1.84375,0.037298387096774244,0.037298387096774244,1.322494588073566,0.09994657023787457,0.09994657023787457,6.8125,0.42540322580645196,0.42540322580645196,1.8740589036083013,-0.15370537189051703,-0.15370537189051703,5.96875,0.38810483870967705,0.38810483870967705,0.3125,-0.04233870967741937,-0.04233870967741937,1.967741935483871,0.0010752688172044333,0.0010752688172044333,0.8870967741935484,-0.010125448028673878,-0.010125448028673878,0.21875,-0.07157258064516131,-0.07157258064516131,3.5714285714285716,0.6825396825396828,0.6825396825396828,1.0,0.2222222222222222,0.2222222222222222,1.0100806451612903,0.04914314516129026,0.04914314516129026,0.0,0.0,0.0
GaPt27_01,pd,2,0.034101933260831815,0.022072929157485828,0.04520888179264272,1.123749999999976,0.024999999999999467,0.0,0.03420004177106816,-0.0307037331576663,0.00804801371532185,0.028571428571427963,-0.022857142857142368,-0.0057142857142855885,0.10648585722298123,0.22358871871140246,0.7743598275526404,-0.4231988293086889,0.014145324141308091,-0.844399276455321,0.37302359204821783,0.0002362189401596826,-0.05031604004589568,0.03817459089085059,-0.006387687477962686,-0.04625283829242536,0.01840825299471916,-0.022916473765909662,-0.028000214466379895,0.8945680783189296,1.1614259126637887,0.015572640382269243,0.6754485497688154,0.7990861444919468,-0.135145347169779,1.0386153369117517,0.06460607765471837,0.2096526146184594,0.024295184722499148,-0.21141311465123985,-0.2648393409039496,0.027654355715333923,-0.173893902764958,-0.25899700462023695,-0.3691028485959333,-0.2241900145821216,-0.258790242423955,0.38574045906652066,0.5413613060934669,0.8185338817217792,1.3565688487993532,-0.01802786496650821,-0.016345553456929895,0.028652290243695824,-0.02341477106711913,0.009875358451937287,0.024214063598074036,-0.013490338521791517,0.002124305747301207,0.35174620915457855,0.4804383968228674,0.46746996176141625,0.5531846909759841,1.331595669989843,0.3679267625375596,0.5283208335737187,0.0025112426025560852,-0.10604822254721824,0.5314536459234779,-0.07849590159676922,-0.10719264641097204,0.3333333333333333,0.16666666666666666,-0.16666666666666669,1.8125,-0.09375,0.006048387096774244,1.4687607240514464,0.04637347584125262,0.24621270621575508,8.03125,0.1875,1.644153225806452,1.7502879947357604,-0.06558067679807733,-0.27747628076305797,7.21875,0.28125,1.638104838709677,0.25,-0.0625,-0.10483870967741937,1.5161290322580645,-0.4193548387096775,-0.45053763440860206,0.6370967741935484,-0.25,-0.2601254480286739,0.21875,0.0,-0.07157258064516131,3.0,-0.5714285714285716,0.11111111111111116,0.8571428571428571,-0.1428571428571429,0.0793650793650793,1.39306640625,0.16455078125,0.43212890625,0.03125,0.0,0.03125,1.71875,-0.125,-0.08770161290322576,1.275940513326694,-0.04655407474687201,0.053392495491002556,6.96875,0.15625,0.581653225806452,1.8575803720726802,-0.016478531535621066,-0.1701839034261381,6.25,0.28125,0.669354838709677,0.25,-0.0625,-0.10483870967741937,1.5806451612903225,-0.3870967741935485,-0.38602150537634405,0.6370967741935484,-0.25,-0.2601254480286739,0.21875,0.0,-0.07157258064516131,3.0,-0.5714285714285716,0.11111111111111116,0.8571428571428571,-0.1428571428571429,0.0793650793650793,0.921875,-0.08820564516129026,-0.0390625,0.0,0.0,0.0
GaPt27_01,pd,3,0.033094184348009606,0.03272596840218618,0.024614613542757804,1.1049999999999764,-0.0187499999999996,-0.0187499999999996,0.011952286093343681,-0.02224775567772448,-0.01419974196240263,0.01571428571428538,-0.012857142857142585,-0.018571428571428173,-0.33633639699815626,-0.4428222542211375,0.33153757333150297,-0.8374357893586236,-0.4142369600499347,-1.2586362365052557,0.341592451426167,-0.031431140622050824,-0.0817471806679465,0.00960469545498031,-0.02856989543587028,-0.07482273372829563,0.014197350829067732,-0.004210902165651429,-0.03221111663203133,-0.5013052733225912,-1.3958733516415207,-1.3803007112592516,-0.1767943591136502,-0.8522429088824657,-0.9873882560522447,1.0338273133284601,-0.004788023583291556,0.20486459103516785,0.014850665538530558,-0.00944451918396859,-0.2742838600879182,0.01902565277401453,-0.008628702941319392,-0.26762570756155635,-0.2369088387491914,0.13219400984674187,-0.12659623257721314,-0.5584702156407098,-0.9442106747072304,-0.1256767929854512,1.3393193484649906,-0.017249500334362677,-0.03359505379129257,0.014430670886587388,-0.014221619357108436,-0.004346260905171149,0.013892529488859693,-0.010321534109214343,-0.008197228361913136,0.1838685464774194,-0.16787766267715915,0.2995922990842571,-0.6447656835509071,-1.1979503745268913,-0.8300236119893316,0.5283208335737187,0.0,-0.10604822254721824,0.396240625180289,-0.13521302074318886,-0.2424056671541609,0.5,0.16666666666666669,0.0,1.84375,0.03125,0.037298387096774244,1.393750452046795,-0.07501027200465149,0.1712024342111036,8.96875,0.9375,2.581653225806452,1.822518197617012,0.07223020288125159,-0.20524607788180638,8.125,0.90625,2.544354838709677,0.28125,0.03125,-0.07358870967741937,2.0,0.4838709677419355,0.03333333333333344,0.7741935483870968,0.13709677419354838,-0.1230286738351255,0.3125,0.09375,0.02217741935483869,2.8,-0.20000000000000018,-0.08888888888888902,0.9,0.04285714285714293,0.12222222222222223,1.1162109375,-0.27685546875,0.1552734375,0.03125,0.0,0.03125,1.78125,0.0625,-0.025201612903225756,1.2885194053891917,0.012578892062497848,0.0659713875535004,6.9375,-0.03125,0.550403225806452,1.8826457018540896,0.025065329781409407,-0.1451185736447287,6.15625,-0.09375,0.575604838709677,0.28125,0.03125,-0.07358870967741937,2.032258064516129,0.4516129032258065,0.06559139784946244,0.7741935483870968,0.13709677419354838,-0.1230286738351255,0.3125,0.09375,0.02217741935483869,2.8,-0.20000000000000018,-0.08888888888888902,0.9,0.04285714285714293,0.12222222222222223,0.8941532258064516,-0.027721774193548376,-0.06678427419354838,0.0,0.0,0.0
GaPt27_01,pd,4,0.021709645213193733,0.02915546058300715,0.043459549596513186,1.1137499999999763,0.008749999999999813,-0.009999999999999787,0.03502550091412915,0.02307321482078547,0.008873472858382837,0.04428571428571334,0.02857142857142796,0.009999999999999787,-0.174959434764492,0.16137696223366427,0.49291453556516723,0.31415730370750306,1.1515930930661267,-0.10704314343912896,0.36744275492323386,0.02585030349706685,-0.055896877170879655,0.030329251476659214,0.020724556021678903,-0.054098177706616735,0.02549229017586271,0.011294939346794979,-0.020916177285236346,0.246815747113856,0.7481210204364472,-0.6321796908228043,-0.7093812186281088,-0.5325868595144585,-1.5199751155667032,1.034570424146166,0.0007431108177058388,0.2056077018528737,0.020078607876023214,0.005227942337492656,-0.26905591775042553,0.01831138791055501,-0.0007142648634595218,-0.26833997242501584,-0.10143669759825427,0.13547214115093714,0.008875908573724,-0.18194125810645304,0.37652895753425675,0.25085216454880555,1.3486777344859073,0.009358386020916765,-0.024236667770375808,0.025857411539349198,0.01142674065276181,0.00708047974759066,0.03525763214913215,0.021365102660272455,0.01316787429835932,-0.6795624285254226,-0.8634309750028419,-0.5638386759185849,-0.1882603562119302,0.4565053273389769,-0.37351828465035464,0.5283208335737187,0.0,-0.10604822254721824,0.5091441724851831,0.11290354730489405,-0.12950211984926685,0.16666666666666666,-0.33333333333333337,-0.33333333333333337,1.90625,0.0625,0.09979838709677424,1.5731491941633426,0.17939874211654772,0.3506011763276513,7.78125,-1.1875,1.394153225806452,1.963117583121625,0.14059938550461304,-0.06464669237719334,6.875,-1.25,1.294354838709677,0.28125,0.0,-0.07358870967741937,1.8387096774193548,-0.16129032258064524,-0.1279569892473118,0.8582949308755761,0.08410138248847931,-0.03892729134664619,0.25,-0.0625,-0.04032258064516131,2.875,0.07500000000000018,-0.01388888888888884,0.75,-0.15000000000000002,-0.02777777777777779,1.93701171875,0.82080078125,0.97607421875,0.03125,0.0,0.03125,1.78125,0.0,-0.025201612903225756,1.2885194053891917,0.0,0.0659713875535004,6.6875,-0.25,0.30040322580645196,2.070335799473275,0.18769009761918554,0.04257152397445685,5.90625,-0.25,0.32560483870967705,0.28125,0.0,-0.07358870967741937,1.8064516129032258,-0.22580645161290325,-0.1602150537634408,0.8629032258064516,0.08870967741935487,-0.03431899641577063,0.28125,-0.03125,-0.00907258064516131,2.6666666666666665,-0.1333333333333333,-0.22222222222222232,0.6666666666666666,-0.2333333333333334,-0.11111111111111116,0.9672379032258065,0.07308467741935487,0.006300403225806495,0.0,0.0,0.0
GaPt27_01,pd,5,0.01536385630960287,0.03311236313234625,0.029666279214265883,1.1124999999999763,-0.0012499999999999734,-0.01124999999999976,0.016690459207925248,-0.0183350417062039,-0.009461568847821063,0.014285714285713982,-0.029999999999999357,-0.01999999999999957,0.2700308624336608,0.4449902971981528,0.93790483276332,-0.39107694443752145,-0.7052342481450244,-0.8122773915841535,0.348196324713283,-0.01924643020995087,-0.07514330738083053,0.01824161497735357,-0.012087636499305644,-0.06618581420592237,0.01806730309090578,-0.007424987084956931,-0.028341164370193277,0.14942608535136045,-0.09738966176249556,-0.7295693525852999,-0.11742314660132773,0.5919580720267811,-0.9280170435399221,1.0359621514821136,0.0013917273359476123,0.2069994291888213,0.011775425856100794,-0.00830318201992242,-0.27735909977034795,0.01540017469858923,-0.0029112132119657776,-0.27125118563698164,-0.29808110225061313,-0.19664440465235886,-0.18776849607863486,0.0653091526579776,0.24725041076443063,0.49810257531323615,1.3461463224199686,-0.002531412065938765,-0.026768079836314573,0.01572232752873021,-0.010135084010618987,-0.0030546042630283272,0.012964900766893337,-0.022292731382238813,-0.009124857083879492,0.3132318262808708,0.9927942548062934,0.4289555788877085,-0.6826075469759767,-0.4943471907640465,-0.8678654754144012,0.5283208335737187,0.0,-0.10604822254721824,0.44153766211358875,-0.06760651037159432,-0.19710863022086117,0.16666666666666666,0.0,-0.33333333333333337,1.78125,-0.125,-0.025201612903225756,1.3850439611050431,-0.18810523305829951,0.1624959432693518,8.84375,1.0625,2.456653225806452,1.7059549402210235,-0.25716264290060153,-0.3218093352777949,8.0625,1.1875,2.481854838709677,0.25,-0.03125,-0.10483870967741937,1.8387096774193548,0.0,-0.1279569892473118,0.7983870967741935,-0.05990783410138256,-0.09883512544802875,0.28125,0.03125,-0.00907258064516131,2.7777777777777777,-0.09722222222222232,-0.11111111111111116,0.7777777777777778,0.02777777777777779,0.0,1.19287109375,-0.744140625,0.23193359375,0.03125,0.0,0.03125,1.71875,-0.0625,-0.08770161290322576,1.275940513326694,-0.012578892062497848,0.053392495491002556,6.8125,0.125,0.42540322580645196,1.7677669529663689,-0.3025688465069063,-0.25999732253244945,6.09375,0.1875,0.513104838709677,0.25,-0.03125,-0.10483870967741937,1.8709677419354838,0.06451612903225801,-0.0956989247311828,0.7983870967741935,-0.06451612903225812,-0.09883512544802875,0.28125,0.0,-0.00907258064516131,2.7777777777777777,0.11111111111111116,-0.11111111111111116,0.7777777777777778,0.11111111111111116,0.0,0.9732862903225806,0.006048387096774133,0.012348790322580627,0.0,0.0,0.0
GaPt27_01,pd,6,0.01520652206814126,0.03659428883885253,0.03357355449372668,1.126249999999976,0.013749999999999707,0.0024999999999999467,0.03461523198989478,0.017924772781969533,0.00846320393414847,0.03142857142857076,0.017142857142856776,-0.0028571428571427943,0.005136986301369851,-0.264893876132291,0.6730109566310291,-0.28084379899976375,0.1102331454377577,-0.7020442461463958,0.35016848681621404,0.001972162102931052,-0.07317114527789947,0.02484277363498403,0.00660115865763046,-0.05958465554829192,0.018999413479932954,0.0009321103890271749,-0.027409053981166102,0.42929302404376185,0.2798669386924014,-0.4497024138928985,-0.46091999229723973,-0.343496845695912,-1.2715138892358342,0.9490551243392152,-0.08690702714289833,0.12009240204592297,0.2167393593070111,0.2049639334509103,-0.07239516631943765,0.18803571238636185,0.17263553768777262,-0.09861564794920902,-0.20592161520193003,0.0921594870486831,-0.09560900902995176,0.6717000023960543,0.6063908497380768,1.104493425051313,1.3428317485135666,-0.0033145739064019963,-0.03008265374271657,0.012041538489120103,-0.003680789039610107,-0.006735393302638434,0.010250045964331702,-0.0027148548025616344,-0.011839711886441126,0.41251181111643315,0.09927998483556233,0.5282355637232709,-0.7019391884990884,-0.01933164152311173,-0.8871971169375129,0.5258095909711626,-0.0025112426025560852,-0.10855946514977433,0.48044742767098036,0.03890976555739162,-0.15819886466346955,0.3333333333333333,0.16666666666666666,-0.16666666666666669,1.90625,0.125,0.09979838709677424,1.4670438786673983,0.08199991756235514,0.24449586083170693,8.9375,0.09375,2.550403225806452,1.758619326484237,0.05266438626321346,-0.2691449490145814,8.03125,-0.03125,2.450604838709677,0.3125,0.0625,-0.04233870967741937,1.967741935483871,0.12903225806451624,0.0010752688172044333,0.7043010752688172,-0.09408602150537626,-0.192921146953405,0.25,-0.03125,-0.04032258064516131,3.25,0.4722222222222223,0.36111111111111116,1.0,0.2222222222222222,0.2222222222222222,1.42138671875,0.228515625,0.46044921875,0.03125,0.0,0.03125,1.8125,0.09375,0.006048387096774244,1.281065584682558,0.0051250713558641525,0.05851756684686671,6.875,0.0625,0.48790322580645196,1.862187406112465,0.09442045314609615,-0.1655768693863533,6.0625,-0.03125,0.48185483870967705,0.3125,0.0625,-0.04233870967741937,1.967741935483871,0.09677419354838723,0.0010752688172044333,0.7096774193548387,-0.08870967741935476,-0.1875448028673835,0.25,-0.03125,-0.04032258064516131,3.25,0.4722222222222223,0.36111111111111116,1.0,0.2222222222222222,0.2222222222222222,0.9511088709677419,-0.022177419354838745,-0.009828629032258118,0.0,0.0,0.0
GaPt27_01,pd,7,0.06195164566232027,0.054487049249687704,0.10778899031744253,1.0512499999999776,-0.0749999999999984,-0.07249999999999845,0.12642756254641585,0.09181233055652108,0.10027553449066953,0.11142857142856906,0.0799999999999983,0.07714285714285551,-0.12370597907126359,-0.12884296537263343,0.5441679912583957,0.28480083968010267,0.5656446386798664,-0.13639960746652935,0.3630358222961434,0.012867335479929354,-0.06030380979797012,0.06171813645937244,0.036875362824388414,-0.022709292723903506,0.05408539720466325,0.0350859837247303,0.007676929743564195,-0.07960804335667317,-0.5089010674004351,-0.9586034812933335,-0.5942090261135112,-0.1332890338162715,-1.4048029230521055,1.0983886837957937,0.14933355945657845,0.2694259615025014,0.1571487276400622,-0.05959063166694889,-0.13198579798638654,0.133633645560251,-0.054402066826110845,-0.15301771477531986,-0.19388643085794224,0.012035184343987787,-0.08357382468596397,-0.6761330357872788,-1.347833038183333,-0.24333961313202024,1.4306866052278897,0.08785485671432314,0.05777220297160657,0.21992348701451872,0.20788194852539862,0.20114655522276018,0.1931755656526299,0.18292551968829818,0.17108580780185706,-0.1803746533811014,-0.5928864644975346,-0.0646509007742637,-0.8562813419644714,-0.15434215346538294,-1.0415392704028958,0.649112932062518,0.12330334109135532,0.014743875941580997,0.5544412094184828,0.07399378174750249,-0.08420508291596707,0.5,0.16666666666666669,0.0,1.875,-0.03125,0.06854838709677424,1.5811388300841898,0.11409495141679149,0.3585908122484984,9.6875,0.75,3.300403225806452,1.7308864035330234,-0.027732922951213546,-0.29687787196579496,8.8125,0.78125,3.231854838709677,0.28125,-0.03125,-0.07358870967741937,1.903225806451613,-0.06451612903225801,-0.06344086021505357,0.9362519201228879,0.2319508448540707,0.03902969790066568,0.3125,0.0625,0.02217741935483869,2.6,-0.6499999999999999,-0.28888888888888875,0.6,-0.4,-0.1777777777777778,1.24609375,-0.17529296875,0.28515625,0.03125,0.0,0.03125,1.8125,0.0,0.006048387096774244,1.490561704039248,0.20949611935669,0.2680136862035567,6.65625,-0.21875,0.26915322580645196,1.7890234315708884,-0.07316397454157664,-0.23874084392792994,5.84375,-0.21875,0.26310483870967705,0.28125,-0.03125,-0.07358870967741937,1.935483870967742,-0.032258064516129004,-0.03118279569892457,0.9362519201228879,0.2265745007680492,0.03902969790066568,0.3125,0.0625,0.02217741935483869,2.6,-0.6499999999999999,-0.28888888888888875,0.6,-0.4,-0.1777777777777778,1.028225806451613,0.07711693548387111,0.06728830645161299,0.0,0.0,0.0
GaPt28_01,pd,1,0.033683875811334224,0.033683875811334224,0.040487839499751,1.128749999999976,-0.013749999999999707,-0.013749999999999707,0.02642374473299074,0.005210541297394768,0.005210541297394768,0.03714285714285635,0.014285714285713982,0.014285714285713982,-0.3915662650602409,-0.5938262237992136,-0.5938262237992136,-0.48433928266995485,-0.11400879428680127,-0.11400879428680127,0.3827413824632757,-0.015599045650904475,-0.015599045650904475,0.027114015663864045,0.004184839417046494,0.004184839417046494,0.03566071778137147,0.01025847137456147,0.01025847137456147,-0.12300326831125591,0.04893433543612366,0.04893433543612366,-0.8223380870692024,-0.43877765741945113,-0.43877765741945113,0.9919276680660107,-0.01711740915602178,-0.01711740915602178,0.024089849623425256,-0.006346184769809606,-0.006346184769809606,0.03368786675726595,-0.0065801718130702805,-0.0065801718130702805,-0.5782382574990641,-0.3338690968337288,-0.3338690968337288,-0.09496231960762219,0.2516970281074425,0.2516970281074425,1.3798009542743834,-0.01888662269807595,-0.01888662269807595,0.01742400854164193,-0.014541704414259088,-0.014541704414259088,0.021906139944140066,-0.019366153010931506,-0.019366153010931506,-0.14990644324040542,-0.010767666173885915,-0.010767666173885915,-0.5185846603130927,-0.37088535275706214,-0.37088535275706214,0.6394319446848299,0.02096909728231866,0.02096909728231866,0.6147869792568111,0.038036296400033476,0.038036296400033476,0.16666666666666666,0.0,0.0,2.03125,0.125,0.125,1.4024028918138118,0.09833048634328834,0.09833048634328834,7.65625,1.125,1.125,2.088515061303203,0.23963789550944803,0.23963789550944803,6.625,1.0,1.0,0.375,0.03125,0.03125,2.7096774193548385,0.6129032258064515,0.6129032258064515,0.8951612903225806,0.024193548387096753,0.024193548387096753,0.34375,0.03125,0.03125,3.5454545454545454,0.6454545454545455,0.6454545454545455,1.0,0.19999999999999996,0.19999999999999996,1.09228515625,0.13109564012096775,0.13109564012096775,0.03125,0.03125,0.03125,1.96875,0.0625,0.0625,1.307160799151623,0.003088393681099477,0.003088393681099477,6.625,0.09375,0.09375,2.136472824314004,0.28759565852024904,0.28759565852024904,5.65625,0.03125,0.03125,0.375,0.03125,0.03125,2.7419354838709675,0.6451612903225805,0.6451612903225805,0.8951612903225806,0.024193548387096753,0.024193548387096753,0.34375,0.03125,0.03125,3.5454545454545454,0.6454545454545455,0.6454545454545455,1.0,0.19999999999999996,0.19999999999999996,0.8694556451612904,-0.09173387096774188,-0.09173387096774188,0.0,0.0,0.0
GaPt28_01,pd,2,0.09046326500623564,0.0629110260913676,0.07860373825560961,1.1024999999999765,-0.02624999999999944,-0.03999999999999915,0.0664938235584959,0.04007007882550516,0.04528062012289992,0.05999999999999872,0.022857142857142368,0.03714285714285635,-0.08154403921321575,0.31002222584702516,-0.28380399795218836,-0.25326377351587637,0.23107550915407848,0.11706671486727721,0.4621884591585015,0.07944707669522577,0.0638480310443213,0.1183728011653918,0.09125878550152774,0.09544362491857425,0.05977152879807747,0.024110811016706,0.03436928239126747,0.9458544961093556,1.0688577644206114,1.1177920998567352,0.8521186755665657,1.674456762635768,1.235679105216317,1.0339325218448985,0.04200485377888774,0.024887444622865962,0.05345431886964307,0.02936446924621781,0.023018284476408205,0.04111450594915896,0.007426639191893014,0.0008464673788227337,0.39337250627786396,0.971610763776928,0.6377416669431992,-0.8361685750393797,-0.7412062554317576,-0.489509227324315,1.4707339562654749,0.09093300199109144,0.0720463792930155,0.08529590882943598,0.06787190028779405,0.053330195873534963,0.05589941613487578,0.03399327619073571,0.014627123179804205,0.6401563194411422,0.7900627626815475,0.7792950965076617,0.7104580741647635,1.229042734477856,0.858157381720794,0.7690009104757035,0.12956896579087362,0.15053806307319229,0.6758108391518498,0.06102385989503867,0.09906015629507214,0.6666666666666666,0.5,0.5,1.78125,-0.25,-0.125,1.3850439611050431,-0.017358930708768705,0.08097155563451963,8.03125,0.375,1.5,1.8401327967506638,-0.2483822645525393,-0.008744369043091282,7.25,0.625,1.625,0.28125,-0.09375,-0.0625,1.935483870967742,-0.7741935483870965,-0.16129032258064502,0.7661290322580645,-0.12903225806451613,-0.10483870967741937,0.21875,-0.125,-0.09375,3.857142857142857,0.3116883116883118,0.9571428571428573,1.0,0.0,0.19999999999999996,1.5126953125,0.42041015625,0.5515057963709677,0.03125,0.0,0.03125,1.6875,-0.28125,-0.21875,1.1760376338064324,-0.13112316534519053,-0.12803477166409105,6.96875,0.34375,0.4375,1.942468914518574,-0.19400390979543003,0.09359174872481901,6.28125,0.625,0.65625,0.28125,-0.09375,-0.0625,2.0,-0.7419354838709675,-0.09677419354838701,0.7661290322580645,-0.12903225806451613,-0.10483870967741937,0.21875,-0.125,-0.09375,3.857142857142857,0.3116883116883118,0.9571428571428573,1.0,0.0,0.19999999999999996,1.0453629032258065,0.17590725806451613,0.08417338709677424,0.0,0.0,0.0
GaPt28_01,pd,3,0.04083564778219033,0.03352761647109581,0.07158718012564057,1.1112499999999763,0.008749999999999813,-0.031249999999999334,0.02100170061141263,-0.04549212294708327,-0.00021150282418334193,0.012857142857142583,-0.04714285714285614,-0.009999999999999789,0.4579866516064037,0.5395306908196195,0.2557266928674311,0.020081832853455737,0.2733456063693321,0.3904123212366093,0.4132515175969772,-0.04893694156152428,0.014911089482797013,0.053242018312735964,-0.06513078285265583,0.030312842065918413,0.02249007096546502,-0.03728145783261245,-0.0029121754413449774,0.6721837703927048,-0.27367072571665074,0.8441213741400844,0.43273832693723485,-0.4193803486293309,0.8162987565869861,1.0191921824829702,-0.014740339361928312,0.01014710526093765,0.03976439627166712,-0.013689922597975947,0.009328361878432258,0.031605562579013875,-0.009508943370145087,-0.008662475991322353,-0.6323231585475797,-1.0256956648254436,-0.3879539978822444,-0.28947987330108893,0.5466887017382908,0.05717947441397575,1.4213961751835433,-0.04933778108193154,0.022708598211083952,0.04789322842138967,-0.03740268040804631,0.01592751546548865,0.023379839024485673,-0.03251957711039011,-0.0178924539305859,0.7307897926645556,0.09063347322341342,0.869928569731075,0.45509770974176084,-0.25536036442300264,0.6027970172977913,0.6491129320625181,-0.11988797841318544,0.03065008466000685,0.5544412094184828,-0.12136962973336696,-0.022309473438294813,0.5,-0.16666666666666663,0.33333333333333337,1.875,0.09375,-0.03125,1.4756081305138942,0.09056416940885104,0.17153572504337067,8.59375,0.5625,2.0625,1.8466949553362937,0.006562158585629918,-0.0021822104574613643,7.71875,0.46875,2.09375,0.28125,0.0,-0.0625,2.032258064516129,0.09677419354838701,-0.06451612903225801,0.7903225806451613,0.024193548387096753,-0.08064516129032262,0.25,0.03125,-0.0625,3.625,-0.2321428571428572,0.7250000000000001,1.0,0.0,0.19999999999999996,1.23681640625,-0.27587890625,0.27562689012096775,0.03125,0.0,0.03125,1.78125,0.09375,-0.125,1.2885194053891917,0.1124817715827593,-0.015553000081331758,6.53125,-0.4375,0.0,1.9341477242844816,-0.008321190234092501,0.08527055849072651,5.75,-0.53125,0.125,0.28125,0.0,-0.0625,2.096774193548387,0.09677419354838701,0.0,0.7903225806451613,0.024193548387096753,-0.08064516129032262,0.25,0.03125,-0.0625,3.625,-0.2321428571428572,0.7250000000000001,1.0,0.0,0.19999999999999996,1.018649193548387,-0.026713709677419484,0.05745967741935476,0.0,0.0,0.0
GaPt28_01,pd,4,0.04567848419488694,0.030914425288145787,0.03921393359060953,1.0949999999999767,-0.016249999999999654,-0.04749999999999899,0.02267786838055315,0.0016761677691405179,0.001464664944957176,0.028571428571427963,0.015714285714285382,0.005714285714285592,-0.06400000000000002,-0.5219866516064038,-0.2662599587389726,6.559367838878202e-18,-0.02008183285345573,0.3703304883831536,0.39269807196674766,-0.02055344563022954,-0.005642356147432526,0.0180303920439878,-0.035211626268748165,-0.004898784202829753,0.021104302139186903,-0.0013857688262781179,-0.004297944267623095,-0.12123451589229352,-0.7934182862849983,0.05070308785508605,0.017410818774614163,-0.4153275081626207,0.40097124842436543,1.025150684061804,0.00595850157883393,0.01610560683977158,0.025682208666725232,-0.014082187604941888,-0.00475382572650963,0.03193953064316868,0.00033396806415480346,-0.00832850792716755,-0.21394904845655735,0.4183741100910223,0.03042011220877794,-0.7108860101540194,-0.4214061368529305,-0.36422666243895474,1.3926948247322117,-0.028701350451331598,-0.005992752240247645,0.017239251573325468,-0.0306539768480642,-0.01472646138257555,0.017459358299132446,-0.005920480725353228,-0.023812934655939127,0.0896190979607831,-0.6411706947037725,0.2287578750273026,-0.4034564318171385,-0.8585541415588993,-0.25575712426110797,0.5887168828181184,-0.060396049244399674,-0.029745964584392826,0.554441209418483,1.1102230246251565e-16,-0.022309473438294702,0.5,0.0,0.33333333333333337,1.90625,0.03125,0.0,1.5731491941633426,0.09754106364944848,0.26907678869281915,7.875,-0.71875,1.34375,1.8447834036687378,-0.0019115516675558553,-0.00409376212501722,6.96875,-0.75,1.34375,0.28125,0.0,-0.0625,1.8064516129032258,-0.22580645161290325,-0.29032258064516125,0.7983870967741935,0.008064516129032251,-0.07258064516129037,0.25,0.0,-0.0625,3.25,-0.375,0.3500000000000001,1.0,0.0,0.19999999999999996,1.9453125,0.70849609375,0.9841229838709677,0.03125,0.0,0.03125,1.78125,0.0,-0.125,1.2885194053891917,0.0,-0.015553000081331758,6.78125,0.25,0.25,1.963117583121625,0.028969858837143425,0.11424041732786994,6.0,0.25,0.375,0.28125,0.0,-0.0625,1.903225806451613,-0.19354838709677402,-0.19354838709677402,0.7983870967741935,0.008064516129032251,-0.07258064516129037,0.25,0.0,-0.0625,3.25,-0.375,0.3500000000000001,1.0,0.0,0.19999999999999996,0.9758064516129032,-0.042842741935483764,0.014616935483870996,0.0,0.0,0.0
GaPt28_01,pd,5,0.07406798458388458,0.07747457122390032,0.14146595045387172,1.2062499999999743,0.11124999999999763,0.06374999999999864,0.2574566537719034,0.23477878539135028,0.23624345033630745,0.13571428571428282,0.10714285714285485,0.11285714285714045,-0.11465647757243193,-0.05065647757243191,-0.31691643631140454,0.8733139648726783,0.8733139648726783,1.243644453255832,0.3643349780423868,-0.02836309392436087,-0.0340054500717934,0.0455725898496194,0.0275421978056316,0.022643413602801848,0.03500163739493617,0.013897335255749266,0.00959939098812617,0.08323714060440415,0.20447165649669768,0.2551747443517837,0.04093958471743468,0.02352876594282052,0.424500014367186,0.919531171694719,-0.10561951236708511,-0.08951390552731353,0.19133314688001254,0.1656509382132873,0.16089711248677768,0.08974178293032874,0.05780225228716006,0.04947374435999251,0.9263769443167488,1.140325992773306,1.170746104982084,0.5474029679069619,1.2582889780609814,0.8940623156220265,1.4393963939639995,0.04670156923178781,0.040708816991540164,0.15400334654927397,0.1367640949759485,0.12203763359337295,0.08295509870153503,0.06549574040240258,0.04168280574646346,0.5608529026684589,0.4712338047076758,0.6999916797349783,-0.26073290793646314,0.14272352388067533,-0.11303360038043261,0.6819917089966699,0.09327482617855154,0.06352886159415871,0.6981203125901445,0.14367910317166155,0.12136962973336685,0.3333333333333333,-0.16666666666666669,0.16666666666666666,1.90625,0.0,0.0,1.3995246888993098,-0.17362450526403284,0.09545228342878631,8.5,0.625,1.96875,1.8139246347754256,-0.030858768893312183,-0.0349525310183294,7.59375,0.625,1.96875,0.3125,0.03125,-0.03125,1.935483870967742,0.12903225806451624,-0.16129032258064502,0.8709677419354839,0.07258064516129037,0.0,0.28125,0.03125,-0.03125,2.888888888888889,-0.36111111111111116,-0.011111111111111072,0.7777777777777778,-0.2222222222222222,-0.022222222222222254,1.15478515625,-0.79052734375,0.19359564012096775,0.03125,0.0,0.03125,1.84375,0.0625,-0.0625,1.2978735710582958,0.009354165669104075,-0.006198834412227683,6.46875,-0.3125,-0.0625,1.866242991473995,-0.0968745916476299,0.017365825680240032,5.625,-0.375,0.0,0.3125,0.03125,-0.03125,1.967741935483871,0.06451612903225801,-0.12903225806451601,0.8709677419354839,0.07258064516129037,0.0,0.28125,0.03125,-0.03125,2.888888888888889,-0.36111111111111116,-0.011111111111111072,0.7777777777777778,-0.2222222222222222,-0.022222222222222254,0.9339717741935484,-0.04183467741935487,-0.027217741935483875,0.0,0.0,0.0
GaPt28_01,pd,6,0.10897242857484293,0.06625205477909257,0.0697459841246674,1.1049999999999764,-0.10124999999999784,-0.0374999999999992,0.03464101615137681,-0.22281563762052659,0.013427812715780838,0.05285714285714173,-0.08285714285714109,0.029999999999999357,-0.8097661479084841,-0.6951096703360522,-1.0120261066474567,0.47912272118022325,-0.39419124369245506,0.8494532095633769,0.4500168197393598,0.08568184169697302,0.05167639162517962,0.04743570643747624,0.0018631165878568376,0.024506530190658685,0.045390568731529815,0.010388931336593646,0.019988322324719816,0.2870061756211068,0.20376903501670265,0.4589437793684864,-0.12564357365300954,-0.16658315837044424,0.25791685599674175,1.0288355151770485,0.10930434348232954,0.019790437955016005,0.06264696066091911,-0.12868618621909345,0.03221092626768425,0.06279356279356284,-0.0269482201367659,0.02252552422322661,0.2670113966329302,-0.6593655476838185,0.5113805572982655,-0.4435099314800366,-0.9909128993869984,-0.09685058376497191,1.444352680350964,0.004956286386964548,0.04566510337850471,0.049038999390187764,-0.1049643471590862,0.017073286434286745,0.07023384509491083,-0.012721253606624197,0.02896155213983926,-0.40447823554356654,-0.9653311382120254,-0.26533945847704704,0.23995383206445492,0.5006867400009181,0.3876531396204854,0.7987468750600965,0.11675516606342651,0.18028402765758522,0.6396865576480943,-0.058433754942050165,0.06293587479131668,0.6666666666666666,0.3333333333333333,0.5,2.0,0.09375,0.09375,1.646109783506203,0.24658509460689326,0.3420373780356796,8.40625,-0.09375,1.875,1.4996639408493728,-0.3142606939260528,-0.34921322494438223,7.40625,-0.1875,1.78125,0.34375,0.03125,0.0,1.6451612903225807,-0.29032258064516125,-0.4516129032258063,0.7916666666666667,-0.07930107526881713,-0.07930107526881713,0.25,-0.03125,-0.0625,3.0,0.11111111111111116,0.10000000000000009,0.875,0.09722222222222221,0.07499999999999996,1.470703125,0.31591796875,0.5095136088709677,0.03125,0.0,0.03125,1.8125,-0.03125,-0.09375,1.2296734420949118,-0.06820012896338401,-0.07439896337561169,6.25,-0.21875,-0.28125,1.684847078348464,-0.18139591312553116,-0.16403008744529113,5.4375,-0.1875,-0.1875,0.34375,0.03125,0.0,1.7419354838709677,-0.22580645161290325,-0.35483870967741926,0.7956989247311829,-0.07526881720430101,-0.07526881720430101,0.25,-0.03125,-0.0625,3.0,0.11111111111111116,0.10000000000000009,0.875,0.09722222222222221,0.07499999999999996,1.002016129032258,0.06804435483870963,0.040826612903225756,0.0,0.0,0.0
GaPt28_01,pd,7,0.0713178177961291,0.031190901192482415,0.04351684124612826,1.1087499999999764,0.00374999999999992,-0.03374999999999928,0.03181980515339396,-0.0028212109979828537,0.010606601717797984,0.03714285714285635,-0.015714285714285375,0.014285714285713982,-0.22610179042931883,0.5836643574791653,-0.42836174916829145,-0.46409548089225716,-0.9432182020724804,-0.09376499250910358,0.37603483280266436,-0.07398198693669544,-0.022305595311515825,0.030656119067022414,-0.016779587370453822,0.007726942820204863,0.03142447442760547,-0.013966094303924342,0.006022228020795474,0.06821102332826412,-0.2187951522928427,0.2401486270756437,-0.4980988499880827,-0.37245527633507314,-0.11453842033833139,1.032252836611378,0.003417321434329379,0.023207759389345384,0.025490364018854732,-0.03715659664206438,-0.00494567037438013,0.024761217153895693,-0.03803234563966715,-0.015506821416440535,-0.050959870725096834,-0.31797126735802705,0.19340928994023845,0.05122815558657312,0.4947380870666097,0.3978875033016378,1.40460399204216,-0.03974868830880407,0.005916415069700642,0.028825509167518998,-0.020213490222668766,-0.0031402037883820205,0.025656303599680377,-0.04457754149523045,-0.015615989355391196,0.18593874009930186,0.5904169756428684,0.32507751716582134,-0.2986075759763431,-0.538561408040798,-0.15090826842031255,0.5283208335737187,-0.2704260414863777,-0.0901420138287925,0.5210738290240026,-0.11861272862409178,-0.0556768538327751,0.3333333333333333,-0.3333333333333333,0.16666666666666666,1.90625,-0.09375,0.0,1.3995246888993098,-0.24658509460689326,0.09545228342878631,9.90625,1.5,3.375,1.766340759145685,0.2666768182963122,-0.08253640664807005,9.0,1.59375,3.375,0.3125,-0.03125,-0.03125,2.2580645161290325,0.6129032258064517,0.16129032258064546,0.7661290322580645,-0.02553763440860224,-0.10483870967741937,0.3125,0.0625,0.0,3.2,0.20000000000000018,0.30000000000000027,1.0,0.125,0.19999999999999996,1.18017578125,-0.29052734375,0.21898626512096775,0.03125,0.0,0.03125,1.84375,0.03125,-0.0625,1.2978735710582958,0.06820012896338401,-0.006198834412227683,6.875,0.625,0.34375,1.8272136375966974,0.1423665592482335,-0.021663528197057635,6.03125,0.59375,0.40625,0.3125,-0.03125,-0.03125,2.2903225806451615,0.5483870967741937,0.19354838709677447,0.7661290322580645,-0.029569892473118364,-0.10483870967741937,0.3125,0.0625,0.0,3.2,0.20000000000000018,0.30000000000000027,1.0,0.125,0.19999999999999996,0.9601814516129032,-0.04183467741935476,-0.0010080645161290036,0.0,0.0,0.0
GaPt29_01,pd,1,0.022215209405133645,0.022215209405133645,0.02713540807330205,1.0124999999999784,-0.04124999999999912,-0.04124999999999912,0.019086270308410147,-0.05018287351273204,-0.05018287351273204,0.012857142857142583,-0.02999999999999936,-0.02999999999999936,0.5720813524931816,0.6106280651494351,0.6106280651494351,0.5395267453156434,0.8100351162786543,0.8100351162786543,0.3285539963476869,-0.013792481733500173,-0.013792481733500173,0.013639830924439478,-0.06209802983345311,-0.06209802983345311,0.014544244165940008,-0.025567275851903208,-0.025567275851903208,0.09223784345573635,-0.6737950392929128,-0.6737950392929128,0.7136691954952025,0.6622608985567305,0.6622608985567305,0.962762226619587,0.04819888799430716,0.04819888799430716,0.04075160570197058,-0.1157958820290402,-0.1157958820290402,0.02996117854371064,-0.05253135945509543,-0.05253135945509543,-0.10294328187901848,-0.9456877359693698,-0.9456877359693698,0.07000101903422051,0.3917108802921935,0.3917108802921935,1.2966601358561156,0.014910348789144434,0.014910348789144434,0.024299971988197683,-0.009650816278093926,-0.009650816278093926,0.02208908805606897,-0.0036454410669822003,-0.0036454410669822003,0.11577454048713251,0.37679505982429784,0.37679505982429784,0.2572645125748681,0.2003488463305516,0.2003488463305516,0.5887168828181184,-0.11653277118837768,-0.11653277118837768,0.4846804688852168,-0.08185719322837198,-0.08185719322837198,0.16666666666666666,-0.33333333333333337,-0.33333333333333337,1.84375,-0.125,-0.125,1.393750452046795,0.11150506765016877,0.11150506765016877,7.78125,1.65625,1.65625,1.9466161707252492,0.13714289145663927,0.13714289145663927,6.9375,1.78125,1.78125,0.28125,-0.125,-0.125,1.7741935483870968,-0.4516129032258063,-0.4516129032258063,0.7741935483870968,-0.1263440860215055,-0.1263440860215055,0.3125,-0.03125,-0.03125,2.5,-0.31818181818181834,-0.31818181818181834,0.7,-0.30000000000000004,-0.30000000000000004,1.0732421875,0.24108492943548387,0.24108492943548387,0.03125,0.03125,0.03125,1.78125,-0.1875,-0.1875,1.2885194053891917,0.0062740209925655765,0.0062740209925655765,6.75,0.625,0.625,2.0,0.1905267207313901,0.1905267207313901,5.96875,0.8125,0.8125,0.28125,-0.125,-0.125,1.8064516129032258,-0.41935483870967727,-0.41935483870967727,0.7741935483870968,-0.1263440860215055,-0.1263440860215055,0.3125,-0.03125,-0.03125,2.5,-0.31818181818181834,-0.31818181818181834,0.7,-0.30000000000000004,-0.30000000000000004,0.8497983870967742,0.017641129032258118,0.017641129032258118,0.0,0.0,0.0
GaPt29_01,pd,2,0.026483303760792026,0.03608615541955729,0.04291848903302661,1.0187499999999783,0.006249999999999867,-0.034999999999999254,0.025877458475337733,0.006791188166927586,-0.043391685345804454,0.025714285714285166,0.012857142857142583,-0.017142857142856776,-0.02410013406597586,-0.5961814865591575,0.014446578590277634,0.30161150447973173,-0.23791524083591165,0.5721198754427427,0.343749036685721,0.015195040338034094,0.0014025586045339211,0.025089449162027523,0.011449618237588045,-0.05064841159586506,0.02077794464605962,0.006233700480119611,-0.0193335753717836,0.46107379575098667,0.36883595229525035,-0.30495908699766255,-0.2898763994228171,-1.0035455949180196,-0.341284696361289,0.9641210087932901,0.0013587821737031103,0.04955767016801027,0.02079944115997596,-0.01995216454199462,-0.13574804657103484,0.028652706254110743,-0.0013084722895998976,-0.053839831744695324,-0.13515087128588657,-0.03220758940686809,-0.9778953253762379,0.49964405775552606,0.42964303872130555,0.8213539190134991,1.3232486822768112,0.026588546420695636,0.04149889520984007,0.03620472536530415,0.011904753377106465,0.0022539370990125387,0.019623321555456492,-0.0024657665006124763,-0.0061112075675946766,0.689420457684598,0.5736459171974655,0.9504409770217633,-0.12662049784371146,-0.3838850104185796,-0.18353616408802798,0.5283208335737187,-0.060396049244399674,-0.17692882043277736,0.44153766211358875,-0.04314280677162807,-0.12500000000000006,0.0,-0.16666666666666666,-0.5,1.9375,0.09375,-0.03125,1.4797013648139472,0.08595091276715228,0.19745598041732104,7.5625,-0.21875,1.4375,1.605183136974036,-0.34143303375121326,-0.20429014229457398,6.625,-0.3125,1.46875,0.3125,0.03125,-0.09375,2.129032258064516,0.35483870967741926,-0.09677419354838701,0.9274193548387096,0.15322580645161288,0.026881720430107392,0.3125,0.0,-0.03125,3.0,0.5,0.18181818181818166,0.9,0.20000000000000007,-0.09999999999999998,1.46240234375,0.38916015625,0.6302450856854839,0.03125,0.0,0.03125,1.84375,0.0625,-0.125,1.2978735710582958,0.009354165669104075,0.015628186661669652,6.5,-0.25,0.375,1.7038855027411945,-0.29611449725880545,-0.10558777652741536,5.65625,-0.3125,0.5,0.3125,0.03125,-0.09375,2.193548387096774,0.38709677419354827,-0.032258064516129004,0.9274193548387096,0.15322580645161288,0.026881720430107392,0.3125,0.0,-0.03125,3.0,0.5,0.18181818181818166,0.9,0.20000000000000007,-0.09999999999999998,0.9934475806451613,0.143649193548387,0.16129032258064513,0.0,0.0,0.0
GaPt29_01,pd,3,0.06992920801978528,0.08508737227764988,0.12161370629238889,1.076249999999977,0.057499999999998774,0.02249999999999952,0.10140970649512863,0.0755322480197909,0.03214056267398645,0.08714285714285529,0.061428571428570125,0.044285714285713346,0.1576256078547258,0.18172574192070165,0.19617232051097927,-0.4820195112518332,-0.7836310157315649,-0.21151114028882223,0.3878109546932893,0.04406191800756831,0.045464476612102234,0.08633406126372224,0.06124461210169472,0.010596200505829656,0.047064464264917415,0.026286519618857796,0.006952944247074197,0.6779591052485922,0.21688530949760548,-0.08807377750005707,0.26132826647732965,0.5512046659001468,0.20991996953885778,1.0269039297132734,0.06278292091998328,0.11234059108799355,0.09715789445071717,0.0763584532907412,-0.059389593280293626,0.10308220997372709,0.07442950371961635,0.020589671974921023,-0.33256966779965424,-0.19741879651376767,-1.1753141218900056,-0.1244861140772797,-0.6241301718328057,0.19722374718069324,1.3874571828649622,0.06420850058815097,0.10570739579799104,0.13092246044641942,0.09471773508111528,0.09697167218012781,0.08417567049637402,0.06455234894091752,0.05844114137332285,0.48622705567757035,-0.20319340200702768,0.7472475750147356,0.413898743063946,0.5405192409076575,0.3569830768196295,0.7656457032508958,0.23732486967717703,0.060396049244399674,0.6892166357956305,0.24767897368204178,0.12267897368204173,0.16666666666666666,0.16666666666666666,-0.33333333333333337,2.0,0.0625,0.03125,1.3678332288460768,-0.11186813596787037,0.08558784444945067,8.3125,0.75,2.1875,1.8216883342374386,0.21650519726340267,0.012215054968828687,7.3125,0.6875,2.15625,0.375,0.0625,-0.03125,2.4516129032258065,0.3225806451612905,0.22580645161290347,0.9274193548387096,0.0,0.026881720430107392,0.34375,0.03125,0.0,3.1818181818181817,0.18181818181818166,0.3636363636363633,1.0,0.09999999999999998,0.0,1.1083984375,-0.35400390625,0.2762411794354839,0.03125,0.0,0.03125,1.9375,0.09375,-0.03125,1.2684127749837335,-0.029460796074562312,-0.01383260941289266,6.28125,-0.21875,0.15625,1.870559257410433,0.1666737546692385,0.06108597814182315,5.34375,-0.3125,0.1875,0.375,0.0625,-0.03125,2.4838709677419355,0.2903225806451615,0.2580645161290325,0.9274193548387096,0.0,0.026881720430107392,0.34375,0.03125,0.0,3.1818181818181817,0.18181818181818166,0.3636363636363633,1.0,0.09999999999999998,0.0,0.8860887096774194,-0.10735887096774188,0.05393145161290325,0.0,0.0,0.0
GaPt29_01,pd,4,0.09239127444402258,0.028187068507187992,0.03283292768054574,1.0187499999999783,-0.057499999999998774,-0.034999999999999254,0.012464234547581981,-0.08894547194754665,-0.0568049092735602,0.01571428571428538,-0.07142857142856991,-0.027142857142856563,-0.12707606131310364,-0.28470166916782946,-0.08852934865685015,-0.2214872542011953,0.26053225705063787,0.04902111676181564,0.3264082568637745,-0.061402697829514796,-0.015938221217412563,0.02345428470064873,-0.06287977656307352,-0.05228357605724386,0.021141822104214177,-0.025922642160703238,-0.01896969791362904,0.3426766914538028,-0.33528241379478935,-0.4233561912948464,-0.48060736248179986,-0.7419356289591295,-0.5320156594202717,0.981532947697968,-0.04537098201530543,0.06696960907268812,0.02433080290792669,-0.07282709154279048,-0.1322166848230841,0.03236569067692444,-0.07071651929680264,-0.05012684732188163,-0.4432080734742149,-0.11063840567456068,-1.2859525275645662,0.5054143733789538,0.6299004874562335,0.8271242346369267,1.3006834606823157,-0.08677372218264656,0.018933673615344482,0.019231804137361443,-0.11169065630905797,-0.014718984128930166,0.022764709341319054,-0.06141096115505497,-0.002969819781732115,-0.011808903388095046,-0.4980359590656654,0.24921161594907026,-0.08428132045959927,-0.49818006352354527,-0.14119698670391578,0.634369056120937,-0.1312766471299588,-0.07088059788555912,0.4757767920907027,-0.2134398437049278,-0.09076087002288608,0.0,-0.16666666666666666,-0.5,2.09375,0.09375,0.125,1.5731491941633426,0.20531596531726581,0.2909038097667165,7.46875,-0.84375,1.34375,1.626085245553397,-0.19560308868404164,-0.18338803371521295,6.375,-0.9375,1.21875,0.375,0.0,-0.03125,2.3870967741935485,-0.06451612903225801,0.16129032258064546,0.9631336405529954,0.03571428571428581,0.0625960061443932,0.34375,0.0,0.0,3.090909090909091,-0.09090909090909083,0.2727272727272725,1.0,0.0,0.0,1.88525390625,0.77685546875,1.053096648185484,0.03125,0.0,0.03125,1.96875,0.03125,0.0,1.307160799151623,0.03874802416788947,0.024915414754996812,6.375,0.09375,0.25,1.7367006167610077,-0.13385864064942532,-0.07277266250760217,5.40625,0.0625,0.25,0.375,0.0,-0.03125,2.4193548387096775,-0.06451612903225801,0.19354838709677447,0.967741935483871,0.040322580645161366,0.06720430107526876,0.34375,0.0,0.0,3.090909090909091,-0.09090909090909083,0.2727272727272725,1.0,0.0,0.0,0.9138104838709677,0.027721774193548376,0.08165322580645162,0.0,0.0,0.0
GaPt29_01,pd,5,0.029010501905643613,0.046716206474933845,0.02626029067130599,1.0074999999999785,-0.01124999999999976,-0.046249999999999014,0.012817398889232843,0.0003531643416508617,-0.056451744931909346,0.009999999999999787,-0.005714285714285592,-0.032857142857142155,0.562244093835259,0.6893201551483626,0.6007908064915125,0.5636018619766344,0.7850891161778297,0.8341102329396454,0.3077121038774352,-0.01869615298633931,-0.03463437420375187,0.014967840895843685,-0.008486443804805044,-0.0607700198620489,0.01644531476073283,-0.004696507343481347,-0.023666205257110388,-0.22460205606415362,-0.5672787475179564,-0.9906349388128028,-0.18562242503891055,0.29498493744288934,-0.23703072197738245,0.990023781504364,0.008490833806396036,0.07546044287908416,0.010664692896751244,-0.013666110011175446,-0.14588279483425956,0.012787245437442505,-0.019578445239481938,-0.06970529256136357,-0.13164329348237994,0.31156477999183496,-0.9743877475727313,-0.43579340703696606,-0.9412077804159198,-0.1140835457789931,1.2928324679983705,-0.00785099268394518,0.011082680931399302,0.00946867404065509,-0.009763130096706353,-0.02448211422563652,0.011489610085264041,-0.011275099256055012,-0.014244919037787128,-0.15697034326929996,-0.14516143988120492,0.10405017606786535,0.19027038690341133,0.2745517073630106,0.13335472065909482,0.6184628474025112,-0.01590620871842574,-0.08678680660398486,0.46384713555188345,-0.011929656538819278,-0.10269052656170535,0.3333333333333333,0.3333333333333333,-0.16666666666666669,2.09375,0.0,0.125,1.3995246888993098,-0.17362450526403284,0.11727930450268365,8.46875,1.0,2.34375,2.169946855302846,0.5438616097494489,0.3604735760342359,7.375,1.0,2.21875,0.40625,0.03125,0.0,2.4193548387096775,0.032258064516129004,0.19354838709677447,0.8709677419354839,-0.09216589861751157,-0.029569892473118364,0.375,0.03125,0.03125,2.8333333333333335,-0.25757575757575735,0.015151515151515138,0.9166666666666666,-0.08333333333333337,-0.08333333333333337,1.05859375,-0.82666015625,0.22643649193548387,0.03125,0.0,0.03125,2.03125,0.0625,0.0625,1.307160799151623,0.0,0.024915414754996812,6.4375,0.0625,0.3125,2.2134121957708413,0.4767115790098335,0.40393891650223135,5.40625,0.0,0.25,0.40625,0.03125,0.0,2.4516129032258065,0.032258064516129004,0.22580645161290347,0.8709677419354839,-0.09677419354838712,-0.029569892473118364,0.375,0.03125,0.03125,2.8333333333333335,-0.25757575757575735,0.015151515151515138,0.9166666666666666,-0.08333333333333337,-0.08333333333333337,0.8346774193548387,-0.079133064516129,0.00252016129032262,0.0,0.0,0.0
GaPt29_01,pd,6,0.06207772786431074,0.03678859159396435,0.07746554232164374,1.0262499999999781,0.0187499999999996,-0.027499999999999414,0.12500714265307022,0.11218974376383738,0.05573799883192804,0.13142857142856862,0.12142857142856883,0.08857142857142668,-0.3147632337882008,-0.8770073276234598,-0.27621652113194733,-0.1648840663936496,-0.728485928370284,0.10562430456936134,0.3761154602981893,0.06840335642075412,0.03376898221700225,0.07794522689537446,0.06297738599953077,0.0022073661374818754,0.05865286325792825,0.04220754849719542,0.01854134324008503,0.5496331893116345,0.7742352453757881,-0.2163996934370147,-0.2426154663010472,-0.05699304126213664,-0.29402376323951906,0.9469260967311471,-0.04309768477321685,0.032362758105867306,0.05227607966051739,0.04161138676376614,-0.1042714080704934,0.03707742639040349,0.024290180952960986,-0.04541511160840258,0.5341457143010635,0.6657890077834434,-0.30859873978928787,-0.38995482054509323,0.045838586491872835,-0.06824495928712027,1.3167685527176642,0.02393608471929376,0.03501876565069306,0.05165483810449506,0.04218616406383997,0.01770404983820345,0.04525023148725588,0.03376062140199184,0.019515702364204714,0.09488156869949727,0.2518519119687972,0.35590208803666257,-0.08171796606700715,-0.27198835297041846,-0.13863363231132364,0.6788588966469109,0.060396049244399674,-0.026390757359585182,0.6836742506327194,0.2198271150808359,0.11713658851913056,0.8333333333333334,0.5,0.33333333333333337,2.0,-0.09375,0.03125,1.4368424162141993,0.03731772731488947,0.15459703181757312,8.4375,-0.03125,2.3125,1.9166082272530798,-0.25333862804976603,0.10713494798446987,7.4375,0.0625,2.28125,0.375,-0.03125,-0.03125,2.6451612903225805,0.22580645161290303,0.4193548387096775,0.9543010752688172,0.08333333333333337,0.053763440860215006,0.34375,-0.03125,0.0,3.3636363636363638,0.5303030303030303,0.5454545454545454,1.0,0.08333333333333337,0.0,1.35498046875,0.29638671875,0.5228232106854839,0.03125,0.0,0.03125,1.90625,-0.125,-0.0625,1.253623779546783,-0.05353701960483992,-0.028621604849843107,6.375,-0.0625,0.25,1.9959636689433842,-0.21744852682745708,0.18649038967477427,5.46875,0.0625,0.3125,0.375,-0.03125,-0.03125,2.7096774193548385,0.25806451612903203,0.4838709677419355,0.9596774193548387,0.08870967741935487,0.05913978494623651,0.375,0.0,0.03125,3.25,0.4166666666666665,0.43181818181818166,1.0,0.08333333333333337,0.0,0.8825604838709677,0.047883064516129004,0.050403225806451624,0.0,0.0,0.0
GaPt29_01,pd,7,0.05564664419635574,0.044045065244638214,0.025763008685535813,0.9762499999999792,-0.049999999999998934,-0.07749999999999835,0.01597989808656901,-0.10902724456650122,-0.05328924573457318,0.017142857142856776,-0.11428571428571184,-0.025714285714285166,-0.3711865214162187,-0.056423287628017904,-0.33263980875996524,8.957509098186278e-19,0.1648840663936496,0.27050837096301095,0.32262679776623937,-0.05348866253194995,-0.019719680314947696,0.012449642640481812,-0.06549558425489264,-0.06328821811741077,0.014821914271757821,-0.043830948986170425,-0.025289605746085395,-0.059184318958465224,-0.6088175082700997,-0.8252172017071144,0.25573794736736355,0.49835341366841074,0.20432965042889167,0.9807149241744861,0.033788827443339,0.0661515855492063,0.015250380282531447,-0.03702569937798594,-0.14129710744847934,0.009301804432315494,-0.027775621958087998,-0.07319073356649057,0.6150233519338222,0.08087763763275868,-0.2277211021565292,0.38668369558714283,0.776638516132236,0.7083935568451158,1.2984820258305985,-0.01828652688706578,0.016732238763627283,0.014440231164397611,-0.03721460694009745,-0.019510557101893998,0.013301585764218502,-0.03194864572303738,-0.012432943358832667,-0.2818401023569877,-0.37672167105648496,-0.020819583019822396,-0.18169510703846814,-0.09997714097146099,-0.23861077328278463,0.5887168828181184,-0.0901420138287925,-0.11653277118837768,0.44153766211358875,-0.2421365885191306,-0.12500000000000006,0.5,-0.33333333333333337,0.0,1.90625,-0.09375,-0.0625,1.3995246888993098,-0.03731772731488947,0.11727930450268365,9.71875,1.28125,3.59375,1.9383127847725978,0.021704557519518053,0.12883950550398793,8.8125,1.375,3.65625,0.3125,-0.0625,-0.09375,2.225806451612903,-0.4193548387096775,0.0,0.9032258064516129,-0.05107526881720437,0.0026881720430106393,0.28125,-0.0625,-0.0625,3.4444444444444446,0.08080808080808088,0.6262626262626263,1.0,0.0,0.0,1.20751953125,-0.1474609375,0.3753622731854839,0.03125,0.0,0.03125,1.84375,-0.0625,-0.125,1.2978735710582958,0.04424979151151276,0.015628186661669652,6.6875,0.3125,0.5625,1.9909067475447852,-0.005056921398598924,0.18143346827617535,5.84375,0.375,0.6875,0.3125,-0.0625,-0.09375,2.2580645161290325,-0.45161290322580605,0.03225806451612945,0.9032258064516129,-0.05645161290322587,0.0026881720430106393,0.28125,-0.09375,-0.0625,3.4444444444444446,0.19444444444444464,0.6262626262626263,1.0,0.0,0.0,0.9884072580645161,0.10584677419354838,0.15625,0.0,0.0,0.0
GaPt30_01,pd,1,0.06854095303431613,0.06854095303431613,0.03285345033206864,1.079999999999977,-0.03374999999999928,-0.03374999999999928,0.014142135623730649,-0.0018377624628383629,-0.0018377624628383629,0.019999999999999574,0.0028571428571427977,0.0028571428571427977,-0.5555555555555557,-0.7522768670309655,-0.7522768670309655,0.2987012987012987,0.741008991008991,0.741008991008991,0.44429460143255906,-0.053814482683162246,-0.053814482683162246,0.01455920341597929,-0.013384770572621984,-0.013384770572621984,0.018399874168421863,-0.005899619473676072,-0.005899619473676072,-0.18762057691164627,-0.4937248260397973,-0.4937248260397973,0.21551824731155778,0.3918663916604421,0.3918663916604421,1.0160540308133124,0.03098799527714402,0.03098799527714402,0.02239007135047319,-0.16578122489208047,-0.16578122489208047,0.023739485600560353,-0.15334257659528186,-0.15334257659528186,-0.49167612402510014,-0.22577066053795897,-0.22577066053795897,-0.2510877089584066,-0.3385378244357321,-0.3385378244357321,1.4628794333094257,-0.043194493809855405,-0.043194493809855405,0.01883433488131245,-0.007720847160699755,-0.007720847160699755,0.02188844709147007,0.0026523742839686774,0.0026523742839686774,-0.059772016833271796,-0.3947458706321234,-0.3947458706321234,-0.4078214608220476,-0.6975788968047469,-0.6975788968047469,0.5887168828181184,-0.16702543818004045,-0.16702543818004045,0.44153766211358875,-0.12526907863503028,-0.12526907863503028,0.3333333333333333,0.0,0.0,2.0625,0.3125,0.3125,1.3897667476606375,0.11976547765873247,0.11976547765873247,7.15625,0.5,0.5,1.9528205407861032,-0.166360296083379,-0.166360296083379,6.09375,0.1875,0.1875,0.40625,0.09375,0.09375,2.4838709677419355,0.4838709677419355,0.4838709677419355,0.9758064516129032,0.12096774193548387,0.12096774193548387,0.375,0.09375,0.09375,3.0,0.0,0.0,0.9166666666666666,0.13888888888888884,0.13888888888888884,1.1552734375,0.10335811491935476,0.10335811491935476,0.03125,0.03125,0.03125,2.0,0.25,0.25,1.2951522516054665,0.02515098160356155,0.02515098160356155,6.125,-0.53125,-0.53125,1.9959636689433842,-0.12321716792609805,-0.12321716792609805,5.125,-0.78125,-0.78125,0.40625,0.09375,0.09375,2.5161290322580645,0.5161290322580645,0.5161290322580645,0.9758064516129032,0.12096774193548387,0.12096774193548387,0.375,0.09375,0.09375,3.0,0.0,0.0,0.9166666666666666,0.13888888888888884,0.13888888888888884,0.9344758064516129,-0.11743951612903236,-0.11743951612903236,0.0,0.0,0.0
GaPt30_01,pd,2,0.04983243634704042,0.09423524259759808,0.09306691641736275,1.127499999999976,0.04749999999999899,0.013749999999999707,0.03882193783343115,0.0246798022097005,0.02284203974686214,0.032857142857142155,0.012857142857142581,0.01571428571428538,0.2094851045272966,0.7650406600828523,0.012763793051886768,-0.4872727272727272,-0.7859740259740259,-0.044965034965034956,0.4364620297446863,-0.00783257168787277,-0.061647054371035015,0.05716801727282756,0.04260881385684827,0.029224043284226286,0.030635437909356633,0.01223556374093477,0.006335944267258697,0.8592385076260691,1.0468590845377155,0.5531342584979182,0.6391284228140313,0.4236101755024735,0.8154765671629156,1.0048532101149583,-0.011200820698354041,0.01978717457878998,0.03250600926390106,0.010115937913427873,-0.1556652869786526,0.028467813139563418,0.004728327539003065,-0.1486142490562788,0.3733218102857061,0.8649979343108063,0.6392272737728473,-0.514749083137583,-0.26366137417917646,-0.6021991986149086,1.4412129899411865,-0.021666443368239197,-0.0648609371780946,0.06909966707463241,0.05026533219331997,0.042544485032620205,0.042265046360721294,0.020376599269251224,0.0230289735532199,0.8000475418886817,0.8598195587219535,0.4650736880898301,0.8713103106527296,1.2791317714747772,0.5815528746700303,0.7551611546097363,0.16644427179161791,-0.0005811663884225382,0.6526564795005582,0.21111881738696942,0.08584973875193913,0.3333333333333333,0.0,0.0,1.90625,-0.15625,0.15625,1.4670438786673983,0.07727713100676081,0.19704260866549328,7.65625,0.5,1.0,1.7709005363592332,-0.18192000442687006,-0.34828030051024905,6.75,0.65625,0.84375,0.3125,-0.09375,0.0,1.903225806451613,-0.5806451612903225,-0.09677419354838701,0.782258064516129,-0.19354838709677424,-0.07258064516129037,0.25,-0.125,-0.03125,3.5,0.5,0.5,1.0,0.08333333333333337,0.2222222222222222,1.45947265625,0.30419921875,0.40755733366935476,0.03125,0.0,0.03125,1.8125,-0.1875,0.0625,1.281065584682558,-0.014086666922908497,0.011064314680653053,6.59375,0.46875,-0.0625,1.864081110653926,-0.13188255828945827,-0.2550997262155563,5.78125,0.65625,-0.125,0.3125,-0.09375,0.0,1.967741935483871,-0.5483870967741935,-0.032258064516129004,0.782258064516129,-0.19354838709677424,-0.07258064516129037,0.25,-0.125,-0.03125,3.5,0.5,0.5,1.0,0.08333333333333337,0.2222222222222222,0.9904233870967742,0.055947580645161366,-0.061491935483870996,0.0,0.0,0.0
GaPt30_01,pd,3,0.048656919199933125,0.1298558645622417,0.05529384910429874,1.0624999999999774,-0.06499999999999861,-0.05124999999999891,0.041317585325655035,0.0024956474922238833,0.025337687239086023,0.03857142857142775,0.0057142857142855955,0.021428571428570974,0.14994859786244635,-0.05953650666485025,-0.04677271361296348,-0.06402086946266207,0.42325185781006514,0.3782868228450302,0.40156033606068564,-0.034901693684000645,-0.09654874805503566,0.03421567562405465,-0.02295234164877291,0.006271701635453375,0.02714599414276338,-0.0034894437665932525,0.002846500500665445,0.09375470371359886,-0.7654838039124703,-0.21234954541455214,-0.38427022918392795,-1.0233986519979592,-0.2079220848350436,1.020959641277766,0.016106431162807633,0.03589360574159761,0.035616622696621116,0.0031106134327200524,-0.15255467354593255,0.04103675836900852,0.0125689452294451,-0.1360453038268337,-0.1982845834732709,-0.571606393758977,0.06762088001387026,0.278841297257364,0.7935903803949471,0.1913911817800385,1.4401433669736659,-0.001069622967520667,-0.06593056014561527,0.021907571943936652,-0.04719209513069576,-0.0046476100980755546,0.02432045725362055,-0.017944589107100745,0.005084384446119156,-0.24139120430976954,-1.0414387461984511,-0.5763650581086212,0.09776474868658482,-0.7735455619661448,-0.19199268729611452,0.634369056120937,-0.12079209848879935,-0.12137326487722189,0.5210738290240025,-0.1315826504765557,-0.045732911724616576,0.16666666666666666,-0.16666666666666666,-0.16666666666666666,1.90625,0.0,0.15625,1.3995246888993098,-0.06751918976808846,0.12952341889740482,8.4375,0.78125,1.78125,1.758619326484237,-0.012281209874996257,-0.3605615103852453,7.53125,0.78125,1.625,0.3125,0.0,0.0,1.8387096774193548,-0.06451612903225823,-0.16129032258064524,0.8387096774193549,0.05645161290322587,-0.016129032258064502,0.3125,0.0625,0.03125,2.6,-0.8999999999999999,-0.3999999999999999,0.7,-0.30000000000000004,-0.07777777777777783,1.17578125,-0.28369140625,0.12386592741935476,0.03125,0.0,0.03125,1.84375,0.03125,0.09375,1.2978735710582958,0.01680798637573777,0.027872301056390825,6.40625,-0.1875,-0.25,1.8114220932736798,-0.05265901738024614,-0.30775874359580246,5.5625,-0.21875,-0.34375,0.3125,0.0,0.0,1.8709677419354838,-0.09677419354838723,-0.12903225806451624,0.8387096774193549,0.05645161290322587,-0.016129032258064502,0.3125,0.0625,0.03125,2.6,-0.8999999999999999,-0.3999999999999999,0.7,-0.30000000000000004,-0.07777777777777783,0.9556451612903226,-0.034778225806451624,-0.09627016129032262,0.0,0.0,0.0
GaPt30_01,pd,4,0.08965178759594918,0.04770781108344894,0.0291939644170885,1.0874999999999768,0.024999999999999467,-0.02624999999999944,0.023145502494313294,-0.01817208283134174,0.007165604407744282,0.03857142857142775,0.0,0.021428571428570974,-0.6798742586931704,-0.8298228565556167,-0.8765955701685803,0.45507682703507824,0.5190976964977403,0.8973845193427705,0.4550838805993947,0.053523544538709056,-0.043025203516326604,0.017057456005593594,-0.017158219618461056,-0.01088651798300768,0.015740378256760962,-0.011405615886002418,-0.008559115385336973,0.3072655476035341,0.21351084388993524,0.001161298475383099,-0.1663733921858204,0.21789683699810755,0.009974752163063955,1.0455851129497702,0.02462547167200424,0.06051907741360185,0.06721237194586814,0.031595749249247025,-0.12095892429668552,0.0724855800661335,0.03144882169712498,-0.10459648212970872,0.154839589017871,0.3531241724911419,0.42074505250501215,0.4687157365626634,0.1898744393052994,0.3812656210853379,1.4804324014375727,0.04028903446390686,-0.02564152568170841,0.008931664847372373,-0.01297590709656428,-0.017623517194639834,0.008760386742038146,-0.015560070511582402,-0.010475686065463246,0.2016677765455653,0.44305898085533485,-0.13330607725328628,-0.3837430197890574,-0.4815077684756422,-0.6735004557717568,0.6184628474025112,-0.01590620871842574,-0.13727947359564763,0.521240625180289,0.00016679615628656386,-0.04556611556833001,0.16666666666666666,0.0,-0.16666666666666666,1.9375,0.03125,0.1875,1.5644745588092157,0.1649498699099059,0.2944732888073107,7.71875,-0.71875,1.0625,1.745674377499442,-0.012944948984794813,-0.3735064593700401,6.78125,-0.75,0.875,0.3125,0.0,0.0,2.4193548387096775,0.5806451612903227,0.4193548387096775,0.9516129032258065,0.11290322580645162,0.09677419354838712,0.34375,0.03125,0.0625,3.0,0.3999999999999999,0.0,0.9090909090909091,0.2090909090909091,0.13131313131313127,1.98876953125,0.81298828125,0.9368542086693548,0.03125,0.0,0.03125,1.8125,-0.03125,0.0625,1.281065584682558,-0.01680798637573777,0.011064314680653053,6.625,0.21875,-0.03125,1.862187406112465,0.05076531283878527,-0.2569934307570172,5.8125,0.25,-0.09375,0.3125,0.0,0.0,2.5161290322580645,0.6451612903225807,0.5161290322580645,0.9516129032258065,0.11290322580645162,0.09677419354838712,0.34375,0.03125,0.0625,3.0,0.3999999999999999,0.0,0.9090909090909091,0.2090909090909091,0.13131313131313127,1.0206653225806452,0.06502016129032262,-0.03125,0.0,0.0,0.0
GaPt30_01,pd,5,0.12719594353922908,0.15796157475273206,0.1504183254690217,1.074999999999977,-0.012499999999999734,-0.038749999999999174,0.0453557367611063,0.022210234266793003,0.029375838674537285,0.06714285714285571,0.028571428571427963,0.049999999999998934,-0.45329222093390914,0.22658203775926128,-0.650013532409319,0.30357911447536146,-0.15149771255971678,0.7458868067830537,0.4276350915751884,-0.027448789024206277,-0.07047399254053288,0.16660486433637875,0.14954740833078517,0.13866089034777748,0.13074577309888608,0.11500539484212512,0.10644627945678814,0.22500951804739758,-0.0822560295561365,-0.08109473108075341,-0.07874986062054255,0.08762353156527784,0.0975982837283418,0.9390623255540048,-0.10652278739576537,-0.04600370998216352,0.06383155374246623,-0.003380818203401914,-0.12433974250008743,0.09023112769257591,0.017745547626442412,-0.08685093450326631,-0.37496236801448246,-0.5298019570323534,-0.10905690452734129,-0.09996310622068472,-0.5686788427833481,-0.18741322169801022,1.4392626932003343,-0.04116970823723842,-0.06681123391894683,0.14524605039112565,0.13631438554375327,0.11869086834911344,0.11766472565623909,0.10890433891420094,0.0984286528487377,0.1648677443320836,-0.036800032213481715,-0.170106109466768,0.05532608548117214,0.4390691052702295,-0.2344313505015272,0.6817312035291399,0.06326835612662862,-0.074011117469019,0.7268170574043473,0.2055764322240583,0.1600103166557283,0.3333333333333333,0.16666666666666666,0.0,1.875,-0.0625,0.125,1.3380293646423316,-0.22644519416688413,0.06802809464042658,8.59375,0.875,1.9375,1.9486864889607216,0.2030121114612795,-0.1704943479087606,7.71875,0.9375,1.8125,0.34375,0.03125,0.03125,2.064516129032258,-0.3548387096774195,0.06451612903225801,0.8064516129032258,-0.14516129032258074,-0.048387096774193616,0.28125,-0.0625,0.0,3.3333333333333335,0.3333333333333335,0.3333333333333335,1.0,0.09090909090909094,0.2222222222222222,1.185546875,-0.80322265625,0.13363155241935476,0.03125,0.0,0.03125,1.8125,0.0,0.0625,1.2296734420949118,-0.05139214258764624,-0.040327827906993186,6.5625,-0.0625,-0.09375,1.9989916813072244,0.13680427519475935,-0.12018915556225784,5.75,-0.0625,-0.15625,0.34375,0.03125,0.03125,2.096774193548387,-0.4193548387096775,0.09677419354838701,0.8064516129032258,-0.14516129032258074,-0.048387096774193616,0.28125,-0.0625,0.0,3.3333333333333335,0.3333333333333335,0.3333333333333335,1.0,0.09090909090909094,0.2222222222222222,0.9657258064516129,-0.05493951612903236,-0.08618951612903236,0.0,0.0,0.0
GaPt30_01,pd,6,0.1533722317015998,0.3049339700808743,0.037917666785697926,1.0687499999999772,-0.006249999999999867,-0.04499999999999904,0.013562026818605086,-0.03179370994250121,-0.0024178712679639256,0.019999999999999574,-0.04714285714285614,0.0028571428571427977,-0.5488665414167074,-0.09557432048279829,-0.7455878528921173,0.12909944487358055,-0.1744796696017809,0.5714071371812728,0.30164104927992985,-0.12599404229525857,-0.19646803483579145,0.01873865047230371,-0.14786621386407503,-0.009205323516297565,0.019957490793107293,-0.11078828230577878,-0.004342002848990643,0.0959987562172156,-0.12901076183018198,-0.2101054929109354,-0.5435211702587225,-0.4647713096381799,-0.36717302590983814,0.9099075490469255,-0.029154776507079316,-0.07515848648924284,0.05285089082826015,-0.010980662914206074,-0.13532040541429352,0.06708248700717802,-0.02314864068539789,-0.1099995751886642,-0.4045211949719047,-0.029558826957422235,-0.13861573148476353,-0.502530639863732,-0.4025675336430473,-0.5899807553410575,1.3263076559825147,-0.11295503721781963,-0.17976627113676646,0.02089263033786189,-0.12435342005326376,-0.005662551704150316,0.025666176786463372,-0.09199854886977571,0.0064301039789619804,-0.03493142602282837,-0.19979917035491196,-0.36990527982168,-0.5373753250201772,-0.5927014105013493,-0.8271327610028765,0.5283208335737187,-0.15341036995542112,-0.22742148742444013,0.4757767920907027,-0.2510402653136446,-0.0910299486579163,0.3333333333333333,0.0,0.0,1.875,0.0,0.125,1.4756081305138942,0.1375787658715626,0.20560686051198918,8.75,0.15625,2.09375,1.8665130505147656,-0.08217343844595604,-0.25266778635471665,7.875,0.15625,1.96875,0.28125,-0.0625,-0.03125,1.7419354838709677,-0.32258064516129026,-0.25806451612903225,0.7741935483870968,-0.032258064516129004,-0.08064516129032262,0.28125,0.0,0.0,2.6666666666666665,-0.666666666666667,-0.3333333333333335,0.7777777777777778,-0.2222222222222222,0.0,1.3779296875,0.1923828125,0.32601436491935476,0.03125,0.0,0.03125,1.78125,-0.03125,0.03125,1.2885194053891917,0.058845963294279935,0.01851813538728675,6.6875,0.125,0.03125,1.9582332392630961,-0.04075844204412826,-0.1609475976063861,5.90625,0.15625,0.0,0.28125,-0.0625,-0.03125,1.8064516129032258,-0.29032258064516125,-0.19354838709677424,0.7741935483870968,-0.032258064516129004,-0.08064516129032262,0.28125,0.0,0.0,2.6666666666666665,-0.666666666666667,-0.3333333333333335,0.7777777777777778,-0.2222222222222222,0.0,0.90625,-0.05947580645161288,-0.14566532258064524,0.0,0.0,0.0
GaPt30_01,pd,7,0.028500273198917892,0.28736320194620096,0.0370416802215865,1.0874999999999768,0.0187499999999996,-0.02624999999999944,0.04559135256352174,0.032029325744916654,0.029611454476952726,0.032857142857142155,0.012857142857142581,0.01571428571428538,0.5715039643043146,1.120370505721022,0.37478265282890477,-0.5503214177011295,-0.67942086257471,-0.10801372539343729,0.32407293995323455,0.0224318906733047,-0.17403614416248675,0.015286886239232907,-0.0034517642330708018,-0.012657087749368367,0.02040124998572748,0.0004437591926201856,-0.003898243656370457,-0.40234060725473025,-0.49833936347194585,-0.7084448563828812,-0.12634510595978132,0.41717606429894116,0.05000303838910303,0.8995626848588698,-0.010344864188055691,-0.08550335067729853,0.06166256012469916,0.008811669296439006,-0.12650873611785451,0.08413779903581474,0.01705531202863672,-0.09294426316002748,-0.3601149345760073,0.0444062603958974,-0.09420947108886613,0.18183816292894647,0.6843688027926785,0.09438804745162097,1.3426972087895725,0.016389552807057894,-0.16337671832970857,0.02307566337226561,0.0021830330344037203,-0.003479518669746596,0.03731097126469396,0.011644794478230587,0.018074898457192567,-0.6281012453001557,-0.5931698192773273,-0.9630750990990072,0.2559431229850165,0.7933184480051936,-0.03381431299768284,0.5283208335737187,0.0,-0.22742148742444013,0.4795739585136224,0.0037971664229196622,-0.08723278223499664,0.3333333333333333,0.0,0.0,1.84375,-0.03125,0.09375,1.393750452046795,-0.08185767846709924,0.12374918204488994,9.71875,0.96875,3.0625,1.745674377499442,-0.12083867301532347,-0.3735064593700401,8.875,1.0,2.96875,0.28125,0.0,-0.03125,1.967741935483871,0.22580645161290325,-0.032258064516129004,0.7741935483870968,0.0,-0.08064516129032262,0.25,-0.03125,-0.03125,3.5,0.8333333333333335,0.5,1.0,0.2222222222222222,0.2222222222222222,1.10986328125,-0.26806640625,0.05794795866935476,0.03125,0.0,0.03125,1.78125,0.0,0.03125,1.2885194053891917,0.0,0.01851813538728675,6.6875,0.0,0.03125,1.8038936382349475,-0.1543396010281486,-0.3152871986345347,5.90625,0.0,0.0,0.28125,0.0,-0.03125,2.0,0.19354838709677424,0.0,0.7741935483870968,0.0,-0.08064516129032262,0.25,-0.03125,-0.03125,3.5,0.8333333333333335,0.5,1.0,0.2222222222222222,0.2222222222222222,0.8876008064516129,-0.018649193548387122,-0.16431451612903236,0.0,0.0,0.0
GaPt31_01,pd,1,0.07433860462763973,0.07433860462763973,0.035796619127633995,1.1337499999999758,-0.03374999999999928,-0.03374999999999928,0.03159452936370857,8.489364926242415e-05,8.489364926242415e-05,0.041428571428570544,0.027142857142856563,0.027142857142856563,-0.20968093224899925,-1.0737938001170726,-1.0737938001170726,-0.26714200869573296,-0.8471763940247632,-0.8471763940247632,0.3527924942082039,0.0485866943481853,0.0485866943481853,0.02806732547640868,-0.00986997123616773,-0.00986997123616773,0.03529420529819414,0.002314821159344803,0.002314821159344803,-0.18104063500712125,-0.5041244493793207,-0.5041244493793207,-0.7132753354476791,-0.48298058655829945,-0.48298058655829945,1.0100991640846493,0.027452502017736746,0.027452502017736746,0.014777008153379997,-0.013452624269731758,-0.013452624269731758,0.01955571496810912,-0.02264535577838085,-0.02264535577838085,-0.2801415208651064,0.334586137522548,0.334586137522548,0.26536980098940527,0.4043114987725559,0.4043114987725559,1.3675277549126457,0.04167094647475933,0.04167094647475933,0.03017460803375896,-0.010919396926088537,-0.010919396926088537,0.030247218829198293,-0.002737792424573317,-0.002737792424573317,0.21445108941876806,-0.2014764645264081,-0.2014764645264081,-0.14564555497914503,-0.17126857538149917,-0.17126857538149917,0.6184628474025112,-0.08136514652671811,-0.08136514652671811,0.5767506828567776,0.0518796874098556,0.0518796874098556,0.16666666666666666,0.0,0.0,2.03125,0.125,0.125,1.4024028918138118,0.09833048634328834,0.09833048634328834,7.1875,0.59375,0.59375,1.6546610607029015,-0.48346255140308725,-0.48346255140308725,6.15625,0.46875,0.46875,0.375,0.03125,0.03125,1.8387096774193548,-0.6451612903225807,-0.6451612903225807,0.8870967741935484,0.040322580645161255,0.040322580645161255,0.28125,-0.03125,-0.03125,3.0,-0.5,-0.5,0.7777777777777778,-0.2222222222222222,-0.2222222222222222,1.15966796875,0.24988974294354838,0.24988974294354838,0.03125,0.03125,0.03125,1.96875,0.0625,0.0625,1.307160799151623,0.003088393681099477,0.003088393681099477,6.15625,-0.4375,-0.4375,1.7059549402210235,-0.4321686718849653,-0.4321686718849653,5.1875,-0.5,-0.5,0.375,0.03125,0.03125,1.8709677419354838,-0.6129032258064517,-0.6129032258064517,0.8870967741935484,0.040322580645161255,0.040322580645161255,0.28125,-0.03125,-0.03125,3.0,-0.5,-0.5,0.7777777777777778,-0.2222222222222222,-0.2222222222222222,0.9390120967741935,0.029233870967741882,0.029233870967741882,0.0,0.0,0.0
GaPt31_01,pd,2,0.03405248059155334,0.047521415881334586,0.05731015862742406,1.1324999999999759,-0.0012499999999999734,-0.034999999999999254,0.027124053637210172,-0.004470475726498401,-0.004385582077235977,0.03428571428571355,-0.007142857142856993,0.01999999999999957,-0.3231973417884659,-0.11351640953946662,-1.1873102096565393,-0.4847901187395096,-0.21764811004377665,-1.06482450406854,0.3286540620601466,-0.02413843214805733,0.024448262200127968,0.03296001100046456,0.004892685524055883,-0.004977285712111847,0.023394975485302005,-0.011899229812892133,-0.00958440865354733,0.38078795137401605,0.5618285863811373,0.05770413700181659,-0.46520507033986347,0.2480702651078156,-0.23491032145048382,1.0265996490842846,0.0165004849996353,0.04395298701737205,0.02372203710375867,0.008945028950378672,-0.004507595319353085,0.019992484757447398,0.0004367697893382788,-0.02220858598904257,0.4222931418191878,0.7024346626842942,1.0370208002068422,0.05352935467742913,-0.21184044631197613,0.19247105246057972,1.3603092651564281,-0.007218489756217528,0.0344524567185418,0.04762779965158939,0.017453191617830432,0.006533794691741895,0.03999862716875881,0.009751408339560515,0.007013615914987198,0.4434415798180857,0.22899049039931763,0.02751402587290952,-0.3574564054721335,-0.21181085049298845,-0.3830794258744876,0.5887168828181184,-0.029745964584392826,-0.11111111111111094,0.5663708659573022,-0.010379816899475314,0.04149987051038029,0.5,0.33333333333333337,0.33333333333333337,1.9375,-0.09375,0.03125,1.4797013648139472,0.07729847300013537,0.1756289593434237,7.65625,0.46875,1.0625,1.696474047413749,0.04181298671084743,-0.4416495646922398,6.71875,0.5625,1.03125,0.3125,-0.0625,-0.03125,1.935483870967742,0.09677419354838723,-0.5483870967741935,0.8387096774193549,-0.048387096774193505,-0.008064516129032251,0.28125,0.0,-0.03125,3.111111111111111,0.11111111111111116,-0.38888888888888884,1.0,0.2222222222222222,0.0,1.39208984375,0.232421875,0.4823116179435484,0.03125,0.0,0.03125,1.84375,-0.125,-0.0625,1.2978735710582958,-0.00928722809332716,-0.006198834412227683,6.59375,0.4375,0.0,1.7935255423237613,0.08757060210273782,-0.3445980697822275,5.75,0.5625,0.0625,0.3125,-0.0625,-0.03125,2.0,0.12903225806451624,-0.4838709677419355,0.8387096774193549,-0.048387096774193505,-0.008064516129032251,0.28125,0.0,-0.03125,3.111111111111111,0.11111111111111116,-0.38888888888888884,1.0,0.2222222222222222,0.0,0.920866935483871,-0.01814516129032251,0.011088709677419373,0.0,0.0,0.0
GaPt31_01,pd,3,0.037275100358370346,0.07870557725654086,0.06489200866589853,1.1187499999999762,-0.013749999999999707,-0.04874999999999896,0.0674933859193399,0.04036933228212973,0.03598375020489375,0.07857142857142689,0.04428571428571334,0.0642857142857129,-0.6603836391037595,-0.33718629731529365,-1.524496506971833,-0.13898286632945497,0.3458072524100546,-0.7190172516584853,0.3626949181418837,0.034040856081737125,0.05848911828186509,0.03906573765930461,0.006105726658840044,0.0011284409467281972,0.031273916934270216,0.00787894144896821,-0.0017054672045791197,0.4472923495674718,0.06650439819345577,0.12420853519527236,0.16850083909338384,0.6337059094332473,0.3987955879827635,1.0198459204439692,-0.006753728640315426,0.03719925837705662,0.031002961404665668,0.007280924300906998,0.002773328981553913,0.029837371105205696,0.009844886347758298,-0.012363699641284271,0.18963374770808644,-0.23265939411110137,0.8043614060957409,0.474873965283251,0.42134461060582185,0.6138156630664016,1.3795650258238243,0.019255760667396205,0.053708217385938006,0.0815087432383267,0.03388094358673731,0.040414738278479204,0.07028604865412746,0.030287421485368657,0.037301037400355855,0.10233128098796794,-0.34111029883011773,-0.3135962729572082,0.1108609604344769,0.4683173659066104,0.08523794003212273,0.6491129320625181,0.060396049244399674,-0.050715061866711264,0.6095136727289302,0.04314280677162796,0.08464267728200825,0.5,0.0,0.33333333333333337,1.90625,-0.03125,0.0,1.3995246888993098,-0.0801766759146374,0.09545228342878631,8.6875,1.03125,2.09375,1.7677669529663689,0.07129290555261991,-0.3703566591396199,7.78125,1.0625,2.09375,0.3125,0.0,-0.03125,2.193548387096774,0.25806451612903203,-0.2903225806451615,0.9354838709677419,0.09677419354838701,0.08870967741935476,0.28125,0.0,-0.03125,3.4444444444444446,0.3333333333333335,-0.05555555555555536,1.0,0.0,0.0,1.146484375,-0.24560546875,0.23670614919354838,0.03125,0.0,0.03125,1.84375,0.0,-0.0625,1.2978735710582958,0.0,-0.006198834412227683,6.65625,0.0625,0.0625,1.8247293215088625,0.0312037791851012,-0.3133942905971263,5.8125,0.0625,0.125,0.3125,0.0,-0.03125,2.225806451612903,0.22580645161290303,-0.2580645161290325,0.9354838709677419,0.09677419354838701,0.08870967741935476,0.28125,0.0,-0.03125,3.4444444444444446,0.3333333333333335,-0.05555555555555536,1.0,0.0,0.0,0.9254032258064516,0.004536290322580627,0.015625,0.0,0.0,0.0
GaPt31_01,pd,4,0.046430249007997366,0.03944492541684571,0.03575873636393136,1.1074999999999764,-0.01124999999999976,-0.05999999999999872,0.01908627030841015,-0.04840711561092975,-0.012423365406035999,0.017142857142856776,-0.06142857142857011,0.0028571428571427943,0.18840579710144922,0.8487894362052087,-0.6757070707666242,-0.46352358236214414,-0.3245407160326892,-1.0435579676911744,0.3250781745798701,-0.03761674356201361,0.020872374719851483,0.021239427599673812,-0.017826310059630795,-0.016697869112902598,0.021436906392658613,-0.009837010541611603,-0.011542477746190723,0.22181816139589058,-0.22547418817158124,-0.10126565297630888,-0.5808362391941027,-0.7493370782874865,-0.35054149030472304,1.004425926893051,-0.015419993550918054,0.021779264826138567,0.026490833255069967,-0.004512128149595701,-0.001738799168041788,0.028546786068909924,-0.0012905850362957723,-0.013654284677580043,-0.06491047582090537,-0.2545442235289918,0.549817182566749,-0.4072947629903725,-0.8821687282736235,-0.2683530652072219,1.3474833437884468,-0.032081682035377534,0.021626535350560472,0.02814482167093673,-0.05336392156738997,-0.012949183288910766,0.028593586115710026,-0.041692462538417435,-0.004391425138061584,0.21454465049222307,0.11221336950425513,-0.2013829034529531,-0.4677718342908661,-0.578632794725343,-0.49339485469322025,0.6184628474025112,-0.03065008466000685,-0.08136514652671811,0.5091441724851832,-0.10036950024374702,-0.015726822961738773,0.3333333333333333,-0.16666666666666669,0.16666666666666666,2.09375,0.1875,0.1875,1.5731491941633426,0.17362450526403284,0.26907678869281915,7.4375,-1.25,0.84375,1.865432579772697,0.09766562680632807,-0.27269103233329184,6.34375,-1.4375,0.65625,0.375,0.0625,0.03125,2.2580645161290325,0.06451612903225845,-0.22580645161290303,0.8951612903225806,-0.040322580645161255,0.048387096774193505,0.34375,0.0625,0.03125,3.0,-0.44444444444444464,-0.5,1.0,0.0,0.0,1.8564453125,0.7099609375,0.9466670866935484,0.03125,0.0,0.03125,1.96875,0.125,0.0625,1.307160799151623,0.00928722809332716,0.003088393681099477,6.34375,-0.3125,-0.25,1.9610625000321276,0.1363331785232651,-0.17706111207386122,5.375,-0.4375,-0.3125,0.375,0.0625,0.03125,2.3548387096774195,0.12903225806451646,-0.12903225806451601,0.8951612903225806,-0.040322580645161255,0.048387096774193505,0.34375,0.0625,0.03125,3.0,-0.44444444444444464,-0.5,1.0,0.0,0.0,0.8840725806451613,-0.04133064516129037,-0.02570564516129037,0.0,0.0,0.0
GaPt31_01,pd,5,0.013398311498343656,0.0368734113349784,0.02944911013113314,1.1187499999999762,0.01124999999999976,-0.04874999999999896,0.026423744732990744,0.007337474424580593,-0.005085890981455406,0.03142857142857076,0.014285714285713982,0.017142857142856776,-0.5923326576882296,-0.7807384547896788,-1.456445525556303,0.4640077750460818,0.927531357408226,-0.11602661028294847,0.3282452630092072,0.003167088429337106,0.02403946314918859,0.02206447289816278,0.0008250452984889661,-0.01587282381441363,0.01805797064382758,-0.0033789357488310315,-0.014921413495021754,0.45248229973100845,0.23066413833511787,0.129398485358809,-0.0745131853425537,0.506323053851549,0.15578156354682593,0.9940177311615161,-0.010408195731534953,0.011371069094603614,0.027974249901492096,0.001483416646422129,-0.0002553825216196591,0.030629280818914202,0.002082494750004278,-0.011571789927575765,-0.29471275132534597,-0.2298022755044406,0.32001490706230845,-0.15028024265760423,0.2570145203327683,-0.011338544874453627,1.3473770154795364,-0.00010632830891044165,0.02152020704165003,0.016952055194021452,-0.011192766476915278,-0.024141949765826044,0.016017344083083657,-0.012576242032626368,-0.016967667170687952,0.1679607571205434,-0.046583893371679674,-0.24796679682463277,-0.26177415424169004,0.20599768004917607,-0.2873971746440442,0.6184628474025112,0.0,-0.08136514652671811,0.5091441724851831,-1.1102230246251565e-16,-0.015726822961738884,0.3333333333333333,0.0,0.16666666666666666,2.03125,-0.0625,0.125,1.4024028918138118,-0.1707463023495308,0.09833048634328834,8.40625,0.96875,1.8125,1.6036123536083031,-0.2618202261643938,-0.5345112584976857,7.375,1.03125,1.6875,0.375,0.0,0.03125,2.3548387096774195,0.09677419354838701,-0.12903225806451601,0.967741935483871,0.07258064516129037,0.12096774193548387,0.375,0.03125,0.0625,2.9166666666666665,-0.08333333333333348,-0.5833333333333335,0.9166666666666666,-0.08333333333333337,-0.08333333333333337,1.14990234375,-0.70654296875,0.24012411794354838,0.03125,0.0,0.03125,1.96875,0.0,0.0625,1.307160799151623,0.0,0.003088393681099477,6.375,0.03125,-0.21875,1.6607421582319852,-0.30032034180014233,-0.47738145387400355,5.40625,0.03125,-0.28125,0.375,0.0,0.03125,2.3870967741935485,0.032258064516129004,-0.09677419354838701,0.967741935483871,0.07258064516129037,0.12096774193548387,0.375,0.03125,0.0625,2.9166666666666665,-0.08333333333333348,-0.5833333333333335,0.9166666666666666,-0.08333333333333337,-0.08333333333333337,0.9289314516129032,0.04485887096774199,0.019153225806451624,0.0,0.0,0.0
GaPt31_01,pd,6,0.061334602767242535,0.08720076715771409,0.09212738135514839,1.0724999999999771,-0.046249999999999014,-0.09499999999999797,0.11348379368249406,0.08706004894950331,0.08197415796804791,0.09999999999999787,0.06857142857142712,0.08571428571428388,0.16802012770106628,0.760352785389296,-0.6960927401670072,-0.20521484429728795,-0.6692226193433698,-0.7852492296263183,0.3900997027496501,0.06185443974044291,0.0858939028896315,0.12490564681240313,0.10284117391424034,0.08696835009982672,0.11076133142431445,0.09270336078048687,0.07778194728546511,-0.15436353210390932,-0.6068458318349178,-0.47744734647610876,-0.19914455150318508,-0.12463136616063138,0.031150197386194567,1.0083945831300978,0.014376851968581628,0.025747921063185242,0.04594076918210186,0.017966519280609765,0.017711136758990106,0.05185824769035358,0.02122896687143938,0.009657176943863616,-0.18431260884850675,0.11040014247683921,0.43041504953914766,-0.43756538171067183,-0.28728513905306763,-0.29862368392752126,1.403972850880211,0.05659583540067459,0.07811604244232462,0.1189146594163083,0.10196260422228684,0.0778206544564608,0.10717890336945679,0.09116155928637314,0.07419389211568518,0.09691405230270232,-0.07104670481784107,-0.31901350164247383,-0.48061647803933727,-0.21884232379764723,-0.5062394984416915,0.7551611546097363,0.1366983072072251,0.055333160680506976,0.672449547520247,0.16330537503506393,0.14757855207332504,0.3333333333333333,0.0,0.16666666666666666,1.875,-0.15625,-0.03125,1.497309414874216,0.09490652306040426,0.1932370094036926,8.59375,0.1875,2.0,1.7571857081433442,0.15357335453504106,-0.3809379039626446,7.71875,0.34375,2.03125,0.28125,-0.09375,-0.0625,1.903225806451613,-0.4516129032258065,-0.5806451612903225,0.9478494623655914,-0.019892473118279574,0.1010752688172043,0.3125,-0.0625,0.0,2.7,-0.21666666666666634,-0.7999999999999998,0.9,-0.016666666666666607,-0.09999999999999998,1.4755859375,0.32568359375,0.5658077116935484,0.03125,0.0,0.03125,1.78125,-0.1875,-0.125,1.313315798693054,0.00615499954143095,0.009243393222530427,6.53125,0.15625,-0.0625,1.848877165793755,0.18813500756176982,-0.28924644631223373,5.75,0.34375,0.0625,0.28125,-0.09375,-0.0625,1.967741935483871,-0.4193548387096775,-0.5161290322580645,0.9532258064516129,-0.014516129032258074,0.1064516129032258,0.3125,-0.0625,0.0,2.7,-0.21666666666666634,-0.7999999999999998,0.9,-0.016666666666666607,-0.09999999999999998,1.0070564516129032,0.078125,0.09727822580645162,0.0,0.0,0.0
GaPt31_01,pd,7,0.047248835350128866,0.06325082300734895,0.050006644743340004,1.0887499999999768,0.016249999999999654,-0.07874999999999832,0.03356762896431122,-0.07991616471818283,0.002057993249865074,0.035714285714284956,-0.06428571428571292,0.021428571428570974,0.1314314608256959,-0.03658866687537038,-0.7326814070423775,-0.4670839888665527,-0.2618691445692648,-1.047118374195583,0.3580899401354554,-0.03200976261419469,0.05388414027543681,0.025594861565576173,-0.09931078524682696,-0.012342435147000237,0.021529430163272047,-0.0892319012610424,-0.011449953975577288,0.25481927125668846,0.40918280336059776,-0.068264543115511,0.11152746546966304,0.31067201697284813,0.3418222143590427,0.9981837389295415,-0.01021084420055629,0.015537076862628951,0.030828751838977566,-0.015112017343124295,0.002599119415865811,0.033059733995933725,-0.018798513694419858,-0.009141336750556242,0.213399663963375,0.39771227281188176,0.8281273223510295,-0.38812933689450363,0.0494360448161682,-0.24918763911135303,1.3777477424697855,-0.02622510841042547,0.05189093403189915,0.03583540635346167,-0.08307925306284664,-0.005258598606385827,0.02633022544524155,-0.08084867792421524,-0.006654785808530059,0.32924439118645477,0.23233033888375243,-0.0866831627587214,0.1777518959930833,0.6583683740324205,0.15212887559072916,0.6394319446848299,-0.11572920992490643,-0.06039604924439945,0.6386462923344499,-0.033803255185797076,0.11377529688752797,0.5,0.16666666666666669,0.33333333333333337,1.84375,-0.03125,-0.0625,1.393750452046795,-0.10355896282742116,0.08967804657627143,9.75,1.15625,3.15625,1.796053020267749,0.03886731212440475,-0.34207059183823985,8.90625,1.1875,3.21875,0.28125,0.0,-0.0625,2.0,0.09677419354838701,-0.4838709677419355,0.8709677419354839,-0.07688172043010755,0.024193548387096753,0.28125,-0.03125,-0.03125,3.111111111111111,0.411111111111111,-0.38888888888888884,0.8888888888888888,-0.011111111111111183,-0.11111111111111116,1.166015625,-0.3095703125,0.2562373991935484,0.03125,0.0,0.03125,1.78125,0.0,-0.125,1.2885194053891917,-0.024796393303862185,-0.015553000081331758,6.71875,0.1875,0.125,1.8532338779688906,0.0043567121751355575,-0.28488973413709817,5.9375,0.1875,0.25,0.28125,0.0,-0.0625,2.032258064516129,0.06451612903225801,-0.4516129032258065,0.8709677419354839,-0.08225806451612905,0.024193548387096753,0.28125,-0.03125,-0.03125,3.111111111111111,0.411111111111111,-0.38888888888888884,0.8888888888888888,-0.011111111111111183,-0.11111111111111116,0.9455645161290323,-0.061491935483870996,0.03578629032258063,0.0,0.0,0.0
GaPt32_01,pd,1,0.013024160679308837,0.013024160679308837,0.02228714534067959,0.9962499999999788,0.004999999999999893,0.004999999999999893,0.014078859531733288,-0.004772059354547234,-0.004772059354547234,0.019999999999999574,-0.0028571428571427977,-0.0028571428571427977,-0.4448782605013046,-0.26454433356781815,-0.26454433356781815,0.5636018619766344,0.8144431430979976,0.8144431430979976,0.28597804048111897,-0.0013794191919191956,-0.0013794191919191956,0.011135429069963176,-0.002634340909036817,-0.002634340909036817,0.011097252753915416,-0.006299446185400579,-0.006299446185400579,0.09371377852516578,0.4013349115210174,0.4013349115210174,0.23215095796091387,0.31293914795820676,0.31293914795820676,0.9936613508289605,0.0050288938332608835,0.0050288938332608835,0.010671428853434067,-0.0029710991968218206,-0.0029710991968218206,0.011458591923332286,-0.0031517976870573273,-0.0031517976870573273,0.13535918268411837,0.19675537048292757,0.19675537048292757,0.4379259988115581,0.7796785392683021,0.7796785392683021,1.2848914771429123,0.0010679345995823208,0.0010679345995823208,0.010853853763358548,-0.00045527370244315135,-0.00045527370244315135,0.009479128670884598,-0.001817481182177583,-0.001817481182177583,0.4463617476821169,0.3328342180559474,0.3328342180559474,-0.01991048558838644,0.3339010975612096,0.3339010975612096,0.6394319446848299,0.0,0.0,0.4795739585136224,0.0,0.0,0.0,-0.3333333333333333,-0.3333333333333333,2.15625,0.125,0.125,1.393750452046795,0.08658965289517195,0.08658965289517195,7.40625,0.9375,0.9375,1.9815174211504123,-0.018230546840522166,-0.018230546840522166,6.25,0.8125,0.8125,0.4375,0.03125,0.03125,2.967741935483871,0.2580645161290325,0.2580645161290325,1.0,0.12903225806451613,0.12903225806451613,0.40625,0.0,0.0,3.230769230769231,0.23076923076923084,0.23076923076923084,1.0,0.07692307692307687,0.07692307692307687,1.05322265625,0.24626701108870963,0.24626701108870963,0.03125,0.03125,0.03125,2.09375,0.0625,0.0625,1.3040724054705235,-0.003088393681099477,-0.003088393681099477,6.375,-0.09375,-0.09375,2.0280293947096655,0.028281426718731018,0.028281426718731018,5.28125,-0.15625,-0.15625,0.4375,0.03125,0.03125,3.0,0.2903225806451615,0.2903225806451615,1.0,0.12903225806451613,0.12903225806451613,0.40625,0.0,0.0,3.230769230769231,0.23076923076923084,0.23076923076923084,1.0,0.07692307692307687,0.07692307692307687,0.829133064516129,0.022177419354838634,0.022177419354838634,0.0,0.0,0.0
GaPt32_01,pd,2,0.06229607977912346,0.05984903411675766,0.07557838581048298,1.0199999999999783,0.023749999999999494,0.028749999999999387,0.035456210417115976,0.021377350885382687,0.016605291530835453,0.035714285714284956,0.015714285714285382,0.012857142857142585,-0.03870772108033326,0.4061705394209713,0.1416262058531532,0.23892037379424028,-0.3246814881823942,0.4897616549156034,0.32558501185205146,0.0396069713709325,0.0382275521790133,0.04647471810560936,0.03533928903564618,0.032704948126609366,0.03734616732164192,0.026248914567726503,0.019949468382325926,0.42210227942138545,0.3283885008962197,0.7297234124172371,-0.13787708468027654,-0.3700280426411904,-0.05708889468298366,0.9809754853936525,-0.01268586543530792,-0.007656971602047036,0.06613399094608964,0.05546256209265557,0.05249146289583376,0.07392240445698607,0.06246381253365378,0.059312014846596456,-0.4298570357145136,-0.565216218398632,-0.3684608479157044,-0.09032522617399544,-0.5282512249855535,0.25142731428274856,1.3189805910670551,0.03408911392414282,0.03515704852372514,0.044925537705035434,0.03407168394167689,0.033616410239233736,0.05845376129629577,0.04897463262541117,0.04715715144323359,-0.23808594819532047,-0.6844476958774374,-0.35161347782149,0.49001940554024964,0.5099298911286361,0.8438309886898456,0.634369056120937,-0.00506288856389292,-0.00506288856389292,0.6173770842097998,0.13780312569617736,0.13780312569617736,0.3333333333333333,0.3333333333333333,0.0,1.9375,-0.21875,-0.09375,1.4797013648139472,0.08595091276715228,0.17254056566232423,7.8125,0.40625,1.34375,1.7494238682971437,-0.2320935528532686,-0.25032409969379077,6.875,0.625,1.4375,0.3125,-0.125,-0.09375,2.096774193548387,-0.870967741935484,-0.6129032258064515,0.7983870967741935,-0.2016129032258065,-0.07258064516129037,0.28125,-0.125,-0.125,3.4444444444444446,0.2136752136752138,0.44444444444444464,1.0,0.0,0.07692307692307687,1.45751953125,0.404296875,0.6505638860887096,0.03125,0.0,0.03125,1.84375,-0.25,-0.1875,1.2978735710582958,-0.006198834412227683,-0.00928722809332716,6.75,0.375,0.28125,1.8491497610279373,-0.1788796336817282,-0.1505982069629972,5.90625,0.625,0.46875,0.3125,-0.125,-0.09375,2.161290322580645,-0.838709677419355,-0.5483870967741935,0.7983870967741935,-0.2016129032258065,-0.07258064516129037,0.28125,-0.125,-0.125,3.4444444444444446,0.2136752136752138,0.44444444444444464,1.0,0.0,0.07692307692307687,0.9884072580645161,0.15927419354838712,0.18145161290322576,0.0,0.0,0.0
GaPt32_01,pd,3,0.0735821741144199,0.022994984843539318,0.03030743304751665,0.9762499999999792,-0.04374999999999907,-0.01499999999999968,0.010606601717797986,-0.024849608699317988,-0.008244317168482536,0.008571428571428388,-0.027142857142856566,-0.014285714285713983,0.125,0.16370772108033327,0.3053339269334865,2.786562573198302e-17,-0.23892037379424025,0.2508412811213632,0.28421093230325556,-0.041374079548795906,-0.0031465273697826035,0.01595728784862388,-0.03051743025698548,0.0021875178696238867,0.017493925762387785,-0.019852241559254136,9.722682307179015e-05,-0.08056220336968392,-0.5026644827910693,0.22705892962616772,-0.1010418685441185,0.03683521613615805,-0.02025367854682561,0.9936087680933042,0.012633282699651693,0.004976311097604658,0.012226268377277761,-0.05390772256881188,-0.001416259672978126,0.014668035286591965,-0.0592543691703941,5.764567620235132e-05,-0.33436895013407336,0.09548808558044025,-0.27297276233526413,-0.17095998442522,-0.08063475825122457,0.17079255603152396,1.2752429121054858,-0.043737678961569326,-0.008580630437844183,0.011167032034647152,-0.03375850567038828,-0.0001420954311545479,0.012503988519136795,-0.045949772777158976,0.0012073786660746141,0.0014476144422881977,0.23953356263760867,-0.11207991518388136,-0.23867985732456598,-0.7286992628648157,0.11513172582503006,0.6394319446848299,0.00506288856389292,0.0,0.4795739585136224,-0.13780312569617736,0.0,0.3333333333333333,0.0,0.0,2.21875,0.28125,0.1875,1.3850439611050431,-0.09465740370890408,0.07788316195342015,8.09375,0.28125,1.625,1.8024960292560621,0.053072160958918424,-0.19725193873487235,6.875,0.0,1.4375,0.46875,0.15625,0.0625,2.838709677419355,0.741935483870968,0.12903225806451646,0.9596774193548387,0.16129032258064524,0.08870967741935487,0.4375,0.15625,0.03125,2.9285714285714284,-0.5158730158730163,-0.07142857142857162,1.0,0.0,0.07692307692307687,1.068359375,-0.38916015625,0.26140372983870963,0.03125,0.0,0.03125,2.15625,0.3125,0.125,1.2978735710582958,0.0,-0.00928722809332716,6.0625,-0.6875,-0.40625,1.8480591388386793,-0.0010906221892579282,-0.15168882915225512,4.90625,-1.0,-0.53125,0.46875,0.15625,0.0625,2.870967741935484,0.709677419354839,0.16129032258064546,0.9596774193548387,0.16129032258064524,0.08870967741935487,0.4375,0.15625,0.03125,2.9285714285714284,-0.5158730158730163,-0.07142857142857162,1.0,0.0,0.07692307692307687,0.844758064516129,-0.14364919354838712,0.037802419354838634,0.0,0.0,0.0
GaPt32_01,pd,4,0.012075602229086073,0.03180944443673495,0.027006379189717225,0.9774999999999792,0.0012499999999999734,-0.013749999999999707,0.012817398889232843,0.0022107971714348564,-0.00603351999704768,0.011428571428571186,0.0028571428571427977,-0.011428571428571186,0.037499999999999985,-0.08750000000000002,0.21783392693348644,-0.4818694246524267,-0.48186942465242677,-0.23102814353106355,0.27620415288231737,-0.008006779420938193,-0.011153306790720796,0.009971352709845387,-0.005985935138778493,-0.0037984172691546067,0.015115973409350416,-0.0023779523530373693,-0.002280725529965579,-0.7788917087877474,-0.6983295054180635,-0.47127057579189574,0.5066255431528804,0.6076674116969989,0.5874137331501733,0.9846919844575066,-0.00891678363579762,-0.003940472538192963,0.009351739789331822,-0.0028745285879459397,-0.004290788260924066,0.011664920258938474,-0.0030031150276534913,-0.00294546935145114,-0.2371983676525225,0.09717058248155086,-0.1758021798537133,0.12788261993008268,0.2988426043553027,0.4696351603868266,1.2737317979198455,-0.0015111141856403165,-0.0100917446234845,0.012017885366354394,0.0008508533317072419,0.000708757900552694,0.01488383915881229,0.002379850639675496,0.00358722930575011,-0.29985202248945286,-0.30129963693174105,-0.4133795521156224,-0.7284333151263104,-0.4897534578017444,-0.37462173197671433,0.5887168828181184,-0.050715061866711486,-0.050715061866711486,0.44153766211358875,-0.03803629640003364,-0.03803629640003364,0.0,-0.3333333333333333,-0.3333333333333333,2.09375,-0.125,0.0625,1.5731491941633426,0.18810523305829951,0.26598839501171967,7.625,-0.46875,1.15625,1.791557260975724,-0.01093876828033813,-0.20819070701521047,6.53125,-0.34375,1.09375,0.375,-0.09375,-0.03125,2.096774193548387,-0.741935483870968,-0.6129032258064515,0.7876344086021506,-0.17204301075268813,-0.08333333333333326,0.3125,-0.125,-0.09375,3.0,0.07142857142857162,0.0,1.0,0.0,0.07692307692307687,1.8837890625,0.8154296875,1.0768334173387095,0.03125,0.0,0.03125,1.96875,-0.1875,-0.0625,1.307160799151623,0.00928722809332716,0.0,6.53125,0.46875,0.0625,1.9004986612177137,0.052439522379034376,-0.09924930677322075,5.5625,0.65625,0.125,0.375,-0.09375,-0.03125,2.193548387096774,-0.67741935483871,-0.5161290322580645,0.7876344086021506,-0.17204301075268813,-0.08333333333333326,0.3125,-0.125,-0.09375,3.0,0.07142857142857162,0.0,1.0,0.0,0.07692307692307687,0.9122983870967742,0.06754032258064524,0.10534274193548387,0.0,0.0,0.0
GaPt32_01,pd,5,0.06108000307827545,0.047617465681526985,0.09533288656639635,0.9899999999999789,0.012499999999999734,-0.0012499999999999734,0.109414023650664,0.09659662476143115,0.09056310476438348,0.11142857142856906,0.09999999999999787,0.08857142857142669,-0.3431205189484466,-0.38062051894844656,-0.16278659201496012,-0.1662968115142381,0.31557261313818863,0.08454446960712506,0.3449277574958268,0.06872360461350946,0.05757029782278866,0.12487512297047451,0.11490377026062912,0.11110535299147452,0.09936350777934935,0.08424753436999893,0.08196680884003335,0.21244946697300737,0.9913411757607548,0.5200705999688591,-0.40131265402403155,-0.907938197176912,-0.3205244640267387,0.9611954298711725,-0.02349655458633415,-0.027437027124527114,0.065277861425334,0.05592612163600218,0.05163533337507811,0.0574373201247317,0.04577239986579322,0.04282693051434208,0.2601861472771686,0.4973845149296911,0.32158233507597783,-0.5968419264563101,-0.7247245463863927,-0.2550893859995661,1.3001279196452464,0.026396121725400956,0.016304377101916456,0.04218046112035846,0.030162575754004068,0.030871333654556764,0.048108108108108096,0.0332242689492958,0.03681149825504591,0.15105114656484378,0.4509031690542966,0.03752361693867423,-0.1348593751249349,0.5935739400013755,0.21895220802466114,0.7100901476953401,0.12137326487722166,0.07065820301051018,0.6902569011092751,0.24871923899568632,0.21068294259565268,0.16666666666666666,0.16666666666666666,-0.16666666666666666,1.8125,-0.28125,-0.21875,1.3545026464923717,-0.21864654767097091,0.047341847340748755,8.3125,0.6875,1.84375,1.839310880772751,0.04775361979702697,-0.1604370872181835,7.5,0.96875,2.0625,0.28125,-0.09375,-0.125,1.967741935483871,-0.12903225806451601,-0.7419354838709675,0.9193548387096774,0.13172043010752676,0.048387096774193505,0.25,-0.0625,-0.15625,3.375,0.375,0.375,1.0,0.0,0.07692307692307687,1.2548828125,-0.62890625,0.44792716733870963,0.03125,0.0,0.03125,1.75,-0.21875,-0.28125,1.2443420336765103,-0.06281876547511267,-0.06281876547511267,6.28125,-0.25,-0.1875,1.8877256327433096,-0.012773028474404091,-0.11202233524762484,5.53125,-0.03125,0.09375,0.28125,-0.09375,-0.125,2.0,-0.19354838709677402,-0.7096774193548385,0.9193548387096774,0.13172043010752676,0.048387096774193505,0.25,-0.0625,-0.15625,3.375,0.375,0.375,1.0,0.0,0.07692307692307687,1.0372983870967742,0.125,0.23034274193548387,0.0,0.0,0.0
GaPt32_01,pd,6,0.05429216969576166,0.026980806205954035,0.035763219471320176,0.9774999999999792,-0.012499999999999734,-0.013749999999999707,0.013887301496587975,-0.09552672215407602,-0.004963617389692547,0.011428571428571186,-0.09999999999999787,-0.011428571428571186,0.47721942193769407,0.8203399408861407,0.6575533488711806,-0.5444655064804708,-0.3781686949662326,-0.2936242253591076,0.28381245258178245,-0.06111530491404438,-0.003545007091255714,0.015062296941252086,-0.10981282602922243,0.0012925269622520927,0.013814382896015545,-0.08554912488333381,-0.0035823160433004504,0.1784892008375191,-0.033960266135488276,0.48611033383337077,-0.5518944886369205,-0.15058183461288893,-0.4711062986396276,0.997448166043987,0.03625273617281455,0.008815709048287435,0.0196031108868386,-0.0456747505384954,0.005960582836582712,0.017704357147866494,-0.0397329629768652,0.0030939675374768803,0.4229242155502124,0.16273806827304382,0.48432040334902166,-0.606198835772887,-0.009356909316576956,-0.26444629531614305,1.273658046512888,-0.02646987313235849,-0.010165496030442034,0.019232359122653114,-0.022948101997705347,0.007923231656851415,0.016793002915451875,-0.03131510519265622,0.0054963930623896946,0.4463723537757217,0.29532120721087796,0.3328448241495522,-0.2831981193316293,-0.1483387442066944,0.07061346381796674,0.6394319446848299,-0.07065820301051018,0.0,0.4795739585136224,-0.21068294259565268,0.0,0.6666666666666666,0.5,0.3333333333333333,2.0,0.1875,-0.03125,1.481063262354709,0.12656061586233736,0.1739024632030861,8.46875,0.15625,2.0,1.9835513117768375,0.14424043100408657,-0.01619665621409694,7.46875,-0.03125,2.03125,0.34375,0.0625,-0.0625,1.967741935483871,0.0,-0.7419354838709675,0.8118279569892474,-0.10752688172043001,-0.05913978494623651,0.28125,0.03125,-0.125,3.111111111111111,-0.26388888888888884,0.11111111111111116,1.0,0.0,0.07692307692307687,1.3359375,0.0810546875,0.5289818548387096,0.03125,0.0,0.03125,1.90625,0.15625,-0.125,1.3040724054705235,0.05973037179401319,-0.003088393681099477,6.40625,0.125,-0.0625,2.0613083067517755,0.17358267400846583,0.061560338760840994,5.5,-0.03125,0.0625,0.34375,0.0625,-0.0625,2.032258064516129,0.032258064516129004,-0.6774193548387095,0.8118279569892474,-0.10752688172043001,-0.05913978494623651,0.28125,0.03125,-0.125,3.111111111111111,-0.26388888888888884,0.11111111111111116,1.0,0.0,0.07692307692307687,0.8629032258064516,-0.17439516129032262,0.055947580645161255,0.0,0.0,0.0
GaPt32_01,pd,7,0.021362077633342854,0.037999863568082916,0.028904518310164818,0.9812499999999791,0.00374999999999992,-0.009999999999999787,0.013562026818605086,-0.000325274677982889,-0.005288892067675436,0.011428571428571186,0.0,-0.011428571428571186,0.09128709291752767,-0.3859323290201664,0.2716210198510141,0.1084652289093281,0.6529307353897988,0.35930651003069125,0.27519007423570047,-0.008622378346081983,-0.012167385437337697,0.01562853694409324,0.0005662400028411535,0.0018587669650932462,0.019172546331005902,0.005358163434990357,0.0017758473916899067,-0.4371927867399202,-0.6156819875774393,-0.12957165374406854,0.11926975406092419,0.6711642426978447,0.20005794405821709,0.9860301830730096,-0.011417982970977403,-0.0026022739226899683,0.01200379177470771,-0.00759931911213089,-0.001638736275548178,0.00866154362122516,-0.009042813526641333,-0.005948845989164453,0.14871902667907477,-0.27420518887113765,0.21011521447788398,-0.3345459457712303,0.2716528900016567,0.0072065946855136565,1.2636980981918937,-0.009959948320994227,-0.02012544435143626,0.01344101357539205,-0.005791345547261064,0.00213188610959035,0.01824708935382126,0.0014540864383693862,0.006950479500759081,-0.18472801137884873,-0.6311003651545705,-0.2982555410050183,0.23743406606142642,0.5206321853930558,0.5912456492110225,0.7009926194723736,0.06156067478754368,0.06156067478754368,0.5544412094184828,0.07486725090486046,0.07486725090486046,0.3333333333333333,-0.3333333333333333,0.0,2.09375,0.09375,0.0625,1.3995246888993098,-0.08153857345539928,0.09236388974768683,8.875,0.40625,2.40625,1.930234817739257,-0.05331649403758054,-0.06951315025167748,7.78125,0.3125,2.34375,0.40625,0.0625,0.0,2.129032258064516,0.16129032258064502,-0.5806451612903225,0.9193548387096774,0.10752688172043001,0.048387096774193505,0.28125,0.0,-0.125,3.3333333333333335,0.22222222222222232,0.3333333333333335,1.0,0.0,0.07692307692307687,1.083984375,-0.251953125,0.27702872983870963,0.03125,0.0,0.03125,2.03125,0.125,0.0,1.307160799151623,0.003088393681099477,0.0,5.84375,-0.5625,-0.625,1.969269964618459,-0.09203834213331641,-0.030478003372475415,4.8125,-0.6875,-0.625,0.40625,0.0625,0.0,2.161290322580645,0.12903225806451601,-0.5483870967741935,0.9193548387096774,0.10752688172043001,0.048387096774193505,0.28125,0.0,-0.125,3.3333333333333335,0.22222222222222232,0.3333333333333335,1.0,0.0,0.07692307692307687,0.8608870967741935,-0.0020161290322581182,0.053931451612903136,0.0,0.0,0.0
GaPt33_01,pd,1,0.033416341734844895,0.033416341734844895,0.04492398319697981,1.2512499999999733,0.08249999999999824,0.08249999999999824,0.02948970764763225,-0.08754966301760031,-0.08754966301760031,0.028571428571427963,-0.08999999999999808,-0.08999999999999808,0.3097353406217942,0.6864570656077107,0.6864570656077107,0.003929796422758807,0.22151039717305535,0.22151039717305535,0.48921697973065037,0.014438364419776861,0.014438364419776861,0.04152757899046005,-0.026913975518911414,-0.026913975518911414,0.03695000405153554,-0.05597245653687325,-0.05597245653687325,0.3671388541458318,0.605121010952618,0.605121010952618,-0.3901412628085722,-0.353579743146353,-0.353579743146353,1.0308514417491152,-0.03289256696699017,-0.03289256696699017,0.03015202912514588,-0.08863380055828457,-0.08863380055828457,0.039021787130133156,-0.07215213721851846,-0.07215213721851846,-0.452103442090642,-0.42225652946164516,-0.42225652946164516,0.27059571929510184,0.35684317016495415,0.35684317016495415,1.4804779891066073,-0.07236263802738696,-0.07236263802738696,0.03538671237694226,-0.1436567679719625,-0.1436567679719625,0.023784134186856796,-0.18142925087145031,-0.18142925087145031,0.47499514518654384,0.8637285675390054,0.8637285675390054,-0.28066526927111934,-0.24936321938604014,-0.24936321938604014,0.7849071191941293,-0.0839144997217558,-0.0839144997217558,0.5886803393955969,-0.10356227614433888,-0.10356227614433888,0.16666666666666666,0.0,0.0,1.90625,0.0625,0.0625,1.4223872482101938,-0.08264463442284042,-0.08264463442284042,7.96875,1.1875,1.1875,2.055431435756682,-0.003919777454614692,-0.003919777454614692,7.0625,1.125,1.125,0.3125,0.0,0.0,2.3225806451612905,0.12903225806451646,0.12903225806451646,0.8064516129032258,0.020737327188940058,0.020737327188940058,0.34375,0.0625,0.0625,3.0,-0.11111111111111116,-0.11111111111111116,0.9090909090909091,0.02020202020202022,0.02020202020202022,1.11962890625,0.09795551915322576,0.09795551915322576,0.03125,0.03125,0.03125,1.84375,0.0,0.0,1.322494588073566,-0.18253729455946832,-0.18253729455946832,6.9375,0.15625,0.15625,2.1089287909176284,0.049577577706331866,0.049577577706331866,6.09375,0.15625,0.15625,0.3125,0.0,0.0,2.3548387096774195,0.16129032258064546,0.16129032258064546,0.8064516129032258,0.020737327188940058,0.020737327188940058,0.34375,0.0625,0.0625,3.0,-0.11111111111111116,-0.11111111111111116,0.9090909090909091,0.02020202020202022,0.02020202020202022,0.8976814516129032,-0.123991935483871,-0.123991935483871,0.0,0.0,0.0
GaPt33_01,pd,2,0.032939670234649984,0.04780698376560957,0.03827794201637122,1.269999999999973,0.0187499999999996,0.10124999999999784,0.03664501525251539,0.007155307604883136,-0.08039435541271718,0.04285714285714194,0.014285714285713978,-0.0757142857142841,-0.11913076738605888,-0.4288661080078531,0.2575909575998576,-0.29343073104608597,-0.2973605274688448,-0.07585013029578944,0.5097927798557527,0.020575800125102295,0.035014164544879156,0.024189312479253704,-0.017338266511206346,-0.04425224203011776,0.03186662908626397,-0.005083374965271573,-0.061055831502144824,-0.513643387512846,-0.8807822416586778,-0.27566123070605975,-0.5340998065346118,-0.14395854372603956,-0.49753828687239254,1.0197113052782443,-0.011140136470870976,-0.04403270343786114,0.021812486193362082,-0.008339542931783798,-0.09697334349006836,0.025147317597950986,-0.01387446953218217,-0.08602660675070063,-0.2000770600188016,0.2520263820718404,-0.17023014738980471,-0.4596509294302836,-0.7302466487253854,-0.37340347856043127,1.477001067946036,-0.003476921160571411,-0.07583955918795837,0.041702411778544134,0.006315699401601871,-0.13734106857036063,0.0311404522258896,0.007356318039032805,-0.1740729328324175,0.13888879762041387,-0.33610634756613,0.5276222199728754,-0.2868710512212623,-0.00620578195014293,-0.2555690013361831,0.7690009104757034,-0.01590620871842585,-0.09982070844018165,0.5767506828567776,-0.011929656538819389,-0.11549193268315827,0.3333333333333333,0.16666666666666666,0.16666666666666666,1.78125,-0.125,-0.0625,1.2885194053891917,-0.13386784282100206,-0.21651247724384248,7.5625,-0.40625,0.78125,2.198789989825049,0.14335855406836728,0.1394387766137526,6.78125,-0.28125,0.84375,0.3125,0.0,0.0,2.3548387096774195,0.032258064516129004,0.16129032258064546,0.7849462365591399,-0.02150537634408589,-0.0007680491551458335,0.28125,-0.0625,0.0,3.7777777777777777,0.7777777777777777,0.6666666666666665,1.0,0.09090909090909094,0.11111111111111116,1.4501953125,0.33056640625,0.42852192540322576,0.03125,0.0,0.03125,1.6875,-0.15625,-0.15625,1.0606601717798212,-0.2618344162937447,-0.44437171085321303,6.5,-0.4375,-0.28125,2.2718473369882592,0.16291854607063083,0.2124961237769627,5.8125,-0.28125,-0.125,0.3125,0.0,0.0,2.4193548387096775,0.06451612903225801,0.22580645161290347,0.7849462365591399,-0.02150537634408589,-0.0007680491551458335,0.28125,-0.0625,0.0,3.7777777777777777,0.7777777777777777,0.6666666666666665,1.0,0.09090909090909094,0.11111111111111116,0.9808467741935484,0.08316532258064513,-0.04082661290322587,0.0,0.0,0.0
GaPt33_01,pd,3,0.04666978613545572,0.04568153876591349,0.028515688046205044,1.2274999999999738,-0.042499999999999094,0.05874999999999875,0.023145502494313294,-0.013499512758202093,-0.09389386817091927,0.02142857142857097,-0.02142857142857097,-0.09714285714285506,-0.11036385359428227,0.008766913791776604,0.26635787139163425,0.4467914966843415,0.7402222277304275,0.664372097434638,0.47063830832478204,-0.039154471530970625,-0.004140306986091469,0.02560164231131339,0.0014123298320596854,-0.04283991219805808,0.04074916194565268,0.008882532859388712,-0.05217329864275611,-0.8783297756352774,-0.36468638812243137,-0.6403476188284911,0.7998035595681656,1.3339033661027773,0.8363650792303848,1.0102331272001634,-0.009478178078080823,-0.053510881515941966,0.02081495338704682,-0.0009975328063152634,-0.09797087629638362,0.02191119614956965,-0.003236121448381337,-0.08926272819908196,0.009492574438796912,0.20956963445759852,0.0393394870677938,-0.009156947929552392,0.45049398150073117,0.07709050294029993,1.4421236209382786,-0.0348774470077573,-0.11071700619571567,0.018478948954252856,-0.023223462824291278,-0.1605645313946519,0.019960413991085613,-0.011180038234803989,-0.1852529710672215,-0.08842453900584471,-0.22731333662625858,0.3003088833466169,-0.4357673078911381,-0.14889625666987583,-0.4044652580060589,0.7086048612313038,-0.06039604924439956,-0.1602167576845812,0.5314536459234779,-0.04529703693329967,-0.16078896961645794,0.3333333333333333,0.0,0.16666666666666666,1.90625,0.125,0.0625,1.2790968335811872,-0.009422571808004543,-0.22593504905184703,8.3125,0.75,1.53125,2.101266898955285,-0.09752309086976396,0.04191568574398863,7.40625,0.625,1.46875,0.375,0.0625,0.0625,2.5161290322580645,0.16129032258064502,0.3225806451612905,0.8736559139784947,0.08870967741935487,0.08794162826420904,0.3125,0.03125,0.03125,3.6,-0.1777777777777776,0.48888888888888893,1.0,0.0,0.11111111111111116,1.14013671875,-0.31005859375,0.11846333165322576,0.03125,0.0,0.03125,1.84375,0.15625,0.0,1.1670026397957816,0.10634246801596037,-0.33802924283725266,6.28125,-0.21875,-0.5,2.143773805473016,-0.12807353151524303,0.08442259226171966,5.4375,-0.375,-0.5,0.375,0.0625,0.0625,2.5483870967741935,0.12903225806451601,0.3548387096774195,0.8736559139784947,0.08870967741935487,0.08794162826420904,0.3125,0.03125,0.03125,3.6,-0.1777777777777776,0.48888888888888893,1.0,0.0,0.11111111111111116,0.9188508064516129,-0.0619959677419355,-0.10282258064516137,0.0,0.0,0.0
GaPt33_01,pd,4,0.025588267297367195,0.045530123781206376,0.037362921751192525,1.263749999999973,0.03624999999999923,0.09499999999999797,0.05998511720180375,0.03683961470749046,-0.057054253463428815,0.05999999999999872,0.03857142857142775,-0.05857142857142732,0.17727232218248498,0.28763617577676726,0.5539940471684015,0.1327004461243909,-0.31409105055995057,0.3502810468746874,0.4964092430828849,0.02577093475810288,0.021630627772011413,0.030297709070174855,0.0046960667588614655,-0.038143845439196605,0.032434125027230164,-0.008315036918422516,-0.06048833556117863,0.13113569135027187,1.0094654669855492,0.36911784815705806,-0.5290426347192152,-1.3288461942873808,-0.492481115056996,1.0217312165999823,0.01149808939981889,-0.04201279211612308,0.04737866883783476,0.02656371545078794,-0.07140716084559569,0.03274724191797364,0.010836045768403989,-0.07842668243067798,0.56021675971783,0.5507241852790331,0.5900636723468269,0.2541823051559088,0.2633392530854612,0.3404297560257611,1.4430278987774132,0.000904277839134604,-0.10981272835658107,0.037188056714847824,0.018709107760594968,-0.14185542363405695,0.04732785082129239,0.02736743683020678,-0.1578855342370147,-0.5069549979186028,-0.4185304589127581,-0.11822157556614121,0.07392265213435768,0.5096899600254958,0.10522470201943687,0.7849071191941293,0.07630225796282541,-0.0839144997217558,0.5886803393955969,0.05722669347211906,-0.10356227614433888,0.6666666666666666,0.3333333333333333,0.5,1.84375,-0.0625,0.0,1.4167061980569235,0.13760936447573635,-0.08832568457611067,7.25,-1.0625,0.46875,2.079081683138325,-0.022185215816960202,0.019730469927028427,6.40625,-1.0,0.46875,0.34375,-0.03125,0.03125,2.2580645161290325,-0.25806451612903203,0.06451612903225845,0.8321812596006144,-0.04147465437788034,0.0464669738863287,0.25,-0.0625,-0.03125,3.625,0.02499999999999991,0.5138888888888888,0.875,-0.125,-0.01388888888888884,1.95654296875,0.81640625,0.9348695816532258,0.03125,0.0,0.03125,1.6875,-0.15625,-0.15625,1.0606601717798212,-0.10634246801596037,-0.44437171085321303,6.125,-0.15625,-0.65625,2.2106778992412144,0.06690409376819817,0.15132668602991783,5.4375,0.0,-0.5,0.34375,-0.03125,0.03125,2.193548387096774,-0.3548387096774195,0.0,0.8306451612903226,-0.043010752688172116,0.04493087557603692,0.25,-0.0625,-0.03125,3.625,0.02499999999999991,0.5138888888888888,0.875,-0.125,-0.01388888888888884,0.9873991935483871,0.06854838709677424,-0.03427419354838712,0.0,0.0,0.0
GaPt33_01,pd,5,0.04505716934971142,0.04664709771979786,0.07019890434421977,1.2449999999999735,-0.0187499999999996,0.07624999999999837,0.040708019567927724,-0.019277097633876028,-0.07633135109730485,0.032857142857142155,-0.027142857142856566,-0.08571428571428388,0.4256410256410256,0.24836870345854065,0.8023627506269422,-0.1399834129482902,-0.2726838590726811,0.07759718780200633,0.5602221548494892,0.06381291176660431,0.08544353953861572,0.16623367895521132,0.13593596988503648,0.09779212444583986,0.10788742208824674,0.07545329706101658,0.014964961499837948,-0.49200745617087055,-0.6231431475211424,-0.25402529936408436,-0.116972313839502,0.4120703208797132,-0.08041079417728281,1.0336975840137979,0.011966367413815515,-0.03004642470230756,0.03122022639908639,-0.01615844243874837,-0.08756560328434405,0.04296971306915519,0.01022247115118155,-0.06820421127949643,-0.2782061294374973,-0.8384228891553274,-0.2483592168085004,-0.32137398912760584,-0.5755562942835146,-0.23512653825775354,1.5170551311073384,0.07402723232992514,-0.03578549602665593,0.131286860227317,0.09409880351246919,-0.04775662012158777,0.11899338977243411,0.07166553895114172,-0.086219995285873,0.023035758193815113,0.5299907561124179,0.41176918054627665,-0.08113872970474444,-0.15506138183910212,-0.04983667981966524,0.8495602029726513,0.06465308377852208,-0.019261415943233717,0.6371701522294885,0.04848981283389153,-0.05507246331044735,0.16666666666666666,-0.5,0.0,1.71875,-0.125,-0.125,1.2243332616097102,-0.19237293644721332,-0.280698621023324,8.59375,1.34375,1.8125,2.212273316253318,0.13319163311499294,0.15292210304202136,7.875,1.46875,1.9375,0.28125,-0.0625,-0.03125,2.5161290322580645,0.25806451612903203,0.3225806451612905,0.8494623655913979,0.017281105990783474,0.06374807987711217,0.3125,0.0625,0.03125,3.6,-0.02499999999999991,0.48888888888888893,1.0,0.125,0.11111111111111116,1.1923828125,-0.76416015625,0.17070942540322576,0.03125,0.0,0.03125,1.625,-0.0625,-0.21875,1.0701220913160239,0.009461919536202679,-0.43490979131701035,6.53125,0.40625,-0.25,2.3138346192330363,0.10315671999182197,0.2544834060217398,5.90625,0.46875,-0.03125,0.28125,-0.0625,-0.03125,2.5806451612903225,0.3870967741935485,0.3870967741935485,0.8494623655913979,0.018817204301075252,0.06374807987711217,0.3125,0.0625,0.03125,3.6,-0.02499999999999991,0.48888888888888893,1.0,0.125,0.11111111111111116,0.9727822580645161,-0.014616935483870996,-0.04889112903225812,0.0,0.0,0.0
GaPt33_01,pd,6,0.05565596978069101,0.04664776222846549,0.03768404779192048,1.2349999999999737,-0.009999999999999787,0.06624999999999859,0.0746420027292163,0.033933983161288574,-0.04239736793601627,0.05571428571428453,0.022857142857142375,-0.0628571428571415,-0.20023355131773937,-0.625874576958765,0.17648817366817712,0.21460567109591547,0.35458908404420564,0.432186271846212,0.5074130831150578,-0.05280907173443139,0.03263446780418433,0.04662096629486741,-0.11961271266034391,-0.021820588214504055,0.053680741330451774,-0.054206680757794966,-0.03924171925795702,-0.31688498402027976,0.1751224721505908,-0.07890282721349354,0.22131482652608458,0.3382871403655866,0.2578763461883038,1.0140607727672672,-0.019636811246530606,-0.04968323594883817,0.021219729113529394,-0.010000497285556995,-0.09756610056990106,0.02635351447233804,-0.016616198596817146,-0.08482040987631358,-0.05923770181173537,0.2189684276257619,-0.029390789182738485,-0.46373233223399163,-0.1423583431063858,-0.3774848813641393,1.4609125854827605,-0.05614254562457788,-0.0919280416512338,0.04478993156560109,-0.0864969286617159,-0.13425354878330367,0.03564638408318145,-0.08334700568925266,-0.16956700097512567,0.37764632378662893,0.35461056559281384,0.7663797461390904,-0.38464332078443514,-0.3035045910796907,-0.35334127089935596,0.8197159723424151,-0.029844230630236224,-0.04910564657346994,0.6147869792568113,-0.022383172972677223,-0.07745563628312457,0.3333333333333333,0.16666666666666666,0.16666666666666666,1.8125,0.09375,-0.03125,1.4241579289010096,0.19982466729129933,-0.08087395373202466,8.46875,-0.125,1.6875,1.9835513117768375,-0.2287220044764804,-0.07579990143445903,7.65625,-0.21875,1.71875,0.3125,0.03125,0.0,2.064516129032258,-0.4516129032258065,-0.12903225806451601,0.8260368663594472,-0.023425499231950697,0.04032258064516148,0.25,-0.0625,-0.03125,3.5,-0.10000000000000009,0.38888888888888884,0.75,-0.25,-0.13888888888888884,1.4443359375,0.251953125,0.42266255040322576,0.03125,0.0,0.03125,1.65625,0.03125,-0.1875,1.0658746219314068,-0.004247469384617064,-0.4391572607016274,6.34375,-0.1875,-0.4375,2.1343485067783794,-0.17948611245465695,0.07499729356708285,5.6875,-0.21875,-0.25,0.3125,0.03125,0.0,2.129032258064516,-0.4516129032258065,-0.06451612903225801,0.8306451612903227,-0.01881720430107514,0.04493087557603703,0.25,-0.0625,-0.03125,3.5,-0.10000000000000009,0.38888888888888884,0.75,-0.25,-0.13888888888888884,0.9747983870967742,0.0020161290322581182,-0.046875,0.0,0.0,0.0
GaPt33_01,pd,7,0.018057715321339877,0.047475274454886814,0.04854409896324309,1.2087499999999742,-0.02624999999999944,0.03999999999999915,0.06379375249303558,-0.010848250236180718,-0.05324561817219699,0.08857142857142668,0.03285714285714215,-0.02999999999999936,-0.4262442612700628,-0.22601070995232345,-0.049522536284146323,0.12495693862190647,-0.089648732474009,0.342537539372203,0.493313567355105,-0.01409951575995283,0.0185349520442315,0.03353466289657326,-0.013086303398294148,-0.0349068916127982,0.05539530201320259,0.001714560682750818,-0.0375271585752062,-0.5252400556166272,-0.20835507159634747,-0.287257898809841,0.1936476501531651,-0.02766717637291949,0.2302091698153843,1.030545596460696,0.01648482369342874,-0.033198412255409426,0.03390623599448226,0.012686506880952866,-0.08487959368894818,0.019463615049353584,-0.006889899422984458,-0.09171030929929803,0.8210381578052542,0.8802758596169896,0.8508850704342511,0.19945971843677807,0.6631920506707697,0.28570716930663037,1.4485614599335481,-0.01235112554921236,-0.10427916720044617,0.07560499919289995,0.03081506762729886,-0.10343848115600482,0.08180300537971642,0.04615662129653497,-0.12341037967859068,0.02811447425566614,-0.3495318495309628,0.4168478966081277,0.3355051588301028,0.7201484796145379,0.36680720871518196,0.8197159723424151,0.0,-0.04910564657346994,0.6554133806098333,0.04062640135302209,-0.036829234930102484,0.8333333333333334,0.5,0.6666666666666667,1.8125,0.0,-0.03125,1.3060035073805594,-0.11815442152045019,-0.19902837525247485,9.5,1.03125,2.71875,1.967477507351859,-0.016073804424978633,-0.09187370585943766,8.6875,1.03125,2.75,0.3125,0.0,0.0,2.193548387096774,0.12903225806451601,0.0,0.8473118279569893,0.021274961597542164,0.06159754224270364,0.3125,0.0625,0.03125,3.0,-0.5,-0.11111111111111116,1.0,0.25,0.11111111111111116,1.19091796875,-0.25341796875,0.16924458165322576,0.03125,0.0,0.03125,1.71875,0.0625,-0.125,1.1704527659924406,0.10457814406103383,-0.3345791166405936,6.4375,0.09375,-0.34375,2.0781117359508787,-0.05623677082750067,0.018760522739582175,5.71875,0.03125,-0.21875,0.3125,0.0,0.0,2.193548387096774,0.06451612903225801,0.0,0.8494623655913979,0.01881720430107514,0.06374807987711217,0.3125,0.0625,0.03125,3.0,-0.5,-0.11111111111111116,1.0,0.25,0.11111111111111116,0.9712701612903226,-0.0035282258064516236,-0.050403225806451624,0.0,0.0,0.0
