row_id,subject,session,speed_mean,speedhat_baseline,speedhat_tma_d4,speedhat_tma_d5,speedhat_tma_d6
M01_20240318:0,M01,M01_20240318,9.906081603647591,3.7024402383151966,2.92771332944778,3.0325678918334944,3.018496247465789
M01_20240318:1,M01,M01_20240318,10.917908859289149,-1.9313417576121443,-1.3866228696287894,-1.3683251137329782,-1.3860439923283367
M01_20240318:2,M01,M01_20240318,9.826889645431109,2.5396116332423553,1.4743318425504768,1.767918882186807,1.8381379149360058
M01_20240318:3,M01,M01_20240318,10.802712159060015,-1.1289452783276248,-0.5051117597722783,-0.4499262957588197,-0.41924218409805647
M01_20240318:4,M01,M01_20240318,1.0845853527123421,-0.612611731497311,-0.18406638523480634,0.09059551873122373,0.1206428566764366
M01_20240318:5,M01,M01_20240318,11.156988672145145,-0.81820728866973,1.295461970410111,0.8639567649594309,0.6462095248311295
M01_20240318:6,M01,M01_20240318,6.018929012104974,1.0946572060597255,1.6943671019184148,1.761344114116799,1.6707775126426156
M01_20240318:7,M01,M01_20240318,6.340285610966276,-3.385511184803355,-2.533938846323551,-2.636444702716938,-2.7446163234463965
M01_20240318:8,M01,M01_20240318,11.412372282096781,0.7968346023856339,2.261314807993406,2.181611723522665,2.0968446721988023
M01_20240318:9,M01,M01_20240318,5.225702919333099,0.9315068056717264,0.043327494244667974,0.18894785988359075,0.18492962935633273
M01_20240318:10,M01,M01_20240318,7.042109934326929,-1.692627058741608,-1.653105245946353,-1.4289974328552058,-1.4632894262579939
M01_20240318:11,M01,M01_20240318,11.296534723752515,-0.7984402592216115,-0.7086977165217663,-0.4805114499090024,-0.4634332349539445
M01_20240318:12,M01,M01_20240318,11.3708534883998,-0.8754252606818769,-1.0656529199533775,-0.9343459534320804,-1.0103317049332343
M01_20240318:13,M01,M01_20240318,0.5736811376202093,-5.895927191275047,-5.024606275157261,-5.147052573303476,-5.268665584223134
M01_20240318:14,M01,M01_20240318,9.757526011073072,0.8962577879030231,0.3957221197043239,0.5445261030196198,0.49232533476121354
M01_20240318:15,M01,M01_20240318,2.5118998029314756,2.308056542013316,1.8424495682352227,1.9817477916810802,1.9473371875539645
M01_20240318:16,M01,M01_20240318,11.103420656255757,-1.1810093945823148,0.21858847671071846,0.0955672562161034,-0.12864549287697447
M01_20240318:17,M01,M01_20240318,5.288323141920915,-0.07173607650122893,0.16230620210058344,0.23806345913438154,0.3331276221206094
M01_20240318:18,M01,M01_20240318,6.463348030260981,0.40914744755761756,1.3766046166928625,1.332724850449332,1.17496751240067
M01_20240318:19,M01,M01_20240318,11.259496093261095,-2.8808060197625887,-2.257410821230744,-2.180058104299876,-2.357499762168324
M01_20240318:20,M01,M01_20240318,11.402153424240456,1.0111122309154985,2.965812504602777,2.7890019338961096,2.583905409971896
M01_20240318:21,M01,M01_20240318,11.48853575303493,-3.222676599780119,-2.0052493319036397,-2.181362434166693,-2.360197604851251
M01_20240318:22,M01,M01_20240318,10.957651511200954,2.2052590899488553,2.5177235603397303,2.64505078345735,2.663877932069349
M01_20240318:23,M01,M01_20240318,3.41121495317383,3.11900941228032,2.7044983824011215,3.0451595907484146,3.1152749818389633
M01_20240318:24,M01,M01_20240318,13.088587595506738,-0.7121944915031202,0.2530589540839028,0.1885470506886131,0.11516595241142813
M01_20240318:25,M01,M01_20240318,17.312481322437073,-0.9308786973407317,-0.5671266682835503,-0.6323043339326473,-0.687571329159125
M01_20240318:26,M01,M01_20240318,10.138488194158212,-2.9754906511466697,-1.22585037354727,-1.3858295569255876,-1.5140178268263282
M01_20240318:27,M01,M01_20240318,12.135856478587318,-2.1932168305962305,-0.9803489965059917,-1.1791686810316238,-1.275391541226485
M01_20240318:28,M01,M01_20240318,10.738830757918134,-0.4160135945508143,1.0390869657279813,0.9102025147884287,0.7142034804620563
M01_20240318:29,M01,M01_20240318,10.983458069390155,-2.3941263408484144,-1.6490795791724295,-1.567793706299387,-1.655294656555661
M01_20240318:30,M01,M01_20240318,10.797478757650333,-2.8453268540030745,-2.3385605459055565,-2.1781979796352164,-2.2503385207122877
M01_20240318:31,M01,M01_20240318,11.121850613284021,0.004902647829106321,0.5126313794052253,0.6024011593604097,0.6784790277863486
M01_20240318:32,M01,M01_20240318,10.453360377773258,1.1079131923127967,0.79524960034942,0.7981344050995176,0.7957883332481384
M01_20240318:33,M01,M01_20240318,6.075147072405994,1.0220647287643807,-0.885792999053896,-0.604477260859559,-0.4869374663474666
M01_20240318:34,M01,M01_20240318,5.6756417514419155,-4.048064551521766,-2.9113430270551195,-2.940046072164658,-3.106719331755613
M01_20240318:35,M01,M01_20240318,10.580312021612905,-0.22076211283823088,-1.2880530431580048,-1.256709523555143,-1.2350851451716842
M01_20240318:36,M01,M01_20240318,0.9423376819266008,1.5373440782672931,0.5676214315795427,0.8188254526910939,0.8378735410086211
M01_20240318:37,M01,M01_20240318,10.895838400786218,-2.066560570326823,-2.2466587109828673,-2.179320545156891,-2.296232522033966
M01_20240318:38,M01,M01_20240318,1.1110597448837156,-1.4589697256894754,-0.957820555009695,-0.8625081851657912,-0.941250520646296
M01_20240318:39,M01,M01_20240318,0.6649477732189175,1.222597340263465,1.0654469568032,1.0539939777953222,1.0041822722339777
M01_20240318:40,M01,M01_20240318,0.48173550396615034,3.292560182355614,1.97100321463253,2.0596881519684107,2.083490016147728
M01_20240318:41,M01,M01_20240318,10.854878652195469,0.8158700247879249,2.118176115939934,2.134921046100194,2.062120209353666
M01_20240318:42,M01,M01_20240318,1.3000271262901588,2.543462899350402,2.4532734696914673,2.6390900532532573,2.659520858045253
M01_20240318:43,M01,M01_20240318,11.205848871885046,-3.5573483917145117,-2.409336410785909,-2.477113501165806,-2.6355493187206296
M01_20240318:44,M01,M01_20240318,10.218640810975153,1.6287497361398584,3.0493424143900896,2.9810113367163087,2.808902654286184
M01_20240318:45,M01,M01_20240318,11.162739290880706,-1.2470859717422185,-0.7555218947878046,-0.6446971196734692,-0.672669743655276
M01_20240318:46,M01,M01_20240318,10.250872529481526,1.56974983084987,2.879540297221741,2.5499220084762175,2.4005446743561176
M01_20240318:47,M01,M01_20240318,8.861469329857213,3.419490228939222,3.937778620493658,3.9120873932532465,3.9163287997071468
M01_20240318:48,M01,M01_20240318,4.237531384727125,-0.9360755266241272,-0.8417719532440318,-0.5470379333156794,-0.6201785474263017
M01_20240318:49,M01,M01_20240318,9.97927633763488,1.0133760684744706,3.007018160060232,2.8176197494287347,2.6883486712449294
M01_20240318:50,M01,M01_20240318,10.279112160544702,-0.3472474736618043,-0.16764086119880517,-0.12819177537702053,-0.19126092339777312
M01_20240318:51,M01,M01_20240318,1.6247491866953527,-0.8782278533884016,-0.33525438478037994,-0.31627763862385994,-0.24065140427744858
M01_20240318:52,M01,M01_20240318,11.736917808418701,0.738228842709006,1.0711649009246837,1.1752213165563496,1.2065511327352283
M01_20240318:53,M01,M01_20240318,10.988840783617405,-0.7322962130944664,-0.06300421924720823,0.041622007573483444,-0.005508419611166104
M01_20240318:54,M01,M01_20240318,19.008877142120625,-0.31090094629974985,0.7234443602877789,0.7057151055925814,0.5066689313601405
M01_20240318:55,M01,M01_20240318,9.59195812750946,4.226084544018416,4.21403051655688,4.454428826825039,4.465138229361891
M01_20240318:56,M01,M01_20240318,10.712287162925966,0.6677605133112907,0.329863981328705,0.5947934560200245,0.6062258364885773
M01_20240318:57,M01,M01_20240318,1.0532323718691474,-1.5117745239168814,0.1865397910958455,0.18642694650741554,0.05453216622304069
M01_20240318:58,M01,M01_20240318,0.839473783526261,-4.080819069314562,-3.6048274293691396,-3.537501681395641,-3.547253950941661
M01_20240318:59,M01,M01_20240318,1.2219691181271572,-3.2938897622683685,-3.097425228524722,-3.008517025147503,-3.1527205546672628
M01_20240318:60,M01,M01_20240318,1.6991789898959855,1.126049143175523,0.9487045737132984,1.0331120406531618,1.0019855966269073
M01_20240318:61,M01,M01_20240318,12.374000307404453,1.4203338939637167,2.1033199825888858,2.1744205852714718,2.0441861621939488
M01_20240318:62,M01,M01_20240318,9.086386412424705,-0.7354946158374638,-1.1898950504967685,-1.106834156727766,-1.1524002054089681
M01_20240318:63,M01,M01_20240318,6.515624931448857,1.2025785401507032,1.015046738527655,1.2811679396736384,1.3236585104347771
M01_20240318:64,M01,M01_20240318,5.429259497844262,2.540402179378561,1.654797317777879,1.808562409684555,1.8843366577770944
M01_20240318:65,M01,M01_20240318,11.098199484278334,0.7735642421428279,1.1713332820345288,1.325930379690857,1.3270593212097195
M01_20240318:66,M01,M01_20240318,11.124397032329524,3.2536192756463524,3.897041185032366,3.8163969559725412,3.7368917847608145
M01_20240318:67,M01,M01_20240318,9.356705718948572,-1.1752070090858755,-0.9468964607676131,-0.8095304976260582,-0.8534425340641203
M01_20240318:68,M01,M01_20240318,12.616795918789025,-1.9883871952251662,-0.3593135342806093,-0.43010253104747687,-0.5225801273384905
M01_20240318:69,M01,M01_20240318,3.7381369532051476,-0.6065965834532046,-0.05520628847508391,-0.08429937395393594,-0.14767530519290162
M01_20240318:70,M01,M01_20240318,8.6190353018585,-2.2185327035393207,-0.9280818542834979,-1.0076539630608323,-1.1492251215760039
M01_20240318:71,M01,M01_20240318,10.199815902217392,3.3993300357911855,2.784320043926055,2.922694017496724,2.9069528662542847
M01_20240318:72,M01,M01_20240318,10.86169389404934,-0.6647905240895389,-1.4209168774237337,-1.2738157762790507,-1.3033435902030401
M01_20240318:73,M01,M01_20240318,13.711044828778345,3.7776537447649425,2.480889880451006,2.888949500782994,3.0563457101826224
M01_20240318:74,M01,M01_20240318,7.041960650699388,-3.168609241848543,-2.791692662048721,-2.746341055776642,-2.7586334017504353
M01_20240318:75,M01,M01_20240318,0.9789692940620608,0.5134281491749144,1.550388473771001,1.497024648709635,1.4004665524539082
M01_20240318:76,M01,M01_20240318,7.3299973474444995,0.10858325525634971,0.47237712175506097,0.5748977561713957,0.6094613083712881
M01_20240318:77,M01,M01_20240318,5.299148624585477,1.20995131520363,-0.2133408541343016,0.07246943746464574,0.20549062996242107
M01_20240318:78,M01,M01_20240318,11.318812801290475,0.16505398465073728,0.6312232429304139,0.782816434560961,0.7285262614731565
M01_20240318:79,M01,M01_20240318,11.074881096278414,2.5623125611665154,3.236478815699275,3.1112904744340213,2.9307007453321976
M01_20240318:80,M01,M01_20240318,10.964116733241116,-1.916590229142078,-0.8418803317264354,-0.8555919135414687,-0.9528779190340035
M01_20240318:81,M01,M01_20240318,0.6990645317180736,-1.9885572644899403,-0.35851962920863567,-0.49475790206819603,-0.638740757885623
M01_20240318:82,M01,M01_20240318,0.4408710152227702,0.7781381694160205,0.021343324200037372,0.17299904042443615,0.15471086681165147
M01_20240318:83,M01,M01_20240318,0.5647835066389855,0.1501533118825984,-0.5607966946591407,-0.3250282935985922,-0.2676400046067666
M01_20240318:96,M01,M01_20240318,7.436303064894253,1.0386255935414113,1.735103581410403,1.7558199780454533,1.6994503541550685
M01_20240318:97,M01,M01_20240318,7.6241244612060886,1.9269730683423054,2.763262689811066,2.6416553037584727,2.541825172779914
M01_20240318:98,M01,M01_20240318,9.893304575568614,2.4882443890680754,2.4536829103653464,2.50828664345201,2.4667476720638497
M01_20240318:99,M01,M01_20240318,10.1556784697007,2.5039527612668455,2.4001720109222973,2.3881666776985337,2.4518951322529166
M01_20240318:100,M01,M01_20240318,8.868203441674744,-2.6245992207690243,-1.8179658019729406,-1.8036791360203743,-1.8284669105852362
M01_20240318:101,M01,M01_20240318,4.761225666656716,3.912068330875845,2.8491667066835316,3.068120181275871,3.209549612714934
M01_20240318:102,M01,M01_20240318,7.294482784787982,1.9318516509438437,2.0028698471667603,2.093893133500975,2.096921766508892
M01_20240318:103,M01,M01_20240318,9.597003982392737,2.4403517165307007,2.5268384133477806,2.3928100385579825,2.4082730577979277
M01_20240318:104,M01,M01_20240318,9.369808971421152,3.405765959257757,4.008093523789148,3.911300574116,3.880842316277212
M01_20240318:105,M01,M01_20240318,10.125296014518765,4.020404863834987,4.236435621052172,4.256733569091315,4.30442130002243
M01_20240318:106,M01,M01_20240318,2.8695419774419295,-2.4330182404224203,0.029364584290890505,-0.1991962576300974,-0.3767540920799002
M01_20240318:107,M01,M01_20240318,8.79419920035133,0.9508109711372894,1.7032499707350102,1.7703383121267846,1.7882871304737575
M01_20240318:108,M01,M01_20240318,9.925374005225033,2.4743387420040186,1.8845236195077462,2.0829996054608237,2.1638079101113554
M01_20240318:109,M01,M01_20240318,9.251228588103961,0.5904509060209788,0.4604284620908796,0.6553241025214174,0.6404248458852813
M01_20240318:110,M01,M01_20240318,4.596711930802067,4.508271987625571,3.9785755573699753,4.267298030534619,4.337951910028529
M01_20240318:111,M01,M01_20240318,7.30560084335246,2.8795670935568634,3.143721767351707,3.1186405537960944,3.0835941542500187
M01_20240318:112,M01,M01_20240318,6.559098932147706,2.1580622359605726,1.7448271232241375,1.8893362121670467,1.9989368983193199
M01_20240318:113,M01,M01_20240318,4.496283365647863,0.806002420901641,1.7267433332415916,1.776847422525611,1.8258518482592319
M01_20240318:114,M01,M01_20240318,6.387993424776689,1.719447726679297,2.3528205709060757,2.1843625711419232,2.114045443478206
M01_20240318:115,M01,M01_20240318,3.957146520133013,2.4895510001597034,3.3586042468491826,3.362360189427605,3.2976297610253376
M01_20240318:116,M01,M01_20240318,9.831057976098418,1.7134992723023812,1.77536396879424,1.9256949003288568,2.0209942184171332
M01_20240318:117,M01,M01_20240318,1.3937145925593,-2.7003046015479493,-1.0955718173627194,-1.2658431825666883,-1.3985723817869689
M01_20240318:118,M01,M01_20240318,9.553239518579558,-2.1199858397541496,-1.0082712140702714,-0.9896351863783153,-1.0680439179587093
M01_20240318:119,M01,M01_20240318,7.699383455768522,0.7876864057492137,0.5904504090224414,0.9294223343003898,1.0046074990162266
M01_20240318:120,M01,M01_20240318,2.8346920559768582,-0.7385394776452534,-0.4735082357864613,-0.4389643081191412,-0.42515549352774595
M01_20240318:121,M01,M01_20240318,2.88882273052576,-0.9463517770625876,-0.34304299463463384,-0.4948189297870531,-0.5222137531885629
M01_20240318:122,M01,M01_20240318,8.333660567561477,-0.7765770315704552,-0.1651490164343823,-0.0938466438664296,-0.19483789170256927
M01_20240318:123,M01,M01_20240318,8.05992895168265,1.1915868001656222,0.9844807142568293,1.139260247151367,1.1803675145683181
M01_20240318:124,M01,M01_20240318,2.682195395252767,-1.87843442300131,-0.7537273086357343,-0.7048074270700999,-0.7043880225360901
M01_20240318:125,M01,M01_20240318,8.629510776586102,-2.2684654240103477,-0.8573082269792351,-0.921170832638027,-1.0172901540612393
M01_20240318:126,M01,M01_20240318,3.385999142341861,-0.6766621867795592,-0.49450220912274556,-0.32267203243281006,-0.2356179558976379
M01_20240318:127,M01,M01_20240318,6.743822411246465,0.4023317788868619,0.8389299898220699,0.9591771881175548,0.9496792891479089
M01_20240318:128,M01,M01_20240318,2.222308623633266,-1.9484783085911879,-1.8256001980403571,-1.7419287405763244,-1.639801007757141
M01_20240318:129,M01,M01_20240318,8.475839032564352,-2.58709919947622,-2.0903718441878896,-2.278780857615124,-2.3580760376470513
M01_20240318:130,M01,M01_20240318,9.379291101726524,-1.3120994996222466,-0.91904097188739,-0.7165146894841783,-0.7850048207910483
M01_20240318:131,M01,M01_20240318,2.409063738954322,-0.26240805238624976,-0.4840381792494437,-0.1799177993144605,-0.11096266198179361
M01_20240318:132,M01,M01_20240318,2.810239706432174,-3.629378038284334,-2.58812404189144,-2.5526151170043665,-2.552580196835623
M01_20240318:133,M01,M01_20240318,8.44649404369089,-0.7618275653249587,0.5227963622026897,0.46150062184784346,0.38036428863383165
M01_20240318:134,M01,M01_20240318,1.8564984597940666,1.145912262296764,0.7510927850402211,0.882537215881138,0.9027424429856552
M01_20240318:135,M01,M01_20240318,8.363611196381603,-1.0110735394129584,-1.1935045577167687,-0.864187650087576,-0.8665618318707082
M01_20240318:136,M01,M01_20240318,1.885661812622123,-0.6099110082587025,-0.009372886853884488,-0.07967698969301029,-0.238237830823401
M01_20240318:137,M01,M01_20240318,4.749167110820623,-2.2390351729840496,-0.7979290394750986,-0.8285513907755284,-0.8591595673507975
M01_20240318:138,M01,M01_20240318,5.315220006827479,2.828350753877454,3.5421455557664636,3.6086710054638953,3.4902412081860223
M01_20240318:139,M01,M01_20240318,2.4376706877853946,2.200630481042681,2.1791015469527766,2.129790082902236,2.087169633297596
M01_20240318:140,M01,M01_20240318,4.302444323127875,-3.006915364416855,-2.2231825086809938,-2.3068624158162088,-2.378544402955792
M01_20240318:141,M01,M01_20240318,7.043210409993239,-1.6417210903848138,-1.2029022562446592,-0.9651129225837334,-0.9069806435603969
M01_20240318:142,M01,M01_20240318,9.385066371333973,0.9014459304078128,0.23070859939269983,0.42668135567108223,0.4576186401233482
M01_20240318:143,M01,M01_20240318,1.9923908871889862,0.5290149789494825,0.5179438671013283,0.4327440994755589,0.46871299301118263
M01_20240318:144,M01,M01_20240318,8.217780066927487,-0.07689614683456814,0.30666977241349525,0.38700051989879114,0.3545763408653242
M01_20240318:145,M01,M01_20240318,2.8314784200135854,0.5515424133778444,1.7379063777405062,1.7542259770383186,1.6963402838314927
M01_20240318:146,M01,M01_20240318,8.827554471584717,-1.563331742920984,-1.4179622023260272,-1.3137408421204055,-1.4072368578633654
M01_20240318:147,M01,M01_20240318,1.8956910167413092,0.9620816637740739,1.5626165106233323,1.490308964596906,1.5359024515696245
M01_20240318:148,M01,M01_20240318,1.8655915956511877,-0.07485826491660408,-0.2721997984008375,-0.07773747271033482,-0.07629633620592369
M01_20240318:149,M01,M01_20240318,9.105110025618645,1.0321843113847073,1.3456677448910814,1.4175477345761136,1.306472267639165
M01_20240318:150,M01,M01_20240318,1.2400324513438408,-2.7351505259022524,-2.5766664268082113,-2.3804990309323344,-2.3236874454443583
M01_20240318:151,M01,M01_20240318,2.506439957480404,-1.3932248478052793,-1.1314167007928901,-1.005168889023043,-0.9883708144779817
M01_20240318:152,M01,M01_20240318,3.4970553746263557,-0.7194357903154094,0.5241749853383606,0.3798342043304217,0.27520865580896103
M01_20240318:153,M01,M01_20240318,7.34891304679407,0.9050617037829345,0.6011582744134154,0.6933248514396686,0.7903298119542406
M01_20240318:154,M01,M01_20240318,0.9686348029543023,-1.4734893014441477,-0.5865200225282159,-0.5816666767698964,-0.7133584620427413
M01_20240318:155,M01,M01_20240318,5.565866900341972,-0.662320993969284,0.09577370787723094,0.07260900296764028,-0.008244869989434633
M01_20240318:156,M01,M01_20240318,5.083947363565839,-2.956685191983878,-2.4180006940272936,-2.3753087894108615,-2.4535474186966866
M01_20240318:157,M01,M01_20240318,1.93943432986597,-4.886166623050616,-3.4248425046664597,-3.2779717803194153,-3.2856796100246433
M01_20240318:158,M01,M01_20240318,1.7998839678069227,-0.6564740641677451,0.11893899678240771,0.21347198334971385,0.13363884958208416
M01_20240318:159,M01,M01_20240318,9.436217508336416,-0.7075740420463879,-0.7978185031823077,-0.6806688715823048,-0.6477869054076049
M01_20240318:160,M01,M01_20240318,2.0311584448995212,0.6324391151582693,0.6944216627996855,0.7268709382259031,0.6989758896534619
M01_20240318:161,M01,M01_20240318,1.9639107416150094,0.8379846933346826,0.31211890988946855,0.6378272557206754,0.7410496040525798
M01_20240318:162,M01,M01_20240318,8.096285937926822,0.1493917636252977,0.5107083259525096,0.6553371262730341,0.6373928018658503
M01_20240318:163,M01,M01_20240318,1.6395015544330358,1.444040056204908,1.83354439417203,2.047260459649962,2.1185434725183625
M01_20240318:164,M01,M01_20240318,5.386755957458566,-1.4751396131946803,-0.6426790017248241,-0.6448183940796142,-0.6129511823288709
M01_20240318:165,M01,M01_20240318,5.048194162369643,-0.8163579596829358,0.1609503366229763,0.3095899232954107,0.29110728101022687
M01_20240318:166,M01,M01_20240318,1.419849098904067,-0.5303249822458138,0.07781788741334061,0.1647090107179725,0.1619985491676692
M01_20240318:167,M01,M01_20240318,5.568292572267667,-3.461674781223018,-3.229470426701819,-3.1440799376293196,-2.987944231609676
M01_20240318:168,M01,M01_20240318,6.004212164225235,-2.498526752843371,-1.9283282837510463,-1.9444225775727277,-1.9721760498338359
M01_20240318:169,M01,M01_20240318,2.1401717755206264,-3.7938371503631556,-2.438260945413875,-2.430786310784569,-2.5326512970270363
M01_20240318:170,M01,M01_20240318,4.248587611614036,-0.1458452699142967,0.7107758189563924,0.7586818701567148,0.7229273724192797
M01_20240318:171,M01,M01_20240318,6.105392731352595,-0.7639759150610139,-0.9277659170089247,-0.8157980562956997,-0.7779238847709165
M01_20240318:172,M01,M01_20240318,2.5837545327006515,-1.134144331470405,-1.175368455692329,-1.2030901698960017,-1.1670780415470379
M01_20240318:173,M01,M01_20240318,2.9830806132491947,-0.6357988282302465,-0.6445252731018307,-0.5400470891780182,-0.5515156685889773
M01_20240318:174,M01,M01_20240318,4.223218909203475,-3.2316476768696356,-1.9184211126335367,-1.9640199451594649,-1.9868838044536972
M01_20240318:175,M01,M01_20240318,5.20782021423796,-1.8376789430066083,-0.18581275813437337,-0.2876963601817719,-0.5625670893599981
M01_20240318:176,M01,M01_20240318,5.869837112682943,-0.9576988992778466,-0.7555814942625041,-0.6721312978494325,-0.7014143485245805
M01_20240318:177,M01,M01_20240318,0.9631210605329916,-4.05834430631688,-3.7367111062155214,-3.6138637372599067,-3.622458198435048
M01_20240318:178,M01,M01_20240318,0.636916778751271,2.0839542522455794,-0.8207883259902946,-0.05976101663282307,0.11730094693801263
M01_20240318:179,M01,M01_20240318,7.918768796199133,-0.9146878353951156,0.38811919482475155,0.42664328730962,0.3194302938066045
M01_20240318:180,M01,M01_20240318,3.634783455230003,0.7515018454663478,0.804681072151519,0.8242072490463146,0.8735286384303658
M01_20240318:181,M01,M01_20240318,2.5654389037578125,-2.506073586389461,-1.3353273767682436,-1.3380855967797922,-1.4093381264971239
M01_20240318:182,M01,M01_20240318,2.684346112535703,-3.4432019879292346,-3.048147950297751,-2.8019015674476133,-2.943869558802165
M01_20240318:183,M01,M01_20240318,0.23947825858495095,-3.836532791976789,-4.905829945110888,-4.908634238224362,-4.916345570449407
M01_20240318:184,M01,M01_20240318,1.44584517616152,-4.58982456423282,-6.1433341923676466,-6.054983308691332,-6.170481259383417
M01_20240318:185,M01,M01_20240318,1.9084097752965858,-2.938173014137969,-1.9213766918452073,-1.7581526376901655,-1.8543801443184256
M01_20240318:186,M01,M01_20240318,2.525384781511858,-2.1328692024695632,-2.087717863305878,-1.923174848686295,-2.0217350798594422
M01_20240318:187,M01,M01_20240318,1.593722427327699,-2.958349527672147,-3.1520978067714847,-2.990411972403132,-3.078106795497132
M01_20240318:188,M01,M01_20240318,0.5810851061127007,-3.1085132093626644,-1.9751027871897797,-2.04498003107879,-2.0852279939458755
M01_20240318:189,M01,M01_20240318,2.956479035332931,-4.417814485162368,-3.560899662825962,-3.5759796376800814,-3.7294815525972123
M01_20240318:190,M01,M01_20240318,1.4344755338496142,-2.852697923106069,-2.2555824591901708,-2.3344678514383217,-2.4274376810456912
M01_20240318:191,M01,M01_20240318,0.9304428197484297,-2.806811329125545,-1.4023226553452606,-1.3899276382812786,-1.5099069708463198
M01_20240318:192,M01,M01_20240318,4.582205425363374,1.6482399605864235,2.9087989459803243,3.144671387033342,3.036291799225807
M01_20240318:193,M01,M01_20240318,4.0218669449982825,3.538337330359025,4.945496022646689,4.924282454673426,4.818334932488062
M01_20240318:194,M01,M01_20240318,6.242076475357331,-2.1936911900642277,-1.1779333818920872,-0.9531794267090845,-0.9354618163223005
M01_20240318:195,M01,M01_20240318,3.5034451170558296,-2.345697915139838,-1.2580052912822328,-1.3845583876575525,-1.4031758180580596
M01_20240318:196,M01,M01_20240318,2.5679237140033937,-9.777351628946764,-5.680202573917986,-6.16349073615998,-6.471101897609946
M01_20240318:197,M01,M01_20240318,4.249215303293679,-2.65362238571871,-1.4083736892877852,-1.3186763736534717,-1.349352831841931
M01_20240318:198,M01,M01_20240318,4.400433284769971,0.1186717833432569,0.9069200525238443,0.9290643901413214,0.893650961384818
M01_20240318:199,M01,M01_20240318,0.8603464756339831,-0.06721638348455805,0.572414788579545,0.6669001298136559,0.7159892297990984
M01_20240318:200,M01,M01_20240318,0.6942423595893227,-0.10156579698529544,-0.2692803982167229,-0.26635753036303544,-0.18678256159048168
M01_20240318:201,M01,M01_20240318,9.66114511272411,0.8566511565491042,1.1895136534189241,1.3652363276401718,1.3665312237547198
M01_20240318:202,M01,M01_20240318,3.9023217877994996,-2.9026600281880413,-3.452872432818202,-3.1455185758028854,-3.0694285977718696
M01_20240318:203,M01,M01_20240318,0.22604259305380203,-7.126081534908063,-7.703873591099214,-7.7220940010540495,-7.789178961320756
M01_20240318:204,M01,M01_20240318,0.6942198131760111,-4.25242086802858,-4.795241554467836,-4.668167312147771,-4.663487732017508
M01_20240318:205,M01,M01_20240318,0.6547481718998938,-1.7640442323088923,-1.8014402437075727,-1.885643110961956,-1.894682578741814
M01_20240318:206,M01,M01_20240318,0.9403427552871487,-3.2875938880497744,-3.1875269746692387,-3.0686314699442594,-3.112254946373586
M01_20240318:207,M01,M01_20240318,2.753342206439969,-1.599289885177254,0.515248739064436,0.4460938932013594,0.27996312602193285
M01_20240318:208,M01,M01_20240318,3.1193187784869734,1.8719366505199848,2.719699743075391,2.831459147672385,2.8279714308390345
M01_20240318:209,M01,M01_20240318,2.095269184706918,0.046792027405642145,-0.7204940311786672,-0.4433301239723031,-0.30710069252380023
M01_20240318:210,M01,M01_20240318,1.0559358805195462,1.0729172069498478,0.8581575658331513,1.19747967504943,1.189006395664041
M01_20240318:211,M01,M01_20240318,1.3906054785963955,-3.757545079065035,-2.7427197261724903,-2.6939420290985643,-2.7434014956657746
M01_20240318:212,M01,M01_20240318,8.234529292452804,-0.23450612470438603,0.49588766276424856,0.7558695814298004,0.736740909594126
M01_20240318:213,M01,M01_20240318,1.6484969759049437,-1.9996958178286492,-1.115966641809914,-1.1289530426639285,-1.2100747990782796
M01_20240318:214,M01,M01_20240318,2.8477795505108987,-5.372105926052,-3.853317718453214,-3.874170731103556,-3.9836414389436055
M01_20240318:215,M01,M01_20240318,3.774173774712354,-0.7569611408998558,-0.2351797055631506,-0.09002005149693204,-0.1518205586120045
M01_20240318:216,M01,M01_20240318,3.9161078792614448,-0.13401171529032307,0.5570062773285009,0.6702646152439202,0.6644800789544734
M01_20240318:217,M01,M01_20240318,0.6208902892995687,1.088507133980464,0.7111615520512355,0.8155330326559618,0.79928963548711
M01_20240318:218,M01,M01_20240318,2.9835698238089527,-2.7868225388759713,-2.303841554865172,-2.253418644250104,-2.1937026461662104
M01_20240318:219,M01,M01_20240318,2.4658751361392164,-0.20427749910149462,-0.004875621570366917,0.19439259554709665,0.24784734028154176
M01_20240318:220,M01,M01_20240318,3.636622048167555,-0.44256768939919855,0.23205547968775608,0.6002939825090081,0.5852057685665306
M01_20240318:221,M01,M01_20240318,4.826154136929814,-2.285390890593648,-1.306287655128715,-1.4489503586152574,-1.4557299405231001
M01_20240318:222,M01,M01_20240318,2.134173368054118,-4.615561990528151,-2.6758033003480914,-2.843637407331805,-2.9986830035786998
M01_20240318:223,M01,M01_20240318,8.022366832234967,1.608298061834187,2.5512318544388526,2.613136870080794,2.5266297233468364
M01_20240318:224,M01,M01_20240318,1.5257082345681852,-2.292169786696377,-2.301136859232713,-2.4288345838003425,-2.4935758470583593
M01_20240318:225,M01,M01_20240318,2.344745397613951,-6.0718413707957035,-4.199589927428871,-4.223434123767131,-4.50323585775061
M01_20240318:226,M01,M01_20240318,5.1996464659777635,-4.598850322176825,-3.9797932322931224,-3.7259203822136104,-3.8482427633919176
M01_20240318:227,M01,M01_20240318,2.7510540855256465,-1.4731355195086957,-0.13606897568332954,-0.1550394064809053,-0.2673272396899318
M01_20240318:228,M01,M01_20240318,3.1460173744951625,-1.9159489626265485,-0.574088906250056,-0.4781890080489113,-0.5240595938551706
M01_20240318:229,M01,M01_20240318,3.7989668915400094,-2.331954363517749,-1.1185194050626208,-1.0949632241860012,-1.2120413851571152
M01_20240318:230,M01,M01_20240318,2.5643880694601435,-3.001891163532113,-1.9148365409619945,-1.861929859154789,-1.8878425733871564
M01_20240318:231,M01,M01_20240318,0.5335048119699077,-3.824583860385512,-3.248367212105367,-3.369957796137964,-3.4662781534182514
M01_20240318:232,M01,M01_20240318,1.1993889191248037,-3.0885677613775337,-2.4690452925862747,-2.1890288496838615,-2.124846479562427
M01_20240318:233,M01,M01_20240318,2.397345380435501,-1.753048795573723,-0.06942874716319913,-0.13382701541493613,-0.23508263473432223
M01_20240318:234,M01,M01_20240318,2.3050031993881777,-2.366079771328245,-1.133057266068354,-1.210734039354647,-1.2385402831985797
M01_20240318:235,M01,M01_20240318,1.7796469996477189,0.05656386332895735,-0.882243596161552,-0.582316965754333,-0.5108836379445574
M01_20240318:236,M01,M01_20240318,1.2337609356963009,2.2283497880662297,0.9209088411938371,1.391528787566151,1.557356504725517
M01_20240318:237,M01,M01_20240318,4.405237146445332,-2.8796557004206793,-1.8114619381147659,-1.6181546715630386,-1.6982138420400261
M01_20240318:238,M01,M01_20240318,5.676477319507367,-1.6401881687849942,-1.4058531267121417,-1.495174529190603,-1.6147475962157234
M01_20240318:239,M01,M01_20240318,1.6460051619794742,-1.4174499985164504,-1.4767379281805582,-1.2085117132195276,-1.1875915190281985
M01_20240318:240,M01,M01_20240318,1.3342258290916964,-3.454031024173383,-2.0276075508272564,-2.0866748403345445,-2.191089190993977
M01_20240318:241,M01,M01_20240318,5.1680261008476664,-5.872831209966907,-3.6698926131141576,-3.78058882043932,-4.009296487064963
M01_20240318:242,M01,M01_20240318,3.028272089252578,-2.2150606299526556,0.4601606491253829,0.33192697160343965,0.09853342563674694
M01_20240318:243,M01,M01_20240318,3.0302089481413397,-1.5745598879883316,-0.14779151362350795,-0.21643008804425534,-0.2913944891864313
M02_20240312:0,M02,M02_20240312,7.755632954503666,3.9186722030221715,3.7181607561820575,3.6023348158010373,3.642383817653468
M02_20240312:1,M02,M02_20240312,4.5829312666245405,3.9688965204928435,3.6936287276452036,3.5944967134559818,3.5419679258963432
M02_20240312:2,M02,M02_20240312,0.4146828784740812,3.5453583357662097,3.965613214127918,3.9069157319608854,3.8946450135312114
M02_20240312:3,M02,M02_20240312,6.638772495881814,3.6580848360838196,3.50683885325146,3.6582033896373614,3.671881070284497
M02_20240312:4,M02,M02_20240312,5.380984258089647,4.340439061123982,4.206597981300062,4.0457164553221,4.061312646174674
M02_20240312:5,M02,M02_20240312,10.387798067953389,4.750259012614028,4.162407513037004,4.069521273170391,4.064913369554173
M02_20240312:6,M02,M02_20240312,1.5356839947688754,4.878824009213172,5.354777910132796,5.2647104935101225,5.3063697969635015
M02_20240312:7,M02,M02_20240312,8.385778672070007,5.1116943279744005,4.895149748595063,4.823863034502372,4.86271882243656
M02_20240312:8,M02,M02_20240312,3.2781657593151,5.630882128990494,5.843542811027904,5.722953144376467,5.701656922643802
M02_20240312:9,M02,M02_20240312,5.686708890694101,5.905280695978028,5.97025277386673,5.872997744846348,5.928051422177473
M02_20240312:10,M02,M02_20240312,6.226951810093021,4.397897352104591,5.105164069672533,4.8708704428607446,4.839651681267104
M02_20240312:11,M02,M02_20240312,1.045027195327591,4.764616955647947,3.7989038006579934,3.7880743720702466,3.8977722425097956
M02_20240312:12,M02,M02_20240312,4.881446566343584,6.220627901397353,6.345823766409303,6.336133785481785,6.335436423924984
M02_20240312:13,M02,M02_20240312,6.418685893775304,3.1430951622285797,4.097574695521297,4.200271423962011,4.3001377745416995
M02_20240312:14,M02,M02_20240312,0.718132761976083,4.443579559602982,4.0211379905400655,4.129717884866781,4.185111450160754
M02_20240312:15,M02,M02_20240312,2.639826647217157,3.5742413990117363,4.161086562492237,4.074435757533006,4.105122951087758
M02_20240312:16,M02,M02_20240312,9.166347869683863,6.582308914144198,5.581111513340717,5.530939485782957,5.588471642690584
M02_20240312:17,M02,M02_20240312,1.0904641990368147,4.613525610962233,4.586579458940152,4.558868865543407,4.556789978968128
M02_20240312:18,M02,M02_20240312,9.307574694892232,5.208076745468306,4.40149705153352,4.6081599091049465,4.655419762296686
M02_20240312:19,M02,M02_20240312,2.0396332866633085,4.414436459240033,4.896827908663602,4.728150254265712,4.681635730731588
M02_20240312:20,M02,M02_20240312,6.668081137784249,6.103291131508644,5.781773041131441,5.479972427886826,5.4758045585481705
M02_20240312:21,M02,M02_20240312,4.704582224106307,5.476811433063953,4.728586236192009,4.621693612525261,4.6639986713087405
M02_20240312:22,M02,M02_20240312,1.0944560215385553,5.125053954941656,3.828831205723473,4.039220787747303,4.2538575738060525
M02_20240312:23,M02,M02_20240312,3.525039094298299,5.605724641949179,5.020833024812852,5.080672651267604,5.0716981118203535
M02_20240312:24,M02,M02_20240312,7.109726644165294,5.391734558794024,5.849948555028907,5.796703160690947,5.6911214822666345
M02_20240312:25,M02,M02_20240312,1.848080646361583,3.5358734933988867,2.9149588180897896,3.063184161548776,3.1202077732543767
M02_20240312:26,M02,M02_20240312,5.933066331090052,4.473229691849842,4.130551802054391,4.217878015830438,4.247399537121414
M02_20240312:27,M02,M02_20240312,5.168188168148989,5.116801978751582,4.660747278490948,4.577511140553277,4.648445034219912
M02_20240312:28,M02,M02_20240312,4.595584663426609,4.125871668514305,3.8232659707151013,3.7507898698686404,3.666399563372353
M02_20240312:29,M02,M02_20240312,7.1441352953702975,5.275442229531018,5.9296137965525215,5.913268996877035,5.889857612523152
M02_20240312:30,M02,M02_20240312,1.8595504089534263,5.0321889277728715,4.799770085493189,4.792224010635008,4.8512384324581825
M02_20240312:31,M02,M02_20240312,2.3782360315927855,3.931130110910698,3.6322926752399747,3.628500306552797,3.655872289687361
M02_20240312:32,M02,M02_20240312,8.52366731466262,5.366372225542967,5.476149946587259,5.453007025758075,5.4438528837956675
M02_20240312:33,M02,M02_20240312,1.0528233024543414,4.518746108639776,4.874449874306313,4.823425744430983,4.79047394573711
M02_20240312:34,M02,M02_20240312,2.5824196167759648,4.0000000175412955,3.945349890087429,4.048392993186343,4.022238687291126
M02_20240312:35,M02,M02_20240312,8.588670215168552,4.622063665586853,4.509999005556534,4.561516262183748,4.645046525729699
M02_20240312:36,M02,M02_20240312,0.9293470008972038,5.0055699172421,4.829474151231669,4.91858961569359,4.901797038334216
M02_20240312:37,M02,M02_20240312,10.744081383591462,4.922452244868553,3.9552596311328596,4.191709282641587,4.279890962218189
M02_20240312:38,M02,M02_20240312,3.8582683960754838,4.564916904809308,5.767781613876401,5.684271543004079,5.5802147105590585
M02_20240312:39,M02,M02_20240312,7.621538709680775,3.2255268650110764,3.1400543451669387,3.311503034322889,3.4220971823173194
M02_20240312:40,M02,M02_20240312,1.1978928099123909,5.767309627159522,5.551971901229113,5.571943574997606,5.529731162576015
M02_20240312:41,M02,M02_20240312,9.28787010431856,4.593993044107705,4.330748063567208,4.384329020829022,4.4178093573924375
M02_20240312:42,M02,M02_20240312,2.377984666331549,4.333903702824241,5.110526884430195,5.160993830951632,5.136172522034401
M02_20240312:43,M02,M02_20240312,6.743578691132711,4.417988170952018,4.270965666348092,4.294079411316947,4.332818272970213
M02_20240312:44,M02,M02_20240312,4.797894610687324,5.29534135699982,4.965760542089543,5.062911176345584,5.180238669811646
M02_20240312:45,M02,M02_20240312,2.8198635741388127,4.6002860500769645,3.7786430679888423,3.8460862131081774,4.06965858929645
M02_20240312:46,M02,M02_20240312,9.10045652347336,3.6967371396198416,4.259578861566066,4.240763826011079,4.170601441623983
M02_20240312:47,M02,M02_20240312,1.0464734116205927,5.006947372844157,5.420236470909964,5.379492962609075,5.4429012894347535
M02_20240312:48,M02,M02_20240312,10.923185169888704,4.476347230853644,4.908409515617766,4.97583284570423,4.9763562404932316
M02_20240312:49,M02,M02_20240312,5.945223512753539,3.9058558383677293,4.314759808783622,4.290614575991663,4.24789345141771
M02_20240312:50,M02,M02_20240312,5.474613846887487,5.400359915111252,5.294580888746117,5.3623204352509575,5.362103730694561
M02_20240312:51,M02,M02_20240312,3.834106129082446,3.7855333745765334,4.375326948945748,4.28186446664582,4.312447753191462
M02_20240312:52,M02,M02_20240312,8.04819695176587,2.62433391052038,2.902291185599599,2.845613789282935,2.831440304670603
M02_20240312:53,M02,M02_20240312,4.9639843988645325,3.8806011195228267,4.435202104117341,4.367803502581641,4.36343699675134
M02_20240312:54,M02,M02_20240312,8.735485884367764,3.516256574359161,3.4626040578837305,3.6019440923051516,3.6175972921750446
M02_20240312:55,M02,M02_20240312,9.951386176983632,5.259976993611334,4.974553492049095,5.00341563021486,5.041253593674297
M02_20240312:56,M02,M02_20240312,0.2366470618322341,5.494944080550049,5.013497323727655,4.841490837731629,4.76596220075518
M02_20240312:57,M02,M02_20240312,10.616035368503098,3.5598890080663503,3.1601130450240116,3.163290791506592,3.293589909259317
M02_20240312:58,M02,M02_20240312,1.9318754085901442,5.4001677571668925,4.663170952633961,4.790025642766418,4.924991559778336
M02_20240312:59,M02,M02_20240312,10.366842647783459,3.964525176904916,4.049959520474707,4.076338320444109,4.0953220558019385
M02_20240312:60,M02,M02_20240312,11.053372470677633,3.754691201863833,3.5261522409247674,3.5234558341283972,3.6083162409046903
M02_20240312:61,M02,M02_20240312,0.8018521112645717,-1.55769450390574,-1.816304872215242,-1.6049614327274684,-1.4600117831168422
M02_20240312:62,M02,M02_20240312,3.398714809518684,4.677654189492271,5.084627412375106,5.017730355908377,4.995751190645755
M02_20240312:63,M02,M02_20240312,8.615082560927583,4.8797099715533765,4.647504466675203,4.46980335122107,4.536363364815944
M02_20240312:64,M02,M02_20240312,0.5733150559066545,5.031872743906514,5.77554088292028,5.718462836066472,5.744942834197566
M02_20240312:65,M02,M02_20240312,0.8579803373406674,2.3503603874071244,2.8943919725587164,2.6552323827688644,2.7071338722001252
M02_20240312:66,M02,M02_20240312,4.724501387134089,4.052450034797886,3.8539050233665453,3.820140825601385,3.890693745925436
M02_20240312:67,M02,M02_20240312,6.574275215309182,4.215991787027,4.1229778624321245,4.077136469735831,3.965221321133715
M02_20240312:68,M02,M02_20240312,0.6993058405219178,4.026428851763333,3.911369758180734,3.929641439058422,3.952697624885705
M02_20240312:69,M02,M02_20240312,1.404502128411802,5.160207279501227,5.847629320490313,5.81313067922329,5.811451459571831
M02_20240312:70,M02,M02_20240312,2.195661360015804,3.395144738711937,3.4881639903404507,3.3788969734632643,3.2669846192936536
M02_20240312:71,M02,M02_20240312,2.611251586247841,4.6368512799162795,4.524347401923676,4.616114905371936,4.6449960012487805
M02_20240312:72,M02,M02_20240312,6.608047194553035,4.4506034510135,4.272799754039922,4.218184608116945,4.242058898715432
M02_20240312:73,M02,M02_20240312,2.818052272889425,3.869984439941061,3.852550185357724,3.863191341281281,3.8516207675712315
M02_20240312:74,M02,M02_20240312,0.9074051452906194,2.911218943304628,3.160338635963087,3.047797171449169,3.0065755650541455
M02_20240312:75,M02,M02_20240312,1.1560538215466591,3.4922318590273487,4.14576463526893,3.9897205189070544,3.9964889494752867
M02_20240312:76,M02,M02_20240312,3.600995593373087,3.722591539782015,3.367790980737312,3.398587086303692,3.336598303933606
M02_20240312:77,M02,M02_20240312,7.533841146582766,6.3329202629358985,5.82398030164031,5.90695624234781,5.934474947414418
M02_20240312:78,M02,M02_20240312,0.9684838579300971,4.399697979737845,4.42111216577598,4.513500424309205,4.6214976383139845
M02_20240312:79,M02,M02_20240312,1.929578940448182,4.5449342654771625,4.316215278193586,4.248339453863661,4.216561257293461
M02_20240312:80,M02,M02_20240312,8.054502493574146,5.5973323148346354,6.060995998624059,6.0209982159318685,5.954679177046813
M02_20240312:81,M02,M02_20240312,1.987723792704287,5.245347054516193,5.5176513878547855,5.212695094501051,5.098816779614697
M02_20240312:82,M02,M02_20240312,7.703595372934825,4.553935907506145,4.609423150800298,4.55813086941116,4.549790494678407
M02_20240312:83,M02,M02_20240312,5.408323080076413,3.2867232591938627,3.0127061251953133,2.949709043973665,3.012547270339307
M02_20240312:84,M02,M02_20240312,6.480778034438533,5.108448076103131,5.07095170550472,5.0646214633258815,5.088250828366501
M02_20240312:85,M02,M02_20240312,5.146364224088664,4.314102088204455,4.556522650690507,4.655184455282886,4.646692135619
M02_20240312:86,M02,M02_20240312,8.715625458469106,4.9831981810492945,5.519832919147282,5.317265531073354,5.3269780140082785
M02_20240312:87,M02,M02_20240312,2.81972652275607,4.664957894995257,3.749798899635432,3.8473687051012475,3.93906546845899
M02_20240312:88,M02,M02_20240312,5.925370084934929,2.845105951899128,2.430188957657929,2.33643880597395,2.324492554572669
M02_20240312:89,M02,M02_20240312,5.097402032814842,4.128071997283602,4.177423948663968,4.317073516532592,4.370894061004489
M02_20240312:90,M02,M02_20240312,3.797539434515964,4.246352846208238,5.135181158219012,5.017368223935251,5.056106001524529
M02_20240312:91,M02,M02_20240312,8.400036161108002,5.189396781781814,4.751318414675327,4.7068230048025645,4.6433097218992225
M02_20240312:92,M02,M02_20240312,0.38639465226475284,3.472245895054748,3.5554230881180295,3.6037137813635667,3.670581992519774
M02_20240312:93,M02,M02_20240312,1.1398716120522792,3.6764061383497317,4.406687278340999,4.23524201144151,4.199619235553591
M02_20240312:94,M02,M02_20240312,1.3580494754135328,3.626000313730776,3.249980319087536,3.171741279873265,3.2513255190107273
M02_20240312:95,M02,M02_20240312,8.338058394960301,5.413862813013591,5.137206457931996,5.173681102988237,5.120297315150359
M02_20240312:96,M02,M02_20240312,2.328700764860594,4.299141443751497,4.321677774030407,4.421854527175686,4.448155630576727
M02_20240312:97,M02,M02_20240312,10.48358277494461,4.87996565282249,4.794481650119902,4.800811100553471,4.848149546229568
M02_20240312:98,M02,M02_20240312,1.2854303354371472,4.899440033094786,5.251206293550848,5.135435639417752,5.1480173982418655
M02_20240312:99,M02,M02_20240312,1.1132326682929314,6.0635566971633335,5.35146295864744,5.42225418826012,5.52689528931534
M02_20240312:100,M02,M02_20240312,1.4768940872861884,4.088065274425659,3.438390500066444,3.3500839452296884,3.5199164872516375
M02_20240312:101,M02,M02_20240312,1.6503102857580951,1.6918175505469888,2.008290360406201,2.0854835986270697,2.1287052223374743
M02_20240312:102,M02,M02_20240312,3.687025562186589,4.046613891384864,3.9582435416059396,3.875007785650204,3.9688178288676443
M02_20240312:103,M02,M02_20240312,7.276779592051015,5.527499728886006,5.30006574899512,5.095313103557867,5.07753247458687
M02_20240312:104,M02,M02_20240312,3.0350337653720443,4.133007877584738,4.418512939897536,4.411016288732776,4.348536979700374
M02_20240312:105,M02,M02_20240312,9.05096292764647,5.874560472234343,5.7208767758555075,5.814822921816726,5.837167999530441
M02_20240312:106,M02,M02_20240312,1.6864061698315365,5.230216411547638,5.0905721257115015,5.007908744240384,5.050898474464497
M02_20240312:107,M02,M02_20240312,4.66693152457235,6.513752321211275,6.318513543411509,6.417414757429305,6.415199471056839
M02_20240312:108,M02,M02_20240312,0.7804495914927133,2.9470906364545533,2.4028290031747366,2.201639486270501,2.2240052812590596
M02_20240312:109,M02,M02_20240312,5.159492438174848,6.842101882177808,7.562309803515854,7.56194672736985,7.546027536808881
M02_20240312:110,M02,M02_20240312,3.257878978448588,3.826621819767214,3.462840455080215,3.365353932298973,3.4494590642384004
M02_20240312:111,M02,M02_20240312,10.60505791040773,4.931748282675722,5.685800522509721,5.597641281008492,5.589764805043304
M02_20240312:112,M02,M02_20240312,1.7195971015619749,4.49927177260178,4.500510079114472,4.59388356260162,4.611067704574826
M02_20240312:113,M02,M02_20240312,4.036360890564354,3.6017533036818374,3.606491177823016,3.533930041610499,3.566750067612549
M02_20240312:114,M02,M02_20240312,7.269163620473551,6.254599512431472,6.187103561644875,5.9855557443299325,5.997885281321653
M02_20240312:115,M02,M02_20240312,9.168310327096998,4.957682125613812,5.332203066713482,5.240389941825412,5.21717447291767
M02_20240312:116,M02,M02_20240312,2.4526862019260234,5.082365087250926,4.5908313473612505,4.468424012726167,4.521831995787718
M02_20240312:117,M02,M02_20240312,0.48517950991554976,4.791146686195896,4.425074038763702,4.310655249798112,4.370730262882201
M02_20240312:118,M02,M02_20240312,1.1629102209647009,3.8664542002983238,3.5816943192606026,3.547427878536941,3.5242095387149264
M02_20240312:119,M02,M02_20240312,2.5920405482985345,4.139467784716676,4.198910235750043,4.223769644743376,4.287456221176241
M02_20240312:120,M02,M02_20240312,1.5104816234951217,2.943974469774961,3.8376115411446734,3.7415864080614147,3.70855592130427
M02_20240312:121,M02,M02_20240312,4.552968446432725,4.66728295806111,4.575695451582015,4.613166223243082,4.56833971551327
M02_20240312:122,M02,M02_20240312,5.6978604102850126,6.659161578814205,6.449671150711122,6.40164323202996,6.45885001309257
M02_20240312:123,M02,M02_20240312,2.469224246668999,5.3952259797021975,5.192800258016758,5.178448288870053,5.182773614860654
M02_20240312:124,M02,M02_20240312,8.571325868569108,5.023101053979049,4.507862655378977,4.440585876755808,4.521800883804979
M02_20240312:125,M02,M02_20240312,2.6960035365145223,4.661145694586467,4.013494798021728,4.080424829055949,4.181268121680083
M02_20240312:126,M02,M02_20240312,6.097282374817379,4.561104119779028,4.123936449281667,4.004188992648601,3.94615850592589
M02_20240312:127,M02,M02_20240312,5.562380112410278,5.041418689340263,3.2378037515503193,3.496322263796289,3.677230706700449
M02_20240312:128,M02,M02_20240312,8.691960947734076,3.871047763488816,3.2545251182692323,3.301489338176774,3.348141384206496
M02_20240312:129,M02,M02_20240312,3.3638726254160773,5.310653835769704,4.332040978570219,4.45278390104424,4.531134191361307
M02_20240312:130,M02,M02_20240312,3.833936102056329,4.623683986514281,4.38246412189434,4.536076589250074,4.681351195510201
M02_20240312:131,M02,M02_20240312,7.187549404282336,3.8682240074365146,3.843877880065475,3.7851928116676996,3.8196314284287896
M02_20240312:132,M02,M02_20240312,3.815739876019991,8.220370048475282,9.609742222555992,9.346980270840596,9.223109826072616
M02_20240312:133,M02,M02_20240312,10.42612706165128,6.321739690473641,6.011816582693815,6.015946479075875,6.021606543748863
M02_20240312:134,M02,M02_20240312,4.87184534714715,4.38655622301881,4.632895977927556,4.436592392083688,4.476864415383089
M02_20240312:135,M02,M02_20240312,7.114644952825005,3.8903965246952428,4.042547072657335,3.877764084895623,3.8340108001648723
M02_20240312:136,M02,M02_20240312,2.026215144011274,5.510204392709865,5.620571569953812,5.539230401175677,5.5197814677607955
M02_20240312:137,M02,M02_20240312,10.549343291687086,5.318489827945993,5.734103955505603,5.693613762887142,5.701020704078276
M02_20240312:138,M02,M02_20240312,1.3928072993804848,4.716538233388905,4.655406410570501,4.643301289882455,4.732120824813795
M02_20240312:139,M02,M02_20240312,7.2292281172606225,5.173211845784002,4.818284562241089,4.87843512755033,4.938405837096314
M02_20240312:140,M02,M02_20240312,3.5409358024637596,4.301027812515393,3.8738420585279187,3.952841921220644,4.019108611454737
M02_20240312:141,M02,M02_20240312,5.694816582025234,4.916437050842365,4.361851582162026,4.432491348213469,4.4088802846899675
M02_20240312:142,M02,M02_20240312,6.984846094778014,4.323530931200221,3.780011769319327,3.7709727949521312,3.840063455584157
M02_20240312:143,M02,M02_20240312,1.109555994800791,3.33321878737752,2.989702542664561,2.92666124261761,2.9253045178339594
M02_20240312:144,M02,M02_20240312,0.6059455400912147,4.944337975731344,6.312959321554784,5.948007566082313,5.802801599170686
M02_20240312:145,M02,M02_20240312,0.5335417847672063,5.270845244287638,4.9603827171173585,4.909373235964528,4.858243196172025
M02_20240312:146,M02,M02_20240312,1.3215144764592233,5.08474265347533,5.389767389943774,5.242833296276873,5.267775222755744
M02_20240312:147,M02,M02_20240312,6.312405592495806,5.377651905166627,4.748263425456356,4.792187402832215,4.8198282515867925
M02_20240312:148,M02,M02_20240312,7.112080295415797,6.733783769368152,6.9301999455977,6.882444177887743,6.858712189226139
M02_20240312:149,M02,M02_20240312,9.189729594894674,6.257133638191589,6.07638409181128,5.971032277617262,5.913138448959
M02_20240312:150,M02,M02_20240312,3.203905613447956,5.9006687262353985,6.500141304166599,6.48027623903291,6.442568824987669
M02_20240312:151,M02,M02_20240312,5.073927942221024,5.217501709070238,5.205093511184708,5.185063626463806,5.185630172018408
M02_20240312:152,M02,M02_20240312,6.028791482107112,6.20341305293694,6.931433508991137,6.812637862663872,6.737622876901684
M02_20240312:153,M02,M02_20240312,10.159968019137866,4.348202931857199,3.8949302204312524,3.872257798310242,3.843811305158882
M02_20240312:154,M02,M02_20240312,2.030451793144415,3.6102635391206688,4.498661244833831,4.419538689890395,4.407803261123526
M02_20240312:155,M02,M02_20240312,10.022322998196513,6.203075769963268,6.706461470200411,6.4265421059436,6.29159364709436
M02_20240312:156,M02,M02_20240312,1.2878557167446656,3.857324022322043,3.9719242173873797,3.870176982331693,3.923837301532391
M02_20240312:157,M02,M02_20240312,8.610131764365727,3.8555628372076054,4.231538387551247,4.103354345637724,4.077758187966901
M02_20240312:158,M02,M02_20240312,4.054491644303185,5.913765643868558,5.986712243126039,6.0549703449916175,6.037651213780077
M02_20240312:159,M02,M02_20240312,3.4546447052924227,2.5686550464192344,1.7274820608816581,1.6831175326817234,1.7515477974583789
M02_20240312:160,M02,M02_20240312,9.701151595124433,3.8467567720406124,2.90443150677793,2.9903275988164983,3.0655703335662583
M02_20240312:161,M02,M02_20240312,11.13956769872819,4.813438186674046,5.006610720475524,4.897530211281059,4.8670601561358495
M02_20240312:162,M02,M02_20240312,0.6139212065057855,3.624368743973548,3.8658461835733906,3.724100537793925,3.709102406392026
M02_20240312:163,M02,M02_20240312,0.9833320479266909,4.276075636175535,3.8228006542697726,3.786045849222072,3.8420369592127184
M02_20240312:164,M02,M02_20240312,7.766722861536743,4.858360177507479,4.845662492740392,4.79663902780182,4.69912217962977
M02_20240312:165,M02,M02_20240312,3.355463945865624,4.2888241933606785,4.455299594805693,4.377021706557913,4.411592409039244
M02_20240312:166,M02,M02_20240312,4.3968826654764,6.1670190022798765,5.86084872027494,5.927947260467432,5.918805221943438
M02_20240312:167,M02,M02_20240312,9.603454821613285,4.969765381258595,4.75118414253007,4.742583045438399,4.717228682600061
M02_20240312:168,M02,M02_20240312,2.9227100415194527,3.967515224835985,4.18692209788449,4.015883269705638,3.9543523093957695
M02_20240312:169,M02,M02_20240312,4.884726956423786,3.1406521663481253,3.2716235181847875,3.260559614502651,3.301594460378419
M02_20240312:170,M02,M02_20240312,5.726572214220328,4.877544243401339,3.7332757323192283,3.690589785576843,3.711512406487648
M02_20240312:171,M02,M02_20240312,8.788781563625857,4.921074682346039,5.459831409667283,5.2053919930317925,5.1602721942782015
M02_20240312:172,M02,M02_20240312,3.238787826220192,3.6420636793142234,3.976459816834039,3.865579040267687,3.897951662092855
M02_20240312:173,M02,M02_20240312,2.004890950910279,2.30702775662014,1.9533505574455452,1.852433761950988,1.9333897664361546
M02_20240312:174,M02,M02_20240312,2.470726794617807,3.900053532807335,5.268999959314058,5.123324441871883,5.069274323810097
M02_20240312:175,M02,M02_20240312,8.680670285729816,4.525999182461431,5.374968501061551,5.199199742580417,5.306784107223677
M02_20240312:176,M02,M02_20240312,1.977723489311089,2.807839006614638,2.7642493495086136,2.665192613866292,2.677713643914872
M02_20240312:177,M02,M02_20240312,1.7066734455740022,3.757739536623099,4.21412387908173,4.085598383135795,4.1101564174466025
M02_20240312:178,M02,M02_20240312,1.8673499599714325,5.498361352013315,5.8029146434308245,5.640811266914513,5.646204390388549
M02_20240312:179,M02,M02_20240312,1.6021856500914968,4.19579265861533,3.7779382233194463,3.8143140962246798,3.97927093035021
M02_20240312:180,M02,M02_20240312,3.333114103723244,3.9775199778597345,3.6627880335735745,3.7112936029307693,3.7384427836169456
M02_20240312:181,M02,M02_20240312,1.021490847210632,4.376358531139832,4.002220268379323,3.989647787724537,4.117430409047562
M02_20240312:182,M02,M02_20240312,5.969523505859991,6.296665331432275,6.625341458931526,6.567926789677205,6.626462261382352
M02_20240312:183,M02,M02_20240312,5.857991107861322,5.517107210967648,5.416041316135756,5.426386354176831,5.504782377845403
M02_20240312:184,M02,M02_20240312,8.406627030657235,4.806972492357119,4.386773795627101,4.447804610410416,4.546708485863513
M02_20240312:185,M02,M02_20240312,4.249195214696163,3.417887145070073,4.740626512641502,4.633194617522005,4.550577699794634
M02_20240312:186,M02,M02_20240312,9.661322369979604,6.5079055150216,7.530165701311932,7.408279120071534,7.284737427208751
M02_20240312:187,M02,M02_20240312,1.6498303051656897,2.794701245605474,2.9590421004811294,2.791577061825903,2.8055231770423834
M02_20240313:0,M02,M02_20240313,6.831958246853459,6.363830634853099,6.359399738998576,6.378417416143226,6.533616895726178
M02_20240313:1,M02,M02_20240313,3.39798349028624,5.163232830134469,4.836883895805601,4.895862657333664,4.9957333401263995
M02_20240313:2,M02,M02_20240313,8.221629513481133,6.9588199445090115,6.734162411426448,6.737229980516265,6.793346369761184
M02_20240313:3,M02,M02_20240313,2.098381942474274,6.186408101014248,6.367087280923943,6.419471775853799,6.479152186950834
M02_20240313:4,M02,M02_20240313,6.820976021218651,7.732393759256808,7.113067165270211,7.100995551338205,7.134718797921504
M02_20240313:5,M02,M02_20240313,4.625990725949437,6.853024447917526,6.824595382120473,6.7499983423893894,6.80073346723406
M02_20240313:6,M02,M02_20240313,5.352895526808274,5.351457733139917,5.1507121270993705,5.109317918130574,5.162852940628603
M02_20240313:7,M02,M02_20240313,6.882636941041883,4.4151269357274545,3.74065895812868,3.582803855746473,3.7653042388439752
M02_20240313:8,M02,M02_20240313,0.7553577569479633,3.1463822200073865,2.394339507893307,2.320930585164013,2.401506094369046
M02_20240313:9,M02,M02_20240313,4.50184789190334,6.022470139735635,5.552501629825445,5.513658219632742,5.703104739917257
M02_20240313:10,M02,M02_20240313,6.976696308040521,5.735205314716067,5.392171459751744,5.3727009792403315,5.396384778538506
M02_20240313:11,M02,M02_20240313,1.552708327710103,4.790011253459686,4.908192550480634,4.89974895024198,4.933705573895441
M02_20240313:12,M02,M02_20240313,5.687189327633877,4.0790999826610985,4.200483688578094,4.16378975721038,4.13457949870917
M02_20240313:13,M02,M02_20240313,6.07637904368086,7.918721359962801,7.510473971144736,7.562904789111793,7.572952267417326
M02_20240313:14,M02,M02_20240313,4.559656653273557,6.578529994916709,6.941422797593873,7.025646763964572,7.0518782599051
M02_20240313:15,M02,M02_20240313,7.643251130874928,6.973554513954334,6.8964814886997186,6.852386661451312,6.973269513566445
M02_20240313:16,M02,M02_20240313,1.6942390187027183,2.6510155071182995,3.079922833785754,3.1244959972149937,3.173248183773624
M02_20240313:17,M02,M02_20240313,4.937818411378489,5.602369547013106,5.505250654048616,5.671255896701036,5.7435182638856626
M02_20240313:18,M02,M02_20240313,6.401843160746644,6.815887860257958,6.783347419335426,6.912380597438278,7.006638884317966
M02_20240313:19,M02,M02_20240313,0.9590294385047516,6.158739903263161,5.5104881526861815,5.7026803733945695,6.019669180027513
M02_20240313:20,M02,M02_20240313,8.912068377502848,7.37978956573591,7.419684434051114,7.5031176306277105,7.699819610734133
M02_20240313:21,M02,M02_20240313,2.835781490727633,5.156897502701583,5.138620879672412,5.149752432127132,5.257791041109965
M02_20240313:22,M02,M02_20240313,6.269186298505448,5.697039413414316,5.558102263817769,5.692876448613136,5.755613352809723
M02_20240313:23,M02,M02_20240313,5.613608494424776,6.167422037012818,6.082470066984861,5.991666369110067,6.109171579524514
M02_20240313:24,M02,M02_20240313,7.464480318111452,6.136964401533804,6.0095024452307,6.1125793556381245,6.344565815924338
M02_20240313:25,M02,M02_20240313,4.179137625661413,6.7109070761557374,6.879620084395403,6.773437039844126,6.835391832994858
M02_20240313:26,M02,M02_20240313,2.0982130891838304,6.560302842929052,6.764733937169186,6.926969379537671,6.989839159845067
M02_20240313:27,M02,M02_20240313,8.268940693079719,8.459854308823997,8.384447636776247,8.44187255216609,8.656312654151751
M02_20240313:28,M02,M02_20240313,2.6527741993480305,5.596278828369026,5.6802964576504635,5.571065026411617,5.4638486722178286
M02_20240313:29,M02,M02_20240313,1.0392414341057787,4.506036102058575,3.9681463894273286,3.8842119967948046,3.9040273957412195
M02_20240313:30,M02,M02_20240313,1.2376267248539674,6.962446776615175,6.299064358000971,6.449071863387028,6.656298955416899
M02_20240313:31,M02,M02_20240313,9.564669973627103,9.658075333234452,9.290490435414512,9.48093302261595,9.633438871205826
M02_20240313:32,M02,M02_20240313,2.92065339512125,5.819236755396564,5.629477189628901,5.554902218732705,5.594228547270484
M02_20240313:33,M02,M02_20240313,6.837855161154346,6.01988063646568,5.897577612236165,5.965665545294798,6.2036404324013255
M02_20240313:34,M02,M02_20240313,5.217631530899935,5.70134502673312,5.9443729414100925,5.899408563974865,5.884983105798706
M02_20240313:35,M02,M02_20240313,1.4130614883123755,6.263310445057979,6.352947663639713,6.550700955409817,6.698724898938764
M02_20240313:36,M02,M02_20240313,9.114205569492547,5.704208194840733,5.220697634012873,5.415144075480972,5.681184592582346
M02_20240313:37,M02,M02_20240313,1.1559953540241683,3.698638404073509,3.929805893930623,3.6397450963760574,3.5705881448520405
M02_20240313:38,M02,M02_20240313,2.195238773417671,6.566559785250953,6.697438434087077,6.787314211634417,6.911467221014564
M02_20240313:39,M02,M02_20240313,2.7574478986989743,5.960231231751538,5.8542912473936894,5.97966136409381,6.0036913692084966
M02_20240313:40,M02,M02_20240313,9.888913331842124,8.575379319391924,8.71290152624304,8.805508200128411,8.954801308026182
M02_20240313:41,M02,M02_20240313,8.45020741552107,6.810931945161608,6.544414031296973,6.486505500342865,6.530457070058437
M02_20240313:42,M02,M02_20240313,3.5245805633351064,7.621090832783246,7.215545689647684,7.266725251683702,7.511323307393968
M02_20240313:43,M02,M02_20240313,11.008584353452433,6.239548462166474,6.574202879316658,6.803545008990757,6.800420354175723
M02_20240313:44,M02,M02_20240313,1.5365567191096605,6.346472173953373,5.741886766722926,5.810841113923936,6.103540130714731
M02_20240313:45,M02,M02_20240313,9.649354306377656,7.7526162915215435,7.996144321305417,8.027215186014056,8.12574455210537
M02_20240313:46,M02,M02_20240313,1.6558329234134903,5.455672171804894,4.598642684561541,4.661662530812049,4.734643594603259
M02_20240313:47,M02,M02_20240313,1.149047295705457,6.219321715957467,6.168144626099975,6.299270781072537,6.40089240436987
M02_20240313:48,M02,M02_20240313,1.3686384927274708,4.297872177696672,4.3936559891267155,4.426735428531587,4.452065153775488
M02_20240313:49,M02,M02_20240313,10.453532403418869,7.007273532069783,7.097562605307258,7.010216108606146,7.106607052852937
M02_20240313:50,M02,M02_20240313,4.3878147667309495,8.000637941833439,7.778142592552413,7.833546527295896,7.908620239180394
M02_20240313:51,M02,M02_20240313,8.331904339516223,7.918699169857196,7.828617478384519,7.804553756505409,7.892099166227538
M02_20240313:52,M02,M02_20240313,10.59549730166353,5.292480341160763,5.314811444481613,5.2389882733021285,5.333160968623976
M02_20240313:53,M02,M02_20240313,8.953019007240254,6.15072950361168,6.161231552135064,6.307575039857204,6.470681361156105
M02_20240313:54,M02,M02_20240313,2.936516610902215,4.730622841729794,4.506158778204397,4.5038861443319265,4.67400861013266
M02_20240313:55,M02,M02_20240313,1.177732181152771,6.239984583945186,6.131303202214747,6.160495514499881,6.267552833242055
M02_20240313:56,M02,M02_20240313,6.0728000814675465,5.668805270540483,5.506475021335223,5.5082710701961926,5.6449621191648935
M02_20240313:57,M02,M02_20240313,6.5892404658359816,5.431217103886547,5.403498505913393,5.498118310208282,5.623542151140762
M02_20240313:58,M02,M02_20240313,10.703835820570632,7.683548623735481,7.845672153025253,7.899787459434115,8.084028592594162
M02_20240313:59,M02,M02_20240313,1.2453785783352314,7.12506527756857,6.54117131921692,6.634248189637423,6.8559808287629975
M02_20240313:60,M02,M02_20240313,10.404196023387952,6.939862870115769,6.927730489545277,7.143418739033645,7.467661349832874
M02_20240313:61,M02,M02_20240313,11.019698701423165,7.546141736496386,7.501683830839681,7.5323788390037905,7.537857973677562
M02_20240313:62,M02,M02_20240313,0.5244517494418006,3.4255607564277724,3.2457602479574987,3.1705742457761112,3.256277731088903
M02_20240313:63,M02,M02_20240313,3.2465231250913966,3.4872279763331386,3.3703598131772914,3.4368896057529486,3.567418690842736
M02_20240313:64,M02,M02_20240313,15.051177556685897,7.812952280929041,7.979918351672705,8.025240584871412,8.036352686692947
M02_20240313:65,M02,M02_20240313,12.664593962681963,7.545003922866649,8.132172409328788,8.082433275410317,8.135135619265567
M02_20240313:66,M02,M02_20240313,6.418319464440853,7.691265092978773,7.5721745805373555,7.708137359995292,7.818957651017335
M02_20240313:67,M02,M02_20240313,8.176432128028086,6.047794208093544,5.640766639579926,5.676036215307436,5.701667755411759
M02_20240313:68,M02,M02_20240313,11.156708649362606,6.568371811001189,6.572439342258205,6.6106795493089905,6.718221268514175
M02_20240313:69,M02,M02_20240313,10.799963959607568,7.142853077564695,7.03961951670972,7.015230984853794,7.060380791084677
M02_20240313:70,M02,M02_20240313,1.1852312399287175,4.116830547715361,4.394734647986006,4.403249259009396,4.588969106930414
M02_20240313:71,M02,M02_20240313,1.9977632679881512,4.5887136228580525,4.062133335694003,4.065560584199728,4.119442470658744
M02_20240313:72,M02,M02_20240313,10.114416219088218,6.722397290293166,6.4842602095330335,6.74587465856273,6.848739917567025
M02_20240313:73,M02,M02_20240313,10.938081767573665,5.648539965315254,5.742967518490547,5.735257599306157,5.8118821926790165
M02_20240313:74,M02,M02_20240313,1.3839945223612145,4.0462721109960285,4.015219705989929,3.8827907395994936,3.921744195203096
M02_20240313:75,M02,M02_20240313,10.388221658472794,6.024854773576962,6.053106672876745,6.324148994547377,6.483346901318427
M02_20240313:76,M02,M02_20240313,11.267221624021689,7.9857396655378725,7.851367982911144,7.942433851865387,8.04984590273746
M02_20240313:77,M02,M02_20240313,0.44034258140517274,3.719473102816924,2.847821277727955,2.9244074165437,3.043993922486365
M02_20240313:78,M02,M02_20240313,1.7170147840764733,3.8727803956320814,4.133543641904262,4.2290210879034245,4.215589153193978
M02_20240313:79,M02,M02_20240313,10.743569694564025,6.2767223159289385,6.087769304979468,5.940873982757191,5.961894816555759
M02_20240313:80,M02,M02_20240313,10.688806939435981,6.073065249326277,5.840996724555873,5.968611302012377,6.165287649935274
M02_20240313:81,M02,M02_20240313,0.5714511905038333,3.860396177830985,3.705143442618236,3.672717203005642,3.6981017443645237
M02_20240313:82,M02,M02_20240313,1.2056577914501554,5.189877747180182,5.261205999666776,5.080853908954335,5.048278840686796
M02_20240313:83,M02,M02_20240313,11.193419012886729,6.396520450865153,6.628759398687232,6.545489751895376,6.674696298188756
M02_20240313:84,M02,M02_20240313,9.060730642035987,7.016021517706609,6.611504537272489,6.750590349083195,6.995602215542602
M02_20240313:85,M02,M02_20240313,2.916902668616031,4.980692051291379,5.031207974527652,5.146059120172658,5.249033852891858
M02_20240313:86,M02,M02_20240313,2.2791354769820837,5.109501136995135,5.129630036083502,5.122736187724894,5.189436194882309
M02_20240313:87,M02,M02_20240313,10.775490076847182,5.851745029083756,5.770723969253339,5.855078728631605,5.954775765473803
M02_20240313:88,M02,M02_20240313,10.948379957542558,7.652248662672417,7.521429335115069,7.601216449757068,7.658489899587682
M02_20240313:89,M02,M02_20240313,7.955626260099257,7.396441810397722,7.565895931403671,7.530799595580031,7.574412823272454
M02_20240313:90,M02,M02_20240313,8.22154913124233,7.863267709879793,7.412926255818645,7.405181272646163,7.563185581863137
M02_20240313:91,M02,M02_20240313,7.001685848181448,4.75300291843553,5.025538293566941,4.969225056280207,5.05360612747332
M02_20240313:92,M02,M02_20240313,10.541773219568507,4.605156863263894,4.9387444608982225,4.796128243710868,4.799353191030489
M02_20240313:93,M02,M02_20240313,9.94369045315629,6.98936766917499,6.761965615590657,6.947908896995535,7.0508389667269835
M02_20240313:94,M02,M02_20240313,3.018500976241034,6.035478516495526,5.880474437664603,5.865433467165026,5.956222068487367
M02_20240313:95,M02,M02_20240313,0.3963699209004507,4.259651021418965,3.4945690015653836,3.4706899360065444,3.6040697073367225
M02_20240313:96,M02,M02_20240313,5.676918444596725,4.792537299534485,4.709294322849077,4.681896363478976,4.764296941898617
M02_20240313:97,M02,M02_20240313,9.040815393404884,6.032898467840102,6.0194135045553745,6.088880821036125,6.2060141898977355
M02_20240313:98,M02,M02_20240313,8.98214656616726,5.510710718353868,5.69863143731992,5.668448707159149,5.6992134350240935
M02_20240313:99,M02,M02_20240313,4.402151169397271,6.734717312715368,6.685207879469586,6.66525285333528,6.815145598141048
M02_20240313:100,M02,M02_20240313,8.211719315771145,6.444703768973948,6.228950218826114,6.2362868961461535,6.448298372687039
M02_20240313:101,M02,M02_20240313,10.517778576633956,6.53810157296202,6.434621918589076,6.343602529898603,6.413806100910507
M02_20240313:102,M02,M02_20240313,11.352569373827126,4.235437087880343,4.610051748235952,4.767222432740139,4.853139596181996
M02_20240313:103,M02,M02_20240313,6.697291960748755,6.7568209202706,6.695539287702373,6.818459713991591,6.970546871350317
M02_20240313:104,M02,M02_20240313,5.986031892947302,5.521900555084547,5.423179362212388,5.497183543540553,5.671580551856551
M02_20240313:105,M02,M02_20240313,8.054772337842994,3.3394196678036003,3.8274429331296655,3.9590438385815063,3.9707354018493217
M02_20240313:106,M02,M02_20240313,14.701581767565111,8.5176225687694,8.432621292318277,8.50840590387002,8.751492831722139
M02_20240313:107,M02,M02_20240313,0.9340667049437755,5.064009000994447,4.537664849379877,4.381426474473733,4.505975404867498
M02_20240313:108,M02,M02_20240313,11.358717738255176,7.0493382977033106,7.277715279365394,7.276704860121296,7.3196383471481
M02_20240313:109,M02,M02_20240313,11.196028221531693,7.59165207859899,7.270847274478979,7.322979868781642,7.4509641371500495
M02_20240313:110,M02,M02_20240313,0.8601657006255041,4.811837251893433,4.515209338854168,4.5675977482504795,4.5578664777635955
M02_20240313:111,M02,M02_20240313,12.842972055092217,6.8221017709681835,6.7824268002552035,6.983613790671685,7.145085600466925
M02_20240313:112,M02,M02_20240313,9.356386076278156,4.873575209860546,4.936115257568817,4.978907494961495,5.1136509539608035
M02_20240313:113,M02,M02_20240313,6.475489833769437,5.0705717098364715,4.875319243005027,5.018523017727257,5.118284538654976
M02_20240313:114,M02,M02_20240313,13.618828363535899,7.016850846051792,6.462308533714441,6.753622550191792,7.020355210617994
M02_20240313:115,M02,M02_20240313,3.838150440561607,5.093335736892344,5.255898439572987,5.360849806081046,5.407637452991999
M02_20240313:116,M02,M02_20240313,6.211739767675864,4.775833507613233,4.989736350361728,4.917509785609458,4.91324562353027
M02_20240313:117,M02,M02_20240313,9.164458394104031,7.813443484483914,7.653488252525766,7.570323023903378,7.641306252117816
M02_20240313:118,M02,M02_20240313,7.450621410500336,6.551998668227162,6.440067133278146,6.487272665754765,6.565234069832146
M02_20240313:119,M02,M02_20240313,11.135572827750577,8.11459036865968,8.442947729802071,8.39334072742022,8.478013458263714
M02_20240313:120,M02,M02_20240313,11.36755698686541,9.237774461979786,9.506760574158182,9.49421560102779,9.557841567420446
M02_20240313:121,M02,M02_20240313,2.361406055357066,4.862803364000562,5.320603104328611,5.245800849423166,5.3453329331763975
M02_20240313:122,M02,M02_20240313,10.508551700896616,6.9433621450119745,6.645657376907974,6.741802370593743,6.888329489832815
M02_20240313:123,M02,M02_20240313,11.047446507778337,7.77056281038203,7.956414922606244,8.15745388250902,8.318677800281389
M02_20240313:124,M02,M02_20240313,3.629008610887077,5.5872664635897475,5.583364538855783,5.509489100456136,5.49481500189074
M02_20240313:125,M02,M02_20240313,17.151408944246995,6.664597100507147,6.601285356546436,6.473416417609792,6.5870182996708255
M02_20240313:126,M02,M02_20240313,3.127227757876552,2.563971063905934,2.781019664383499,2.7226545115334675,2.706384082778296
M02_20240313:127,M02,M02_20240313,11.397786414096071,4.796967818713347,4.963581785725388,5.126439449392443,5.2560134740377595
M02_20240313:128,M02,M02_20240313,3.3464593126815045,6.90198732408043,6.747710299451837,6.996179578696904,7.22004264381289
M02_20240313:129,M02,M02_20240313,10.142413090504887,7.2759359851427305,7.587693417100645,7.485722531189237,7.604212803780768
M02_20240313:130,M02,M02_20240313,0.677674031619957,4.617861453655639,4.237322332643915,4.21959230290324,4.206173435973431
M02_20240313:131,M02,M02_20240313,2.5711330134381667,4.897842940952774,4.991603233233761,4.981713960147095,4.919852849000902
M02_20240313:132,M02,M02_20240313,4.819770691937536,4.207027561119816,4.242977971918849,4.4197210533443,4.334849095971065
M02_20240313:133,M02,M02_20240313,9.571209617725865,7.968501103861124,7.835450845705852,7.9242583594874345,8.139735349072375
M02_20240313:134,M02,M02_20240313,8.802162548780789,7.82160769413606,7.815657996459914,7.997587525015892,8.10852924640474
M02_20240313:135,M02,M02_20240313,1.9285094994380056,7.799461527052948,7.322981430190923,7.351043301135821,7.497514912708027
M02_20240313:136,M02,M02_20240313,9.842689187536779,7.37127749610961,7.0205127297106324,7.27003183347637,7.488795424534107
M02_20240313:137,M02,M02_20240313,12.595879179549208,7.962532253910408,7.827705112297864,7.951794919512663,8.062940709345332
M02_20240313:138,M02,M02_20240313,1.7965883174721986,4.27129027377457,4.0963183954078,4.094495001220004,4.20504200524098
M02_20240313:139,M02,M02_20240313,8.755221333808434,6.531510199079381,6.62474084574535,6.635484057110214,6.587693600122522
M02_20240313:140,M02,M02_20240313,13.176594457145624,6.091629453580323,5.922012547415031,5.951513170727584,6.038873880659482
M02_20240313:141,M02,M02_20240313,11.67393313454439,5.109848581940124,5.227159540544703,5.239422918335188,5.3108851478233
M02_20240313:142,M02,M02_20240313,1.74092848750255,7.303795131711687,6.930512616308087,7.113576268007787,7.293677528236108
M02_20240313:143,M02,M02_20240313,10.247338659037302,4.466541725996297,4.425558787623789,4.600213489827363,4.692872557383703
M02_20240313:144,M02,M02_20240313,4.9714271657992475,4.118655854091568,4.265891789122065,4.466243966803564,4.578571729619715
M02_20240313:145,M02,M02_20240313,11.084900485804164,8.939560116802394,8.829560620114325,9.015554148694894,9.159448415560686
M02_20240313:146,M02,M02_20240313,8.439063936028287,6.302715722605,6.412172693932942,6.332372840781221,6.428451097052628
M02_20240313:147,M02,M02_20240313,11.167901278519352,4.2737883283919755,4.194584703231799,4.381964234098353,4.501417811874019
M02_20240313:148,M02,M02_20240313,11.239544046859887,6.154429329657272,6.2461352142389295,6.364407411160846,6.463324342501279
M02_20240313:149,M02,M02_20240313,1.928052871682578,4.870971780345678,4.4881428592413855,4.589270245070642,4.777749292302904
M02_20240313:150,M02,M02_20240313,18.057969501168262,6.790307491290751,7.017929852876085,7.180677059785101,7.2847059192150105
M02_20240313:151,M02,M02_20240313,4.553522849019852,5.176472566143947,5.1865735133813295,5.079896799823749,5.0626223256061245
M02_20240313:152,M02,M02_20240313,12.393276570570551,6.810426954887041,6.871384274168848,6.890966577988425,7.053249303540998
M02_20240313:153,M02,M02_20240313,11.0927839027875,6.359138023326801,7.167389594153418,7.188271134946173,7.123731440324599
M02_20240313:154,M02,M02_20240313,11.280340047806797,5.5166886517904645,5.062381945501193,5.073757670773919,5.1556659699886955
M02_20240313:155,M02,M02_20240313,0.9246269932640827,5.193966513073074,4.972891970145045,5.1094801807806345,5.266179375048734
M02_20240313:156,M02,M02_20240313,9.101420972605675,6.212810130850866,6.302758538588665,6.40972107822482,6.457913970706498
M02_20240313:157,M02,M02_20240313,3.921191887916494,6.8465063326152755,6.786201219033353,6.862454928431763,7.025853591264966
M02_20240313:158,M02,M02_20240313,1.3775055306440007,5.230145720940966,4.8494429476985195,4.741816412611019,4.936659080891768
M02_20240313:159,M02,M02_20240313,10.758725475097142,3.328509314853596,3.8045663845883753,3.719773182021185,3.7719328734884288
M02_20240313:160,M02,M02_20240313,6.793953952372514,6.01597479670434,6.377400487487362,6.522201657791906,6.703026054465936
M02_20240313:161,M02,M02_20240313,6.186333960608741,5.800032134340561,5.543493059211808,5.60159778652839,5.80774247396537
M02_20240313:162,M02,M02_20240313,4.061658402237249,4.527259135170678,4.694265373988646,4.836808728016076,4.824848571399983
M02_20240313:163,M02,M02_20240313,8.838842212479415,8.557230931821941,8.762405750607167,8.86494959242869,8.938974750679726
M02_20240313:164,M02,M02_20240313,8.607704534023641,4.929902508663047,5.4464633177108395,5.541477332635031,5.634753543416554
M02_20240313:165,M02,M02_20240313,4.508308947112959,5.9525341044267535,5.993847716607336,5.91887021568193,5.907174045088073
M02_20240313:166,M02,M02_20240313,10.770682588633566,5.907644201967268,6.061731744586496,6.1499050958743915,6.290539615803766
M02_20240313:167,M02,M02_20240313,11.381669886603067,6.632331221094998,7.032684836836207,7.0577910685276155,7.203061317758745
M02_20240313:168,M02,M02_20240313,2.823723401683859,3.4996200953756866,3.592937498695478,3.568012856990713,3.610353570260968
M02_20240313:169,M02,M02_20240313,6.384352176587964,5.890670568349089,5.850937353262642,6.024783792602115,6.174178447455095
M02_20240313:170,M02,M02_20240313,5.081088441116081,6.764280446338468,6.416759758821197,6.462155956490751,6.7882283592261174
M02_20240313:171,M02,M02_20240313,2.740825783706441,6.351422513976628,6.246728252320815,6.476358701893367,6.529138148239921
M02_20240313:172,M02,M02_20240313,8.24210483158199,6.686716337174406,6.938333665465071,7.104573075959333,7.240693532996761
M02_20240313:173,M02,M02_20240313,2.840181465867786,4.712437316607607,5.569111103660867,5.4727738058840725,5.4315806923918775
M02_20240313:174,M02,M02_20240313,3.569932440560914,5.618699946403533,5.495107598129532,5.610872396265176,5.736241583255514
M02_20240313:175,M02,M02_20240313,9.676500186739306,6.745631655857139,7.030011166744038,7.00827851146178,7.067974877035493
M02_20240313:176,M02,M02_20240313,4.75097959635881,5.675462900894704,5.628429207944609,5.484436640376184,5.623268807346161
M02_20240313:177,M02,M02_20240313,7.25108400239906,6.307938290383235,6.041772162272289,6.06234918086238,6.1659481744153695
M02_20240313:178,M02,M02_20240313,3.0658799812646342,5.7456061138138095,5.69945616485662,5.609748109669959,5.691566405803223
M02_20240313:179,M02,M02_20240313,11.277787301881858,6.420691919702671,6.571061692613744,6.806781908175311,6.914763076938299
M02_20240313:180,M02,M02_20240313,8.970387781616752,6.180794684729731,5.769383138752881,5.710357949193803,5.868779861288322
M02_20240313:181,M02,M02_20240313,3.5620187513876775,4.723121646026653,4.885746067157834,4.766438648132638,4.804333352468866
M02_20240313:182,M02,M02_20240313,1.337611749206884,5.262645169299832,5.382401494478331,5.365346560659254,5.400982113258448
M02_20240313:183,M02,M02_20240313,5.4512443869118,4.166816417265938,4.083971887180214,4.242566914768814,4.434790431654445
M02_20240313:184,M02,M02_20240313,7.813660780185672,5.7856400220930055,5.88536937524491,5.9322003364311,6.015642999696132
M02_20240313:185,M02,M02_20240313,4.17332268738137,5.382158472316226,5.291540810440239,4.9479107944200695,5.140122056905257
M02_20240313:186,M02,M02_20240313,5.022376758448314,4.1495508271883725,4.083364770678376,4.1741215913828125,4.275525069920888
M02_20240313:187,M02,M02_20240313,2.024903854672377,5.193033812673214,5.311077578509748,5.217822944252621,5.323918546971695
M02_20240313:188,M02,M02_20240313,3.3717920035194564,7.36055720745923,7.298452521894647,7.400946645225379,7.480728580399559
M02_20240313:189,M02,M02_20240313,2.5506199349158387,4.658838883409609,4.43256041105246,4.2646017953107345,4.4092918209577565
M02_20240313:190,M02,M02_20240313,3.1619413057779373,7.50547839613957,7.356424572349376,7.399889815464748,7.607046757149663
M02_20240313:191,M02,M02_20240313,3.0155855473953723,6.71568926027507,6.187838143075326,6.302823472461516,6.462056883724732
M02_20240313:192,M02,M02_20240313,7.580249513093578,5.387392449973594,5.184031007267795,5.441134754808729,5.547473307399176
M02_20240313:193,M02,M02_20240313,4.2777713425318575,6.503113874929572,6.549880335664286,6.503340429528945,6.516654322165618
M02_20240313:194,M02,M02_20240313,7.844497272706412,6.834916658417151,6.648843509073273,6.706256186184502,6.780451314415135
M02_20240313:195,M02,M02_20240313,4.5880820829491915,6.318708934230387,6.394912822612679,6.388349200972675,6.4944617502223565
M02_20240313:196,M02,M02_20240313,4.242293124334418,5.188903026780643,5.182192905484557,5.234901459259212,5.2889702854465295
M02_20240313:197,M02,M02_20240313,7.322724077331341,8.330119441276594,8.469760083451867,8.511704435196322,8.633636306080302
M02_20240313:198,M02,M02_20240313,8.402268714341444,5.605075245906937,5.938754047379688,6.0503852688417865,6.112731206517421
M02_20240313:199,M02,M02_20240313,7.330572251741905,5.669269417729178,5.701461770412674,5.751396162042717,5.775723294725843
M02_20240313:200,M02,M02_20240313,3.5318620869010533,5.847356333629798,6.18670736325252,5.998769846193133,6.098537407213096
M02_20240313:201,M02,M02_20240313,3.282715596668095,6.31564286215586,6.0428935251280524,6.203176518858745,6.17715057679373
M02_20240313:202,M02,M02_20240313,5.138407151370777,5.920740076446447,5.991434648801803,6.205980733635233,6.43461738642754
M02_20240313:203,M02,M02_20240313,10.570118293874685,6.779587363236812,6.8403649498748464,6.829250643661066,7.00229922814633
M02_20240314:0,M02,M02_20240314,6.2920479345540805,6.3248313445964754,6.6193297447486374,6.907554422150653,7.025984215260126
M02_20240314:1,M02,M02_20240314,5.602487099305117,6.764797807783333,6.6341241284447054,6.549340182190474,6.741771456711024
M02_20240314:2,M02,M02_20240314,0.9147311225723593,4.753120718911214,4.341445112639203,4.296292894761761,4.382335356717349
M02_20240314:3,M02,M02_20240314,1.915133507762287,4.884754995293002,4.164969714015664,4.30597272211844,4.529605802258924
M02_20240314:4,M02,M02_20240314,9.312243235904875,6.420135714758297,6.214391554136369,6.266653901467457,6.318730754295139
M02_20240314:5,M02,M02_20240314,1.3109752245479647,4.5403062581179405,4.46034542881139,4.4890584646014045,4.59757895928221
M02_20240314:6,M02,M02_20240314,11.048897074914262,7.702173483195059,7.688346923376798,7.8084182798042425,7.955564419477047
M02_20240314:7,M02,M02_20240314,0.8029310420675904,5.305445059819053,4.664501376554937,4.805181485681936,5.0497740907575075
M02_20240314:8,M02,M02_20240314,1.4291421158434852,3.8413650463640185,3.857545806977523,3.9555496692431804,3.920758260776002
M02_20240314:9,M02,M02_20240314,1.6042308638658622,6.538290046710165,6.204676650987315,6.249172093473361,6.23742097303311
M02_20240314:10,M02,M02_20240314,2.8244221702972028,5.595716819062454,5.203867723910177,5.360622947879282,5.50404279738038
M02_20240314:11,M02,M02_20240314,2.9527067879137836,7.891997265796748,7.9642130483479825,8.086487957402198,8.197563823617104
M02_20240314:12,M02,M02_20240314,7.599465629036522,5.893633694435621,5.9116561570668384,6.0725163559021755,6.266640746204575
M02_20240314:13,M02,M02_20240314,3.9143122819996012,3.462230613935922,3.529427823480904,3.481650239792348,3.4955700956944282
M02_20240314:14,M02,M02_20240314,0.7173426614517697,4.094481649732128,3.918147038433109,4.123224087998128,4.115788642165726
M02_20240314:15,M02,M02_20240314,1.3628573563926818,5.096483567142853,5.4086190741926865,5.581202360300575,5.633034332498007
M02_20240314:16,M02,M02_20240314,9.568127828785121,7.829263358793106,7.772521590769387,7.880809418271864,7.952011854152235
M02_20240314:17,M02,M02_20240314,5.721960085289369,6.337074288617127,5.736183507085686,5.824010587317455,6.00900824136918
M02_20240314:18,M02,M02_20240314,7.075704475634376,5.456690463879204,5.71553338369932,5.8728852038504415,5.942890675928703
M02_20240314:19,M02,M02_20240314,11.122073789953214,6.987870427744118,6.938504606791662,6.8640912474328175,6.890223818720182
M02_20240314:20,M02,M02_20240314,10.989848256740855,6.313955084964794,6.224826108974527,6.195426776111557,6.393197781639234
M02_20240314:21,M02,M02_20240314,4.575769633563963,5.469206870407335,5.163926119352185,5.236089686667855,5.313033816150366
M02_20240314:22,M02,M02_20240314,7.866836069741892,6.022174130441046,5.975136364271773,5.989826656583543,6.015921234300195
M02_20240314:23,M02,M02_20240314,4.863056250773038,5.776030780327554,6.066966908927201,6.045523448744271,6.057919333942898
M02_20240314:24,M02,M02_20240314,8.25244921417014,6.611263916789153,6.264447056276334,6.211880144363297,6.319497492539444
M02_20240314:25,M02,M02_20240314,10.991454230977633,5.161331368496657,5.539076879205067,5.352023454125453,5.380545182770295
M02_20240314:26,M02,M02_20240314,0.964959894222002,5.594294525440999,4.902981636627626,5.115974905639948,5.31459310893041
M02_20240314:27,M02,M02_20240314,3.246144458955295,5.522473452054407,5.534289805607225,5.479956486913872,5.474587980470193
M02_20240314:28,M02,M02_20240314,9.065131670590274,7.147289687201024,6.760967845090512,6.883603294495503,7.012241463939678
M02_20240314:29,M02,M02_20240314,7.762735943823645,7.895317468807182,8.09443751294592,8.163290364056543,8.233352639333338
M02_20240314:30,M02,M02_20240314,4.34192477615449,4.539206115812328,5.065411424303173,4.966864124413929,5.070624996762941
M02_20240314:31,M02,M02_20240314,0.7446231465871413,4.657798610904817,4.113901734049759,4.228062022121945,4.389914716405314
M02_20240314:32,M02,M02_20240314,1.8825121283823365,4.749727579046273,4.7258279846928986,4.717605004560993,4.737263215943824
M02_20240314:33,M02,M02_20240314,4.336993589509176,7.8279031731962405,7.541768910595543,7.567223683685036,7.586994493184641
M02_20240314:34,M02,M02_20240314,7.625727298017166,6.269001875430335,6.071141722248363,6.188381131679724,6.308852713232771
M02_20240314:35,M02,M02_20240314,9.551385981680571,7.141737897690884,7.143913171495891,7.172542515777781,7.205329271587747
M02_20240314:36,M02,M02_20240314,2.6532121406931446,4.297550571881126,4.269905764014474,4.30619712723487,4.343171322957604
M02_20240314:37,M02,M02_20240314,11.846604984503019,5.754070166062751,5.872870225106929,5.984167294343829,6.049743728081496
M02_20240314:38,M02,M02_20240314,10.323278859640798,7.88799023840388,8.204295528073743,8.22553675795834,8.275063830047607
M02_20240314:39,M02,M02_20240314,1.9899874083171247,4.181939978980425,4.26339065139115,4.35517146514079,4.381232206341228
M02_20240314:40,M02,M02_20240314,1.4373840967809026,5.37490368383337,5.422312955835411,5.337526411044361,5.320885228960968
M02_20240314:41,M02,M02_20240314,1.8934048653970061,4.0406480611041315,3.6565389545371842,3.4465547839917114,3.4256508280780773
M02_20240314:42,M02,M02_20240314,9.972446074420898,5.989774650692224,6.246152567622317,6.2153317020887044,6.288235852939374
M02_20240314:43,M02,M02_20240314,10.519393556302688,6.4216662975162775,6.070729269284173,6.202471360841159,6.292609998216936
M02_20240314:44,M02,M02_20240314,10.983968151481942,6.183861350729295,6.118603180677189,6.514113287960264,6.550206713371404
M02_20240314:45,M02,M02_20240314,1.419546938513564,5.527268589583314,4.962348037368191,5.093906830379439,5.23564382748125
M02_20240314:46,M02,M02_20240314,3.3451599478980305,4.968672390881422,4.729064246568802,4.7068584613117945,4.748412928709592
M02_20240314:47,M02,M02_20240314,8.181353343514417,6.2215926678002615,6.166672480391869,6.023658772547813,6.0023556171585675
M02_20240314:48,M02,M02_20240314,11.126814083318477,7.1852781586729275,7.042919326486976,7.246261852133215,7.465841321508899
M02_20240314:49,M02,M02_20240314,11.46882237543037,7.23696009714706,7.382824262989306,7.45927009061442,7.662022177945952
M02_20240314:50,M02,M02_20240314,6.603703086224204,5.773255537321661,6.111291062133651,6.200205743905327,6.271075988724116
M02_20240314:51,M02,M02_20240314,10.935205238114666,5.763969351727939,5.9311122861298635,6.044898386068592,6.133088427368547
M02_20240314:52,M02,M02_20240314,5.867573770206057,4.227579778487053,3.8361646603446875,3.9157494447946135,3.9930763144847816
M02_20240314:53,M02,M02_20240314,11.15668717698135,5.459500907937366,5.299735686593711,5.259091574824008,5.299864188115156
M02_20240314:54,M02,M02_20240314,8.79240518389304,6.259409386912534,6.462963559101644,6.611769030130065,6.701168473116524
M02_20240314:55,M02,M02_20240314,3.16452480151738,4.986004297173137,4.777387711121776,4.773894204505433,4.8039285828304035
M02_20240314:56,M02,M02_20240314,2.6749353439311427,6.036299471493936,5.46904018263414,5.493455813164827,5.592441379846152
M02_20240314:57,M02,M02_20240314,9.836656861361837,6.364620044760551,6.563046410873456,6.71461572282821,6.849050276631617
M02_20240314:58,M02,M02_20240314,3.711021317168425,4.518682336095058,4.276089517680852,4.220776375405214,4.335735839478115
M02_20240314:59,M02,M02_20240314,8.045488980967122,7.699513106112594,7.18887079308689,7.384769029220799,7.478217950918065
M02_20240314:60,M02,M02_20240314,0.9926248259031055,5.151676864802324,5.059760846514713,5.157948214315633,5.217875439230875
M02_20240314:61,M02,M02_20240314,11.320020965836814,7.8833620148334695,7.950968909333668,7.860949607220767,7.9799697182427645
M02_20240314:62,M02,M02_20240314,11.47165495297579,7.676538913409823,7.578138450298882,7.633431486603967,7.643278051786513
M02_20240314:63,M02,M02_20240314,10.228468721815373,4.245144006701245,4.567102348411036,4.527985741021526,4.588688400613231
M02_20240314:64,M02,M02_20240314,0.8818134605726594,5.192354745774191,4.475724486526124,4.525462060813381,4.7075210309364675
M02_20240314:65,M02,M02_20240314,1.052221803616849,4.30724902277705,4.104392724582125,4.248892872675662,4.395371787601576
M02_20240314:66,M02,M02_20240314,3.418747490579098,6.372120320207015,6.422594777452595,6.309595196359824,6.385490987095572
M02_20240314:67,M02,M02_20240314,4.835806255486076,9.276524469486521,9.237890307334188,9.449826453394177,9.584590840813835
M02_20240314:68,M02,M02_20240314,6.1405099101083795,8.953580416047846,8.839785020925122,8.97801777858007,8.995998867712865
M02_20240314:69,M02,M02_20240314,2.8394584924375947,5.113412168002952,4.7794173350498355,4.737511688743711,4.798188009270427
M02_20240314:70,M02,M02_20240314,9.157975865892293,4.804153142431465,4.948200906627299,5.035870246871563,5.09441336406255
M02_20240314:71,M02,M02_20240314,1.9172770782894488,4.962900749773051,5.054604869886761,5.267892727649438,5.308644596740624
M02_20240314:72,M02,M02_20240314,10.998684143488267,7.197406803607032,7.598395336268954,7.753227744883144,7.890572364604283
M02_20240314:73,M02,M02_20240314,5.097201124905744,5.06673662179034,4.651442026052791,4.738951619215243,4.873901817861618
M02_20240314:74,M02,M02_20240314,11.657813631180536,6.1152095136088835,6.55088080285116,6.653929899718536,6.66730460245167
M02_20240314:75,M02,M02_20240314,4.6293338736713,6.583986165840693,6.432137840494393,6.516466474702545,6.602764629822426
M02_20240314:76,M02,M02_20240314,2.991222484309036,5.855927357118934,5.610975622368806,5.715175715216191,5.835793941456815
M02_20240314:77,M02,M02_20240314,11.03330151999415,5.184113466645913,5.051416407134974,5.119151141504593,5.187292350860783
M02_20240314:78,M02,M02_20240314,11.060053973157395,5.875725057405477,5.773598446466224,5.791747307999848,5.882395124442915
M02_20240314:79,M02,M02_20240314,10.755772504913713,5.430805467181923,5.08618143505036,5.057165963983245,5.184255468303581
M02_20240314:80,M02,M02_20240314,1.5586759161211317,6.220593765428497,6.186902939733811,6.2701295346940435,6.365405383456947
M02_20240314:81,M02,M02_20240314,10.733349300696037,8.210775358223547,8.095754720882399,8.199089497506705,8.385447601971467
M02_20240314:82,M02,M02_20240314,11.12167175539662,5.0512603816062605,4.8406189348879085,4.894151679201901,5.016965912559586
M02_20240314:83,M02,M02_20240314,2.2328706507970852,4.318050616580779,4.382163575995283,4.332543120084729,4.366695549328056
M02_20240314:84,M02,M02_20240314,13.37203913601028,7.826349848070882,7.862266492485373,7.964211818062225,8.128515115225706
M02_20240314:85,M02,M02_20240314,8.613663839222552,5.416375298735527,5.48904311350543,5.497256140733738,5.50457161414892
M02_20240314:86,M02,M02_20240314,9.84061213636061,7.242568222741329,7.188865607263919,7.259730809307111,7.337138103441502
M02_20240314:87,M02,M02_20240314,11.19866914195096,4.452481308567305,4.737535556868913,4.7821697355220705,4.819715060587285
M02_20240314:88,M02,M02_20240314,5.451971464039579,5.03654174886408,4.937087002654035,4.791587722238884,4.894307346563514
M02_20240314:89,M02,M02_20240314,6.328550263298382,4.7516578767380055,4.8783738305378535,4.783729484755295,4.759189435696777
M02_20240314:90,M02,M02_20240314,1.2948987351233388,4.544419058248762,4.662139277187377,4.772985407311422,4.754827921220381
M02_20240314:91,M02,M02_20240314,10.524088857321484,7.920235823979624,7.915095985787779,7.863349156671161,7.922811493182053
M02_20240314:92,M02,M02_20240314,7.695407176417299,6.151402065095227,5.9584658646045465,6.156997634833026,6.295523472532915
M02_20240314:93,M02,M02_20240314,3.984686607465679,4.634268352016229,4.5301014183672965,4.673954950660299,4.758614013849946
M02_20240314:94,M02,M02_20240314,0.344355481373496,3.978417110884089,3.1797142074354374,3.256963139391453,3.372149805587212
M02_20240314:95,M02,M02_20240314,0.38246766583039443,3.879323529836386,3.297901819381253,3.381481116311048,3.614867407974301
M02_20240314:96,M02,M02_20240314,1.1828959405843398,4.458150581530892,4.095471989273289,4.106576280845193,4.156382321401825
M02_20240314:97,M02,M02_20240314,10.680271088766485,6.22411299293581,6.403501654357955,6.545655399586581,6.578786030219082
M02_20240314:98,M02,M02_20240314,0.9357900115027633,5.105557222927493,5.2580231471061945,5.2927472998211,5.520260869165455
M02_20240314:99,M02,M02_20240314,5.547586925654895,4.8890634042996,4.744542134549166,4.874615756590616,5.008142634262271
M02_20240314:100,M02,M02_20240314,5.871640470411945,5.077229664761927,5.586643247001113,5.771037401784368,5.838462800218625
M02_20240314:101,M02,M02_20240314,11.169330701296715,6.502534414731065,6.469717064946915,6.674334584030918,6.824796820619051
M02_20240314:102,M02,M02_20240314,11.040689663409733,5.620915949148083,5.880433577230464,5.890554728938492,5.852057634226356
M02_20240314:103,M02,M02_20240314,10.823546663914247,7.20046570956987,7.238554016062509,7.402364946100258,7.483256273164281
M02_20240314:104,M02,M02_20240314,11.289713713411745,6.067138871170751,5.568508630820544,5.440390682959826,5.540251394121741
M02_20240314:105,M02,M02_20240314,11.695824085687098,6.379831708263725,6.638798667884398,6.850121853152295,6.896202380636694
M02_20240314:106,M02,M02_20240314,7.052936556315764,5.06741533535097,4.878265168637619,5.116000558515595,5.324162016364366
M02_20240314:107,M02,M02_20240314,5.891593080335503,4.264694344124166,4.335094241272932,4.249425036875843,4.284745271095073
M02_20240314:108,M02,M02_20240314,11.178161670083133,6.260398152237887,6.475985429057182,6.23264286278327,6.2365802686523715
M02_20240314:109,M02,M02_20240314,2.2178227707105824,4.141601286080805,3.695975060407708,3.630708707578744,3.7378592253417775
M02_20240314:110,M02,M02_20240314,10.76456849158755,6.889583353554501,6.950368059719758,7.0034347946884825,7.132885792848384
M02_20240314:111,M02,M02_20240314,17.387266602940098,7.057597980979184,7.539359563001497,7.559962294774191,7.643932860852072
M02_20240314:112,M02,M02_20240314,13.728375349875588,6.376147435046308,6.594274274350798,6.737562396377952,6.860017505479041
M02_20240314:113,M02,M02_20240314,2.3863990043681618,5.028709363091794,4.533172182538136,4.640435363623472,4.718979671656028
M02_20240314:114,M02,M02_20240314,11.0909243797398,6.340219292010873,6.582859652333959,6.712481270122741,6.751003647979839
M02_20240314:115,M02,M02_20240314,14.831717734421716,6.871882855521708,7.373556594964498,7.577153626371407,7.607719403239029
M02_20240314:116,M02,M02_20240314,9.697957779647885,7.008419135774242,6.832459959319016,6.788055098289274,6.96921061573741
M02_20240314:117,M02,M02_20240314,9.728093980492806,5.967832113556055,5.940930857906411,6.049719763900226,6.234909540225472
M02_20240314:118,M02,M02_20240314,10.53780037407872,4.9730160968747645,4.850347789018572,4.913750005630863,5.082782674656567
M02_20240314:119,M02,M02_20240314,11.337666989806392,5.421373175422025,5.624417745105444,5.741411949148197,5.798796885068687
M02_20240314:120,M02,M02_20240314,2.145087691579153,5.710739088104116,5.765340868026894,5.920307929599501,5.950340347465813
M02_20240314:121,M02,M02_20240314,12.362401370355485,6.280502177286557,5.998556584947497,6.053161196720185,6.090384525953233
M02_20240314:122,M02,M02_20240314,8.559541117275785,4.660093386993002,4.435682004972412,4.468862021888339,4.524922063199
M02_20240314:123,M02,M02_20240314,0.7271797984652221,2.9021902859513187,3.114778693329924,3.1305746837471613,3.253772753401087
M02_20240314:124,M02,M02_20240314,0.8052790894052465,3.5414994984594097,3.6479673681841955,3.573331216753698,3.5765914216256363
M02_20240314:125,M02,M02_20240314,1.5920224118398947,6.606307023143148,6.15665479004822,6.244011891617211,6.413704166998927
M02_20240314:126,M02,M02_20240314,10.952156599123274,6.774269905355,7.111979614270345,7.101768782330577,6.932919298942143
M02_20240314:127,M02,M02_20240314,3.4318568891207346,6.2888965509933925,6.486107954878299,6.648485414857518,6.893930657420056
M02_20240314:128,M02,M02_20240314,8.22408073974761,6.721465939812301,6.655749125264268,6.7477524634216275,6.908829476467266
M02_20240314:129,M02,M02_20240314,11.139008343089115,7.050010112369646,7.311886165276242,7.388572146085588,7.507860008139732
M02_20240314:130,M02,M02_20240314,0.9584614326996552,5.0101931839363285,4.852620593267136,5.060803298170803,5.042021506111322
M02_20240314:131,M02,M02_20240314,7.931894534028368,4.371894464186979,4.368052729841482,4.690723949398389,4.776994578095095
M02_20240314:132,M02,M02_20240314,12.034245447171328,6.371401386551947,6.551881755141999,6.536438462515131,6.611917879140969
M02_20240314:133,M02,M02_20240314,2.7725705582082436,6.727229657500578,6.7073613802810605,6.82856318145656,6.8615593242966835
M02_20240314:134,M02,M02_20240314,11.196504007354571,7.170386733309618,7.631856848724693,7.8673532191294555,7.816708883754926
M02_20240314:135,M02,M02_20240314,7.523671965859946,8.418378832574312,8.171091286481555,8.350934902707728,8.513846109631729
M02_20240314:136,M02,M02_20240314,4.825777259675561,6.649818640889389,6.778373714415314,6.73442298992914,6.721765949555824
M02_20240314:137,M02,M02_20240314,11.461527181247378,6.450865778460937,6.380461770164603,6.526864219858701,6.602466351118079
M02_20240314:138,M02,M02_20240314,3.7382969209013477,6.709746533757839,7.326719822230853,7.387733360937978,7.463034636280825
M02_20240314:139,M02,M02_20240314,8.199733308502005,7.0192087588642655,7.2017064320848565,7.245001788269106,7.369077249995934
M02_20240314:140,M02,M02_20240314,1.0452665721524859,6.655659916071821,6.443003578560672,6.477433607441773,6.622607649228071
M02_20240314:141,M02,M02_20240314,3.5971269219061623,5.749067154859286,5.558740190899863,5.595546276597217,5.855743681277678
M02_20240314:142,M02,M02_20240314,7.791065520765961,5.926980368372439,6.203846968076953,6.300139737422192,6.37261061235583
M02_20240314:143,M02,M02_20240314,1.7538268977875977,5.106455043144551,4.864370003452911,4.826987117441741,4.963443921532191
M02_20240314:144,M02,M02_20240314,10.802186641246637,6.745739644921666,6.758400594406323,6.736566331725505,6.843666779665423
M02_20240314:145,M02,M02_20240314,3.794952625001671,6.346595166656723,6.312660892115938,6.334592330681245,6.432343221158206
M02_20240314:146,M02,M02_20240314,8.290804831920411,3.96854835243978,3.6680237594093104,3.718587705323606,3.783619149043161
M02_20240314:147,M02,M02_20240314,11.058260133469016,7.005523339564199,7.155308036143788,7.282214972219659,7.4175007657979
M02_20240314:148,M02,M02_20240314,9.816389332511724,5.669198175456697,5.715163889896027,5.980648669539736,6.024650262884508
M02_20240314:149,M02,M02_20240314,11.100529466765309,6.519048127644602,6.849218598972889,6.860998762484735,6.9362280858532595
M02_20240314:150,M02,M02_20240314,5.469426967753467,5.536062437811758,5.556102447202878,5.7888955799318405,5.967600553054468
M02_20240314:151,M02,M02_20240314,5.940403535112025,6.1548140050271005,6.089153171252146,6.189376968921966,6.222520637336984
M02_20240314:152,M02,M02_20240314,2.3640268374384763,6.133365693513261,5.801116013309704,5.935220194283717,6.029202925074367
M02_20240314:153,M02,M02_20240314,2.851758773221162,6.758538310569024,6.640537976985328,6.70715930401424,6.765727114503765
M02_20240314:154,M02,M02_20240314,8.501841909758289,5.877125082186843,5.6968182352021755,5.7923195838941055,5.971610783534336
M02_20240314:155,M02,M02_20240314,2.4469720076370516,6.1154284481599115,5.680030345189769,5.6682034446601754,5.723871677932049
M02_20240314:156,M02,M02_20240314,0.4321131670730112,4.663789572589947,4.257366541537191,4.365881927475813,4.4561373816086975
M02_20240314:157,M02,M02_20240314,1.5959463005326127,5.853513891877553,6.026731170154953,6.0074693380293755,6.116613514969964
M02_20240314:158,M02,M02_20240314,4.711534610801344,5.868608857321431,5.741188915678166,5.873208801997414,6.042369506903455
M02_20240314:159,M02,M02_20240314,6.735295188934512,6.132796436768155,5.950257531280023,5.994108918349522,6.141935161355723
M02_20240314:160,M02,M02_20240314,1.55782535785934,5.134451908685595,4.598613912553584,4.488966720481148,4.631301782318653
M02_20240314:161,M02,M02_20240314,3.535847497662959,6.991625828179737,6.5130158289648215,6.609764033226369,6.765153032436077
M02_20240314:162,M02,M02_20240314,5.639635559105042,3.834673191272894,3.838246634367085,4.006276226793768,4.065526212352942
M02_20240314:163,M02,M02_20240314,3.0676451629260866,8.336348109835098,7.995940111989048,8.128729046408093,8.345121589454369
M02_20240314:164,M02,M02_20240314,5.338078048915716,6.706512155585658,6.514266306444258,6.7405493364921645,6.798762545844624
M02_20240314:165,M02,M02_20240314,7.528083178336366,5.747573678472999,5.350469149134953,5.555699494079806,5.69396583223584
M02_20240314:166,M02,M02_20240314,3.1828304755220325,6.781084265045539,6.6181741824739,6.626076755476875,6.724564320928659
M02_20240314:167,M02,M02_20240314,9.199538859939995,8.41114608309138,8.297767167511804,8.544120814688423,8.617491762182324
M02_20240314:168,M02,M02_20240314,2.161575052954721,5.2914940887615245,4.538166405441993,4.715266980071601,5.030061875271979
M02_20240314:169,M02,M02_20240314,2.1423391336398505,5.906900411331384,5.7069191642514525,5.829206078298391,5.874346653468597
M02_20240314:170,M02,M02_20240314,1.6799784212316573,2.680958108934664,1.6124387207828272,1.6888304192323171,1.7994892695326206
M02_20240314:171,M02,M02_20240314,1.724205427331935,4.577043488386881,3.768493437738564,3.9893114078300984,4.222948440494549
M02_20240314:172,M02,M02_20240314,1.329236382549556,3.357386897045621,2.8136996445261677,2.8489146759535915,2.9921156015213217
M02_20240314:173,M02,M02_20240314,1.5877517988211751,3.8988504828440775,3.1816483063149907,3.2151130617559915,3.3216465684504937
M02_20240314:174,M02,M02_20240314,1.3453645786531374,2.911070774187814,2.2856678455356088,2.241664644458374,2.305471506415776
M02_20240314:175,M02,M02_20240314,2.289124707087343,3.313492323502165,2.9466959250863454,2.782901940699377,2.836799990435802
M02_20240314:176,M02,M02_20240314,8.181019676359618,6.514016338747309,6.351721656366474,6.313771692727818,6.436213885875873
M02_20240314:177,M02,M02_20240314,7.646861207466352,7.001242717161306,7.117488878625009,7.280700276485918,7.3765217120589295
M02_20240314:178,M02,M02_20240314,4.061325793811291,6.470700296544936,6.62938398373058,6.843275688591149,6.919894222679638
M02_20240314:179,M02,M02_20240314,0.6648877948674763,4.313336298632689,3.620391619306873,3.7110266724657976,3.8444523267086286
M02_20240314:180,M02,M02_20240314,7.6387324111569415,4.573100739159213,4.647327481238737,4.842658844249426,4.929659124337547
M02_20240314:181,M02,M02_20240314,4.61905279524338,4.836662120870034,4.78504373616188,4.936938189490255,5.023554934330249
M02_20240314:182,M02,M02_20240314,10.54390185632597,6.856326579065033,6.781924473592367,6.842968475064768,6.953556667109277
M02_20240314:183,M02,M02_20240314,1.4752449863439345,7.1806612459856485,6.772680392509421,6.983782592802456,7.126760915880228
M02_20240314:184,M02,M02_20240314,9.345945082732234,6.3838546347273475,6.36470588875779,6.368581605101133,6.467183026510425
M02_20240314:185,M02,M02_20240314,6.3456277499141045,5.965675854110754,5.985871522406509,6.008510212132587,6.081551757621615
M02_20240314:186,M02,M02_20240314,8.295169768154157,8.986473111245255,9.184250933261985,9.372467146952712,9.39613711906932
M02_20240314:187,M02,M02_20240314,1.2785497806063935,7.355010306239514,7.027033438652396,7.261002497321366,7.300714599489327
M02_20240314:188,M02,M02_20240314,6.465767394092773,6.904659650662641,6.768633613768112,6.868698070577967,6.9785519471758874
M02_20240314:189,M02,M02_20240314,6.234887922673412,6.684138770557026,7.040065451107442,7.351952649905228,7.3353778105099785
M02_20240318:0,M02,M02_20240318,1.370573083877623,6.546666641406567,6.6801739800431506,6.792182870979783,6.917158135613693
M02_20240318:1,M02,M02_20240318,6.500288248206419,11.020147157917357,10.161664047526825,10.263783548140466,10.431889181446998
M02_20240318:2,M02,M02_20240318,5.491702065570791,7.610013136136791,6.941329017164694,7.241042117815321,7.4192784544558545
M02_20240318:3,M02,M02_20240318,1.4305980715449078,7.594079351291841,6.98867043290052,6.995057655050816,7.0133965460199414
M02_20240318:4,M02,M02_20240318,10.473005500652953,12.73019571238732,12.202284531336758,12.335126531166203,12.49554669748221
M02_20240318:5,M02,M02_20240318,2.901133885413372,11.982225519702592,10.779450739992146,10.894924499387402,11.074807499113856
M02_20240318:6,M02,M02_20240318,2.54702237242317,9.866921551629982,8.808769564705155,8.772196323098424,8.932034101783758
M02_20240318:7,M02,M02_20240318,10.122285639585769,10.331125820806234,9.911068246267828,9.89049389615807,10.025882708054958
M02_20240318:8,M02,M02_20240318,0.888915069022737,7.630078824328041,7.023843957754989,7.250182162101361,7.354627773164509
M02_20240318:9,M02,M02_20240318,0.19274689894199767,6.6422328457579685,5.80489963366389,5.5361664005719735,5.538296817125213
M02_20240318:10,M02,M02_20240318,2.408051284623192,9.631813676613767,9.162395502861216,9.303426666511346,9.46129059032229
M02_20240318:11,M02,M02_20240318,9.845350205714345,9.99455595625203,9.067505759736182,9.126919985935585,9.253026321463324
M02_20240318:12,M02,M02_20240318,2.0038581557748683,10.678599302388292,9.558801011795342,9.534555903544078,9.626480451123019
M02_20240318:13,M02,M02_20240318,9.951827199030914,12.414620560610821,11.79384851067441,11.933972142696337,12.086882356863851
M02_20240318:14,M02,M02_20240318,1.2835105387337449,6.185008936135251,5.431822322274293,5.420953743960272,5.51910039735248
M02_20240318:15,M02,M02_20240318,1.5405354270642262,7.83813738136171,7.387796442866202,7.482868570421593,7.675327701909515
M02_20240318:16,M02,M02_20240318,7.197730547934288,11.005726762624398,10.379642250811422,10.459264848435588,10.635463909527184
M02_20240318:17,M02,M02_20240318,7.343916822806725,11.200079949076544,10.218797821187087,10.456567326801789,10.695869521231913
M02_20240318:18,M02,M02_20240318,6.0684071284010015,4.264747945099391,3.8233676642381784,3.789731176317366,3.9082347401349375
M02_20240318:19,M02,M02_20240318,1.4741546011902007,7.447630945465155,7.086416714013469,7.082061289404922,7.077043275698189
M02_20240318:20,M02,M02_20240318,1.0105594900610542,8.0594787397947,7.6379796199167105,7.709782711725305,7.865807765830409
M02_20240318:21,M02,M02_20240318,3.765605860070398,9.660737120808388,8.831990471081122,8.808894622894584,8.940347100026116
M02_20240318:22,M02,M02_20240318,4.63732551285653,10.647227307598614,9.861695829359503,9.923750585085461,10.141969634526092
M02_20240318:23,M02,M02_20240318,3.7513699571254757,11.901071236668475,11.188991280409951,11.45244764620573,11.56059512560467
M02_20240318:24,M02,M02_20240318,0.7138452034481115,3.034502360688018,2.6795301002683694,2.531681642377216,2.641628316249286
M02_20240318:25,M02,M02_20240318,1.6396413720218865,11.20829567658041,10.522878148364656,10.808743132130253,10.971691701887558
M02_20240318:26,M02,M02_20240318,10.08791306690579,10.050153462275762,9.12160783220175,9.15288080043753,9.245243349800589
M02_20240318:27,M02,M02_20240318,1.1748944744695522,6.3490126776321665,6.091022644638554,6.095082678731703,6.083922889630686
M02_20240318:28,M02,M02_20240318,0.380043555142658,3.77482856353454,3.520430890739862,3.4439356796813465,3.452185751911963
M02_20240318:29,M02,M02_20240318,4.022825206124551,7.515699064039562,7.271879640016926,7.2182466050359615,7.237520424989866
M02_20240318:30,M02,M02_20240318,7.986364280512387,9.587821010299361,8.972109998227646,9.031347171625285,9.142921955863411
M02_20240318:31,M02,M02_20240318,6.253764908334177,10.234211771546809,9.406764323238217,9.384963279161887,9.55014993719372
M02_20240318:32,M02,M02_20240318,6.111374438914698,8.493319545169086,7.757603062637709,7.903646493785235,8.057673005753335
M02_20240318:33,M02,M02_20240318,3.6560840456654655,11.794172658247287,11.213702995812154,11.342920187479962,11.389935682960465
M02_20240318:34,M02,M02_20240318,7.313389185645124,10.964130221928045,10.196883097409643,10.169202789036742,10.313158201767823
M02_20240318:35,M02,M02_20240318,2.787073168800379,9.5789990697784,8.885720038221598,8.962988344204089,8.943818263221244
M02_20240318:36,M02,M02_20240318,1.9085539145998442,10.300057994866814,9.585179775243192,9.52508393579788,9.660804316664446
M02_20240318:37,M02,M02_20240318,10.006911444305313,8.601005339474469,7.67654727018601,7.70725353292814,7.770674522377765
M02_20240318:38,M02,M02_20240318,2.13129561770269,9.198092872411962,8.8970542766518,8.73606766832334,8.779658689171956
M02_20240318:39,M02,M02_20240318,6.5963167462913015,9.653742711135973,9.422596391893572,9.40837266582498,9.448702656650937
M02_20240318:40,M02,M02_20240318,4.167620948286349,8.972465065439373,8.680360638303341,8.918542829802584,8.952038407349665
M02_20240318:41,M02,M02_20240318,2.101969630287512,8.444646907849293,7.856780416406305,7.899084041826412,8.024024731351666
M02_20240318:42,M02,M02_20240318,10.10276901239944,6.314355378197983,5.6293798720377675,5.388779294549326,5.485080940591566
M02_20240318:43,M02,M02_20240318,2.8010031679688323,7.529812669590136,6.9776053924203625,7.042281353626534,7.072155797667724
M02_20240318:44,M02,M02_20240318,9.556856543455158,9.450041584004929,8.80724208587855,8.68350000423208,8.70139980537449
M02_20240318:45,M02,M02_20240318,10.904541207197415,8.37595656519209,7.709672840473954,7.689440447849978,7.754401572487225
M02_20240318:46,M02,M02_20240318,1.809603137047775,6.648381909739246,6.074821169053857,5.960585536340826,6.013398553988219
M02_20240318:47,M02,M02_20240318,9.681298174677325,9.48420927825907,8.916936809657148,8.91500682616023,9.069098845921886
M02_20240318:48,M02,M02_20240318,0.9907165958652698,9.57555619033163,8.58878168932634,8.760123034506641,8.988670039520896
M02_20240318:49,M02,M02_20240318,10.962839404795815,8.806915542283647,8.299016711299242,8.364996807381479,8.522745888300813
M02_20240318:50,M02,M02_20240318,1.1653035782289354,5.74520541307967,4.925613189580528,4.798533299431681,4.834576532822464
M02_20240318:51,M02,M02_20240318,4.895470136259418,8.757070535053957,8.188779481199624,8.185781378639529,8.389961514706755
M02_20240318:52,M02,M02_20240318,6.194394094530087,8.443236124876776,7.870409659071793,7.896671452694269,8.080607367817
M02_20240318:53,M02,M02_20240318,11.109799482200474,7.520016600959947,6.673184640603979,6.682646365971292,6.792955590263881
M02_20240318:54,M02,M02_20240318,0.9722868736369142,8.147057226612052,7.760234857893466,7.684449229308042,7.667910902720987
M02_20240318:55,M02,M02_20240318,10.99645777639946,11.372214833952885,10.662923415359305,10.73330810511207,10.812901192291697
M02_20240318:56,M02,M02_20240318,2.1982473190948597,8.193505714963155,7.5154643323948385,7.516389850214866,7.646344629116427
M02_20240318:57,M02,M02_20240318,9.967139988981977,7.179383764053196,6.6134369194925355,6.566574348961835,6.672967783224196
M02_20240318:58,M02,M02_20240318,11.06402227160608,10.359885769793886,9.55845591399645,9.577251826332194,9.683559686552876
M02_20240318:59,M02,M02_20240318,5.030631726923965,8.10961734996907,7.713102186098229,7.71358580132669,7.741764232043531
M02_20240318:60,M02,M02_20240318,7.750331997435232,6.725457641657247,6.42724317716661,6.591794629244435,6.78976607622225
M02_20240318:61,M02,M02_20240318,7.132738882152858,8.702802498083447,8.248572581754633,8.380056126325655,8.526514371786625
M02_20240318:62,M02,M02_20240318,5.822161163393319,7.276192626072433,6.69512348416366,6.5575655272167594,6.495202553630881
M02_20240318:63,M02,M02_20240318,1.2829090575685582,5.627904328064567,5.2204364118710185,5.299515992690093,5.403901996966996
M02_20240318:64,M02,M02_20240318,1.9371807821238,5.033757240258097,4.066266428056778,3.989650279614551,4.010721741455575
M02_20240318:65,M02,M02_20240318,10.698444690248897,7.419216342917006,6.87367385057387,6.827858052793754,6.762948013881363
M02_20240318:66,M02,M02_20240318,2.1955369441011094,9.373446416188003,8.761064851633044,9.166902109622473,9.348040942336418
M02_20240318:67,M02,M02_20240318,10.1244677222728,9.731224770476912,9.225735829157648,9.378641184250762,9.434038658568308
M02_20240318:68,M02,M02_20240318,11.328309085277978,10.136833141181825,10.204092500766837,10.190239450644079,10.234427017451551
M02_20240318:69,M02,M02_20240318,1.8444946760016212,7.009925402391466,6.580576727118472,6.535752964844595,6.592603584945719
M02_20240318:70,M02,M02_20240318,10.191449853009436,9.411394262508626,8.922765908766168,8.909347694753087,9.078787032386757
M02_20240318:71,M02,M02_20240318,2.4579169725512364,9.571113452851389,9.10091126826102,9.417188487002612,9.595572577542615
M02_20240318:72,M02,M02_20240318,10.454618922178524,7.842324315602267,7.037211527884024,7.159388889779649,7.292716533331327
M02_20240318:73,M02,M02_20240318,11.428144992152543,9.61025872969085,8.824799840080178,8.89879050291447,9.107430057080434
M02_20240318:74,M02,M02_20240318,11.537186130627251,9.023794049708153,8.630711825977258,8.600986493725383,8.608835249805075
M02_20240318:75,M02,M02_20240318,0.6380443047185413,5.15440332527249,4.867767213611589,4.809955863441659,4.85484223190104
M02_20240318:76,M02,M02_20240318,0.49484085626222757,7.204293622571032,6.042574152738825,5.864937214286192,5.9204600338129625
M02_20240318:77,M02,M02_20240318,0.9179079067944846,8.129438415180198,7.700162259343634,7.755566282532984,7.81867629574359
M02_20240318:78,M02,M02_20240318,5.111659043214734,10.125480038198331,9.157805330519203,9.066391457689228,9.317837265459705
M02_20240318:79,M02,M02_20240318,5.644445510638726,11.456383319401091,11.034121187014811,10.920897779794412,11.033300167498332
M02_20240318:80,M02,M02_20240318,3.7442697222560737,9.059387636035684,8.271281855253878,8.494585707171897,8.596412521769011
M02_20240318:81,M02,M02_20240318,9.94255358822729,4.848435299313396,4.4396195224550645,4.51736835997089,4.602785702297625
M02_20240318:82,M02,M02_20240318,0.8005853736470574,4.957551029760176,4.770623452073356,4.8948927269408395,4.755972396144329
M02_20240318:83,M02,M02_20240318,9.068108324520692,11.129999855928277,10.429282907887067,10.389472094588136,10.470445754133774
M02_20240318:84,M02,M02_20240318,2.345375934350465,7.618014154194791,6.881931907823807,6.638129931565718,6.705099330004742
M02_20240318:85,M02,M02_20240318,6.034920447942496,9.633461523659447,8.867948555422124,8.866728156259043,9.038793450310248
M02_20240318:86,M02,M02_20240318,5.7074764496922565,3.933350409250031,3.6893391796137065,3.7183636081351596,3.731889213738593
M02_20240318:87,M02,M02_20240318,5.306109315000157,8.748871350414326,8.307210210092716,8.302780707167141,8.368168653058918
M02_20240318:88,M02,M02_20240318,6.572007083951123,8.479457865044669,7.434763436139102,7.340405991204542,7.517504402844968
M02_20240318:89,M02,M02_20240318,10.979219975076889,7.188358883622193,6.734900769149567,6.773695805036814,6.8244098826472435
M02_20240318:90,M02,M02_20240318,0.4635642691426323,6.223981940873467,6.1428466220009454,6.122556915745304,6.124954626482544
M02_20240318:91,M02,M02_20240318,11.526425498883206,9.77537795803243,8.857672779207352,8.97844982075539,9.14813063240592
M02_20240318:92,M02,M02_20240318,7.719972508471845,8.206762370277033,7.558094799435527,7.639930555818049,7.6790544320109575
M02_20240318:93,M02,M02_20240318,4.2559016243751175,5.634204004066801,5.4795474291513875,5.397332808400273,5.464854076746748
M02_20240318:94,M02,M02_20240318,10.764432811488017,8.86893256470566,7.938865074750758,7.960520560617795,8.125778098478495
M02_20240318:95,M02,M02_20240318,11.009075888526164,8.20980112008424,7.751157129025358,7.765564790173579,7.862682322379515
M02_20240318:96,M02,M02_20240318,1.085290293437126,6.267584830038463,5.432808564856741,5.199579699984388,5.3807470029767295
M02_20240318:108,M02,M02_20240318,2.092945268307391,10.195377664839262,9.528930151701251,9.762790397993342,10.01301307896162
M02_20240318:109,M02,M02_20240318,3.728974176508756,10.399944954914098,9.596315645994324,9.775089604863904,9.940235724553101
M02_20240318:110,M02,M02_20240318,8.208634684705121,12.033291771484315,11.207334030329616,11.369825503950011,11.517393722950498
M02_20240318:111,M02,M02_20240318,2.8145493216421116,9.285920294228973,8.102252261355595,8.201650916907628,8.379550869121212
M02_20240318:112,M02,M02_20240318,7.983987511471069,11.023305076251916,10.194254444580354,10.355221764811773,10.448408599780215
M02_20240318:113,M02,M02_20240318,2.526285859611893,9.8057653521026,8.967285432288595,8.906537311117498,9.018620697264101
M02_20240318:114,M02,M02_20240318,7.324998051726665,11.270548443949517,9.863555721205731,9.711267769530158,9.868548877187642
M02_20240318:115,M02,M02_20240318,3.5128537570845344,12.410769919112674,11.975886647026098,12.148398904995538,12.26518239473489
M02_20240318:116,M02,M02_20240318,1.589936370250864,9.35861539089561,8.658218988413488,8.666855870583447,8.764400813272072
M02_20240318:117,M02,M02_20240318,6.309803764346825,11.638418063544599,10.83356820263516,10.744874275631066,10.892424261759999
M02_20240318:118,M02,M02_20240318,5.187666392570632,8.96255850486133,7.873748844667793,7.621966621099639,7.712993874307634
M02_20240318:119,M02,M02_20240318,10.645714749272033,11.784599740128598,10.95780801795333,10.97920553409168,11.016992617050168
M02_20240318:120,M02,M02_20240318,2.8882841914753192,11.672605797778324,10.775161792078148,10.775647321399717,10.997364074476225
M02_20240318:121,M02,M02_20240318,2.6426345640183584,8.111122362534065,7.5696173497781025,7.5120421061419265,7.4669928623444815
M02_20240318:122,M02,M02_20240318,8.717320510082192,10.648169408519294,9.606212070775303,9.573691378119825,9.651013517023356
M02_20240318:123,M02,M02_20240318,7.550508968317759,11.727351369076054,10.518625038759398,10.451083238060715,10.763238296032506
M02_20240318:124,M02,M02_20240318,4.733735594892919,11.207438370121686,10.245642246441868,10.338095845470809,10.384849183790568
M02_20240318:125,M02,M02_20240318,1.0505758707834647,8.918306877453436,8.271534839502939,8.1028726551287,8.150023875591685
M02_20240318:126,M02,M02_20240318,7.488546422359028,12.51670295748696,11.587228292059734,11.631890068040036,11.856189286852345
M02_20240318:127,M02,M02_20240318,4.309246508884462,9.657034683244017,8.719832366697343,8.697071939802024,8.918830344482137
M02_20240318:128,M02,M02_20240318,9.141231676396254,11.38833963553636,10.480107005371709,10.482493100298674,10.65351446895448
M02_20240318:129,M02,M02_20240318,2.523366579356112,12.473155114791739,11.410762576055639,11.504462639557577,11.788094756884568
M02_20240318:130,M02,M02_20240318,3.5253315810284804,12.652294782324415,11.496527713887577,11.62808438357082,11.910510959150777
M02_20240318:131,M02,M02_20240318,9.101847429887437,10.838053363001288,9.79647264422817,9.770939606422653,10.101485333694741
M02_20240318:132,M02,M02_20240318,5.508362334811053,12.830130290825661,11.884407054926378,12.09308880039473,12.272628532728778
M02_20240318:133,M02,M02_20240318,6.713350455391602,13.124264535567626,12.248315747167563,12.292329221826058,12.518136776776402
M02_20240318:134,M02,M02_20240318,2.659856218236693,9.304736734815263,8.237882694083975,8.348139339474695,8.453847159816622
M02_20240318:135,M02,M02_20240318,7.36621358616273,11.99649725972263,11.07182486555874,11.257085817432468,11.569278102872763
M02_20240318:136,M02,M02_20240318,3.5488657675006703,8.9463985286259,8.174704006583687,8.23001515553419,8.24834092372454
M02_20240318:137,M02,M02_20240318,4.893454264390104,9.84129076679853,9.08804988141156,9.096849037211815,9.198071927242752
M02_20240318:138,M02,M02_20240318,7.153192890867575,10.234016874885091,9.29577460064021,9.320358812059439,9.454242481419346
M02_20240318:139,M02,M02_20240318,2.066623432616834,6.736255835305426,5.79301237634346,5.887831107493483,6.069346708559647
M02_20240318:140,M02,M02_20240318,9.234373556280376,11.313735289065317,10.256850509941238,10.207167379559408,10.239879933940557
M02_20240318:141,M02,M02_20240318,2.8516290331574554,11.34529737400996,10.267372411069246,10.323884396281976,10.444439484547754
M02_20240318:142,M02,M02_20240318,4.157723559108479,10.64366272678075,9.811777106889945,9.884209024151904,10.11131226642164
M02_20240318:143,M02,M02_20240318,5.30228896867873,12.69123109718608,11.943985378697091,12.163762703570816,12.3210025034345
M02_20240318:144,M02,M02_20240318,2.728323712115198,11.827830756463356,11.181024854648921,11.453839784355363,11.734212770898631
M02_20240318:145,M02,M02_20240318,2.5377822324503296,9.579100817636522,8.994026055444527,9.058970528833576,9.137108051452987
M02_20240318:146,M02,M02_20240318,4.11999352436848,9.620008029695793,8.864740665049109,8.771220910141714,8.850866331662228
M02_20240318:147,M02,M02_20240318,7.082241905232854,9.679882801419552,8.769180619434533,8.88443789659203,9.080711499905348
M02_20240318:148,M02,M02_20240318,1.6322587372968673,8.24854982062334,6.9225624551192615,6.949708619527115,7.124717380077409
M02_20240318:149,M02,M02_20240318,9.5704084142111,12.995154126416274,12.236453070690205,12.204195398920529,12.353871979000806
M02_20240318:150,M02,M02_20240318,2.9112669147574635,9.84676128637684,8.809213202865028,8.790674658907353,8.84773490554145
M02_20240318:151,M02,M02_20240318,10.271219734913906,11.833190484643827,11.117172874875173,11.209601354929712,11.398708185718911
M02_20240318:152,M02,M02_20240318,4.662467498023502,8.569948037696394,7.768062440891937,7.854013403081236,7.928048362839112
M02_20240318:153,M02,M02_20240318,1.7168120305280088,5.981383151649211,4.671388889857202,4.650838456385633,4.752457190331381
M02_20240318:154,M02,M02_20240318,7.923458939678671,13.135154552605332,12.364055732665946,12.556077831196134,12.779675694796886
M02_20240318:155,M02,M02_20240318,1.5408295810731234,6.730658322908512,6.158556230157618,6.333198451412363,6.411464009138689
M02_20240318:156,M02,M02_20240318,4.552595734894907,8.09315418504084,7.541444928655733,7.437738080133531,7.613748925151636
M02_20240318:157,M02,M02_20240318,8.55822366298434,10.782933158621855,10.184260233581764,10.320973061154731,10.339291655776009
M02_20240318:158,M02,M02_20240318,5.768699665609899,13.013774287584614,12.193207822652928,12.306321920178284,12.392256611965783
M02_20240318:159,M02,M02_20240318,6.8507554998938165,12.092285743544544,11.136841630951595,11.314902342147175,11.454875899107279
M02_20240318:160,M02,M02_20240318,1.6343482713182578,6.38799989179263,5.592706488843786,5.589999727505893,5.670494228392355
M02_20240318:161,M02,M02_20240318,1.2447435171595274,6.046768395064111,5.02986094312252,5.017692844362437,5.173623601094601
M02_20240318:162,M02,M02_20240318,1.0836589991054795,7.5653815672848275,6.719393732153927,6.65327840299811,6.856164546622926
M02_20240318:163,M02,M02_20240318,1.65214221016578,6.1964322703161265,5.473763150792038,5.3909231325799745,5.479939240083764
M02_20240318:164,M02,M02_20240318,1.3554352627290964,8.589021303191096,7.620046697725428,7.687749703942446,7.73731940186853
M02_20240318:165,M02,M02_20240318,8.072811821271612,11.80870039216143,10.827386341377416,10.99911099095684,11.365120869602396
M02_20240318:166,M02,M02_20240318,3.6720147039720406,11.199881455037588,10.455882603621426,10.582593882162985,10.679450753684911
M02_20240318:167,M02,M02_20240318,1.8943426664914857,7.362858765405612,6.388327573282519,6.391964589495688,6.555814866291304
M02_20240318:168,M02,M02_20240318,4.628392452334716,12.282183696915691,11.463587835268733,11.39689087238269,11.492500992193111
M02_20240318:169,M02,M02_20240318,6.715418821956675,11.0781858449564,10.3873859410883,10.412984204443415,10.524494404559878
M02_20240318:170,M02,M02_20240318,3.787772438728902,9.928564912826815,9.179921904222969,9.24159469035287,9.426663092921544
M02_20240318:171,M02,M02_20240318,7.167790354738865,11.400781912408583,10.730173524787666,10.68383344947592,10.833622036443197
M02_20240318:172,M02,M02_20240318,2.465889363365919,9.42521774982566,8.914721255762775,8.921829793757126,8.926520361906782
M02_20240318:173,M02,M02_20240318,6.781005511476058,11.55927621077575,10.807187644612226,10.797120405718639,10.828164850549948
M02_20240318:174,M02,M02_20240318,3.691668046649915,11.919158378289985,10.988008989274597,11.05200319199342,11.160650964760556
M02_20240318:175,M02,M02_20240318,2.8716217997927256,10.9028528302909,10.342551226559541,10.26775679851497,10.268302178742925
M02_20240318:176,M02,M02_20240318,1.9686292392897475,9.666243778687544,8.79323406195712,8.906476979706017,9.069412429223735
M02_20240318:177,M02,M02_20240318,10.29056789678931,11.14358737170459,10.467546818180775,10.515271654812473,10.649747409659893
M02_20240318:178,M02,M02_20240318,0.9369414264436868,6.833700330024166,6.268001949398216,6.271258462533097,6.4029086246221
M02_20240318:179,M02,M02_20240318,3.2247619238178413,7.878963058829801,7.293123287802306,7.215863862067674,7.218287576101076
M02_20240318:180,M02,M02_20240318,8.123392412767204,12.699793533410801,11.76343040802247,11.878510030597077,12.078570431858573
M02_20240318:181,M02,M02_20240318,1.6735420953247075,9.17810682912505,7.916113073631676,7.864882016769715,7.893029308405769
M02_20240318:182,M02,M02_20240318,1.1361512527905624,7.0570069489951575,6.471576426588087,6.359002994385579,6.342191748140628
M02_20240318:183,M02,M02_20240318,1.9188220770499602,10.000419557293704,8.80978520610348,9.133904730655978,9.345296338954778
M02_20240318:184,M02,M02_20240318,3.4016806050132606,8.782525476898215,8.182141092894199,8.326750850121208,8.589334708826605
M02_20240318:185,M02,M02_20240318,2.2448029146647253,7.420143465765557,6.7782418172596515,6.770936405071744,6.968866826581095
M02_20240318:186,M02,M02_20240318,4.531688626962589,10.27015101969865,9.786848020955414,9.93514771478629,9.99893521530123
M02_20240318:187,M02,M02_20240318,1.1280524129556377,5.005901881502418,4.02570897652634,3.8951705441752797,3.8119399217530496
M02_20240318:188,M02,M02_20240318,0.1264463178476325,4.851420097898049,3.8541364332005075,3.6262240794313794,3.6560896016089464
M02_20240318:189,M02,M02_20240318,0.13322673723663092,3.7078021525251894,2.4661076341614976,2.4688322144990607,2.520491219130343
M02_20240318:190,M02,M02_20240318,0.22543629175115815,4.865504751206158,3.7783065931821254,3.7812048552821214,3.7869643131534985
M02_20240318:191,M02,M02_20240318,0.31316849873332947,6.735752199036008,6.072550552314428,5.944496203292886,5.83559691039313
M02_20240318:192,M02,M02_20240318,1.4636355719193317,8.743081530851626,7.863032607920298,7.987819783282271,8.14221157991492
M02_20240318:193,M02,M02_20240318,2.4308113559896984,9.687439744794926,9.401739783682842,9.413759509295428,9.492870986419302
M02_20240318:194,M02,M02_20240318,0.48172343903729425,6.0939943234436385,5.277798831858946,5.3351531284109885,5.358835505455614
M02_20240318:195,M02,M02_20240318,0.7297089632815154,6.4992815056706545,5.67767423134201,5.79186292018112,5.933620039295862
M02_20240318:196,M02,M02_20240318,1.4482569422431089,8.605242800182669,7.57119200195614,7.546875224247119,7.699820941367438
M02_20240318:197,M02,M02_20240318,5.331965273310001,14.45941787932433,13.342283305365045,13.480166849915161,13.718684996456378
M02_20240318:198,M02,M02_20240318,3.472754328070196,12.864987066493523,11.76347500036541,11.963041750688465,12.12519469920273
M02_20240318:199,M02,M02_20240318,2.5536046566803594,11.140994617552378,10.302314488897142,10.406331526790527,10.60830299917944
M02_20240318:200,M02,M02_20240318,3.1711087149310653,9.340493907397843,8.930201632683326,9.039304978265136,9.141373823512009
M02_20240318:201,M02,M02_20240318,6.188525478883783,9.813455154984055,8.892994618669213,8.944084569742625,9.123491431265784
M02_20240318:202,M02,M02_20240318,0.6383875804003715,5.630394445538056,4.15232308603499,3.9243414823762013,3.9137640113309815
M02_20240318:203,M02,M02_20240318,2.7491882645359236,9.385368083352507,8.457675382133072,8.577215611325201,8.811273797459323
M02_20240318:204,M02,M02_20240318,2.3000365084505807,9.688928860349705,8.834996724276314,9.086163876418913,9.272606040209393
M02_20240318:205,M02,M02_20240318,1.4130883030639754,6.037756006926529,4.777827273671507,4.562313497081812,4.688988245840093
M02_20240318:206,M02,M02_20240318,2.2862732542889836,9.520066596252164,8.804187247113942,8.820698063940762,8.89383110754672
M02_20240318:207,M02,M02_20240318,0.6678125783335123,6.0945533847356765,4.583451167320781,4.594829208029676,4.685323941952949
M02_20240318:208,M02,M02_20240318,7.681942580478914,15.544515432843355,14.384245154716313,14.498036445285315,14.711638274470623
M02_20240318:209,M02,M02_20240318,1.4433728230944103,8.091027697502167,7.565276205254891,7.65354616024718,7.792041897297654
M02_20240318:210,M02,M02_20240318,5.310359361164617,9.039969600592595,8.557288305056549,8.60508458548401,8.657870197250295
M02_20240318:211,M02,M02_20240318,5.764733320075053,11.419703477230534,10.6655214486513,10.956795250899036,11.040264209310395
M02_20240318:212,M02,M02_20240318,10.007916843439377,12.302395496126419,11.217480331483362,11.226701474151394,11.468062742212192
M02_20240318:213,M02,M02_20240318,2.3148536577076837,9.466197840427988,8.238527853049263,8.254481887405937,8.411980849556388
M02_20240318:214,M02,M02_20240318,9.063038818481198,10.935377389863234,9.900918554972002,10.022672777198494,10.176703379716956
M02_20240318:215,M02,M02_20240318,1.9644229581634858,8.1933263767632,6.613848511061159,6.70034509123354,6.807331424199553
M02_20240318:216,M02,M02_20240318,4.363126788690469,9.360999289525287,8.33668999179746,8.342128228301037,8.539228355115743
M02_20240318:217,M02,M02_20240318,2.8148355904194604,11.413184009616366,10.666567739136015,10.679358755187483,10.894099065637928
M02_20240318:218,M02,M02_20240318,4.989786367233826,9.934257307978633,8.865637059428215,8.915321413220749,9.036986364368293
M02_20240318:219,M02,M02_20240318,2.6049470013095437,8.049714966810946,7.475279936579479,7.50328842711296,7.673884038568919
M02_20240318:220,M02,M02_20240318,1.2530261439656385,7.277261171187504,6.562628325096261,6.49553389958794,6.600268269061614
M02_20240318:221,M02,M02_20240318,0.7926260159938973,8.185603720502792,7.045749851547763,6.986276062050445,7.070272985748733
M02_20240318:222,M02,M02_20240318,2.6759943353051856,8.647695036741531,8.055520687982234,8.01360411275611,8.093401818867578
M02_20240318:223,M02,M02_20240318,0.8683310068296066,8.569277549754304,7.642689556883933,7.647904556232147,7.856184977909791
M02_20240318:224,M02,M02_20240318,9.767701526786798,10.93006058036542,10.231616499759467,10.424271819351523,10.575321548159373
M02_20240318:225,M02,M02_20240318,1.6204288195981016,9.113685426373921,8.116347603557646,8.168590390495954,8.28020950973728
M02_20240318:226,M02,M02_20240318,9.162923478842421,12.373426953779308,11.446290056271707,11.624980037921471,11.791060670875693
M02_20240318:227,M02,M02_20240318,2.240336103459548,9.235887003591472,8.885830902342047,8.95645437341906,9.101536379186832
M02_20240318:228,M02,M02_20240318,1.1415637751384549,6.9061000851953676,6.044330527091294,5.952388607480663,6.003663657958876
M02_20240318:229,M02,M02_20240318,3.7649014309417055,8.785714322541072,7.609555280103146,7.831097522991556,8.08679412985662
M02_20240318:230,M02,M02_20240318,8.879983161117735,12.55524981893241,11.91772690356604,12.013630467639686,12.167224065795008
M02_20240318:231,M02,M02_20240318,1.4124655719809767,9.140120678751895,8.245325069210832,8.30916879527803,8.551114372056425
M02_20240318:232,M02,M02_20240318,6.184603018003463,10.324781508615892,9.328179572652353,9.47298285910124,9.623006536723858
M02_20240318:233,M02,M02_20240318,6.100979243923125,11.24570989890177,10.310606552179237,10.277949947378525,10.409311158864572
M02_20240318:234,M02,M02_20240318,2.465128314633371,7.8389045117523,7.044044221759389,6.99684738826346,7.149506298772907
M02_20240318:235,M02,M02_20240318,4.598124939135607,10.254402272272978,9.446243229298178,9.476670899091587,9.552870479289304
M02_20240318:236,M02,M02_20240318,5.039555713505135,11.169538174831104,10.551956222107927,10.585589154081898,10.666391397052045
M02_20240318:237,M02,M02_20240318,2.877739872321934,9.342329186911552,8.442097151494828,8.491767016811828,8.523512926669957
M02_20240318:238,M02,M02_20240318,3.543637313111429,9.270439429046,8.313099684126056,8.200674226996894,8.23690201036001
M02_20240318:239,M02,M02_20240318,8.90465296059882,13.41466052291112,12.171109050862801,12.198303214155265,12.330031707104965
M02_20240318:240,M02,M02_20240318,2.4856690257494742,8.90432145760845,7.60398864957636,7.747985701705781,8.02279447449221
M02_20240318:241,M02,M02_20240318,1.4797910227873103,9.082727816734398,8.0725256189135,8.197429565476073,8.278701827685428
M02_20240318:242,M02,M02_20240318,10.465220483672784,12.272305884028803,11.406004445801448,11.69373441484234,11.923985985983007
M02_20240318:243,M02,M02_20240318,4.203797551935098,8.267075699332292,7.5557923203312995,7.528902767698724,7.657117246675598
M02_20240318:244,M02,M02_20240318,3.9034610426444423,8.901825982526017,7.997857554543483,8.062565078595519,8.015357445148531
M02_20240318:245,M02,M02_20240318,7.050356216657327,11.577492121906342,10.261199425009195,10.255481704932873,10.373968365258076
M02_20240318:246,M02,M02_20240318,1.1878890284429662,10.040549603723171,9.30536168098173,9.446462482523383,9.45670758147932
M02_20240318:247,M02,M02_20240318,0.975138911235384,8.593533705548152,7.582399195413048,7.607230178591956,7.77361852154743
M02_20240318:248,M02,M02_20240318,1.4333171115430334,8.039235438700372,6.881699525605056,6.771011902208136,6.843203025720955
M02_20240318:249,M02,M02_20240318,1.714809832312535,9.60820117498809,8.907198053439949,8.994988606924078,9.081668821165472
M02_20240318:250,M02,M02_20240318,9.3507830770028,10.023983968787828,8.780626622597751,8.864681328953079,8.9890821939644
M02_20240318:251,M02,M02_20240318,2.910658185658781,9.365975885030771,8.216863868426724,8.148253155574517,8.21838793338263
M02_20240318:252,M02,M02_20240318,3.3954098185709505,7.245977914298134,6.450295976073657,6.422161040347535,6.533218635045111
M02_20240318:253,M02,M02_20240318,3.5869980647639608,8.625412633257202,7.772072547811699,7.790341940309943,7.855311618194276
M02_20240318:254,M02,M02_20240318,5.2951895852965825,11.098109302170702,10.266505529068795,10.313448832731343,10.424198835488472
M02_20240318:255,M02,M02_20240318,3.1751767738852186,8.431394633974694,7.401189621698019,7.487275662707956,7.702984702702412
M02_20240318:256,M02,M02_20240318,3.855713129985782,8.808862686517514,8.17684262727505,8.196868811251612,8.251280978295418
M02_20240318:257,M02,M02_20240318,4.93398484137858,8.500553868542543,7.061173570410408,7.012445458891982,7.191504994307863
M02_20240318:258,M02,M02_20240318,5.599448129766708,10.136435965078583,9.54756659712427,9.518469022446626,9.592208118570706
M02_20240318:259,M02,M02_20240318,2.910391002527856,8.934064016008843,8.290918891964239,8.546185467308069,8.75244058451677
M02_20240318:260,M02,M02_20240318,8.956113717429776,10.090827603738628,9.158797185361644,8.996778827420806,9.140824781622578
M02_20240318:261,M02,M02_20240318,2.9660437558498285,9.881949050752844,9.154818127767573,9.276079687677303,9.430022332821805
M02_20240318:262,M02,M02_20240318,2.153498938628004,9.640280369116955,8.746511734905127,8.896967481056574,8.988910490765953
M02_20240318:263,M02,M02_20240318,10.31520779266515,10.414701676256103,9.757863483035344,9.772522157078733,9.871433069079519
M02_20240318:264,M02,M02_20240318,1.91756952902586,10.772571298599257,9.408809960994134,9.43925604205737,9.567222241601758
M02_20240318:265,M02,M02_20240318,8.318657915792317,12.614245227800854,11.141143973448113,11.36830688470133,11.608708570406534
M02_20240318:266,M02,M02_20240318,2.7050340403511273,10.202768280418468,9.93131160398282,9.912501385278539,10.00744119024628
M02_20240318:267,M02,M02_20240318,0.875451011301624,7.430447693758229,6.435678027791421,6.537944024208468,6.71871353536297
M02_20240318:268,M02,M02_20240318,1.7599890643267266,8.07272327005851,7.05756907798603,7.135174836566106,7.367652313836322
M02_20240318:269,M02,M02_20240318,3.3243266001019056,8.990085766565436,8.19668825700834,8.328646737459469,8.581145646307556
M02_20240318:270,M02,M02_20240318,2.0561367925803076,9.5768391573363,8.067145638366657,8.067225785875003,8.244173831459351
M02_20240318:271,M02,M02_20240318,4.368974312399752,10.29294336394155,9.135943924089123,9.287598273463068,9.573819148682526
M02_20240318:272,M02,M02_20240318,5.942795701557823,9.329443696450934,8.434339483778285,8.671802607375422,8.892050664284223
M02_20240318:273,M02,M02_20240318,9.473782676124435,11.517578965486086,10.424817481501663,10.4452417296982,10.565448726700188
M02_20240318:274,M02,M02_20240318,2.8611725294268635,10.725679309185185,9.715683059678557,9.758958691070863,9.931857269230417
M02_20240318:275,M02,M02_20240318,2.9997634553806263,8.67690179223253,7.879231349001417,7.940030384548832,8.009634545899537
M02_20240318:276,M02,M02_20240318,10.160748579481792,11.854886640653785,10.806835806240304,10.89215034491303,11.092863371165976
M02_20240318:277,M02,M02_20240318,9.389993113929426,11.34693429042832,9.939293162444914,9.876838238820113,10.163728808944317
M02_20240318:278,M02,M02_20240318,1.648903093721114,9.291973774379237,8.843298361151767,9.034160999521962,9.298238450735967
M02_20240318:279,M02,M02_20240318,10.178983807474792,10.481822859687785,9.877887629981473,9.886020978823954,10.004917921596594
M02_20240318:280,M02,M02_20240318,1.9715229209576632,7.7134233055941905,6.66857396309359,6.639131770731137,6.800441406875921
M02_20240318:281,M02,M02_20240318,7.789468960048252,9.06376802492867,8.092876454798587,7.994711891153003,8.093559328401792
M03_20240621:0,M03,M03_20240621,3.6460438624831633,9.729572866289557,7.535527640824937,7.283811816051306,7.391457300892985
M03_20240621:1,M03,M03_20240621,7.014112730576766,12.88008428729415,11.707220987156504,11.847329780804635,11.96348766306437
M03_20240621:2,M03,M03_20240621,1.1470934364465863,9.02185777361728,8.958460840921635,8.964590288369122,8.870168697823079
M03_20240621:3,M03,M03_20240621,10.167611998608741,10.97138536543618,9.767925726303597,9.510620765454517,9.521582547313212
M03_20240621:4,M03,M03_20240621,1.3606752764600287,6.778591783574627,6.400318783724269,6.229340284525614,6.143281648610453
M03_20240621:5,M03,M03_20240621,0.6277807965916642,7.397370677275067,6.156395444834704,5.860027577294789,5.8535036791016495
M03_20240621:6,M03,M03_20240621,3.8516832382654624,11.643086491198726,10.637075791456818,10.67362829573506,10.721659982836037
M03_20240621:7,M03,M03_20240621,7.49045236179453,12.850050544342102,11.266482222763951,10.978953559133865,11.034332252963669
M03_20240621:8,M03,M03_20240621,0.9369978507820231,9.564648621455333,8.396357387363949,8.261226304681188,8.415541721313144
M03_20240621:9,M03,M03_20240621,3.228712212097778,11.046973260796438,10.173024160822937,10.091315735158451,10.27544290031137
M03_20240621:10,M03,M03_20240621,7.8961361430945844,12.208209045571138,10.649108549236526,10.51431583802784,10.44054607845172
M03_20240621:11,M03,M03_20240621,0.9476203784703582,6.934801190087546,6.793930429988105,6.504022397603187,6.504595971369625
M03_20240621:12,M03,M03_20240621,5.593724127179292,12.274067412914075,10.408883896124035,10.325848630345563,10.462391313298564
M03_20240621:13,M03,M03_20240621,5.315339224027981,10.554122566215849,10.178424427986904,10.051590771941086,9.903712129784882
M03_20240621:14,M03,M03_20240621,2.726170320308842,8.599551898406215,7.857457203587309,7.848567886045398,7.92187063186085
M03_20240621:15,M03,M03_20240621,7.939740262360893,13.742362534371557,12.545334856845718,12.23735503103778,12.446697649476807
M03_20240621:16,M03,M03_20240621,1.6976330004983722,8.236668662571226,6.512004543061792,6.365268856747405,6.465505416403468
M03_20240621:17,M03,M03_20240621,1.2969833666055275,8.720597816480625,7.732816561532414,7.565025621955905,7.6426787703449035
M03_20240621:18,M03,M03_20240621,5.332124044442582,10.983996681578358,10.030275317067662,9.721663642699538,9.650979631491424
M03_20240621:19,M03,M03_20240621,5.471343905682795,10.766475206402669,10.803638934008033,10.57479807603095,10.35188050609138
M03_20240621:20,M03,M03_20240621,5.931328433849314,10.350795486926566,9.603168940353887,9.548410064234998,9.623434866909331
M03_20240621:21,M03,M03_20240621,5.2832652333227506,7.035972346227178,6.460986709321923,6.281942085646582,6.250974869380197
M03_20240621:22,M03,M03_20240621,2.2127048393268374,8.851220678761223,7.969388731780175,7.899548710425943,7.890889333307929
M03_20240621:23,M03,M03_20240621,5.178984603481545,9.452179555737237,7.930389464276157,7.554396676903989,7.608450620338967
M03_20240621:24,M03,M03_20240621,4.3762313555433545,8.972578664421263,7.856238292731715,7.894726528536017,7.944002060897757
M03_20240621:25,M03,M03_20240621,0.5070569931012667,7.624768083872335,6.770560767293932,6.748933539074015,6.9248998217775775
M03_20240621:26,M03,M03_20240621,8.353736727735907,11.55383585066369,10.060817403524126,9.957184490069201,9.957743260222966
M03_20240621:27,M03,M03_20240621,2.8502262697766287,6.008069425107443,4.351710627013364,4.154000561180967,4.184105268520436
M03_20240621:28,M03,M03_20240621,0.467436715924928,6.652492826385384,6.124788981804145,6.157268563958147,6.113700470740031
M03_20240621:29,M03,M03_20240621,0.45053841042343107,6.842407475465054,6.194011324021453,6.461992717707856,6.601122253515724
M03_20240621:30,M03,M03_20240621,0.4470254027202951,9.365748105395882,7.909085317512648,7.722526785661676,7.906134887212798
M03_20240621:31,M03,M03_20240621,0.3129781292977418,3.8011348243820553,4.0144748793211,3.867202586063348,3.7502299428629358
M03_20240621:32,M03,M03_20240621,0.8601156480785155,7.407205436591491,6.661604640991296,6.332425982480611,6.389532259009231
M03_20240621:33,M03,M03_20240621,8.777697811185257,11.011929232850388,10.497032262656216,10.488309242371741,10.534951285986615
M03_20240621:34,M03,M03_20240621,2.5655918689288764,7.61270970579976,7.62849252091141,7.686362301492952,7.765097636552355
M03_20240621:35,M03,M03_20240621,7.144676653371534,9.82675295204827,9.640059553060095,9.717583002510015,9.712968422162334
M03_20240621:36,M03,M03_20240621,4.479268285988524,11.024466608270734,10.997571331644977,11.181659725428196,11.075097170625273
M03_20240621:37,M03,M03_20240621,0.9227534294930889,8.39810280315548,6.706129848176668,6.36602038959882,6.424077899772865
M03_20240621:38,M03,M03_20240621,8.022977765308989,10.462334337955628,9.435366330711812,9.523852648624663,9.685511548890673
M03_20240621:39,M03,M03_20240621,3.117918073504567,7.298008857428456,6.995682042772787,6.877817548398069,6.875451286089614
M03_20240621:40,M03,M03_20240621,4.961378778238286,8.477382442305396,8.74463394873797,8.554289398520375,8.583568319599284
M03_20240621:41,M03,M03_20240621,6.852907579313192,7.327635299469763,6.874394915499955,6.921276345654579,6.9578702634595455
M03_20240621:42,M03,M03_20240621,2.086498601611859,9.558863066261878,9.375275772894806,9.22759297349979,9.23788193462294
M03_20240621:43,M03,M03_20240621,9.648107541938979,9.558833598589139,9.077715134107665,8.964829513334887,8.867496762454817
M03_20240621:44,M03,M03_20240621,1.2323061349260567,9.221859588758685,8.663605870188537,8.697835105048085,8.851311052652893
M03_20240621:45,M03,M03_20240621,2.6454518651825727,7.432303320576912,7.407091137286416,7.443906950241905,7.338751765507011
M03_20240621:46,M03,M03_20240621,8.321872675152907,11.547867262150202,11.146384109647647,11.185345025427786,11.210133625380898
M03_20240621:47,M03,M03_20240621,1.7782334990432573,6.772046687764886,6.073675257693925,6.002423124140577,6.095325110903477
M03_20240621:48,M03,M03_20240621,0.7014235698828775,5.506264569087494,5.208922046338705,5.1148725652610985,5.192797792778088
M03_20240621:49,M03,M03_20240621,2.118303105445296,5.1021079404948795,5.101218486356345,5.366362030264863,5.272545835241288
M03_20240621:50,M03,M03_20240621,7.263492859492484,9.79224863548578,9.197431757462434,9.141346024468518,9.192833633057026
M03_20240621:51,M03,M03_20240621,2.9814417680337493,7.668533445636848,7.4490755597769125,7.495204290383585,7.447859684148917
M03_20240621:52,M03,M03_20240621,10.903078940282384,9.935347982446132,9.409998324800668,9.109468775398382,9.180395489826163
M03_20240621:53,M03,M03_20240621,0.42474275199041733,4.4831650749810965,3.1345907595695643,3.093130458665895,3.239823017762277
M03_20240621:54,M03,M03_20240621,0.296179657583195,5.838372248602753,5.080339493382383,5.025647262369462,5.024268194897031
M03_20240621:55,M03,M03_20240621,0.3947422723826342,6.344255145604147,5.076725533552761,4.986226595702827,5.012802101533281
M03_20240621:56,M03,M03_20240621,0.7360787443596973,8.050405967122018,7.767398425367201,7.900307702881575,7.937964069831389
M03_20240621:57,M03,M03_20240621,3.511671585005635,8.476046891958141,7.226642672623576,7.217804870438839,7.3889953690461825
M03_20240621:58,M03,M03_20240621,7.001438623401145,10.640088177313308,9.89873223174743,9.946332385220668,9.920341743795571
M03_20240621:59,M03,M03_20240621,0.7189249958288374,6.884030056552106,5.344828133697556,5.324871259741519,5.387796179100513
M03_20240621:60,M03,M03_20240621,0.43687081165863473,7.376480218542098,5.9404186912174355,5.917538741984135,5.908640084128561
M03_20240621:61,M03,M03_20240621,10.538712951692137,9.129203480121092,9.231976085887975,9.157707919929313,9.08930155923022
M03_20240621:62,M03,M03_20240621,0.6829475405320038,4.403334600779388,3.689865703637131,3.62445047613519,3.655505210735128
M03_20240621:63,M03,M03_20240621,1.5316276849722181,7.661953678662921,6.368267496469557,6.182398260802902,6.14402822991442
M03_20240621:64,M03,M03_20240621,6.595680771920995,7.899085811262019,8.078241046859603,8.062682247888054,8.067394100992365
M03_20240621:65,M03,M03_20240621,4.002376621522486,7.298308971128368,7.931227580320121,7.977342608416663,7.784514156635558
M03_20240621:66,M03,M03_20240621,10.73115810276981,9.584591513191723,9.29094015301474,9.205228082965187,9.239152885298315
M03_20240621:67,M03,M03_20240621,0.9148259310780801,6.346190589076378,5.905976254035021,5.742420355061789,5.799339871979406
M03_20240621:68,M03,M03_20240621,1.9502460435734097,6.078774405172496,4.810969020819568,4.817707231765664,5.015289081740245
M03_20240621:69,M03,M03_20240621,9.531977175058865,8.259434207099169,8.60521040706658,8.558680929298239,8.444872760190453
M03_20240621:70,M03,M03_20240621,0.9850033442532806,9.166926192887175,7.254913930597777,7.118397896981109,7.2007298316861
M03_20240621:71,M03,M03_20240621,5.87792314248564,7.734321894482083,7.474648351163027,7.476912896806585,7.31736508717329
M03_20240621:72,M03,M03_20240621,5.381154668076445,6.732917406314176,6.4788411819403855,6.411408376380406,6.375230563049639
M03_20240621:73,M03,M03_20240621,0.368076278528786,5.385099784033158,5.271340584692884,4.914485769598214,4.890396731309614
M03_20240621:74,M03,M03_20240621,0.6287164310847706,6.432901841293862,6.0371057293738595,6.215200362235301,6.316755578858606
M03_20240621:75,M03,M03_20240621,2.2907539727512014,5.775494341115804,5.7689799957407315,5.843675418627665,5.9002806249417015
M03_20240621:76,M03,M03_20240621,4.859511176067141,7.784435418238056,7.577872172971702,7.520812771759308,7.513688058427901
M03_20240621:77,M03,M03_20240621,4.1358019528406285,8.18971728616226,7.594858957686032,7.305349433259815,7.320909523003791
M03_20240621:78,M03,M03_20240621,6.5320912687719295,7.82915704601251,7.643237113765586,7.905890821025621,7.897401303760432
M03_20240621:79,M03,M03_20240621,5.4786237784993475,6.294385994385907,6.247868445428618,6.246652132379427,6.310581151730492
M03_20240621:80,M03,M03_20240621,4.8419634709845365,8.33462229786188,8.96883609808577,9.000855961598202,8.915588453643554
M03_20240621:81,M03,M03_20240621,6.876647640556818,8.098317332469172,8.014234171154172,8.013472214363324,8.061573603405353
M03_20240621:82,M03,M03_20240621,9.873868135356515,8.726421085140043,8.033767452323037,7.9517985246379155,7.948770808712636
M03_20240621:83,M03,M03_20240621,1.4258730080866566,5.2841813079024975,4.570444508645802,4.508085687068241,4.651814416131468
M03_20240621:84,M03,M03_20240621,1.2439902850386453,4.745863994183863,4.4757348481185755,4.497761860689968,4.436534997329697
M03_20240621:85,M03,M03_20240621,10.519107590998006,8.785115818011139,8.907446668716126,8.69898987037817,8.716036762869138
M03_20240621:86,M03,M03_20240621,0.7231634526657499,7.265655578307358,7.0909704790542785,7.013088609148632,7.076229309715938
M03_20240621:87,M03,M03_20240621,10.483327923019237,5.793359474587669,5.607914721001475,5.575315876068283,5.579823899249011
M03_20240621:88,M03,M03_20240621,0.9281164365636584,4.424143036095071,3.923231223268169,3.9184969217340218,3.8419500271520555
M03_20240621:89,M03,M03_20240621,0.2290966928289983,5.816920269513392,5.317120991909653,5.246600311772902,5.361685714103966
M03_20240621:90,M03,M03_20240621,0.38032504981471354,5.344203954243703,4.782382461795958,4.799109559858164,4.892067097703753
M03_20240621:91,M03,M03_20240621,3.005186153390341,5.492290538645056,5.709254032401303,5.560987719560067,5.520699226021563
M03_20240621:92,M03,M03_20240621,8.045780077191173,8.34621668192591,8.700970805362557,8.747343759366977,8.680319910395227
M03_20240621:93,M03,M03_20240621,0.6417551452171596,7.3673990450883124,6.28277353614152,6.097375468957564,6.265242957038078
M03_20240621:94,M03,M03_20240621,0.7319371117972355,6.934116971091665,5.37826410917766,5.3589286086733665,5.493795364505944
M03_20240621:95,M03,M03_20240621,0.6730083111122949,7.578365895586277,6.679222768390648,6.710799758179835,6.73283087248965
M03_20240621:96,M03,M03_20240621,1.622477070283052,6.455418109610452,5.426199742739806,5.492740257036562,5.528316398995633
M03_20240621:97,M03,M03_20240621,9.313566872927101,7.6811963208793435,7.183591070829917,7.288551607962889,7.387939724445489
M03_20240621:98,M03,M03_20240621,0.4195191417904117,4.432681486456652,3.3812260364222877,3.527649917415416,3.5250380135248696
M03_20240621:99,M03,M03_20240621,0.5864879134384341,6.373846086530806,6.868218964270116,6.583540163896309,6.443054319638612
M03_20240621:100,M03,M03_20240621,4.972698247540262,7.106800374066188,7.528276512222715,7.694278118835896,7.674421064658386
M03_20240621:101,M03,M03_20240621,5.884618300215722,6.958579778576777,7.804344954225975,7.652800609753674,7.500239722940127
M03_20240621:102,M03,M03_20240621,8.77721600776316,9.450643450417274,9.34269122248302,9.021848322270179,8.718705898569569
M03_20240621:103,M03,M03_20240621,2.054022904921018,6.673143353780612,6.182873560702074,6.182647148667846,6.158809717714022
M03_20240621:104,M03,M03_20240621,10.35683041140229,7.653315184693371,8.0044146719769,7.981440291375071,7.852969607501464
M03_20240621:105,M03,M03_20240621,0.4356283970785077,5.739568916369577,6.321759307662422,6.313521758075396,6.319560470978912
M03_20240621:106,M03,M03_20240621,0.31396646498603054,6.286057822047851,5.340455631749725,5.318490409540859,5.33074492925104
M03_20240621:107,M03,M03_20240621,10.27911324365627,6.887035176832767,6.721407355259197,6.147590885876162,5.886642928299445
M03_20240621:108,M03,M03_20240621,0.259883047555665,4.788191252880983,3.2289018014267663,3.2806487722546773,3.4311394116756397
M03_20240621:109,M03,M03_20240621,1.79795060642431,5.350702412323079,5.270305829915682,5.402602389814783,5.376647078206094
M03_20240621:110,M03,M03_20240621,8.601230273532021,7.594980635213722,6.764439177164732,6.618172356560375,6.666183724088988
M03_20240621:111,M03,M03_20240621,1.222029254832965,5.636498742032767,6.120281595561952,6.011120329573291,5.930354601712215
M03_20240621:112,M03,M03_20240621,0.6765558139699771,4.5823158531436885,3.529165790318988,3.1076805757036023,3.119013308082125
M03_20240621:113,M03,M03_20240621,10.488274056876103,6.291053285792548,6.669663536770331,6.5948602375371665,6.408940470670569
M03_20240621:114,M03,M03_20240621,0.8687665608163128,5.284857197500011,5.7116487877986,6.0432003995992565,6.023049653188988
M03_20240621:115,M03,M03_20240621,1.7172638809166205,5.823203781387026,5.043267458466886,4.975531993022203,4.966388658360083
M03_20240621:116,M03,M03_20240621,8.314949348862982,8.387824808269468,8.284456762497248,8.310980684868184,8.330481040669556
M03_20240621:117,M03,M03_20240621,1.305090835422766,6.4377290310726565,5.874148251364698,5.554412865240063,5.545937635790584
M03_20240621:118,M03,M03_20240621,1.497670471865777,6.272621411877879,6.716085976440269,6.610617955495325,6.5713975036504575
M03_20240621:119,M03,M03_20240621,2.726852804951569,7.092671446772606,6.96704311899762,6.923200006701269,6.864835152620384
M03_20240621:120,M03,M03_20240621,8.883687447548384,7.052250327207198,7.027222850530023,6.828401221447104,6.704562971114461
M03_20240621:121,M03,M03_20240621,1.1239155591459047,5.3923850921447745,5.336428684645905,5.292258095227714,5.308442536638983
M03_20240621:122,M03,M03_20240621,9.28893473721344,7.088497980771346,7.462941979133684,7.301436739603656,7.157259767643261
M03_20240621:123,M03,M03_20240621,0.9225853853903278,4.91354006506797,4.859483846690107,4.629404079144532,4.453699186556847
M03_20240621:124,M03,M03_20240621,0.7360562705770166,8.052873831537703,6.6141189161451095,6.4879664769283885,6.549081656724619
M03_20240621:125,M03,M03_20240621,0.6717757943277249,5.161199554412579,4.566277550369853,4.491446446482348,4.5882065633904014
M03_20240621:126,M03,M03_20240621,2.0513146873425616,6.712290638842761,5.372982097318143,5.159033753040733,5.150582695151213
M03_20240621:127,M03,M03_20240621,8.848425098328722,9.28848785128817,8.816569775898877,8.722484995368546,8.571779337654588
M03_20240621:128,M03,M03_20240621,0.6113895242465073,5.13045150543896,4.347985835621178,4.27112714679097,4.315932101973414
M03_20240621:129,M03,M03_20240621,0.14230691836960147,7.767064340766931,6.742617990521093,6.58852233583151,6.589944272364116
M03_20240621:130,M03,M03_20240621,0.2978663105649766,7.010504214181571,6.4655673307057775,6.237641637185307,6.224158996555913
M03_20240621:131,M03,M03_20240621,0.37452554362364426,3.973237742846679,2.9576171743413373,2.7368391805824137,2.674467121231242
M03_20240621:132,M03,M03_20240621,1.4917345141173393,7.800408630197162,7.389421549847649,7.686026623165139,7.770933361118885
M03_20240621:133,M03,M03_20240621,6.058592211618342,8.688072034789824,7.987895779187975,8.19931147489575,8.197304892265297
M03_20240621:134,M03,M03_20240621,4.345875144634286,8.267184014259149,7.309121498442098,7.6219351350119435,7.809453223805585
M03_20240621:135,M03,M03_20240621,0.4619440941787327,8.478245199520867,7.748102521205672,7.817567942567973,7.808981044815073
M03_20240621:136,M03,M03_20240621,5.668297379748167,6.43299604982219,6.030644155188778,6.009200795091947,6.018160999717021
M03_20240621:137,M03,M03_20240621,5.421721253795865,8.455926309337743,7.948976495624501,8.077728765465896,8.103950777995095
M03_20240621:138,M03,M03_20240621,0.24820759383556049,6.5280215198968445,6.035231313028855,5.837296477302297,5.91423088656011
M03_20240621:139,M03,M03_20240621,1.5004476609390383,4.061754451725144,4.401691296564026,4.6295477633907005,4.641296264574872
M03_20240621:140,M03,M03_20240621,0.3975286113103785,5.893786069520124,4.2752437624287385,4.114425001882976,4.230955077648625
M03_20240621:141,M03,M03_20240621,0.5620235164615482,3.0244045326880657,2.642384969140421,2.403752284420985,2.4600975176151096
M03_20240621:142,M03,M03_20240621,0.538018386158448,6.850571179537783,5.897415408882692,5.835708207675512,5.9552999143784024
M03_20240621:143,M03,M03_20240621,0.668847064921173,5.243655967603479,4.538949285223782,4.6091870859670445,4.590657214939053
M03_20240621:144,M03,M03_20240621,0.31971319782340935,5.400675278398106,4.726770095892485,4.746237809001551,4.836678232805431
M03_20240621:145,M03,M03_20240621,4.648510798457031,7.075217466302541,7.416470867165325,7.442686743299708,7.414055809214883
M03_20240621:146,M03,M03_20240621,5.604725103329904,8.813098516071086,9.169878661127129,9.03262582862746,8.92209825411237
M03_20240621:147,M03,M03_20240621,0.6606333829114915,7.735321923610661,5.922411392516931,5.840036304725042,6.006226708462177
M03_20240621:148,M03,M03_20240621,6.263945287282491,7.874490447498477,7.74506018641349,7.790060130652364,7.6861923436597195
M03_20240621:149,M03,M03_20240621,5.707486017498132,8.126196375240948,7.580401498232863,7.692638958641965,7.756759048287403
M03_20240621:150,M03,M03_20240621,2.278547162248291,6.714165481212626,6.961347590431945,7.005745616823923,6.987644791697994
M03_20240621:151,M03,M03_20240621,9.2504938514755,8.320207481945863,8.157367753008007,7.959800829723252,7.854209619221819
M03_20240621:152,M03,M03_20240621,0.6665786311001565,7.637878357028594,8.078588768294434,7.705981712350267,7.544801732481787
M03_20240621:153,M03,M03_20240621,8.683304530271048,7.995654429129857,7.634728414655395,7.339814980652566,7.089252579891907
M03_20240621:154,M03,M03_20240621,3.132663242556728,5.6282291062562795,5.280983619085357,5.262816920138796,5.235405750678063
M03_20240621:155,M03,M03_20240621,0.8138118809315406,6.8907352817362,6.32410234388064,6.2916129517125405,6.293322565974636
M03_20240621:156,M03,M03_20240621,1.7893494823166025,11.191742828041482,10.427652858062348,10.552725701454964,10.651951064772783
M03_20240621:157,M03,M03_20240621,6.890603507201882,7.811150100267737,7.499206777493755,7.367133234630071,7.212778057787249
M03_20240621:158,M03,M03_20240621,5.6377539500805955,8.457003864743177,8.30544422757534,8.263230958769473,8.159590335127763
M03_20240621:159,M03,M03_20240621,0.7247398076853189,8.237176788274882,8.227037389927714,8.147020382939862,8.061948193300802
M03_20240621:160,M03,M03_20240621,7.648876315134217,8.06775747494849,7.898201310611743,7.701615250187398,7.640350566137304
M03_20240621:161,M03,M03_20240621,3.498993671641103,6.56347779804809,5.6374434641294195,5.553257868559938,5.5618991921062175
M03_20240621:162,M03,M03_20240621,1.163038035168628,5.090856424381913,5.6781858467905115,5.663588938194056,5.562792077308341
M03_20240621:163,M03,M03_20240621,1.3133122274263267,6.38305403099249,5.87648773380954,5.699113906493547,5.717253360663448
M03_20240621:164,M03,M03_20240621,9.015268326456239,8.118668993473774,8.34829129910679,8.40126037002922,8.322400108403851
M03_20240621:165,M03,M03_20240621,2.372489290145609,6.182432456138542,6.7806433289493055,6.436387808194908,6.349015949774218
M03_20240621:166,M03,M03_20240621,9.918709887855965,8.99701341579678,8.659162687722217,8.508391511004277,8.483043846355447
M03_20240621:167,M03,M03_20240621,0.5853942042631739,5.156239929961149,4.531027960277817,4.235409037960385,4.17437963347606
M03_20240621:168,M03,M03_20240621,1.0690412446553827,5.89502177230458,5.383989489360459,5.331322752282697,5.284354428626131
M03_20240621:169,M03,M03_20240621,8.557459069508756,8.32109660611398,8.42002812522919,8.391924147080012,8.25137178744558
M03_20240621:170,M03,M03_20240621,3.215100672706462,7.873103850888034,8.216973553485898,8.08747732577459,8.09638855824237
M03_20240621:171,M03,M03_20240621,2.369313173704792,6.334933652735744,6.256227905160948,6.140976037918195,6.037129027338516
M03_20240621:172,M03,M03_20240621,9.833522397123126,7.053354677377407,6.321722034938672,5.903658692527427,5.853897617259986
M03_20240621:173,M03,M03_20240621,0.6764865008386616,5.377220751258839,5.03472715701817,5.136975182166264,5.313010092859994
M03_20240621:174,M03,M03_20240621,0.3749398745135391,5.95028708197863,4.798066090954698,4.81205622988682,4.936423288563936
M03_20240621:175,M03,M03_20240621,2.0634607187630833,5.889345712425867,6.031168122418193,6.0518916268492235,5.986237105989052
M03_20240621:176,M03,M03_20240621,9.505728355790273,10.036128702350833,10.600073504749487,10.591482587348764,10.345414583017632
M03_20240621:177,M03,M03_20240621,1.3481739096313923,8.286353267591775,7.470481556066673,7.321765857628012,7.313623951845697
M03_20240621:178,M03,M03_20240621,9.125190756986372,7.57570697032378,6.7630688738145075,6.678159299680063,6.688777151027135
M03_20240621:179,M03,M03_20240621,1.8900932045726044,4.160931225517418,4.024453516563064,3.830431976962732,3.8123519540265454
M03_20240621:180,M03,M03_20240621,0.4027790705513401,5.864273593237393,4.865362909270727,4.917549996395997,4.967821607687664
M03_20240621:181,M03,M03_20240621,0.8520322234063342,6.067559934380342,5.788074008753562,5.5033360128763995,5.485298203495724
M03_20240621:182,M03,M03_20240621,0.9727988500113609,6.432244280561219,6.643998056372359,6.63318554269873,6.556125045159327
M03_20240621:183,M03,M03_20240621,3.1698663083854486,6.23501400393086,6.648391416119658,6.759976374026855,6.7465089787727575
M03_20240621:184,M03,M03_20240621,6.914729598620559,8.660268989252115,8.437952467139212,8.51850028141498,8.476162173072765
M03_20240621:185,M03,M03_20240621,2.226500437344656,5.3397593009751825,5.126731030990593,5.0138849779529355,4.840239363637818
M03_20240621:186,M03,M03_20240621,0.5387399849145359,6.397792915743679,5.425317202834736,5.398841317999061,5.387189343431059
M03_20240621:187,M03,M03_20240621,6.678730632097997,8.203484530226534,8.600158767913118,8.51642231532329,8.367843126104678
M03_20240621:188,M03,M03_20240621,2.95140818910568,5.2881003861539115,4.266084893674088,4.149767903978337,4.213187325461682
M03_20240621:189,M03,M03_20240621,2.421988783968391,5.603054861845415,5.763955214652279,5.870966758003394,5.823099242146751
M03_20240621:190,M03,M03_20240621,0.513640314950782,7.4129440975400005,6.7347745610088445,6.56788669669146,6.5770081517068455
M03_20240621:191,M03,M03_20240621,0.3474340985895825,6.080529456088403,6.253134124763841,6.105184658244043,6.072148402611138
M03_20240621:192,M03,M03_20240621,0.19367332554520025,6.071469949191726,4.483645923239156,4.270347226149694,4.438243246172446
M03_20240621:193,M03,M03_20240621,0.15554380186736855,3.3959744560741703,2.4152148353478635,2.245725664106258,2.261091871659704
M03_20240621:194,M03,M03_20240621,0.338296742243565,7.612202426133299,7.388539643865315,7.255107806452342,7.34753968178347
M03_20240621:195,M03,M03_20240621,6.283071121545189,9.964887417541023,10.25881414694728,10.295525196369233,10.278088917477579
M03_20240621:196,M03,M03_20240621,4.025461255136526,8.056499142518637,8.172235008274471,8.091454524699772,7.997544897075986
M03_20240621:197,M03,M03_20240621,0.1766248929905036,7.2971147519591995,5.151613277594133,5.079120209583762,5.353157265926192
M03_20240621:198,M03,M03_20240621,0.20873893133228122,5.82917012596923,4.005466701748625,3.710322450068716,3.8021750679178403
M03_20240621:199,M03,M03_20240621,0.21617035217734096,6.578056198303481,5.075801857055676,4.993124314805662,5.003959334563594
M03_20240621:200,M03,M03_20240621,1.1091309384639105,5.216284926102465,6.098878140289653,6.395317786827757,6.323619527636154
M03_20240621:201,M03,M03_20240621,8.085511976483298,8.680008019800614,8.499161046353942,8.442386064992181,8.478886924870089
M03_20240621:202,M03,M03_20240621,2.9554154807637256,7.09884518058846,6.935857595942265,6.582081189422464,6.51097804193346
M03_20240621:203,M03,M03_20240621,1.9690250696793983,7.034414943632962,7.478313314456141,7.422391448293414,7.360324859563759
M03_20240621:204,M03,M03_20240621,2.952167647744021,10.036677494704048,9.8049079051016,9.7173155932822,9.666721154231848
M03_20240621:205,M03,M03_20240621,4.255161539124916,6.62213352386545,7.034903871987224,6.994945406332912,6.875858351001651
M03_20240621:206,M03,M03_20240621,2.921752978791427,8.964961632656081,8.216093278308858,8.395384431557492,8.44556068204209
M03_20240621:207,M03,M03_20240621,4.164706465389953,9.907725169610115,10.520256570304875,10.349178621566676,10.240793768642655
M03_20240621:208,M03,M03_20240621,7.365648975407202,9.059495677812993,8.318261781334746,8.139817916045756,8.102227573646424
M03_20240621:209,M03,M03_20240621,3.668583963509935,8.212029725376485,7.603153852115609,7.574104015952221,7.584176154572273
M03_20240621:210,M03,M03_20240621,0.6337675012017338,5.967872675151407,6.074061783746828,5.9446270342017264,5.926447057802758
M03_20240621:211,M03,M03_20240621,1.9014056627656473,8.448174947448504,8.863431537971188,9.110028450415635,8.937648202247807
M03_20240621:212,M03,M03_20240621,6.71895590716211,7.046737930347833,7.128178092412501,7.152288073757579,7.122645815959635
M03_20240621:213,M03,M03_20240621,3.4484270083069815,7.069044216319098,6.377960771367064,6.388293880749151,6.444817123664043
M03_20240621:214,M03,M03_20240621,1.6109890447062731,7.5112020553931576,6.980591998492886,6.754516862934621,6.72504261313361
M03_20240621:215,M03,M03_20240621,9.570258911148196,8.85634340484279,8.803638012343427,8.591895466883427,8.401884184873147
M03_20240621:216,M03,M03_20240621,1.223943850849079,5.298839857403374,4.5678156874396665,4.40746310705799,4.365092585090131
M03_20240621:217,M03,M03_20240621,0.6915808751724467,7.080056600003396,7.804028733150695,8.004984745772894,7.892834148209317
M03_20240621:218,M03,M03_20240621,7.810073368911846,6.526027485144763,6.918463219531681,6.8548918127549765,6.7640658762531665
M03_20240621:219,M03,M03_20240621,3.2325000960390926,7.802400309921303,8.453604779026833,8.299289757680452,8.245423922719477
M03_20240621:220,M03,M03_20240621,8.395687807807892,7.053706162228871,7.647518306914213,7.782612261268159,7.691868911975115
M03_20240621:221,M03,M03_20240621,3.0286636801798075,4.846914920156133,4.179217126659201,4.248072939718641,4.351573064610722
M03_20240621:222,M03,M03_20240621,0.3498475663141579,5.044545775845034,4.960264723445729,4.934169803796064,4.944140213271862
M03_20240621:223,M03,M03_20240621,0.4381238013718327,6.44842773984713,5.153262526392614,5.105602916483074,5.175516874652184
M03_20240621:224,M03,M03_20240621,0.24095780151279012,4.2290478836709156,3.0436757324261143,2.989037256843728,3.034153200328422
M03_20240621:225,M03,M03_20240621,0.11267923122880766,6.255575658184661,5.406989240196829,5.405830008940196,5.520487395770113
M03_20240621:226,M03,M03_20240621,0.14314978856245192,4.874160201578012,3.6816521005487726,3.5841330243212113,3.6535058001896603
M03_20240621:227,M03,M03_20240621,0.3978779435494756,5.135168906539936,4.467591384721893,4.363262882242878,4.379323232462163
M03_20240621:228,M03,M03_20240621,0.42092142238726615,5.2758821478795745,3.9365410304827773,3.6720707709273332,3.593252032498753
M03_20240621:229,M03,M03_20240621,0.7457833561411794,6.529721721992818,6.547414489761676,6.545150336596698,6.374050381390157
M03_20240621:230,M03,M03_20240621,0.4938055459276658,6.668857895613297,5.2708029117684205,5.264241612421411,5.259521876178821
M03_20240621:231,M03,M03_20240621,1.3371502752537445,5.535910642135304,5.237171112478085,5.275943713230237,5.333182296190971
M03_20240621:232,M03,M03_20240621,6.516759104961961,9.00737063846986,8.94107685722997,8.897198251559363,8.919028240066469
M03_20240621:233,M03,M03_20240621,3.76062625512777,6.741857725775393,6.712963167154322,6.4726627610460845,6.389932016867377
M03_20240621:234,M03,M03_20240621,1.538024228261691,11.432945631788261,10.315469158780548,10.233886036729762,10.286155430884408
M03_20240621:235,M03,M03_20240621,3.152184013004968,9.092384601434802,8.844042975303363,8.694379228653068,8.598572873782638
M03_20240621:236,M03,M03_20240621,6.7666668695680094,9.029921425153619,9.279674997405724,9.07425348454287,9.027055079487798
M03_20240621:237,M03,M03_20240621,2.1251033774832835,4.808783607188354,4.017181289571991,4.037343046929678,4.059917432843376
M03_20240621:238,M03,M03_20240621,0.7656839029590039,5.814449266319069,5.789418822702885,5.75431302734833,5.763815855709251
M03_20240621:239,M03,M03_20240621,6.691464036203441,8.19251424846302,8.363315149653214,8.104807189918034,7.974802531297223
M03_20240621:240,M03,M03_20240621,4.532458959872042,8.310338916612356,9.038026154511323,9.208100087977773,9.005109449008263
M03_20240621:241,M03,M03_20240621,2.0727666710028942,6.294039777317644,6.307168416278327,6.0706247760969205,6.074000673157787
M03_20240621:242,M03,M03_20240621,9.588153830368812,7.824812352274508,7.480963620323956,7.560500694159123,7.58581577793146
M03_20240621:243,M03,M03_20240621,0.49544860175915584,5.721953223149101,5.244815366654775,5.233891638787492,5.271462413834101
M03_20240621:244,M03,M03_20240621,0.21308129989567653,5.44101639902995,5.2603541920626,5.099385564251356,5.076290491355511
M03_20240621:245,M03,M03_20240621,0.3553258000808873,6.000482938164401,3.904298083920774,3.767804028681521,3.7822251138552136
M03_20240621:246,M03,M03_20240621,2.2690251804870885,6.8597081706659075,6.81196607366938,6.816369845638233,6.748188204042847
M03_20240621:247,M03,M03_20240621,7.8365521006018195,8.893655236630444,7.474952388854468,7.587505055306655,7.7072995999038465
M03_20240621:248,M03,M03_20240621,2.0234443600221867,6.171597095013128,6.021979882625503,6.066831158348734,6.095558720199622
M03_20240621:249,M03,M03_20240621,0.43704823229277556,6.051808468529072,5.202757113746875,5.132580394061836,5.083929829418756
M03_20240621:250,M03,M03_20240621,0.34911043519015106,5.578345735594192,4.284128204912095,4.093422008908009,4.161437808435023
M03_20240621:251,M03,M03_20240621,10.782543715943604,9.830685656344862,10.128542527847653,10.04563521574815,9.962026277748855
M03_20240621:252,M03,M03_20240621,0.8752098049688255,6.3463276723036,5.971015250201387,6.066419941419934,6.152257787628281
M03_20240621:253,M03,M03_20240621,0.9738807090619471,6.715931222842092,5.599512112143198,5.59710937443329,5.622153961618546
M03_20240621:254,M03,M03_20240621,8.229502679131022,7.125366077307559,7.573134963687982,7.610623133498564,7.558692433990467
M03_20240621:255,M03,M03_20240621,2.2250384978841176,6.768481030523509,7.2420280327995155,7.202156460042975,7.021765384402242
M03_20240621:256,M03,M03_20240621,0.3605761140398481,7.206148263000067,5.5379497605947,5.524400951157151,5.615633509118926
M03_20240621:257,M03,M03_20240621,9.967659281065268,6.851144349800224,6.169930858904051,6.045505981310372,6.151495859650669
M03_20240621:258,M03,M03_20240621,1.6171953722812469,4.979753667998197,4.575817801984165,4.6845077078508925,4.7805011029131705
M03_20240621:259,M03,M03_20240621,1.0157420544573128,6.861629141959914,7.114971132631548,7.246621703830118,7.143554565614895
M03_20240621:260,M03,M03_20240621,4.954650955733452,8.824134236267302,9.08576252208756,9.069104372194133,9.011347893530829
M03_20240621:261,M03,M03_20240621,6.372310819208812,5.920330465205737,6.823108542807426,6.663530960034697,6.4961670675915855
M03_20240621:262,M03,M03_20240621,0.9759737188139593,7.920416396245519,7.041773895994622,6.883201879931416,6.799859030129538
M03_20240621:263,M03,M03_20240621,0.7771537477137843,8.30779794943308,6.516091762857297,6.530049590342498,6.6631392389107695
M03_20240621:264,M03,M03_20240621,1.2220320580339203,4.43418210972124,4.172833689607316,4.008754290866023,4.036891565291152
M03_20240621:265,M03,M03_20240621,3.8593923554150904,9.77031417206025,10.975276215048046,10.817065406327693,10.619920721962359
M03_20240621:266,M03,M03_20240621,7.383242243430473,7.298077189156832,7.287853975223664,7.310735859448653,7.253752896620953
M03_20240621:267,M03,M03_20240621,0.44459994094321825,5.462961715795893,4.7423111941973595,4.626989687655014,4.620445697734062
M03_20240621:268,M03,M03_20240621,0.7192288219000371,5.652103184579687,5.873006153509833,5.719893318155941,5.625385398805233
M03_20240621:269,M03,M03_20240621,6.56521210328049,7.087003298675468,7.055972043036567,6.960657202177935,6.909328517424935
M03_20240621:270,M03,M03_20240621,4.45234784964414,8.576076419406016,8.757943124529547,8.584580101945559,8.496805498920468
M03_20240621:271,M03,M03_20240621,0.45716017107178447,6.879650664988327,5.893844125179372,5.917969270033507,6.056515469244711
M03_20240621:272,M03,M03_20240621,0.45481985592240215,4.444775752097175,3.655469156272379,3.3903153699837345,3.460193362890257
M03_20240621:273,M03,M03_20240621,0.44915609794433253,6.168241684934096,5.334517007307843,5.428306913104222,5.498539786871829
M03_20240621:274,M03,M03_20240621,0.1418027920147027,7.350248112453468,5.588593362433236,5.761489938858535,6.07192536933481
M03_20240621:275,M03,M03_20240621,9.007682527241435,9.500946764433003,9.31997670340866,8.891305913678877,8.810143324882114
M03_20240621:276,M03,M03_20240621,2.5198398939272586,6.523607649752912,6.237285757884788,5.823941688766253,5.609258592643762
M03_20240621:277,M03,M03_20240621,0.23960579464542844,7.026334764093567,6.146054236649432,6.002195169852003,5.994240896432192
M03_20240621:278,M03,M03_20240621,0.4423406607736538,9.108248373126496,7.750033763802701,7.497850145743128,7.651496383567787
M03_20240621:279,M03,M03_20240621,0.8446945794409436,8.230736777527927,7.8648788878164115,7.684698429128584,7.600121880417049
M03_20240621:280,M03,M03_20240621,0.841637337162778,5.053510452890876,5.201916788217636,4.998394753236178,4.86769225081782
M03_20240621:281,M03,M03_20240621,4.68387847017458,6.545798944492966,6.762266404420894,6.827264272432579,6.741964116149238
M03_20240621:282,M03,M03_20240621,6.7616422245907035,8.080878587864694,8.421465394640313,8.28414304546137,8.167927961531765
M03_20240621:283,M03,M03_20240621,0.7162700761428207,7.120564791022865,6.349432053494811,6.451828229301021,6.49613203035754
M03_20240621:284,M03,M03_20240621,7.222603269255109,7.501375160432705,7.09975139012566,6.926006932350666,6.948292675223934
M03_20240621:285,M03,M03_20240621,4.293259521707651,5.46708366887042,6.131099976904927,6.303988856007413,6.110130245656211
M03_20240621:286,M03,M03_20240621,0.32523830030384293,7.017533610089713,6.379918384288911,6.268856497395177,6.308206349022887
M03_20240621:287,M03,M03_20240621,0.24048465834508193,7.096688975952468,6.746878188480014,6.675905096499647,6.690165464555932
M03_20240621:288,M03,M03_20240621,0.26279685011164294,6.476826827625424,5.310983134153447,5.239496006302121,5.245717449907578
M03_20240621:289,M03,M03_20240621,0.33165644696277696,7.26831341556035,7.4409439541451725,7.474716696225955,7.445766026380867
M03_20240621:290,M03,M03_20240621,0.37165251846953745,8.161455166369493,7.284783733385493,7.212196345481915,7.315909101663568
M03_20240621:291,M03,M03_20240621,0.25991886205935,6.714605082332735,5.766699162626292,5.63193840187754,5.567905219630586
M03_20240621:292,M03,M03_20240621,0.2780952317334321,8.659363078737552,8.51142457674105,8.462560209263971,8.379623831727137
M03_20240621:293,M03,M03_20240621,0.07099284627755048,6.856034854118238,6.136134811479692,6.040952269143488,6.06186292297691
M03_20240621:294,M03,M03_20240621,0.09099074221107536,6.701837583375603,5.897754460060118,5.640592676802599,5.65980262108112
M03_20240621:295,M03,M03_20240621,0.5868471483537637,8.386827681359314,7.577740295952639,7.4617514269591085,7.337183513674964
M03_20240621:296,M03,M03_20240621,4.051910280789562,6.066553741448719,6.064680844063098,5.85952372148415,5.831084906013528
M03_20240621:297,M03,M03_20240621,7.443039056272305,7.650282085241523,7.943771237115968,8.065122598132726,7.957130379494547
M03_20240621:298,M03,M03_20240621,0.8362411798819872,8.968766999413958,8.612816162449525,8.47056181522293,8.356739626428038
M03_20240621:299,M03,M03_20240621,1.7813045719571992,6.272020422515019,6.183908768065974,6.2094918728876705,6.1494302477365865
M03_20240621:300,M03,M03_20240621,8.545113711404968,9.345535866373707,9.077154823124982,9.045730220734864,9.047044450323067
M03_20240621:301,M03,M03_20240621,1.8732683597168038,6.0389795278835185,6.8257755813391325,6.657297233981311,6.397635386974459
M03_20240621:302,M03,M03_20240621,1.3513452958601397,6.577919762229023,6.1362902750809685,6.125999388815286,6.218068785908144
M03_20240621:303,M03,M03_20240621,1.4071239908264852,6.74102377740147,5.3435891728619955,5.248181985810335,5.324531257467652
M03_20240621:304,M03,M03_20240621,3.180296463343644,6.82474997215882,6.272183276931323,6.126175316480224,6.16438291044364
M03_20240621:305,M03,M03_20240621,7.234956161546056,8.733415167945582,8.282115799753809,8.289889340590388,8.330419123977167
M03_20240621:306,M03,M03_20240621,1.1365002584046617,8.274272744231158,8.65126768644333,8.457910495421213,8.301976764826854
M03_20240621:307,M03,M03_20240621,7.536660731049235,8.944979037087524,8.21357509784276,8.09724754129776,8.178502396628552
M03_20240621:308,M03,M03_20240621,4.449882006117828,5.54174413244294,4.993695473987769,5.111966262976811,5.083840015744691
M03_20240621:309,M03,M03_20240621,0.974839638531083,10.312159272948552,9.69770361536619,9.789085387776762,9.841537566063884
M03_20240621:310,M03,M03_20240621,0.45821861461955576,4.5602191600476205,4.016940515727556,3.845217981860511,3.79568786249944
M03_20240621:311,M03,M03_20240621,0.07391986165580067,5.26267221691961,3.4824132054035597,3.32098155807726,3.5013578709044086
M03_20240621:312,M03,M03_20240621,0.07623730706904867,5.162654087328089,4.129839007270535,4.081276823998724,4.04968752047422
M03_20240621:313,M03,M03_20240621,0.3462833890006334,6.368718681923414,5.662555429589091,5.827489640972992,5.888796156640119
M03_20240621:314,M03,M03_20240621,0.24661479250740734,6.8462107224848445,5.687712166662711,5.5606841049021565,5.727009482929578
M03_20240621:315,M03,M03_20240621,5.390978897634383,8.061104213220647,7.575471896295751,7.539617215788907,7.4880087336007035
M03_20240621:316,M03,M03_20240621,3.573422950456347,7.5918426836984025,6.66676014922702,6.5691007292431305,6.520880166155761
M03_20240621:317,M03,M03_20240621,1.8628156175246573,6.486601722160252,6.257106833928293,6.3332078133483405,6.257905700000411
M03_20240621:318,M03,M03_20240621,0.5031709111584516,8.466207845658586,8.153217128626883,8.049430708128838,8.07346659096516
M03_20240621:319,M03,M03_20240621,0.22790086667873244,6.375424803372319,4.650908985849053,4.629024438789154,4.883405872259497
M03_20240621:320,M03,M03_20240621,1.9526807519880334,6.631943018472809,6.455037552024068,6.442932695257932,6.362656894478705
M03_20240621:321,M03,M03_20240621,9.121219349146502,8.553215196014182,8.22180406232858,8.136156653265715,7.925566217494798
M03_20240621:322,M03,M03_20240621,0.6041793319780584,6.098226346289229,4.787192794889142,4.793824865517517,4.953979572348413
M03_20240621:323,M03,M03_20240621,0.4898566974332136,7.52854785120201,6.671835931217448,6.647056273792391,6.586460767438368
M03_20240621:324,M03,M03_20240621,1.7048678515103852,4.254931243632473,3.9908603207889453,3.7122740628180346,3.615480646628657
M03_20240621:325,M03,M03_20240621,2.114550903269094,5.627937168134552,5.6575950154662396,5.60688230540488,5.624731879185244
M03_20240621:326,M03,M03_20240621,3.368505333958855,6.331361718212682,6.0347142191509455,6.012483469056035,6.080310881871287
M03_20240621:327,M03,M03_20240621,4.730158262674951,5.958186455958573,6.067210719535519,6.134267903731061,6.101944499428156
M03_20240621:328,M03,M03_20240621,1.0393963996027613,8.217843916857959,7.540679154104367,7.605955932786452,7.623009389789998
M03_20240621:329,M03,M03_20240621,9.610221462838298,8.124987797131404,7.808551941001472,7.536181877936883,7.462231780023935
M03_20240621:330,M03,M03_20240621,0.6638032972232263,7.836435942352084,6.286900801502053,6.402084923357542,6.439841491173733
M03_20240621:331,M03,M03_20240621,0.6846637722971775,5.090816892164824,5.1541360742239535,4.892744888543162,4.877898819576593
M03_20240621:332,M03,M03_20240621,0.1816163474969185,8.865303765762732,7.126067911411866,7.135061017364411,7.423797766135724
M03_20240621:333,M03,M03_20240621,0.2707089672217087,5.954923843806124,4.039294600482882,3.9633423510593113,4.1464948824799395
M03_20240621:334,M03,M03_20240621,0.36623308655752423,8.499899769959484,8.242738184364438,8.109790699400458,8.124272926020122
M03_20240621:335,M03,M03_20240621,0.3273145920956449,6.835934601103858,5.244965074331574,5.1231497683909115,5.183784933037546
M03_20240621:336,M03,M03_20240621,0.21778259462648236,6.6002579033831115,5.6215671911925895,5.651462601611707,5.704315935861631
M03_20240621:337,M03,M03_20240621,1.6647617617945032,7.167571899411598,7.135386530987848,7.125100781984389,7.158530560670892
M03_20240621:338,M03,M03_20240621,8.389382834372086,8.767529781584889,8.372801854843242,8.324640933194864,8.439923320330166
M03_20240621:339,M03,M03_20240621,2.4247233455791073,7.952504632370307,8.754926358336624,8.456806852227176,8.345452695681981
M03_20240621:340,M03,M03_20240621,0.15999787695857823,9.274474384486487,8.14776949847769,7.913010321060471,7.996945992880505
M03_20240622:0,M03,M03_20240622,6.322683186905849,11.182357219666603,9.282561705895617,8.912541085988872,9.055089658761503
M03_20240622:1,M03,M03_20240622,2.5554798620028016,8.17168582735065,7.303397947855703,7.281998583160091,7.393632365965184
M03_20240622:2,M03,M03_20240622,3.091422170801096,7.829669402138003,5.575467292982541,4.976814069187249,4.93987513325966
M03_20240622:3,M03,M03_20240622,5.0366871676641765,9.033792424414042,6.933921421991276,6.2945783528672195,6.275998705619175
M03_20240622:4,M03,M03_20240622,0.6410424527941128,8.761361056066972,8.020027146066052,7.8216807686090375,7.929481929659784
M03_20240622:5,M03,M03_20240622,4.7784575000487335,10.194840666302817,7.365148198058367,7.106627839842943,7.2844460750525695
M03_20240622:6,M03,M03_20240622,4.423999853046755,7.382947938463219,6.6162307253994195,6.411553712250759,6.403786553439622
M03_20240622:7,M03,M03_20240622,0.8939342363717137,7.0675130328115925,6.501167495204665,6.453283504252859,6.603203943452661
M03_20240622:8,M03,M03_20240622,7.324522730310547,9.496081280692739,7.798313901710812,7.735500354654512,7.806722297484148
M03_20240622:9,M03,M03_20240622,2.9662488481935188,8.861553550196646,7.508076744594556,7.192606498894358,7.013999730102466
M03_20240622:10,M03,M03_20240622,5.5324532371708575,10.299202658104713,9.435518873888867,9.368728511080981,9.451512461705917
M03_20240622:11,M03,M03_20240622,3.5595231761355692,6.926742269255891,6.410636958913899,6.449039865183849,6.5358646575770285
M03_20240622:12,M03,M03_20240622,8.309152566219797,8.455732264114776,7.16868027858779,6.98501578500587,6.939015308884167
M03_20240622:13,M03,M03_20240622,1.3533722231583876,10.070417778890466,9.085626547380066,9.109331772804214,9.048831007561757
M03_20240622:14,M03,M03_20240622,8.462606906277756,8.808448911984275,7.430796361403499,7.2932626239820975,7.242886102870063
M03_20240622:15,M03,M03_20240622,3.030225410686962,9.701411334499653,9.639344078014613,9.761907353069153,9.76633457484996
M03_20240622:16,M03,M03_20240622,7.23626800087788,9.77552231236556,9.34630631640391,8.979362782499367,8.959266055446063
M03_20240622:17,M03,M03_20240622,1.357515756572636,8.041157381478858,6.859730285127388,6.645794997382902,6.619902429965165
M03_20240622:18,M03,M03_20240622,6.155760050354714,9.528298520899106,8.89488348041248,8.675616766273459,8.651602890412384
M03_20240622:19,M03,M03_20240622,2.593766543093861,6.6434741523861,6.089631351093453,6.195579159343447,6.3484127979065805
M03_20240622:20,M03,M03_20240622,8.35842440564436,11.233993451966757,9.67933486722865,9.591797448755035,9.704570806971027
M03_20240622:21,M03,M03_20240622,0.5380175933474673,4.001046673374441,3.5656632573485627,3.429936945530043,3.3627870077829143
M03_20240622:22,M03,M03_20240622,3.44396152128662,10.800490782783926,9.875933861413987,9.87669213849913,9.857885370044157
M03_20240622:23,M03,M03_20240622,6.018397462409661,9.302639021071743,8.826143605416828,8.610780054491727,8.72110036938252
M03_20240622:24,M03,M03_20240622,3.4049647878360156,10.861356162185327,9.837363449349018,9.830195389802729,9.878860648172472
M03_20240622:25,M03,M03_20240622,6.797487364639694,8.86278012477769,8.551794786798625,8.544782115301905,8.531756278746013
M03_20240622:26,M03,M03_20240622,2.4361599303754238,9.192534469861517,9.565183416976588,9.637362005548786,9.555952266709447
M03_20240622:27,M03,M03_20240622,6.873062297872764,11.45202243818147,10.713350426485853,10.800282049254264,10.848461735794242
M03_20240622:28,M03,M03_20240622,2.148917411493907,8.287225812835771,6.718361323365872,6.633350944611612,6.852444732425872
M03_20240622:29,M03,M03_20240622,6.114714351266466,11.0439367635979,10.030845743644441,9.936804136008748,10.015036699222051
M03_20240622:30,M03,M03_20240622,4.065459254004883,9.451435599058085,9.164564826987764,9.007135504835361,8.806052278508279
M03_20240622:31,M03,M03_20240622,6.23192660730444,8.204130366811512,7.464546820299198,6.983610967686702,6.9246644104856525
M03_20240622:32,M03,M03_20240622,3.401875801797086,8.631720723728492,7.439653837711528,7.333814561169507,7.43787648833321
M03_20240622:33,M03,M03_20240622,2.524698838926149,8.052641875601429,7.86741874845683,8.032485348663888,7.982333805723823
M03_20240622:34,M03,M03_20240622,7.265182972248142,10.604091662914506,9.125938018383556,8.92845847902571,8.99538351831983
M03_20240622:35,M03,M03_20240622,0.8580537544524249,7.363227961425962,6.891934810151334,6.747610273937852,6.80296460765549
M03_20240622:36,M03,M03_20240622,8.340395632622805,10.442451811920137,9.150218495537022,8.962537560188238,9.070424971886565
M03_20240622:37,M03,M03_20240622,1.7743803969431549,8.068086584872542,7.673241609412965,7.63908341740533,7.576335124559451
M03_20240622:38,M03,M03_20240622,5.1385085399756605,8.21865761588938,7.699017227556637,7.475195008925753,7.297614133387708
M03_20240622:39,M03,M03_20240622,3.9084043371716053,9.399890263263835,9.125449019464495,9.041702236527847,8.95755770434674
M03_20240622:40,M03,M03_20240622,2.1743628037628815,8.780032769531868,8.401068163322012,8.511296394991195,8.623892957524102
M03_20240622:41,M03,M03_20240622,6.782793442937175,10.221655123051555,9.609304405099039,9.65852020425745,9.671069572787161
M03_20240622:42,M03,M03_20240622,2.352229341528233,7.024703150155492,6.418601711764879,6.505663201040838,6.522828758395666
M03_20240622:43,M03,M03_20240622,7.894674260141571,11.407801362362278,10.673411138909977,10.79295159031853,10.902869372270636
M03_20240622:44,M03,M03_20240622,1.6158065287128767,10.243475224301047,9.476341294629346,9.72180701387683,9.868938221764896
M03_20240622:45,M03,M03_20240622,2.096318361073383,7.765334589249887,6.640734884958005,6.748916501926317,6.909403807403892
M03_20240622:46,M03,M03_20240622,7.853590351258673,8.471466127513757,7.902520195025175,7.93993890328508,8.065651158818893
M03_20240622:47,M03,M03_20240622,2.0418633134688706,6.239964939762852,5.7877993974025,5.69261384672708,5.6529883469141975
M03_20240622:48,M03,M03_20240622,7.562594565006281,9.675117900823114,8.699596609489028,8.565258668266495,8.582513960777863
M03_20240622:49,M03,M03_20240622,0.9518250220026673,8.073464288589822,7.9691908000348,7.869772843785471,7.910910856992853
M03_20240622:50,M03,M03_20240622,0.6513223106047267,6.957866972500636,5.455132704292138,5.525488967026537,5.483748668595363
M03_20240622:51,M03,M03_20240622,1.0913403705826892,9.131478143126692,8.400121902313995,8.572142351171074,8.67372726057484
M03_20240622:52,M03,M03_20240622,3.1202325084390665,10.353472393980196,9.657420696806017,9.611481674363404,9.631010643949233
M03_20240622:53,M03,M03_20240622,6.036717463515608,7.948100451107507,7.337208277093506,7.346348591151515,7.235809623007978
M03_20240622:54,M03,M03_20240622,0.9272467150007412,6.460558498638525,5.000884651512511,5.0293664091802155,5.188610022549255
M03_20240622:55,M03,M03_20240622,4.368472078693332,8.43318741917206,8.458665414428037,8.585502976020248,8.496753408539048
M03_20240622:56,M03,M03_20240622,5.417694264020263,8.55045724119002,9.314753208770263,9.480927666374178,9.432913481766974
M03_20240622:57,M03,M03_20240622,1.5242418541719769,6.798674030018523,6.159041874444298,6.086060242187095,6.089811140374664
M03_20240622:58,M03,M03_20240622,8.01495092222136,9.790062728696633,9.618489770432495,9.503863059282825,9.4536082288691
M03_20240622:59,M03,M03_20240622,5.069302730590371,10.415896408945928,10.592784678612052,10.463494360609157,10.387635355896995
M03_20240622:60,M03,M03_20240622,4.3115301908420145,9.17869077473712,9.199245891885848,9.188575829123565,9.191614526947255
M03_20240622:61,M03,M03_20240622,0.6830644620476585,8.689574901092946,6.736375447589395,6.8980218201334935,7.218203159138799
M03_20240622:62,M03,M03_20240622,2.943808478558749,6.492939981489123,6.497789612179906,6.798658493628873,6.92360828540958
M03_20240622:63,M03,M03_20240622,6.62121239009792,9.34330652583541,8.995927152246637,9.192639080603806,9.173394696487154
M03_20240622:64,M03,M03_20240622,1.8654679264445437,7.023766389197758,7.588996977674613,7.367453041730567,7.162276206239046
M03_20240622:65,M03,M03_20240622,8.154986566551242,9.920319914982505,9.11055972919797,9.299911479069749,9.546714126188627
M03_20240622:66,M03,M03_20240622,0.9897200816539113,7.804810788269279,7.831237170871235,7.848719859933594,7.80441423609664
M03_20240622:67,M03,M03_20240622,4.199655074319256,7.797369486061056,7.456416903149072,7.383675953496774,7.372434891727865
M03_20240622:68,M03,M03_20240622,6.254945570895463,9.831798125508325,10.102680460685768,10.3498004884028,10.329117220196508
M03_20240622:69,M03,M03_20240622,9.206291919900359,8.737982158198193,8.23142721795076,7.9981383629922504,7.859993603337198
M03_20240622:70,M03,M03_20240622,3.5597471450267086,8.374553493037523,8.35819459674656,8.424192083644165,8.469153709787872
M03_20240622:71,M03,M03_20240622,7.060998862823973,7.36354588052717,6.687387717970928,6.810706638664303,6.7751195545361345
M03_20240622:72,M03,M03_20240622,5.467155204902401,7.3760666506468215,7.496101706439049,7.52024823738129,7.496138359525984
M03_20240622:73,M03,M03_20240622,4.721615517096763,9.150342128013934,9.071555689732566,9.058317489885692,9.035234440190406
M03_20240622:74,M03,M03_20240622,3.234194881307083,6.551765229468989,6.295042480990833,6.3151115009439796,6.302934965034621
M03_20240622:75,M03,M03_20240622,6.435188813737705,8.269265658080009,7.615340813672928,7.7335588093106775,7.846657357662232
M03_20240622:76,M03,M03_20240622,6.070970705071857,6.161707853508385,5.978066238631,5.848814805740137,5.758844956183589
M03_20240622:77,M03,M03_20240622,4.394889462602935,8.518917573832622,7.629719072168761,7.477932126425385,7.58118078994163
M03_20240622:78,M03,M03_20240622,8.352088124753498,8.26496286035962,7.971241287240433,8.067377819902955,8.041378183862973
M03_20240622:79,M03,M03_20240622,2.1791051299026165,5.387486626243327,5.015509796308236,5.0374203898875916,5.114225171433317
M03_20240622:80,M03,M03_20240622,5.992795108511983,7.208040936368868,7.188320148454128,7.056631239251807,6.8914310374763215
M03_20240622:81,M03,M03_20240622,3.1435049852794346,8.78073387696964,9.115887261929188,9.10800491838534,9.137567479484016
M03_20240622:82,M03,M03_20240622,3.3169531192614707,8.281042650381753,8.458039467445005,8.370972196583663,8.2592984053849
M03_20240622:83,M03,M03_20240622,6.6872699306102295,7.48478124956619,6.7602222387149755,6.788254995598679,6.755109009009825
M03_20240622:84,M03,M03_20240622,2.589219995011285,6.978285330844107,7.2926923016252285,7.211858352498558,7.195090340229348
M03_20240622:85,M03,M03_20240622,2.39385470165138,8.696046818627513,8.871399397920452,8.889144829493347,8.899796553723451
M03_20240622:86,M03,M03_20240622,6.134728219110662,9.407650919220199,9.736651299159504,9.75326575809045,9.790151500809777
M03_20240622:87,M03,M03_20240622,0.8744602636571653,8.092799694623618,8.567722129254074,8.542412669687259,8.569789190993268
M03_20240622:88,M03,M03_20240622,1.8397716909356214,6.424368058331454,5.780218895318212,5.609083035281604,5.746439905008555
M03_20240622:89,M03,M03_20240622,8.34869352856957,8.832091758959074,8.192821063306578,8.013138722486405,8.045869333173584
M03_20240622:90,M03,M03_20240622,6.031187578399729,9.020010205998183,8.763114887756494,8.820666420793698,8.749749764902647
M03_20240622:91,M03,M03_20240622,5.265652533073283,8.117681228101363,7.703337877272228,7.722466911035125,7.78904097611379
M03_20240622:92,M03,M03_20240622,8.475870064067506,9.006290544200896,8.625856858127086,8.586430624410866,8.657875219813121
M03_20240622:93,M03,M03_20240622,1.135168950721784,4.946806856781409,4.522700295637181,4.445270777507601,4.543130979157455
M03_20240622:94,M03,M03_20240622,1.0825217679385133,4.81811316115933,4.079707003141095,4.146201040136274,4.226508917157822
M03_20240622:95,M03,M03_20240622,3.4150874635659294,8.086108368591807,8.036649143695197,8.002136179119953,7.966829952086176
M03_20240622:96,M03,M03_20240622,7.113891625358988,9.500130637014252,9.745965377926634,9.506287094822607,9.437591720010868
M03_20240622:97,M03,M03_20240622,1.3917260470827422,8.774779066455842,7.7158719268708555,7.849445068979016,8.033395722361307
M03_20240622:98,M03,M03_20240622,4.257815170783567,5.697537168671907,6.325935379482988,6.479093142620178,6.379792142782573
M03_20240622:99,M03,M03_20240622,5.7654275550617085,8.390967238369367,8.090602541513885,8.058751892679933,8.033249167593162
M03_20240622:100,M03,M03_20240622,3.7483329607621294,5.836182569049799,4.921628314548374,5.058204124172256,5.000304141660472
M03_20240622:101,M03,M03_20240622,6.668591529033718,8.942584068605715,8.77646515903607,8.658001441199259,8.690010270980974
M03_20240622:102,M03,M03_20240622,0.39679000718145674,8.510671253983592,7.110910597271033,7.0939095312427325,7.223753832098488
M03_20240622:103,M03,M03_20240622,1.4673795783899863,6.767405154515563,5.881064422618053,6.184869170064895,6.337646893164172
M03_20240622:104,M03,M03_20240622,3.9609702759243124,7.801252801875933,7.631134228613889,7.655180394837624,7.518809261256683
M03_20240622:105,M03,M03_20240622,5.920435709393353,7.436502418344629,6.90741534402399,6.783716389952091,6.84140003130621
M03_20240622:106,M03,M03_20240622,3.4399085341824818,6.437100629031155,5.824608074363066,5.727977282381381,5.668891673942756
M03_20240622:107,M03,M03_20240622,6.250192318302333,8.437466386424829,8.171706179476422,8.22454394856183,8.222039242477106
M03_20240622:108,M03,M03_20240622,2.814620769035575,7.712488679529066,7.9634753419349735,8.076380994256171,8.031642623024617
M03_20240622:109,M03,M03_20240622,2.889670918383926,4.990546468188174,4.6934817173342065,4.646351850174598,4.647053947418821
M03_20240622:110,M03,M03_20240622,7.9255666874393835,7.381464752135658,7.389054099590727,7.464048219389179,7.4238663629651445
M03_20240622:111,M03,M03_20240622,1.9237857233346956,7.308823493908179,8.187120639220279,8.210714373005619,8.08393809850038
M03_20240622:112,M03,M03_20240622,4.792813384695192,6.284146487680978,5.533456398437662,5.433604039838923,5.480191247295111
M03_20240622:113,M03,M03_20240622,3.5912262864287365,8.184005634368248,9.224667572449226,9.259369646790697,9.087570286585631
M03_20240622:114,M03,M03_20240622,0.41881899179396537,6.795161049702372,6.608675538093909,6.729476461567218,6.865017015701518
M03_20240622:115,M03,M03_20240622,7.152544582233276,9.031884147062087,9.225330095849758,9.247800039353416,9.216039811185793
M03_20240622:116,M03,M03_20240622,2.456354477938795,4.32404300043749,4.196259238832552,4.141977434479253,4.1242331926411016
M03_20240622:117,M03,M03_20240622,0.663410859417488,5.709287378737843,5.097922313466148,5.311168389967051,5.421037460954575
M03_20240622:118,M03,M03_20240622,9.44461615181572,7.872220636434712,7.543309871370925,7.640679831206801,7.798705353643845
M03_20240622:119,M03,M03_20240622,1.8629292408525737,7.251515538745511,6.889259219755081,6.900565729824991,6.735494874807268
M03_20240622:120,M03,M03_20240622,8.367077202318491,6.177761646388502,6.35542839964047,6.536850403263554,6.557480173900876
M03_20240622:121,M03,M03_20240622,1.6091868490542007,8.20332786847237,7.1636240359236245,7.2084109261571605,7.29971591375918
M03_20240622:122,M03,M03_20240622,10.712700822045548,9.785999133690838,8.98881036888899,8.904364225411907,8.925341319491917
M03_20240622:123,M03,M03_20240622,9.017635498421235,10.280460942463256,10.206098487930937,9.910490103243847,9.860879806002403
M03_20240622:124,M03,M03_20240622,0.5435814881668943,7.7069693272027955,7.758847336566497,7.70599823567983,7.695136744262639
M03_20240622:125,M03,M03_20240622,9.087046956839465,9.073367192630595,9.054066326061365,9.125302067279144,9.158464659600952
M03_20240622:126,M03,M03_20240622,2.394579858024578,6.463532901939969,6.449184189156449,6.538203187058112,6.415752560429889
M03_20240622:127,M03,M03_20240622,6.7359759997841016,7.095462949553108,7.5133896230943575,7.536003839779937,7.474246841744299
M03_20240622:128,M03,M03_20240622,2.868848922051067,7.4386460030091275,8.065167086222651,8.367156501307543,8.280883767201827
M03_20240622:129,M03,M03_20240622,7.901419478202628,7.685890051752351,7.117106949275392,7.298506578820679,7.291849197508682
M03_20240622:130,M03,M03_20240622,2.06428178113046,7.400526480013241,7.922895347784113,8.04205749875659,7.868008834483614
M03_20240622:131,M03,M03_20240622,5.552113331156059,7.625762621862952,7.579758271107729,7.593281356423499,7.567143968115783
M03_20240622:132,M03,M03_20240622,3.807371000104029,7.413398306703623,6.989178725245056,6.917649504591523,6.810870870619421
M03_20240622:133,M03,M03_20240622,2.883434333858784,6.157470637064827,8.095362974837123,7.987558376746195,7.813612112218982
M03_20240622:134,M03,M03_20240622,7.514910977523279,8.076938411777963,7.758395416271837,7.836859076543536,7.77816557288663
M03_20240622:135,M03,M03_20240622,3.9901039718373665,7.451507459364944,7.467583116843885,7.458807047096652,7.3722922059002975
M03_20240622:136,M03,M03_20240622,6.975113097094477,9.975155027324751,10.71558588262986,10.808604219986433,10.683761007677939
M03_20240622:137,M03,M03_20240622,0.5031404917673897,9.062133366714953,8.165175971486299,8.332354501596022,8.426358492883214
M03_20240622:138,M03,M03_20240622,0.3065178886081612,6.716305894464052,5.30170654611622,5.16928189371698,5.186343080223872
M03_20240622:139,M03,M03_20240622,9.273544049025677,8.28851858589123,8.899815263562553,8.918366714293686,8.848490017965743
M03_20240622:140,M03,M03_20240622,1.0983830338953007,4.924747457536838,4.976802287955362,4.884391266890161,4.796729159708441
M03_20240622:141,M03,M03_20240622,1.0056917614777738,5.749297997434786,5.206924162105771,4.885959836215116,4.770605842483738
M03_20240622:142,M03,M03_20240622,3.949877633037845,6.254042979573687,6.62405502605573,6.645943750447804,6.573914151467852
M03_20240622:143,M03,M03_20240622,2.9470622095123353,6.961414838371477,7.327548049104592,7.390965798668599,7.157225427276989
M03_20240622:144,M03,M03_20240622,1.563418957879815,6.213339492664519,6.607832055421852,6.674504011937873,6.715269221173885
M03_20240622:145,M03,M03_20240622,6.205484295262855,7.602404955067369,7.703368419329842,7.653779404502819,7.733759413549435
M03_20240622:146,M03,M03_20240622,4.580847739853892,7.096327922903555,7.058898800868038,7.307133986860465,7.39669774975249
M03_20240622:147,M03,M03_20240622,1.1115702098029883,6.612773131734695,6.400026437491683,6.650737247386285,6.74398789277388
M03_20240622:148,M03,M03_20240622,7.162706962884509,7.348239813045181,7.264637374937566,7.200118611528728,7.0946311591856865
M03_20240622:149,M03,M03_20240622,2.864607130636277,7.024145689779122,7.52049619795862,7.658084353444458,7.561636860514595
M03_20240622:150,M03,M03_20240622,0.6232928949994389,8.54530360864998,8.817225721525386,8.632405809602481,8.567933026040615
M03_20240622:151,M03,M03_20240622,2.2125239447202127,3.9791094365338666,3.725144258894882,3.7426436260489386,3.644071110060671
M03_20240622:152,M03,M03_20240622,8.246615096510006,7.38689592895388,8.293109196151327,8.184182177983512,8.069384321003302
M03_20240622:153,M03,M03_20240622,0.8744179801360631,5.974615707065686,5.045775187168417,5.126610422427474,5.028375266388128
M03_20240622:154,M03,M03_20240622,4.0460870432615295,6.24965901056945,6.75045197499178,6.685099097060268,6.53732416973477
M03_20240622:155,M03,M03_20240622,6.158728786518657,6.900872889012465,6.847449348963238,6.914764188586894,6.994255130391218
M03_20240622:156,M03,M03_20240622,1.5126290928492816,7.297931921933013,7.980758577649262,8.011216926782474,7.94853016723606
M03_20240622:157,M03,M03_20240622,8.126089176433709,7.737477857826427,7.661578879419337,7.560588710950032,7.474445339390775
M03_20240622:158,M03,M03_20240622,2.6115590323702063,6.469967850367074,6.873933709572034,6.9060762082871925,6.752383375623166
M03_20240622:159,M03,M03_20240622,7.653287968175524,6.403074605559236,6.111314991532556,5.857202887027999,5.92371600810174
M03_20240622:160,M03,M03_20240622,1.084869281939186,5.799587254222634,6.373377809554701,6.5958071783291015,6.548086360435649
M03_20240622:161,M03,M03_20240622,1.0912595046735887,5.4753353970635645,4.936649894696984,4.8540368037709,4.695331937851902
M03_20240622:162,M03,M03_20240622,0.38885837155546393,4.907134820637551,2.555247648272096,2.809636708324672,3.000698373841263
M03_20240622:163,M03,M03_20240622,0.42829929443056436,4.281043437062985,2.416827596502497,2.407282610151495,2.6351428492363316
M03_20240622:164,M03,M03_20240622,0.22553151298504023,5.248290216514682,3.614481516932184,3.5157849857613197,3.655149209917938
M03_20240622:165,M03,M03_20240622,0.2031957775960438,5.2866284262592265,4.759208216472832,4.7037922568,4.66304409112462
M03_20240622:166,M03,M03_20240622,0.24526975777703608,4.040184605472966,2.6148214297556724,2.6878871187505475,2.8287009752178065
M03_20240622:167,M03,M03_20240622,0.41170179852209104,5.165683739732929,4.5476189966805585,4.42707082545852,4.487215201560422
M03_20240622:168,M03,M03_20240622,0.40820064202336526,6.366340704844879,4.931115082780329,5.338056047711602,5.44583106600912
M03_20240622:169,M03,M03_20240622,0.5800445704514103,6.713108862372997,5.820455653916945,5.818810458311188,5.86746485314773
M03_20240622:170,M03,M03_20240622,0.538907317846361,4.078606131560696,2.7173344843304132,2.8290757973652365,2.9483015394735217
M03_20240622:171,M03,M03_20240622,0.4770014797401118,4.360824793664989,3.461154691988755,3.4095297453118727,3.4827106590801913
M03_20240622:172,M03,M03_20240622,0.5633578390098218,5.7063285702074875,5.765318670009937,5.6298038477832755,5.597590771927412
M03_20240622:173,M03,M03_20240622,0.25894518396624056,6.631787696958751,6.164844321200032,6.331335195655155,6.419580735745363
M03_20240622:174,M03,M03_20240622,0.317433914356061,6.68098450064342,6.7054450862009745,6.521251938457619,6.504694414719503
M03_20240622:175,M03,M03_20240622,0.6202528596026347,6.008092321262605,7.106844239398038,7.0061774145892635,6.838067634063323
M03_20240622:176,M03,M03_20240622,1.3812328385750077,8.075363957193735,8.071070673426725,8.190058524177093,8.304837825984201
M03_20240622:177,M03,M03_20240622,5.460279038694827,9.595614317252457,9.339242042573126,9.373111618178935,9.567388570777045
M03_20240622:178,M03,M03_20240622,3.2372390638489104,7.576802273029607,7.796651793423753,7.794951693124461,7.669225941072042
M03_20240622:179,M03,M03_20240622,0.7956026078120139,5.596948364300722,4.92645950917664,4.830564368339346,4.899785840426074
M03_20240622:180,M03,M03_20240622,0.23184860403848473,5.781326097062451,5.11198182514774,5.05338764893837,5.004858775254423
M03_20240622:181,M03,M03_20240622,1.941154671038847,6.072792344704104,6.360675871375292,5.942185760242203,5.936809493550207
M03_20240622:182,M03,M03_20240622,0.25499147975165515,5.938458682230743,4.693177380414308,4.630097831052064,4.765751476066556
M03_20240622:183,M03,M03_20240622,0.3114662253886057,4.754168277721601,3.942894591062279,4.05881942829624,4.145629804125399
M03_20240622:184,M03,M03_20240622,0.6853897538135139,5.4699353766193735,5.859026938682292,5.848453469461333,5.734487664604551
M03_20240622:185,M03,M03_20240622,1.1823441720169559,8.859752838757467,8.685991560045382,8.681824814371698,8.727121059446764
M03_20240622:186,M03,M03_20240622,4.063598008073614,7.552342258957621,7.818479826590735,7.949136373362764,7.905087776010955
M03_20240622:187,M03,M03_20240622,5.847802778058301,8.726112850699714,9.459057746595697,9.365460905032956,9.50438397347704
M03_20240622:188,M03,M03_20240622,1.2034471911673619,5.31958006157031,5.456818714098319,5.447637564666454,5.559636812394213
M03_20240622:189,M03,M03_20240622,1.335802256898973,5.018798956140782,3.8543481393305976,3.9135729949995426,4.139206793748784
M03_20240622:190,M03,M03_20240622,3.846011449091305,6.801086331285339,6.4386347038201235,6.55218344899091,6.639487194007479
M03_20240622:191,M03,M03_20240622,5.552018829198586,8.888570643445753,8.054406907593563,8.133879052555423,8.261876804341796
M03_20240622:192,M03,M03_20240622,1.1755783661314354,7.0389454161975635,7.021176996387033,7.277872145275701,7.311591455789736
M03_20240622:193,M03,M03_20240622,8.57951545118304,7.509973782761049,9.713154754625883,9.494617488053112,9.132887533665645
M03_20240622:194,M03,M03_20240622,0.6515480481042589,6.591377761487683,6.813197328809435,6.875820176210748,6.900813095227672
M03_20240622:195,M03,M03_20240622,0.5350808230566833,6.248872058146723,4.674009743136438,4.790766699194765,5.0341662990118525
M03_20240622:196,M03,M03_20240622,0.3779143077521644,5.562525575269613,3.783014636277878,3.743182388148652,3.8384598920426978
M03_20240622:197,M03,M03_20240622,0.5165034711558583,5.774831413712771,4.638633801245746,4.637650135884067,4.643296212699708
M03_20240622:198,M03,M03_20240622,0.1305099241549412,4.658471720611861,2.994876163798885,3.236695921328221,3.390416635387685
M03_20240622:199,M03,M03_20240622,0.35552906986191235,5.611421006240987,3.998190913213496,3.985396477409534,4.089006135317842
M03_20240622:200,M03,M03_20240622,0.641780502462996,5.91329506742749,6.132229730896219,6.140419016333135,6.171860631115859
M03_20240622:201,M03,M03_20240622,1.2448677844461036,4.351262296180805,3.3000904245351514,3.1733819918856288,3.242643752727405
M03_20240622:202,M03,M03_20240622,1.0482524263533504,5.5924685463198465,5.0527889206887675,5.190340281538102,5.2904029375792625
M03_20240622:203,M03,M03_20240622,0.922746226589708,5.034143446636174,3.7102650379727664,3.615765377755609,3.67009689265457
M03_20240622:204,M03,M03_20240622,0.9465830856499251,7.37894461802301,7.049650364401591,6.902986307673074,6.860398794544073
M03_20240622:205,M03,M03_20240622,1.8181121108336815,6.745225508133708,6.207270238106116,6.407797430611385,6.4066922734896234
M03_20240622:206,M03,M03_20240622,2.644456323334406,7.613240179365023,6.904054204869121,6.999732733711394,7.1344167181551565
M03_20240622:207,M03,M03_20240622,1.287415539673954,6.779533589470436,6.530410554668005,6.539702929721347,6.524814390273299
M03_20240622:208,M03,M03_20240622,6.751904508004475,9.020884757614844,8.18973539337274,8.182024588502799,8.271193518257077
M03_20240622:209,M03,M03_20240622,1.4052541787685262,6.848644439545995,6.575353027373922,6.531476836056403,6.3859662500422
M03_20240622:210,M03,M03_20240622,0.37097674834267,7.8460489263628075,6.457118319879029,6.4680385456997636,6.577510639796653
M03_20240622:211,M03,M03_20240622,0.9010081672379995,5.356223135013658,4.832150581337838,4.622014782114549,4.525522798092091
M03_20240622:212,M03,M03_20240622,0.8576098497293296,8.560442610642161,8.40791791019408,8.428493015781397,8.371496468610133
M03_20240622:213,M03,M03_20240622,5.105237425716963,6.503125057946286,7.28415284082023,7.347210824696422,7.148794680478906
M03_20240622:214,M03,M03_20240622,4.032964376286039,7.949107341994251,9.32344269197539,9.443757263255051,9.22225674752781
M03_20240622:215,M03,M03_20240622,2.1748052264358693,7.4511357779339695,7.869920395799962,7.949613278957747,7.94109005661495
M03_20240622:216,M03,M03_20240622,8.22809294892546,7.74049033694855,7.9830328756891555,7.891320082616747,7.848761162781024
M03_20240622:217,M03,M03_20240622,1.6549067838884657,9.51247835656513,9.049676837814282,9.247754932759879,9.270255210996977
M03_20240622:218,M03,M03_20240622,7.531419363467761,8.240686186368693,8.314908355673907,8.1492111153292,8.027655111610358
M03_20240622:219,M03,M03_20240622,1.3662620659546516,9.711238990497282,10.344012888348828,10.312119614580157,10.238175440363346
M03_20240622:220,M03,M03_20240622,0.5363003015833051,9.38424265302719,9.540434706438617,9.73719966141622,9.79057851821996
M03_20240622:221,M03,M03_20240622,2.722621204116702,6.632990399077034,6.018404170659759,5.705942896047396,5.653340086141495
M03_20240622:222,M03,M03_20240622,8.451318037569354,6.398519789131177,6.749449807501298,6.846420141481028,6.82137000333752
M03_20240622:223,M03,M03_20240622,1.4961726925391858,4.74350714760771,4.480141221402363,4.168352169371512,4.105710823689785
M03_20240622:224,M03,M03_20240622,6.164866880878307,7.166512336684056,7.302271658748657,7.432164985920404,7.319723926622662
M03_20240622:225,M03,M03_20240622,3.1105684266496674,8.114552625877103,9.308258111567987,9.283866559932305,9.167494902532614
M03_20240622:226,M03,M03_20240622,0.4673210879145701,7.846448708805472,7.456528542528963,7.392986535779652,7.415487821226
M03_20240622:227,M03,M03_20240622,1.3595686205526596,6.167575982272943,5.821901209118206,5.86209997967452,5.827887524559962
M03_20240622:228,M03,M03_20240622,5.279249353775785,7.586614141424163,6.215543234815722,6.073106416840032,6.0909502060842815
M03_20240622:229,M03,M03_20240622,3.3655155373114245,6.323606573739534,5.26004501914973,5.256539909191859,5.439867735596731
M03_20240622:230,M03,M03_20240622,0.93414084808597,6.140275241691821,5.277633916753214,5.483207853709852,5.591046118578978
M03_20240622:231,M03,M03_20240622,3.678988175297994,6.317505219681086,7.45438139085034,7.396870074470354,7.170738211021089
M03_20240622:232,M03,M03_20240622,5.525546423183674,7.288047969486005,7.638931617334087,7.9183234194099885,7.8766371022786394
M03_20240622:233,M03,M03_20240622,0.4752366505419207,4.634831224331082,4.914829746065872,5.0366752441512,5.1302582532785435
M03_20240622:234,M03,M03_20240622,0.15763659582711032,4.476129933506554,3.0754000435237803,2.8368630901059255,2.8329917735922097
M03_20240622:235,M03,M03_20240622,0.5180238310595752,7.585308174382926,6.982849742483096,6.8608961644594935,6.937674788189041
M03_20240622:236,M03,M03_20240622,0.29093410390580593,7.252369593771519,6.408406493044526,6.502661137511601,6.5123900442735785
M03_20240622:237,M03,M03_20240622,0.2686167478595725,4.396068343880255,3.3611145453935074,3.665179230078806,3.7550122421780285
M03_20240622:238,M03,M03_20240622,0.18476193827107906,4.199122638126361,3.264876556986105,3.1391854961082934,3.25596311088928
M03_20240622:239,M03,M03_20240622,0.22087106521671468,3.950146475817622,4.1978069999142775,4.107208124213244,4.047892326753801
M03_20240622:240,M03,M03_20240622,0.21489504324340833,3.652123248217986,3.3324143149378744,3.414705290378876,3.4740084077541065
M03_20240622:241,M03,M03_20240622,0.10251855278557044,5.203003848690695,4.57043602437602,4.545640300216375,4.530864036457562
M03_20240622:242,M03,M03_20240622,0.19995014619654294,3.1446370347383494,2.696798430243245,2.6809389708756117,2.6349237549449573
M03_20240622:243,M03,M03_20240622,0.23826135072979815,4.674117620628596,3.7108726793107305,3.760073230288331,3.690729100066728
M03_20240622:244,M03,M03_20240622,0.32756929922204564,6.229082315230298,5.742396113364586,5.708253972257772,5.793994908941931
M03_20240622:245,M03,M03_20240622,0.9131211554188339,5.594604776584087,5.9825747717517,6.079070876054195,6.017004207428825
M03_20240622:246,M03,M03_20240622,1.5825629569385369,6.913081687508879,6.215908546337452,6.310593788479691,6.32083585013115
M03_20240622:247,M03,M03_20240622,0.39687002329859056,3.8314352279245463,3.1645740878531714,2.9950858744872555,3.005284313223904
M03_20240622:248,M03,M03_20240622,0.3359320968677539,5.468825895648272,4.029415556811571,3.8895020033187393,3.9922170877637724
M03_20240622:249,M03,M03_20240622,4.082762126959858,9.221142667341404,9.44138691080355,9.650468148247654,9.578550985427736
M03_20240622:250,M03,M03_20240622,4.522605263979384,9.741395091080712,9.200664956808177,9.27094702194804,9.246111106181893
M03_20240622:251,M03,M03_20240622,0.18600648876543024,7.601235232394009,6.4603740163152255,6.438177321425973,6.462173625866141
M03_20240622:252,M03,M03_20240622,0.45473910174779186,7.155860980957139,6.422808488312364,6.204697577904251,6.17740177878748
M03_20240622:253,M03,M03_20240622,0.27467945661800647,6.211230446672316,5.514725663639799,5.361519260708558,5.374956621668652
M03_20240622:254,M03,M03_20240622,4.434984452183883,8.68407765934526,7.718149850486581,7.423260347889377,7.592347505380454
M03_20240622:255,M03,M03_20240622,4.669783685421544,8.797460554521091,8.839333440230135,8.766387047337378,8.781084743695462
M03_20240622:256,M03,M03_20240622,1.0154742879858243,6.2124070646916,5.212502726790054,5.255417681129951,5.2334622058421445
M03_20240622:257,M03,M03_20240622,4.198806079400794,6.715493979323829,7.087002926389684,7.234156784913404,7.1859920700977185
M03_20240622:258,M03,M03_20240622,5.313641499535155,7.301881977552757,8.904737781323291,8.75878278549402,8.47296230730838
M03_20240622:259,M03,M03_20240622,1.0165789621502945,7.110576242859737,7.337439426093905,7.512146775547277,7.478956770089192
M03_20240622:260,M03,M03_20240622,8.776890861668965,9.704751098306836,9.857792266181654,10.064455899722955,10.031238666653632
M03_20240622:261,M03,M03_20240622,1.5453749552916056,8.618098301665341,7.941684126640816,8.033389635987163,8.005046046516009
M03_20240622:262,M03,M03_20240622,0.4714974847343393,8.476760968228199,6.253900226688057,6.413472082323062,6.76328011793935
M03_20240622:263,M03,M03_20240622,7.431418360384618,7.760081922314926,8.06030883928807,8.152587364088006,7.957115656893537
M03_20240622:264,M03,M03_20240622,2.6184347318769965,6.713683570714605,7.62706927698395,7.762089002619453,7.621489662315454
M03_20240622:265,M03,M03_20240622,0.8133831806282705,6.486130935999808,5.611874804520825,5.813564269889483,5.939610861977194
M03_20240622:266,M03,M03_20240622,6.304229739191941,7.054557751940455,7.133003737355989,7.165768845873519,7.0764758086766975
M03_20240622:267,M03,M03_20240622,4.159813786067753,7.446854099492079,7.01468626405048,6.997285409926015,7.014222376805806
M03_20240622:268,M03,M03_20240622,0.2959416245954575,7.964306239678496,6.234100779059433,6.286583224184291,6.527087418451852
M03_20240622:269,M03,M03_20240622,2.1258716215575366,6.764463500596208,5.451235185884121,5.333388219261444,5.365313295994536
M03_20240622:270,M03,M03_20240622,6.7362969522894875,9.791211045212346,9.216385201855008,9.190973820400147,9.235779097669582
M03_20240622:271,M03,M03_20240622,0.3590598784277919,6.730603543225318,7.848648096468905,7.787449081130651,7.52573667920155
M03_20240622:272,M03,M03_20240622,0.2721887751800857,5.377638699208331,4.542879196118471,4.5453454919962555,4.59531620359512
M03_20240622:273,M03,M03_20240622,0.10730087176052702,4.608760214006418,3.6753461280493687,3.5698771025704947,3.641955996564058
M03_20240622:274,M03,M03_20240622,0.09501791650387473,4.385076642724365,4.365688313818347,4.3860887498858006,4.354006789229852
M03_20240622:275,M03,M03_20240622,0.09516839800013711,4.588074384471925,3.272395480498147,3.343469932504206,3.382423053670383
M03_20240622:276,M03,M03_20240622,0.27175746774013754,4.256537326763912,3.873408661258704,4.13057360127671,4.322375173519046
M03_20240622:277,M03,M03_20240622,0.2450633633405161,5.656903376556107,4.382101046234045,4.398839130183593,4.45314976718434
M03_20240622:278,M03,M03_20240622,0.2638723632844734,7.236862497428405,6.079583156662802,6.21783189052889,6.254019164409069
M03_20240622:279,M03,M03_20240622,0.41025938725579314,3.883411467106119,4.440828541016764,4.7677029269723015,4.800059682096842
M03_20240622:280,M03,M03_20240622,0.2547566485680443,7.105047090793249,5.524576856017259,5.645715138999696,5.800639973293955
M03_20240622:281,M03,M03_20240622,0.381298939319543,4.900578622559062,3.7705082885511634,3.798282307324876,3.8950671981762675
M03_20240622:282,M03,M03_20240622,0.3767101666567196,4.315143972400878,3.322982566222311,3.4175274188109928,3.578360796018326
M03_20240622:283,M03,M03_20240622,0.13643231761035945,8.400647946679394,7.873067293079413,7.913108820736861,7.951820986101057
M03_20240622:284,M03,M03_20240622,0.16697332441841864,4.47277635159745,4.039747396916626,3.9922884574333635,3.9956228573868255
M03_20240622:285,M03,M03_20240622,0.9562605460270349,8.392990994259558,8.145741315658297,8.273611016273332,8.25204317708301
M03_20240622:286,M03,M03_20240622,5.474241249032726,9.498305253150182,8.752043978388954,8.789376313338138,8.791309581988646
M03_20240622:287,M03,M03_20240622,2.3946691108216687,7.576189588449301,7.0953572798597575,7.064490155932498,7.068873330086827
M03_20240622:288,M03,M03_20240622,1.0255488349160444,7.688417653462815,6.79453576765692,6.739307428873755,6.632110135290145
M03_20240622:289,M03,M03_20240622,1.2620342591056635,7.434114605626905,7.462899401083932,7.379483524145262,7.253352615982895
M03_20240622:290,M03,M03_20240622,0.5108045945942831,4.743678744803214,4.841231461061579,4.7842367149125975,4.739815903084792
M03_20240622:291,M03,M03_20240622,0.36316874912361086,5.506053612371524,3.8779627954096654,3.9665977256467597,4.133276763917957
M03_20240622:292,M03,M03_20240622,0.4520316337900815,4.244281622481489,4.889354305136413,5.013986161914026,4.998936599944062
M03_20240622:293,M03,M03_20240622,0.9487753694949902,4.776477825805191,4.048493523870379,4.120296659637315,4.191133153416564
M03_20240622:294,M03,M03_20240622,3.937385124853285,7.682874374542386,8.175220196940689,8.312748265166071,8.247950216310759
M03_20240622:295,M03,M03_20240622,1.764505201052025,6.551700758784371,6.110850955441335,6.045653677694418,6.012600475147443
M03_20240622:296,M03,M03_20240622,1.1135763206713265,9.009718095487795,8.710194022414605,8.741003533483983,8.784579559391378
M03_20240622:297,M03,M03_20240622,3.0961532860126355,7.17660153048057,7.99045203398518,8.059936493855478,7.956759086841807
M03_20240622:298,M03,M03_20240622,0.48461596214939257,4.842847158465411,4.6663533563977015,4.791243747854779,4.82496752490236
M03_20240622:299,M03,M03_20240622,0.4941853871328499,5.410416308079069,3.340273251306078,3.409044168408769,3.5749582994130122
M03_20240622:300,M03,M03_20240622,0.3394584627388952,4.408970409693586,2.319017441668531,2.3613640204471364,2.397820261866677
M03_20240622:301,M03,M03_20240622,0.5547483214537656,3.7884460579035135,3.1219086624156738,3.2008151756324033,3.2828040937641267
M03_20240622:302,M03,M03_20240622,0.5187090637351344,5.6217536438483355,4.769241761297909,4.615737418952916,4.532248091105171
M03_20240622:303,M03,M03_20240622,1.4098083525596226,8.333844178660472,7.38320880989234,7.379827063445732,7.35977224287641
M03_20240622:304,M03,M03_20240622,0.26131210383844555,7.836632166291267,4.993964453991456,4.959584326080325,5.240577308716035
M03_20240622:305,M03,M03_20240622,0.17678312475638497,6.902353390730359,6.088030202987574,6.118052331171935,6.208177523277431
M03_20240622:306,M03,M03_20240622,1.0654007472376152,6.913731178969367,6.565401685298005,6.368523586303849,6.408437470007261
M03_20240622:307,M03,M03_20240622,1.8070523051821878,7.741161866246008,7.577200780277168,7.708598079485339,7.675703558553945
M03_20240622:308,M03,M03_20240622,5.2898067100144015,10.312700750588212,9.677243906601728,9.788216409125994,9.862144400370864
M03_20240622:309,M03,M03_20240622,3.1160467342501024,9.656521240194046,9.034935878495329,9.232413979366529,9.244280441021251
M03_20240622:310,M03,M03_20240622,2.8125990863682517,5.526225403033738,5.894051980281093,5.909378880612106,5.94492782133621
M03_20240622:311,M03,M03_20240622,3.765509046640075,7.527442352063947,8.204412659532064,8.211509340038166,8.084396869847874
M03_20240622:312,M03,M03_20240622,0.13841251179144407,4.6668465218750095,3.8416206823374766,3.9037203422449407,4.039464540796302
M03_20240622:313,M03,M03_20240622,0.12753521738336498,6.510453173500258,5.111634223063439,4.969171489111615,5.134755176424685
M03_20240622:314,M03,M03_20240622,0.13139103193917215,5.079889833322308,3.794418271554499,3.6799902312481,3.7795589962927783
M03_20240622:315,M03,M03_20240622,0.13929854024199995,4.987334325176893,3.1219535975276775,2.902144947769584,3.0178270784785757
M03_20240622:316,M03,M03_20240622,0.3434540341243684,7.936534355132109,7.811060065325131,7.648855246780963,7.675291613590294
M03_20240622:317,M03,M03_20240622,0.402437575427312,8.226117705963684,7.193926661735384,6.968413342384915,7.026303450654055
M03_20240622:318,M03,M03_20240622,3.1433778461978847,6.595270534602916,5.4315896251183595,5.310460011579002,5.324467905791036
M03_20240622:319,M03,M03_20240622,0.48411416487646763,9.652104161166966,10.003124813791723,10.018194235964236,10.028890883595794
M03_20240622:320,M03,M03_20240622,1.267770413083055,6.3945388925022835,6.383908906604093,6.192252176463457,6.084519920786447
M03_20240622:321,M03,M03_20240622,0.5548789781944361,6.200758841115272,4.352577807018456,4.396355604034995,4.532430886850686
M03_20240622:322,M03,M03_20240622,6.62195035233608,10.587662717255576,10.354783450563374,10.394347412120162,10.429187723900803
M03_20240622:323,M03,M03_20240622,2.67610496121175,9.705514200223917,8.834139586041854,9.007714388620856,9.152705339598533
M03_20240622:324,M03,M03_20240622,0.9546842179090421,9.154098819183062,8.764964511911314,8.769168119723895,8.727653018164869
M03_20240622:325,M03,M03_20240622,3.3102132405026783,5.745629446154841,5.7055129626050025,5.790044746778012,5.78392207708908
M03_20240622:326,M03,M03_20240622,5.142548383127696,7.91407259102289,7.863061653871618,8.082123405284737,8.092400638216683
M03_20240622:327,M03,M03_20240622,0.7829717770700181,8.937191038175353,8.755171680137124,8.74980087361609,8.817613308883157
M03_20240622:328,M03,M03_20240622,0.32471902839656946,6.464644335711117,5.331727394744334,5.52088221377808,5.533843030553033
M03_20240622:329,M03,M03_20240622,0.6995806782806033,8.995140479850996,8.966380479756927,9.128130498705147,9.250377530453289
M03_20240622:330,M03,M03_20240622,0.13007446681436358,8.780599035994086,7.839797182728285,7.832032373875132,7.854470536542371
M03_20240622:331,M03,M03_20240622,9.511523369661743,9.347435257728694,9.260551547834368,9.287247353955022,9.191467282962218
M03_20240622:332,M03,M03_20240622,0.6840984911663555,6.821936593932529,6.829704483239577,6.923567484010197,6.787856135178428
M03_20240622:333,M03,M03_20240622,6.2274200243033855,8.479032644793996,8.928079833082258,8.898790706229246,8.845759440437604
M03_20240622:334,M03,M03_20240622,1.7956372387188664,5.865705323403551,5.209346504510658,5.285460364411025,5.395800399799654
M03_20240622:335,M03,M03_20240622,0.14729643868601955,5.701157340797949,5.255391528836826,5.29439251631719,5.272946445064984
M03_20240622:336,M03,M03_20240622,0.09576439544789987,6.068392607040627,3.7903311216277435,3.623522823604822,3.9768475779217005
M03_20240622:337,M03,M03_20240622,0.13908415650574252,5.1469597432661285,5.12801979167958,4.942137881635489,4.831994617730588
M03_20240622:338,M03,M03_20240622,0.21093070261583516,4.793082657442339,4.982300946015924,4.866051618748663,4.874482852807381
M03_20240623:0,M03,M03_20240623,5.408086315154521,11.861183161110297,9.955068964799569,9.306555515147066,9.288142882397057
M03_20240623:1,M03,M03_20240623,2.061519778876761,10.074952996552955,8.234302109891924,7.679550148387746,7.683207255415859
M03_20240623:2,M03,M03_20240623,9.886869542479733,14.365320079876104,13.112918089445579,12.815680374793306,12.7771873149924
M03_20240623:3,M03,M03_20240623,9.565243901339871,14.157955159881162,12.877170837318648,12.648045691888033,12.555419347845262
M03_20240623:4,M03,M03_20240623,1.8896740893459836,9.26174137442514,6.122647649976172,5.792123568189057,6.04863536664166
M03_20240623:5,M03,M03_20240623,1.0248573933893166,9.666890994492064,8.13673509373974,7.664796927544267,7.741459166754634
M03_20240623:6,M03,M03_20240623,9.710351976310639,14.042046823023776,11.954970713282453,11.478508515075614,11.421536956628028
M03_20240623:7,M03,M03_20240623,3.747269411893298,12.142015041973215,11.209430987922863,10.931969281565838,10.949432317742586
M03_20240623:8,M03,M03_20240623,8.663832162447106,13.076998690228258,12.477741909768309,12.468472837242356,12.38063313406506
M03_20240623:9,M03,M03_20240623,8.397814743257962,13.074285511503856,11.678112451145125,11.415249448291412,11.432990624328154
M03_20240623:10,M03,M03_20240623,3.6432383115808493,12.064141787590135,10.275211928536981,10.091055779740419,10.264297237139235
M03_20240623:11,M03,M03_20240623,10.977701571804069,11.393352310699811,10.740381494772265,10.361166499597207,10.307342527453727
M03_20240623:12,M03,M03_20240623,0.5270502729803981,6.412032421540891,5.257550797727543,5.022025403423667,5.050772283598064
M03_20240623:13,M03,M03_20240623,1.8918030845024747,10.494792781635574,9.130876129930368,8.740153095490934,8.754841764920391
M03_20240623:14,M03,M03_20240623,8.674302022087767,11.15074402423911,9.214157295336143,8.86634551503613,8.999253646675221
M03_20240623:15,M03,M03_20240623,11.187682643045289,13.498169899419748,13.04670005971062,13.09765109178571,12.950145804828601
M03_20240623:16,M03,M03_20240623,2.151618392904098,10.01875980352707,8.707423277085805,8.229674555515114,8.172969411323008
M03_20240623:17,M03,M03_20240623,8.568568252717498,12.865575047998412,11.948299513945258,11.977432312418738,11.963031533557327
M03_20240623:18,M03,M03_20240623,4.408472891972559,10.63724077828912,9.977183739124943,10.199047823953162,10.315992420978063
M03_20240623:19,M03,M03_20240623,8.003853684476384,10.024082148338024,8.296224084316908,8.088106670959851,8.028084802177675
M03_20240623:20,M03,M03_20240623,0.45758019346483914,6.855995724782353,6.380794661734797,6.04572059181156,5.944338049296288
M03_20240623:21,M03,M03_20240623,1.4400808426084182,9.56580360978889,8.584978594598514,8.308002742832647,8.27204297686111
M03_20240623:22,M03,M03_20240623,10.487580358895793,12.34559745659222,10.872960326259648,10.719949489936683,10.643794572253423
M03_20240623:23,M03,M03_20240623,5.724936426611383,9.505979427336298,9.007830701528107,8.970808356676695,8.983325039311172
M03_20240623:24,M03,M03_20240623,5.806162645044342,11.000491495935533,10.196935390412188,9.807641287099436,9.602881889083136
M03_20240623:25,M03,M03_20240623,7.8907472380640815,11.010292230004396,10.26854917859886,9.841889533047347,9.810126133571757
M03_20240623:26,M03,M03_20240623,3.0143481355342816,10.428146289348753,9.788592436968198,9.694160036470954,9.833770654214014
M03_20240623:27,M03,M03_20240623,10.489006879295829,11.135718291424908,10.329675571615365,10.148706185607473,10.091005069940843
M03_20240623:28,M03,M03_20240623,2.01861607517665,10.398312116625966,9.559570602187748,9.281154778579799,9.303519155664485
M03_20240623:29,M03,M03_20240623,5.012994284732362,8.232005657150207,7.542791106448141,7.502381605632015,7.499875041942641
M03_20240623:30,M03,M03_20240623,7.268450880839688,10.095418255638466,9.387961939710669,9.236733500752518,9.110335661328424
M03_20240623:31,M03,M03_20240623,6.869450011328468,9.68856278753157,9.838845160478058,9.68817378193756,9.393614673205576
M03_20240623:32,M03,M03_20240623,4.046287275659846,8.830726401058207,8.266739632120151,8.076360481801679,8.072619115196277
M03_20240623:33,M03,M03_20240623,0.8356054769489379,6.8071687163556565,6.660292809130924,6.516034750786492,6.477650631509267
M03_20240623:34,M03,M03_20240623,7.933453789757333,11.433268785478774,10.982369852222504,10.682292549398626,10.607727559637683
M03_20240623:35,M03,M03_20240623,3.7323787118981775,8.837119468171476,8.125706552659103,8.057749630347553,8.100722415876643
M03_20240623:36,M03,M03_20240623,10.67481224509527,9.591664896824923,9.419172812935596,9.130939910201498,9.150438265031955
M03_20240623:37,M03,M03_20240623,1.8584439067505176,8.639953437237384,8.53724354678413,8.622447526689616,8.583374400842537
M03_20240623:38,M03,M03_20240623,10.409409598065958,11.147981493660737,10.681286721840355,10.616744338805585,10.632673409718219
M03_20240623:39,M03,M03_20240623,6.351363036518701,11.938021324514668,11.268284494430393,11.031593309646212,11.081319376818433
M03_20240623:40,M03,M03_20240623,5.6852644494797335,9.251901229043385,9.054280858484287,8.980152890326284,8.9930264159009
M03_20240623:41,M03,M03_20240623,9.567109314186599,11.697364914694631,10.819719408463136,10.501990827159226,10.417101804672996
M03_20240623:42,M03,M03_20240623,4.035723955414361,9.592092717548379,9.078981526278222,8.972995586870235,9.016606332244057
M03_20240623:43,M03,M03_20240623,8.81357663321271,11.309114816207323,10.825475155764742,10.897243719957853,10.793259492988259
M03_20240623:44,M03,M03_20240623,0.7858188574126084,7.23263784401908,6.334188885618512,6.014722109245519,5.994832902357515
M03_20240623:45,M03,M03_20240623,10.51707317926396,11.52059727619539,11.090006926718875,10.96455309299646,10.86130514074017
M03_20240623:46,M03,M03_20240623,4.601214413289199,10.020330787358517,8.95646630572972,8.906219255144583,8.939481970850919
M03_20240623:47,M03,M03_20240623,7.396225694373502,9.686301201357791,9.35606719325871,9.23024281752465,9.311567030445811
M03_20240623:48,M03,M03_20240623,3.259725749999395,9.31395877158014,8.633658563931219,8.578623200771819,8.759174261672474
M03_20240623:49,M03,M03_20240623,8.977215003220545,11.99612759667657,10.88390210478535,10.862145772315447,10.887790002210973
M03_20240623:50,M03,M03_20240623,4.659080430972526,9.546194690744887,8.524528779164239,8.366187767344824,8.432271531418346
M03_20240623:51,M03,M03_20240623,6.526399100177804,8.03287143870508,7.473260091056206,7.312014416003881,7.270550977297391
M03_20240623:52,M03,M03_20240623,0.7226013387014942,4.922576853044222,3.9516808996011195,4.02392044602635,3.9858240976944916
M03_20240623:53,M03,M03_20240623,0.4416794595874532,7.829411123156968,6.998053648951462,6.717835463222963,6.737479253724298
M03_20240623:54,M03,M03_20240623,1.3553527600298498,8.812149679020608,8.10698016123239,7.885663869095047,7.714784124517911
M03_20240623:55,M03,M03_20240623,10.524502260277721,9.678534380620967,9.621781928518967,9.508882912267492,9.482327263421979
M03_20240623:56,M03,M03_20240623,0.4076870887101984,4.524966607496787,4.158077033797082,4.033294278334583,4.034943898744731
M03_20240623:57,M03,M03_20240623,9.66720447563814,10.413976990535492,10.018590770983455,10.030353896178447,9.985764027148539
M03_20240623:58,M03,M03_20240623,1.4586578469644889,6.62982989594557,6.210151934278066,5.97437481347397,5.853338231757701
M03_20240623:59,M03,M03_20240623,8.622349602234102,9.91434281651973,8.761031480007775,8.44970383619679,8.59386122038549
M03_20240623:60,M03,M03_20240623,4.563778271605834,8.133041084532561,7.993803489523044,7.968182107652219,7.817226666222981
M03_20240623:61,M03,M03_20240623,7.942508235473949,8.275099038958114,8.246950275275863,8.202420852119129,8.114874806789835
M03_20240623:62,M03,M03_20240623,6.024230347849661,8.544962038870683,7.9582299896544235,8.169092012321746,8.217899991523721
M03_20240623:63,M03,M03_20240623,7.354291007830301,9.187992217020701,9.231970375874955,9.043625116884186,9.109377356178413
M03_20240623:64,M03,M03_20240623,8.17972492667311,8.842663361600499,7.6455861301495,7.7513228508628975,7.938623358784604
M03_20240623:65,M03,M03_20240623,9.871449406880748,10.040150186935549,9.494451749475802,9.556715936059165,9.434317587731883
M03_20240623:66,M03,M03_20240623,3.9157898965451428,6.876445403831389,7.192290024319615,6.911040929733772,6.747547623874004
M03_20240623:67,M03,M03_20240623,8.546616226108295,7.609010187647769,7.347705014482237,6.962145487598232,6.91418318130998
M03_20240623:68,M03,M03_20240623,10.970802733102689,9.467443578733608,9.086360140544961,8.974856477995912,8.907943899799367
M03_20240623:69,M03,M03_20240623,5.60096111198706,6.725285209459352,6.924308043086347,6.656792127530542,6.57660516227091
M03_20240623:70,M03,M03_20240623,6.251396800631504,8.207577704083215,7.429721971763197,7.294888515611372,7.393351857701909
M03_20240623:71,M03,M03_20240623,1.5073236312435376,8.912908239419128,9.002977976969781,8.996584465412624,8.905726868208696
M03_20240623:72,M03,M03_20240623,10.315985469666408,8.697416355975976,8.35718097026291,8.278425534336815,8.223141590181617
M03_20240623:73,M03,M03_20240623,0.484743228953121,5.302706823526561,5.240999364785878,5.381490169644326,5.373517038459717
M03_20240623:74,M03,M03_20240623,10.95927650335688,9.874078895249003,10.238001979792227,10.196848043989945,10.108548372241199
M03_20240623:75,M03,M03_20240623,1.1587578949011186,4.8100647296582935,4.739293897152611,4.688221283061278,4.593563514899553
M03_20240623:76,M03,M03_20240623,9.089663946613504,8.711423211435868,8.128486832486008,8.009490241961892,7.901878044428967
M03_20240623:77,M03,M03_20240623,3.00646817181688,7.609805099985781,7.297939923049324,7.207129011749361,7.173864859423583
M03_20240623:78,M03,M03_20240623,10.612518087181579,7.263614559239066,7.529247730826924,7.519293864788754,7.329833158497378
M03_20240623:79,M03,M03_20240623,1.646616145644413,9.2723706714291,8.13181393649395,8.04423055155561,8.02629647667403
M03_20240623:80,M03,M03_20240623,10.495501265770294,9.95588668025345,9.67511820294271,9.744528531655897,9.550118997287814
M03_20240623:81,M03,M03_20240623,6.068940434448867,7.323589325684461,7.822714731624656,7.896619392895542,7.684269463090929
M03_20240623:82,M03,M03_20240623,4.048785261400032,9.861314246404445,9.901523038476222,10.029397208087303,9.913819631217883
M03_20240623:83,M03,M03_20240623,2.0175822948474664,7.651916340803558,7.528384451961324,7.63196970709158,7.693342614984309
M03_20240623:84,M03,M03_20240623,1.6896796968178363,5.646552174478591,5.672852217120158,5.566156084641323,5.479711207501661
M03_20240623:85,M03,M03_20240623,5.881212136132425,9.278553054935134,9.308603281032658,9.181343690763718,9.305392754137271
M03_20240623:86,M03,M03_20240623,4.971850819413736,6.2714360817221175,6.117025546690115,6.106724382535406,6.178782885272261
M03_20240623:87,M03,M03_20240623,9.799002797270546,7.318330930780716,7.010271345067919,6.816694563308509,6.9153466029589925
M03_20240623:88,M03,M03_20240623,1.785155027094709,8.273435788779906,8.25732681588946,8.210451255076581,8.28666625437266
M03_20240623:89,M03,M03_20240623,10.256730173263408,9.023088159824166,9.020587078829472,8.968332923172616,8.878185886989272
M03_20240623:90,M03,M03_20240623,9.120923075017284,8.226217213350491,8.456565529545529,8.742310653841702,8.636120142573361
M03_20240623:91,M03,M03_20240623,3.218668973596163,9.1013663227913,9.00197896456605,8.809904885116131,8.768578702752375
M03_20240623:92,M03,M03_20240623,2.5340630818825747,8.163828294921906,8.067416733429681,8.031559220854735,8.030685684675557
M03_20240623:93,M03,M03_20240623,9.865619382194678,8.718003140410692,8.414951113218326,8.528754170882205,8.426347456096131
M03_20240623:94,M03,M03_20240623,8.698064002265356,11.430829310364516,10.772874834636006,10.671987964670596,10.533766378647394
M03_20240623:95,M03,M03_20240623,3.5581519749814543,8.205934360032025,8.427545606749455,8.501009093252176,8.441972073613545
M03_20240623:96,M03,M03_20240623,1.8034273109290369,7.85380815003324,7.105565369102608,7.091576780739681,7.15541497182166
M03_20240623:97,M03,M03_20240623,10.148534530461248,8.56233611517701,8.502825321115743,8.422161014926902,8.264550136848255
M03_20240623:98,M03,M03_20240623,10.95509749232401,7.424529186916142,7.486036281241784,7.442215153665041,7.428129267992554
M03_20240623:99,M03,M03_20240623,2.05675983665994,6.1065877924304885,5.223375554717164,5.295123440600616,5.471616249714167
M03_20240623:100,M03,M03_20240623,1.05194327928567,5.5354653191533965,5.046015446722521,4.88569393108745,4.972511826378784
M03_20240623:101,M03,M03_20240623,1.282855055895996,10.023339253986478,8.565835291496105,8.657572356855592,8.787323253771316
M03_20240623:102,M03,M03_20240623,0.8283949381426684,6.517890202217532,5.496673739530995,5.191347618526974,5.1840379644611465
M03_20240623:103,M03,M03_20240623,0.20174000666190234,4.1352638013791445,2.689895459907203,2.5539687234885435,2.5836397769624
M03_20240623:104,M03,M03_20240623,0.26779154025121793,4.433046829350095,3.4999000057058263,3.1656471107370407,3.1662731986492045
M03_20240623:105,M03,M03_20240623,7.2356090249320415,7.64905616603153,7.70375924985726,7.653432210590217,7.519299677274841
M03_20240623:106,M03,M03_20240623,7.139075308554145,7.723847585147761,8.000802916489377,7.849349664008642,7.712378274123823
M03_20240623:107,M03,M03_20240623,7.837758373634246,8.779341086751238,8.574977662510143,8.607064465086257,8.468858803751592
M03_20240623:108,M03,M03_20240623,4.716527663796845,7.4690758274617135,7.257690450766661,7.41815274205171,7.399812822461545
M03_20240623:109,M03,M03_20240623,0.3908078835179417,7.150129479977299,6.187555809082692,6.381873352399198,6.403043963772467
M03_20240623:110,M03,M03_20240623,1.8732169137367058,6.354052342188154,5.758321639276291,5.339735985058668,5.265516518816814
M03_20240623:111,M03,M03_20240623,8.327032573428871,8.478660833065588,8.281106500634024,8.334325494575888,8.3302072887559
M03_20240623:112,M03,M03_20240623,6.446484488923895,8.564505149210781,8.750979959900679,8.573833642286708,8.405038475190528
M03_20240623:113,M03,M03_20240623,0.9365488851325774,5.893903991880861,5.1412148605823775,5.254908508972864,5.318168962131088
M03_20240623:114,M03,M03_20240623,0.4797467641183536,3.8975428904697678,2.45443851933203,2.4131576899771647,2.617027425390992
M03_20240623:115,M03,M03_20240623,0.447271081494548,5.555291080490771,4.389951913320823,4.199492603778792,4.208143355601823
M03_20240623:116,M03,M03_20240623,0.31798774808504227,5.170913352837963,4.312241197587596,4.420186026060047,4.4707482282623605
M03_20240623:117,M03,M03_20240623,0.3939329844909039,4.35426234490106,4.121626150432431,4.079682459896566,3.997054093224791
M03_20240623:118,M03,M03_20240623,4.7993764895354305,7.99307727985286,7.223144666551609,7.1421582728949415,6.991620077523253
M03_20240623:119,M03,M03_20240623,6.231995919218656,10.238846011394722,10.049060171475492,10.344717334714863,10.371030835921148
M03_20240623:120,M03,M03_20240623,8.287065677852539,7.705670173086863,7.9180613735508985,7.816484545674168,7.634971921845093
M03_20240623:121,M03,M03_20240623,3.8338572675185976,8.195557142529942,8.252322024134973,8.256166969527005,8.172816416156591
M03_20240623:122,M03,M03_20240623,0.8703347364867215,8.77275122667469,8.186446963510285,8.071861174464093,7.940239879372523
M03_20240623:123,M03,M03_20240623,7.590169654834075,7.7415779716070485,8.231460478026126,8.393026261572794,8.378315302494723
M03_20240623:124,M03,M03_20240623,10.6609546976442,8.46952774174034,8.894529765426437,8.852156710632222,8.664346550443039
M03_20240623:125,M03,M03_20240623,3.9824093095379727,6.948964067904008,6.921310081359447,7.143238668261811,7.026462470930025
M03_20240623:126,M03,M03_20240623,1.1276120770335492,9.101950403489964,9.383991602116364,9.427411372395095,9.374212214541902
M03_20240623:127,M03,M03_20240623,9.476875882006237,10.715819486767131,10.643938103137778,10.775980173827223,10.7233768077574
M03_20240623:128,M03,M03_20240623,8.514455078944714,8.31896551465752,8.411379109537155,8.543626790444065,8.486648508120501
M03_20240623:129,M03,M03_20240623,3.4387873434799148,7.319127275966204,7.370103933404393,7.150925071069382,7.041078440269619
M03_20240623:130,M03,M03_20240623,1.2730521605770138,6.840725516041305,6.9851229177261684,6.940123078601851,6.940854153484187
M03_20240623:131,M03,M03_20240623,1.1591273965721778,6.5197257426080455,5.8035327582455745,5.667670175968828,5.623688449242925
M03_20240623:132,M03,M03_20240623,10.66431155913682,8.842509939152277,8.19380106813957,8.06744482373541,8.103293709679779
M03_20240623:133,M03,M03_20240623,9.131511018915214,6.302240540082801,6.485532626808785,6.233565667531434,5.946827498267121
M03_20240623:134,M03,M03_20240623,1.5761630720955109,6.967226051667,6.150650160718119,6.262170683186918,6.267898010082291
M03_20240623:135,M03,M03_20240623,4.227777582008653,6.7625524920457485,6.331101274970664,5.9251180576135,5.891206313221073
M03_20240623:136,M03,M03_20240623,6.4607178007375206,7.328970889059357,7.643318947829977,7.672924362139689,7.685501969651112
M03_20240623:137,M03,M03_20240623,1.0714368315649576,8.865829098628781,7.106716029722535,7.289097881126548,7.426426184547217
M03_20240623:138,M03,M03_20240623,7.311479326314797,4.817293348953534,4.27154426758265,4.1576704084676575,4.365909618674323
M03_20240623:139,M03,M03_20240623,3.9205945752073066,4.852431574994304,4.082714900231725,3.852195491031582,3.832621424852489
M03_20240623:140,M03,M03_20240623,1.2459895656055568,6.8169184261201305,6.159247074699732,6.128593596241057,6.11037963603343
M03_20240623:141,M03,M03_20240623,0.726531444343162,6.136981920085878,5.080467059359169,4.9745278158941835,4.954978863889123
M03_20240623:142,M03,M03_20240623,10.203476962456701,7.470026174191181,7.388923494142911,7.215271643613616,7.186692328150317
M03_20240623:143,M03,M03_20240623,1.9465625017579244,10.46851963842115,10.047534337306272,10.108035809758654,10.044528158253858
M03_20240623:144,M03,M03_20240623,9.70404785125654,6.820332833642875,7.033839920197401,7.219596671119941,7.060382612702868
M03_20240623:145,M03,M03_20240623,2.0159425235070274,4.934986680677047,4.24509318669403,4.158308602893369,4.161012123648196
M03_20240623:146,M03,M03_20240623,3.4161059345603193,8.77102728651288,8.067512007027146,7.987761669584819,8.032442457294351
M03_20240623:147,M03,M03_20240623,7.832254735032235,8.963177413095362,8.806897701173307,8.8106470283605,8.750697748161596
M03_20240623:148,M03,M03_20240623,8.517222122619096,8.437112072664807,8.294023335048928,8.359402993158378,8.40725762621253
M03_20240623:149,M03,M03_20240623,2.748988630830387,6.940937237459709,6.791517626959224,6.3593393917421785,6.237046983853284
M03_20240623:150,M03,M03_20240623,1.0319227663027528,6.224008203034546,5.908320516451577,5.988248300770511,5.999980230905822
M03_20240623:151,M03,M03_20240623,10.425210545201784,9.743492311380303,9.60298895069586,9.634018043227806,9.508752552381395
M03_20240623:152,M03,M03_20240623,7.930535656744984,6.631103504810974,6.585974667732633,6.555676053698493,6.311881784720356
M03_20240623:153,M03,M03_20240623,3.432989697956851,3.543923381932683,3.91542961424112,4.01639632098111,3.862133444533141
M03_20240623:154,M03,M03_20240623,0.4396995316820582,3.5264004813786665,3.955545006035312,3.8279236310062856,3.660231805172412
M03_20240623:155,M03,M03_20240623,0.2031795481849723,4.460630183770354,3.3336443812246115,3.2376464303880974,3.289276535175488
M03_20240623:156,M03,M03_20240623,0.19817724395840008,5.277569631253043,3.9776281540147025,3.881282973479605,4.040729687239973
M03_20240623:157,M03,M03_20240623,0.3306643368926243,4.5522622155596135,3.4388164713892637,3.363447494604423,3.4263311388275577
M03_20240623:158,M03,M03_20240623,0.8384686407876497,6.592699746467847,6.23135993687273,6.209092638097526,6.263931891681031
M03_20240623:159,M03,M03_20240623,1.488332064187879,6.655783132515704,6.409578732921412,6.251733730463208,6.229756451111282
M03_20240623:160,M03,M03_20240623,5.742041653446481,7.588824511293794,7.382335348243477,7.260954980552447,7.375136874023832
M03_20240623:161,M03,M03_20240623,5.547979342460503,8.228473703297102,8.271940257077791,8.175018442225355,8.053818105026506
M03_20240623:162,M03,M03_20240623,5.103467845037689,7.205799503053671,6.470108630905619,6.508078467526042,6.475353919759348
M03_20240623:163,M03,M03_20240623,6.211264217944443,6.230105296120742,6.456102241190874,6.356193286395957,6.301245101921035
M03_20240623:164,M03,M03_20240623,0.5194198663593982,5.157209300426949,5.3703491372296925,5.618664977041446,5.566379282725592
M03_20240623:165,M03,M03_20240623,0.28893075808294705,5.5135049260176086,4.467042876307621,4.435787254882274,4.412581365737921
M03_20240623:166,M03,M03_20240623,0.1936639862039276,4.152743377872103,4.152405143119887,4.14625610439634,4.146653162433672
M03_20240623:167,M03,M03_20240623,0.0870312845281526,4.306509541262393,3.3754959273754612,3.4038798377821253,3.4854308331922024
M03_20240623:168,M03,M03_20240623,0.8669478802542546,5.344467692765275,4.3083599006804025,4.343208812469902,4.548176358151581
M03_20240623:169,M03,M03_20240623,2.879817037158297,6.526414587490869,6.429360122777457,6.4441071891948765,6.434196183582716
M03_20240623:170,M03,M03_20240623,3.6516526282618624,8.150341910630624,8.372253139567643,8.244676623065756,8.161495421188771
M03_20240623:171,M03,M03_20240623,8.726589232906116,7.696019925967105,7.8024424598901385,7.6456345278251,7.708309642379595
M03_20240623:172,M03,M03_20240623,9.272755397633894,7.111215870120911,7.453092356621216,7.448781114755777,7.42449213077434
M03_20240623:173,M03,M03_20240623,1.4130481756701416,6.317942546920648,6.536794545534907,6.394136070742038,6.202454725027551
M03_20240623:174,M03,M03_20240623,2.2301463682765266,9.225698341634441,9.006962278254218,8.98233226810737,8.891049739784144
M03_20240623:175,M03,M03_20240623,1.230886962695406,7.827527219158649,7.340620778604718,7.19330659693541,7.197403963919031
M03_20240623:176,M03,M03_20240623,0.9122288364801473,7.699764630572384,7.79083395638939,7.7908221723373,7.600113126239809
M03_20240623:177,M03,M03_20240623,0.9581817753205341,5.496845773390325,4.270955736856928,3.841294140183171,3.9492735414757796
M03_20240623:178,M03,M03_20240623,10.75054684260178,8.483305534717088,7.896198319641457,7.980574209671462,7.9134011287712465
M03_20240623:179,M03,M03_20240623,7.854153629719911,7.18846633970718,7.485744634169265,7.366096842084838,7.156111949129864
M03_20240623:180,M03,M03_20240623,4.935653343743471,4.853898451982237,5.27312576371213,5.282506533323092,5.251777925763761
M03_20240623:181,M03,M03_20240623,1.1231204953015013,5.770885931504782,5.739221873822959,5.736362169715732,5.595698978382203
M03_20240623:182,M03,M03_20240623,0.24174800753437944,7.380907187690629,5.27831805727797,5.044880839236249,5.183333690261318
M03_20240623:183,M03,M03_20240623,1.521096088972443,6.8947519581995245,6.573108786536497,6.398351835858046,6.377719148155721
M03_20240623:184,M03,M03_20240623,4.070779469246753,7.123071680413275,7.050989618525918,6.994931267213211,6.978929514119251
M03_20240623:185,M03,M03_20240623,6.215607301432433,7.284319968228514,7.179891322307088,7.106981064950559,7.074545652196409
M03_20240623:186,M03,M03_20240623,0.42286380415858754,7.354236538218217,7.156375082760437,7.199816659735811,7.192284012607571
M03_20240623:187,M03,M03_20240623,9.836460790360393,5.798113394480228,6.535727710598858,6.526894435452992,6.504013534490262
M03_20240623:188,M03,M03_20240623,1.0211475176178844,4.469779076572152,3.134800199697862,3.076680149309638,3.0662185464581584
M03_20240623:189,M03,M03_20240623,1.167868130760109,6.978485470593376,7.711608960173404,7.467928403370726,7.319021790644705
M03_20240623:190,M03,M03_20240623,5.925249953145686,6.794378934830252,6.566320776691101,6.528919169173365,6.310860409274824
M03_20240623:191,M03,M03_20240623,1.4204386949944936,8.310829821994725,8.142281479993496,8.127824574008049,8.062144067285772
M03_20240623:192,M03,M03_20240623,0.6180964756188743,7.611703528039044,5.674518428694796,5.592089921696555,5.662588066207269
M03_20240623:193,M03,M03_20240623,2.085199404250229,6.021917515807406,5.783989845669623,5.547429767419953,5.406785048145618
M03_20240623:194,M03,M03_20240623,1.9467681490483506,6.233678263182401,5.772243682898629,5.599672581334536,5.611867730322187
M03_20240623:195,M03,M03_20240623,4.123917300531799,11.004165373527709,11.718468193130828,11.51413778655897,11.322811647704635
M03_20240623:196,M03,M03_20240623,3.6718832085276323,6.6167304692229525,6.308176163623881,6.135090436218129,5.839202594960506
M03_20240623:197,M03,M03_20240623,4.578503388268684,8.869801716487414,9.329135649839799,9.06411951750672,9.015403091258946
M03_20240623:198,M03,M03_20240623,6.204569953324423,7.74951073446802,8.171624819111624,8.359313628047683,8.413756421707436
M03_20240623:199,M03,M03_20240623,3.9600661662788026,11.52664036770885,11.118794051285832,11.217324425560127,11.232716914394862
M03_20240623:200,M03,M03_20240623,3.108251033484656,7.081058135194484,6.855277213415389,6.771445890740752,6.797392837966478
M03_20240623:201,M03,M03_20240623,0.9966715783723193,5.039279325637919,5.574696002122163,5.49963735803739,5.5205414300274835
M03_20240623:202,M03,M03_20240623,0.8685620456440845,6.457174350535097,6.869552866834259,6.657391443872166,6.436890731456691
M03_20240623:203,M03,M03_20240623,4.517185686546374,7.090960425905376,7.638990172489832,7.654998942142569,7.651058298579576
M03_20240623:204,M03,M03_20240623,7.630678006901184,6.949764441931766,7.003456221521622,6.872361915073519,6.679099605715376
M03_20240623:205,M03,M03_20240623,2.3126322803380326,7.147851858216763,6.702926456562947,6.893718471421619,6.894957458165473
M03_20240623:206,M03,M03_20240623,9.822540339295243,8.8339521770588,9.351811714994385,9.208752809709134,9.206280320864062
M03_20240623:207,M03,M03_20240623,1.2925888658383329,7.238493524505296,7.06646009677897,7.118536084714316,7.013188914490124
M03_20240623:208,M03,M03_20240623,1.7848452389257736,7.07769340723675,7.47915314537254,7.404657693646682,7.161568059606788
M03_20240623:209,M03,M03_20240623,2.0765296428316105,8.557628973939089,7.963479889602245,7.855460923397188,7.992988344606926
M03_20240623:210,M03,M03_20240623,4.065399889408403,9.473113781863507,9.449784358010739,9.59873634275793,9.453115082272115
M03_20240623:211,M03,M03_20240623,1.6479270400993071,4.652306152422718,3.9250724845804372,3.8474744498401203,3.8864961235493
M03_20240623:212,M03,M03_20240623,1.5241673353576894,4.743519438476319,4.626583497300478,4.5169070540286524,4.313927845505522
M03_20240623:213,M03,M03_20240623,6.374020200979666,8.348501531899442,8.047433139936434,7.825929808706697,7.769613887647383
M03_20240623:214,M03,M03_20240623,4.653219299329585,7.673241367432154,7.378141528713043,7.417334897329049,7.476189322988095
M03_20240623:215,M03,M03_20240623,2.828586587289561,7.0065721378759385,6.597642709447674,6.480544051247447,6.357417743904844
M03_20240623:216,M03,M03_20240623,0.7946207737545056,8.191373494245578,7.665873383952807,7.486940125482324,7.489055462729132
M03_20240623:217,M03,M03_20240623,9.627650277625346,7.483994025621916,7.8314793517379995,7.818865451508222,7.824255011714408
M03_20240623:218,M03,M03_20240623,0.8780328972463471,3.267519994058706,2.7876617334301237,2.7213900687229846,2.6622837369856214
M03_20240624:0,M03,M03_20240624,11.390125519386347,9.444254339060027,8.521825572775992,8.172815571852395,8.147605538394913
M03_20240624:1,M03,M03_20240624,3.771838825185492,6.75985555067591,6.947242321299457,6.824535070058333,6.688002986520778
M03_20240624:2,M03,M03_20240624,6.614609806766114,8.784589689237865,8.769868773431966,8.626033463116705,8.558041579185565
M03_20240624:3,M03,M03_20240624,5.743213760792396,8.618318670112494,7.747753300161604,7.79612064732201,7.827981132124481
M03_20240624:4,M03,M03_20240624,6.214005805434553,9.820543015424688,9.780214598148358,9.598177302607962,9.494362692907732
M03_20240624:5,M03,M03_20240624,10.207779481876612,9.33191617904391,8.973050948028982,9.030294957730728,9.058462549023186
M03_20240624:6,M03,M03_20240624,5.737632475660513,8.096298053166999,7.455587017384501,7.313781924765321,7.302547899416081
M03_20240624:7,M03,M03_20240624,5.415507608309795,8.577988683790938,7.8771761871743236,7.755112891393644,7.6808956430060835
M03_20240624:8,M03,M03_20240624,10.002122503009419,9.26578033577336,9.39950135380765,9.51398601906218,9.404134206901935
M03_20240624:9,M03,M03_20240624,1.6664356627102785,5.862621638822044,6.061888739403942,5.847855572248892,5.74066480871714
M03_20240624:10,M03,M03_20240624,5.690995103014895,7.991990960029403,7.676596349438866,8.064223379263716,8.04970625665482
M03_20240624:11,M03,M03_20240624,5.604883118774445,7.55054306124007,6.465669777275915,6.348974434645085,6.420137076744812
M03_20240624:12,M03,M03_20240624,2.987763340794399,7.497642658765084,7.461251771722501,7.271963128734127,7.225698913924243
M03_20240624:13,M03,M03_20240624,7.958505865147396,8.609049818899804,8.1837953451443,8.158459789270427,8.234480743279217
M03_20240624:14,M03,M03_20240624,6.295687004654104,11.30438816192475,10.80979190764537,10.849570481753865,10.857132513358561
M03_20240624:15,M03,M03_20240624,5.728266488944475,8.01018139479301,7.489708287001863,7.437617238373846,7.452507121998261
M03_20240624:16,M03,M03_20240624,10.141965552646584,10.261534845586112,10.575053520043584,10.495162598644164,10.402028105646998
M03_20240624:17,M03,M03_20240624,4.011823931454835,7.157865933008965,7.072084444021839,6.811307507389991,6.873181471665051
M03_20240624:18,M03,M03_20240624,7.384286269146352,5.327326785469226,5.1702938557531635,5.100707656973967,4.981418060960368
M03_20240624:19,M03,M03_20240624,1.3976014737196005,6.376492471642785,5.879035400776919,5.9685655061009255,5.943110224387532
M03_20240624:20,M03,M03_20240624,9.729579720788765,9.022434314562187,9.300255918902806,9.061610954508177,8.989916433645767
M03_20240624:21,M03,M03_20240624,3.853158198513983,6.52359519891067,6.6106352369768295,6.855344034672568,6.821322391100661
M03_20240624:22,M03,M03_20240624,7.3548354100829245,9.083516967175239,8.645647234500487,8.497097851377463,8.577179404749016
M03_20240624:23,M03,M03_20240624,1.6688409253929057,5.68953848130568,5.9239281918643085,5.829344339176199,5.671279640047612
M03_20240624:24,M03,M03_20240624,9.383482878835148,9.753006946722165,9.891243824427903,9.969404667046714,10.059378978140245
M03_20240624:25,M03,M03_20240624,0.5049397617804525,6.650130560007593,5.9584237004819265,5.914698105586366,6.05316115425134
M03_20240624:26,M03,M03_20240624,11.062530308339841,8.674335267293905,8.621442887687884,8.399042544288172,8.373550733598378
M03_20240624:27,M03,M03_20240624,10.558660570866222,10.47800531111367,11.026525614340102,11.020339658529865,10.920388744347429
M03_20240624:28,M03,M03_20240624,2.032927736419889,7.752009184231477,7.7256361212414815,7.92579029795755,7.9498008293585505
M03_20240624:29,M03,M03_20240624,11.290792143575372,7.374919343223432,7.996206117316952,8.029640214070223,7.829049558291041
M03_20240624:30,M03,M03_20240624,9.460021049029223,7.745139013479871,7.779335894909442,7.701797312438699,7.790211351180192
M03_20240624:31,M03,M03_20240624,1.5663459849307948,7.521588477728498,6.725548194391253,6.629399043452556,6.676643463881804
M03_20240624:32,M03,M03_20240624,3.998028603254496,8.244057485852817,8.231939996731404,7.993908509369843,7.909035066669057
M03_20240624:33,M03,M03_20240624,7.370276647832477,9.809008041436133,9.66500731630687,9.681791956157923,9.585607629776714
M03_20240624:34,M03,M03_20240624,5.41008196185604,7.613844326548463,7.63667676156394,7.423051241650057,7.332421840739994
M03_20240624:35,M03,M03_20240624,6.502061417515598,9.739911819006252,9.607801350011293,9.747362697731374,9.734979051780321
M03_20240624:36,M03,M03_20240624,9.017325077739164,9.577569305147637,8.641723380768987,8.888226407768371,9.004627612571687
M03_20240624:37,M03,M03_20240624,2.050570055808053,7.498266096449191,6.9370296455534355,6.897597436555687,6.88426398700566
M03_20240624:38,M03,M03_20240624,11.359279134213953,10.620817954733422,11.032029266645036,11.024287752766446,10.890302112380274
M03_20240624:39,M03,M03_20240624,2.5514269910735,8.372512583860715,8.468203428334519,8.545653953996146,8.581683281954824
M03_20240624:40,M03,M03_20240624,9.46993792049991,8.344213054439104,8.869568619803037,8.765589311146964,8.681744775594634
M03_20240624:41,M03,M03_20240624,7.458825950592817,8.64174588042604,9.705519551268484,9.714460533562677,9.540786014958202
M03_20240624:42,M03,M03_20240624,6.032820084747286,8.984103681898487,9.140508778009671,9.22375527901212,9.228014892833455
M03_20240624:43,M03,M03_20240624,1.5483397044349447,6.944513979895023,7.073015523819472,7.079777158017428,6.992770652150762
M03_20240624:44,M03,M03_20240624,10.486096053455737,7.663591037847327,7.683792283763329,7.682009145635408,7.543401488789401
M03_20240624:45,M03,M03_20240624,0.4303164371304917,4.635021883748304,3.483514153616859,3.375620542479555,3.3983308578537357
M03_20240624:46,M03,M03_20240624,0.3940422593727918,3.8652178816596887,3.954186917606372,3.8108886986280903,3.9050957842790517
M03_20240624:47,M03,M03_20240624,8.858693481333516,7.635647447013689,7.633177220055288,7.489386949794807,7.470812678865453
M03_20240624:48,M03,M03_20240624,3.1181605094725477,9.23064838635709,8.772239659061812,8.70422874272578,8.73125743785208
M03_20240624:49,M03,M03_20240624,10.46188239648274,6.404752311534885,7.493782660940669,7.844245310467006,7.780866506822019
M03_20240624:50,M03,M03_20240624,1.574513688655227,7.064513352543306,6.9410107594411246,6.86250929921674,6.8261011363826585
M03_20240624:51,M03,M03_20240624,10.397719499384788,8.00919792282254,8.047226623323645,8.129303286684923,8.048299654884927
M03_20240624:52,M03,M03_20240624,1.2853982002119027,5.551857415913931,5.47484079937126,5.429564011011227,5.483300226222026
M03_20240624:53,M03,M03_20240624,4.907862540110304,6.333558007252465,6.514814188019511,6.556199353408351,6.472042185520478
M03_20240624:54,M03,M03_20240624,7.031741591644377,7.389905915768082,7.938558466763578,8.202832078087798,8.108683112653566
M03_20240624:55,M03,M03_20240624,9.76373229987112,8.242314475895897,8.702982991404424,8.5930962906513,8.585900984725177
M03_20240624:56,M03,M03_20240624,6.177770100267109,10.301280234299162,10.426597533302747,10.08725717743286,9.9108450864945
M03_20240624:57,M03,M03_20240624,7.786308826886016,7.056987610410104,7.5170849916014495,7.41221057014606,7.273276522729013
M03_20240624:58,M03,M03_20240624,9.391783271259307,6.696473160068375,7.129732824869331,7.149730903966892,6.988160892407469
M03_20240624:59,M03,M03_20240624,1.2683966817045838,6.758493389809355,7.287801114669111,7.255788106581372,7.166890797252999
M03_20240624:60,M03,M03_20240624,10.526435015979853,9.368781718482442,9.651709916497026,9.69676436706659,9.692715826606598
M03_20240624:61,M03,M03_20240624,5.86077156653604,8.848998215035142,8.802752872564863,8.667100853155032,8.585536071680714
M03_20240624:62,M03,M03_20240624,7.058161525241988,8.024918771591771,7.598982557900866,7.401416050356598,7.269268423227772
M03_20240624:63,M03,M03_20240624,10.506094907732887,6.416702910978268,6.984332659253194,7.134895558792672,7.089180364578546
M03_20240624:64,M03,M03_20240624,0.766655932363185,5.380296830536171,5.385050025528977,5.194721508545833,5.096903936004946
M03_20240624:65,M03,M03_20240624,7.927304740312623,6.4579078550430085,6.9322936415155745,6.976003919242981,6.848472885851351
M03_20240624:66,M03,M03_20240624,3.281260655476672,7.684825995876087,7.05956113265194,7.097235737084671,7.298220663980467
M03_20240624:67,M03,M03_20240624,6.315992427420228,7.4990780213639825,7.095550207581148,7.188230477261183,7.169172358510613
M03_20240624:68,M03,M03_20240624,5.133844045346919,7.341914105788271,7.133495228993889,7.118361732266125,7.040472639666913
M03_20240624:69,M03,M03_20240624,0.430904021461013,4.594887148471901,4.693992651169605,4.862371233984543,4.887875545797293
M03_20240624:70,M03,M03_20240624,0.34263652821263574,4.432696927221118,4.234080967566083,4.1529931508026765,3.901710039312793
M03_20240624:71,M03,M03_20240624,1.430218846744344,5.881564054296379,6.2016664100211445,6.2111764713068185,6.176391534192048
M03_20240624:72,M03,M03_20240624,10.542132871828459,7.162200830817854,7.694823879488201,7.655478000032446,7.606469866993069
M03_20240624:73,M03,M03_20240624,3.809685614027794,7.804560323642902,7.705771956957009,7.8186980904964045,7.778631610261584
M03_20240624:74,M03,M03_20240624,8.333186577989318,8.765869461056216,9.015004608053538,9.23977685276938,9.228813122118137
M03_20240624:75,M03,M03_20240624,2.4535828517858116,5.961564984021415,6.5553803560899135,6.51811292273253,6.458721561493151
M03_20240624:76,M03,M03_20240624,9.452729541878204,10.110141511613055,10.23025143884191,10.445251153561337,10.49000825562858
M03_20240624:77,M03,M03_20240624,2.876752933295228,6.164842160075662,5.603500189321369,5.608653412907175,5.656599380477443
M03_20240624:78,M03,M03_20240624,9.668204113391399,9.396156877369354,10.140333467607949,10.139678205106541,10.04587971707811
M03_20240624:79,M03,M03_20240624,2.27235545054608,6.527130343327422,7.070365935961831,6.998105822371821,6.835130396781505
M03_20240624:80,M03,M03_20240624,10.15403131894933,7.461559344104003,7.424670414426645,7.447046697561822,7.492551013500561
M03_20240624:81,M03,M03_20240624,2.2359771076713595,6.683966473365745,7.258230407187299,7.1179265297398935,7.005809919720797
M03_20240624:82,M03,M03_20240624,9.564637108675138,8.254879727643228,8.462201113130527,8.297001233722627,8.29580355143188
M03_20240624:83,M03,M03_20240624,8.33218643513661,6.965272669658972,7.267455638256088,7.125368585233485,7.027148988253833
M03_20240624:84,M03,M03_20240624,4.773642821843184,7.65919140731369,7.7985125253330185,7.703093156583991,7.636770058824426
M03_20240624:85,M03,M03_20240624,6.911825441926276,8.21583809150945,8.309936328494366,8.193435914433412,8.059722279668572
M03_20240624:86,M03,M03_20240624,3.064443577357857,7.178015933278297,6.808985725025696,6.994910492485605,7.012531045366017
M03_20240624:87,M03,M03_20240624,6.681972708588755,8.197450519179231,8.513510570329412,8.68839957879522,8.610657372973641
M03_20240624:88,M03,M03_20240624,3.3361268915496796,8.07739651881506,8.118730224274804,8.177835913011085,8.110590606394183
M03_20240624:89,M03,M03_20240624,11.184719048485652,7.3487592697093165,7.719223847978447,7.942607721258256,8.048901084299722
M03_20240624:90,M03,M03_20240624,1.6096795760991849,7.508043017951992,7.132963082080496,7.3657839271354195,7.537359151928743
M03_20240624:92,M03,M03_20240624,8.757764260855714,10.895807119691774,10.609783942322062,10.544696140457123,10.52134165592812
M03_20240624:93,M03,M03_20240624,6.609902291501919,8.947035385348121,8.943097252990407,8.781327219196704,8.660014331357969
M03_20240624:94,M03,M03_20240624,3.3634556795841997,9.584563772072777,8.798109519211797,8.976088187619627,9.095126594119142
M03_20240624:95,M03,M03_20240624,9.453698069400266,13.326400108825744,13.134136773138344,12.940064529419448,12.85407868285349
M03_20240624:96,M03,M03_20240624,6.184291217861476,10.997573766501564,10.896656644104063,11.02228859643811,10.908881354088319
M03_20240624:97,M03,M03_20240624,5.274953123506524,9.806598408567343,9.999791790323934,10.145768823263385,10.107381372491707
M03_20240624:98,M03,M03_20240624,9.75699170659055,10.883387172338633,10.774548767296572,10.701502545080595,10.639181539508984
M03_20240624:99,M03,M03_20240624,8.666781440904657,12.253384496664978,11.690001516956084,11.430678224315859,11.41960399156423
M03_20240624:100,M03,M03_20240624,1.820340747222586,7.756922287058702,7.2867793594347425,7.073446421907173,7.033137242930753
M03_20240624:101,M03,M03_20240624,9.437418083070023,9.659039745519966,9.914438216517112,9.77696784575372,9.632120795718604
M03_20240624:102,M03,M03_20240624,1.2332059848753791,8.054522944501553,8.604936495224816,8.62975727717265,8.570273979844725
M03_20240624:103,M03,M03_20240624,8.506281852402159,8.952945942936744,9.64953692420087,9.827887978589983,9.714516993479306
M03_20240624:104,M03,M03_20240624,9.522870031956833,10.57163112550895,10.306693689135635,10.40575711255785,10.418853747833742
M03_20240624:105,M03,M03_20240624,0.8682802796828403,4.751785014366675,4.136972400556878,4.166661595354532,4.123870071872308
M03_20240624:106,M03,M03_20240624,3.675809292399405,10.149391011005633,9.638714891110174,9.545321635048195,9.5749276650911
M03_20240624:107,M03,M03_20240624,6.165530809821778,7.272977230422038,7.2985425447824905,7.3597197782510735,7.543928567486795
M03_20240624:108,M03,M03_20240624,7.863747531022551,10.129681837406537,10.475670410502936,10.270053981506205,10.240401067898041
M03_20240624:109,M03,M03_20240624,3.2797638265258047,8.291966538319265,7.812835178447893,7.991905097057664,8.102429352897747
M03_20240624:110,M03,M03_20240624,8.739223507749143,8.218126680139582,7.527252372543763,7.513273875575452,7.538130400694076
M03_20240624:111,M03,M03_20240624,1.9837905410273633,7.4640894697858435,6.902043776247808,7.168373520487496,7.300489683171809
M03_20240624:112,M03,M03_20240624,2.3092053362781018,9.890611555808368,9.924009065401531,10.26309737334902,10.194068993740029
M03_20240624:113,M03,M03_20240624,8.910175450880692,8.581747109686624,8.771579426442019,8.821769759168552,8.748050707949718
M03_20240624:114,M03,M03_20240624,1.899144819970531,7.400859086301809,6.49916814835235,6.802989775991048,6.902274127879927
M03_20240624:115,M03,M03_20240624,8.773340990032025,9.755172534237007,9.245304633726393,9.12116919289336,9.09140363895382
M03_20240624:116,M03,M03_20240624,7.843098711315772,9.686486199179662,9.17327443046867,9.177919428439951,9.217393628330658
M03_20240624:117,M03,M03_20240624,3.0296341980875865,9.333634678503406,9.66677898408258,9.67870656790606,9.706868877652505
M03_20240624:118,M03,M03_20240624,9.55041511646236,9.898782727108403,10.011365461031485,10.084488208604943,10.027019187266406
M03_20240624:119,M03,M03_20240624,8.342378031865152,7.85767869676595,8.11927665462369,8.066177993219144,8.147712989925543
M03_20240624:120,M03,M03_20240624,2.464229439502077,7.954457606597721,7.50554539459746,7.697081408607151,7.654438828455201
M03_20240624:121,M03,M03_20240624,2.707987920434874,7.480189990803797,7.394203601048396,7.565727140191633,7.55150079519832
M03_20240624:122,M03,M03_20240624,7.582700854112113,9.630190170691856,9.808733223855892,9.90177042751844,9.9083807117475
M03_20240624:123,M03,M03_20240624,5.750937135136513,7.169445229320068,6.733083414402417,6.683081840778319,6.617622338394134
M03_20240624:124,M03,M03_20240624,2.8115575096446284,8.009051367912367,7.686452678481764,7.7720327471103765,7.810224747267829
M03_20240624:125,M03,M03_20240624,8.8302279957442,7.676319440878088,7.693951340124009,7.608658568073465,7.589093335042161
M03_20240624:126,M03,M03_20240624,1.2701766993376835,6.656701212232202,7.044907883307602,7.042058115768544,6.917931857972633
M03_20240624:127,M03,M03_20240624,9.089105481709055,8.165306016495293,8.184066400216938,8.384102240881043,8.275105486638061
M03_20240624:128,M03,M03_20240624,1.1571343991950052,7.007979172221856,6.230485805135817,6.238472090373919,6.273930495194601
M03_20240624:129,M03,M03_20240624,0.5541593758424247,7.032391667469765,6.593153646395428,6.363422710303289,6.4176148442697425
M03_20240624:130,M03,M03_20240624,8.45388385659713,8.972691777067892,9.26837653125143,9.098219981670347,9.05233599148664
M03_20240624:131,M03,M03_20240624,2.4730505274702153,7.181244305857054,7.218337513899085,7.042057150710573,7.0434170799013955
M03_20240624:132,M03,M03_20240624,9.071492415000264,7.253864111131811,7.478910302339909,7.568163233773937,7.491097069058345
M03_20240624:133,M03,M03_20240624,2.617688080734138,7.596949118835295,7.656610180695334,7.622522062572707,7.586598537129355
M03_20240624:134,M03,M03_20240624,10.87412419407775,9.366511124650675,9.737104454691725,9.654310146647083,9.576543460268669
M03_20240624:135,M03,M03_20240624,4.578337373471633,9.277460754218136,8.603991765600913,8.52137793871845,8.482325761234442
M03_20240624:136,M03,M03_20240624,0.5823786267965708,4.8568238438170095,5.631337155972479,5.82746477236577,5.819256429216008
M03_20240624:137,M03,M03_20240624,1.0802850587305761,7.173849824257373,6.777755552154309,6.814007579661534,6.8094310586031455
M03_20240624:138,M03,M03_20240624,0.6458236398594612,6.34981812383881,5.746943676297695,5.703348308508356,5.634896882562576
M03_20240624:139,M03,M03_20240624,1.7769511413420027,6.015232119963111,5.880907743274703,5.912060328925076,5.879923765633205
M03_20240624:140,M03,M03_20240624,1.1730756746928306,7.116790454803359,6.88451948057192,7.04024960976413,6.9659247288169555
M03_20240624:141,M03,M03_20240624,2.901510045277827,6.58753728336082,6.923258872670826,6.78613819420375,6.697130817045398
M03_20240624:142,M03,M03_20240624,8.00145767445062,10.206626137258194,10.110469855750715,9.948738642571096,9.880055955115072
M03_20240624:143,M03,M03_20240624,9.299076101674952,8.254016465443495,8.978677934240485,9.184418129865449,9.169247287800921
M03_20240624:144,M03,M03_20240624,1.0041813067764587,5.593143445569087,5.655773447035459,5.6373592196618905,5.591801201836622
M03_20240624:145,M03,M03_20240624,3.356505313194327,7.658343113226983,8.12521146423485,8.122270042786816,8.096970243100426
M03_20240624:146,M03,M03_20240624,4.903566893265576,7.88267083941604,7.578420686358542,7.781661349167779,7.915056770858249
M03_20240624:147,M03,M03_20240624,2.399672825006414,6.0117270752476415,5.637988484890053,5.564885976927379,5.458993147149483
M03_20240624:148,M03,M03_20240624,2.010624201335282,9.652105839626675,9.758007012115725,9.657948540767983,9.486384839486863
M03_20240624:149,M03,M03_20240624,9.064302090764823,8.106790643249754,7.9389840531391735,7.792974137061579,7.706849886858114
M03_20240624:150,M03,M03_20240624,1.5080673645854337,5.581764485393273,4.871431362131462,4.732239561623565,4.709270628308885
M03_20240624:151,M03,M03_20240624,8.509518482269572,7.529953532266182,7.572867409633828,7.274491888800438,7.115164805776209
M03_20240624:152,M03,M03_20240624,1.7975676605584086,5.657543500850062,6.23990562671599,6.160765828922827,5.991295199303326
M03_20240624:153,M03,M03_20240624,8.19571700259302,7.730421830768665,8.0426784628339,8.066250583151707,8.089562246348265
M03_20240624:154,M03,M03_20240624,0.5228156854059003,4.87805955436208,4.448881563105491,4.41633371502197,4.391292919590363
M03_20240624:155,M03,M03_20240624,0.8701283299627691,4.30601887545311,3.716966324079675,3.7573004046046514,3.7891732677428456
M03_20240624:156,M03,M03_20240624,0.5981711217957284,4.303934354585376,4.785359518222709,4.697326469471267,4.712989027288164
M03_20240624:157,M03,M03_20240624,0.9558266144176515,4.316099561065634,4.6707722311757855,4.594127149747781,4.5851101709297115
M03_20240624:158,M03,M03_20240624,1.0670405212549678,4.0506907146549,4.06952268346523,3.9474145326073886,3.813641960432774
M03_20240624:159,M03,M03_20240624,1.5220367586642147,5.950970561270084,5.331539964056891,5.382537130624497,5.37881197631468
M03_20240624:160,M03,M03_20240624,1.1981123405777165,7.381697843850267,7.540454749692028,7.676798690938749,7.662593369592852
M03_20240624:161,M03,M03_20240624,5.019044519163886,7.145804771126726,7.160038325666054,7.225277254684199,7.097453996011062
M03_20240624:162,M03,M03_20240624,5.4777232875128465,9.041704856227685,9.475477179142462,9.523122328185153,9.503854209080682
M03_20240624:163,M03,M03_20240624,0.9123774989331785,6.302182944019227,5.289326382439155,5.368480969919456,5.419412408416682
M03_20240624:164,M03,M03_20240624,9.078503101968186,7.735143344968371,7.830226658376823,8.214899535977015,8.115195018055847
M03_20240624:165,M03,M03_20240624,2.0643207391077776,8.163895019725286,8.059765792049756,8.022539716578802,7.874713512136668
M03_20240624:166,M03,M03_20240624,3.553395804029951,6.538113308127545,7.198723786338026,7.27177229323407,7.164643649420997
M03_20240624:167,M03,M03_20240624,7.063399430407565,7.847275440648529,7.320205916681699,7.536453546682351,7.656124462743204
M03_20240624:168,M03,M03_20240624,8.258260263921674,5.882217221503501,6.742380605836962,6.657824029194716,6.5719038604570725
M03_20240624:169,M03,M03_20240624,2.2235449841491013,7.558041651964448,7.38594918847355,7.60831796509732,7.589258242622115
M03_20240624:170,M03,M03_20240624,6.473929721527166,8.931047870317553,9.17640392664957,9.183909659178337,9.181907109821779
M03_20240624:171,M03,M03_20240624,6.065046440790629,6.907352276214999,7.0070468566746555,6.951868167924035,6.73300348602384
M03_20240624:172,M03,M03_20240624,5.026407161498282,4.620126345586965,5.588689140547287,5.503116523294134,5.342269780197446
M03_20240624:173,M03,M03_20240624,3.485627847538891,6.44647274923778,6.585443873335848,6.475534104161522,6.469957309544048
M03_20240624:174,M03,M03_20240624,0.8963622271039051,4.2683026349080375,3.7826990236012037,3.8814260649465515,3.891103214426881
M03_20240624:175,M03,M03_20240624,0.6916465146760845,3.656661247250969,3.769177928915216,3.6118147002621557,3.505455757815759
M03_20240624:176,M03,M03_20240624,1.4300787074765118,5.944986910572979,5.823606952056077,5.983140942988806,6.054317883846505
M03_20240624:177,M03,M03_20240624,1.404868365902623,5.540487293369646,5.030598024889961,4.921092455373037,4.896172398507131
M03_20240624:178,M03,M03_20240624,9.340584712067821,7.774856934519086,7.668027508867246,7.5299169086489,7.228983902626339
M03_20240624:179,M03,M03_20240624,1.4372371214239381,7.842961487459607,7.73195812573075,7.877554245625584,7.832914883779926
M03_20240624:180,M03,M03_20240624,5.6322928945005195,6.707819294316333,7.216649496910117,7.246868682427078,7.180618049607654
M03_20240624:181,M03,M03_20240624,3.438069371551131,5.547007177829391,5.88469258936183,5.963888058816312,5.936455007702985
M03_20240624:182,M03,M03_20240624,0.3383750835544662,4.343412238220747,3.5027993335172676,3.340016421988362,3.278551857828754
M03_20240624:183,M03,M03_20240624,1.2219282114768526,5.80438470510446,6.389121061056173,6.31340955186892,6.156062462933697
M03_20240624:184,M03,M03_20240624,7.55483148570963,7.727652850828309,7.508770545742017,7.43148217749199,7.415541388380442
M03_20240624:185,M03,M03_20240624,3.1143283178180297,7.818881337234188,8.010977850549535,8.004626006144804,8.012595998784466
M03_20240624:186,M03,M03_20240624,0.8747442829819649,9.16957778658444,8.829778128993766,8.565835412432339,8.465850310316185
M03_20240624:187,M03,M03_20240624,9.19502036859929,6.466052197985721,6.584419086813961,6.7310665406773715,6.736429744325426
M03_20240624:188,M03,M03_20240624,2.89699757287188,8.642859747814882,8.825673681271784,8.708775953203043,8.561077343992368
M03_20240624:189,M03,M03_20240624,1.8850144551392156,7.690319427391584,7.0827628857039375,7.006241737899584,7.013204096975711
M03_20240624:190,M03,M03_20240624,9.354177584973959,7.0594436048794815,7.593881714976893,7.725796241735688,7.54565964691613
M05_20240729:0,M05,M05_20240729,7.760538086040554,5.265310880596353,5.579559058343129,5.303659797078726,5.262410230460938
M05_20240729:1,M05,M05_20240729,0.5160888475735718,3.6991441536547374,3.231813853920232,3.1598202009932645,3.1062469859239923
M05_20240729:2,M05,M05_20240729,9.59770873042443,5.109405225219045,5.083160087601871,4.684088781134929,4.727874981952004
M05_20240729:3,M05,M05_20240729,2.2503406529996552,4.488051770225424,4.748234513189551,4.635250266149733,4.505452305273925
M05_20240729:4,M05,M05_20240729,4.433955055421405,7.175950566713592,7.031798743968167,7.02332939923099,6.945343869202768
M05_20240729:5,M05,M05_20240729,9.109801080531195,6.198729041852441,6.07922569403478,6.035796378337592,6.031442785520342
M05_20240729:6,M05,M05_20240729,1.5483754532246954,4.822596244030098,4.811843095833767,4.699539566605313,4.589019080957193
M05_20240729:7,M05,M05_20240729,10.667656020316215,4.59627927604203,5.029738424748135,4.980981211906224,4.790624100403192
M05_20240729:8,M05,M05_20240729,1.7077588531992578,3.001532092634656,4.00458056058968,3.923771710362014,3.834873565088584
M05_20240729:9,M05,M05_20240729,1.9009991373341766,4.0682402274665375,4.418854194083737,4.5830660576409485,4.667611260298628
M05_20240729:10,M05,M05_20240729,2.882149841354456,5.761551888549549,6.121295754968546,6.136354875069544,6.071640318665318
M05_20240729:11,M05,M05_20240729,11.332028381025532,7.227498496900583,8.456935972072523,8.505870918270453,8.331020206328217
M05_20240729:12,M05,M05_20240729,2.0523090398091166,4.403843301272271,5.130239536303723,5.189437069150405,5.147942945897113
M05_20240729:13,M05,M05_20240729,11.136324921851697,5.3580883830282255,6.542809807722595,6.4351605233822715,6.220686448952355
M05_20240729:14,M05,M05_20240729,1.002033788452904,4.377629948694404,5.359920904275199,5.405755899915354,5.320702446834629
M05_20240729:15,M05,M05_20240729,3.6928661593577043,4.869919726448998,5.495508801217018,5.432536948517459,5.3526045374951305
M05_20240729:16,M05,M05_20240729,8.467636732591863,4.638870173041356,5.201481766002611,4.948523530790768,4.694326011975684
M05_20240729:17,M05,M05_20240729,8.709461010073728,5.9058840477598675,6.000158040837923,5.7914212412946515,5.7041985355364915
M05_20240729:18,M05,M05_20240729,4.656901510041713,5.8529683632749885,6.564444609635177,6.688362424728789,6.589262279773779
M05_20240729:19,M05,M05_20240729,1.652574885920546,5.536823153323927,6.8740671517451855,6.8579290784816855,6.688111846248509
M05_20240729:20,M05,M05_20240729,5.10302743221791,5.8583586917772665,6.200138739906132,6.123027654453473,5.908962674285277
M05_20240729:21,M05,M05_20240729,3.5741713852747083,3.252745930166987,3.5660581726448517,3.4521305856651647,3.2758844064283523
M05_20240729:22,M05,M05_20240729,8.969118248987687,6.504607964395439,7.130097245238619,7.116875587162559,6.900898309394772
M05_20240729:23,M05,M05_20240729,3.6311441663676898,6.027077494305773,6.763575365270219,6.843397065289148,6.708700909985271
M05_20240729:24,M05,M05_20240729,5.841524911639946,2.853151310153829,3.21021114134689,3.2226687253126935,3.2049806825173484
M05_20240729:25,M05,M05_20240729,6.85256811892835,3.8097541111617814,3.967294113238813,3.648889803069637,3.405010717468172
M05_20240729:26,M05,M05_20240729,11.73547490507532,5.6328878275703635,6.6336940913486755,6.361587765026794,6.172341932179887
M05_20240729:27,M05,M05_20240729,11.520043685466502,4.779457169015976,5.973720464906637,5.769599625161448,5.687909963038751
M05_20240729:28,M05,M05_20240729,1.9062734820911253,4.293424634736719,4.122902195713647,3.879641828017877,3.882431865470188
M05_20240729:29,M05,M05_20240729,1.0412426319678838,3.849209947786012,4.009130599757814,4.04897961194411,3.9249286169022226
M05_20240729:30,M05,M05_20240729,1.9186325695338615,4.343620420235794,4.606756733072224,4.668592206702821,4.561627790381656
M05_20240729:31,M05,M05_20240729,4.537348495911043,4.290436587529389,4.814422830969119,4.613195304429246,4.413889955517986
M05_20240729:32,M05,M05_20240729,8.008248058866831,5.164566660563458,5.809196622075912,5.538998874679573,5.391525127468542
M05_20240729:33,M05,M05_20240729,0.818477439664817,3.5283254979198064,3.7655070922196314,3.637058142353803,3.467802565864786
M05_20240729:34,M05,M05_20240729,2.063824959855806,5.879980551430272,6.189431658722742,6.201310766902755,6.22179442953898
M05_20240729:35,M05,M05_20240729,6.130947397964939,5.85017390140936,6.704464624549934,6.439245229655226,6.311020760741966
M05_20240729:36,M05,M05_20240729,7.083091667095484,5.56228746422101,5.326384356255659,5.443390774462478,5.521157537052806
M05_20240729:37,M05,M05_20240729,4.702533027176179,3.9629531091677226,4.2299569007429465,3.963844271032644,3.755791522739761
M05_20240729:38,M05,M05_20240729,12.812176171300777,4.733230547973916,5.806074694151422,5.946061479483667,5.825492432009181
M05_20240729:39,M05,M05_20240729,9.89536861362278,5.24273447882891,5.812308211934865,5.713868541121421,5.4832596024087366
M05_20240729:40,M05,M05_20240729,11.376264491680033,5.973884224433191,6.355882955840345,6.335858788502177,6.270928366865753
M05_20240729:41,M05,M05_20240729,0.7900921686208839,3.8983951957296954,4.993687286918491,5.091149728672207,4.863453849604049
M05_20240729:42,M05,M05_20240729,2.282633370975561,4.623621615754355,4.677336153071876,4.330169666572192,4.2946453113929675
M05_20240729:43,M05,M05_20240729,1.5905749519902497,4.66958539180135,5.146372631699417,4.976301734574173,4.819085023615066
M05_20240729:44,M05,M05_20240729,11.248885143985538,6.657469942772435,7.202071590066339,7.228987875026072,7.202826345010342
M05_20240729:45,M05,M05_20240729,3.9239335355611713,4.865644194817739,5.554085666961782,5.734167226958563,5.642199781747148
M05_20240729:46,M05,M05_20240729,9.534751897475594,6.656005465764876,6.91202067599944,6.756703516707855,6.638373261888117
M05_20240729:47,M05,M05_20240729,1.875779598277903,4.863414224265399,5.39641413824104,5.59473032855203,5.495799685412234
M05_20240729:48,M05,M05_20240729,11.221361268894606,4.445003498359857,5.234517977063492,5.305811646960587,5.262524860717655
M05_20240729:49,M05,M05_20240729,4.386583488351348,5.126481256838734,6.083559178117389,6.332661219281113,6.192407681437244
M05_20240729:50,M05,M05_20240729,10.654156204409324,5.292857021066846,5.590443732987984,5.917714863734524,5.834670217081566
M05_20240729:51,M05,M05_20240729,0.9624241460110576,4.247607054254555,4.685817728493505,4.399223790780419,4.256377839503242
M05_20240729:52,M05,M05_20240729,11.382026346707388,6.264045358739701,6.670753657992604,6.629118728150469,6.553355693661514
M05_20240729:53,M05,M05_20240729,2.747087091224311,4.701008876758679,4.918538687818294,5.139067363376638,4.9499376924011935
M05_20240729:54,M05,M05_20240729,10.896746033316262,5.683533903706492,6.608788286997293,6.601714824117138,6.51042990743963
M05_20240729:55,M05,M05_20240729,1.4303164323199231,4.848322866036978,5.406636248092897,5.377313396265236,5.293873690558067
M05_20240729:56,M05,M05_20240729,8.665954158235198,4.2516698835401066,4.701819536424252,5.024342283019558,4.978264827149899
M05_20240729:57,M05,M05_20240729,5.7960099542268635,3.652447408043251,4.6823737143601925,4.6346918099253855,4.279265656293162
M05_20240729:58,M05,M05_20240729,11.369642383841143,5.194293480780523,6.4007755860788045,6.2481690341294005,6.259126781416885
M05_20240729:59,M05,M05_20240729,6.846846610507941,4.318988355598291,5.397010709064735,5.104951600057113,4.993085489062844
M05_20240729:60,M05,M05_20240729,6.51837513544078,4.86904124730345,5.596515962866746,5.702703220920609,5.661135335574177
M05_20240729:61,M05,M05_20240729,11.226234283628918,5.6526396725658055,6.13838069882629,5.941441229733502,5.7789237601227335
M05_20240729:62,M05,M05_20240729,5.410244918223293,6.392620142851962,6.597049103005065,6.743869605807895,6.586141377102083
M05_20240729:63,M05,M05_20240729,9.665296275099328,5.165558949493014,5.634104191440325,5.769587329117874,5.6884940239273805
M05_20240729:64,M05,M05_20240729,2.789756115709199,5.05585445871858,5.55295020836477,5.440222339645721,5.347713421022926
M05_20240729:65,M05,M05_20240729,2.2929305613275455,3.5434784053131345,4.916871285743633,4.971027325508698,4.992653566271378
M05_20240729:66,M05,M05_20240729,11.117540754573207,4.871982499676759,5.7354581154961295,5.94499124568216,5.702556681452954
M05_20240729:67,M05,M05_20240729,6.725327131021814,5.4295434892827545,6.335441237800861,6.420947446679749,6.440050717180952
M05_20240729:68,M05,M05_20240729,5.611433308583359,5.768152305971732,6.523421778492234,6.509982640598332,6.381889952369506
M05_20240729:69,M05,M05_20240729,11.995141398703954,4.7130647762712785,6.1519125250963125,6.084494530505179,5.885445782242947
M05_20240729:70,M05,M05_20240729,1.0798125640318625,4.477303585794849,4.255543659193826,4.374791967157701,4.4589790184801785
M05_20240729:71,M05,M05_20240729,3.01645952691528,3.558361124766291,4.057830857934051,4.065124100681595,3.9886623791148867
M05_20240729:72,M05,M05_20240729,12.997980317248988,3.9880693186865166,5.091369739282183,4.936263133799667,4.7895787529920195
M05_20240729:73,M05,M05_20240729,7.613270247755599,5.882499581956557,6.47756131090495,6.455214695578679,6.198486485967342
M05_20240729:74,M05,M05_20240729,1.8527132185809774,3.139185129192278,3.880681533440762,3.9177991834967782,3.830629014513348
M05_20240729:75,M05,M05_20240729,10.923286350276433,5.992112897346729,6.383268700313227,6.554166122486867,6.465485412686583
M05_20240729:76,M05,M05_20240729,10.565152597345527,6.100190321213139,6.479081974305565,6.477609111584556,6.402570863154847
M05_20240729:77,M05,M05_20240729,2.8245098761560894,4.814207179358633,4.996715300063427,5.1870431234337815,4.957407534711153
M05_20240729:78,M05,M05_20240729,10.02546998949272,5.000791185809678,5.915547165185636,5.838679985337728,5.683590769848646
M05_20240729:79,M05,M05_20240729,11.005607411585045,3.16275622992487,4.375159173130873,4.364446351342163,4.210884521951738
M05_20240729:80,M05,M05_20240729,10.897589964360016,3.698602703321125,4.252955594382781,4.0040803488379035,3.8811050226094985
M05_20240729:81,M05,M05_20240729,1.6053799782432916,4.167613943428394,4.671654669276463,4.70007547760431,4.641442561117428
M05_20240729:82,M05,M05_20240729,2.011162481969927,4.034693213557562,4.276474376623293,4.179489745348793,3.918715575035124
M05_20240729:83,M05,M05_20240729,10.320667543348693,5.954344473931305,6.249859053824746,6.058759808198349,5.795147202849832
M05_20240729:84,M05,M05_20240729,11.398555655772528,4.813745632777052,5.863384343581826,6.010812775039328,5.944607087369546
M05_20240729:85,M05,M05_20240729,1.791567305880119,4.715422037678916,5.223579663838452,5.50544339010547,5.3601222011522704
M05_20240729:86,M05,M05_20240729,11.216872296294488,6.538178192616258,6.791458850548108,7.178329942026064,7.209659827913571
M05_20240729:87,M05,M05_20240729,7.798811899742787,5.407133600939057,6.028877876279433,6.225762053635288,6.168443887341123
M05_20240729:88,M05,M05_20240729,5.462368451954156,4.975805070051475,6.193182038492736,6.329492556214029,6.299902328401959
M05_20240729:89,M05,M05_20240729,12.073725012565198,5.318970947482451,6.323085807074749,6.39761731777235,6.248386957607415
M05_20240729:90,M05,M05_20240729,11.234792958865034,4.68843965320318,5.09375837888124,5.125560713192252,5.142477900280349
M05_20240729:91,M05,M05_20240729,3.917345207265553,4.91189606286495,4.943826711320869,4.790625930124886,4.681309494564808
M05_20240729:92,M05,M05_20240729,2.11532998179478,5.189248723254587,5.56138154815756,5.715914408142701,5.652075540348974
M05_20240729:93,M05,M05_20240729,11.957729540340774,5.012662202435455,5.97524003766416,6.08158596680598,5.898076930894265
M05_20240729:94,M05,M05_20240729,11.872996178149144,5.465925853843034,6.535583382248658,6.765056355413304,6.6438546609871265
M05_20240729:95,M05,M05_20240729,1.6628731383830646,3.7299182868480436,4.903404954471878,4.762904290147111,4.533714009409392
M05_20240729:96,M05,M05_20240729,4.196124439628601,4.574137784248492,5.649307855000059,5.341576364594091,5.114103311175619
M05_20240729:97,M05,M05_20240729,9.05276339052105,4.407284110999535,5.687719779946304,5.569489591705289,5.382998646288639
M05_20240729:98,M05,M05_20240729,7.13803502233759,6.382924480482274,7.242185477158442,7.268753825291624,7.1436753693193715
M05_20240729:99,M05,M05_20240729,5.984632063432815,4.405489782509185,5.669938039460957,5.730996445929292,5.635981133776277
M05_20240729:100,M05,M05_20240729,12.504346706833756,6.325278799982004,7.596470633995606,7.710763623729902,7.491211652479584
M05_20240729:101,M05,M05_20240729,7.0101443744497045,6.875061143066604,7.0901816245457905,7.101650057515821,7.050458984555111
M05_20240729:102,M05,M05_20240729,5.062241416432728,5.059829541582219,6.7970573011063165,6.988805608342018,6.904723526739316
M05_20240729:103,M05,M05_20240729,2.4736396520064883,5.221558083646717,6.281859002118553,6.355210010415872,6.169349063714069
M05_20240729:104,M05,M05_20240729,11.555546602806851,4.847214309908178,5.822232564072844,6.026201436668939,5.989653032632546
M05_20240729:105,M05,M05_20240729,4.6550214392369975,3.3443682945255393,3.699375369299047,3.865931650124393,3.815180813962852
M05_20240729:106,M05,M05_20240729,7.419184325045446,5.660926557807831,5.860419986808061,5.876419925837777,5.907873464362801
M05_20240729:107,M05,M05_20240729,11.208829312919002,4.920629848647065,5.031922934304678,4.802674672882023,4.7202304137618265
M05_20240729:108,M05,M05_20240729,1.5250697234258974,4.712526123026028,5.567167631918209,5.23581170880241,5.129117551880122
M05_20240729:109,M05,M05_20240729,0.7404678827015618,4.124253552579394,5.015418431045626,5.113945100199986,4.962172142393086
M05_20240729:110,M05,M05_20240729,11.055838913289454,4.178848463651124,4.608062890107135,4.677719757198286,4.745680925936383
M05_20240729:111,M05,M05_20240729,4.073434866587869,3.754303808654644,3.427771976876111,3.502616844226391,3.6168663177099227
M05_20240729:112,M05,M05_20240729,7.956311237411854,4.700834067625754,5.461653742979961,5.426132271890766,5.282553672922101
M05_20240729:113,M05,M05_20240729,10.664308501727232,4.617686902830154,5.118141020835822,5.4564091906638605,5.479683612001711
M05_20240729:114,M05,M05_20240729,1.8170599995565722,4.346759752123353,5.184505966726087,4.91669994828835,4.966162101935709
M05_20240729:115,M05,M05_20240729,11.24990271647051,3.6399625963901547,4.699799620867719,4.6797027020245485,4.571709816302599
M05_20240729:116,M05,M05_20240729,1.7547502823993013,5.253488259869351,6.583743718482585,6.739939553594961,6.499879510882427
M05_20240729:117,M05,M05_20240729,11.590831637914034,2.756997164230502,3.99949742282262,3.9397892165561563,3.851594921733596
M05_20240729:118,M05,M05_20240729,1.283214240839789,3.664314548254,4.968906564440115,5.1017915744168025,4.919381402631069
M05_20240729:119,M05,M05_20240729,5.724545056631703,4.98468305695918,6.126303234136032,5.814029498631988,5.609120442957632
M05_20240729:120,M05,M05_20240729,6.7490468458057915,4.601078108837182,5.775881556562498,5.752325216629722,5.618434914227981
M05_20240729:121,M05,M05_20240729,1.42273665254504,3.5393292964358443,4.234057335195638,4.265728478951697,4.079346435086381
M05_20240729:122,M05,M05_20240729,10.715038289713167,4.15799412199219,4.274471083474501,4.490675829650593,4.546762339208035
M05_20240729:123,M05,M05_20240729,1.301715833017161,3.7054030797307975,3.82299152473239,3.737064471356027,3.548018089421977
M05_20240729:124,M05,M05_20240729,2.6617252887241687,2.7063511397252125,2.4597174521424496,2.2958856599243775,2.3472781154369775
M05_20240729:125,M05,M05_20240729,3.2468656451297213,2.810149291742116,3.313868918583527,3.1253489903569966,2.9843742734237644
M05_20240729:126,M05,M05_20240729,10.635893479090457,4.950606317065212,5.796093078026905,5.8882737482397935,5.8457950495170685
M05_20240729:127,M05,M05_20240729,11.370059224048058,4.7083224550357965,5.6561703274085025,5.696033590874086,5.607770783280219
M05_20240729:128,M05,M05_20240729,1.6986969506930618,3.6560418719903436,4.291330777901263,4.366399022347876,4.445729010966474
M05_20240729:129,M05,M05_20240729,10.745319976368647,4.608759846719086,4.974809511151848,4.91059803896266,4.803591396118227
M05_20240729:130,M05,M05_20240729,4.855164163036281,3.7395095648760144,3.8202543190688036,3.713682557503706,3.6413496403121064
M05_20240729:131,M05,M05_20240729,9.391566500791477,5.2005937635344885,6.011533189077118,5.888948214034306,5.774109457127365
M05_20240729:132,M05,M05_20240729,1.1742939239432981,1.7542884091791007,2.185309805429801,2.132489561670603,2.0917425995819037
M05_20240729:133,M05,M05_20240729,1.580614620371855,4.257025792125854,4.619612628776926,4.375376544714243,4.169979342315476
M05_20240729:134,M05,M05_20240729,10.652155895753195,6.305516461657436,6.552259628246301,6.3298457462709745,6.2871261520744035
M05_20240729:135,M05,M05_20240729,2.9705569058206627,4.013391590075666,4.874340590566992,4.709221334916177,4.565711741771402
M05_20240729:136,M05,M05_20240729,10.762093361745931,3.8927836730401832,4.358925844664453,4.245411278706165,4.08333639178273
M05_20240729:137,M05,M05_20240729,3.960914582480095,3.997180889437383,4.680137610564791,4.516205313580992,4.535593145823823
M05_20240729:138,M05,M05_20240729,7.231504624264461,6.0041039355124575,6.764447620127397,6.568943415003648,6.354878037756329
M05_20240729:139,M05,M05_20240729,3.1668021559252155,5.042484912593144,5.198949667858388,5.263600127172746,5.16552661309228
M05_20240729:140,M05,M05_20240729,1.4896832261982746,3.9456037243950317,4.624021467414301,4.794598713962032,4.722073787581047
M05_20240729:141,M05,M05_20240729,10.238423944188305,6.707456844658363,7.590762875180597,7.363167462695859,7.17769400529208
M05_20240729:142,M05,M05_20240729,2.106867278753816,4.764853512319293,4.756857072028339,4.519847890067698,4.473451331348204
M05_20240729:143,M05,M05_20240729,1.0304966408020724,2.7834648615226585,3.838924869158139,3.6358758302616114,3.612199968171355
M05_20240729:144,M05,M05_20240729,1.255183975392757,4.329483115541712,4.809918853400846,4.804170580129413,4.727602219163529
M05_20240729:145,M05,M05_20240729,2.7437391200455967,4.023751212626137,5.095892817804148,4.965397071336143,4.893437752107225
M05_20240729:146,M05,M05_20240729,2.679012812444825,3.4097846839142365,4.459178104956793,4.608160117748708,4.307501985435135
M05_20240729:147,M05,M05_20240729,2.5174616717985936,2.4883812475683684,3.4618091780820937,3.453438535502255,3.277131603577495
M05_20240729:148,M05,M05_20240729,2.606780658398941,4.182219769054308,4.283962206006541,4.173910613193071,4.143021288035815
M05_20240729:149,M05,M05_20240729,5.991439892984918,3.346949380311284,4.282671751249421,4.068315139280191,4.0813332892061
M05_20240729:150,M05,M05_20240729,6.407587958496618,4.729893573817658,5.232816195830049,5.169608405584157,5.088433786623016
M05_20240729:151,M05,M05_20240729,0.9542061294925549,2.8079944869344926,2.5480138432553705,2.4187364484554865,2.367034987072249
M05_20240729:152,M05,M05_20240729,8.426432186620374,1.7570648708617194,2.0614272634134934,2.190970262424124,2.286666804143275
M05_20240729:153,M05,M05_20240729,3.639352721926956,3.315017076968541,3.750767851789577,3.5687512385341247,3.520727426694637
M05_20240729:154,M05,M05_20240729,8.619479428106079,4.463522336670194,4.556152141843024,4.752454343257541,4.51144769600404
M05_20240729:155,M05,M05_20240729,6.138311262048798,4.915356035453841,6.218603979907405,6.200230356021258,6.105162884311397
M05_20240729:156,M05,M05_20240729,7.616934177374517,4.7813083336290925,5.73767707184977,5.62291281846321,5.4660951954954875
M05_20240729:157,M05,M05_20240729,6.016982321834961,5.119969190261967,5.199041492410446,4.958394161098337,4.819334029968142
M05_20240729:158,M05,M05_20240729,11.673787452123761,5.306394221393526,6.2435718314507245,6.1001955443999325,5.761047423746971
M05_20240729:159,M05,M05_20240729,1.3242030559943796,4.35839334323506,5.116395116361735,4.798425855431415,4.784005938212475
M05_20240729:160,M05,M05_20240729,1.799498471973263,3.606525261135725,3.3315126842557543,3.35205995254012,3.3124021607518896
M05_20240729:161,M05,M05_20240729,11.114284287979885,4.839581724303174,5.81505611576308,5.8443746744397105,5.758452515462785
M05_20240729:162,M05,M05_20240729,11.179261258097902,3.1079394262411113,4.094087118513189,3.9200466922597834,3.8125869392344858
M05_20240729:163,M05,M05_20240729,3.0549577308554254,4.37690844261201,4.679354266213933,4.595471446876653,4.65397246377941
M05_20240729:164,M05,M05_20240729,2.45031282046006,4.105937919232885,4.383234588030343,4.2034587268758985,4.165650395427188
M05_20240729:165,M05,M05_20240729,5.148964706373851,4.527704606694081,5.090394555122441,5.0126330326381305,5.030345393656497
M05_20240729:166,M05,M05_20240729,6.69327067481326,3.8179070016646497,4.9231774700450295,4.830337735666876,4.681875342882116
M05_20240729:167,M05,M05_20240729,9.615419248819613,6.216073034468382,7.368554180577314,7.487793677298628,7.452687245791289
M05_20240729:168,M05,M05_20240729,2.8734429900664344,3.4406952554125065,4.368412657153729,4.148767753033502,3.9728642812779853
M05_20240729:169,M05,M05_20240729,3.048751385286362,4.940216220191844,5.721498379453401,6.014533624344099,5.951115011051265
M05_20240729:170,M05,M05_20240729,9.827287564590304,5.284614832659695,5.036763858757661,5.0005628912610165,4.938156279782164
M05_20240729:171,M05,M05_20240729,8.290835103399422,5.069941919249253,5.576197137053963,5.651423791110165,5.439055906429023
M05_20240729:172,M05,M05_20240729,4.451069588642185,4.198063858888584,4.566336830469723,4.556996470847417,4.531641651277671
M05_20240729:173,M05,M05_20240729,14.730313723564104,4.165360561907679,4.87027961809467,5.0405811986218305,5.038801870489793
M05_20240729:174,M05,M05_20240729,3.448489189759908,3.8205565253887612,3.82607698663773,4.006703229932297,4.014192429868621
M05_20240729:175,M05,M05_20240729,12.466722029392594,4.69386422224168,4.926325899484591,5.071561669575055,5.151719580463256
M05_20240729:176,M05,M05_20240729,11.171757986473065,4.904347296400008,5.529422854493974,5.42640555614114,5.245024608442776
M05_20240729:177,M05,M05_20240729,6.64834293039707,4.538114019007015,5.590911987101263,5.507689374080098,5.365061309646759
M05_20240729:178,M05,M05_20240729,10.615402323331216,4.056522687644002,5.008832064704013,5.048699513939583,4.921104333098032
M05_20240729:179,M05,M05_20240729,7.236471723567723,5.384832356024057,6.020731607936759,6.057053715131465,5.952382733869439
M05_20240729:180,M05,M05_20240729,5.92049263598915,4.59507596726126,5.798620726181971,5.488950352099611,5.282894903063647
M05_20240729:181,M05,M05_20240729,6.774227304881792,4.3117993406335,4.999681426656987,5.173052573978065,5.109084000819195
M05_20240729:182,M05,M05_20240729,3.848429785083773,4.344519962981804,5.357093741250363,5.614464365626956,5.398204268385331
M05_20240729:183,M05,M05_20240729,1.7229542845113366,2.5612911377129164,3.3509135389362976,3.4701023623150222,3.363026048078036
M05_20240729:184,M05,M05_20240729,3.2651000605326708,2.60911434231826,3.7276422388047727,3.4940788071844118,3.3052277877405283
M05_20240729:185,M05,M05_20240729,7.148267368709238,4.552797231908486,4.869348520596537,5.040135083232461,5.00494342079755
M05_20240729:186,M05,M05_20240729,17.4792720895398,6.024226606130991,7.185304898490308,6.854721700072794,6.645625836529973
M05_20240729:187,M05,M05_20240729,3.3921009066727024,4.379074848516425,4.937374562893398,4.866838235697847,4.796621510225518
M05_20240729:188,M05,M05_20240729,11.393839751378936,5.310674641419727,5.389206467943142,5.153304813330497,4.958775530178916
M05_20240729:189,M05,M05_20240729,8.24038901701428,4.127873469380413,4.921075001587775,4.715994672643022,4.6414678195037045
M05_20240729:190,M05,M05_20240729,9.52073267310084,3.815561054632128,4.55815424846049,4.320892524912963,4.144839914548973
M05_20240729:191,M05,M05_20240729,11.352033480332082,5.845174955035537,6.958511977106286,6.734734860164739,6.430014396364578
M05_20240729:192,M05,M05_20240729,7.378946429320481,5.13133542438845,5.87178164113848,5.788127731267131,5.776155202890445
M05_20240729:193,M05,M05_20240729,6.099169069480896,4.086082760375102,5.195063969394432,5.401159372943161,5.267118486638742
M05_20240729:194,M05,M05_20240729,1.070401587301796,5.187826026593678,5.545262340585194,5.241498090272511,5.182537574789337
M05_20240729:195,M05,M05_20240729,5.02677611349944,5.792379798754252,6.16291641442847,6.026216228378547,5.899762775238112
M05_20240729:196,M05,M05_20240729,7.344065450983711,6.470853122829428,6.394488880016899,6.394445146547659,6.517968648268371
M05_20240729:197,M05,M05_20240729,4.234250100887393,5.409750460666784,5.84293368022763,6.108142075189085,6.094002361464252
M05_20240729:198,M05,M05_20240729,4.325107164693628,3.3896616760799843,4.511405353638942,4.668009308353281,4.537065305371352
M05_20240729:199,M05,M05_20240729,5.392363730234766,5.251907610135755,5.91744985966349,5.722597038716037,5.5756338309163835
M05_20240729:200,M05,M05_20240729,3.460124238638692,3.836355625241707,4.642743590223233,4.6467806555715905,4.6231139305269116
M05_20240729:201,M05,M05_20240729,4.820058264376411,6.116457876702206,7.339764122868429,7.394534801941775,7.173402995097613
M05_20240729:202,M05,M05_20240729,7.7317408592243355,4.013609594316749,4.929570497269562,4.619949544429696,4.5437058000462756
M05_20240729:203,M05,M05_20240729,2.5087871704338096,6.345687244426805,7.273861169112278,7.0912054148660495,6.938017526094143
M05_20240729:204,M05,M05_20240729,4.737717808863955,3.651844253047404,4.213894058090295,4.160630182439179,4.106364456741664
M05_20240729:205,M05,M05_20240729,2.843970936674152,3.72980426669647,4.250586489471038,4.497666364866735,4.59543515269558
M05_20240729:206,M05,M05_20240729,5.1756565800901315,5.36722234530283,5.684855596921377,5.603689105641969,5.598322362493763
M05_20240729:207,M05,M05_20240729,5.36823459580428,4.042624562298415,5.133968017871154,5.094307687307465,5.038806694818873
M05_20240729:208,M05,M05_20240729,4.069505327774453,5.304217835296322,6.180474980560662,6.255363439095514,6.177012146805199
M05_20240729:209,M05,M05_20240729,1.0242910958363989,4.089306349773735,3.885172539023255,3.9831853568646647,4.10799843855795
M05_20240729:210,M05,M05_20240729,0.3070480935320885,2.9988136885314995,2.6060150245605693,2.2474102878154403,2.030162575252086
M05_20240729:211,M05,M05_20240729,0.1829641056320771,2.543923203572549,1.3700770121484105,1.1994063109245636,1.1532796067827555
M05_20240729:212,M05,M05_20240729,0.40217066647020566,3.024158322738066,3.490940883006796,3.121280012362601,2.861649533884216
M05_20240729:213,M05,M05_20240729,3.723425704610692,4.0879858414856685,4.723079987669298,4.557913249075111,4.364521218745185
M05_20240729:214,M05,M05_20240729,0.3815609604121288,2.7935490492924804,3.545703293893459,3.3218454217942806,3.2949554755630373
M05_20240729:215,M05,M05_20240729,0.5363950919063482,3.636278493630403,4.051263754147939,3.864141809913985,3.627352919140564
M05_20240729:216,M05,M05_20240729,0.5182017211606573,3.9091744782139446,4.448637573289963,4.140302367364265,3.953803267814199
M05_20240729:217,M05,M05_20240729,0.6265919926948734,4.404069465474441,5.380722086926671,5.313736896207818,5.400775159653602
M05_20240729:218,M05,M05_20240729,0.7626807827808814,3.1739235837104087,3.9177975433352694,3.636457981289545,3.4837470233682026
M05_20240729:219,M05,M05_20240729,0.9508018941911426,2.5600846949205707,3.3932673690268342,3.1535110111480256,3.1712208168049676
M05_20240729:220,M05,M05_20240729,1.061642885980998,3.9054970981522494,4.757057936457732,4.718587110328383,4.6535733874582625
M05_20240729:221,M05,M05_20240729,3.8941646571969777,4.135613983997401,4.550169484346853,4.366234565844249,4.27603298009193
M05_20240729:222,M05,M05_20240729,6.998871814176576,4.463790089421994,4.761949372629017,4.615910361698492,4.441729903958444
M05_20240729:223,M05,M05_20240729,7.349365833547875,4.807299724408025,6.82286328117141,7.018465481239311,6.903917503287856
M05_20240729:224,M05,M05_20240729,5.411539377986058,4.788777132684831,5.445377797069459,5.447561525978666,5.343010320982299
M05_20240729:225,M05,M05_20240729,1.4093005985654372,0.46543115387932943,0.47111787827992924,0.4514826733830608,0.49142364133012606
M05_20240729:226,M05,M05_20240729,11.161267389203479,5.52255172821543,6.7793057085010275,6.573475493245414,6.417475795784185
M05_20240729:227,M05,M05_20240729,2.6338220440084985,3.7697914602338476,4.058125234331116,4.25036870247024,4.277028607421858
M05_20240729:228,M05,M05_20240729,3.2388772963690218,4.876063799324507,5.935603324356039,5.894381105617722,5.718304957848131
M05_20240729:229,M05,M05_20240729,11.266230357151226,5.614060305811863,6.869488265330483,6.826317069897211,6.484412042227927
M05_20240729:230,M05,M05_20240729,1.9752292702423706,1.9668123202330285,2.9301572489635874,3.0976793016186277,2.8925285456622567
M05_20240730:0,M05,M05_20240730,9.785823522322675,4.700223939892524,3.7108909658454654,3.6070492894351776,3.615752651535463
M05_20240730:1,M05,M05_20240730,9.383414017351269,5.168955881227553,4.552344179637093,4.464518419878179,4.548221635026636
M05_20240730:2,M05,M05_20240730,9.87788058114501,4.447172839557821,3.8074943176543705,3.5335667171715595,3.517420706944005
M05_20240730:3,M05,M05_20240730,1.9471947303226202,4.923749353401445,5.387920448882296,5.301550403528983,5.183863097885669
M05_20240730:4,M05,M05_20240730,8.917993426851561,3.4333459108007127,4.13660920059607,3.9960297321192897,3.946811417481468
M05_20240730:5,M05,M05_20240730,5.583162727770258,4.799680710616972,4.737769174861175,4.705684927887734,4.729236227768341
M05_20240730:6,M05,M05_20240730,5.966657043589046,4.6371910481164305,2.937715933084841,2.679011093529521,2.6893843963225246
M05_20240730:7,M05,M05_20240730,1.9362176206206145,3.244012767537753,3.4273878977545182,3.4802129460855173,3.545272408189031
M05_20240730:8,M05,M05_20240730,6.26335698282813,4.335729538507087,4.871967515026178,4.667890881881727,4.629391915401856
M05_20240730:9,M05,M05_20240730,3.9678283153976617,4.2984310049426036,4.61856757811119,4.61000155832186,4.6288599007992195
M05_20240730:10,M05,M05_20240730,10.09921436665587,6.461489779182479,5.976229389582851,6.100897329107412,5.99737469420448
M05_20240730:11,M05,M05_20240730,1.3225999376183701,4.3961666727858315,3.6321578852526724,3.646575654256681,3.5996904540042585
M05_20240730:12,M05,M05_20240730,8.791438902455516,5.223530281034429,5.6274077098996536,5.423970088343802,5.426786287328724
M05_20240730:13,M05,M05_20240730,2.4139523549110233,2.820572778500178,3.3927426629491975,3.4249588165423224,3.3615626262319576
M05_20240730:14,M05,M05_20240730,9.71895175770888,4.842199473038042,5.0619319298991154,4.962819641947716,4.995608192304175
M05_20240730:15,M05,M05_20240730,2.258772852818307,3.467539076743534,3.3752968515464867,3.4152285363729185,3.4913813504604896
M05_20240730:16,M05,M05_20240730,9.156371437342479,4.601581596655435,4.785853638474759,4.597503775679923,4.534129863222766
M05_20240730:17,M05,M05_20240730,9.357901581315286,4.185621848301795,3.7631686714372194,3.624164695990381,3.5023413937208456
M05_20240730:18,M05,M05_20240730,1.4862943518966156,3.513045670708428,3.0157214121183324,2.9546307960240794,2.976478760916707
M05_20240730:19,M05,M05_20240730,6.8546144070854025,4.2765222058649615,5.362646232955955,5.263296807562901,5.19179873499857
M05_20240730:20,M05,M05_20240730,2.928230043669689,4.0787907190057755,4.6473069758089895,4.526679990770489,4.483442693261658
M05_20240730:21,M05,M05_20240730,2.646533017932572,2.300041739636656,2.6689927474866897,2.8892448609902415,2.899577003803694
M05_20240730:22,M05,M05_20240730,7.042699605905782,4.300479240026298,4.3788270889568714,4.319621063214863,4.3709697730904145
M05_20240730:23,M05,M05_20240730,2.185199604403842,2.89454849911054,2.530175308194691,2.7730655711347203,2.8442139015274206
M05_20240730:24,M05,M05_20240730,2.6881878901352216,4.465567483182248,5.294761568123059,5.2852324794150665,5.197926263741144
M05_20240730:25,M05,M05_20240730,8.927054720359163,4.0273032343318516,3.8793711505639146,3.606974109419596,3.547314267356806
M05_20240730:26,M05,M05_20240730,9.436469415492372,5.441798548770898,5.368490314979816,5.119184611628446,5.033530459169646
M05_20240730:27,M05,M05_20240730,2.4473252945758963,1.947339018584163,2.8883105131892797,2.75564290468254,2.6062202122511797
M05_20240730:28,M05,M05_20240730,4.38688573535018,2.6899137269770668,3.7714893775507115,3.527734430469139,3.337826628526805
M05_20240730:29,M05,M05_20240730,8.567105681494722,3.7706728196208514,4.950784902120044,4.647668444541436,4.538250231627069
M05_20240730:30,M05,M05_20240730,1.8240325755332671,2.362377343851587,1.7812133072085703,1.8398719101669148,1.8787236897467885
M05_20240730:31,M05,M05_20240730,9.451874491064904,3.5735852997729216,3.8525470588340096,3.9474234677619378,3.885527778708449
M05_20240730:32,M05,M05_20240730,2.1256997330977483,3.7490552132811223,3.3168725117752715,3.2152577291668125,3.1666561657205285
M05_20240730:33,M05,M05_20240730,3.443449109705992,3.707542515058313,5.219187791845682,5.0524080407785865,4.943407919207844
M05_20240730:34,M05,M05_20240730,8.808074349582869,3.529867852015211,4.272308570742727,3.9929424086946477,3.7535883535594534
M05_20240730:35,M05,M05_20240730,1.6736378796610927,2.2645857594888223,3.8385906801776137,3.7871938484495344,3.6494199972738057
M05_20240730:36,M05,M05_20240730,7.163891605240942,5.115796790738049,6.39354462857608,6.279140273879635,6.318004968441171
M05_20240730:37,M05,M05_20240730,3.787725659018092,4.1339501915092765,4.366453862333003,4.195917792241755,4.134136346148649
M05_20240730:38,M05,M05_20240730,3.4897715159449607,2.9453226371753285,3.0048946259717253,2.8850419646335226,2.7674554134970206
M05_20240730:39,M05,M05_20240730,1.4165850347244233,3.331215564965893,3.421016468728882,3.0299031462564963,2.9307852760065707
M05_20240730:40,M05,M05_20240730,3.769372724560664,2.4514117134550326,2.058604470120351,2.12600358507711,2.015875215013312
M05_20240730:41,M05,M05_20240730,2.310750072876997,3.7931645290853586,4.513731656765659,4.479508488733513,4.441597232630818
M05_20240730:42,M05,M05_20240730,2.936674373565378,4.1772038099330135,3.6401262566638337,3.58019357577972,3.589314582553552
M05_20240730:43,M05,M05_20240730,7.803655374991382,2.5444574707979037,3.9447343631338407,3.7333191008715394,3.5828232633940074
M05_20240730:44,M05,M05_20240730,1.426258405378381,1.0841003301350756,1.2097834216554442,1.2040006450351965,1.289842649552043
M05_20240730:45,M05,M05_20240730,2.358305313676555,3.3574152658042844,4.213783904853926,3.9348231424353006,3.815786833103008
M05_20240730:46,M05,M05_20240730,9.731353536012795,3.857285720686456,4.18506428839876,4.0454959092923755,3.900252268225085
M05_20240730:47,M05,M05_20240730,2.189944976272429,4.13184364165564,5.082852197544314,4.755651664997981,4.618827889291933
M05_20240730:48,M05,M05_20240730,3.398983317143987,3.2907734028870284,3.8332938267235552,3.8146740256192073,3.7342905872740193
M05_20240730:49,M05,M05_20240730,2.4668926955902037,2.2366822263475843,2.7227567317860175,3.0157466043112944,3.1242504436470586
M05_20240730:50,M05,M05_20240730,7.125162209747384,3.8473025985712277,6.103805338350845,5.785441578108554,5.649260364956428
M05_20240730:51,M05,M05_20240730,2.068171721524234,3.0907799184291753,3.394356118590085,3.4325907251703294,3.4512643330488677
M05_20240730:52,M05,M05_20240730,9.147333938476871,6.5064323076421875,7.276012896317373,7.153152186803952,7.095931081601064
M05_20240730:53,M05,M05_20240730,4.293306468035973,2.281945045395189,3.3274213520690625,3.103609090273582,2.952415086328953
M05_20240730:54,M05,M05_20240730,3.246267407286541,3.461977913399414,2.9420977748801915,2.9312179692858003,2.8010036656575683
M05_20240730:55,M05,M05_20240730,1.5165431166759578,1.6945857387078536,3.3319807379720516,3.357204600312508,3.207103982181814
M05_20240730:56,M05,M05_20240730,2.8841048977989376,3.0921548842903945,3.088081607044704,3.1283986764843448,3.1485826893945834
M05_20240730:57,M05,M05_20240730,3.1160054514745283,2.585544788617684,3.184534009894537,3.2535446462421103,3.2728497809085306
M05_20240730:58,M05,M05_20240730,7.972922649943776,5.227106656935835,6.3666270517714505,5.960584361519283,5.734069848637951
M05_20240730:59,M05,M05_20240730,2.76043404548169,4.579597405976917,4.422897213965686,4.366983416021331,4.312303018731156
M05_20240730:60,M05,M05_20240730,9.74464752597594,2.965143750392721,3.182626987653399,3.1400099902740974,3.1111459432569397
M05_20240730:61,M05,M05_20240730,8.80107035506428,5.9244030095933,7.082620729715353,6.997305535122715,7.106676892180806
M05_20240730:62,M05,M05_20240730,1.875889370497317,3.5101324556178826,4.446392002327309,4.425333793226761,4.461970075946903
M05_20240730:63,M05,M05_20240730,9.094607538723606,4.164749306941839,4.257131607738577,4.1329939080691664,4.005689473134735
M05_20240730:64,M05,M05_20240730,0.6256722086344542,2.498143002818479,3.86029546234743,3.8799993534979067,3.9466394837118575
M05_20240730:65,M05,M05_20240730,0.5038337430620802,1.8544172279743272,2.2628725239704113,2.2179260315366243,2.2426437677066984
M05_20240730:66,M05,M05_20240730,0.346430198499464,1.204913828554524,-0.11497924185940445,0.012599401592621184,0.1149313250735613
M05_20240730:67,M05,M05_20240730,0.5206647653654374,4.133853844615753,4.046460025189253,3.741154673567288,3.741945495556788
M05_20240730:68,M05,M05_20240730,1.5038143446535173,2.2958781635457397,1.9635498282020452,1.554539780118109,1.4310176824898364
M05_20240730:69,M05,M05_20240730,0.6927605477120077,2.1737504912857246,1.3779381773482662,1.2770056179713052,1.3404316247670156
M05_20240730:70,M05,M05_20240730,1.606625988774072,2.7279837507696163,3.0755791900536735,2.7400783635227626,2.5301217073121514
M05_20240730:71,M05,M05_20240730,8.139477189592272,5.245046249959032,5.442454316886046,5.160769025616179,5.115998536075593
M05_20240730:72,M05,M05_20240730,2.365563445294095,5.732623562584637,6.536995319444189,6.425675191591946,6.400153350445928
M05_20240730:73,M05,M05_20240730,2.6462083904232223,3.615102745472125,4.005678675141782,4.222288365936903,4.180215053395762
M05_20240730:74,M05,M05_20240730,9.037166576441814,5.337000910573839,7.119633524313728,7.135300107145609,7.004635313169588
M05_20240730:75,M05,M05_20240730,1.7977509674854464,4.333039007867393,4.77972614645908,4.446517110689246,4.2573252631804674
M05_20240730:76,M05,M05_20240730,7.805037421650828,4.672678228962781,5.175605928852637,4.954497902791133,4.915515081359338
M05_20240730:77,M05,M05_20240730,0.4625299726621248,1.8840972611319353,1.8198208029909408,1.9569658586870653,2.0434322168475925
M05_20240730:78,M05,M05_20240730,0.4264131821462396,4.173522926065133,4.012548029064011,4.213779693535989,4.226643804904873
M05_20240730:79,M05,M05_20240730,1.1485485476945183,4.319494827668203,4.594123439455578,4.482795575679859,4.332547540710032
M05_20240730:80,M05,M05_20240730,9.279953699089875,4.808727442102307,5.782239256711905,5.663428489218326,5.486021730378285
M05_20240730:81,M05,M05_20240730,2.0353656414854537,3.6685649869926378,4.1126361539970295,4.077397191539423,3.9455685052526377
M05_20240730:82,M05,M05_20240730,9.206489797309004,3.81342027378495,4.728715664263972,4.622186372988422,4.477770799141567
M05_20240730:83,M05,M05_20240730,1.3092376402863193,5.472594042124223,5.233405993641304,5.325841699520974,5.373500113392609
M05_20240730:84,M05,M05_20240730,2.8154040061861045,4.487015656046624,6.106853515878017,5.851551193615251,5.684966635008436
M05_20240730:85,M05,M05_20240730,9.59988620427039,3.3943686303983314,2.4157935373547543,2.4931591205515993,2.5633730186351182
M05_20240730:86,M05,M05_20240730,0.21436089144130688,1.5918085712697714,1.5675054711782446,1.3959680386591389,1.4698836756815696
M05_20240730:87,M05,M05_20240730,2.272183188708379,3.799044250291459,3.591015962984188,3.5506808448552816,3.5118153982813602
M05_20240730:88,M05,M05_20240730,4.570315887321873,4.336154797516075,4.7932285373193775,4.8067628421074176,4.783769978797341
M05_20240730:89,M05,M05_20240730,6.821753998979911,5.174747828144227,5.191699358868988,4.868985375816611,4.777895178110739
M05_20240730:90,M05,M05_20240730,0.9588805788697913,2.982386544957637,4.307584875919294,4.322930517149258,4.1597731833118
M05_20240730:91,M05,M05_20240730,2.6804346533601904,3.0162968548795535,3.758767267984329,3.7009019557437557,3.7850353625303548
M05_20240730:92,M05,M05_20240730,7.789051823395712,4.648925587517247,4.756294545699305,4.901171038557385,4.8701543834262475
M05_20240730:93,M05,M05_20240730,3.7083560155321194,1.9025395401488256,3.1637596956202154,3.160682829407321,2.974320965259947
M05_20240730:94,M05,M05_20240730,8.305809068216565,2.8822139260385375,4.10136641686581,4.11661366062011,4.077559220051398
M05_20240730:95,M05,M05_20240730,1.4433478354327038,2.1227334657046097,2.8355842014140094,2.8737136400397647,2.7629112591229195
M05_20240730:96,M05,M05_20240730,6.247932856506061,5.746731774322641,6.289217202927672,6.216086746768993,6.12896976667237
M05_20240730:97,M05,M05_20240730,3.28125176116649,3.553215651566326,3.6966817685857225,3.4650437905617286,3.4162996193167583
M05_20240730:98,M05,M05_20240730,9.606366550732533,3.681232984077993,3.7809236079311477,3.8985657880113775,3.9834609766463056
M05_20240730:99,M05,M05_20240730,3.9863019263417003,4.973967270982369,6.334974228920616,6.123793896489759,6.094974133693194
M05_20240730:100,M05,M05_20240730,6.550730945439142,4.1909802033269,4.095346912465523,4.1480058442252,4.048194101676793
M05_20240730:101,M05,M05_20240730,10.647834830729437,3.00564532902131,3.6062790957289663,3.4915314005159397,3.461857563404017
M05_20240730:102,M05,M05_20240730,1.0168642430728025,4.662122546686456,5.049141546726017,5.02192186465523,4.9061491549987135
M05_20240730:103,M05,M05_20240730,1.2827990957848403,3.61018325519091,3.4447260721965893,3.374394983834499,3.433061183172633
M05_20240730:104,M05,M05_20240730,6.472419736614761,3.3612635079834643,3.5848374368946505,3.658061980502369,3.68615526896572
M05_20240730:105,M05,M05_20240730,4.229725372378139,4.810001960711959,5.105958776929884,5.167991133378694,5.126814987602118
M05_20240730:106,M05,M05_20240730,2.4114203395505647,1.800477652413166,1.787247636793623,1.8217392221224444,1.8970341644275792
M05_20240730:107,M05,M05_20240730,3.8725453523155124,2.9342338751495705,3.7269809364195723,3.5545947336932686,3.3554038255542986
M05_20240730:108,M05,M05_20240730,9.46121621488437,3.8648661458220985,5.122586008087019,5.044474892268848,5.084509277312497
M05_20240730:109,M05,M05_20240730,9.197402348077194,5.711518424955724,6.3083711154713,6.243393459896357,6.027269135640062
M05_20240730:110,M05,M05_20240730,9.769435881758001,3.138141491471479,3.296458589290453,3.163424363831494,3.0843143451894712
M05_20240730:111,M05,M05_20240730,9.518210237455174,4.055641960321692,5.047729663768884,4.901832311408384,4.881036503183875
M05_20240730:112,M05,M05_20240730,0.7960081235715529,2.3567201649759206,2.187119514768991,2.2625665564212323,2.2255093729560125
M05_20240730:113,M05,M05_20240730,1.0399400408466797,3.7939250616540523,4.256670365384952,4.035464150423607,4.000222642966636
M05_20240730:114,M05,M05_20240730,1.438317709339367,2.631266061156561,2.3784231753562275,2.401741172389047,2.4431941535087716
M05_20240730:115,M05,M05_20240730,1.5351395042977625,3.2755052051247047,3.1776324874661324,3.304915657472712,3.2996120039029972
M05_20240730:116,M05,M05_20240730,8.157547721113731,4.069327839695317,4.4904436687508635,4.337412030927257,4.370594970909057
M05_20240730:117,M05,M05_20240730,2.806670672644035,3.391623485585151,2.8060365617352314,2.813543067561688,2.956879759233446
M05_20240730:118,M05,M05_20240730,10.357545861855264,3.1390009087305293,3.110673796105856,3.403624793279058,3.406018261340515
M05_20240730:119,M05,M05_20240730,2.028488481143756,3.2996545643753032,4.1011752974976075,3.920735219256052,3.8322244634492484
M05_20240730:120,M05,M05_20240730,3.289269097878157,3.9935153679890454,5.530987061550562,5.37745585545779,5.13248340866929
M05_20240730:121,M05,M05_20240730,8.946763042632409,5.0106925176034665,5.87732858369551,5.820302780370311,5.739866149726627
M05_20240730:122,M05,M05_20240730,9.44432219653752,3.682904943729455,5.182462446357425,5.2922189095091,5.1620252287973685
M05_20240730:123,M05,M05_20240730,1.9100509057204968,4.361214354120808,4.150535795400085,4.246505020736192,4.424107836758212
M05_20240730:124,M05,M05_20240730,8.214438876297784,4.926566532272661,5.112373737779656,4.957835137142656,4.8929713410785025
M05_20240730:125,M05,M05_20240730,1.0148464982955236,3.93543733515491,4.225210602111599,4.439539730483617,4.569438881811923
M05_20240730:126,M05,M05_20240730,11.885124972206171,2.7295161882895664,3.2023209182246912,3.1267835970495534,2.933452416251504
M05_20240730:127,M05,M05_20240730,4.7211309726404505,3.754592230844314,4.855767772332426,4.905118579728452,4.936010247630035
M05_20240730:128,M05,M05_20240730,1.4181953890465346,3.8913873052945878,3.4200859998340936,3.314480161317438,3.230295617452878
M05_20240730:129,M05,M05_20240730,2.3632102849239427,1.9373431267781243,2.4827892340514817,2.4366239175778386,2.260116457588495
M05_20240730:130,M05,M05_20240730,2.8300867963674907,2.7198939398915525,2.121756725228117,2.2503013043878974,2.2330556068214604
M05_20240730:131,M05,M05_20240730,4.886747992831419,2.8333716287579542,2.621402713526591,2.82319789179799,2.8205566307104224
M05_20240730:132,M05,M05_20240730,5.297272190752287,3.161277275963827,3.421203296012991,3.430191378683628,3.345538963420227
M05_20240730:133,M05,M05_20240730,4.00867232223517,3.1267361579447592,4.086267030893844,4.195734694031173,4.2021389817157635
M05_20240730:134,M05,M05_20240730,7.632659888730442,5.0867690611022125,6.159839797475169,6.111513470783484,5.975854242924269
M05_20240730:135,M05,M05_20240730,3.0664181588278887,3.15370832964679,2.826568046734398,2.9372207739998313,2.944833596834083
M05_20240730:136,M05,M05_20240730,1.605623572523523,1.5508776230316785,2.305116786379383,2.140299155937423,2.102217969749289
M05_20240730:137,M05,M05_20240730,6.807940904211554,4.048936006247967,4.185025408271579,4.090419160501535,4.013751984629385
M05_20240730:138,M05,M05_20240730,11.419191866344532,2.798570163164469,3.6635340534160177,3.6278443824528797,3.507829712088561
M05_20240730:139,M05,M05_20240730,2.6387303715654205,3.6077074113828056,3.403789937067999,3.2443908035129336,3.2879720531840144
M05_20240730:140,M05,M05_20240730,1.6255380288976682,1.609850597202107,2.2827508024864547,2.306239146960091,2.1457247927625573
M05_20240730:141,M05,M05_20240730,2.781884373734097,2.939274988666396,3.158228311830579,3.157260965060388,3.1645973721857583
M05_20240730:142,M05,M05_20240730,5.702570800011796,3.2178135583945187,3.131625396836916,3.2093202579611777,3.2002617814281464
M05_20240730:143,M05,M05_20240730,3.278672585606606,4.1642079973364705,6.274716974575979,6.0096653907986735,5.89519314440727
M05_20240730:144,M05,M05_20240730,6.779080404345494,4.181539393322422,5.283572932896004,4.956123371713684,4.833692008192763
M05_20240730:145,M05,M05_20240730,4.159910870950652,5.631803675460685,6.002861619672548,5.941082605922894,5.926706992838579
M05_20240730:146,M05,M05_20240730,2.209446184953818,3.1334405573791138,3.1491513212671705,2.826890742534875,2.875818478720991
M05_20240730:147,M05,M05_20240730,6.95697653696064,4.158079428707421,4.891502987439231,4.591052380003058,4.461954744694004
M05_20240730:148,M05,M05_20240730,5.035126960780117,4.834664515475958,6.167752935225767,5.961679092057706,5.674542606238173
M05_20240730:149,M05,M05_20240730,2.308008476560609,1.9775409541082052,2.7273663013721734,2.8544129461071948,2.8350788389056336
M05_20240730:150,M05,M05_20240730,6.220926825029145,3.5133632072463454,4.111856856511578,4.121585546580025,4.1588933611745835
M05_20240730:151,M05,M05_20240730,3.989495503386802,4.533239635738725,4.475848811778496,4.3908232712180375,4.361617003421751
M05_20240730:152,M05,M05_20240730,5.074429239541089,2.1906067183991005,3.4894977580309656,3.329569391236999,3.291482569209699
M05_20240730:153,M05,M05_20240730,7.84643755956278,5.528342792875092,5.495237138467619,5.459083176828965,5.448459208770755
M05_20240730:154,M05,M05_20240730,1.7645195360542119,3.1160992136582033,3.6516097515576518,3.7613137882598,3.6111892600130995
M05_20240730:155,M05,M05_20240730,8.66336137321996,3.9515171376682905,3.678577003661662,3.5641359917050783,3.5449368437528346
M05_20240730:156,M05,M05_20240730,3.153906730938147,5.045175812329813,5.889274003853262,5.6399157844291725,5.563038723239558
M05_20240730:157,M05,M05_20240730,2.15321739683261,3.6667407564627204,4.749998773459553,4.689935139814183,4.509570048609266
M05_20240730:158,M05,M05_20240730,1.5135816684703765,3.56251290444881,4.433777825737913,4.257603919891709,4.258894430618783
M05_20240730:159,M05,M05_20240730,3.9536497364586993,3.195219974734356,3.2840312025736966,3.332921417291464,3.413182337056895
M05_20240730:160,M05,M05_20240730,3.197323153786536,3.000153053600601,3.7244429492241258,3.6784385017941195,3.659880944209376
M05_20240730:161,M05,M05_20240730,7.925189642249148,2.9664738486777367,3.9536047562924135,3.8757284149868436,3.780985240627791
M05_20240730:162,M05,M05_20240730,4.7862920797045065,2.6822641110172487,2.874738489333086,2.940972083875997,2.9014705984564526
M05_20240730:163,M05,M05_20240730,6.1042158652918115,4.271290179872649,4.383454886766125,4.165189079959487,4.014150569657458
M05_20240730:164,M05,M05_20240730,2.236509879717777,3.328942228783231,3.195448350489817,3.0814818341156323,3.0530958529869965
M05_20240730:165,M05,M05_20240730,4.432922024142953,4.960841160263472,6.102284417307624,6.156190809865348,6.151894602305454
M05_20240730:166,M05,M05_20240730,5.699517955582758,4.083441722457634,4.974352328057515,4.956405023103399,4.927684500248657
M05_20240730:167,M05,M05_20240730,1.4227105957998454,2.3607602636096923,2.695502435235829,2.8050484294973232,2.8580881697589846
M05_20240730:168,M05,M05_20240730,1.5259225067563267,2.67328709893155,4.0435838563508835,3.941989263221182,3.8539942862173326
M05_20240730:169,M05,M05_20240730,0.6380814102357986,2.708405298612077,3.0492821013373703,3.0686234827603496,3.0443886494698282
M05_20240730:170,M05,M05_20240730,2.614406489443445,2.3328074493506796,2.1547366002807715,2.5376830914281867,2.645070807032975
M05_20240730:171,M05,M05_20240730,1.0948622652823732,3.463424556528092,4.098225493507202,4.051031126532234,3.9823260674291863
M05_20240730:172,M05,M05_20240730,0.7394129852167671,2.7553637226553507,3.358537699497854,3.5860892493739427,3.525048977482961
M05_20240730:173,M05,M05_20240730,1.0561531063993899,3.5327237166566854,4.518644678331219,4.236126645268012,4.028859503795513
M05_20240730:174,M05,M05_20240730,1.5167297717217954,3.3875851332028972,3.891557455810961,4.085257929033444,3.9781555238667767
M05_20240730:175,M05,M05_20240730,1.8619572054948157,4.230586316559204,4.837918211269713,4.820598318468507,4.849399942497983
M05_20240730:176,M05,M05_20240730,1.6419619871093496,3.445465957373812,4.381930775943337,4.521621767935256,4.45977084672825
M05_20240730:177,M05,M05_20240730,1.07208031352988,2.1352989950540793,1.8551269678773057,1.7901859083319835,1.8190102361251945
M05_20240730:178,M05,M05_20240730,10.159981358043709,2.4584836620377044,4.129284059841181,3.9838438223376933,3.8841733025338696
M05_20240730:179,M05,M05_20240730,3.0992305502406023,1.5641446211047012,2.403129980884445,2.308413775502239,2.180723430650528
M05_20240730:180,M05,M05_20240730,0.6580127506099324,3.320131569197138,3.0011631493591713,2.6614128465172966,2.6475930969978547
M05_20240730:181,M05,M05_20240730,3.9033388492974708,3.7942966016450566,4.773023968836169,4.525745296359988,4.4870777578905034
M05_20240730:182,M05,M05_20240730,3.2404416877014364,2.066021925685703,3.3785950015500457,3.1068016014869935,2.9040176024895468
M05_20240730:183,M05,M05_20240730,9.922469177946171,4.625826158469958,5.972441890112356,5.743164805525976,5.5563491598461106
M05_20240730:184,M05,M05_20240730,4.515777257121377,3.4521430692497015,3.3279729661770014,3.4642560400350666,3.456462753582681
M05_20240730:185,M05,M05_20240730,4.605043813493287,3.3542600467994825,3.6050079692575694,3.141699521289505,2.9504075816594257
M05_20240730:186,M05,M05_20240730,3.621169940954308,1.6643207502259214,3.450296813698293,3.1480551311307794,3.027472783194409
M05_20240730:187,M05,M05_20240730,9.82498459791176,3.378188170447835,2.8468985681560697,3.103077913872771,3.018754779352199
M05_20240730:188,M05,M05_20240730,1.7183481896366826,4.237040248696999,3.4860748562596404,3.49563461701117,3.4461837651724894
M05_20240730:189,M05,M05_20240730,2.342992871712566,1.8009274608137948,1.9850139500397521,1.9263482286917055,1.844540633240689
M05_20240730:190,M05,M05_20240730,5.813742417893276,5.532329129790355,5.351185163235767,5.162737447291493,5.1386058424010015
M05_20240730:191,M05,M05_20240730,3.803239517776361,3.0904893429492457,3.760184974936172,3.5456653105965192,3.454020943875543
M05_20240730:192,M05,M05_20240730,2.2158037674385196,4.104079259445064,4.8654934410763016,4.740285154873735,4.611004545763275
M05_20240730:193,M05,M05_20240730,10.773765142068546,2.726261101121147,3.487459978263744,3.3671266792849917,3.249306458778616
M05_20240730:194,M05,M05_20240730,1.209554663611684,3.705039387955054,2.9738588334767835,2.9557039828073712,3.1644089825088493
M05_20240730:195,M05,M05_20240730,2.099953632535852,2.724657337736267,3.0449308830018884,3.1738343110378473,3.1595194700708875
M05_20240730:196,M05,M05_20240730,3.790772268605132,4.932270242422634,5.611041103966908,5.526211974396779,5.442300583088105
M05_20240730:197,M05,M05_20240730,2.8123539740462276,4.044081092023485,5.757409995637572,5.523461123333987,5.219168458153224
M05_20240730:198,M05,M05_20240730,3.8875829253001988,2.4207146908540906,2.989548549712314,2.976629029859215,2.8577337860730476
M05_20240730:199,M05,M05_20240730,6.721177125263207,4.137311431519246,4.846936034409859,4.868378004772031,4.813457773430035
M05_20240730:200,M05,M05_20240730,1.3631970623961083,3.2657348035789955,4.011057638820945,3.8160222024588144,3.6885457681820606
M05_20240730:201,M05,M05_20240730,3.638271367550707,3.005452420601152,3.186595934356562,3.413036939191842,3.3004610390999836
M05_20240730:202,M05,M05_20240730,7.702125260614573,4.190561110322223,4.031932112890502,4.19697957644142,4.200294894031697
M05_20240730:203,M05,M05_20240730,0.622930866615306,1.5737651705207063,0.14448235509788443,0.20090896900674426,0.17845116221455104
M05_20240730:204,M05,M05_20240730,1.6519076002638087,1.7216857750076784,0.9241458226865769,1.1026381601563333,1.0193113803707012
M05_20240730:205,M05,M05_20240730,2.931591923100535,2.7140259096165664,3.5181926857818153,3.0663695398043225,2.9941156889551945
M05_20240730:206,M05,M05_20240730,3.6396038056794295,3.729795492366881,3.248893606547062,3.3665108155230357,3.3971637389927283
M05_20240730:207,M05,M05_20240730,2.030175421365744,2.6902613506602715,2.395113991810666,2.422758614897373,2.4866909010391556
M05_20240730:208,M05,M05_20240730,6.3515194272960604,3.5884538602839573,5.376054017304744,5.1075168427744675,4.913468375221803
M05_20240730:209,M05,M05_20240730,4.7496253003861675,3.246678372701896,2.6892672217455846,2.756189157888208,2.733975904993979
M05_20240730:210,M05,M05_20240730,2.8087825965945346,3.498282590682711,3.4913579330634272,3.4177285561388917,3.4113609997128718
M05_20240730:211,M05,M05_20240730,2.282993141696036,3.72665012342524,4.633141271294025,4.6667608519935495,4.5990959830671825
M05_20240730:212,M05,M05_20240730,3.5217591283368046,3.095749500607633,2.769545341448559,2.7454629716178136,2.7894837698984447
M05_20240730:213,M05,M05_20240730,8.477740349905556,3.920767893373824,5.907704570495127,5.575820634594175,5.423674420395577
M05_20240730:214,M05,M05_20240730,10.755424506187804,2.826326722927891,3.451265514431925,3.3673972607359035,3.2591961882341383
M05_20240730:215,M05,M05_20240730,0.9578644904540659,2.266389700749544,3.316941884288121,3.201994978885881,3.0781875806988475
M05_20240730:216,M05,M05_20240730,1.4222714047045746,2.5192683290920566,2.6674661844173744,2.6468422835878473,2.6663359157730193
M05_20240730:217,M05,M05_20240730,1.8149966561149222,2.83253874603294,2.962213976884822,2.862889147981166,2.8494402129752996
M05_20240730:218,M05,M05_20240730,1.2239943564388007,3.172761394329179,3.586722264439624,3.4261924088106257,3.2534652171680003
M05_20240730:219,M05,M05_20240730,2.4756157401601824,3.6208960047598566,4.193064097107327,4.152154940358236,3.988854000746276
M05_20240730:220,M05,M05_20240730,2.4130582705521726,2.6773522917089405,2.5149169259843833,2.84582384211841,2.787694354697875
M05_20240730:221,M05,M05_20240730,0.8289183245061832,3.1612684017135693,3.73386235255109,3.779491685191328,3.716311390247831
M05_20240730:222,M05,M05_20240730,1.117595839790567,2.2912737764888673,2.8033796576336356,2.806089381747319,2.8441717285371366
M05_20240730:223,M05,M05_20240730,0.9438257985485263,2.2142088464835026,2.08086236976263,1.8464296448764488,1.7960772028185161
M05_20240730:224,M05,M05_20240730,1.7322177951488344,3.4413288008308616,3.2291882954372118,3.228299637388389,3.2348922219905134
M05_20240730:225,M05,M05_20240730,1.127883583805783,4.217748724115601,4.02831820331573,3.884568182752195,3.92176397615649
M05_20240730:226,M05,M05_20240730,2.785355102475155,3.2399916358351057,3.9096144306778733,3.9034821915793945,3.9150732972413307
M05_20240730:227,M05,M05_20240730,2.2092726053453755,3.2537278145583937,4.049513966644526,3.8697730952736276,3.8512837142513967
M05_20240730:228,M05,M05_20240730,1.7522199406488015,3.252158846345912,3.9606424196140653,3.8688772641797375,3.7258678731594403
M05_20240730:229,M05,M05_20240730,4.064624732859086,2.055115903961083,2.173608859638399,2.5121346803049933,2.6303545191696496
M05_20240730:230,M05,M05_20240730,2.4239608817250664,3.2315403807729,4.339525450118893,4.292364768376925,4.13747551369638
M05_20240730:231,M05,M05_20240730,4.6488008682301025,2.5876868711958974,3.450293355037238,3.515047808257729,3.4127353341678037
M05_20240730:232,M05,M05_20240730,6.11865798598367,3.42685317215944,3.7755675733908705,3.65341850163648,3.6019993340096326
M05_20240730:233,M05,M05_20240730,9.55048352576827,4.478534348056661,5.300783230734809,5.095155286980339,4.770363040374904
M05_20240730:234,M05,M05_20240730,11.344332525159361,4.125450923704343,5.136092309175756,5.243374740794749,5.021877095274767
M05_20240730:235,M05,M05_20240730,10.457800547274108,4.973351650912514,5.236389811579422,4.834978153601056,4.6564628597336
M05_20240731:0,M05,M05_20240731,3.3874064074877652,3.4262316388200467,3.6824943311990657,3.448813685394611,3.3683840937543374
M05_20240731:1,M05,M05_20240731,5.840280163979522,3.953049849533789,2.471573594072925,2.2950833712502003,2.3182324951925084
M05_20240731:2,M05,M05_20240731,8.363259552435737,4.177315975575409,3.2464300667313237,2.9321549650745204,2.842473108429044
M05_20240731:3,M05,M05_20240731,7.599248335573844,2.7896307129917814,2.037048370083163,2.0952917274923255,2.0852990817848505
M05_20240731:4,M05,M05_20240731,5.089698169809469,2.69460425137369,2.7481006112444843,2.473228069060888,2.2488839816566424
M05_20240731:5,M05,M05_20240731,7.4287648218360385,4.839286932289901,4.163643444508099,3.7641195790048148,3.5630926672356673
M05_20240731:6,M05,M05_20240731,5.414587611017876,3.4258627266362454,4.192793712892945,4.101659712357277,4.002497880008438
M05_20240731:7,M05,M05_20240731,8.100606077643192,2.736265049258118,2.5948112128227794,2.2596713331149267,2.103408733762372
M05_20240731:8,M05,M05_20240731,3.952889083293767,2.561319133948127,2.761857518945921,3.0406048713823735,3.138427757814606
M05_20240731:9,M05,M05_20240731,0.987601499856498,2.045740432883084,1.3576897714094138,1.0110803197590545,0.9508768602370044
M05_20240731:10,M05,M05_20240731,1.8643021526871846,2.77252055457819,3.166265427453109,2.674135130583838,2.4052344437450843
M05_20240731:11,M05,M05_20240731,10.230613197796119,4.801069356706448,5.298428178362166,5.07883315954935,4.88025817775916
M05_20240731:12,M05,M05_20240731,1.957613965369515,3.795637901629627,3.5655906963697594,3.622315367469463,3.633840154636272
M05_20240731:13,M05,M05_20240731,1.0120178459733973,2.529427324152036,2.559704917120653,2.471678374448369,2.2698281678985626
M05_20240731:14,M05,M05_20240731,2.6428253891696856,3.2117922217338024,3.7503574332810894,3.7143243327977955,3.697643875181639
M05_20240731:15,M05,M05_20240731,6.2626469129035165,3.6041066976950096,4.284741477215972,4.244624496519741,4.192689263054201
M05_20240731:16,M05,M05_20240731,7.982339198293672,4.115775035548181,4.257923154611659,4.187341819600979,4.153743834789056
M05_20240731:17,M05,M05_20240731,0.7593694492421369,3.3748030299651472,2.776395458969182,2.9605541874852745,3.1269634227476084
M05_20240731:18,M05,M05_20240731,0.6370437577548239,4.057115749740166,4.23468075502689,4.1120925180244186,4.061419639167636
M05_20240731:19,M05,M05_20240731,0.49183158036098656,3.183972646823163,3.5844164349992558,3.303220857254396,3.2321087277035896
M05_20240731:20,M05,M05_20240731,0.8083974696863417,3.7240517244462614,2.1105552856110217,2.2654492626120044,2.3409606440947908
M05_20240731:21,M05,M05_20240731,1.33917218951273,3.410580934445078,4.095555035465091,4.145436181048147,3.9935749425555684
M05_20240731:22,M05,M05_20240731,2.1897354012808874,5.035059322988339,5.868657213778161,5.711462120841143,5.547424133640301
M05_20240731:23,M05,M05_20240731,9.27592569889396,4.734055051806856,4.598731334225923,4.794373445473868,4.708007561760358
M05_20240731:24,M05,M05_20240731,2.203357116681896,2.734192843643727,3.493782835760228,3.416052258264015,3.4571512763580032
M05_20240731:25,M05,M05_20240731,1.1174355584959115,3.250477605717638,3.2147080490591464,3.025090612950146,3.0447890113549674
M05_20240731:26,M05,M05_20240731,2.282032112494936,3.0281407273449874,3.4518412153212727,3.3253785030061067,3.139342012426252
M05_20240731:27,M05,M05_20240731,9.05906569650218,4.944867561081121,5.711799150194109,5.488628516021723,5.426935428498803
M05_20240731:28,M05,M05_20240731,3.0006241821749526,3.1387271990889394,3.6094980029786012,3.7436618034453204,3.653448154144204
M05_20240731:29,M05,M05_20240731,5.888197262736568,6.005111885711614,6.0333592510202845,5.815470324822467,5.703849917806561
M05_20240731:30,M05,M05_20240731,5.585729571863641,3.3842103620550965,3.6505732162923072,3.6743738173316,3.564898937007821
M05_20240731:31,M05,M05_20240731,0.8430844884491329,3.863282559726339,3.949280405255437,4.074073977551061,4.080802270002279
M05_20240731:32,M05,M05_20240731,8.944617344692208,6.3430836123130945,6.267852992366901,6.211004214599626,6.225689203002177
M05_20240731:33,M05,M05_20240731,3.024978252279311,3.995899641681042,4.8018807995282025,4.623882909543304,4.59470738736175
M05_20240731:34,M05,M05_20240731,6.173227128923415,3.9561907282575604,3.285607737361837,3.056474762916797,2.966996621869405
M05_20240731:35,M05,M05_20240731,6.087034181620696,2.9627279385008016,2.9407296747730207,3.0551398607845615,2.9275205704531952
M05_20240731:36,M05,M05_20240731,1.2218911921745599,4.248610513934518,4.075052681433587,3.976273129770942,3.9579720656371915
M05_20240731:37,M05,M05_20240731,10.634224335718782,3.6065203302535633,3.8595942714872913,3.7631206045703456,3.712612787982697
M05_20240731:38,M05,M05_20240731,1.7246835685974096,4.446694125584467,4.543304996076438,4.47725627412805,4.478433786226985
M05_20240731:39,M05,M05_20240731,7.77185957323052,3.7595958210004383,4.567653782420703,4.3187443234225675,4.122981168093031
M05_20240731:40,M05,M05_20240731,4.719507628501576,2.9946114591079347,4.142149029473684,4.018643332573449,3.9083013426777637
M05_20240731:41,M05,M05_20240731,5.401296096472768,4.4026892684031695,4.71415643768219,4.712276287558875,4.652163275791293
M05_20240731:42,M05,M05_20240731,9.974575954756315,0.48530378783233363,-0.0029266146332584952,0.2997758991575985,0.35166733556415863
M05_20240731:43,M05,M05_20240731,0.20529310420445723,0.6355132124780161,-0.28852026933169217,0.07891409553208462,0.09950260539246081
M05_20240731:44,M05,M05_20240731,1.0947565880539574,4.0925340284288225,4.83223875516198,4.9138403178434835,4.857360126973757
M05_20240731:45,M05,M05_20240731,1.6137767672404877,4.312418164843458,4.8177896347550435,4.94606587244721,4.789125689505061
M05_20240731:46,M05,M05_20240731,1.1862611146820412,2.9081033285852267,2.7667150021248723,2.61820857949553,2.6333305842059254
M05_20240731:47,M05,M05_20240731,2.9796330713454817,5.6770366295527985,4.6295081706499435,4.786827329938065,4.8172697342163175
M05_20240731:48,M05,M05_20240731,8.31107991784141,3.039005078610577,3.6185458246490256,3.4864245600377797,3.4221242810597574
M05_20240731:49,M05,M05_20240731,1.978992399616053,4.05772273727705,4.676554444211569,4.721098945299847,4.658272003227651
M05_20240731:50,M05,M05_20240731,10.104918374624102,2.158162258008358,2.4302629392963127,2.0274264167780274,1.727527391976599
M05_20240731:51,M05,M05_20240731,0.8557058265468341,1.7902864591707415,2.765091012582184,2.8477355988941806,2.644796413043728
M05_20240731:52,M05,M05_20240731,0.8789626610505598,2.8961511635406376,3.245706028632042,3.107013108071426,3.037184142297926
M05_20240731:53,M05,M05_20240731,1.3519517235030731,2.9368014957442057,2.525560336288205,2.429479277736555,2.472478509242781
M05_20240731:54,M05,M05_20240731,10.768162337625988,3.9840328827021665,4.555092082275502,4.297724441421508,4.133753549068569
M05_20240731:55,M05,M05_20240731,1.7544186707144513,3.2766649001691075,3.582724197117857,3.2963159570825438,3.119273852281605
M05_20240731:56,M05,M05_20240731,11.28512762877651,1.423252875116955,1.596145278059617,1.6942807975341516,1.6358901003259394
M05_20240731:57,M05,M05_20240731,0.16393261308324578,2.486028069547885,2.1419270839758777,2.2941837664093336,2.3742756219922034
M05_20240731:58,M05,M05_20240731,0.5252086406807822,2.668233355429898,2.89272830652628,2.8281945024250845,2.821435764483766
M05_20240731:59,M05,M05_20240731,0.6620546350189527,4.212206265341344,4.375654016716687,4.284594059892983,4.285627633686415
M05_20240731:60,M05,M05_20240731,2.382590702228509,4.542053379512625,4.786379334753864,4.66467136714365,4.6202411779513275
M05_20240731:61,M05,M05_20240731,9.805381621372343,3.7730692081803134,3.126020413010824,2.9860739612625453,3.0094128761451793
M05_20240731:62,M05,M05_20240731,1.5925197111203753,4.257923924368206,4.096751326115319,4.033666401141063,3.891939362227871
M05_20240731:63,M05,M05_20240731,7.551962296894305,4.476373121298937,4.224021764812049,4.213284151583542,4.355787542794936
M05_20240731:64,M05,M05_20240731,3.201742251171857,1.081257843299667,0.9011684785193288,1.073600256575193,1.1181924738986408
M05_20240731:65,M05,M05_20240731,0.1924653512655562,2.5163200516487008,3.08613398803804,3.113375390976469,3.0342834505121647
M05_20240731:66,M05,M05_20240731,0.8482397481111266,3.7656324640870107,4.641935655105049,4.509451527694834,4.433566358031152
M05_20240731:67,M05,M05_20240731,9.111714079073877,5.196533591648119,6.173813527592177,6.033280540725571,5.989113195102852
M05_20240731:68,M05,M05_20240731,2.505466064647695,4.423875391212115,4.73183759671405,4.609631936466836,4.545256249034095
M05_20240731:69,M05,M05_20240731,2.2620466469148965,4.2250113131378395,5.874974911542144,5.677504535958585,5.462805454699814
M05_20240731:70,M05,M05_20240731,11.518179052658349,2.3080879213259893,2.3717838978654555,2.206994025595416,2.201735256209833
M05_20240731:71,M05,M05_20240731,0.1508223818597211,1.3236328908849622,1.933706351488326,2.2226242508151235,2.2089994674177325
M05_20240731:72,M05,M05_20240731,0.3834006670078619,2.322769420644642,3.087906290277242,2.8624408926648774,2.639957344970718
M05_20240731:73,M05,M05_20240731,1.344663738387608,3.6143959111307504,4.394690728970627,4.202389562555737,3.970877566337089
M05_20240731:74,M05,M05_20240731,5.865328074359045,4.0827370368320395,4.7144862858531305,4.742343267484544,4.5453960309475185
M05_20240731:75,M05,M05_20240731,5.587934988204636,3.5275268457294415,3.4617052459643793,3.5054759672012414,3.480347650086458
M05_20240731:76,M05,M05_20240731,1.4892697297026445,2.2060463482800188,3.3565261604783685,3.2601371548643945,2.8603198633627307
M05_20240731:77,M05,M05_20240731,7.797710997029142,3.612465191846879,4.267103919439888,3.9893637545773606,3.8665381571411648
M05_20240731:78,M05,M05_20240731,3.856959755027046,3.7881485384978406,4.5577087880774005,4.474574239452319,4.266026281295056
M05_20240731:79,M05,M05_20240731,0.6872953346865668,2.8863389294651616,3.525449536468465,3.5428953866324147,3.452762241987526
M05_20240731:80,M05,M05_20240731,0.6209494375626149,3.331839880034271,2.582439644148278,2.4351265158653557,2.4142491432277113
M05_20240731:81,M05,M05_20240731,3.0708624347311915,4.366850546044407,5.021388192908029,4.893070219086464,4.738712839968491
M05_20240731:82,M05,M05_20240731,8.275183964500824,4.184847353999801,4.761403891683361,4.463803970455798,4.354327819764609
M05_20240731:83,M05,M05_20240731,10.653731274757803,3.769340319387841,3.8146927331671803,3.891552460525957,3.78821953999222
M05_20240731:84,M05,M05_20240731,0.23669750983886048,0.9989823614850502,0.9317094738083398,1.252983025805821,1.2719551624845113
M05_20240731:85,M05,M05_20240731,0.7614603974145921,3.81344380260389,4.540222096924008,4.569786171703283,4.429223393606691
M05_20240731:86,M05,M05_20240731,3.2809878561070382,4.549819989367976,5.007191801319736,4.850003077678794,4.834842438824433
M05_20240731:87,M05,M05_20240731,8.44271236471705,2.6961601510160342,1.3309544710171815,1.498137334027947,1.5993784318030224
M05_20240731:88,M05,M05_20240731,0.09340582540272531,2.3651516510155166,2.135640300810964,1.9801647770848492,2.0471557902880275
M05_20240731:89,M05,M05_20240731,6.108400889265404,3.717006475918958,4.334221617001325,4.097729118981321,3.942587906889194
M05_20240731:90,M05,M05_20240731,4.884794120343404,1.8741345127187627,1.7708000023415655,1.906647357009584,1.9699365827845292
M05_20240731:91,M05,M05_20240731,0.3268328935540796,2.538252360984187,3.1227786099220927,3.3431153711274355,3.248171661752013
M05_20240731:92,M05,M05_20240731,2.430040106121961,2.310867522546725,3.0975642867087925,3.0552727981457006,2.9874823865535642
M05_20240731:93,M05,M05_20240731,9.30717009482715,5.135708403892544,5.801540942669462,5.93608243267785,5.8712989546061465
M05_20240731:94,M05,M05_20240731,4.347994495660902,3.796734228894689,5.262349705336391,5.176896469305037,5.1747764500263544
M05_20240731:95,M05,M05_20240731,5.096965544163932,4.612183378087246,5.731646375710181,5.476660916784353,5.286931011877671
M05_20240731:96,M05,M05_20240731,6.418114489243157,0.8196525160849042,1.2326975422530109,1.4313472126374593,1.5327089208790219
M05_20240731:97,M05,M05_20240731,10.31772297524372,4.035340122701139,4.048398337246756,4.043041469085309,3.956915290947701
M05_20240731:98,M05,M05_20240731,0.13348390551861722,3.549228396627497,3.937318165789434,3.761553760493017,3.72941746961709
M05_20240731:99,M05,M05_20240731,0.11504964822063969,3.537602347606405,3.2341178549612426,3.0408275705537418,3.0868101862078197
M05_20240731:100,M05,M05_20240731,0.5663387358339614,3.366325298843125,3.0696579525247882,2.935197292090592,2.992406483897466
M05_20240731:101,M05,M05_20240731,0.7698316904725704,5.199203640194574,5.514876160966169,5.5594396408764855,5.5213947582166165
M05_20240731:102,M05,M05_20240731,10.2137019049586,2.082346090013487,2.915095640645376,3.0289531828340643,2.9995081416245206
M05_20240731:103,M05,M05_20240731,1.1592165675575483,2.149535820533728,2.8716628076987707,2.5558705429796267,2.4159340186350695
M05_20240731:104,M05,M05_20240731,9.732234466092414,4.491001540426294,5.737658491386098,5.6910898983806115,5.58395645966709
M05_20240731:105,M05,M05_20240731,2.9234773195954893,4.112409543625302,4.565825776218092,4.721185048319949,4.635041076221723
M05_20240731:106,M05,M05_20240731,4.558185734578772,3.9480748112096737,4.5578134263648815,4.534970160840111,4.5400246594007605
M05_20240731:107,M05,M05_20240731,8.450305473519393,2.5211878327680464,2.3612123691441695,2.285224679983274,2.3676864467260783
M05_20240731:108,M05,M05_20240731,3.3697249461513836,4.950926231856084,5.886741751824134,5.747773665166207,5.591772121299855
M05_20240731:109,M05,M05_20240731,8.52794190628222,4.657112489298069,4.773400122383659,4.565195883687204,4.572646526695844
M05_20240731:110,M05,M05_20240731,10.798772761339661,3.078143532026285,3.2469174138467354,3.1834016452194533,3.220650958036064
M05_20240731:111,M05,M05_20240731,11.303011971851582,3.9580577087264484,4.692978350355198,4.731421623321833,4.749596424863427
M05_20240731:112,M05,M05_20240731,9.730625625279815,0.9089265771627084,0.6423077865835456,0.7615821618453134,0.895277871908045
M05_20240731:113,M05,M05_20240731,0.5649806092500069,4.770165192027909,5.687782240174612,5.630430526233218,5.473748502184157
M05_20240731:114,M05,M05_20240731,10.939554659813082,4.430499734909985,4.645218274082773,4.667642931348284,4.558764848388136
M05_20240731:115,M05,M05_20240731,1.6234091769982903,5.203107359640476,5.545062362966874,5.458264931663579,5.401624342708849
M05_20240731:116,M05,M05_20240731,10.472142680460514,0.7307283476932085,2.0541461887102463,1.9699122987704198,1.8439698898931098
M05_20240731:117,M05,M05_20240731,0.8949956453357775,4.222993299014139,4.748640290138218,4.7312079585330595,4.559163868415048
M05_20240731:118,M05,M05_20240731,10.347375988713422,5.60274375083374,6.327450024834674,6.3026620870523615,6.29870623379927
M05_20240731:119,M05,M05_20240731,3.937327421923347,4.999858403422925,6.5557630614825815,6.619914073680665,6.427650818886011
M05_20240731:120,M05,M05_20240731,9.122498701793416,3.6820815251146466,4.056651059407923,4.33468073895723,4.278836205949623
M05_20240731:121,M05,M05_20240731,1.3373338818479878,4.89153811030381,5.364821877963736,5.433671905850428,5.32467840809402
M05_20240731:122,M05,M05_20240731,10.710608743243268,4.23848077812157,4.887704296931631,5.000009764035735,4.850021460776218
M05_20240731:123,M05,M05_20240731,8.220904881418486,4.598907414729776,5.6173004943190525,5.551595534101738,5.4572612813448655
M05_20240731:124,M05,M05_20240731,13.369668318241601,2.690046278151894,2.8542761300779986,2.8469187087862586,2.7458927488038984
M05_20240731:125,M05,M05_20240731,3.455776904079459,4.82347943185461,5.456484561434504,5.271156016965117,5.198273228245368
M05_20240731:126,M05,M05_20240731,9.193274410529686,2.3560736309236776,3.1436510403974545,3.1740894282035717,3.1571538128751326
M05_20240731:127,M05,M05_20240731,3.0279050133980046,4.445609977728307,3.946532656052486,3.897832557833465,3.8511009834363827
M05_20240731:128,M05,M05_20240731,9.294703055296885,4.815083419145301,5.820293036677484,5.807212063047828,5.69722914150071
M05_20240731:129,M05,M05_20240731,7.562925030992658,3.5840049119095605,3.5259177382344777,3.462854765552372,3.333421074170543
M05_20240731:130,M05,M05_20240731,3.9533553167959457,2.972016909792929,2.427772297027083,2.3242921138676897,2.298373009581655
M05_20240731:131,M05,M05_20240731,2.4071867782755976,4.777672022107204,5.409336479372442,5.231891369091519,5.1539225139592295
M05_20240731:132,M05,M05_20240731,9.806515859889835,4.042451603244588,5.273166669853618,5.31878468849381,5.234121437017658
M05_20240731:133,M05,M05_20240731,1.3879529451507482,3.7582100184139917,4.7602163157644535,4.477245099232675,4.254958879126508
M05_20240731:134,M05,M05_20240731,1.2946006852111793,3.9258577100201175,3.3056208673904344,3.4970162033426617,3.5603488357143407
M05_20240731:135,M05,M05_20240731,2.2469181951485067,5.037389955721788,5.925559695111081,5.776709797569914,5.744346459148469
M05_20240731:136,M05,M05_20240731,1.3103644948762199,3.2836177370986905,3.8347780966444405,3.778989885990013,3.6429939381908807
M05_20240731:137,M05,M05_20240731,2.0582424845213874,3.688337564547762,4.498265008490445,4.210275148368139,4.029008039260624
M05_20240731:138,M05,M05_20240731,9.045960396794014,3.60710297477246,4.4378853069080675,4.557166145773168,4.365939498650004
M05_20240731:139,M05,M05_20240731,0.7212493188493668,3.1804355379894593,3.292918465914754,3.103460928811493,3.109402378555497
M05_20240731:140,M05,M05_20240731,4.116356919932946,4.052542150361397,5.3981218281353325,5.658364596496387,5.626709679041209
M05_20240731:141,M05,M05_20240731,8.108367840754047,4.544480981429772,4.618557850227453,4.71205662856877,4.571656258493489
M05_20240731:142,M05,M05_20240731,11.076370048503744,2.5451514529332115,2.4517299162604322,2.4125126823280985,2.1591740410072533
M05_20240731:143,M05,M05_20240731,1.0063366360421417,5.212916330458606,6.134634315612063,5.840060505215084,5.694954199123012
M05_20240731:144,M05,M05_20240731,10.006492359089558,1.972278874576507,2.1954004591892353,2.0667712052865284,2.1140107642445507
M05_20240731:145,M05,M05_20240731,0.14807334485136067,2.340775041681246,2.8843714737839345,3.036551928152509,3.122375132430764
M05_20240731:146,M05,M05_20240731,0.33379569847616747,3.325863016098022,3.4493635593995715,3.3647708987134903,3.3602741079498397
M05_20240731:147,M05,M05_20240731,0.5905090155437185,5.079964868757498,4.619554511839921,4.772850276701149,4.924253769735125
M05_20240731:148,M05,M05_20240731,1.0525946530284935,4.9992857819646686,5.408918133298229,5.486828580726434,5.396449846074987
M05_20240731:149,M05,M05_20240731,8.386733958383113,2.943550410852887,3.30524864681423,3.218376071820738,3.0623385446648976
M05_20240731:150,M05,M05_20240731,3.122644342339072,2.891850387335973,3.3347891501588203,3.22973175176221,3.1745986090971194
M05_20240731:151,M05,M05_20240731,9.503540892020045,4.801367137917605,5.025259151049806,5.169742150887256,5.246143528387546
M05_20240731:152,M05,M05_20240731,2.8187602340257962,3.918190190526448,4.4734329462726405,4.233632256066677,4.017651456287656
M05_20240731:153,M05,M05_20240731,3.059994939016977,2.700393554617175,2.3963016235767025,2.4974298367260617,2.451462901509424
M05_20240731:154,M05,M05_20240731,8.662973743625239,2.1727230688516634,2.548038513826213,2.4824990323371874,2.349214176851444
M05_20240731:155,M05,M05_20240731,10.930645266896086,5.720561454461461,6.547187010490217,6.556204916286564,6.457865497138222
M05_20240731:156,M05,M05_20240731,6.311703095730805,3.8633464515874647,4.404515524395041,4.219210544734266,4.2126501140936154
M05_20240731:157,M05,M05_20240731,5.271747887838899,3.0865166165992366,3.5505004084424607,3.8305896570550306,3.8284274477050033
M05_20240731:158,M05,M05_20240731,1.0741401917035553,4.512196998622334,5.487796625016169,5.383696004557583,5.1415541883287865
M05_20240731:159,M05,M05_20240731,10.339214260239432,1.884455307835434,1.1455447981683449,1.1408872479724321,1.1405391612001718
M05_20240731:160,M05,M05_20240731,2.238645363952103,4.044437841170881,4.458610463876854,4.523127092618834,4.5302469276517146
M05_20240731:161,M05,M05_20240731,9.8921222876852,2.8049720652780388,4.234687484743717,4.21979742735793,3.998549119266921
M05_20240731:162,M05,M05_20240731,1.0350385431181541,1.923450126522979,3.244654399481388,3.2605956178504956,3.203861711937077
M05_20240731:163,M05,M05_20240731,10.851761031042956,6.220392784525938,6.758421372452057,6.771762111077704,6.722807530281662
M05_20240731:164,M05,M05_20240731,2.088677085489437,3.7531532032177743,3.387067955977497,3.408357794351649,3.4373915579647414
M05_20240731:165,M05,M05_20240731,10.433374711141676,4.654687613330065,5.718010130836646,5.7006338806099714,5.5649722436859985
M05_20240731:166,M05,M05_20240731,1.047036396144932,4.4543660785985475,5.813931822280409,5.627445187295351,5.456709881501826
M05_20240731:167,M05,M05_20240731,11.400015734219979,4.166551087152643,4.673842165282473,4.649001851120094,4.564545604388901
M05_20240731:168,M05,M05_20240731,2.0858125052260568,4.831564962738408,5.565229227154878,5.5300595030613655,5.369677097535144
M05_20240731:169,M05,M05_20240731,9.993469034975554,5.199635685525375,5.349046465853812,5.361441220003691,5.3541018540524545
M05_20240731:170,M05,M05_20240731,3.1472055270957338,2.857057781408147,3.7411740095940256,3.7457080648413226,3.653937284507199
M05_20240731:171,M05,M05_20240731,11.130975016936238,4.173582873278445,4.352042012398072,4.358853432898665,4.262847526993712
M05_20240731:172,M05,M05_20240731,2.2227324740035557,3.6696501000522455,3.856894657602889,3.922506148243329,3.8626771656048957
M05_20240731:173,M05,M05_20240731,9.321312702729145,2.2590500277289247,1.8309813498497163,1.7317806658520292,1.78456557514988
M05_20240731:174,M05,M05_20240731,0.5686143449520121,3.3311809476353833,2.81747199699309,2.7261824403103625,2.6025787894639425
M05_20240731:175,M05,M05_20240731,0.7832690282262079,3.8578147625540224,3.3385898328912447,3.208548736057701,3.246739233479575
M05_20240731:176,M05,M05_20240731,1.9443335917384523,2.4603148493935967,2.8128489592051062,2.812142240620834,2.921145463863696
M05_20240731:177,M05,M05_20240731,5.712448645288455,5.1475782517684125,6.211674047183701,6.331331793846909,6.389763509151143
M05_20240731:178,M05,M05_20240731,5.257057162559151,4.3036534157952016,3.5559425600749344,3.68492787932513,3.719304056135641
M05_20240731:179,M05,M05_20240731,0.8386872950199351,3.1342012336470235,3.6300342501409792,3.6353051338491786,3.4819537384346835
M05_20240731:180,M05,M05_20240731,5.039938182959317,3.779723674680067,4.238587497485809,4.010330190820469,4.021349124665484
M05_20240731:181,M05,M05_20240731,6.169580497126988,2.257700299775759,3.1004347415323004,2.9695436568200675,2.8448285688800032
M05_20240731:182,M05,M05_20240731,7.0197713999595654,5.162046944324856,5.9035672145818845,5.951964332893251,6.025700756413562
M05_20240731:183,M05,M05_20240731,5.123185069083438,1.9344281851802294,1.8262853422321843,1.721554978332688,1.8502753263050664
M05_20240731:184,M05,M05_20240731,1.795977802783707,4.118769388738366,4.09734354385485,3.8773485734926245,3.719541365284889
M05_20240731:185,M05,M05_20240731,11.080654812435435,5.0501653752384525,5.275953553008922,5.214975405318559,5.30330591631576
M05_20240731:186,M05,M05_20240731,0.8731749578162671,3.700649183470349,4.712632689329244,4.431404081206681,4.386791254790196
M05_20240731:187,M05,M05_20240731,11.047052703496565,3.591465360033487,4.126586662953926,4.1410606887788965,4.133499098187894
M05_20240731:188,M05,M05_20240731,1.5431563160635724,3.09182387917029,3.6414600361444918,3.574831708526766,3.586659275634025
M05_20240731:189,M05,M05_20240731,10.475697776520173,3.6046397700065085,3.5996046084385345,3.5268602281106896,3.4929075275437675
M05_20240731:190,M05,M05_20240731,1.514801576852061,3.8955558873619514,4.9187463715404744,4.986915174026309,4.848401211460722
M05_20240731:191,M05,M05_20240731,11.064749089132675,4.040426164434399,4.247041060672618,4.423880235051927,4.3481580806877
M05_20240731:192,M05,M05_20240731,7.409986874411548,4.984318473084479,5.704879608889749,5.554553775273229,5.362442919965576
M05_20240731:193,M05,M05_20240731,4.774638056059464,1.511768367829875,2.8656875068467222,2.9825179793047907,2.8817723509996123
M05_20240731:194,M05,M05_20240731,8.020753889179831,3.8894494656968437,4.391184862600945,4.177994170248286,3.9362893026756374
M05_20240731:195,M05,M05_20240731,4.279383569236345,3.4522136214530903,3.2594163714637117,3.224184774965163,3.27452040868563
M05_20240731:196,M05,M05_20240731,6.2063874869028055,4.512338198609381,4.62000459338442,4.831858249977612,4.747628613248136
M05_20240731:197,M05,M05_20240731,6.36499287644755,3.9722954852075336,4.667489825310733,4.371290709690802,4.206316672973262
M05_20240731:198,M05,M05_20240731,3.9316549292656817,3.5324500828947873,4.4661482607622,4.319633932276959,4.256900430423304
M05_20240731:199,M05,M05_20240731,7.96589125372741,2.9041999701973533,3.7931912380636406,3.933744726053078,3.9411456525350643
M05_20240731:200,M05,M05_20240731,1.432725449494466,3.557815604684412,4.123276157634727,4.365509254261446,4.377250635180677
M05_20240731:201,M05,M05_20240731,2.790030457934401,4.629662541735289,4.713185351063171,4.759672755555189,4.804312387937395
M05_20240731:202,M05,M05_20240731,8.431464662171837,4.6001048955591015,4.938411037113629,5.078050036764397,5.121049359629214
M05_20240731:203,M05,M05_20240731,1.4050401631709246,4.133018859644361,5.072482070619514,5.0656933940020314,5.007298590382251
M05_20240731:204,M05,M05_20240731,6.656822155906815,4.571617586216507,5.188401785816417,5.107588418446011,4.995854785103559
M05_20240731:205,M05,M05_20240731,7.119429696343042,4.632823734703749,4.702087774147513,4.77704405668459,4.82924649146026
M05_20240731:206,M05,M05_20240731,10.352277311715213,4.143127545719042,5.032499842605169,4.984191279325442,4.768487677641115
M05_20240731:207,M05,M05_20240731,2.3034513343770597,4.334673773779773,4.621433593140434,4.402562556828934,4.2956236575902675
M05_20240731:208,M05,M05_20240731,3.039734801868244,2.7089083096708824,3.7067045599759783,3.717406025989675,3.7097183548740738
M05_20240731:209,M05,M05_20240731,4.431570614864572,4.189538706322435,4.476985238112934,4.557257614728468,4.647184723587551
M05_20240731:210,M05,M05_20240731,8.425009871845704,4.344896843280479,4.998731399812794,5.219179866197484,5.230612191613789
M05_20240731:211,M05,M05_20240731,8.324428528128447,3.5332374104626663,4.105044667598914,4.2679505912054205,4.322944247034296
M05_20240731:212,M05,M05_20240731,7.284584257297791,3.800052285901331,4.1802274809347155,4.246533521911159,4.279329131059571
M05_20240731:213,M05,M05_20240731,4.197514814340598,3.3457506872348,4.033885792530285,3.8608332482527787,3.745423537546399
M05_20240731:214,M05,M05_20240731,7.254336318842817,3.5254394057654697,4.758458964469844,4.633425633662734,4.424454808026969
M05_20240731:215,M05,M05_20240731,4.624376663994903,5.270303100976499,6.066485371946067,5.977324918540054,5.841656998063106
M05_20240731:216,M05,M05_20240731,7.134870655621565,3.196487931347301,4.372147508645426,4.160211880899144,4.08399200998176
M05_20240731:217,M05,M05_20240731,2.264520553686377,4.3516343455704165,4.301273147110157,4.439490833823515,4.400838676313104
M05_20240731:218,M05,M05_20240731,5.327196612491754,5.018908383527904,5.903292870123579,6.042590094968338,6.051783570155093
M05_20240731:219,M05,M05_20240731,12.583001543665473,2.7534840475821407,3.28279607973908,3.1432661394431385,3.0544640051137253
M05_20240731:220,M05,M05_20240731,1.5557695440879369,2.8920060316918876,3.0449130922133234,3.0736491320914214,3.0366298410663486
M05_20240731:221,M05,M05_20240731,6.801823578668183,4.293999645252784,5.018234217633101,5.0879268587268305,5.167582807830717
M05_20240731:222,M05,M05_20240731,5.569632240755434,3.777528206142048,3.258759450035452,3.3726394872496135,3.465698014906403
M05_20240731:223,M05,M05_20240731,0.5498777675189173,3.0355532238886274,2.9653036096405025,2.8429580541468358,2.7627996703567423
M05_20240731:224,M05,M05_20240731,10.674144701403543,3.6726882200562208,4.293315721938707,4.370598839064467,4.291796564142555
M05_20240731:225,M05,M05_20240731,1.000330187563913,3.102232399627419,4.022857091162929,3.9056392704312106,3.7800824232585053
M05_20240731:226,M05,M05_20240731,10.895061057245817,2.0086698374978127,2.071320850755577,2.1023313007796958,2.2145218897382764
M05_20240731:227,M05,M05_20240731,1.4261100220891645,4.785466109274692,5.858042662756974,5.764504973547291,5.682117201088514
M05_20240731:228,M05,M05_20240731,7.979975176820418,3.2093472597842565,5.311136218543581,4.904440422693729,4.648221711703739
M05_20240731:229,M05,M05_20240731,4.502770813165143,3.861084741450363,5.436336969280681,5.16087888088938,4.897941239685508
M05_20240731:230,M05,M05_20240731,1.936551053285546,5.457122405461502,6.414018200681687,6.358565264736534,6.351769088784842
M05_20240731:231,M05,M05_20240731,7.906268847096379,2.2461573168558244,2.853441314819307,2.866468245811271,2.7864281625846585
M05_20240731:232,M05,M05_20240731,4.266378861396714,2.2502925852145648,2.3034190511192048,2.3151870301342923,2.365099102765556
M05_20240731:233,M05,M05_20240731,1.4420986763911354,2.093107613130092,1.910584838372213,1.9665067568823504,2.0224494536141657
M05_20240731:234,M05,M05_20240731,1.630765322638692,3.862177117572696,4.505578572495139,4.531024945646571,4.497518290176517
M05_20240731:235,M05,M05_20240731,7.252357504483287,4.9228790589664015,6.113614116874913,5.835296877163081,5.6681996467075795
M05_20240731:236,M05,M05_20240731,6.378317519350504,4.519006119757554,4.544345816690392,4.5924257200936465,4.626204826941843
M05_20240731:237,M05,M05_20240731,4.166358848623826,4.057433264194625,4.892005147880113,4.884371895043229,4.771124373794936
M05_20240731:238,M05,M05_20240731,11.101849755221531,4.171961147072932,3.6005455935579618,3.458364703834246,3.311783533051037
M05_20240731:239,M05,M05_20240731,10.28491936457951,3.7509559114899402,4.979374697181325,5.042973779159744,5.000036694713668
M05_20240731:240,M05,M05_20240731,2.5331548214850743,4.439535500774765,4.241845458649601,4.273570154821269,4.2743763969452555
M05_20240731:241,M05,M05_20240731,7.727888423222393,4.114249588117353,5.059027812281676,4.864084274503534,4.732788661350831
M05_20240731:242,M05,M05_20240731,3.620801641839105,3.016181919854195,3.064971050254829,2.9722261657185878,2.767049280217794
M05_20240731:243,M05,M05_20240731,2.9444381521205503,3.529023365318591,3.754042165506732,3.876924020747901,4.094099116785893
M05_20240731:244,M05,M05_20240731,9.996935349873796,3.9943344972142643,4.132464810573599,4.072549030530088,4.088459912620912
M05_20240731:245,M05,M05_20240731,4.094971250744809,4.546036479806031,4.707813206440995,4.489542748173764,4.240251102928795
M05_20240731:246,M05,M05_20240731,9.609681178977644,3.520961819030717,4.432604428276757,4.156092132029117,3.971370995145935
M05_20240731:247,M05,M05_20240731,10.649713118089371,3.747547246875735,3.937765335026982,3.616214072772495,3.6730577989240096
M05_20240731:248,M05,M05_20240731,5.462338037802794,3.466886735886246,4.378302101370357,4.075948188528276,4.060069777034381
M05_20240731:249,M05,M05_20240731,8.090466068103197,2.611473474761019,4.304580929755119,4.276134880834515,4.06313492533092
M05_20240731:250,M05,M05_20240731,2.01930820890026,3.612753366261663,5.363013125951699,5.159602841940634,5.007195126967839
M05_20240731:251,M05,M05_20240731,7.040979074331334,4.857554987620903,5.406520521837047,5.454612987251948,5.416877282474795
M05_20240731:252,M05,M05_20240731,7.297785436568726,3.778701180516041,4.066131577520095,4.110627009008265,4.020114248715174
M05_20240731:253,M05,M05_20240731,10.414343502464924,2.7644278803841704,3.608302761985188,3.512427066072836,3.4119460194333717
M05_20240731:254,M05,M05_20240731,1.6567482586045499,1.5931141885619788,2.967667762554007,2.861578090349353,2.9215325310365374
M05_20240731:255,M05,M05_20240731,1.9791486998875378,3.188347127756719,4.648823485351851,4.292955823696743,4.03518646333443
M05_20240731:256,M05,M05_20240731,3.9142412351463927,4.558552822232223,5.277025990386704,4.980284371266404,4.853876497268397
M05_20240731:257,M05,M05_20240731,8.103282360602973,3.477565943450533,3.895806261360809,4.062880436069852,4.08248226557763
