shape_cosine,H_pearson,H_spearman,D_pearson,D_spearman,L_pearson,L_spearman,tree_cosine,pivot_jaccard,subject,condition,frontend,maxlag_cosine,best_lag,dtw_distance
0.10396042852037729,0.20230467331188073,0.3555162704119343,-0.04347826086956521,-0.04347826086956522,0.1530548731188163,0.35543468320020893,0.20016835279043566,0.2727272727272727,S18,baseline,theta_global,0.25743407262173945,-2,0.9462786550668435
0.33168692694531554,0.3966664402332196,0.42189099631686167,,,0.41579728513460396,0.42189099631686167,-0.015887254558017743,0.1,S19,baseline,theta_global,0.49140771245893833,1,0.7416577674942645
0.3826732867857634,0.490139209663092,0.6159595834531771,,,0.44721508115576103,0.6159595834531771,0.14029261141880386,0.1,S20,baseline,theta_global,0.3826732867857634,0,0.7646325587821154
0.3605102347575767,0.36051023475757676,0.5200947548083922,,,0.36051023475757676,0.5200947548083922,0.8094037153029365,0.1,S21,baseline,theta_global,0.3743983248775816,-3,0.5718287292861226
0.4445473379165561,0.42685162034561686,0.44615475296199114,0.4662524041201567,0.46625240412015684,0.4405379892838944,0.438809576904454,-0.02895519417182899,0.2222222222222222,S22,baseline,theta_global,0.4556509527448844,-3,0.9284521643232202
0.16744242644809462,0.233785950059759,0.38032428446408667,,,0.17636255603157558,0.3814525324226273,0.5658251521157383,0.3333333333333333,S23,baseline,theta_global,0.340992094494362,-2,0.9481925005450637
0.0503639352515863,0.050363935251586237,0.12021105960430735,,,0.050363935251586237,0.12021105960430735,-0.010010155449051122,0.2,S24,baseline,theta_global,0.44986087449527323,3,0.8063363709799061
0.2317413913179344,0.29321498272260543,0.4802480876894669,,,0.2744331782889774,0.4802480876894669,-0.0843511375833254,0.0,S25,baseline,theta_global,0.4104922450612879,1,0.9536181565888305
0.20747461510246346,0.2889209201945486,0.4266951898614351,,,0.21928602138682352,0.4266951898614351,0.1956311134434169,0.25,S26,baseline,theta_global,0.4285215544955744,2,1.103753505050566
-0.039225720795451106,-0.0392257207954511,-0.01232228733638531,,,-0.0392257207954511,-0.01232228733638531,0.01814843656817747,0.09090909090909091,S27,baseline,theta_global,0.19516498706746996,2,0.8258496849561041
0.2685059798814316,0.3567446491009808,0.45854860008536874,,,0.300957994494532,0.4549491055856445,0.10014964077205478,0.45454545454545453,S28,baseline,theta_global,0.2685059798814316,0,0.8442209269389155
0.02573161826151532,0.03855808169134995,-0.0020964365705853434,,,0.024471253305444134,-0.0020964365705853434,-0.09041797284429977,0.09090909090909091,S29,baseline,theta_global,0.4095726522344932,2,1.1113801998329713
0.2566666552103027,0.43166918247014696,0.4700620521374501,-0.06286946134619315,-0.06286946134619316,0.4012002445069544,0.4700620521374501,0.2925868879913997,0.2,S30,baseline,theta_global,0.2566666552103027,0,0.8673559666254638
0.4013719570716321,0.4013719570716323,0.4282432608530249,,,0.4013719570716323,0.4282432608530249,0.19934352132159094,0.3333333333333333,S31,baseline,theta_global,0.47547151009742095,-1,0.606500472384467
0.34067199227860145,0.3406719922786014,0.26944685450524236,,,0.3406719922786014,0.26944685450524236,-0.11428744200008867,0.18181818181818182,S32,baseline,theta_global,0.6186335032152317,-2,0.5940636912967047
0.03513419824914354,0.05322835284515983,0.15643793995858474,,,0.032832505387028005,0.1627515517004456,0.2551504020704323,0.16666666666666666,S33,baseline,theta_global,0.1761532563579227,-2,0.9302666717930654
0.03357759201871227,0.10903115968918728,0.18715508816761306,-0.043478260869565216,-0.04347826086956522,0.035179877236514584,0.18715508816761306,-0.11368390018963558,0.2,S34,baseline,theta_global,0.6507430202386634,-3,0.6066763288503746
0.46104293736574753,0.46104293736574764,0.4988275756911951,,,0.46104293736574764,0.4988275756911951,0.06297808297349812,0.2222222222222222,S35,baseline,theta_global,0.46104293736574753,0,0.7029323039957643
0.20678229969710923,0.20678229969710926,0.3564861907825156,,,0.20678229969710926,0.3564861907825156,-0.00848983938913497,0.18181818181818182,S36,baseline,theta_global,0.29466732331964446,1,0.8099952244471782
0.17685269438892265,0.2288938803177999,0.39275540630193717,,,0.20430498057143406,0.39275540630193717,0.025716820033088113,0.2222222222222222,S37,baseline,theta_global,0.46695592067712605,2,0.7691317722067598
0.2336901593924651,0.30896438642547525,0.6029812147271774,,,0.2634572619957339,0.5984423265283485,-0.17837902987346826,0.2222222222222222,S38,baseline,theta_global,0.4108084202481491,1,1.0252852715554954
0.3989267065797954,0.5161895550379478,0.6340342629630926,,,0.4609773208515354,0.6340342629630926,0.16687725028970604,0.1,S39,baseline,theta_global,0.5662612058169793,1,0.6883500916836081
0.11927667558259848,0.11927667558259852,0.07218959092021072,,,0.11927667558259852,0.07218959092021072,-0.07436442851562437,0.07692307692307693,S40,baseline,theta_global,0.3317051197959938,-3,0.5515359121239245
0.18413833248275938,0.18413833248275943,0.2158092132881715,,,0.18413833248275943,0.2158092132881715,0.5466460153643072,0.25,S41,baseline,theta_global,0.28527820509953233,3,0.5266595113178935
0.5574149816363161,0.688653724024566,0.6843689734350994,,,0.6767285559672642,0.6753937545565257,0.6342986049928577,0.2,S42,baseline,theta_global,0.5574149816363161,0,0.7352540677119869
0.20425884243748058,0.29225121459743025,0.341333863339445,,,0.20807872482594375,0.31027463270709654,0.13060964406565176,0.2222222222222222,S43,baseline,theta_global,0.3188807498641064,-1,0.8700292238079539
-0.03835699993797246,-0.025360002952641632,0.0059227260627103505,,,-0.06859507495935697,0.0059227260627103505,0.12629726935944657,0.0,S44,baseline,theta_global,0.3561245045837942,-3,1.0292613174477918
0.19625514778560127,0.27040142204740025,0.5189004137189874,,,0.2103235494218268,0.5189004137189874,0.46536814982631663,0.125,S46,baseline,theta_global,0.2502689919677262,3,1.1690819476641974
0.2784794231020183,0.3535533905932738,0.3615571623861692,,,0.32857909987129685,0.3615571623861692,0.26243887315814635,0.4,S47,baseline,theta_global,0.48627819949429396,2,1.1511731956735178
-0.0373817901972743,-0.03831834375123805,0.0245836180580298,-0.043478260869565216,-0.04347826086956522,-0.030348765971019622,0.021114509771821065,0.0576492068766209,0.2222222222222222,S48,baseline,theta_global,0.11008940395663766,-1,1.1992572217731101
0.38461550947861245,0.4868516264920922,0.47371145351999355,,,0.4552601188910952,0.47371145351999355,0.15838655076914496,0.3,S18,baseline,alpha_global,0.38461550947861245,0,0.7798138641287484
0.3382554988144262,0.45884385235771596,0.5932543043160217,,,0.3697095224282284,0.5932543043160217,0.0030631499293694775,0.1,S19,baseline,alpha_global,0.3774936455496473,2,0.8653660217303184
0.10125116872948106,0.15442386058502608,0.3784470960070526,,,0.09358983866264668,0.3784470960070526,0.03452815680891053,0.18181818181818182,S20,baseline,alpha_global,0.5442335223936674,2,0.8099792117019766
0.33793902897712774,0.3379390289771278,0.4439842005730061,,,0.3379390289771278,0.4439842005730061,0.22370402627991884,0.0,S21,baseline,alpha_global,0.4992776956870412,-1,0.6931506591236857
0.018066347412693393,0.013186278678567268,0.040519652046930366,,,0.031067053998382638,0.03697752392022116,-0.03883791411348885,0.18181818181818182,S22,baseline,alpha_global,0.4045009313987567,-3,1.1347987815410538
0.30229334016379616,0.3893141512828785,0.42040548062390626,,,0.35115028476000626,0.41313048464492785,0.2611164839335468,0.1111111111111111,S23,baseline,alpha_global,0.30229334016379616,0,1.0227458630378865
0.3369467752983653,0.42782779346646466,0.553214128369498,,,0.39751987649074916,0.553214128369498,0.06682068186574262,0.2222222222222222,S24,baseline,alpha_global,0.3369467752983653,0,0.9097154963789177
0.1729407735163184,0.17294077351631829,0.3025313256855361,,,0.17294077351631829,0.3025313256855361,0.06658493261729251,0.0,S25,baseline,alpha_global,0.3941740988211805,-1,0.63937799831638
0.17272584978036506,0.23632612570850994,0.269904155558629,,,0.1867640716420023,0.269904155558629,0.07729322440607285,0.0,S26,baseline,alpha_global,0.28033486337500607,3,1.2917736599595995
0.04245870180258021,0.04245870180258022,0.060296074340682515,,,0.04245870180258022,0.060296074340682515,0.03253852459394754,0.1,S27,baseline,alpha_global,0.34346665063235693,1,0.6252541163043513
0.27515156105439337,0.2751515610543932,0.35946640058394874,,,0.2751515610543932,0.35946640058394874,0.14349920066683505,0.23076923076923078,S28,baseline,alpha_global,0.5509067709944364,1,0.646881463041614
0.5099842145670993,0.4829662945980717,0.5061442601186451,0.5516772843673704,0.5516772843673704,0.4953090647358551,0.507949677000274,0.006161463368523237,0.42857142857142855,S29,baseline,alpha_global,0.5099842145670993,0,0.8895641942130155
0.11729840309949585,0.15824728113636416,0.35022759373018353,,,0.12907395410069764,0.35022759373018353,-0.053698440460523286,0.0,S30,baseline,alpha_global,0.5226007748191787,-3,1.0270740133336849
0.072964845493607,0.07296484549360704,0.11080292344613914,,,0.07296484549360704,0.11080292344613914,-0.03064257065179479,0.15384615384615385,S31,baseline,alpha_global,0.36345336736753686,2,0.7153413546931935
0.24235292397459574,0.2423529239745956,0.21571021879129026,,,0.2423529239745956,0.21571021879129026,0.05907420172157884,0.2,S32,baseline,alpha_global,0.44341513658241327,3,0.5903776425625582
-0.18180927245153902,-0.22050383128735324,-0.05704301420030634,,,-0.2248361167255638,-0.05984597863038314,-0.12640048128876882,0.2727272727272727,S33,baseline,alpha_global,0.3825168378678879,3,0.9530399126949847
0.22213374241108647,0.3861634409134385,0.37985259877058597,-0.043478260869565216,-0.04347826086956522,0.32371604718938596,0.37985259877058597,0.09528587528077195,0.5,S34,baseline,alpha_global,0.22213374241108647,0,1.0995228300850517
0.5281619138643887,0.5281619138643889,0.510235956506534,,,0.5281619138643889,0.510235956506534,-0.031578947368421026,0.25,S35,baseline,alpha_global,0.5281619138643887,0,0.54243129798953
0.29074995847510005,0.2907499584750999,0.37247911137978457,,,0.2907499584750999,0.37247911137978457,-0.13372604203350477,0.3333333333333333,S36,baseline,alpha_global,0.39110507989418547,-1,0.6748119931459587
-0.012104421577344537,-0.018791150700070716,0.1114029887306566,,,-0.010858505795958068,0.1114029887306566,-0.060963105193741596,0.1,S37,baseline,alpha_global,0.25784828691769773,2,0.871537779374349
0.22397226177421475,0.274081565132273,0.4436321559836134,,,0.2745361927516148,0.44566882156391535,-0.030584657690270838,0.2222222222222222,S38,baseline,alpha_global,0.4782773493748491,1,0.9216388405349464
0.049530198913719514,0.06679632638568936,0.26062765155281886,,,0.05452738781147708,0.26062765155281886,0.015439527928211008,0.1,S39,baseline,alpha_global,0.17967407004155977,1,0.9352357598933039
0.36713119487474166,0.3671311948747418,0.3573418451991795,,,0.3671311948747418,0.3573418451991795,0.1301614374878197,0.2727272727272727,S40,baseline,alpha_global,0.36713119487474166,0,0.7905138469818284
0.049167034793896,0.06712185272716482,0.1797404846120778,,,0.053312294683547055,0.17564634316038952,-0.06407021054134318,0.0,S41,baseline,alpha_global,0.4693056699415686,2,1.0201669762276961
0.24841553912117734,0.3084629663363408,0.2908253731061867,,,0.30002834868893646,0.2835108961310088,-0.07767122075015001,0.0,S42,baseline,alpha_global,0.4966547713626132,2,0.7839909624922106
0.18752849542607686,0.346508136002697,0.542364036990374,-0.06286946134619315,-0.06286946134619316,0.2789468116217269,0.5282943884375506,0.14029837706589432,0.125,S43,baseline,alpha_global,0.3404314388539402,-3,0.9156963954537438
0.5761531621165183,0.5131054105567227,0.4096074261768923,0.6915640748081245,0.6915640748081247,0.5237900009847074,0.4096074261768923,0.18469616304549252,0.2222222222222222,S44,baseline,alpha_global,0.5761531621165183,0,0.6515911310175028
0.26334759012390807,0.48778143539301,0.4734072926265051,-0.10696563746013951,-0.10696563746013954,0.4092269724388533,0.4400531505933904,0.658734679278882,0.3,S46,baseline,alpha_global,0.4101212108572404,3,0.9839940449730121
0.0676391174330019,0.11843770211683165,0.19299111776243447,,,0.04724362224621337,0.19299111776243447,-0.10147452920911566,0.3,S47,baseline,alpha_global,0.3376645635172872,3,1.0170887458377411
0.41443051936817177,0.4996505905681719,0.4667159554934607,,,0.5154927157204697,0.4667159554934607,0.04214547425737349,0.125,S48,baseline,alpha_global,0.41443051936817177,0,0.7847101728971841
0.14767885781323623,0.19872564277713772,0.41262887320391006,,,0.16301220466231978,0.41262887320391006,0.28891953017573574,0.2,S18,baseline,beta_global,0.2585065605982913,-1,0.9756119305038577
0.1139110255435095,0.16927090759319963,0.3245664131379104,,,0.10975298106553973,0.3245664131379104,0.03186264939385832,0.2,S19,baseline,beta_global,0.41809113741818765,-2,0.8749209170711413
0.09892519200176642,0.15617376188860604,0.3189338029519905,,,0.0861424812225774,0.3189338029519905,-0.025481128565275502,0.25,S20,baseline,beta_global,0.41170687861772054,-2,0.9548761121725949
0.4199807393013754,0.41998073930137564,0.5923368948202412,,,0.41998073930137564,0.5923368948202412,0.4335549847620599,0.09090909090909091,S21,baseline,beta_global,0.48510475320605073,-2,0.468377021192598
0.10533847552933603,0.13532154985940614,0.19019410183265256,,,0.12270396547011939,0.18763064349954267,0.17926678573284205,0.0,S22,baseline,beta_global,0.2779458235230346,1,1.139404687099177
0.16049313389859612,0.19847955636236153,0.09489644734037238,,,0.19464672890937684,0.09487270839132293,-0.11193219499964303,0.0,S23,baseline,beta_global,0.23539452542435294,-2,1.1051379665180214
0.30457245193658644,0.3045724519365863,0.42318395070616754,,,0.3045724519365863,0.42318395070616754,0.007768704003452951,0.3,S24,baseline,beta_global,0.4588666732414542,2,0.6930525399038793
-0.10823086861381384,-0.1082308686138139,-0.12993055525997438,,,-0.1082308686138139,-0.12993055525997438,-0.15563345582613397,0.07692307692307693,S25,baseline,beta_global,0.43110851076882833,-2,0.78400577678927
0.20105721257876646,0.24785762952888918,0.20230940407937373,,,0.24462995039537594,0.20230940407937373,0.032997132893464357,0.2222222222222222,S26,baseline,beta_global,0.5297368012556253,3,1.2664343519453927
0.3815592841012062,0.3815592841012063,0.3326279668583549,,,0.3815592841012063,0.3326279668583549,0.29631818471536503,0.375,S27,baseline,beta_global,0.3815592841012062,0,0.5721787083841515
-0.05795588818390483,-0.06087160119619446,-0.021920870423963217,,,-0.08109075244416919,-0.02191562807773879,-0.10275246654751796,0.15384615384615385,S28,baseline,beta_global,0.021117881494007913,-3,1.0653708971962854
0.11773899066771583,0.1589438828478052,0.16151166489041813,,,0.1294565671184089,0.16151166489041813,-0.09690031662230185,0.2,S29,baseline,beta_global,0.25238813444473146,3,0.9682631267204899
0.26118322229115204,0.34992819907223927,0.4297601273221028,,,0.28983742491699643,0.4297601273221028,-0.10848245721803518,0.0,S30,baseline,beta_global,0.3376265271908122,-2,0.9965495824850829
0.033278945390058504,0.042246234340794706,0.06374134629139305,,,0.03927020104279512,0.06374134629139305,-0.06186298340471847,0.09090909090909091,S31,baseline,beta_global,0.39055741682338996,-3,0.9974618466669983
0.41708354754860055,0.41708354754860033,0.38488209423183734,,,0.41708354754860033,0.38488209423183734,-0.02954937259973468,0.2,S32,baseline,beta_global,0.4731917177877331,3,0.41720521117282444
0.1464550545137221,0.18694691242431583,0.3475474926483726,,,0.17179324138579755,0.3474663563118757,0.3692587378156791,0.3,S33,baseline,beta_global,0.16384582256790337,-1,1.1319589500436782
-0.26441365835153313,-0.33356313917471747,-0.21057910212740072,,,-0.3141154048091386,-0.21057910212740072,-0.07094994638669326,0.125,S34,baseline,beta_global,0.4639477372604011,-1,1.0383186771349018
0.3131353596696486,0.3131353596696486,0.3722053755571934,,,0.3131353596696486,0.3722053755571934,0.05637158601662535,0.25,S35,baseline,beta_global,0.3131353596696486,0,0.6260118302491446
0.24958252127842895,0.2495825212784289,0.3097926556926002,,,0.2495825212784289,0.3097926556926002,-0.10607422693442371,0.0,S36,baseline,beta_global,0.527319286957377,3,0.7451016213776843
0.4052916123060123,0.5119921115897168,0.5167658246720853,,,0.48076553558991675,0.5167658246720853,-0.1552508448111268,0.2,S37,baseline,beta_global,0.4052916123060123,0,0.8022920453090618
0.46749109920266896,0.5818361459043954,0.7293716400645422,,,0.5632785064349752,0.7276694162036104,-0.08566849153602443,0.3333333333333333,S38,baseline,beta_global,0.46749109920266896,0,0.9348054999758562
0.45646473544336097,0.600173686499513,0.7005915445965822,,,0.5179320009112366,0.7005915445965822,0.830552828924105,0.3,S39,baseline,beta_global,0.45646473544336097,0,0.793733632244609
0.19262831965867477,0.19262831965867477,0.21128213291385495,,,0.19262831965867477,0.21128213291385495,-0.044067245696851345,0.2222222222222222,S40,baseline,beta_global,0.6929635870204953,-3,0.6743474840431213
0.40088747684473347,0.4008874768447334,0.3354339754989443,,,0.4008874768447334,0.3354339754989443,-0.03157047142503087,0.2,S41,baseline,beta_global,0.40088747684473347,0,0.8897363903533946
0.430447437445474,0.5329855872442516,0.597160913473067,,,0.5213909955857406,0.5777989661994511,0.048251006675848904,0.0,S42,baseline,beta_global,0.46093080017520216,1,0.6839879604478744
0.22625262701026777,0.3110712195974668,0.35619846713729064,,,0.2431322695419323,0.33666253268580754,-0.08421550781609552,0.09090909090909091,S43,baseline,beta_global,0.4766033712665142,-2,1.0703312935130238
0.020162747670663485,0.05406524705693708,0.2938783829742027,,,-0.004676803451321512,0.2938783829742027,-1.2721305490496588e-17,0.0,S44,baseline,beta_global,0.2267963861141275,-3,1.0509011509124224
0.2293289517988442,0.2964433416964768,0.4534335766215648,,,0.26529557345800975,0.4534335766215648,0.4910056191305477,0.125,S46,baseline,beta_global,0.2293289517988442,0,1.2753378950227736
-0.02910932987364573,0.022967779665450536,0.07804224897001157,-0.06286946134619315,-0.06286946134619316,-0.047426307940194534,0.06620047000339001,-0.034580485434072605,0.08333333333333333,S47,baseline,beta_global,0.48894909142856047,-3,0.868778884251185
0.24149286517714047,0.30571018271039485,0.45905479990939163,,,0.2858241134963318,0.45905479990939163,0.7224679001778924,0.1,S48,baseline,beta_global,0.24149286517714047,0,0.8554604746717055
0.2640076600615442,0.3424070631880827,0.5826381962264412,,,0.30427699214885773,0.5826381962264412,0.014878255325103326,0.3333333333333333,S18,baseline,mu_central,0.2640076600615442,0,0.7818361103709878
0.32878866774149446,0.41644594490392456,0.5144492970970918,,,0.38891852427221246,0.5144492970970918,0.05085232737358645,0.2,S19,baseline,mu_central,0.37419262280695287,-2,0.8122329391681333
0.1731561086808341,0.23364122520744218,0.3895483138245501,,,0.19050288690651027,0.3895483138245501,0.041049377701377204,0.15384615384615385,S20,baseline,mu_central,0.39738996911477636,3,0.938525924176856
0.17483412407846652,0.1748341240784665,0.3440604890377415,,,0.1748341240784665,0.3440604890377415,-0.06189844605901729,0.0,S21,baseline,mu_central,0.5169985005194766,2,0.44405874000512763
0.3197186568011421,0.402516482469999,0.3732559414946964,,,0.3806310879408135,0.37064781728074275,0.45701644503219624,0.16666666666666666,S22,baseline,mu_central,0.3197186568011421,0,1.1249612390132642
0.1931862594537852,0.2590016341940711,0.48571201350440324,,,0.2142061267846255,0.4816386030724134,-0.051946998936326476,0.0,S23,baseline,mu_central,0.3944684762131979,2,1.0371328161361235
0.35782813348225656,0.3578281334822566,0.3549286159614995,,,0.3578281334822566,0.3549286159614995,-0.11540182038941606,0.1111111111111111,S24,baseline,mu_central,0.5163815835050855,2,0.7765954678194523
0.3492921354195409,0.34929213541954074,0.45988569705090543,,,0.34929213541954074,0.45988569705090543,-0.07366975395216695,0.2222222222222222,S25,baseline,mu_central,0.4953168916176367,1,0.641806699750578
0.2115046909595624,0.24713850966225556,0.2966560072279315,,,0.2709400613937185,0.2966560072279315,0.10708780928223888,0.2222222222222222,S26,baseline,mu_central,0.2115046909595624,0,1.2017906632639603
0.4014482709960454,0.40144827099604535,0.4366154494449835,,,0.40144827099604535,0.4366154494449835,-0.0720140267164415,0.0,S27,baseline,mu_central,0.7211457197253902,3,0.6364675876869822
0.21857834289367692,0.21857834289367695,0.3886510392242714,,,0.21857834289367695,0.3886510392242714,0.09993062780989564,0.07692307692307693,S28,baseline,mu_central,0.6282062132833074,-3,0.7148425386211293
0.043996131579105716,0.09254121596338775,0.20100076499033215,,,0.015226857061770696,0.20100076499033215,0.05873046084235984,0.2222222222222222,S29,baseline,mu_central,0.1927806531789548,2,1.2882602332139856
0.15863779662108768,0.22090020756042356,0.35866561143219644,,,0.16768144808065477,0.35866561143219644,-0.07910942488362051,0.09090909090909091,S30,baseline,mu_central,0.5121586814901494,1,0.7974194758494961
-0.06047689226668476,-0.06047689226668478,-0.10966567236907797,,,-0.06047689226668478,-0.10966567236907797,-0.09314264103332905,0.07142857142857142,S31,baseline,mu_central,0.46174357454847953,3,0.6236163217570655
0.4046989979750407,0.40469899797504055,0.340906223869578,,,0.40469899797504055,0.340906223869578,0.03485948251571657,0.2222222222222222,S32,baseline,mu_central,0.5318204551078868,-2,0.6004440693683739
-0.10711349528811222,-0.11812986834293773,0.03476686685592618,,,-0.1442435396789474,0.03475875039337693,0.09332947933677793,0.15384615384615385,S33,baseline,mu_central,0.2720136187142381,-1,1.1818709302056383
0.10877142451447408,0.1846198988252716,0.33772807389687004,,,0.08181458983084734,0.33772807389687004,0.0867995076902764,0.2222222222222222,S34,baseline,mu_central,0.17738367434502908,-1,0.9882210124836701
0.015299715417439142,0.029170515808122327,0.056188024644740764,,,0.00830598017439653,0.0561753052275671,0.07368421052631578,0.0,S35,baseline,mu_central,0.38183512589700697,-1,0.6840290949681346
-0.15478901220683838,-0.18724930115325375,-0.07223684924125665,,,-0.19190479654293702,-0.07223684924125665,-0.06384085160433588,0.1111111111111111,S36,baseline,mu_central,0.40857367075183826,2,1.0796339642911612
0.20331159854377795,0.2673496658162208,0.47774472361911874,,,0.23066000940561426,0.47774472361911874,0.1913216282326393,0.2,S37,baseline,mu_central,0.33990036884031705,1,0.8722472135901451
0.19160205228911892,0.25747726200503607,0.4850838518664395,,,0.21184999977336688,0.4786552803396248,-0.1159568097487143,0.0,S38,baseline,mu_central,0.33058090358725173,1,1.017955239993255
0.11365886301175156,0.2117403394897809,0.29277028145643613,-0.043478260869565216,-0.04347826086956522,0.17271451041503877,0.29277028145643613,-0.1146587673104721,0.18181818181818182,S39,baseline,mu_central,0.23193694561591865,-1,1.0022862304272973
0.5392148812598211,0.5392148812598212,0.47891408535643143,,,0.5392148812598212,0.47891408535643143,0.15956571697944366,0.3,S40,baseline,mu_central,0.5392148812598211,0,0.6662404892907041
0.4405311112689485,0.44053111126894856,0.3791182345810855,,,0.44053111126894856,0.3791182345810855,0.7446594625013542,0.25,S41,baseline,mu_central,0.4405311112689485,0,0.6262073792449456
0.0291526345462733,0.051120559031929906,0.01903669925055764,-0.043478260869565195,-0.04347826086956522,0.0798156054764551,0.035272575499632,0.008776433100090127,0.1111111111111111,S42,baseline,mu_central,0.2722807244117908,2,1.0687327265480027
0.1369011220468277,0.21018006588352042,0.3399874291835028,,,0.1251578283456921,0.29643301704773767,-0.07007100848310775,0.0,S43,baseline,mu_central,0.5298069493422426,-3,0.8834734703690482
-0.14876303360718682,-0.1717602384184987,-0.03909113236632406,,,-0.19263328650761485,-0.03909113236632406,0.17571222379722687,0.25,S44,baseline,mu_central,0.38852738124496267,1,0.9624439023226395
0.011762914823495462,0.03769802165964825,0.12659429362203486,,,-0.00888488245426394,0.12659429362203486,-0.13501847286533336,0.0,S46,baseline,mu_central,0.4277859852351019,1,1.3891563225194037
0.19749386511397488,0.28396188716379894,0.3395149723216165,,,0.19979730969548715,0.3395149723216165,-0.09945672291323894,0.2,S47,baseline,mu_central,0.37075585637918035,3,0.9087211901782063
0.24501716199831527,0.39179222205456166,0.36568520628211243,-0.043478260869565216,-0.04347826086956522,0.3867375248099494,0.37109433997158314,-0.09805343552451733,0.08333333333333333,S48,baseline,mu_central,0.24501716199831527,0,0.8441060455826215
0.13796895617172222,0.19834313291460393,0.32416651760687254,,,0.13961041005053143,0.32416651760687254,0.02332462364448972,0.18181818181818182,S18,baseline,beta_central,0.3903698941153109,3,0.6234954095765697
0.2681484217963026,0.31965431597730987,0.34774542369411227,,,0.33717249275623057,0.34774542369411227,-0.06753148477750151,0.2222222222222222,S19,baseline,beta_central,0.28496529668036075,1,0.9918983183960273
0.15246872486387944,0.20158843887157615,0.2956170401307779,,,0.17188213877772718,0.2956170401307779,-0.09514322206314264,0.3333333333333333,S20,baseline,beta_central,0.36477005149369,2,0.9664068725517755
0.25379318314354066,0.2537931831435406,0.4627372835638609,,,0.2537931831435406,0.4627372835638609,0.05743957255799438,0.18181818181818182,S21,baseline,beta_central,0.7753270718053499,-2,0.4573839443853602
0.001305892457174458,0.024558309346345827,0.23763334392456945,,,-0.021359539167319017,0.23182382459915263,0.523441725525655,0.08333333333333333,S22,baseline,beta_central,0.33134824918842193,1,1.2622092224529622
0.06765372575037826,0.12169040956596607,0.3605939383313615,,,0.04402669772065165,0.35422570461927017,-0.005295652509271023,0.125,S23,baseline,beta_central,0.37995343009971894,2,1.0462504088021303
0.34515731776571135,0.3451573177657113,0.3075369867666309,,,0.3451573177657113,0.3075369867666309,-0.04187739288980465,0.4,S24,baseline,beta_central,0.46395020055385006,-2,0.7206492514334785
0.24850018426858958,0.31291738173052663,0.33918713373130155,,,0.29578127071511295,0.33918713373130155,0.2907258022951284,0.0,S25,baseline,beta_central,0.4464832042938393,-1,0.9381622585017845
0.07346830618474384,0.11230003933109944,0.31075694927557457,,,0.06765982308808455,0.31075694927557457,0.0683369821221387,0.2,S26,baseline,beta_central,0.2011325818100698,3,1.084499914480316
0.17062503692543612,0.17062503692543618,0.21501510863595122,,,0.17062503692543618,0.21501510863595122,-0.07559730342430655,0.0,S27,baseline,beta_central,0.5614795759602889,3,0.6176983608392708
0.11870470683857415,0.11870470683857418,0.28270561034196695,,,0.11870470683857418,0.28270561034196695,-0.08167234800792302,0.07142857142857142,S28,baseline,beta_central,0.5225595074346789,-1,0.6023889569781076
0.10635010646615936,0.17749775926882722,0.31446057293903207,,,0.08300573566392896,0.31446057293903207,-0.03462197929646075,0.1,S29,baseline,beta_central,0.22136033876354022,-1,1.1790855009344117
0.17948148083803717,0.2569532339872762,0.3965733586295067,,,0.18268481234503153,0.3965733586295067,-0.05357697474824557,0.2,S30,baseline,beta_central,0.5488422409452178,1,0.840525611041001
0.006347714821281722,0.016241776222174573,0.11319488115393328,,,-0.0006931138773322565,0.11316861479294527,-0.12104857721939621,0.0,S31,baseline,beta_central,0.4760751174836091,-1,0.8817404891311449
0.3527388368382867,0.35273883683828666,0.46005398157614774,,,0.35273883683828666,0.46005398157614774,0.57496291608783,0.0,S32,baseline,beta_central,0.3527388368382867,0,0.6535479653744074
-0.13186460352500112,-0.17764530973110626,-0.1384722574686866,,,-0.1453556840395545,-0.13612874642281425,-0.09050537072650355,0.07692307692307693,S33,baseline,beta_central,0.262889730066753,3,0.9383118738882198
0.0440690318009555,0.09869465034014605,0.2731975889381977,,,0.00925199103068014,0.2731975889381977,-0.04905767834937171,0.0,S34,baseline,beta_central,0.34364910868975895,-2,0.7707111568055469
0.2207562063125705,0.22075620631257056,0.3122049755775966,,,0.22075620631257056,0.3122049755775966,0.0017217213352836713,0.2,S35,baseline,beta_central,0.4279997055539019,-3,0.6899448916385671
0.09776684781375695,0.09776684781375689,0.07067279825025168,,,0.09776684781375689,0.07067279825025168,0.028892989013711307,0.1,S36,baseline,beta_central,0.3513530242156943,-2,0.6716318313875016
0.22916667254085596,0.2822699328133137,0.3957561807306184,,,0.2790714809632643,0.3957561807306184,0.04927627356394799,0.2222222222222222,S37,baseline,beta_central,0.49533299077305126,3,1.0124392838990695
0.054059902421858326,0.1538568229121877,0.3128590678781658,-0.06286946134619319,-0.06286946134619316,0.07119234569958031,0.29906414955182814,-0.07966832412823917,0.1,S38,baseline,beta_central,0.1757887627044241,1,0.9576845214603454
0.334175520079951,0.4140304351574091,0.5054039646773673,,,0.40452907356766454,0.5054039646773673,0.010285402621746206,0.09090909090909091,S39,baseline,beta_central,0.33925914521249917,-1,0.8748570612195012
0.07265392195447244,0.07265392195447241,0.10000810327775397,,,0.07265392195447241,0.10000810327775397,0.24225547197221495,0.08333333333333333,S40,baseline,beta_central,0.3383232675236144,1,0.6603956022348659
0.10803112514310358,0.13484709891959215,0.2914108035821163,,,0.12977403401976592,0.2914108035821163,0.04356068315482837,0.08333333333333333,S41,baseline,beta_central,0.15457710129136693,-3,1.0084261630462519
0.20826353209090107,0.26462318026116893,0.2521562054381816,,,0.24551620539128832,0.22380517973028274,-0.012898484259189576,0.0,S42,baseline,beta_central,0.46410682441641377,-1,0.8898620030751371
0.16628673806320773,0.19730722749794427,0.35444429710216896,,,0.21001043174875617,0.3691164001792538,0.8502221455721073,0.2,S43,baseline,beta_central,0.3783212198731375,3,0.7611677925401266
0.10292347960866861,0.1575201346259989,0.25293172155212834,,,0.09458987296698856,0.25293172155212834,-0.05693805661972597,0.09090909090909091,S44,baseline,beta_central,0.4679754085796243,-1,0.9648911795107474
0.12097147548008133,0.18000457048657198,0.36383070530054484,,,0.11631381787123386,0.36383070530054484,0.1991731250804431,0.25,S46,baseline,beta_central,0.2408570039804432,-1,1.3211454093153026
0.0974364050740296,0.16341687112702338,0.30519365452577596,,,0.07525260367547897,0.30519365452577596,0.058884928209885896,0.3,S47,baseline,beta_central,0.3307228948022172,2,1.0471676140487858
0.15056911767431236,0.17789179467084365,0.1479101125678072,,,0.19092571465229777,0.1479101125678072,-0.01552862428461244,0.3,S48,baseline,beta_central,0.2410479076393812,1,0.9709266722957507
0.12455779531623339,0.18195633571851275,0.2864714095648622,,,0.12314670629228747,0.2864714095648622,0.018923181376767084,0.2,S18,early_abrupt,theta_global,0.403765647897959,-1,0.9674529644973978
0.27567126011649845,0.27567126011649834,0.3994656431481301,,,0.27567126011649834,0.3994656431481301,0.4707911287679188,0.09090909090909091,S19,early_abrupt,theta_global,0.5769606721884852,3,0.7805670997851029
0.3367907887387287,0.3367907887387285,0.4378637652935804,,,0.3367907887387285,0.4378637652935804,-0.04626787683080686,0.125,S20,early_abrupt,theta_global,0.40831885093276055,3,0.701493571268234
0.41277436531346434,0.41277436531346423,0.4205610813014292,,,0.41277436531346423,0.4205610813014292,-0.020316234134570465,0.16666666666666666,S21,early_abrupt,theta_global,0.41277436531346434,0,0.6615786232436044
0.03754251843211575,0.06415002990995841,0.1616252310524188,,,0.027809983907757435,0.1616252310524188,-0.09985436216711384,0.0,S22,early_abrupt,theta_global,0.5707968238505577,2,0.887422368334408
0.36311612871188226,0.3631161287118824,0.5729891602481257,,,0.3631161287118824,0.5729891602481257,0.2752698852287386,0.125,S23,early_abrupt,theta_global,0.5841221414111032,-2,0.5324885033810349
0.471917094055016,0.6089884232402178,0.6004543684931748,,,0.546967658091588,0.5823565257084931,0.15669747901606912,0.3,S24,early_abrupt,theta_global,0.5058341023032881,2,0.7593923074897284
0.15890085181926378,0.15890085181926378,0.25734467937579975,,,0.15890085181926378,0.25734467937579975,0.0410300365014582,0.3333333333333333,S25,early_abrupt,theta_global,0.4906913805340446,-2,0.8124341309868874
0.2571933145617908,0.3202650286884261,0.5227716146841113,,,0.30972735724308786,0.5227716146841113,-0.1438661275405307,0.5714285714285714,S26,early_abrupt,theta_global,0.3721734692321655,-3,0.7779917323625102
0.10704842597959656,0.10704842597959664,0.14485732878117114,,,0.10704842597959664,0.14485732878117114,-0.0812463467885577,0.18181818181818182,S27,early_abrupt,theta_global,0.47715578295672395,1,0.6424928657325362
0.08183170883849715,0.08183170883849712,0.04798843574367084,,,0.08183170883849712,0.04798843574367084,0.29417007043773186,0.07692307692307693,S28,early_abrupt,theta_global,0.45732956038002354,-3,0.7302481138698883
-0.06580656555902178,-0.06580656555902176,0.06894132420199564,,,-0.06580656555902176,0.06894132420199564,-0.014947054151432694,0.1,S29,early_abrupt,theta_global,0.4216058818024502,2,0.5819058591242171
0.3260142343273928,0.32601423432739274,0.46834955168932824,,,0.32601423432739274,0.46834955168932824,0.044777212553282715,0.1,S30,early_abrupt,theta_global,0.4583130027309815,2,0.8061074421862522
0.2670463295717863,0.35426448740346805,0.3617914756765555,,,0.29986275773051874,0.3617914756765555,0.13300397918683554,0.09090909090909091,S31,early_abrupt,theta_global,0.2670463295717863,0,0.8939412233186825
0.38272558477247987,0.38272558477247987,0.5425924283952817,,,0.38272558477247987,0.5425924283952817,-0.000601500413393868,0.2222222222222222,S32,early_abrupt,theta_global,0.38272558477247987,0,0.613856401856789
0.14252192813739226,0.14252192813739226,0.24725014786063815,,,0.14252192813739226,0.24725014786063815,-0.004702165477497297,0.1111111111111111,S33,early_abrupt,theta_global,0.3673069030134301,-3,0.6572655758757431
0.08613189669733823,0.11553346408643751,0.2946275997641609,,,0.09544573340015275,0.2946275997641609,0.17911851763248615,0.2222222222222222,S34,early_abrupt,theta_global,0.3329399634942903,3,0.9834192103097182
-0.05523947810565853,-0.06117567152674215,0.04372817905840046,-0.04347826086956519,-0.04347826086956522,-0.0610645019206682,0.04372817905840046,0.06859943405700351,0.0,S35,early_abrupt,theta_global,0.13886917118882955,2,0.8384162499207922
0.37990256619803836,0.46983419994709846,0.7623050056345198,,,0.4607332392120036,0.7623050056345198,0.058220280357963346,0.1111111111111111,S36,early_abrupt,theta_global,0.4288116518205495,-1,0.7135409736452628
0.6602738993851449,0.6602738993851445,0.616305177277092,,,0.6602738993851445,0.616305177277092,0.9015473975198676,0.2,S37,early_abrupt,theta_global,0.6602738993851449,0,0.5200900024023022
0.42707159215081686,0.4270715921508167,0.528511656081039,,,0.4270715921508167,0.528511656081039,-0.06178894159287259,0.375,S38,early_abrupt,theta_global,0.42707159215081686,0,0.5130259984958147
-0.023361340468566142,-0.02336134046856613,0.02361758122112708,,,-0.02336134046856613,0.02361758122112708,-0.08231187216722913,0.08333333333333333,S39,early_abrupt,theta_global,0.6259222821275301,-1,0.572281379992526
-0.03700825720991791,-0.022692764223847084,0.1558384732249349,,,-0.06795858221012846,0.14991813006225416,-0.06431196942844082,0.09090909090909091,S40,early_abrupt,theta_global,0.2712506801310177,2,0.7781480421308792
0.31653918606552206,0.39751758604352694,0.4695406701857029,,,0.37784190341290524,0.4695406701857029,0.8036395836094887,0.2222222222222222,S41,early_abrupt,theta_global,0.4766728551848776,3,0.8225553423193344
0.5589109791163988,0.5589109791163986,0.7327514138706053,,,0.5589109791163986,0.7327514138706053,0.015163994493792842,0.14285714285714285,S42,early_abrupt,theta_global,0.6117739854722873,-1,0.6616509532409226
0.36192070813534843,0.3619207081353486,0.5450861707917345,,,0.3619207081353486,0.5450861707917345,0.4445751441809691,0.1111111111111111,S43,early_abrupt,theta_global,0.36192070813534843,0,0.7594206951266448
0.5326481917014788,0.5326481917014788,0.5691205495535333,,,0.5326481917014788,0.5691205495535333,-0.03659161373574647,0.2,S44,early_abrupt,theta_global,0.5864703494892776,1,0.6526727471755821
-0.09757200040052982,-0.11466763973189226,-0.046545051211940955,,,-0.12433397443204186,-0.046545051211940955,0.17542639009927147,0.0,S46,early_abrupt,theta_global,0.3800070881593542,3,0.8424387519076502
0.11680947264045853,0.15549281200553833,0.15684768187043138,,,0.1306307930871771,0.15684768187043138,-0.05442428735928154,0.0,S47,early_abrupt,theta_global,0.39713459081575964,3,0.7878303696221197
0.20783407379721647,0.20783407379721647,0.3301462786308677,,,0.20783407379721647,0.3301462786308677,0.346070146172701,0.18181818181818182,S48,early_abrupt,theta_global,0.4213901638535601,2,0.6874476084827521
0.26187136908922437,0.2618713690892243,0.37094122830397136,,,0.2618713690892243,0.37094122830397136,0.37677026947749637,0.2222222222222222,S18,early_abrupt,alpha_global,0.4530257359809665,1,0.80270933389105
0.10341084099432048,0.10341084099432049,0.18057303485399742,,,0.10341084099432049,0.18057303485399742,-0.03421357277270105,0.1,S19,early_abrupt,alpha_global,0.5736033038054076,-2,0.7756085946508006
0.003908666228118691,0.003908666228118704,0.11841204207021196,,,0.003908666228118704,0.11841204207021196,-0.0977707296853817,0.09090909090909091,S20,early_abrupt,alpha_global,0.27913443545228056,-1,0.7240842948714019
0.019388439483235036,0.019388439483235053,0.11454970784535419,,,0.019388439483235053,0.11454970784535419,0.17309988887166522,0.2,S21,early_abrupt,alpha_global,0.39655802197764556,-2,0.7938390366817403
0.2014668533651244,0.26028960314767674,0.4238372280011558,,,0.23320138768099805,0.4238372280011558,0.6243556177716794,0.09090909090909091,S22,early_abrupt,alpha_global,0.2014668533651244,0,1.1348763780657312
0.2068419257786852,0.20684192577868532,0.40189236560926794,,,0.20684192577868532,0.40189236560926794,-0.01868953205391575,0.1,S23,early_abrupt,alpha_global,0.26911508545363644,-2,0.7838227974842469
0.014867609265117512,0.04055274780814637,0.02707314333725541,,,-0.004134691413532829,0.010033449944995896,-0.0712530772261215,0.0,S24,early_abrupt,alpha_global,0.2620104576047199,2,1.1437687248741777
0.295760447494291,0.2957604474942909,0.26310125692117936,,,0.2957604474942909,0.26310125692117936,-0.15037819775379752,0.09090909090909091,S25,early_abrupt,alpha_global,0.5172041522649811,-2,0.7047951254350704
0.4553876001834015,0.4553876001834015,0.6665838241649125,,,0.4553876001834015,0.6665838241649125,0.41355832802374437,0.2,S26,early_abrupt,alpha_global,0.4553876001834015,0,0.5880193176296461
0.3830364029652436,0.38303640296524366,0.40065585397411396,,,0.38303640296524366,0.40065585397411396,-0.005050125771441454,0.2222222222222222,S27,early_abrupt,alpha_global,0.649644498033317,-1,0.6146394898156528
0.22880502232536068,0.22880502232536065,0.2641398376911732,,,0.22880502232536065,0.2641398376911732,0.32347756513583703,0.3333333333333333,S28,early_abrupt,alpha_global,0.24354604693588933,2,0.6197577689802676
0.12497011594968649,0.12497011594968645,0.19635552474373869,,,0.12497011594968645,0.19635552474373869,-0.04256025655172985,0.1,S29,early_abrupt,alpha_global,0.22298739797704203,3,0.8575101070898784
-0.0024348010684546364,-0.002434801068454645,0.13596176739140567,,,-0.002434801068454645,0.13596176739140567,-0.04565713691505989,0.1,S30,early_abrupt,alpha_global,0.4683695051618824,-3,0.7090889247901101
0.18857271004846682,0.18857271004846685,0.2686857663743001,,,0.18857271004846685,0.2686857663743001,0.11158046066936295,0.09090909090909091,S31,early_abrupt,alpha_global,0.542655494867948,2,0.3175459717256656
0.41137667560372115,0.41137667560372115,0.5009323214215003,,,0.41137667560372115,0.5009323214215003,0.7361181509892202,0.2857142857142857,S32,early_abrupt,alpha_global,0.41137667560372115,0,0.4938702451144865
0.29940924952334796,0.2994092495233479,0.25627754056246455,,,0.2994092495233479,0.25627754056246455,-0.08440894104281181,0.0,S33,early_abrupt,alpha_global,0.37941648755325047,1,0.6436583882522582
0.41379378492515795,0.4137937849251578,0.505252897799818,,,0.4137937849251578,0.505252897799818,0.013752500030627971,0.125,S34,early_abrupt,alpha_global,0.4471473151713914,1,0.6605196858297281
0.163164606595344,0.20684167449080892,0.43726669078136393,,,0.1928283557497386,0.43726669078136393,0.4585406860283581,0.125,S35,early_abrupt,alpha_global,0.32888454193477884,-3,0.8576643528663502
0.1183402417763484,0.21743225015128054,0.563382516895991,-0.043478260869565195,-0.04347826086956522,0.18106673604732976,0.5668023586702583,0.1955718457463541,0.18181818181818182,S36,early_abrupt,alpha_global,0.6236863873480947,-3,0.48900886789081605
-0.030889890940865028,-0.030889890940865,0.016592116945978834,,,-0.030889890940865,0.016592116945978834,-0.09834952976416798,0.16666666666666666,S37,early_abrupt,alpha_global,0.48399254205806447,-3,0.5783756610786411
0.5233447062760387,0.5233447062760385,0.5806146364148712,,,0.5233447062760385,0.5806146364148712,-0.007115440490056537,0.2,S38,early_abrupt,alpha_global,0.5233447062760387,0,0.5100067234811575
0.5501165922057868,0.5501165922057869,0.5551726308846222,,,0.5501165922057869,0.5551726308846222,0.03062859365340935,0.375,S39,early_abrupt,alpha_global,0.5501165922057868,0,0.5581697156671521
0.5624399977502398,0.5624399977502399,0.6139157299682954,,,0.5624399977502399,0.6139157299682954,0.7439032790240506,0.16666666666666666,S40,early_abrupt,alpha_global,0.5624399977502398,0,0.6634235906777285
0.2922060697034788,0.36563835445696885,0.49338765899375,,,0.3501174160606889,0.49338765899375,-0.06370314606492777,0.0,S41,early_abrupt,alpha_global,0.503063155931727,3,0.9635911763489114
0.7204727042260803,0.7204727042260803,0.757993785836645,,,0.7204727042260803,0.757993785836645,0.05795827424342709,0.1,S42,early_abrupt,alpha_global,0.7204727042260803,0,0.22156368383829053
0.3333781508840888,0.3333781508840887,0.3786854481631389,,,0.3333781508840887,0.3786854481631389,-0.09470735203696724,0.07692307692307693,S43,early_abrupt,alpha_global,0.6790922702788639,1,0.5495487966255648
0.5430616765059418,0.5430616765059417,0.4408420718189241,,,0.5430616765059417,0.4408420718189241,0.48055035081949055,0.18181818181818182,S44,early_abrupt,alpha_global,0.6355378634143842,2,0.6415028966382305
-0.04789494036907738,-0.04414301223487346,-0.008614752512691672,,,-0.07317515293039353,-0.008614752512691672,-0.01969053380658046,0.0,S46,early_abrupt,alpha_global,0.340475444028109,-3,0.8442000670564996
0.011560119660614864,0.025932275189777122,0.08516303447211324,,,0.0023841193442450948,0.08516303447211324,0.13139598133301136,0.18181818181818182,S47,early_abrupt,alpha_global,0.45734563377232884,-1,0.9106700034015706
0.43825049008927763,0.43825049008927763,0.30491276472655426,,,0.43825049008927763,0.30491276472655426,0.004863488788131407,0.3333333333333333,S48,early_abrupt,alpha_global,0.5266800130616645,2,0.6426687296259895
0.3613720186931438,0.3613720186931437,0.3931977989491424,,,0.3613720186931437,0.3931977989491424,0.07600205834974048,0.4444444444444444,S18,early_abrupt,beta_global,0.4989482658685791,2,0.7076675672809795
0.17932667038465364,0.1793266703846536,0.1493902496615149,,,0.1793266703846536,0.1493902496615149,-0.2222508056968047,0.07142857142857142,S19,early_abrupt,beta_global,0.4582572185352226,-3,0.6363318578571576
0.08665608908749611,0.11681529713960259,0.290085883211315,,,0.09544790422992429,0.290085883211315,0.0994896479300679,0.375,S20,early_abrupt,beta_global,0.27057253964127553,-1,0.8793811442746683
0.2748771877169722,0.27487718771697217,0.23363236194475187,,,0.27487718771697217,0.23363236194475187,-0.032189766301058596,0.08333333333333333,S21,early_abrupt,beta_global,0.42676388321612635,2,0.8604941043978408
0.16002423688458997,0.19550342825740022,0.25351164709058793,,,0.19647429858810833,0.25351164709058793,0.29178430366853986,0.09090909090909091,S22,early_abrupt,beta_global,0.26912715595383196,3,0.9795151393797639
0.4594135500658356,0.4594135500658356,0.4731308859920115,,,0.4594135500658356,0.4731308859920115,-0.029735051672502618,0.1111111111111111,S23,early_abrupt,beta_global,0.5223052163095381,-2,0.4805196704881512
0.46205351759454344,0.575927296748842,0.6444867144514915,,,0.5558680552158792,0.6368963842331808,-0.10492550519239513,0.1111111111111111,S24,early_abrupt,beta_global,0.46205351759454344,0,0.970529389247086
0.1286209071015351,0.18778286537995093,0.2194707539170716,,,0.1272727272727273,0.2194707539170716,-0.15040853799247264,0.3333333333333333,S25,early_abrupt,beta_global,0.39755682534061565,3,0.7655361538062609
0.43334636768549234,0.49577529597412257,0.5489127796784067,,,0.5657021867438383,0.5517195525488482,0.18607406291442957,0.1111111111111111,S26,early_abrupt,beta_global,0.43334636768549234,0,0.7784607969400921
0.32715384991644636,0.39238713108577206,0.4833921013951465,,,0.4089728685965911,0.4908756752919267,0.7427524291006243,0.3,S27,early_abrupt,beta_global,0.32715384991644636,0,0.9120397458527625
0.4188539082916956,0.4188539082916955,0.42316661283808776,,,0.4188539082916955,0.42316661283808776,-0.1857453840850288,0.3,S28,early_abrupt,beta_global,0.43627720497961775,1,0.8083156403025044
-0.034922934448816084,-0.034922934448816015,0.04568806153884948,,,-0.034922934448816015,0.04568806153884948,0.1360605924570463,0.3,S29,early_abrupt,beta_global,0.5718959913934349,3,0.5687847191906259
0.11646045587125275,0.11646045587125271,0.2300022053963032,,,0.11646045587125271,0.2300022053963032,0.04880953245633802,0.1111111111111111,S30,early_abrupt,beta_global,0.2900887015739814,-1,0.8809964737266819
0.023766896594898314,0.023766896594898328,0.14841660447263352,,,0.023766896594898328,0.14841660447263352,0.2578553115646984,0.25,S31,early_abrupt,beta_global,0.5750410041357693,3,0.8164637474384902
0.14638829709512433,0.2098255746993868,0.3472151801096264,,,0.14875105749861678,0.33910157444779754,0.15350690747124168,0.8,S32,early_abrupt,beta_global,0.43323233261637156,-3,1.0654627489532802
0.04238213509847762,0.06741998624632424,0.05050981981681761,,,0.03639461895464774,0.03081217961630296,-0.1112428296952801,0.1111111111111111,S33,early_abrupt,beta_global,0.4653008363646757,-2,0.874414845908345
0.29236608145170084,0.3660208899312015,0.505252897799818,,,0.3501268277224509,0.505252897799818,0.07052754426886629,0.2,S34,early_abrupt,beta_global,0.4606127346258535,2,0.788645482822638
0.08353193328139623,0.16646650972238924,0.3085297978223567,-0.04347826086956519,-0.04347826086956522,0.12760755099136456,0.3085297978223567,-0.04488009447324786,0.0,S35,early_abrupt,beta_global,0.21109627690490393,-3,0.820408605013104
0.16395293129598004,0.19741142240043064,0.3476136183203248,,,0.20418960110830747,0.3476136183203248,-0.15746406461120363,0.07692307692307693,S36,early_abrupt,beta_global,0.24564604066052337,1,0.8084961525024851
0.4430306478701924,0.4430306478701923,0.5471321354806086,,,0.4430306478701923,0.5471321354806086,0.48126729535192986,0.2,S37,early_abrupt,beta_global,0.5585510038843722,2,0.6986690690352158
0.03985644727331139,0.03985644727331136,0.2406311256146974,,,0.03985644727331136,0.2406311256146974,0.013609116443641362,0.2,S38,early_abrupt,beta_global,0.34353140434899876,2,0.6844403311588282
0.29171279055195204,0.2917127905519521,0.2500577816705667,,,0.2917127905519521,0.2500577816705667,-0.20112304019259997,0.0,S39,early_abrupt,beta_global,0.34137037718394586,-1,0.5388214002929621
0.2408767609230278,0.24087676092302787,0.400598599165314,,,0.24087676092302787,0.400598599165314,0.04876061674840773,0.3,S40,early_abrupt,beta_global,0.32268930331944645,-1,0.7683290954006358
0.4685959999927445,0.5828155051501962,0.6818767682248058,,,0.5650055903412575,0.6818767682248058,0.3245216911258682,0.5,S41,early_abrupt,beta_global,0.4685959999927445,0,0.9440805304207086
0.24445938237972042,0.2444593823797203,0.417836177531932,,,0.2444593823797203,0.417836177531932,-0.03140490587779612,0.0,S42,early_abrupt,beta_global,0.5213550878097447,2,0.3976254358867786
0.5554342653401613,0.5554342653401613,0.6103625819274507,,,0.5554342653401613,0.6103625819274507,-0.06098787252498069,0.25,S43,early_abrupt,beta_global,0.5554342653401613,0,0.6402785232623173
0.07920863388834824,0.07920863388834823,0.1925393997127441,,,0.07920863388834823,0.1925393997127441,-0.05651002558213639,0.08333333333333333,S44,early_abrupt,beta_global,0.5987762987647977,3,0.6150190259741198
-0.10758079550117253,-0.10758079550117255,-0.07308512987571336,,,-0.10758079550117255,-0.07308512987571336,-0.045694706463313674,0.09090909090909091,S46,early_abrupt,beta_global,0.5273809089824187,-3,0.5930284027815172
0.26018186077900135,0.3266848769561191,0.39283617876890353,,,0.3106279222802857,0.39283617876890353,-0.07024664382495784,0.09090909090909091,S47,early_abrupt,beta_global,0.4382469768030858,1,0.9455347085749967
0.5338081491183387,0.5338081491183388,0.561064089072984,,,0.5338081491183388,0.561064089072984,0.0979497675480809,0.2222222222222222,S48,early_abrupt,beta_global,0.5338081491183387,0,0.45106168201040747
0.05750546327852954,0.05750546327852949,0.05032533033375801,,,0.05750546327852949,0.05032533033375801,-0.023031949006023934,0.09090909090909091,S18,early_abrupt,mu_central,0.2910745044315587,2,0.7835112401417761
-0.004839811476882006,-0.004839811476882004,0.06725377014526501,,,-0.004839811476882004,0.06725377014526501,-0.09422479094610597,0.0,S19,early_abrupt,mu_central,0.537451490609513,2,0.5587383677828721
0.15873495143465877,0.15873495143465874,0.2116094673935508,,,0.15873495143465874,0.2116094673935508,0.571697338631882,0.25,S20,early_abrupt,mu_central,0.3866129186460534,2,0.5138512962764836
0.40781707134892276,0.40781707134892237,0.4320943841006803,,,0.40781707134892237,0.4320943841006803,0.2503960180981923,0.3,S21,early_abrupt,mu_central,0.42825160538347234,-2,0.7117235329350534
0.2127697037176247,0.27816918866398993,0.3415346387417269,,,0.24300801816734768,0.3415346387417269,0.023842000248069026,0.1,S22,early_abrupt,mu_central,0.2127697037176247,0,1.0563371462228146
0.08420473174451992,0.12787251812168,0.32985781990521323,,,0.07838610858033071,0.32985781990521323,0.17900688198683123,0.125,S23,early_abrupt,mu_central,0.29639666447799734,-1,0.7421164167310131
0.2789910189852373,0.37055634845322566,0.5338887641104243,,,0.3128292908797403,0.511595016945531,-0.04324989644386883,0.2222222222222222,S24,early_abrupt,mu_central,0.5463159406580798,2,0.9293497470773913
0.4282194540494937,0.42821945404949346,0.4776022791685642,,,0.42821945404949346,0.4776022791685642,0.1575932155008605,0.4,S25,early_abrupt,mu_central,0.5299709468938862,2,0.6755841338704126
0.16327326703118974,0.16327326703118977,0.23229525230961695,,,0.16327326703118977,0.23229525230961695,-0.013879521231396671,0.125,S26,early_abrupt,mu_central,0.24577086560727343,-2,0.8731330056249341
0.28477235755929337,0.3617074082980314,0.5512836748009022,,,0.3358395605716413,0.5512836748009022,0.01287183235192844,0.2222222222222222,S27,early_abrupt,mu_central,0.41070534216585103,-1,0.8076264678732405
0.17069718549972976,0.1706971854997297,0.19388917661366295,,,0.1706971854997297,0.19388917661366295,0.12609024914955974,0.2222222222222222,S28,early_abrupt,mu_central,0.21404695575554225,-1,1.0200717522958398
0.14178651601172473,0.14178651601172468,0.31709168739005134,,,0.14178651601172468,0.31709168739005134,-0.08236523717100784,0.18181818181818182,S29,early_abrupt,mu_central,0.47246612127342974,-2,0.6401052216831581
0.1500722822603152,0.1500722822603151,0.31231335411398775,,,0.1500722822603151,0.31231335411398775,-0.029166026370280956,0.08333333333333333,S30,early_abrupt,mu_central,0.1500722822603152,0,0.7380406989728931
0.18086972451310998,0.1808697245131099,0.25713944142733547,,,0.1808697245131099,0.25713944142733547,0.006978178464227844,0.0,S31,early_abrupt,mu_central,0.5304723622424258,-1,0.6655267661264318
0.3217555395310777,0.3217555395310777,0.4285768996134107,,,0.3217555395310777,0.4285768996134107,0.15798182589982074,0.125,S32,early_abrupt,mu_central,0.6081333056272037,3,0.7055011703570317
0.09644856443408241,0.09644856443408241,0.15229419376333173,,,0.09644856443408241,0.15229419376333173,-0.10019389581272625,0.0,S33,early_abrupt,mu_central,0.32423005335063354,-2,0.7269500793839203
0.46300790636129063,0.4630079063612905,0.5858428611146176,,,0.4630079063612905,0.5858428611146176,0.11483385035264299,0.1111111111111111,S34,early_abrupt,mu_central,0.69387001065668,2,0.5202766859209319
0.2167037982278176,0.2786429232355918,0.36702996193280385,,,0.2521708077456028,0.36702996193280385,-0.14153372920397714,0.0,S35,early_abrupt,mu_central,0.2669302173187049,2,0.9650649454201699
0.21831631316328612,0.286311367303137,0.38019950743813774,,,0.24845220247257224,0.38019950743813774,-0.09116836666622405,0.09090909090909091,S36,early_abrupt,mu_central,0.3182219328205698,-3,0.9146407357010716
0.3909329110373967,0.39093291103739675,0.39938117460989103,,,0.39093291103739675,0.39938117460989103,0.8509871674881111,0.1111111111111111,S37,early_abrupt,mu_central,0.3909329110373967,0,0.7826252692195523
0.1929797296016813,0.19297972960168128,0.3119183675328611,,,0.19297972960168128,0.3119183675328611,0.15746784047753837,0.2,S38,early_abrupt,mu_central,0.19885751598582144,3,0.6647938295310779
0.16418313979356844,0.16418313979356852,0.31682610838179076,,,0.16418313979356852,0.31682610838179076,-0.1314622951096216,0.09090909090909091,S39,early_abrupt,mu_central,0.46037167000833995,-1,0.7833771601430907
0.20004742427003638,0.20004742427003636,0.301942943870286,,,0.20004742427003636,0.301942943870286,0.21149630199550112,0.18181818181818182,S40,early_abrupt,mu_central,0.5940288362597309,2,0.5703686630613302
0.13423095541302632,0.16774842736586512,0.4346401687448346,,,0.16104892108232885,0.4346401687448346,0.08683191612548684,0.1,S41,early_abrupt,mu_central,0.23126656065957107,1,0.952898954244205
0.5390994854799943,0.539099485479994,0.5346470827011431,,,0.539099485479994,0.5346470827011431,0.4992429645475356,0.3,S42,early_abrupt,mu_central,0.5518467735763585,-1,0.44990498251456484
0.7318408052687086,0.7318408052687089,0.7844418857764612,,,0.7318408052687089,0.7844418857764612,0.6353458420223012,0.375,S43,early_abrupt,mu_central,0.7318408052687086,0,0.4426077015095445
0.3145237872058586,0.3145237872058586,0.4789431298816511,,,0.3145237872058586,0.4789431298816511,-0.020634456786210665,0.1111111111111111,S44,early_abrupt,mu_central,0.50681238037841,2,0.7261899884770638
0.11941880007845283,0.172129272801876,0.18096139933006972,,,0.1203858530857692,0.18096139933006972,-0.10423950481140862,0.1111111111111111,S46,early_abrupt,mu_central,0.3430175178987944,-3,0.9075655311370971
0.0749427182992943,0.10342679411232354,0.04217166286062531,,,0.08014462565808707,0.04217166286062531,-0.09118054526361709,0.0,S47,early_abrupt,mu_central,0.22896565902817748,-1,0.8978864851907499
0.13848136696914734,0.13848136696914734,0.300686866830806,,,0.13848136696914734,0.300686866830806,0.017589216707502377,0.08333333333333333,S48,early_abrupt,mu_central,0.44008594461173417,3,0.611309355723537
0.22506392723429128,0.2250639272342912,0.3360240209853869,,,0.2250639272342912,0.3360240209853869,-0.09577333104310645,0.1111111111111111,S18,early_abrupt,beta_central,0.579971703202792,2,0.7478932386694526
-0.1553261896694401,-0.15532618966944012,-0.14258877905896342,,,-0.15532618966944012,-0.14258877905896342,-0.07093383413201197,0.16666666666666666,S19,early_abrupt,beta_central,0.4950647539944025,1,0.7142031813278684
0.37516807160112137,0.37516807160112126,0.34462950116909524,,,0.37516807160112126,0.34462950116909524,-0.16429654738224891,0.09090909090909091,S20,early_abrupt,beta_central,0.37516807160112137,0,0.6864096504819684
0.26627084644421956,0.2662708464442195,0.3430413478082743,,,0.2662708464442195,0.3430413478082743,0.24191031241130737,0.36363636363636365,S21,early_abrupt,beta_central,0.26627084644421956,0,0.7266368083371263
0.14028813712027158,0.18993429409939663,0.2218293257897218,,,0.15370005881086857,0.2218293257897218,-0.07859990186462541,0.25,S22,early_abrupt,beta_central,0.43308982371722693,2,0.9135435402377643
0.16906227239632424,0.22337137073125155,0.42474462333807755,,,0.19074493139516038,0.42474462333807755,0.20392527928776397,0.0,S23,early_abrupt,beta_central,0.5238374633263608,3,0.7320683235439283
0.1292084477391546,0.18981746688923695,0.24845859976945503,,,0.12667730052875864,0.23005286658206783,-0.05684609042225521,0.09090909090909091,S24,early_abrupt,beta_central,0.48684104337591916,2,1.2315744528052828
0.02503575352509816,0.03825809246561042,0.04407671291138306,,,0.023066728996965335,0.04407671291138306,-0.17120499918907336,0.08333333333333333,S25,early_abrupt,beta_central,0.18712728620108524,-1,0.9984295719724974
0.28917271593323435,0.37477504219114455,0.5407016489927178,,,0.33355055938006645,0.5407016489927178,-0.17761704494948924,0.2222222222222222,S26,early_abrupt,beta_central,0.45958078679042336,-3,0.7070178657433721
0.21616127812571312,0.21616127812571315,0.4354245547109017,,,0.21616127812571315,0.4354245547109017,-0.04805006827128329,0.3333333333333333,S27,early_abrupt,beta_central,0.45779676919442663,-1,0.6697300977970527
1.850371707708594e-17,1.3877787807814457e-17,-0.0752614885100309,,,1.3877787807814457e-17,-0.0752614885100309,1.734723475976807e-18,0.08333333333333333,S28,early_abrupt,beta_central,0.2069631320829922,2,0.7349808877417681
0.07770266952106787,0.07770266952106791,0.2181100823718589,,,0.07770266952106791,0.2181100823718589,-0.09579006201853336,0.0,S29,early_abrupt,beta_central,0.52194701169715,-3,0.657538175230195
0.12673285306449952,0.12673285306449955,0.10563464813499855,,,0.12673285306449955,0.10563464813499855,-0.08899502545949939,0.08333333333333333,S30,early_abrupt,beta_central,0.6957264151200804,2,0.5918694560160189
0.36661349225488843,0.3666134922548883,0.47894083918605546,,,0.3666134922548883,0.47894083918605546,0.0772027518982468,0.09090909090909091,S31,early_abrupt,beta_central,0.469687569714328,-2,0.6326493996216668
-0.03723042556688856,-0.03723042556688859,0.14282707404801212,,,-0.03723042556688859,0.14282707404801212,0.050843107297990325,0.0,S32,early_abrupt,beta_central,0.3623529219906635,-2,0.7700596634561762
0.4415267244181844,0.4415267244181842,0.5674074378788924,,,0.4415267244181842,0.5674074378788924,0.6213651323882613,0.25,S33,early_abrupt,beta_central,0.4415267244181844,0,0.6406317583659399
0.018293022999573142,0.01829302299957314,0.11346391135447402,,,0.01829302299957314,0.11346391135447402,0.019902057514720677,0.09090909090909091,S34,early_abrupt,beta_central,0.5336951731589745,1,0.7770894870574302
0.5499591476056165,0.6820597330527983,0.6704110989192151,,,0.6650595579569393,0.6704110989192151,-0.18323502357672372,0.1111111111111111,S35,early_abrupt,beta_central,0.5499591476056165,0,0.6579234225565285
0.34249413930816425,0.42686115353132476,0.6159820074975481,,,0.41207472766737635,0.6159820074975481,-0.09257269966416111,0.16666666666666666,S36,early_abrupt,beta_central,0.47466620940585097,-2,0.7786391671769592
0.41182019842794126,0.4118201984279411,0.48853402493431797,,,0.4118201984279411,0.48853402493431797,0.0008642667895857096,0.2222222222222222,S37,early_abrupt,beta_central,0.46434568578053137,-1,0.7783239371492883
0.2404258532810141,0.24042585328101407,0.3748284120237473,,,0.24042585328101407,0.3748284120237473,0.08909883432584807,0.5,S38,early_abrupt,beta_central,0.4592843372681127,-1,0.7216170570129056
0.37606195519124164,0.37606195519124175,0.4664857764747554,,,0.37606195519124175,0.4664857764747554,0.2939763277234859,0.0,S39,early_abrupt,beta_central,0.37606195519124164,0,0.8687318151459371
0.14093348331153455,0.17319238182068938,0.3300974644175502,,,0.17202273996561857,0.3300974644175502,-0.05636018619766344,0.09090909090909091,S40,early_abrupt,beta_central,0.4729112002985445,1,0.9072018813055872
0.3310228880960552,0.4034173763830457,0.2543303708088988,,,0.40741979263470524,0.2543303708088988,-0.12208823144856591,0.09090909090909091,S41,early_abrupt,beta_central,0.3310228880960552,0,0.8815366156559826
0.392778601308433,0.475602079377985,0.4211510007623562,,,0.4865050757117447,0.4211510007623562,0.025483755625807496,0.2,S42,early_abrupt,beta_central,0.392778601308433,0,0.7358532020767267
0.41997424236967784,0.41997424236967773,0.470266282655779,,,0.41997424236967773,0.470266282655779,0.11684058131557462,0.25,S43,early_abrupt,beta_central,0.5979261923174178,3,0.618981956101131
0.1308615135530187,0.13086151355301867,0.25265720978144157,,,0.13086151355301867,0.25265720978144157,-0.07044319553509233,0.08333333333333333,S44,early_abrupt,beta_central,0.18661081096303428,1,0.8472855071632168
0.043979063619290396,0.04397906361929041,0.06344055010463276,,,0.04397906361929041,0.06344055010463276,0.14046424911198002,0.16666666666666666,S46,early_abrupt,beta_central,0.3629426976264057,-2,0.7466703791569502
0.09184804406468784,0.18533814556322908,0.2772275345494836,-0.06286946134619312,-0.06286946134619316,0.15307544797702738,0.2772275345494836,0.35355427575470194,0.2,S47,early_abrupt,beta_central,0.5539990041427244,2,0.7484834527333385
0.383357832513755,0.3833578325137549,0.45661247570154667,,,0.3833578325137549,0.45661247570154667,-0.09977829053241478,0.1,S48,early_abrupt,beta_central,0.383357832513755,0,0.54727673436768
0.5000730843596729,0.500073084359673,0.3983248512862568,,,0.500073084359673,0.3983248512862568,-0.1280540482567363,0.1,S18,late_abrupt,theta_global,0.5238693453804459,1,0.49052211468076545
0.5921276305772515,0.5921276305772512,0.5821706692734058,,,0.5921276305772512,0.5821706692734058,0.5289830063047818,0.18181818181818182,S19,late_abrupt,theta_global,0.676315980421324,3,0.6592017612028082
0.09456104977998415,0.09456104977998422,0.2192150835396058,,,0.09456104977998422,0.2192150835396058,-0.08556331998688252,0.2,S20,late_abrupt,theta_global,0.4462608831938667,-1,0.6466931941040547
0.02143408918158539,0.06726880133543016,0.2080640610359469,-0.043478260869565195,-0.04347826086956522,0.04051172707889123,0.2040248129508886,0.5026245826275364,0.1,S21,late_abrupt,theta_global,0.23984567856509387,-2,0.9833232670378009
0.3873647608856364,0.3873647608856365,0.5102020018286743,,,0.3873647608856365,0.5102020018286743,0.07438971150162697,0.2222222222222222,S22,late_abrupt,theta_global,0.5081811365724496,-2,0.5619334628507541
0.32674868918230243,0.32674868918230254,0.27729238664008504,,,0.32674868918230254,0.27729238664008504,-0.06562029877576507,0.1111111111111111,S23,late_abrupt,theta_global,0.49001902538263287,-3,0.7126437155369623
0.29562553912374895,0.3609461163508387,0.4552985077061354,,,0.36318560943753164,0.4572787832018971,-0.06109683345365572,0.1,S24,late_abrupt,theta_global,0.4856946803270232,1,0.969061338431161
0.23285373656977593,0.23285373656977593,0.4306500387545181,,,0.23285373656977593,0.4306500387545181,0.08161519063469162,0.2222222222222222,S25,late_abrupt,theta_global,0.31719057020334546,2,0.683225231073337
0.13757705039341656,0.1375770503934166,0.3009524345111672,,,0.1375770503934166,0.3009524345111672,0.014492753623188408,0.16666666666666666,S26,late_abrupt,theta_global,0.5366106475518646,-3,0.6314522326907901
0.11751352736364298,0.15121343054854136,0.1623002400714198,,,0.13663474936697245,0.1623002400714198,-0.22163271529931827,0.09090909090909091,S27,late_abrupt,theta_global,0.4263016654777837,-2,0.8706965513606306
0.3353759866408209,0.4286974604602202,0.42505818769635356,,,0.3928025787922589,0.4173046707492271,0.32971985713159946,0.15384615384615385,S28,late_abrupt,theta_global,0.3353759866408209,0,0.6576656177769497
0.22391338954670795,0.2808790416686568,0.40080706052564863,,,0.2675945092978185,0.40080706052564863,0.05270245179733487,0.3333333333333333,S29,late_abrupt,theta_global,0.22391338954670795,0,0.8158164423147652
0.14002999463937477,0.16777409856157224,0.31958041958041955,,,0.17522793698955957,0.3253320992562708,0.07750387595793251,0.2222222222222222,S30,late_abrupt,theta_global,0.28427996274511713,-2,1.0049342075172742
0.3250318546827149,0.3250318546827149,0.321145644813802,,,0.3250318546827149,0.321145644813802,0.09475598131234382,0.2222222222222222,S31,late_abrupt,theta_global,0.5712454619839243,3,0.7084760500230998
0.04489795918367348,0.044897959183673466,0.07239972206021479,,,0.044897959183673466,0.07239972206021479,-0.10998533626601499,0.0,S32,late_abrupt,theta_global,0.22797708158358426,-1,0.9180873344848499
-0.07647613852308822,-0.07647613852308822,0.002413865204755707,,,-0.07647613852308822,0.002413865204755707,-0.08311060384436472,0.3,S33,late_abrupt,theta_global,0.21528634735556712,-1,1.1329386191544881
0.21882279199303722,0.21882279199303725,0.31723456629311036,,,0.21882279199303725,0.31723456629311036,0.19537813687043748,0.2222222222222222,S34,late_abrupt,theta_global,0.6219987637883001,-2,0.7190050196053525
0.2775965875296237,0.27759658752962363,0.42142092672605763,,,0.27759658752962363,0.42142092672605763,0.017181682521610446,0.25,S35,late_abrupt,theta_global,0.42310823943444476,2,0.6045952151827905
0.3981333152700972,0.398133315270097,0.5130002161660245,,,0.398133315270097,0.5130002161660245,0.03723979410671286,0.1,S36,late_abrupt,theta_global,0.549838194699322,-2,0.43184635561291673
0.33327696838862064,0.41169527952401047,0.3170641553118578,,,0.40466323604978893,0.3170641553118578,0.07179354597040166,0.25,S37,late_abrupt,theta_global,0.5044433393684885,-1,0.826498754594787
0.3133493317624758,0.3133493317624758,0.3781163434903047,,,0.3133493317624758,0.3781163434903047,-0.021419284466483123,0.09090909090909091,S38,late_abrupt,theta_global,0.5137800955619526,2,0.6170502665473024
0.36257754797944675,0.36257754797944663,0.4336446343321595,,,0.36257754797944663,0.4336446343321595,0.7991557192915012,0.07692307692307693,S39,late_abrupt,theta_global,0.36257754797944675,0,0.6777550649531078
0.21919864974047631,0.21919864974047631,0.4008881592229994,,,0.21919864974047631,0.4008881592229994,0.5556290125908568,0.0,S40,late_abrupt,theta_global,0.40230549459665466,-2,0.8970021988223847
0.5617284782508591,0.5617284782508594,0.5890833335591869,,,0.5617284782508594,0.5890833335591869,0.25404293953198237,0.16666666666666666,S41,late_abrupt,theta_global,0.5617284782508591,0,0.5798005008507782
-0.021357402475745586,-0.0059018880504018295,0.11984927064962614,,,-0.04641285024642908,0.11984927064962614,0.2130267577375127,0.3,S42,late_abrupt,theta_global,0.19668250339671478,3,0.8992400395536809
0.4195484982792536,0.4195484982792538,0.49432542121321854,,,0.4195484982792538,0.49432542121321854,0.028355775950935146,0.2,S43,late_abrupt,theta_global,0.7146987504303646,-2,0.5262527256114689
-0.010932382930453548,-0.015850070047558118,-0.051197886612786035,,,-0.010928689804765912,-0.051197886612786035,-0.12429188220514205,0.0,S44,late_abrupt,theta_global,0.33741954407544694,2,0.9036893955989082
0.2663464005915506,0.3493975903614457,0.5436978946073451,,,0.3030151859147766,0.5436978946073451,0.6343350474165467,0.3333333333333333,S46,late_abrupt,theta_global,0.37182512257651684,-1,0.9088609424627332
-0.20097271128512156,-0.20097271128512156,-0.26937665900237845,,,-0.20097271128512156,-0.26937665900237845,-0.08356344966613705,0.0,S47,late_abrupt,theta_global,0.2551411734712301,3,0.5833161243554634
0.36879793917467346,0.4938874036508915,0.5959979130246125,,,0.40947936551704545,0.5861174712624363,0.15873478626007748,0.375,S48,late_abrupt,theta_global,0.36879793917467346,0,0.6980572538805607
0.41047814520666936,0.41047814520666953,0.47432871284172834,,,0.41047814520666953,0.47432871284172834,-0.12317304569709366,0.1111111111111111,S18,late_abrupt,alpha_global,0.49292237491186347,3,0.6399458412424374
0.27864829674223596,0.2786482967422359,0.3276066002246618,,,0.2786482967422359,0.3276066002246618,0.020493059056808486,0.18181818181818182,S19,late_abrupt,alpha_global,0.5197030209388407,2,0.567969612289708
0.3005480767402361,0.3005480767402362,0.3864758595709022,,,0.3005480767402362,0.3864758595709022,0.2945477384724303,0.1,S20,late_abrupt,alpha_global,0.3897543684113846,-2,0.713216077152305
0.2935877897750661,0.4867496655625323,0.7067673437150007,-0.043478260869565195,-0.04347826086956522,0.43749196463223095,0.7089333534308838,0.5532039161610468,0.2222222222222222,S21,late_abrupt,alpha_global,0.2935877897750661,0,0.8973973654401003
0.6221846456469439,0.6221846456469438,0.5772543479114295,,,0.6221846456469438,0.5772543479114295,0.39815848594403186,0.1111111111111111,S22,late_abrupt,alpha_global,0.6221846456469439,0,0.719829760732481
0.20072958426429607,0.20072958426429607,0.31768163984657344,,,0.20072958426429607,0.31768163984657344,0.02238368321392716,0.36363636363636365,S23,late_abrupt,alpha_global,0.5698858890952112,2,0.6436435373719538
0.14582095191846403,0.14582095191846403,0.29331700514730147,,,0.14582095191846403,0.29331700514730147,-0.04054270428575902,0.25,S24,late_abrupt,alpha_global,0.42710894791586296,-3,0.5925315085216367
0.383180410212794,0.383180410212794,0.46539259893012047,,,0.383180410212794,0.46539259893012047,-0.07722525790190195,0.1111111111111111,S25,late_abrupt,alpha_global,0.4199041947171258,-1,0.5674183329629955
0.6806139097297726,0.6806139097297726,0.6568967380929428,,,0.6806139097297726,0.6568967380929428,0.13825076344887352,0.4444444444444444,S26,late_abrupt,alpha_global,0.6806139097297726,0,0.6733320290127242
0.35759317290775666,0.35759317290775666,0.28681433203239687,,,0.35759317290775666,0.28681433203239687,-0.09821559067074767,0.08333333333333333,S27,late_abrupt,alpha_global,0.35759317290775666,0,0.7960050905059574
0.3867459840756536,0.49040273792141986,0.4543563935975939,,,0.45692758313447984,0.44983821248757233,-0.27924395019788384,0.3,S28,late_abrupt,alpha_global,0.3867459840756536,0,0.8781059069963527
0.354397247772686,0.438097205487579,0.4702777201007393,,,0.42999521780220407,0.4702777201007393,-0.029706853418959803,0.09090909090909091,S29,late_abrupt,alpha_global,0.46123185796007266,-3,0.9676869060003723
0.08228224497758625,0.10052873877031676,0.1469784160037507,,,0.10102077631545335,0.1504595779757011,-0.08016042486435544,0.16666666666666666,S30,late_abrupt,alpha_global,0.26019155258646876,-2,1.1286426516757688
0.09331541849264238,0.09331541849264238,0.1725616666853301,,,0.09331541849264238,0.1725616666853301,-0.11287482800818668,0.09090909090909091,S31,late_abrupt,alpha_global,0.5258584802065754,-3,0.5815470165284669
-0.009224948614296574,-0.009224948614296492,0.014948641504718013,,,-0.009224948614296492,0.014948641504718013,-0.04308487794259864,0.1111111111111111,S32,late_abrupt,alpha_global,0.6762064647609362,2,0.7995500425996368
0.12257479555861611,0.12257479555861614,0.2776103283158687,,,0.12257479555861614,0.2776103283158687,-0.00834021395216772,0.1,S33,late_abrupt,alpha_global,0.3361210505463858,2,0.8570447463614372
0.6727603275676045,0.6727603275676045,0.5780047785143392,,,0.6727603275676045,0.5780047785143392,0.6419535335940862,0.5,S34,late_abrupt,alpha_global,0.6727603275676045,0,0.5587904043958845
0.5767358918035059,0.5767358918035058,0.5637050129419787,,,0.5767358918035058,0.5637050129419787,-0.3353353533357125,0.1111111111111111,S35,late_abrupt,alpha_global,0.5767358918035059,0,0.6667780164550207
0.2608157294345893,0.2608157294345893,0.33245589444086343,,,0.2608157294345893,0.33245589444086343,0.029868217199254355,0.2222222222222222,S36,late_abrupt,alpha_global,0.60092895282699,2,0.5582885465126649
0.16797096028884398,0.2063888293594916,0.17340290661192728,,,0.2050543149534724,0.17340290661192728,-0.11318901999049504,0.0,S37,late_abrupt,alpha_global,0.26288769886018043,1,0.9344693355004982
0.4006485693977998,0.4006485693977997,0.45855352119789944,,,0.4006485693977997,0.45855352119789944,0.2719333119813238,0.16666666666666666,S38,late_abrupt,alpha_global,0.5750429929641253,-1,0.581277021855179
0.6484211901457639,0.6484211901457639,0.5208439178039477,,,0.6484211901457639,0.5208439178039477,0.20292782058814993,0.2727272727272727,S39,late_abrupt,alpha_global,0.6484211901457639,0,0.5627726348725575
0.24280302870695003,0.29474352833436385,0.38764361338534953,,,0.2999999999999999,0.389876194182431,-0.0850691341793912,0.2222222222222222,S40,late_abrupt,alpha_global,0.4480445194955327,1,0.9070276177882768
0.2766030816780312,0.27660308167803127,0.26064931610094966,,,0.27660308167803127,0.26064931610094966,0.08783100656536799,0.14285714285714285,S41,late_abrupt,alpha_global,0.3321999768852173,3,0.8412470250826929
0.29637182657358185,0.29637182657358185,0.3186519543165948,,,0.29637182657358185,0.3186519543165948,-0.14015841015506367,0.0,S42,late_abrupt,alpha_global,0.6145775178317363,1,0.5740873958978194
0.74,0.7399999999999999,0.8249219317237778,,,0.7399999999999999,0.8249219317237778,0.02388183839915166,0.42857142857142855,S43,late_abrupt,alpha_global,0.74,0,0.5925925925925918
0.3920906799760359,0.4724173341991399,0.35025817016551797,,,0.4880047646430416,0.35025817016551797,0.02093957307945775,0.09090909090909091,S44,late_abrupt,alpha_global,0.39341466888835763,-2,0.8136295904092387
0.3221975864945795,0.3221975864945797,0.5131615329357446,,,0.3221975864945797,0.5131615329357446,0.305664287960348,0.09090909090909091,S46,late_abrupt,alpha_global,0.39231717978656,-1,0.5991021949648592
-0.031094668691459045,-0.03109466869145906,0.004753222700589769,,,-0.03109466869145906,0.004753222700589769,-0.10139971684797114,0.0,S47,late_abrupt,alpha_global,0.25462718785561794,-1,0.7370558242453907
0.4199894972553901,0.5229561753029552,0.5697474338923759,,,0.5058037903007865,0.5570743568967865,-0.15889226931085498,0.1,S48,late_abrupt,alpha_global,0.4199894972553901,0,0.8354519287635539
0.48201149211821853,0.4820114921182185,0.47307221311332937,,,0.4820114921182185,0.47307221311332937,0.15448910862602222,0.18181818181818182,S18,late_abrupt,beta_global,0.5731049379726505,-1,0.6441474902022096
0.4543075487345652,0.45430754873456514,0.5285222321235024,,,0.45430754873456514,0.5285222321235024,0.18818341161404836,0.375,S19,late_abrupt,beta_global,0.4543075487345652,0,0.34317668593178136
0.1514253026207944,0.15142530262079446,0.27898656585469556,,,0.15142530262079446,0.27898656585469556,-0.045266423684072174,0.1,S20,late_abrupt,beta_global,0.2117811250039268,3,0.8309598053497903
0.16857552573634446,0.30390400187829436,0.47195792195799124,-0.043478260869565195,-0.04347826086956522,0.2453008362003042,0.4718491132137307,0.18029702388209942,0.2222222222222222,S21,late_abrupt,beta_global,0.39038088541494687,3,0.8212713326623092
0.200063146264104,0.20006314626410404,0.2386132702444218,,,0.20006314626410404,0.2386132702444218,0.008503407281448947,0.1,S22,late_abrupt,beta_global,0.38089897886513274,3,0.6439229651725779
0.3618987348332571,0.4447411346008862,0.508278637722615,,,0.44172610429938625,0.5081632640659879,0.0008862570463302519,0.4444444444444444,S23,late_abrupt,beta_global,0.3618987348332571,0,0.8814676219902087
0.3507392801587168,0.3507392801587167,0.29244453881152765,,,0.3507392801587167,0.29244453881152765,-0.14010998272078692,0.1,S24,late_abrupt,beta_global,0.5064610912317871,2,0.36993258500482884
0.3308495605823117,0.33084956058231185,0.3875619265510039,,,0.33084956058231185,0.3875619265510039,0.2858181098781573,0.0,S25,late_abrupt,beta_global,0.42822501291787624,2,0.7377165024719574
0.4150597096612949,0.415059709661295,0.421348803014644,,,0.415059709661295,0.421348803014644,0.7952025476318865,0.25,S26,late_abrupt,beta_global,0.4400800009800948,-2,0.5082644823271035
-0.02749203877098952,-0.02749203877098951,0.11961161142638246,,,-0.02749203877098951,0.11961161142638246,-0.08809569126353978,0.2222222222222222,S27,late_abrupt,beta_global,0.5818342156582708,-2,0.9897494727165863
0.05775731413342674,0.05775731413342669,0.0740593020239912,,,0.05775731413342669,0.0740593020239912,0.026726124191242415,0.3333333333333333,S28,late_abrupt,beta_global,0.45000058160776957,-3,0.6358977729031592
0.47807796487308757,0.47807796487308774,0.372530807915339,,,0.47807796487308774,0.372530807915339,-0.10987645843734158,0.09090909090909091,S29,late_abrupt,beta_global,0.47807796487308757,0,0.4715332123680979
0.4544735079824117,0.5699228281751733,0.5776700455499795,,,0.5433053679944331,0.5740323920744637,0.09012991665288601,0.1,S30,late_abrupt,beta_global,0.4544735079824117,0,0.7523589678564447
0.39485342201219686,0.39485342201219686,0.412389584901788,,,0.39485342201219686,0.412389584901788,0.22672041417270786,0.3333333333333333,S31,late_abrupt,beta_global,0.39485342201219686,0,0.8951376850553979
0.38635623073303615,0.38635623073303615,0.3775070377717459,,,0.38635623073303615,0.3775070377717459,0.5965092175779602,0.1,S32,late_abrupt,beta_global,0.38635623073303615,0,0.8925440895595339
-0.096288748973117,-0.09628874897311704,-0.04764182066664186,,,-0.09628874897311704,-0.04764182066664186,0.07488756583513902,0.2,S33,late_abrupt,beta_global,0.29162356460458966,3,0.940737012414697
0.38978266796045763,0.38978266796045763,0.5379276469733829,,,0.38978266796045763,0.5379276469733829,-0.05948483174033503,0.1,S34,late_abrupt,beta_global,0.48690434222423634,-3,0.5215946409781262
0.24924809575577803,0.24924809575577797,0.2621978344543306,,,0.24924809575577797,0.2621978344543306,0.07377111135633178,0.1,S35,late_abrupt,beta_global,0.41996888671240906,1,0.6300571921376092
0.2675399086587714,0.26753990865877136,0.3909986361689044,,,0.26753990865877136,0.3909986361689044,-0.030006001800600205,0.0,S36,late_abrupt,beta_global,0.3656534409520294,2,0.5071292971838331
0.44668536251507074,0.5548615870334813,0.5777319120618726,,,0.5392896266985702,0.5777319120618726,0.020186835838891613,0.125,S37,late_abrupt,beta_global,0.44668536251507074,0,0.8183305679755785
0.10826051760825448,0.10826051760825453,0.35333885056488845,,,0.10826051760825453,0.35333885056488845,0.06672038187495141,0.18181818181818182,S38,late_abrupt,beta_global,0.6056928365178471,-2,0.4753142510548573
0.607131402942681,0.6071314029426811,0.759253817871493,,,0.6071314029426811,0.759253817871493,0.8202485523720048,0.75,S39,late_abrupt,beta_global,0.607131402942681,0,0.47414235202594657
-0.05091393288304942,-0.06354278134111911,0.09386959986392994,,,-0.061170375020661576,0.09389120640118559,-0.13991309925198847,0.0,S40,late_abrupt,beta_global,0.16851040065885856,-1,0.9129711943154308
0.17486528655127495,0.174865286551275,0.22462601285357728,,,0.174865286551275,0.22462601285357728,-0.13102084195565586,0.0,S41,late_abrupt,beta_global,0.2318333878302058,2,0.7133854916444842
0.4990315807566379,0.499031580756638,0.4616746635327134,,,0.499031580756638,0.4616746635327134,-0.01629748955291439,0.08333333333333333,S42,late_abrupt,beta_global,0.4990315807566379,0,0.6016644585152643
0.43602072019694726,0.4360207201969474,0.4577417396241736,,,0.4360207201969474,0.4577417396241736,0.18644954340885286,0.3333333333333333,S43,late_abrupt,beta_global,0.43602072019694726,0,0.7032544645176902
0.5323115227933843,0.5323115227933842,0.5129860055066972,,,0.5323115227933842,0.5129860055066972,0.545087745286781,0.2222222222222222,S44,late_abrupt,beta_global,0.5323115227933843,0,0.5064371249595241
0.0873756166764962,0.08737561667649618,0.27878392869914614,,,0.08737561667649618,0.27878392869914614,-0.05424458149120882,0.08333333333333333,S46,late_abrupt,beta_global,0.4297076902972177,-1,0.6209204205650664
0.3142954917675697,0.33802398703321007,0.054493724047581904,,,0.4318395962544472,0.054493724047581904,-0.03712691558397714,0.2727272727272727,S47,late_abrupt,beta_global,0.4795337531599869,3,0.847128486194694
0.34460206442108937,0.3446020644210894,0.5242351068629424,,,0.3446020644210894,0.5242351068629424,0.06556789707421865,0.1,S48,late_abrupt,beta_global,0.42866766810047674,-2,0.8196129863930126
0.05696849142311074,0.05696849142311075,0.0430568937214095,,,0.05696849142311075,0.0430568937214095,0.2705984308276205,0.2,S18,late_abrupt,mu_central,0.4119231806948357,1,0.9176207119045368
0.611658459915246,0.611658459915246,0.5249197848239449,,,0.611658459915246,0.5249197848239449,-0.02583880358235607,0.2857142857142857,S19,late_abrupt,mu_central,0.611658459915246,0,0.6061370334563461
0.0340323216681194,0.051970600028596034,0.15602666526311812,,,0.031391222820560116,0.1532084849515346,0.2589962284015206,0.1111111111111111,S20,late_abrupt,mu_central,0.3459897931202828,3,1.029266611236823
0.14130793712650166,0.18740123162455055,0.19341179830325733,,,0.15873111094066542,0.18703114626943446,0.5126121921468801,0.0,S21,late_abrupt,mu_central,0.3346192817171889,2,0.7969771541178806
0.26142113708897535,0.2614211370889752,0.2945475737406068,,,0.2614211370889752,0.2945475737406068,0.30977071363676034,0.1,S22,late_abrupt,mu_central,0.2885139425787658,-2,0.8354290225678652
0.20691741061306276,0.2069174106130628,0.18786197912307115,,,0.2069174106130628,0.18786197912307115,-0.11757624067673832,0.0,S23,late_abrupt,mu_central,0.5793331000649828,1,0.7029889140137585
0.19626716799471491,0.1962671679947149,0.28032863759748033,,,0.1962671679947149,0.28032863759748033,-0.012653051651129234,0.1,S24,late_abrupt,mu_central,0.5171253004754848,-2,0.7988067711245408
0.14752129864995578,0.203042764444114,0.4016771399833564,,,0.1583091434410065,0.39379815827649506,-0.07927385937800915,0.2,S25,late_abrupt,mu_central,0.44276563567284927,-2,0.7307961331945647
0.5413006843411222,0.5413006843411222,0.4118129459731703,,,0.5413006843411222,0.4118129459731703,0.02970605099621774,0.3,S26,late_abrupt,mu_central,0.5413006843411222,0,0.4698996380543798
0.4848717451620499,0.4848717451620497,0.5023149227643406,,,0.4848717451620497,0.5023149227643406,0.11341202657677786,0.1111111111111111,S27,late_abrupt,mu_central,0.514854218374907,-1,0.8719864350108983
0.5303408758124127,0.5303408758124128,0.401485533690373,,,0.5303408758124128,0.401485533690373,0.5390375800820287,0.18181818181818182,S28,late_abrupt,mu_central,0.5303408758124127,0,0.5308412787029603
0.24283325964250083,0.3119815685208555,0.5407986894054526,,,0.28283601018005444,0.5354356117633151,0.2284140686349854,0.1111111111111111,S29,late_abrupt,mu_central,0.5424126330752052,-2,0.7899776330764846
0.23517458851308518,0.27642947628757647,0.3305243782056702,,,0.2996282660384803,0.33703278763597266,-0.0891427951471866,0.09090909090909091,S30,late_abrupt,mu_central,0.5244329747252655,1,0.8724776042071183
-0.11597386062401245,-0.11597386062401242,-0.06347069617340315,,,-0.11597386062401242,-0.06347069617340315,-0.09076642177325393,0.0,S31,late_abrupt,mu_central,0.4441174749066341,-1,0.8869258036129419
0.3999762688736406,0.39997626887364046,0.16902766493839474,,,0.39997626887364046,0.16902766493839474,0.2445568552752947,0.2,S32,late_abrupt,mu_central,0.4243524622704188,-1,0.5469459660077883
0.4255313189904162,0.4255313189904161,0.36484567575609184,,,0.4255313189904161,0.36484567575609184,0.14088898730868943,0.09090909090909091,S33,late_abrupt,mu_central,0.49299278518716966,3,0.768586131733029
-0.16666758415930605,-0.1666675841593061,-0.2063520657529618,,,-0.1666675841593061,-0.2063520657529618,0.2915973453966773,0.0,S34,late_abrupt,mu_central,0.42307479289552635,-2,0.823593995792313
0.1152242641758663,0.11522426417586629,0.2650394669031839,,,0.11522426417586629,0.2650394669031839,0.122330154741344,0.2857142857142857,S35,late_abrupt,mu_central,0.641129634359052,2,0.5764318538481348
0.3897522816907029,0.4577648696298283,0.5290671134255478,,,0.4969293465978882,0.5290671134255478,0.2201638628936822,0.1111111111111111,S36,late_abrupt,mu_central,0.3897522816907029,0,0.7259779944541183
0.019990537156712954,0.023227043971209865,0.12029148587891497,,,0.025739571746884606,0.12029148587891497,0.012805153147569597,0.375,S37,late_abrupt,mu_central,0.2332234014295921,2,0.8967166978668901
0.30137157766462075,0.30137157766462086,0.6149851152085634,,,0.30137157766462086,0.6149851152085634,0.3610705962030113,0.0,S38,late_abrupt,mu_central,0.4810542936572488,3,0.7820297394186192
0.5631871889498333,0.5631871889498331,0.6059115203046461,,,0.5631871889498331,0.6059115203046461,0.5722925798859192,0.3,S39,late_abrupt,mu_central,0.5631871889498333,0,0.635168014667199
0.07453559924999299,0.07453559924999298,0.137751575751286,,,0.07453559924999298,0.137751575751286,0.4506374290295374,0.0,S40,late_abrupt,mu_central,0.2889122301948057,3,0.6287686097241847
0.332403547913636,0.3324035479136361,0.37010730866938757,,,0.3324035479136361,0.37010730866938757,-0.04189274107768257,0.09090909090909091,S41,late_abrupt,mu_central,0.46676757063114194,3,0.7814002898888998
0.6228293222897135,0.8049156175616852,0.8979223125564589,,,0.7206984188915667,0.8947368649321294,0.4762067429541956,0.5,S42,late_abrupt,mu_central,0.6228293222897135,0,0.8223503210719678
-0.06183048479154535,-0.06183048479154533,0.047833107363170375,,,-0.06183048479154533,0.047833107363170375,-0.10380684981717499,0.0,S43,late_abrupt,mu_central,0.4925368670139168,2,0.6954618928645891
0.36296690976715873,0.3629669097671587,0.3568252269867098,,,0.3629669097671587,0.3568252269867098,-0.1559895636217762,0.1,S44,late_abrupt,mu_central,0.4619938719500687,-2,0.806144534117142
0.42183235934233687,0.4218323593423369,0.5304164818780696,,,0.4218323593423369,0.5304164818780696,0.3109715368056966,0.3333333333333333,S46,late_abrupt,mu_central,0.4967127382900342,-3,0.6875816144791614
0.4378100886907612,0.4378100886907613,0.09592839200814132,,,0.4378100886907613,0.09592839200814132,-0.12366093538482793,0.07692307692307693,S47,late_abrupt,mu_central,0.4378100886907612,0,0.6220810309414762
0.30471371242316647,0.3047137124231666,0.4707108613518943,,,0.3047137124231666,0.4707108613518943,0.08257228238447703,0.2222222222222222,S48,late_abrupt,mu_central,0.30471371242316647,0,0.7688486834059755
0.5745547907268459,0.5745547907268459,0.5095860392711058,,,0.5745547907268459,0.5095860392711058,0.1718772836738084,0.3333333333333333,S18,late_abrupt,beta_central,0.5745547907268459,0,0.6646759999987647
0.3421447558290979,0.342144755829098,0.3595164512348519,,,0.342144755829098,0.3595164512348519,0.38486820307155944,0.125,S19,late_abrupt,beta_central,0.39693314205045543,-2,0.6733430259567188
0.2515426480059886,0.25154264800598874,0.3719554495037829,,,0.25154264800598874,0.3719554495037829,-0.08878002734154543,0.0,S20,late_abrupt,beta_central,0.35199961691508086,-2,0.5252040138782527
0.00952562749923192,0.02120676664401568,0.14173886976689545,,,0.002126160208926326,0.13771777289986287,-0.03857105467015984,0.2,S21,late_abrupt,beta_central,0.24697149933680873,1,1.016009373060653
0.3588969383137808,0.3588969383137809,0.4132347073617174,,,0.3588969383137809,0.4132347073617174,-0.0964898444685905,0.125,S22,late_abrupt,beta_central,0.5013535860052644,2,0.954827867047462
0.162213691516181,0.16221369151618098,0.17361675783345748,,,0.16221369151618098,0.17361675783345748,-0.021106861894485768,0.2,S23,late_abrupt,beta_central,0.25015761418637034,1,0.5248441117952661
0.17541709041565948,0.22667045199050267,0.3441596415128854,,,0.2030119116915246,0.3387513578963714,0.16165976353418104,0.1,S24,late_abrupt,beta_central,0.41239733572206994,2,1.0505518746033045
-0.015449892715544984,-0.015449892715544991,0.03493974989945093,,,-0.015449892715544991,0.03493974989945093,-0.05923204639446623,0.0,S25,late_abrupt,beta_central,0.5566431356653083,1,0.7351251862308056
0.10003497906947689,0.16323215627475263,0.1551475319229579,,,0.08180249887546105,0.13453818568889078,-0.05897678246195886,0.25,S26,late_abrupt,beta_central,0.23113969306493154,-2,0.9442927414384411
0.0959523171493896,0.0959523171493896,0.24922682129398682,,,0.0959523171493896,0.24922682129398682,0.13021739594415288,0.0,S27,late_abrupt,beta_central,0.4710860959801537,-3,0.9928030502320224
0.2013468165642073,0.20134681656420733,0.2460260559053388,,,0.20134681656420733,0.2460260559053388,0.36675578239690854,0.3,S28,late_abrupt,beta_central,0.6329680271949534,-1,0.5347711487408252
0.2624455845400285,0.3395241729149556,0.5170442764364472,,,0.30333359445457986,0.5170442764364472,0.7054405696449475,0.2222222222222222,S29,late_abrupt,beta_central,0.40065557888937964,2,0.7003789931875248
0.20635672710275443,0.2613806382589961,0.501286870253477,,,0.24408804813350832,0.5041766188266691,0.3494666751401272,0.2222222222222222,S30,late_abrupt,beta_central,0.5222685538695603,-3,0.7983701639335242
0.023121773563545476,0.023121773563545472,0.07557882577910956,,,0.023121773563545472,0.07557882577910956,-0.08274951061832987,0.0,S31,late_abrupt,beta_central,0.47134269319278677,2,0.953790936170756
0.11131368887160571,0.11131368887160573,0.16992493863936006,,,0.11131368887160573,0.16992493863936006,-0.15072142131211605,0.1,S32,late_abrupt,beta_central,0.5281890444755121,1,0.8144359209509142
0.11969778551569439,0.11969778551569442,0.3358219183526906,,,0.11969778551569442,0.3358219183526906,-0.06249673051605311,0.4444444444444444,S33,late_abrupt,beta_central,0.41324512137346614,3,0.7261407075113568
0.24793333318575783,0.2479333331857579,0.30585152401154736,,,0.2479333331857579,0.30585152401154736,-0.013002126021420967,0.0,S34,late_abrupt,beta_central,0.4434277739618928,-1,0.6094579094369597
0.2778585402266858,0.2778585402266858,0.39373547366387546,,,0.2778585402266858,0.39373547366387546,0.04316283160363922,0.1111111111111111,S35,late_abrupt,beta_central,0.4907742119455979,-3,0.4725649314409633
0.45253379564453394,0.45253379564453383,0.5449709193684802,,,0.45253379564453383,0.5449709193684802,0.011948872617308788,0.14285714285714285,S36,late_abrupt,beta_central,0.5934650345374535,-2,0.6141523088585507
0.4882302626136244,0.5966294323795611,0.5634775205127197,,,0.599285588008849,0.5634775205127197,0.04239752358237284,0.42857142857142855,S37,late_abrupt,beta_central,0.4924063718222865,2,0.6834651095342175
0.21521078910475522,0.21521078910475516,0.22492607401853978,,,0.21521078910475516,0.22492607401853978,-0.023900020235359035,0.16666666666666666,S38,late_abrupt,beta_central,0.5686982312816076,-1,0.5226173381605075
0.20528972483072438,0.2052897248307243,0.17932484066218238,,,0.2052897248307243,0.17932484066218238,0.21350876552126377,0.08333333333333333,S39,late_abrupt,beta_central,0.6591934037271343,-2,0.5497537384169806
-0.11684124756739721,-0.11684124756739714,0.1530125211608624,,,-0.11684124756739714,0.1530125211608624,0.01922721423134322,0.0,S40,late_abrupt,beta_central,0.4945017194746393,3,0.6565618135110397
0.13224718882493539,0.13224718882493539,0.1788433776667826,,,0.13224718882493539,0.1788433776667826,-2.4286128663675302e-17,0.2222222222222222,S41,late_abrupt,beta_central,0.5736685231890875,2,0.7069733802960388
-0.08044618883161826,-0.08044618883161828,0.01646370474404538,,,-0.08044618883161828,0.01646370474404538,-0.07375299587616872,0.06666666666666667,S42,late_abrupt,beta_central,0.29094618239852543,2,0.7215197712274332
0.13426901732747018,0.13426901732747024,0.20367327780620886,,,0.13426901732747024,0.20367327780620886,0.1077492789801539,0.2727272727272727,S43,late_abrupt,beta_central,0.5436684428289429,1,0.5486633670023471
-0.16222142113076263,-0.1622214211307626,-0.12513223126105177,,,-0.1622214211307626,-0.12513223126105177,-0.12454406608365243,0.08333333333333333,S44,late_abrupt,beta_central,0.5236149493520453,2,0.7429314855207328
0.20720629735377014,0.20720629735377014,0.25425392328187457,,,0.20720629735377014,0.25425392328187457,0.23972644195931003,0.1,S46,late_abrupt,beta_central,0.21409855335998954,1,0.595534725769724
0.1177263849180068,0.11772638491800683,0.034702973050223324,,,0.11772638491800683,0.034702973050223324,-0.09096908418780364,0.0,S47,late_abrupt,beta_central,0.5129259476656124,2,0.6745600454809653
0.34091441269450157,0.42009912508228753,0.5232532736395025,,,0.41496723197984536,0.5227950833823751,0.21536199530627134,0.2,S48,late_abrupt,beta_central,0.43340957454034335,-1,0.8658265129892158
0.12092840382777831,0.15614976542832354,0.28635347381331555,,,0.14006311935896137,0.28635347381331555,-0.03150641772326126,0.0,S18,early_gradual,theta_global,0.5640827639201411,-1,0.6345926575644436
0.03742960359512696,0.06544418878464497,0.32354929732750887,,,0.02623924129805886,0.32354929732750887,0.18587284600888562,0.25,S19,early_gradual,theta_global,0.4824213357565806,-3,0.9276072812453423
0.24447813591197304,0.321459807557753,0.5052197423905801,,,0.2773868786933765,0.5052197423905801,0.40649710173517767,0.3333333333333333,S20,early_gradual,theta_global,0.4977525892799056,3,0.9191053995927968
0.5196890669840102,0.5196890669840102,0.5391386804457345,,,0.5196890669840102,0.5391386804457345,0.36602566948852955,0.8571428571428571,S21,early_gradual,theta_global,0.6290257798490443,-1,0.690015966879144
0.14527180078699417,0.1452718007869941,0.19671738650633597,,,0.1452718007869941,0.19671738650633597,-0.0989941068666646,0.1111111111111111,S22,early_gradual,theta_global,0.6060104414045397,2,0.7118694401134841
0.041823855195579504,0.07405802897297294,0.09699375521113213,,,0.028389075332248034,0.09095447402916518,0.03520893951097651,0.18181818181818182,S23,early_gradual,theta_global,0.2526376751503942,3,1.1201583821519343
0.26270621104929825,0.26270621104929825,0.23766034933166996,,,0.26270621104929825,0.23766034933166996,0.15123606993980868,0.1,S24,early_gradual,theta_global,0.31792637186185285,1,0.805351125940467
0.5013113002929103,0.5013113002929103,0.5092166439313504,,,0.5013113002929103,0.5092166439313504,0.6934859432514224,0.125,S25,early_gradual,theta_global,0.5013113002929103,0,0.7672679283654606
0.21030394334566638,0.21030394334566638,0.34682201624599224,,,0.21030394334566638,0.34682201624599224,0.10302459374582904,0.1,S26,early_gradual,theta_global,0.5542869319861535,-1,0.5840306301198198
-0.07765147997305577,-0.07765147997305578,-0.03367633302151543,,,-0.07765147997305578,-0.03367633302151543,-0.07508659092211233,0.125,S27,early_gradual,theta_global,0.5003895144555505,3,0.7443467215989449
0.31653320500917614,0.3165332050091762,0.4058625060450181,,,0.3165332050091762,0.4058625060450181,0.5624979387289397,0.1,S28,early_gradual,theta_global,0.4624142033423913,1,0.8392713525132519
0.3639654111024837,0.3639654111024838,0.4710286713535061,,,0.3639654111024838,0.4710286713535061,-0.012123216124221806,0.0,S29,early_gradual,theta_global,0.6216748768472906,3,0.41270080529704234
0.4570328074894241,0.45703280748942404,0.41486465070910633,,,0.45703280748942404,0.41486465070910633,-0.11143562354005236,0.0,S30,early_gradual,theta_global,0.6047275194945718,-1,0.4968861917216803
0.18147526201940659,0.2834733547569205,0.38021487620609,,,0.16104843812850572,0.38021487620609,-0.02268337786998418,0.0,S31,early_gradual,theta_global,0.4605469762464946,-1,0.8800683438388057
-0.08965647625401124,-0.10385838753524622,0.11879922121862693,,,-0.11575423142303776,0.11879922121862693,-0.06576228827871407,0.1,S32,early_gradual,theta_global,0.054884524065573426,2,1.0170014557102034
-0.12256923042309643,-0.12119113190880161,-0.03226123768604587,,,-0.17904094079340088,-0.03226123768604587,-0.009703739960006867,0.375,S33,early_gradual,theta_global,0.4344187678184132,2,1.030097298762173
0.2202627636582221,0.22026276365822198,0.256069160358063,,,0.22026276365822198,0.256069160358063,-0.06035487455339139,0.09090909090909091,S34,early_gradual,theta_global,0.4865544294329245,-2,0.6107192434294006
0.027165350592418282,0.10605319773596848,0.2676932250049407,-0.07881104062391008,-0.07881104062391006,0.05425389466519641,0.2642628383779882,0.026792916664873455,0.1,S35,early_gradual,theta_global,0.3672503011227512,3,0.7984747946317129
-0.02145411468880025,-0.005022462973864565,0.04556130777011137,,,-0.04752917089684555,0.04556130777011137,-0.015036110849384417,0.1,S36,early_gradual,theta_global,0.21003242124790758,3,0.939486072297534
0.5510490974303642,0.5510490974303643,0.6864964329201085,,,0.5510490974303643,0.6864964329201085,-0.08135929617328845,0.1,S37,early_gradual,theta_global,0.5510490974303642,0,0.5818713385788227
-0.06062742820799007,-0.038267641149621535,0.037054863494465684,-0.06286946134619315,-0.06286946134619316,-0.08074518212815553,0.037054863494465684,0.05182835677183501,0.16666666666666666,S38,early_gradual,theta_global,0.21704587655794877,3,1.1528438152928138
0.10712155498503645,0.11956533446047055,0.1318826594348515,,,0.14282781570636058,0.1318826594348515,-0.11173452956209627,0.2,S39,early_gradual,theta_global,0.42887966571351355,2,0.9633180660845871
0.3037665094675388,0.3037665094675387,0.2501689815787444,,,0.3037665094675387,0.2501689815787444,-0.1455556274348955,0.1,S40,early_gradual,theta_global,0.3375440265627186,1,0.8494863817890973
-0.06532932659083879,-0.06532932659083876,-0.004949003524024997,,,-0.06532932659083876,-0.004949003524024997,-0.009557504399601034,0.0,S41,early_gradual,theta_global,0.5640576621750176,3,0.9030706596416498
0.47166316792515367,0.47166316792515367,0.44435487050750344,,,0.47166316792515367,0.44435487050750344,0.05752839535510213,0.0,S42,early_gradual,theta_global,0.47166316792515367,0,0.5725721775040943
0.26526804760681755,0.3455475315331961,0.41889684004190525,,,0.30422383016782334,0.4148354812005411,0.21700658146036753,0.75,S43,early_gradual,theta_global,0.26526804760681755,0,0.9584199056296302
-0.15618950441794285,-0.15618950441794283,-0.1634966104924125,,,-0.15618950441794283,-0.1634966104924125,0.018240032282770293,0.0,S44,early_gradual,theta_global,0.5476696997176905,-2,0.878173154341835
0.5908361057870087,0.5908361057870086,0.5332419604555844,,,0.5908361057870086,0.5332419604555844,0.17560582825383722,0.4444444444444444,S46,early_gradual,theta_global,0.5908361057870087,0,0.5519100158376629
0.03959038944480768,0.08647028903065943,0.27293739107608533,,,0.010505963827188335,0.26928658129811694,0.4279898709413797,0.1,S47,early_gradual,theta_global,0.3656243396541419,-3,1.0236019187234628
0.006460718838513899,0.04716229152992926,0.11226255234242725,,,-0.031336827003983325,0.10399111327564285,0.2315091653939543,0.2222222222222222,S48,early_gradual,theta_global,0.29570598302481976,-3,1.0773548822137764
0.36250716749246287,0.49088636435765887,0.555135055326043,,,0.39707122410051215,0.555135055326043,-0.025559003974798877,0.0,S18,early_gradual,alpha_global,0.36250716749246287,0,0.7568690644442571
0.04857955785013418,0.08272961827054894,0.2083455817410256,,,0.036265510392296786,0.2083455817410256,0.01915652570442302,0.2727272727272727,S19,early_gradual,alpha_global,0.4135354056676848,-2,0.9110170633142827
0.2205161738179964,0.22051617381799632,0.2927686893876406,,,0.22051617381799632,0.2927686893876406,-0.031706969266606336,0.1111111111111111,S20,early_gradual,alpha_global,0.5480494867571124,2,0.722312740347895
0.22992163098188081,0.22992163098188081,0.32103628645094084,,,0.22992163098188081,0.32103628645094084,-0.069055289383766,0.09090909090909091,S21,early_gradual,alpha_global,0.6093399822807719,-1,0.4168359719177229
-0.07180952651135206,-0.07180952651135201,-0.04268372033233729,,,-0.07180952651135201,-0.04268372033233729,0.22844072291798492,0.09090909090909091,S22,early_gradual,alpha_global,0.4248209491512335,-1,0.7674596330062562
0.01079877519316921,0.05314009661835749,0.10754309426384454,,,-0.026688607548068045,0.10128914310937034,0.05823738261018882,0.16666666666666666,S23,early_gradual,alpha_global,0.25159274202020454,-1,1.0741015444329476
0.5049341321762856,0.5049341321762857,0.5142637442516299,,,0.5049341321762857,0.5142637442516299,0.1739623781802541,0.1111111111111111,S24,early_gradual,alpha_global,0.5184478907262094,-3,0.5383516084184493
0.2006510185603175,0.24568966681702156,0.1847578211124557,,,0.24580294502547315,0.1847578211124557,0.2024577978038854,0.0,S25,early_gradual,alpha_global,0.48726936813992605,1,0.7825828492359548
0.1396443597472984,0.1396443597472985,0.33974445642464446,,,0.1396443597472985,0.33974445642464446,0.020183837333781887,0.0,S26,early_gradual,alpha_global,0.3918541043821415,1,0.626758179768472
0.27358782758229144,0.27358782758229133,0.2869393310374168,,,0.27358782758229133,0.2869393310374168,-0.03945794288164454,0.0,S27,early_gradual,alpha_global,0.6099356868548036,2,0.7839717812680347
0.30697762319383465,0.30697762319383465,0.3274289175736502,,,0.30697762319383465,0.3274289175736502,-0.013580563526310837,0.1111111111111111,S28,early_gradual,alpha_global,0.39757641865760607,2,0.562008484960019
0.11447282098290668,0.1608671339315381,0.33860473600373203,,,0.11953286689354678,0.3418257596633323,0.21693045781865625,0.16666666666666666,S29,early_gradual,alpha_global,0.3065552651303575,3,0.9593465384419416
0.3278196962279624,0.3278196962279624,0.5485993785172312,,,0.3278196962279624,0.5485993785172312,-0.12513468544834216,0.2222222222222222,S30,early_gradual,alpha_global,0.476612066047054,-1,0.7285963292741325
-0.014314062257536985,0.029182313290492583,0.06326816192859125,,,-0.06424446196788913,0.06326816192859125,-0.08103458599622597,0.16666666666666666,S31,early_gradual,alpha_global,0.5455055138713014,-2,0.9755116401233513
-0.11296856260529829,-0.12258195003643284,-0.061682907774406,,,-0.1541333853222046,-0.061682907774406,-0.07844039953358264,0.3,S32,early_gradual,alpha_global,0.3591999237453673,2,0.9989930878287635
0.10777113430332459,0.1774844850652884,0.40491659894696996,,,0.08649980297881353,0.40491659894696996,0.36646353123017134,0.09090909090909091,S33,early_gradual,alpha_global,0.16335508462026674,1,1.2158946716145411
0.5896922502525238,0.5896922502525238,0.6417148758556988,,,0.5896922502525238,0.6417148758556988,0.33567741614457447,0.42857142857142855,S34,early_gradual,alpha_global,0.5896922502525238,0,0.5105257313048863
0.22287202848911566,0.2683458267427241,0.24464070989718598,,,0.27757692099464504,0.24464070989718598,0.3213181179138722,0.0,S35,early_gradual,alpha_global,0.22308396871275785,-1,0.9829056034280277
0.5769242589717296,0.5769242589717295,0.633627571401306,,,0.5769242589717295,0.633627571401306,0.7028962492999742,0.3333333333333333,S36,early_gradual,alpha_global,0.5769242589717296,0,0.9501013369943421
0.36445414986157454,0.3644541498615746,0.4385531419134901,,,0.3644541498615746,0.4385531419134901,0.3837691156583528,0.125,S37,early_gradual,alpha_global,0.4781790012430904,1,0.802097329979731
0.2753656687749412,0.38768551512070776,0.5026766280564884,,,0.2868198660581406,0.5026766280564884,-0.09314297285881624,0.16666666666666666,S38,early_gradual,alpha_global,0.5883371074279751,2,1.0210424433355796
0.21846693811899612,0.2701012999569015,0.24135984368272098,,,0.26503122410282665,0.24135984368272098,0.12050540178940818,0.09090909090909091,S39,early_gradual,alpha_global,0.41988433393721697,-1,1.0321575654758237
0.16221702934947904,0.16221702934947896,0.1738903821837984,,,0.16221702934947896,0.1738903821837984,-0.13979047132184247,0.09090909090909091,S40,early_gradual,alpha_global,0.16221702934947904,0,0.7463706467437599
0.12362998224105899,0.12362998224105895,0.13455351514885627,,,0.12362998224105895,0.13455351514885627,-0.13332311556378773,0.0,S41,early_gradual,alpha_global,0.18949529526815792,1,0.5335086595519907
-0.07775106757172069,-0.08759357437106759,-0.06086737814284495,,,-0.10285686813630407,-0.06085359944925746,-0.10718374129314275,0.0,S42,early_gradual,alpha_global,0.3734748249905593,1,1.0440021872851393
0.2547256386691411,0.3233566894621727,0.4113545327033093,,,0.30059114968178235,0.4113545327033093,0.1412829114109398,0.25,S43,early_gradual,alpha_global,0.41222848373472876,-3,0.8854115230102978
0.5426760383587023,0.5426760383587023,0.38608772262670277,,,0.5426760383587023,0.38608772262670277,0.08233939475369949,0.375,S44,early_gradual,alpha_global,0.5426760383587023,0,0.40841811691613733
0.3311553843383151,0.42569122348420485,0.5716573136023487,,,0.3854704937199189,0.5716573136023487,-0.0031772940868681258,0.4444444444444444,S46,early_gradual,alpha_global,0.34504025827605195,1,0.9291280803183949
-0.023518283154484933,0.005728519478734345,-0.04896750064067493,,,-0.06333631283351576,-0.05174033975439849,-0.045807986897363824,0.07692307692307693,S47,early_gradual,alpha_global,0.37275609947497035,-2,0.8220189540468327
0.31445941531503724,0.437807942008174,0.45865186658704404,,,0.3324571703276051,0.4512585138747727,0.5318589152728962,0.14285714285714285,S48,early_gradual,alpha_global,0.31445941531503724,0,0.9434035864761794
0.23772509231697847,0.33079153879964346,0.4799013962282801,,,0.2515136364329793,0.4799013962282801,-0.025102185616940265,0.125,S18,early_gradual,beta_global,0.5819180439207656,2,0.6601569334658707
0.24032554467949932,0.3440325622817806,0.5170201377021724,,,0.2446423943394333,0.5170201377021724,0.2544173582164167,0.4,S19,early_gradual,beta_global,0.30674439490464944,-3,0.9011555352936845
0.4694569257103908,0.4694569257103907,0.5701146507500958,,,0.4694569257103907,0.5701146507500958,0.1143346220836661,0.2222222222222222,S20,early_gradual,beta_global,0.5111147365525678,3,0.6289164760189815
0.09363488534974022,0.09363488534974027,0.24461072977502715,,,0.09363488534974027,0.24461072977502715,0.5380275868489703,0.09090909090909091,S21,early_gradual,beta_global,0.24970765855888868,3,0.5837672687075981
0.050039212747665256,0.05003921274766522,0.06051303513203122,,,0.05003921274766522,0.06051303513203122,-0.11415741278435242,0.09090909090909091,S22,early_gradual,beta_global,0.5013845530229742,3,0.5577735401580161
0.19426092221808294,0.2541479120699572,0.29105831258292797,,,0.22169222432683772,0.29338945731541144,0.28145745616010903,0.0,S23,early_gradual,beta_global,0.25808942117418415,-1,1.1279282075804125
0.45636481002233337,0.4563648100223333,0.5554669072145719,,,0.4563648100223333,0.5554669072145719,-0.11739008385235382,0.2727272727272727,S24,early_gradual,beta_global,0.5072023321552585,2,0.5260612658592996
-0.05127108075577317,-0.05127108075577314,0.04133136544357677,,,-0.05127108075577314,0.04133136544357677,0.026247713677642087,0.2857142857142857,S25,early_gradual,beta_global,0.4637708405197035,3,0.9156842187826334
-0.028550029463909953,-0.02855002946390996,0.1180118280527,,,-0.02855002946390996,0.1180118280527,0.0035660426380502495,0.0,S26,early_gradual,beta_global,0.22787314449788426,2,0.9126701845468173
0.2616977435790809,0.2616977435790809,0.3804399106282726,,,0.2616977435790809,0.3804399106282726,0.8986944974698384,0.125,S27,early_gradual,beta_global,0.37603510069014223,3,0.7805304821392764
0.17151994573276277,0.2427520781138061,0.3913635247842233,,,0.1773842696413237,0.3913635247842233,0.4917357942275204,0.1,S28,early_gradual,beta_global,0.3857422086351157,1,0.8643617859708536
0.5095914713942736,0.5095914713942734,0.5987990744983782,,,0.5095914713942734,0.5987990744983782,0.8584415591863466,0.2222222222222222,S29,early_gradual,beta_global,0.7313668069122826,2,0.5924545556888109
0.6107097894196053,0.6107097894196053,0.6778675737881263,,,0.6107097894196053,0.6778675737881263,0.4342552086122822,0.1111111111111111,S30,early_gradual,beta_global,0.6107097894196053,0,0.6702328101631109
0.2723992412883811,0.37112508108078646,0.41364187154347,,,0.29611406639702315,0.41364187154347,-0.29033507179870205,0.2,S31,early_gradual,beta_global,0.2943988529492433,-2,0.8816840988684247
0.011488244991262282,0.06761354240749783,0.1522697929439424,,,-0.039473204138820515,0.1522697929439424,0.7733617996509431,0.3333333333333333,S32,early_gradual,beta_global,0.011488244991262282,0,0.9063727352761399
-0.1736111932782467,-0.19734083452283116,-0.10541612203611068,,,-0.227918002644582,-0.10541612203611068,0.10609283150154399,0.3,S33,early_gradual,beta_global,0.24270922702951067,-1,1.102789770847078
0.46149945224442757,0.46149945224442734,0.4424163096226778,,,0.46149945224442734,0.4424163096226778,-0.11483122566890942,0.2222222222222222,S34,early_gradual,beta_global,0.46149945224442757,0,0.5564776256710416
-0.15912158890393943,-0.180407752535905,-0.008594826416358736,,,-0.20935894733965593,-0.008594826416358736,-0.01854775831397821,0.1,S35,early_gradual,beta_global,0.31256188236510535,2,0.9368634635872674
0.36030187928883595,0.36030187928883595,0.463522438181369,,,0.36030187928883595,0.463522438181369,0.08845812273597388,0.3333333333333333,S36,early_gradual,beta_global,0.462806679540795,-2,0.8366160634723666
0.5545891117750864,0.5545891117750866,0.5904986179935022,,,0.5545891117750866,0.5904986179935022,-0.13316778674102203,0.0,S37,early_gradual,beta_global,0.638092453500573,-2,0.47951191451578773
0.20647950022294642,0.30853110968569597,0.4254139723296827,,,0.1972383082054083,0.4254139723296827,-0.007622048635334728,0.08333333333333333,S38,early_gradual,beta_global,0.5739270247679226,2,0.9464219026077776
0.29643161923114025,0.4797928905878938,0.4610890520864998,-0.04347826086956523,-0.04347826086956522,0.4529802279750919,0.4610890520864998,-0.08794855580726096,0.42857142857142855,S39,early_gradual,beta_global,0.29643161923114025,0,0.8418491705902202
0.16833092723137308,0.16833092723137297,0.14843060488449206,,,0.16833092723137297,0.14843060488449206,-0.10564207617509092,0.0,S40,early_gradual,beta_global,0.2930108666100576,-2,0.565356331763257
-0.08537643537162355,-0.08537643537162354,-0.03150890567767994,,,-0.08537643537162354,-0.03150890567767994,-0.1821755503755193,0.18181818181818182,S41,early_gradual,beta_global,0.5216273595336115,3,0.7611725167301534
0.19948933913855532,0.19948933913855527,0.20480307703519748,,,0.19948933913855527,0.20480307703519748,-0.11073729431511069,0.1,S42,early_gradual,beta_global,0.5765260049504711,-1,0.7541408114746933
0.1548243114826119,0.15482431148261178,0.16785521615971427,,,0.15482431148261178,0.16785521615971427,0.044211239893409394,0.18181818181818182,S43,early_gradual,beta_global,0.3854117188804144,1,0.5363379532905397
0.052657841483891854,0.05265784148389181,0.07937036815569518,,,0.05265784148389181,0.07937036815569518,-0.0582240866538286,0.0,S44,early_gradual,beta_global,0.4971170178570583,2,0.7374899306724509
0.24754614433925293,0.24754614433925293,0.24627271116200744,,,0.24754614433925293,0.24627271116200744,0.15204981668746584,0.2,S46,early_gradual,beta_global,0.5003904790080698,-3,0.6379094461954015
-0.05584215213355604,-0.02604219650190065,0.08403003816259896,,,-0.11074258236418255,0.08168975329707495,-0.01771430467382378,0.16666666666666666,S47,early_gradual,beta_global,0.2535063230036111,-3,0.7926501107522874
-0.17631548586626067,-0.1929083415733376,-0.1379662254778057,,,-0.23897463254990026,-0.1402186425024777,0.01971684969556321,0.2222222222222222,S48,early_gradual,beta_global,0.4355048294689579,3,1.1135461368630302
0.29769268671957044,0.4030054406101725,0.5602796398291925,,,0.32618974201098105,0.5602796398291925,-0.038378571294442256,0.14285714285714285,S18,early_gradual,mu_central,0.35363795538717024,2,0.9603877545019076
0.10434239451462339,0.13711360121036983,0.29120835320609617,,,0.11847202389063596,0.29120835320609617,0.12680589189493172,0.1,S19,early_gradual,mu_central,0.4014354285882066,3,0.9222258872871975
0.4120682407291618,0.41206824072916176,0.6213544903511959,,,0.41206824072916176,0.6213544903511959,0.03617635830412165,0.125,S20,early_gradual,mu_central,0.4120682407291618,0,0.5808683855539536
0.36342392162039616,0.4493559483386448,0.5646383616134211,,,0.44084721995255305,0.5646383616134211,-0.04322703745761662,0.25,S21,early_gradual,mu_central,0.36342392162039616,0,0.880573618786894
0.2244787156262551,0.224478715626255,0.5267948608671003,,,0.224478715626255,0.5267948608671003,0.5314953327205288,0.2222222222222222,S22,early_gradual,mu_central,0.46959110905492757,1,0.4298045389440647
0.12877639922143966,0.29631141785261417,0.35829259997537855,-0.07881104062391008,-0.07881104062391006,0.1688288204356148,0.3491163502625234,-0.06092277976483232,0.1111111111111111,S23,early_gradual,mu_central,0.4918633958043082,-1,0.948231077924222
0.37477855681415556,0.3747785568141554,0.47875806475172833,,,0.3747785568141554,0.47875806475172833,0.12419977720016973,0.2222222222222222,S24,early_gradual,mu_central,0.38649362086580563,1,0.6208781316940775
0.28619214171030594,0.2861921417103059,0.3548992837438559,,,0.2861921417103059,0.3548992837438559,0.5453390752855157,0.14285714285714285,S25,early_gradual,mu_central,0.6128952066552594,-1,0.6654053846807882
0.19780621851862193,0.197806218518622,0.3234375348872208,,,0.197806218518622,0.3234375348872208,0.009199698772720791,0.0,S26,early_gradual,mu_central,0.4205555987919091,2,0.8231480283133121
0.21122262038283188,0.21122262038283188,0.20051476224380665,,,0.21122262038283188,0.20051476224380665,0.08425678446926999,0.2,S27,early_gradual,mu_central,0.24675364483851936,1,0.7840395340619042
0.23086449936343392,0.28880007514798783,0.2966541320093329,,,0.2767001480155172,0.2931260199637755,-0.12143461619928415,0.08333333333333333,S28,early_gradual,mu_central,0.23086449936343392,0,0.9178484206786407
0.19245900743565708,0.26955340639955155,0.41164502586322194,,,0.20187295822032186,0.40833001324554496,-0.05794692059341051,0.36363636363636365,S29,early_gradual,mu_central,0.24803130758139727,-2,1.0316948126405885
0.26163970197517245,0.2616397019751725,0.34987749876151825,,,0.2616397019751725,0.34987749876151825,-0.14549879117782505,0.0,S30,early_gradual,mu_central,0.5329966818995708,-3,0.5829019092754538
0.05235090461141097,0.14723405481714227,0.2906949973585319,-0.07881104062391003,-0.07881104062391006,0.08862969964100072,0.28831948291782084,-0.17357733201469228,0.2727272727272727,S31,early_gradual,mu_central,0.45940605449743216,-3,0.9276420611096673
0.05956741797251325,0.06341303995428721,0.16543770023239782,,,0.08249673937346225,0.16543770023239782,-0.06228412863371624,0.375,S32,early_gradual,mu_central,0.24258722380312922,2,0.9611714875346008
0.08743013063199338,0.1083619918742606,0.17007020682131824,,,0.1057972163190005,0.17007020682131824,0.33753343245928197,0.09090909090909091,S33,early_gradual,mu_central,0.1912164668378552,-3,1.1052177442028555
0.3451166374387714,0.34511663743877113,0.44315118487908634,,,0.34511663743877113,0.44315118487908634,-0.11137182511927696,0.0,S34,early_gradual,mu_central,0.7317891173060179,1,0.6913089665589984
-0.11169682310415895,-0.11998601701258713,0.02736202357295457,,,-0.15361420548251725,0.02736202357295457,0.17377093852427572,0.0,S35,early_gradual,mu_central,0.22897613300033212,-1,1.1815935825507657
0.21091560134883353,0.21091560134883355,0.365182889642648,,,0.21091560134883355,0.365182889642648,-0.05390623518606735,0.25,S36,early_gradual,mu_central,0.3552234265118344,-1,0.922437902194933
0.6528124384711248,0.6528124384711249,0.6331134733944521,,,0.6528124384711249,0.6331134733944521,-0.09197273191711237,0.2857142857142857,S37,early_gradual,mu_central,0.6528124384711248,0,0.649734807449755
0.10292087993945202,0.15022956590956296,0.14815043443792578,,,0.10187407382034358,0.14815043443792578,-0.059093729324753604,0.16666666666666666,S38,early_gradual,mu_central,0.4614118899581572,3,0.9210651245879122
0.08063917988676343,0.10988435915503861,0.18849355274465546,,,0.08764048484403587,0.18849355274465546,-0.020816117915315534,0.07692307692307693,S39,early_gradual,mu_central,0.3364703969976857,1,0.8340461541326097
0.04823651326237459,0.08061229167489734,0.22918632686940532,,,0.03754255278891387,0.22918632686940532,-0.08032884319549694,0.1,S40,early_gradual,mu_central,0.1534959577153276,-2,0.9309037754092159
0.03498557142706597,0.03498557142706593,0.06341622617390645,,,0.03498557142706593,0.06341622617390645,-0.08289673268103591,0.0,S41,early_gradual,mu_central,0.40669732385251833,-3,0.6878010163683614
0.11544512818102846,0.1531874122483326,0.1995787991112745,,,0.12959424508538575,0.1995787991112745,0.10108676664653954,0.2222222222222222,S42,early_gradual,mu_central,0.24684936812457542,3,1.015117807799826
0.5280650719719496,0.5280650719719495,0.5662680839386951,,,0.5280650719719495,0.5662680839386951,0.46096094628243606,0.07692307692307693,S43,early_gradual,mu_central,0.5280650719719496,0,0.6805167063140211
0.11034916569590052,0.11034916569590054,0.17240652904981532,,,0.11034916569590054,0.17240652904981532,-0.02447600923673068,0.0,S44,early_gradual,mu_central,0.5805953223360542,1,0.763989285119939
0.5955344094231064,0.5955344094231065,0.5698673031473064,,,0.5955344094231065,0.5698673031473064,0.5397020667280162,0.36363636363636365,S46,early_gradual,mu_central,0.5955344094231064,0,0.5859250274994834
0.16249431828956654,0.2512695396370259,0.4219579029983057,,,0.14675862627381225,0.4129686073401401,0.3686048903872427,0.3,S47,early_gradual,mu_central,0.3698263254289992,3,0.9204339879785525
0.20314295873975272,0.30394248622246167,0.338344886556706,,,0.19365410752918905,0.332387310918408,0.7490483337064199,0.0,S48,early_gradual,mu_central,0.3259075948112609,2,1.1135075980696756
0.22313800505217612,0.3148454802712976,0.5036377547226941,,,0.2317287743291087,0.5036377547226941,0.23609608232494275,0.0,S18,early_gradual,beta_central,0.5392914170940004,2,0.6498337529687875
-0.04505147589259205,-0.016890667422292005,0.07969204257219858,-0.04347826086956523,-0.04347826086956522,-0.07478549938591891,0.07969204257219858,0.46175709653961006,0.0,S19,early_gradual,beta_central,0.7290626244921301,3,0.6406523973157556
0.19009938260870302,0.19009938260870302,0.28609923332570797,,,0.19009938260870302,0.28609923332570797,0.10802653671946606,0.1111111111111111,S20,early_gradual,beta_central,0.3753087992835564,-2,0.7311003990124199
0.5207839897143444,0.5207839897143444,0.5942428229286347,,,0.5207839897143444,0.5942428229286347,0.5828401147976233,0.2222222222222222,S21,early_gradual,beta_central,0.5944495776778009,-2,0.5975523812813847
0.07038759501710255,0.07038759501710247,0.20383848489274117,,,0.07038759501710247,0.20383848489274117,0.05697001318001405,0.08333333333333333,S22,early_gradual,beta_central,0.5489498989229955,1,0.6302940042624237
-0.05120777426754522,-0.043523072281479634,0.055291678972964005,,,-0.08190984553762873,0.05368018942127345,0.014885878216478814,0.25,S23,early_gradual,beta_central,0.30243656203827474,2,1.0203613434249623
0.3334833567820917,0.3334833567820916,0.5160795269486521,,,0.3334833567820916,0.5160795269486521,0.15121279389966472,0.25,S24,early_gradual,beta_central,0.5948648035363954,1,0.6879693620290873
0.13831431682183676,0.13831431682183676,0.17685338704416648,,,0.13831431682183676,0.17685338704416648,0.10839440602948865,0.1,S25,early_gradual,beta_central,0.5444797280571664,3,0.8493232742439735
0.22440354720879596,0.22440354720879602,0.37286607854404563,,,0.22440354720879602,0.37286607854404563,0.06915678229276433,0.1111111111111111,S26,early_gradual,beta_central,0.48056091364366305,-1,0.5500743178847919
-0.03132594710538131,-0.03132594710538129,0.11220197579601322,,,-0.03132594710538129,0.11220197579601322,0.025844021328314606,0.0,S27,early_gradual,beta_central,0.40451067342850705,1,0.768186715739833
0.4119994400105477,0.4119994400105479,0.5302288760644461,,,0.4119994400105479,0.5302288760644461,0.47818549409340916,0.125,S28,early_gradual,beta_central,0.5132917558492159,3,0.8595011483713035
0.5986120928082934,0.5986120928082932,0.6648950790224479,,,0.5986120928082932,0.6648950790224479,0.14717026189611596,0.3333333333333333,S29,early_gradual,beta_central,0.5986120928082934,0,0.285900369951156
0.3365592446599484,0.3365592446599485,0.3507394827034173,,,0.3365592446599485,0.3507394827034173,-0.06853282586284594,0.0,S30,early_gradual,beta_central,0.496825292516612,-2,0.7997582962691568
0.1269261378090175,0.20766965266046605,0.30874067354863666,,,0.1032346199938064,0.30874067354863666,-0.08171559266982238,0.0,S31,early_gradual,beta_central,0.6163633256619796,-2,0.8171893427615915
-0.11331427360383259,-0.1070759555708373,-0.003876378481249355,,,-0.17048619533267723,-0.003876378481249355,-0.0403825634416471,0.1,S32,early_gradual,beta_central,-0.032614499379363796,2,1.0452989936199104
0.12487610323249859,0.15620611055521155,0.21946609680663848,,,0.14967662343152702,0.21946609680663848,0.31422055188655645,0.15384615384615385,S33,early_gradual,beta_central,0.20993605897541176,1,1.0411579073815374
0.31862228206019727,0.3186222820601971,0.26358881258748934,,,0.3186222820601971,0.26358881258748934,-0.10362818083695503,0.125,S34,early_gradual,beta_central,0.5971659871006872,-1,0.7362022313571707
0.10873476582057132,0.15897603457243867,0.21376924673326747,,,0.10736865898898162,0.21376924673326747,-0.048607047267216985,0.2727272727272727,S35,early_gradual,beta_central,0.2152512051545955,-2,1.05487643127265
0.5361593452522545,0.5361593452522544,0.5649973637762665,,,0.5361593452522544,0.5649973637762665,-0.07370502786865087,0.2222222222222222,S36,early_gradual,beta_central,0.5361593452522545,0,0.727442213156434
0.014968740043498059,0.013653441117866157,0.10616845236843218,,,0.023012334081070125,0.11661903828389306,-0.13788224124169388,0.18181818181818182,S37,early_gradual,beta_central,0.1893202256210352,1,1.0549080711350898
-0.05300903713873831,-0.058942913057615266,0.010025676788422587,,,-0.07090217968853671,0.010025676788422587,-0.09857755250619119,0.1,S38,early_gradual,beta_central,0.36785983172502684,-3,1.0700306014399972
0.14294061004282746,0.17758883192161629,0.19032444456757364,,,0.17254272620545968,0.19032444456757364,-0.10176568961348843,0.2222222222222222,S39,early_gradual,beta_central,0.5452647200103748,1,0.94938725784662
-0.025140498493260315,-0.02514049849326033,0.05910782520015576,,,-0.02514049849326033,0.05910782520015576,0.10050343000778192,0.2,S40,early_gradual,beta_central,0.4275477642508589,-2,0.7498948896984344
0.05475298220522586,0.05475298220522581,0.10861115855738923,,,0.05475298220522581,0.10861115855738923,-0.1365842909939565,0.3,S41,early_gradual,beta_central,0.32803235453372387,2,0.762533495507734
0.3053661304655818,0.3053661304655817,0.3369137040364138,,,0.3053661304655817,0.3369137040364138,-0.02563118013467856,0.16666666666666666,S42,early_gradual,beta_central,0.38293463191485605,1,0.6817402638095592
0.1459722703738091,0.14597227037380914,0.18504853289699666,,,0.14597227037380914,0.18504853289699666,-0.09673481719417669,0.06666666666666667,S43,early_gradual,beta_central,0.45364018108717247,-1,0.6516038619675192
0.2612468508042841,0.3150562502717043,0.3949290053124847,,,0.3248652311077968,0.3949290053124847,0.1501169150255766,0.2,S44,early_gradual,beta_central,0.43432969272013944,2,0.8465000223012764
0.13388320874660894,0.13388320874660894,0.20817178588499155,,,0.13388320874660894,0.20817178588499155,0.2482644157461681,0.06666666666666667,S46,early_gradual,beta_central,0.7455806344905582,1,0.49829522827837
-0.09850556587067637,-0.09234186009499215,0.03795749830152624,,,-0.1489465131122822,0.031307649318881844,-0.042040563488583406,0.0,S47,early_gradual,beta_central,0.3063955890587605,-2,0.9231043681381138
-0.03364178820713747,-0.016525065970467226,0.1771290137247778,,,-0.0658801491718001,0.17332601772523534,0.1078681246156947,0.125,S48,early_gradual,beta_central,0.29356456651846236,1,1.049023364750642
0.5318385958355913,0.5318385958355913,0.5892698194354705,,,0.5318385958355913,0.5892698194354705,0.39699056844799196,0.36363636363636365,S18,late_gradual,theta_global,0.605438838002462,-2,0.7115645285094231
0.37440833435393495,0.4739830572600121,0.5301633262762934,,,0.44312631735248614,0.5301633262762934,0.09682667913057671,0.1111111111111111,S19,late_gradual,theta_global,0.611184292232101,-2,0.7940129682441502
0.10023325158033325,0.10023325158033328,0.22418988274872198,,,0.10023325158033328,0.22418988274872198,-0.061088283865697035,0.08333333333333333,S20,late_gradual,theta_global,0.3773752577774118,-1,0.5965781966885164
0.06783612903454364,0.08687599787623168,0.18463823159404882,,,0.07928790438399914,0.18463823159404882,-0.11740572141747196,0.0,S21,late_gradual,theta_global,0.4007679473538695,2,1.0011092849413168
0.027420424855354068,0.027420424855354078,0.16165341435525707,,,0.027420424855354078,0.16165341435525707,-0.06934773147997833,0.09090909090909091,S22,late_gradual,theta_global,0.3940562251072968,-1,0.485263275730307
0.19538331044160975,0.19538331044160967,0.2669296139219159,,,0.19538331044160967,0.2669296139219159,0.05811977372557539,0.2727272727272727,S23,late_gradual,theta_global,0.29415962338858515,2,0.8334080897262834
0.36213206955829025,0.45132278978573426,0.4266101005543394,,,0.43571600013014167,0.4266101005543394,-0.06920068493496785,0.3333333333333333,S24,late_gradual,theta_global,0.36213206955829025,0,0.9313146586422619
-0.0495265332710348,-0.04952653327103483,0.05318752679355065,,,-0.04952653327103483,0.05318752679355065,0.14217729913055813,0.1,S25,late_gradual,theta_global,0.17352940009705237,-2,0.8266256183420186
0.2194719355202106,0.21947193552021058,0.27938344369021934,,,0.21947193552021058,0.27938344369021934,0.19437538433509424,0.3,S26,late_gradual,theta_global,0.34957487065977483,-2,0.8615215659635975
0.6319455165455974,0.6319455165455975,0.5450042323747278,,,0.6319455165455975,0.5450042323747278,0.0,0.1,S27,late_gradual,theta_global,0.6319455165455974,0,0.5087119712833095
0.23274573923751607,0.23274573923751604,0.27551494119168324,,,0.23274573923751604,0.27551494119168324,-0.12329087568408503,0.0,S28,late_gradual,theta_global,0.4311493635408828,2,0.6649844023326948
0.1055579027229002,0.15636846806306964,0.2776484636839852,,,0.10219453192637891,0.273602604236838,-0.022956681438339396,0.3333333333333333,S29,late_gradual,theta_global,0.38083108217803585,-3,0.959376984768587
0.3721639329686896,0.48897687198174966,0.5582573199985648,,,0.4226348644589022,0.5506644948969996,-0.08099910204801333,0.0,S30,late_gradual,theta_global,0.42756292157969655,1,0.9437183694997565
0.13788746907993488,0.13788746907993488,0.17890239754604362,,,0.13788746907993488,0.17890239754604362,0.10663687632263147,0.2222222222222222,S31,late_gradual,theta_global,0.4091667522719591,1,0.8530830581801118
-0.24802066487471072,-0.24802066487471072,-0.08278070454482361,,,-0.24802066487471072,-0.08278070454482361,-0.06607502099892033,0.1111111111111111,S32,late_gradual,theta_global,0.41378776983427074,-1,0.8428956523127693
0.07762618736052926,0.07762618736052927,0.10720275366920222,,,0.07762618736052927,0.10720275366920222,-0.16896941868819704,0.4444444444444444,S33,late_gradual,theta_global,0.1961962782081038,-2,0.6835936553446613
0.4052581424089749,0.405258142408975,0.5011239512153179,,,0.405258142408975,0.5011239512153179,0.8284561235074772,0.2222222222222222,S34,late_gradual,theta_global,0.4052581424089749,0,0.8309182308249107
0.2564112970341854,0.25641129703418536,0.3743774105004324,,,0.25641129703418536,0.3743774105004324,-0.27995045936960855,0.3333333333333333,S35,late_gradual,theta_global,0.2564112970341854,0,0.9392952489331646
0.07615446736568672,0.07615446736568676,0.08508757739215138,,,0.07615446736568676,0.08508757739215138,-0.09231376798203432,0.08333333333333333,S36,late_gradual,theta_global,0.4803602846490085,-2,0.8840862598232292
0.09718319447633247,0.21220147886927904,0.36048511834620106,-0.06286946134619315,-0.06286946134619316,0.14221756590591156,0.3438176848860897,-0.052105010571890625,0.07692307692307693,S37,late_gradual,theta_global,0.2828156562776977,1,0.9162549315347285
0.10003586761702168,0.12337846154696518,0.2677188511449557,,,0.12165837009134525,0.27153122551957326,0.010111561737561026,0.42857142857142855,S38,late_gradual,theta_global,0.25316963672396986,-3,0.8651198208668076
0.06111103856718625,0.06111103856718626,0.1290519341803579,,,0.06111103856718626,0.1290519341803579,-0.05895969517130267,0.0,S39,late_gradual,theta_global,0.47175959876610984,3,0.7174712844481481
0.14731152711548764,0.16955497887320234,0.1160084723932787,,,0.1912830957899106,0.1160084723932787,-0.10915422853120717,0.0,S40,late_gradual,theta_global,0.40323809106198266,2,0.862456823075632
0.519635782062952,0.5196357820629519,0.6233919663630761,,,0.5196357820629519,0.6233919663630761,0.0672647460851857,0.4444444444444444,S41,late_gradual,theta_global,0.5903697391988071,-3,0.8248375076627931
0.009248213036393461,0.009248213036393477,-0.020491822400482213,,,0.009248213036393477,-0.020491822400482213,-0.18083303359016742,0.2,S42,late_gradual,theta_global,0.33729137912694795,-3,0.9601643222956409
0.4186091791394607,0.4186091791394607,0.48910096207178433,,,0.4186091791394607,0.48910096207178433,-0.06351493124276998,0.0,S43,late_gradual,theta_global,0.479177053336999,2,0.8136593461159006
0.45103858449319784,0.4510385844931977,0.6275864433987555,,,0.4510385844931977,0.6275864433987555,0.855251291322138,0.2222222222222222,S44,late_gradual,theta_global,0.5136565968227585,-3,0.4328335161439619
0.34859963563411883,0.4406916482536983,0.6036042142809888,,,0.4131995835700293,0.6036042142809888,0.09206288995239655,0.2,S46,late_gradual,theta_global,0.34859963563411883,0,0.9510172896539096
0.17359064501269736,0.22701237439819713,0.24496181080794469,,,0.19819613000352104,0.23054327572557562,0.010758131429661677,0.15384615384615385,S47,late_gradual,theta_global,0.4171300081683344,-3,0.8985977802707029
0.2905029073451174,0.47291687054654674,0.5427144962381333,-0.04347826086956519,-0.04347826086956522,0.44207011235837035,0.5427144962381333,0.13413608301728472,0.1,S48,late_gradual,theta_global,0.5832116704053314,-3,0.7556242370481634
0.07723146199477435,0.0772314619947743,0.1972358822093529,,,0.0772314619947743,0.1972358822093529,0.03924413183729607,0.14285714285714285,S18,late_gradual,alpha_global,0.20335305154997246,-3,0.9129874925927794
0.17758033979848262,0.30190691768612504,0.4459092229433473,-0.04347826086956519,-0.04347826086956522,0.274312362578888,0.4459092229433473,-0.06403904926322064,0.09090909090909091,S19,late_gradual,alpha_global,0.4609477629232459,2,0.939899866012241
0.025879624829248826,0.02587962482924884,-0.025945994188758398,,,0.02587962482924884,-0.025945994188758398,-0.1608411688909438,0.0,S20,late_gradual,alpha_global,0.4629627600202498,-3,0.705466808682838
-0.16350082546299272,-0.21349799846564657,-0.2259512688315023,,,-0.18699559644253674,-0.2259512688315023,-0.11501725717016564,0.1111111111111111,S21,late_gradual,alpha_global,0.4720128908470678,-2,1.004095853710363
0.035952860749785265,0.035952860749785244,-0.08146901262235476,,,0.035952860749785244,-0.08146901262235476,-0.003643597788679328,0.09090909090909091,S22,late_gradual,alpha_global,0.4451554339571301,1,0.40658922772647776
0.377095930400635,0.37709593040063516,0.2996052157530986,,,0.37709593040063516,0.2996052157530986,0.310459624372785,0.5555555555555556,S23,late_gradual,alpha_global,0.377095930400635,0,0.8050427846930795
-0.09503500187341055,-0.10926604951199242,-0.07815547372638994,,,-0.12352121278230682,-0.07815547372638994,-0.08052836328180348,0.0,S24,late_gradual,alpha_global,0.22277338252278397,-2,0.9779695231873834
0.4282115439422898,0.4282115439422898,0.35323081352641744,,,0.4282115439422898,0.35323081352641744,0.08511922825582899,0.4,S25,late_gradual,alpha_global,0.4282115439422898,0,0.7307844757852385
0.2822733730016999,0.2822733730016998,0.5007356018319702,,,0.2822733730016998,0.5007356018319702,0.04855701580300512,0.16666666666666666,S26,late_gradual,alpha_global,0.5291313953690837,1,0.5476674278633745
0.3703469131729943,0.3703469131729944,0.24806414446235714,,,0.3703469131729944,0.24806414446235714,0.5478467998924975,0.23076923076923078,S27,late_gradual,alpha_global,0.3703469131729943,0,0.7413589719719231
-0.06062636878850521,-0.06062636878850519,-0.0540980981427994,,,-0.06062636878850519,-0.0540980981427994,-0.061868822488974594,0.0,S28,late_gradual,alpha_global,0.5001090709970883,2,0.6873308264032133
-0.011573496139176246,0.006085994036722803,0.09697524300007557,,,-0.03443515411777572,0.08885305433602118,-0.05546507312531115,0.2,S29,late_gradual,alpha_global,0.29500567774975195,-3,0.7925373136379189
0.12768813431029333,0.24900053566541128,0.249955526765872,-0.06286946134619313,-0.06286946134619316,0.19693332861166174,0.23368054199689567,-0.08267830417454021,0.1,S30,late_gradual,alpha_global,0.5371472781279956,1,0.6643015220146858
0.10240030480192891,0.10240030480192892,0.14951158704731538,,,0.10240030480192892,0.14951158704731538,0.04591448562097675,0.1111111111111111,S31,late_gradual,alpha_global,0.4672611628826679,1,0.9443718433984847
-0.06336238768492668,-0.06336238768492664,0.03605488396294659,,,-0.06336238768492664,0.03605488396294659,-0.07680904831541283,0.0,S32,late_gradual,alpha_global,0.6003925657622493,-2,0.9142389624587471
0.058865300600330024,0.06334474168091253,0.07371352264636274,,,0.0808452083454443,0.07371352264636274,0.06573165793036716,0.2,S33,late_gradual,alpha_global,0.2855062648838931,-2,0.7771309657567848
0.19657169007286826,0.19657169007286818,0.38474785678359646,,,0.19657169007286818,0.38474785678359646,0.027330548124430948,0.25,S34,late_gradual,alpha_global,0.47412662764718216,-2,0.5842383652552315
0.14732338600612147,0.14732338600612155,0.4249232800787198,,,0.14732338600612155,0.4249232800787198,0.2552123618581525,0.0,S35,late_gradual,alpha_global,0.3515179389995646,3,0.8165051048676413
0.22866478019001168,0.22866478019001177,0.37882275953341876,,,0.22866478019001177,0.37882275953341876,0.024773778610404643,0.18181818181818182,S36,late_gradual,alpha_global,0.5517809329557333,2,0.5535063597619003
0.25932678079287785,0.3305887536734384,0.4857549588308368,,,0.30462953590769754,0.4857549588308368,-0.046654586877438335,0.1111111111111111,S37,late_gradual,alpha_global,0.5499735970545166,2,0.6703157492352336
0.3583686560589316,0.35836865605893187,0.43518098937850885,,,0.35836865605893187,0.43518098937850885,0.24310497945005713,0.3333333333333333,S38,late_gradual,alpha_global,0.6046243458653915,-3,0.6244326521933253
0.10020462637002095,0.10020462637002095,0.1796727376760808,,,0.10020462637002095,0.1796727376760808,-0.09266910691388862,0.1111111111111111,S39,late_gradual,alpha_global,0.5808436517042365,1,0.612325373894223
0.4999155805012429,0.49991558050124285,0.6257665653019979,,,0.49991558050124285,0.6257665653019979,0.28381948003192126,0.6666666666666666,S40,late_gradual,alpha_global,0.4999155805012429,0,0.5853943327829081
0.31304843363927143,0.3130484336392715,0.510381343984725,,,0.3130484336392715,0.510381343984725,0.11609086505314302,0.16666666666666666,S41,late_gradual,alpha_global,0.3902536982861301,3,0.6594697984873743
0.1314935322735489,0.1314935322735489,0.24591956407241414,,,0.1314935322735489,0.24591956407241414,0.1517423959645814,0.0,S42,late_gradual,alpha_global,0.1968143293866461,-2,0.6681699084898634
0.41323590974994784,0.41323590974994784,0.48492973422926566,,,0.41323590974994784,0.48492973422926566,0.006544559241967455,0.25,S43,late_gradual,alpha_global,0.5094777569850402,1,0.7279577669122086
0.2554405296820316,0.25544052968203157,0.3689854377493509,,,0.25544052968203157,0.3689854377493509,0.35152798405237057,0.1,S44,late_gradual,alpha_global,0.5878869770827446,-3,0.6890233547126527
-0.007540678377568219,-1.3010426069826053e-17,0.022274921542537778,,,-0.018470814339480272,0.022274921542537778,0.1314494529027835,0.2222222222222222,S46,late_gradual,alpha_global,0.38831201097276435,-3,1.1229930630961527
0.10365089221773893,0.13700868043455933,0.23416195355374317,,,0.11688311688311684,0.2253745661004717,0.23765653627882233,0.08333333333333333,S47,late_gradual,alpha_global,0.3476613621382354,-2,0.7484340391091323
0.2239152114848596,0.28392297956970625,0.41250153409946705,,,0.2645550342155835,0.41250153409946705,0.03837490794363637,0.3333333333333333,S48,late_gradual,alpha_global,0.4486163444118184,-2,0.8239267596353335
0.49677419354838714,0.49677419354838703,0.6082566953018683,,,0.49677419354838703,0.6082566953018683,0.24821134478005144,0.375,S18,late_gradual,beta_global,0.6501489664982594,2,0.3505135891353313
0.29812334993184386,0.36992774637715037,0.4992217000480733,,,0.3603223413650607,0.4992217000480733,-0.01295500551262592,0.42857142857142855,S19,late_gradual,beta_global,0.29812334993184386,0,0.9083001095219426
1.8503717077085938e-17,-8.326672684688674e-17,-0.03776817981712336,,,-8.326672684688674e-17,-0.03776817981712336,-0.1362141939424269,0.08333333333333333,S20,late_gradual,beta_global,0.43551204263888676,2,0.7740710757368495
-0.042931304410376195,-0.05092133875359754,-0.023327239810048177,,,-0.054238451043921124,-0.023327239810048177,0.05266170075488343,0.18181818181818182,S21,late_gradual,beta_global,0.35143170258405426,-1,0.8431513241082021
0.2649202224302474,0.26492022243024727,0.4092563171726816,,,0.26492022243024727,0.4092563171726816,0.1968319010629648,0.25,S22,late_gradual,beta_global,0.4158265142892772,-3,0.7649874708716693
0.3444458658438761,0.34444586584387615,0.3758124419684308,,,0.34444586584387615,0.3758124419684308,0.4181698637358717,0.3,S23,late_gradual,beta_global,0.3444458658438761,0,0.7804103585414086
-0.12064878754805515,-0.14582958482844163,-0.12954731595313157,,,-0.14969838274974612,-0.12954731595313157,-0.01503734499446058,0.125,S24,late_gradual,beta_global,0.2951646364358796,-3,1.1518935999885203
0.06192636597295808,0.0619263659729581,0.11524077930715523,,,0.0619263659729581,0.11524077930715523,0.07373901428129025,0.09090909090909091,S25,late_gradual,beta_global,0.3960396870935704,-1,0.8338777523920401
0.34840102451098115,0.3484010245109812,0.4530164268613207,,,0.3484010245109812,0.4530164268613207,0.07004598961153402,0.4166666666666667,S26,late_gradual,beta_global,0.5067421608318368,2,0.6588721462659939
0.3691017276324167,0.4656509513508272,0.5440819375577403,,,0.4384599445283278,0.5400337282138429,0.43291592885661984,0.36363636363636365,S27,late_gradual,beta_global,0.3691017276324167,0,1.0266403670488702
0.04436903002234436,0.04436903002234427,0.12275140478263694,,,0.04436903002234427,0.12275140478263694,0.19289292777568545,0.1,S28,late_gradual,beta_global,0.39497716789308374,1,0.7652904017942583
-0.028765497410879828,-0.028765497410879748,0.08763625552287774,,,-0.028765497410879748,0.08763625552287774,0.1737754733448471,0.0,S29,late_gradual,beta_global,0.09765545389201509,-3,0.8800807818789089
0.16444683315626876,0.22822159868526268,0.25618101106806274,,,0.17458923236419435,0.2464691724014644,-0.08679383275947353,0.0,S30,late_gradual,beta_global,0.4363157089331734,-1,0.9052852647305042
0.20904087148595385,0.2090408714859538,0.2720605165869765,,,0.2090408714859538,0.2720605165869765,-0.12525770851638363,0.0,S31,late_gradual,beta_global,0.3851053153259437,-1,0.8563261066041169
0.05462813053764896,0.05462813053764899,0.02901449336575188,,,0.05462813053764899,0.02901449336575188,0.06515551678440734,0.1111111111111111,S32,late_gradual,beta_global,0.41047813579549675,2,0.811077002768818
-0.29326697963137766,-0.29326697963137754,-0.2757484027462455,,,-0.29326697963137754,-0.2757484027462455,-0.15085028471259537,0.09090909090909091,S33,late_gradual,beta_global,0.31347634939450825,3,0.7781761807533792
0.10643018617868305,0.10643018617868295,0.3155952120620963,,,0.10643018617868295,0.3155952120620963,-0.04833114521489189,0.2,S34,late_gradual,beta_global,0.4543181693743144,3,0.7583208425625696
0.3866126480375952,0.3866126480375953,0.47523376095979164,,,0.3866126480375953,0.47523376095979164,0.05908666983350461,0.1,S35,late_gradual,beta_global,0.4257022988867845,-3,0.9451792846600668
0.20284185005912705,0.20284185005912705,0.16861075362876335,,,0.20284185005912705,0.16861075362876335,-0.06065765692792035,0.16666666666666666,S36,late_gradual,beta_global,0.5155751667226343,-2,0.6796934812459248
0.48735918611067996,0.6024927285093636,0.5510612984023335,,,0.5912885989199048,0.5510612984023335,-0.13375487963421187,0.09090909090909091,S37,late_gradual,beta_global,0.48735918611067996,0,0.8324283149998687
0.0586883027285054,0.058688302728505434,0.18931439145612886,,,0.058688302728505434,0.18931439145612886,-0.12928846319570328,0.09090909090909091,S38,late_gradual,beta_global,0.5615529696403632,2,0.5120508657957823
0.1591226471578185,0.2027698859705701,0.278095770772873,,,0.1869994060870131,0.278095770772873,0.19803019975800298,0.14285714285714285,S39,late_gradual,beta_global,0.2951865963711112,1,0.7551425806213076
0.1637789253847655,0.1637789253847656,0.28785651306283,,,0.1637789253847656,0.28785651306283,0.3114528354168884,0.1,S40,late_gradual,beta_global,0.339404850795676,3,0.6841615679196383
0.30093958453601044,0.3009395845360105,0.4239770648082179,,,0.3009395845360105,0.4239770648082179,-0.012285902336679054,0.08333333333333333,S41,late_gradual,beta_global,0.587640924659487,3,0.6071024327944983
0.22194763704305973,0.22194763704305964,0.2858635122834325,,,0.22194763704305964,0.2858635122834325,-0.16275338046350749,0.18181818181818182,S42,late_gradual,beta_global,0.4099975895774086,-3,0.6312052443074232
0.34268343735361556,0.34268343735361534,0.39674873751974843,,,0.34268343735361534,0.39674873751974843,-0.07008120708726424,0.1,S43,late_gradual,beta_global,0.5188007623790856,2,0.7846916845774059
0.07763237542601487,0.07763237542601484,0.14617653232991185,,,0.07763237542601484,0.14617653232991185,-0.06899323806169336,0.09090909090909091,S44,late_gradual,beta_global,0.482616555492202,-1,0.5551949327364939
0.2137687358010667,0.2813874297663251,0.511687661964349,,,0.24223689590611505,0.511687661964349,0.24160611735783996,0.1111111111111111,S46,late_gradual,beta_global,0.3403317612094432,-3,0.8882741850353381
0.11696853493417722,0.15376957594515503,0.20774730310539669,,,0.13274365060448787,0.19727935121401374,-0.0627956588422426,0.0,S47,late_gradual,beta_global,0.3974178806893011,1,0.9979764374988038
0.2085984118236383,0.2584274203196962,0.31688576076726754,,,0.2525322498031671,0.31688576076726754,0.11534575064441387,0.2222222222222222,S48,late_gradual,beta_global,0.24436961578848268,-1,1.0274380212988938
0.1716235910571122,0.17162359105711225,0.28662807749669306,,,0.17162359105711225,0.28662807749669306,-0.05952598318194719,0.1,S18,late_gradual,mu_central,0.4879539698812658,-2,0.4557584055679538
0.4127263891671516,0.5315619808967565,0.6469405153917289,,,0.4794070759441196,0.6469405153917289,0.07453559924999305,0.2222222222222222,S19,late_gradual,mu_central,0.5148344394541213,-2,0.7354860568769376
0.26008785902080234,0.3017286705097174,0.18795106315460305,,,0.33535387238417547,0.18795106315460305,-0.22361645818964287,0.0,S20,late_gradual,mu_central,0.3766364860181167,-1,0.744209815545423
0.15901747932725746,0.18845450510555772,0.19352149342356223,,,0.20105717942979554,0.19352149342356223,0.23992666931195344,0.0,S21,late_gradual,mu_central,0.3698716073219739,-3,0.9878143776070613
0.5657789498610036,0.5657789498610036,0.5339295615756549,,,0.5657789498610036,0.5339295615756549,0.2943593629843471,0.2,S22,late_gradual,mu_central,0.5657789498610036,0,0.4595323595118068
0.4579391375259364,0.45793913752593646,0.4275159463354024,,,0.45793913752593646,0.4275159463354024,0.16995829010114985,0.3333333333333333,S23,late_gradual,mu_central,0.4579391375259364,0,0.8413691973336426
0.15393457618701217,0.21912544577082027,0.32604015394894603,,,0.15793571965894168,0.32604015394894603,-0.11800367869116274,0.0,S24,late_gradual,mu_central,0.5139434001659045,2,0.9189684273681176
0.05656100153075049,0.056561001530750485,0.19901535532823683,,,0.056561001530750485,0.19901535532823683,0.4798461959418245,0.2222222222222222,S25,late_gradual,mu_central,0.2841834220219672,-2,0.8361605438486853
0.14344247920632616,0.14344247920632616,0.16687521484151938,,,0.14344247920632616,0.16687521484151938,0.22217830019505153,0.16666666666666666,S26,late_gradual,mu_central,0.3363881918465734,2,0.5929990574653708
0.4672207382974542,0.46722073829745414,0.6611269494025213,,,0.46722073829745414,0.6611269494025213,0.5009713147793856,0.5,S27,late_gradual,mu_central,0.5410323271030107,-2,0.4756169781275002
0.42576573639307985,0.4257657363930797,0.40408840969846066,,,0.4257657363930797,0.40408840969846066,-0.14379791957397714,0.1,S28,late_gradual,mu_central,0.42576573639307985,0,0.49707484825190823
-0.08239165744223859,-0.08239165744223852,-0.03470603124294435,,,-0.08239165744223852,-0.03470603124294435,-0.04717513637066296,0.2222222222222222,S29,late_gradual,mu_central,0.40680237735011976,-1,0.8019918517148427
0.6192558308795523,0.7703680496302007,0.7049225763170538,,,0.7464927562679375,0.7009588999983885,0.3558524790383391,0.42857142857142855,S30,late_gradual,mu_central,0.6192558308795523,0,0.846374733659964
0.3151063663509952,0.31510636635099515,0.3533795509363327,,,0.31510636635099515,0.3533795509363327,0.36564922746821854,0.18181818181818182,S31,late_gradual,mu_central,0.36814354736007415,2,0.8874199293351723
0.30390985864341136,0.39222410752868453,0.4450892395402055,,,0.3521999739490372,0.4450892395402055,0.6819380667769882,0.2,S32,late_gradual,mu_central,0.30390985864341136,0,0.9385943991634524
0.12485701653927818,0.12485701653927815,0.12442077332150087,,,0.12485701653927815,0.12442077332150087,0.5550827445703642,0.09090909090909091,S33,late_gradual,mu_central,0.34274932945198305,-1,0.8036995177616673
0.10288517325256663,0.12597999596483506,0.29549124885282907,,,0.12603618060179692,0.29549124885282907,-0.06284661002055361,0.25,S34,late_gradual,mu_central,0.26538295647803645,-1,1.0769707149152892
0.2136056563526713,0.2136056563526714,0.2290785886840049,,,0.2136056563526714,0.2290785886840049,0.6399943352649332,0.125,S35,late_gradual,mu_central,0.3360797261288787,2,0.8832799741151333
0.10743872099931906,0.10743872099931909,0.2167385164508994,,,0.10743872099931909,0.2167385164508994,-0.00782037971837138,0.0,S36,late_gradual,mu_central,0.45753253009658185,3,0.7232531260093282
0.5457648889038821,0.6757855954160944,0.6912660055902403,,,0.6610599019251655,0.6912660055902403,-0.003941402829534284,0.2222222222222222,S37,late_gradual,mu_central,0.5457648889038821,0,0.7290169290004985
0.3093284503526409,0.3953225619076876,0.5262442088861385,,,0.3623743043821221,0.5240148848954658,0.3133065881225899,0.3333333333333333,S38,late_gradual,mu_central,0.34503070120735996,-1,0.8040116232000779
0.06215167024552306,0.062151670245523094,0.2336368070799633,,,0.062151670245523094,0.2336368070799633,0.021939150426099476,0.2857142857142857,S39,late_gradual,mu_central,0.3327826450891223,-3,0.7978313355118802
0.2531323792453082,0.25313237924530824,0.3833349098352986,,,0.25313237924530824,0.3833349098352986,0.05094318621667682,0.09090909090909091,S40,late_gradual,mu_central,0.4447229342781475,-2,0.6892958272286815
0.37371102893713426,0.3737110289371342,0.4888111534996053,,,0.3737110289371342,0.4888111534996053,-0.12324582966561803,0.2222222222222222,S41,late_gradual,mu_central,0.4890943700486111,2,0.6295148550250291
0.26980056043774653,0.2698005604377466,0.36084826436196366,,,0.2698005604377466,0.36084826436196366,0.055003787081515786,0.1111111111111111,S42,late_gradual,mu_central,0.4328111550461091,-3,0.6090497441826193
0.4179646688586137,0.41796466885861355,0.5189848148985076,,,0.41796466885861355,0.5189848148985076,0.0374186936130709,0.2222222222222222,S43,late_gradual,mu_central,0.5278792765257878,2,0.8520510696140265
0.2823462196578911,0.28234621965789103,0.5000793692109313,,,0.28234621965789103,0.5000793692109313,-0.02999183983478444,0.2222222222222222,S44,late_gradual,mu_central,0.5544986556175427,-3,0.6809297580547027
0.1876978554999221,0.2449489742783178,0.3882829072058529,,,0.21481499751114058,0.3882829072058529,-0.1237653949147516,0.0,S46,late_gradual,mu_central,0.35116101266806066,-2,0.8340057474101079
0.328461372404929,0.41745793203697745,0.5092294656111847,,,0.3871048305693819,0.49782869713482525,0.17705013195704258,0.3333333333333333,S47,late_gradual,mu_central,0.328461372404929,0,0.8969978792503583
0.2378515791279139,0.29956277042704316,0.331135520000632,,,0.28305223295156345,0.331135520000632,0.01593204321573056,0.25,S48,late_gradual,mu_central,0.29890863552407504,-1,0.7682747815373432
0.20804357382745267,0.26732755161246774,0.18664429437725272,,,0.24227304852983245,0.1792213263171457,-0.12180506215314647,0.0,S18,late_gradual,beta_central,0.48425889083392415,-3,0.7950766918828649
0.5689497690684097,0.6997696592822358,0.6929907812114539,,,0.6938669642096915,0.6929907812114539,-0.19808999717036324,0.1111111111111111,S19,late_gradual,beta_central,0.5689497690684097,0,0.8703032832870355
0.5819356972401043,0.5819356972401045,0.5321519176253696,,,0.5819356972401045,0.5321519176253696,0.7467337070464138,0.1,S20,late_gradual,beta_central,0.5819356972401043,0,0.7300712341378783
0.26949073345589164,0.3314397902318502,0.40007959784661407,,,0.32867499714347176,0.40007959784661407,0.3439260768876047,0.2,S21,late_gradual,beta_central,0.304477066492447,2,1.0434260219080136
0.2244396006242175,0.22443960062421744,0.30742793778031,,,0.22443960062421744,0.30742793778031,0.22276787350858326,0.375,S22,late_gradual,beta_central,0.5262358860004748,1,0.6506964936334784
0.4296067994946834,0.4296067994946834,0.5198002181094671,,,0.4296067994946834,0.5198002181094671,-0.07181876883526371,0.5,S23,late_gradual,beta_central,0.4296067994946834,0,0.8058529006816632
0.2568683333825364,0.30614326708609463,0.49654410922687187,,,0.3230530807802381,0.49654410922687187,0.3538266673890699,0.2222222222222222,S24,late_gradual,beta_central,0.48763664271887686,-2,0.7640200214078056
0.26896120461626344,0.26896120461626327,0.3629770873489465,,,0.26896120461626327,0.3629770873489465,-0.027110234268192465,0.2222222222222222,S25,late_gradual,beta_central,0.46600292407810073,-2,0.7395373931264919
0.36837355286892165,0.3683735528689216,0.471310149828874,,,0.3683735528689216,0.471310149828874,0.045483322049396965,0.2727272727272727,S26,late_gradual,beta_central,0.5594693306964236,-2,0.5944607884666208
2.0816681711721682e-17,3.469446951953614e-17,-0.0007003582704201758,,,3.469446951953614e-17,-0.0007003582704201758,-0.09826620803978176,0.16666666666666666,S27,late_gradual,beta_central,0.5515187677965045,3,0.7371483435133646
0.09344092118726036,0.09344092118726025,-0.005385454631799785,,,0.09344092118726025,-0.005385454631799785,-0.025147784538477273,0.08333333333333333,S28,late_gradual,beta_central,0.3753661401589681,1,0.65706944019552
-0.0004683692876055273,0.010653427899336682,0.11590280605084645,,,-0.011800693665161038,0.11590280605084645,0.07409713537521721,0.0,S29,late_gradual,beta_central,0.3373125074814266,-3,1.0144990141311054
-0.009366926649956489,-0.003241092382957708,0.06826470972059863,,,-0.019703098367513057,0.06422009387798244,0.009848301924387336,0.25,S30,late_gradual,beta_central,0.27887370871273637,-1,0.9408919252037016
0.2995993954005907,0.2995993954005906,0.33914057387581353,,,0.2995993954005906,0.33914057387581353,0.2933005528737707,0.2,S31,late_gradual,beta_central,0.2995993954005907,0,0.7487918125890963
-0.010057473186780807,-0.010057473186780803,0.015713284375334268,,,-0.010057473186780803,0.015713284375334268,-0.025761449728740428,0.16666666666666666,S32,late_gradual,beta_central,0.043151518106469354,2,1.0617040538301201
0.017552665903879112,0.01755266590387913,0.06666847058891541,,,0.01755266590387913,0.06666847058891541,-0.05371331097767712,0.2222222222222222,S33,late_gradual,beta_central,0.4148567179817108,-2,0.8371776973876094
0.40979040383256776,0.40979040383256765,0.5335351667584962,,,0.40979040383256765,0.5335351667584962,0.8364857721169943,0.2222222222222222,S34,late_gradual,beta_central,0.6705017124206606,-1,0.5870613479056283
0.16635261576267552,0.16635261576267546,0.26733888709344,,,0.16635261576267546,0.26733888709344,-0.09179167426787038,0.0,S35,late_gradual,beta_central,0.6701484205422411,-1,0.738612939312854
0.155632430062623,0.15563243006262298,0.28937878653090787,,,0.15563243006262298,0.28937878653090787,0.1425789431509317,0.1,S36,late_gradual,beta_central,0.155632430062623,0,0.8541212650524515
0.3731984792041331,0.47060853438716643,0.6066513641216351,,,0.443537312445639,0.6066513641216351,0.2516435476804064,0.2222222222222222,S37,late_gradual,beta_central,0.46213378966228286,-1,0.6426886624192855
0.21193507879596615,0.2119350787959663,0.3323895758216944,,,0.2119350787959663,0.3323895758216944,-0.13022831097221,0.18181818181818182,S38,late_gradual,beta_central,0.5790133769231621,2,0.558198898442158
0.3707631479995125,0.4642905484296551,0.47026208881390685,,,0.443889979597152,0.46608985017067806,0.10584972793893463,0.2857142857142857,S39,late_gradual,beta_central,0.3707631479995125,0,0.8943516372313667
0.2642216990568013,0.3331381670990044,0.36721540527235114,,,0.3140701745613739,0.36721540527235114,0.04174634596319187,0.0,S40,late_gradual,beta_central,0.29091920302509644,-1,0.787850119094114
0.45110478151194217,0.5383823945873265,0.4440566472776851,,,0.5665941406466228,0.44585604927195605,-0.0820277037536078,0.2,S41,late_gradual,beta_central,0.45110478151194217,0,0.793897749957296
0.2726979292292668,0.2726979292292668,0.3085889117319966,,,0.2726979292292668,0.3085889117319966,0.09450023717143868,0.0,S42,late_gradual,beta_central,0.5728821834082855,-3,0.7370322849962128
0.37659297683835274,0.3765929768383528,0.4203283563259986,,,0.3765929768383528,0.4203283563259986,0.2752410264170764,0.0,S43,late_gradual,beta_central,0.4407464791980834,1,0.8370084372271032
0.6816859245344992,0.681685924534499,0.5027511638465788,,,0.681685924534499,0.5027511638465788,-0.03896629703845569,0.0,S44,late_gradual,beta_central,0.6816859245344992,0,0.49351872478580744
0.30912472451716816,0.3978448900327969,0.5500988045897289,,,0.35935295191268213,0.5500988045897289,0.24712447711365826,0.4444444444444444,S46,late_gradual,beta_central,0.30912472451716816,0,0.8912894373775642
0.08414664328443515,0.11515430993819556,0.0829470012152579,,,0.0909620296766633,0.0699295181540716,0.004158840104868963,0.2222222222222222,S47,late_gradual,beta_central,0.2332175600418864,2,1.0231888592002858
0.045664236455393324,0.05739906078005508,0.1173425142016563,,,0.05445501802945651,0.1173425142016563,-0.14080158604085796,0.0,S48,late_gradual,beta_central,0.3384815809131524,2,0.9201747138567437
