record,block,wave_drift,wave_step,wave_texture,timing_duration_mean,timing_duration_mean_dprev,timing_duration_mean_dstart,timing_duration_std,timing_duration_std_dprev,timing_duration_std_dstart,timing_duration_acf,timing_duration_acf_dprev,timing_duration_acf_dstart,timing_n_beats_mean,timing_n_beats_mean_dprev,timing_n_beats_mean_dstart,timing_n_beats_std,timing_n_beats_std_dprev,timing_n_beats_std_dstart,timing_n_beats_acf,timing_n_beats_acf_dprev,timing_n_beats_acf_dstart,timing_rr_mean,timing_rr_mean_dprev,timing_rr_mean_dstart,timing_rr_std,timing_rr_std_dprev,timing_rr_std_dstart,timing_phase_sin,timing_phase_sin_dprev,timing_phase_sin_dstart,timing_phase_cos,timing_phase_cos_dprev,timing_phase_cos_dstart,timing_phase_R,timing_phase_R_dprev,timing_phase_R_dstart,timing_phase_entropy8,timing_phase_entropy8_dprev,timing_phase_entropy8_dstart,timing_phase_entropy16,timing_phase_entropy16_dprev,timing_phase_entropy16_dstart,timing_phase_lag1,timing_phase_lag1_dprev,timing_phase_lag1_dstart,origin_Dmean,origin_Dmean_dprev,origin_Dmean_dstart,origin_Dstd,origin_Dstd_dprev,origin_Dstd_dstart,origin_Hmean,origin_Hmean_dprev,origin_Hmean_dstart,origin_Hstd,origin_Hstd_dprev,origin_Hstd_dstart,origin_multilevel,origin_multilevel_dprev,origin_multilevel_dstart,origin_Hchange,origin_Hchange_dprev,origin_Hchange_dstart,origin_turnover,origin_turnover_dprev,origin_turnover_dstart,origin_pivot_rate,origin_pivot_rate_dprev,origin_pivot_rate_dstart,origin_pivot_depth,origin_pivot_depth_dprev,origin_pivot_depth_dstart,origin_tree_span,origin_tree_span_dprev,origin_tree_span_dstart,reset_Dmean,reset_Dmean_dprev,reset_Dmean_dstart,reset_Dstd,reset_Dstd_dprev,reset_Dstd_dstart,reset_Hmean,reset_Hmean_dprev,reset_Hmean_dstart,reset_Hstd,reset_Hstd_dprev,reset_Hstd_dstart,reset_multilevel,reset_multilevel_dprev,reset_multilevel_dstart,reset_Hchange,reset_Hchange_dprev,reset_Hchange_dstart,reset_turnover,reset_turnover_dprev,reset_turnover_dstart,reset_pivot_rate,reset_pivot_rate_dprev,reset_pivot_rate_dstart,reset_pivot_depth,reset_pivot_depth_dprev,reset_pivot_depth_dstart,reset_tree_span,reset_tree_span_dprev,reset_tree_span_dstart
f1o01,1,0.0932544779595829,0.0932544779595829,0.19637947844840814,4.0245,0.2735000000000003,0.2735000000000003,1.1171482827782022,-0.015816979581719348,-0.015816979581719348,0.08997622704064918,-0.2842568929589684,-0.2842568929589684,4.125,0.25,0.25,1.1259916264596033,0.1349604174944884,0.1349604174944884,0.12971863041569268,-0.18208615181546914,-0.18208615181546914,0.98736,0.019707826086956537,0.019707826086956537,0.040491645228779405,0.012519892113681028,0.012519892113681028,0.0019349822877664379,0.0038755132904080107,0.0038755132904080107,0.01304421600320127,0.012918793411749088,0.012918793411749088,0.013186952930534861,0.011242372924811339,0.011242372924811339,0.9729903075900138,-0.0010566511444182192,-0.0010566511444182192,0.9560632078207466,0.030053545564055817,0.030053545564055817,-0.0680364336633415,0.06046608112843041,0.06046608112843041,1.0,0.0,0.0,0.0,0.0,0.0,11.242424242424242,1.4037145650048881,1.4037145650048881,1.3926212476455826,0.17890040677240515,0.17890040677240515,0.0,0.0,0.0,1.4375,0.004166666666666652,0.004166666666666652,0.84375,0.17708333333333337,0.17708333333333337,0.3333333333333333,0.043010752688172005,0.043010752688172005,2.0,-0.3333333333333335,-0.3333333333333335,0.7945371685606061,0.3059420234713204,0.3059420234713204,1.0,0.0,0.0,0.0,0.0,0.0,10.242424242424242,0.4037145650048881,0.4037145650048881,1.3926212476455826,0.17890040677240515,0.17890040677240515,0.0,0.0,0.0,1.4375,0.004166666666666652,0.004166666666666652,0.84375,0.17708333333333337,0.17708333333333337,0.3333333333333333,0.043010752688172005,0.043010752688172005,2.0,-0.3333333333333335,-0.3333333333333335,0.53291015625,0.044315011160714346,0.044315011160714346
f1o01,2,0.07249934202547677,0.09652316708756067,0.22105007237206192,3.7904999999999998,-0.23399999999999999,0.03950000000000031,1.3738037913555405,0.2566555085773383,0.24083852899561897,0.3132823160239986,0.22330608898334942,-0.06095080397561897,3.875,-0.25,0.0,1.246423454758225,0.12043182829862165,0.25539224579311004,0.13228756555322949,0.0025689351375368097,-0.17951721667793233,0.9787826086956521,-0.00857739130434787,0.011130434782608667,0.04245955992764187,0.001967914698862462,0.01448780681254349,-0.0026078780506010096,-0.004542860338367448,-0.0006673470479594365,-0.0022630942967074683,-0.015307310299908738,-0.00238851688815965,0.003452915249842717,-0.009734037680692144,0.0015083352441191955,0.9902810985659043,0.01729079097589048,0.01623413983147226,0.929963089641151,-0.026100118179595566,0.003953427384460251,-0.0664182826047665,0.0016181510585750042,0.062084232187005414,1.0,0.0,0.0,0.0,0.0,0.0,9.806451612903226,-1.4359726295210162,-0.032258064516128115,1.9221403840286948,0.5295191363831122,0.7084195431555174,0.0,0.0,0.0,1.7666666666666666,0.3291666666666666,0.33333333333333326,0.9,0.05625000000000002,0.2333333333333334,0.2903225806451613,-0.043010752688172005,0.0,2.5555555555555554,0.5555555555555554,0.22222222222222188,0.8531788793103449,0.058641710749738785,0.36458373422105916,1.0,0.0,0.0,0.0,0.0,0.0,8.806451612903226,-1.4359726295210162,-1.0322580645161281,1.9221403840286948,0.5295191363831122,0.7084195431555174,0.0,0.0,0.0,1.7666666666666666,0.3291666666666666,0.33333333333333326,0.9,0.05625000000000002,0.2333333333333334,0.3225806451612903,-0.010752688172043001,0.032258064516129004,2.5,0.5,0.16666666666666652,0.5341435185185185,0.0012333622685184453,0.04554837342923279
f1o01,3,0.10206564868554134,0.08636389942179935,0.22681482072873,4.781499999999999,0.9909999999999997,1.0305,2.150599584169162,0.7767957928136215,1.0176343218092405,-0.623718018704588,-0.9370003347285866,-0.9979511387042055,4.875,1.0,1.0,2.4748737341529163,1.2284502793946914,1.4838425251878014,-0.537373290623879,-0.6696608561771085,-0.8491780728550408,0.9696774193548386,-0.009105189340813502,0.002025245441795165,0.05557720581723781,0.013117645889595943,0.027605452702139432,0.0022880007374815594,0.004895878788082569,0.004228531740123133,-0.007871071331354841,-0.005607977034647374,-0.007996493922807024,0.008196872042309325,0.0047439567924666085,0.006252292036585804,0.9907494626244711,0.00046836405856676144,0.016702503890039022,0.9686611315831656,0.03869804194201454,0.04265146932647479,0.14761047261850221,0.2140287552232687,0.2761129874102741,1.0256410256410255,0.02564102564102555,0.02564102564102555,0.1601281538050872,0.1601281538050872,0.1601281538050872,11.76923076923077,1.962779156327544,1.930521091811416,1.9528863720621932,0.030745988033498373,0.7391655311890157,0.02564102564102564,0.02564102564102564,0.02564102564102564,1.736842105263158,-0.029824561403508643,0.3035087719298246,0.7894736842105263,-0.1105263157894737,0.1228070175438597,0.28205128205128205,-0.008271298593879262,-0.008271298593879262,2.272727272727273,-0.28282828282828243,-0.06060606060606055,0.742362780448718,-0.11081609886162691,0.25376763535943225,1.0256410256410255,0.02564102564102555,0.02564102564102555,0.1601281538050872,0.1601281538050872,0.1601281538050872,9.76923076923077,0.9627791563275441,-0.06947890818858404,1.9528863720621932,0.030745988033498373,0.7391655311890157,0.02564102564102564,0.02564102564102564,0.02564102564102564,1.736842105263158,-0.029824561403508643,0.3035087719298246,0.7894736842105263,-0.1105263157894737,0.1228070175438597,0.3076923076923077,-0.014888337468982604,0.0173697270471464,2.5833333333333335,0.08333333333333348,0.25,0.5497775607638888,0.01563404224537035,0.06118241567460314
f1o01,4,0.08888747112857673,0.07718435271695882,0.1822165331682311,3.245,-1.5364999999999993,-0.5059999999999993,0.8380269344461088,-1.3125726497230534,-0.2949383279138128,0.7942918742848527,1.4180098929894407,0.42005875428523515,3.375,-1.5,-0.5,0.7440238091428449,-1.7308499250100713,-0.24700739982226994,0.5095246653650681,1.046897955988947,0.19771988313390632,0.958736842105263,-0.010940577249575645,-0.00891533180778048,0.03466801616806532,-0.020909189649172488,0.006696263052966944,0.004314269632203547,0.002026268894721988,0.0062548006348451205,0.003269133287803239,0.01114020461915808,0.0031437106963510576,0.0054129617505370336,-0.0027839102917722918,0.0034683817448135125,0.9846021243867034,-0.006147338237767697,0.010555165652271326,0.8759956022925585,-0.09266552929060712,-0.05001405996413233,-0.24005130715520043,-0.38766177977370264,-0.11154879236342852,1.0,-0.02564102564102555,0.0,0.0,-0.1601281538050872,0.0,10.518518518518519,-1.250712250712251,0.679808841099165,1.7402557365197877,-0.21263063554240547,0.5265348956466103,0.0,-0.02564102564102564,0.0,1.5769230769230769,-0.1599190283400811,0.14358974358974352,0.7692307692307693,-0.020242914979757054,0.10256410256410264,0.25925925925925924,-0.022792022792022804,-0.031063321385902065,2.5714285714285716,0.2987012987012987,0.23809523809523814,0.9786603009259259,0.23629752047720798,0.49006515583664023,1.0,-0.02564102564102555,0.0,0.0,-0.1601281538050872,0.0,9.518518518518519,-0.250712250712251,-0.32019115890083505,1.7402557365197877,-0.21263063554240547,0.5265348956466103,0.0,-0.02564102564102564,0.0,1.5769230769230769,-0.1599190283400811,0.14358974358974352,0.7692307692307693,-0.020242914979757054,0.10256410256410264,0.2962962962962963,-0.01139601139601143,0.00597371565113497,2.375,-0.20833333333333348,0.04166666666666652,0.656005859375,0.10622829861111116,0.1674107142857143
f1o01,5,0.06688221676482806,0.10023108201358993,0.16321808129917337,4.259,1.0140000000000002,0.5080000000000009,0.9681363540328397,0.13010941958673095,-0.16482890832708186,0.1293400289724481,-0.6649518453124046,-0.24489309102716947,4.5,1.125,0.625,1.1952286093343936,0.4512048001915486,0.2041974003692787,-0.17647058823529402,-0.6859952536003622,-0.48827537046645586,0.965857142857143,0.007120300751879971,-0.001795031055900509,0.04311544733551768,0.008447431167452356,0.0151436942204193,-0.004325914124102687,-0.008640183756306234,-0.0023853831214611133,0.022153912757836375,0.018884779470033135,0.022028490166384192,0.02257231453553083,0.0171593527849938,0.02062773452980731,0.939317273970983,-0.04528485041572039,-0.034729684763449065,0.8828026499460576,0.006807047653499154,-0.043207012310633175,0.03261265827261581,0.27266396542781624,0.16111517306438772,1.0,0.0,0.0,0.0,0.0,0.0,11.75,1.231481481481481,1.911290322580646,1.4217695212053785,-0.31848621531440924,0.20804868033220103,0.0,0.0,0.0,1.3714285714285714,-0.20549450549450543,-0.06190476190476191,0.7428571428571429,-0.02637362637362639,0.07619047619047625,0.2777777777777778,0.018518518518518545,-0.01254480286738352,2.1,-0.47142857142857153,-0.2333333333333334,0.4603949652777778,-0.5182653356481481,-0.02820017981150791,1.0,0.0,0.0,0.0,0.0,0.0,9.75,0.23148148148148096,-0.0887096774193541,1.4217695212053785,-0.31848621531440924,0.20804868033220103,0.0,0.0,0.0,1.3714285714285714,-0.20549450549450543,-0.06190476190476191,0.7428571428571429,-0.02637362637362639,0.07619047619047625,0.3055555555555556,0.0092592592592593,0.01523297491039427,2.090909090909091,-0.28409090909090917,-0.24242424242424265,0.4170496323529412,-0.23895622702205882,-0.07154551273634452
f1o01,6,0.06509576083521254,0.05978455621912989,0.12176691904010156,3.8185000000000002,-0.4405000000000001,0.06750000000000078,0.24446267608778222,-0.7236736779450574,-0.8885025862721394,-0.37476107038033096,-0.504101099352779,-0.7489941903799485,3.875,-0.625,0.0,0.3535533905932738,-0.8416752187411198,-0.637477818371841,0.0,0.17647058823529402,-0.3118047822311618,0.9740869565217392,0.008229813664596186,0.006434782608695677,0.018987826347613233,-0.024127620987904445,-0.008983926767485145,-0.0015649330585495447,0.002760981065553142,0.0003755979440920284,-0.011986976925415439,-0.03414088968325181,-0.012112399516867621,0.01208869849438654,-0.01048361604114429,0.010144118488663019,0.873737276392826,-0.06557999757815702,-0.10030968234160609,0.844767453215183,-0.03803519673087463,-0.0812422090415078,-0.16479388361797262,-0.19740654189058843,-0.03629136882620071,1.0,0.0,0.0,0.0,0.0,0.0,11.709677419354838,-0.04032258064516192,1.870967741935484,1.5098244575026323,0.0880549362972538,0.29610361662945484,0.0,0.0,0.0,1.6666666666666667,0.2952380952380953,0.2333333333333334,0.8,0.05714285714285716,0.13333333333333341,0.25806451612903225,-0.01971326164874554,-0.03225806451612906,2.75,0.6499999999999999,0.4166666666666665,1.233429939516129,0.7730349742383512,0.7448347944268433,1.0,0.0,0.0,0.0,0.0,0.0,9.709677419354838,-0.04032258064516192,-0.12903225806451601,1.5098244575026323,0.0880549362972538,0.29610361662945484,0.0,0.0,0.0,1.6666666666666667,0.2952380952380953,0.2333333333333334,0.8,0.05714285714285716,0.13333333333333341,0.2903225806451613,-0.01523297491039427,0.0,2.6666666666666665,0.5757575757575757,0.33333333333333304,0.49623842592592593,0.07918879357298475,0.007643280836640232
f1o01,7,0.07274255527587442,0.032128048794487656,0.06193665037074306,3.5780000000000003,-0.24049999999999994,-0.17299999999999915,0.21899510757744597,-0.02546756851033624,-0.9139701547824756,-0.27516494697943794,0.09959612340089302,-0.6493980669790556,3.75,-0.125,-0.125,0.4629100498862757,0.10935665929300192,-0.5281211590788392,-0.3999999999999999,-0.3999999999999999,-0.7118047822311617,0.9643636363636364,-0.009723320158102733,-0.0032885375494070557,0.00963399464468675,-0.009353831702926483,-0.01833775847041163,-0.002400390453131159,-0.0008354573945816143,-0.0004598594504895859,0.012286450204444955,0.024273427129860393,0.012161027612992772,0.012518735277726288,0.0004300367833397472,0.010574155272002766,0.9695375662909043,0.09580028989807832,-0.004509392443527771,0.8903515824304605,0.04558412921527755,-0.03565807982623026,-0.14556861792603865,0.019225265691933974,-0.017066103134266736,1.0,0.0,0.0,0.0,0.0,0.0,12.666666666666666,0.956989247311828,2.827956989247312,1.6678156958735877,0.1579912383709554,0.45409485500041025,0.0,0.0,0.0,1.6896551724137931,0.02298850574712641,0.2563218390804598,0.7241379310344828,-0.07586206896551728,0.05747126436781613,0.26666666666666666,0.008602150537634412,-0.023655913978494647,2.75,0.0,0.4166666666666665,0.5830078125,-0.650422127016129,0.0944126674107143,1.0,0.0,0.0,0.0,0.0,0.0,9.666666666666666,-0.043010752688172005,-0.17204301075268802,1.6678156958735877,0.1579912383709554,0.45409485500041025,0.0,0.0,0.0,1.6896551724137931,0.02298850574712641,0.2563218390804598,0.7241379310344828,-0.07586206896551728,0.05747126436781613,0.26666666666666666,-0.023655913978494647,-0.023655913978494647,2.75,0.08333333333333348,0.4166666666666665,0.4617332175925926,-0.034505208333333315,-0.026861927496693083
f1o02,1,0.10193550464586708,0.10193550464586708,0.27488275654301725,2.903,-0.20250000000000012,-0.20250000000000012,0.41351869883442305,-0.3566477024804393,-0.3566477024804393,0.21488003787763507,0.01021464041766501,0.01021464041766501,3.0,-0.125,-0.125,0.5345224838248488,-0.4565087251402661,-0.4565087251402661,0.0,-0.1752191610126156,-0.1752191610126156,0.9924999999999999,0.00802941176470573,0.00802941176470573,0.024867649667791307,0.01059303212887443,0.01059303212887443,0.00593724885840637,0.009236172232219592,0.009236172232219592,0.030211813179033046,0.043118437517015856,0.043118437517015856,0.030789683005374425,0.017468127269346392,0.017468127269346392,0.9413116320946854,-0.03171489144670636,-0.03171489144670636,0.8337406251802891,-0.07212567222012267,-0.07212567222012267,-0.3114619172952864,-0.13585014135446077,-0.13585014135446077,1.0,0.0,0.0,0.0,0.0,0.0,10.5,1.1400000000000006,1.1400000000000006,0.9780192938436515,-0.7986817689878724,-0.7986817689878724,0.0,0.0,0.0,1.0,-1.125,-1.125,0.7391304347826086,0.07246376811594202,0.07246376811594202,0.25,-0.030000000000000027,-0.030000000000000027,1.5,-1.9285714285714284,-1.9285714285714284,0.512939453125,-0.027809836647727293,-0.027809836647727293,1.0,0.0,0.0,0.0,0.0,0.0,9.5,0.14000000000000057,0.14000000000000057,0.9780192938436515,-0.7986817689878724,-0.7986817689878724,0.0,0.0,0.0,1.0,-1.125,-1.125,0.7391304347826086,0.07246376811594202,0.07246376811594202,0.2916666666666667,0.011666666666666659,0.011666666666666659,1.4285714285714286,-1.9999999999999998,-1.9999999999999998,0.4972478693181818,-0.04350142045454547,-0.04350142045454547
f1o02,2,0.14617222302192903,0.12552993924753197,0.37418949778142363,2.8064999999999998,-0.09650000000000025,-0.2990000000000004,1.0287166762525044,0.6151979774180814,0.25855027493764204,0.24079461970115001,0.025914581823514943,0.036129222241179954,2.875,-0.125,-0.25,0.9910312089651149,0.4565087251402661,0.0,0.07894736842105264,0.07894736842105264,-0.09627179259156295,0.9776000000000001,-0.014899999999999802,-0.006870588235294073,0.010775633889209763,-0.014092015778581544,-0.0034989836497071134,-0.008383985850189684,-0.014321234708596055,-0.005085062476376464,0.005397874245920565,-0.02481393893311248,0.018304498583903372,0.009971372278224967,-0.02081831072714946,-0.003350183457803064,0.9589510435997693,0.01763941150508397,-0.014075479941622393,0.9405668476628736,0.10682622248258444,0.03470055026246177,-0.26544927857244216,0.046012638722844224,-0.08983750263161655,1.1304347826086956,0.13043478260869557,0.13043478260869557,0.6255432421712243,0.6255432421712243,0.6255432421712243,10.08695652173913,-0.4130434782608692,0.7269565217391314,1.7815479346563372,0.8035286408126857,0.004846871824813359,0.043478260869565216,0.043478260869565216,0.043478260869565216,1.5909090909090908,0.5909090909090908,-0.5340909090909092,0.8181818181818182,0.07905138339920958,0.1515151515151516,0.21739130434782608,-0.03260869565217392,-0.06260869565217395,2.2,0.7000000000000002,-1.2285714285714282,0.8760653409090909,0.36312588778409094,0.33531605113636365,1.1304347826086956,0.13043478260869557,0.13043478260869557,0.6255432421712243,0.6255432421712243,0.6255432421712243,9.08695652173913,-0.4130434782608692,-0.2730434782608686,1.7815479346563372,0.8035286408126857,0.004846871824813359,0.043478260869565216,0.043478260869565216,0.043478260869565216,1.5909090909090908,0.5909090909090908,-0.5340909090909092,0.8181818181818182,0.07905138339920958,0.1515151515151516,0.2608695652173913,-0.030797101449275388,-0.01913043478260873,2.8333333333333335,1.4047619047619049,-0.5952380952380949,0.77587890625,0.2786310369318182,0.2351296164772727
f1o02,3,0.1047170376427716,0.1322059278545731,0.36036467192004445,3.0199999999999996,0.2134999999999998,-0.08550000000000058,0.5694307934871703,-0.4592858827653341,-0.20073560782769206,-0.33976643486721886,-0.5805610545683688,-0.544431832327189,3.0,0.125,-0.125,0.5345224838248488,-0.4565087251402661,-0.4565087251402661,0.16666666666666663,0.08771929824561399,-0.008552494345948958,0.9742500000000001,-0.003350000000000075,-0.010220588235294148,0.009902861539306043,-0.0008727723499037197,-0.004371755999610833,-0.004199233554721678,0.004184752295468007,-0.0009003101809084571,-0.03189653381206219,-0.03729440805798276,-0.018989909474079386,0.03217176450975494,0.02220039223152997,0.01885020877372691,0.892564757034589,-0.06638628656518031,-0.0804617665068027,0.8360902344426085,-0.10447661322026502,-0.06977606295780325,-0.3622418634972162,-0.09679258492477405,-0.1866300875563906,1.0416666666666667,-0.08876811594202882,0.04166666666666674,0.2041241452319315,-0.42141909693929275,0.2041241452319315,10.958333333333334,0.8713768115942031,1.5983333333333345,2.255026591314664,0.47347865665832667,0.47832552848314003,0.041666666666666664,-0.0018115942028985518,0.041666666666666664,1.826086956521739,0.2351778656126482,-0.298913043478261,0.6956521739130435,-0.12252964426877477,0.02898550724637683,0.25,0.03260869565217392,-0.030000000000000027,3.1666666666666665,0.9666666666666663,-0.26190476190476186,1.1324055989583333,0.2563402580492423,0.591656309185606,1.0416666666666667,-0.08876811594202882,0.04166666666666674,0.2041241452319315,-0.42141909693929275,0.2041241452319315,8.958333333333334,-0.1286231884057969,-0.4016666666666655,2.255026591314664,0.47347865665832667,0.47832552848314003,0.041666666666666664,-0.0018115942028985518,0.041666666666666664,1.826086956521739,0.2351778656126482,-0.298913043478261,0.6956521739130435,-0.12252964426877477,0.02898550724637683,0.25,-0.010869565217391297,-0.030000000000000027,3.1666666666666665,0.33333333333333304,-0.26190476190476186,0.5542224702380952,-0.22165643601190477,0.01347318046536794
f1o02,4,0.19247402570755104,0.18640437624369247,0.5196815760948132,3.1895,0.1695000000000002,0.08399999999999963,1.6967692830788752,1.127338489591705,0.9266028817640128,-0.2160779472795166,0.12368848758770226,-0.42074334473948666,3.5,0.5,0.375,1.6903085094570331,1.1557860256321844,0.6992773004919183,-0.1884057971014493,-0.35507246376811596,-0.3636249581140649,0.9592000000000003,-0.015049999999999786,-0.025270588235293934,0.013709773693859497,0.003806912154553454,-0.0005648438450573789,-0.010283898566143415,-0.006084665011421737,-0.006984975192330194,0.0681028290000844,0.09999936281214658,0.0810094533380672,0.06887491479147878,0.03670315028172384,0.05555335905545075,0.979064402869198,0.086499645834609,0.006037879327806306,0.9316185295635936,0.09552829512098504,0.025752232163181787,-0.1875469961480701,0.1746948673491461,-0.011935220207244496,1.0,-0.04166666666666674,0.0,0.0,-0.2041241452319315,0.0,10.571428571428571,-0.38690476190476275,1.2114285714285717,1.6650786085007436,-0.5899479828139202,-0.11162245433078022,0.0,-0.041666666666666664,0.0,1.6296296296296295,-0.19645732689210949,-0.49537037037037046,0.7407407407407407,0.04508856682769724,0.07407407407407407,0.2857142857142857,0.0357142857142857,0.005714285714285672,2.5,-0.6666666666666665,-0.9285714285714284,0.7833077566964286,-0.34909784226190466,0.2425584669237013,1.0,-0.04166666666666674,0.0,0.0,-0.2041241452319315,0.0,9.571428571428571,0.6130952380952372,0.21142857142857174,1.6650786085007436,-0.5899479828139202,-0.11162245433078022,0.0,-0.041666666666666664,0.0,1.6296296296296295,-0.19645732689210949,-0.49537037037037046,0.7407407407407407,0.04508856682769724,0.07407407407407407,0.2857142857142857,0.0357142857142857,0.005714285714285672,2.5,-0.6666666666666665,-0.9285714285714284,0.5746319110576923,0.020409440819597058,0.033882621284965
f1o02,5,0.19632765246854197,0.17545500987235907,0.08896870250806482,2.6025,-0.5869999999999997,-0.5030000000000001,1.1893910807035435,-0.5073782023753317,0.41922467938868113,-0.12878481138614703,0.08729313589336957,-0.3334502088461171,2.625,-0.875,-0.5,1.0606601717798212,-0.629648337677212,0.06962896281470632,0.4823819106188661,0.6707877077203154,0.3071627496062505,0.9873846153846155,0.028184615384615253,0.002914027149321319,0.18496735678741555,0.17125758309355604,0.17069273924849868,-0.011560638612162838,-0.0012767400460194228,-0.008261715238349617,0.030672189007296704,-0.03743063999278769,0.04357881334527951,0.03277852259666935,-0.03609639219480943,0.01945696686064132,0.9717319979317476,-0.007332404937450465,-0.0012945256096441593,0.8658201294527027,-0.06579840011089089,-0.0400461679477091,-0.40938320551369517,-0.22183620936562506,-0.23377142957286956,1.0,0.0,0.0,0.0,0.0,0.0,11.238095238095237,0.6666666666666661,1.8780952380952378,0.9952267030562386,-0.669851905444505,-0.7814743597752852,0.0,0.0,0.0,0.9,-0.7296296296296295,-1.225,0.65,-0.09074074074074068,-0.016666666666666607,0.19047619047619047,-0.09523809523809523,-0.08952380952380956,1.75,-0.75,-1.6785714285714284,0.9088541666666666,0.12554640997023803,0.36810487689393934,1.0,0.0,0.0,0.0,0.0,0.0,9.238095238095237,-0.3333333333333339,-0.12190476190476218,0.9952267030562386,-0.669851905444505,-0.7814743597752852,0.0,0.0,0.0,0.9,-0.7296296296296295,-1.225,0.65,-0.09074074074074068,-0.016666666666666607,0.23809523809523808,-0.047619047619047616,-0.041904761904761945,1.6,-0.8999999999999999,-1.8285714285714283,0.7263454861111112,0.15171357505341887,0.18559619633838387
f1o02,6,0.1035141816832482,0.10026367398729326,0.09883990864945078,3.0805000000000002,0.4780000000000002,-0.02499999999999991,0.43044395686314374,-0.7589471238403998,-0.3397224444517186,-0.28751733463791224,-0.1587325232517652,-0.4921827320978823,3.0,0.375,-0.125,0.5345224838248488,-0.5261376879549724,-0.4565087251402661,-0.5,-0.982381910618866,-0.6752191610126156,1.0135,0.02611538461538454,0.02902941176470586,0.012121606054204764,-0.1728457507332108,-0.0021530114847121123,-0.008753402514662159,0.002807236097500679,-0.005454479140848938,-0.011280081145525691,-0.04195227015282239,0.0016265431924571156,0.014278035097076138,-0.01850048749959321,0.0009564793610481077,0.8474937501201926,-0.12423824781155501,-0.12553277342119917,0.8220800472765,-0.04374008217620273,-0.08378625012391183,-0.38702230656484415,0.022360898948851016,-0.21141053062401854,1.0,0.0,0.0,0.0,0.0,0.0,11.458333333333334,0.22023809523809668,2.0983333333333345,1.5316704909195136,0.536443787863275,-0.24503057191201028,0.0,0.0,0.0,1.8695652173913044,0.9695652173913044,-0.25543478260869557,0.9130434782608695,0.2630434782608695,0.24637681159420288,0.25,0.059523809523809534,-0.030000000000000027,2.8333333333333335,1.0833333333333335,-0.5952380952380949,1.0764973958333333,0.16764322916666663,0.535748106060606,1.0,0.0,0.0,0.0,0.0,0.0,9.458333333333334,0.22023809523809668,0.0983333333333345,1.5316704909195136,0.536443787863275,-0.24503057191201028,0.0,0.0,0.0,1.8695652173913044,0.9695652173913044,-0.25543478260869557,0.9130434782608695,0.2630434782608695,0.24637681159420288,0.2916666666666667,0.0535714285714286,0.011666666666666659,2.7142857142857144,1.1142857142857143,-0.714285714285714,0.6451822916666666,-0.08116319444444453,0.10443300189393934
f1o02,7,0.10969698880527094,0.018365923592397273,0.06900582207894197,2.976,-0.10450000000000026,-0.12950000000000017,0.3272674747053242,-0.10317648215781955,-0.44289892660953817,0.5657841874737709,0.8533015221116831,0.36111879001380087,3.0,0.0,-0.125,0.5345224838248488,0.0,-0.4565087251402661,0.0,0.5,-0.1752191610126156,0.99475,-0.018750000000000044,0.010279411764705815,0.006806859285554052,-0.005314746768650712,-0.007467758253362824,-0.0033722868312311,0.005381115683431059,-7.336345741787952e-05,0.0013400423323531724,0.012620123477878864,0.01424666667033598,0.0036287782964233603,-0.010649256800652778,-0.00969277743960467,0.9348617231125999,0.08736797299240728,-0.03816480042879189,0.9221804688852169,0.1001004216087169,0.016314171484805073,-0.3106637012676961,0.07635860529714805,-0.1350519253268705,1.0,0.0,0.0,0.0,0.0,0.0,12.041666666666666,0.5833333333333321,2.6816666666666666,1.6010639578422372,0.06939346692272363,-0.17563710498928664,0.0,0.0,0.0,1.826086956521739,-0.04347826086956541,-0.298913043478261,0.9565217391304348,0.0434782608695653,0.2898550724637682,0.2916666666666667,0.041666666666666685,0.011666666666666659,2.857142857142857,0.023809523809523725,-0.5714285714285712,1.4895833333333333,0.4130859375,0.948834043560606,1.0,0.0,0.0,0.0,0.0,0.0,9.041666666666666,-0.41666666666666785,-0.31833333333333336,1.6010639578422372,0.06939346692272363,-0.17563710498928664,0.0,0.0,0.0,1.826086956521739,-0.04347826086956541,-0.298913043478261,0.9565217391304348,0.0434782608695653,0.2898550724637682,0.2916666666666667,0.0,0.011666666666666659,2.857142857142857,0.1428571428571428,-0.5714285714285712,0.5716145833333334,-0.07356770833333326,0.030865293560606077
f1o03,1,0.19948505138704278,0.19948505138704278,0.27155008640739964,3.2725,1.0140000000000002,1.0140000000000002,1.172231937069501,0.712542911749122,0.712542911749122,-0.15815728681078609,-0.1259224130991838,-0.1259224130991838,3.375,1.0,1.0,1.1877349391654208,0.6701857696586552,0.6701857696586552,-0.19802950859533486,0.3496930489098312,0.3496930489098312,0.9724210526315789,0.05751196172248796,0.05751196172248796,0.022066353949127787,-0.051865309829600414,-0.051865309829600414,-0.002955645116230789,-0.01046502122578412,-0.01046502122578412,0.005393090905124417,0.03802434126811531,0.03802434126811531,0.006149899801137789,-0.027334264064888848,-0.027334264064888848,0.9692303651541536,0.042277386654137605,0.042277386654137605,0.8574770837740399,-0.036677327453126796,-0.036677327453126796,-0.26191874114315555,0.32823403823418834,0.32823403823418834,1.0,0.0,0.0,0.0,0.0,0.0,10.518518518518519,1.2553606237816766,1.2553606237816766,1.695477476890765,0.41129571132268783,0.41129571132268783,0.0,0.0,0.0,1.8461538461538463,0.7905982905982907,0.7905982905982907,0.8461538461538461,0.23504273504273498,0.23504273504273498,0.25925925925925924,0.04873294346978557,0.04873294346978557,2.857142857142857,0.8571428571428572,0.8571428571428572,0.7972005208333334,-0.12628293504901955,-0.12628293504901955,1.0,0.0,0.0,0.0,0.0,0.0,9.518518518518519,0.25536062378167657,0.25536062378167657,1.695477476890765,0.41129571132268783,0.41129571132268783,0.0,0.0,0.0,1.8461538461538463,0.7905982905982907,0.7905982905982907,0.8461538461538461,0.23504273504273498,0.23504273504273498,0.2962962962962963,0.08576998050682261,0.08576998050682261,2.75,0.75,0.75,0.5246175130208334,-0.39886594286151955,-0.39886594286151955
f1o03,2,0.159613681841236,0.05721660781624677,0.24499415673526323,2.7215,-0.5510000000000002,0.4630000000000001,0.7804319316891127,-0.39180000538038817,0.3207429063687338,-0.2902621122550936,-0.1321048254443075,-0.2580272385434913,2.875,-0.5,0.5,0.8345229603962802,-0.3532119787691407,0.3169737908895145,-0.23529411764705888,-0.03726460905172402,0.3124284398581072,0.9712,-0.0012210526315789005,0.05629090909090906,0.02419917353960668,0.0021328195904788926,-0.04973249023912152,0.01032583541825412,0.01328148053448491,0.002816459308700789,0.02885791598834724,0.023464825083222823,0.06148916635133814,0.030649668713958043,0.024499768912820255,-0.002834495152068593,0.9642340577533964,-0.004996307400757183,0.03728107925338042,0.8753494563585257,0.01787237258448582,-0.018804954868640977,-0.35301964220078014,-0.09110090105762458,0.23713313717656376,1.0434782608695652,0.04347826086956519,0.04347826086956519,0.2085144140570748,0.2085144140570748,0.2085144140570748,10.130434782608695,-0.3880837359098237,0.8672768878718529,1.8902704911319617,0.19479301424119666,0.6060887255638845,0.043478260869565216,0.043478260869565216,0.043478260869565216,1.7272727272727273,-0.11888111888111896,0.6717171717171717,0.8181818181818182,-0.027972027972027913,0.20707070707070707,0.21739130434782608,-0.041867954911433164,0.006864988558352408,2.4,-0.4571428571428573,0.3999999999999999,0.7720170454545454,-0.025183475378787956,-0.1514664104278075,1.0434782608695652,0.04347826086956519,0.04347826086956519,0.2085144140570748,0.2085144140570748,0.2085144140570748,9.130434782608695,-0.3880837359098237,-0.13272311212814714,1.8902704911319617,0.19479301424119666,0.6060887255638845,0.043478260869565216,0.043478260869565216,0.043478260869565216,1.7272727272727273,-0.11888111888111896,0.6717171717171717,0.8181818181818182,-0.027972027972027913,0.20707070707070707,0.2608695652173913,-0.03542673107890498,0.050343249427917625,3.0,0.25,1.0,0.7007068452380952,0.17608933221726186,-0.2227766106442577
f1o03,3,0.19894088122909814,0.10388248993924978,0.2732289206725752,2.8659999999999997,0.14449999999999985,0.6074999999999999,1.1339196242616645,0.35348769257255175,0.6742305989412856,-0.505803485403201,-0.2155413731481074,-0.4735686116915987,3.0,0.125,0.625,1.4142135623730951,0.579690601976815,0.8966643928663295,-0.5333333333333333,-0.29803921568627445,0.014389224171832748,0.9612499999999999,-0.009950000000000014,0.046340909090909044,0.03576870140220357,0.01156952786259689,-0.03816296237652463,0.023449711165862253,0.013123875747608132,0.015940335056308923,0.005543134265872635,-0.023314781722474604,0.03817438462886353,0.02409596006080389,-0.006553708653154154,-0.009388203805222747,0.9640265213085705,-0.000207536444825962,0.03707354280855446,0.8231203125901445,-0.05222914376838117,-0.07103409863702215,-0.2120658755202495,0.14095376668053064,0.3780869038570944,1.0,-0.04347826086956519,0.0,0.0,-0.2085144140570748,0.0,11.666666666666666,1.5362318840579707,2.4035087719298236,1.551063216458077,-0.33920727467388456,0.2668814508899999,0.0,-0.043478260869565216,0.0,1.391304347826087,-0.3359683794466404,0.33574879227053134,0.8260869565217391,0.007905138339920903,0.21497584541062797,0.25,0.03260869565217392,0.03947368421052633,1.8333333333333333,-0.5666666666666667,-0.16666666666666674,0.9332682291666666,0.16125118371212122,0.009784773284313708,1.0,-0.04347826086956519,0.0,0.0,-0.2085144140570748,0.0,9.666666666666666,0.5362318840579707,0.4035087719298236,1.551063216458077,-0.33920727467388456,0.2668814508899999,0.0,-0.043478260869565216,0.0,1.391304347826087,-0.3359683794466404,0.33574879227053134,0.8260869565217391,0.007905138339920903,0.21497584541062797,0.2916666666666667,0.030797101449275388,0.08114035087719301,2.0,-1.0,0.0,0.5991443452380952,-0.1015625,-0.3243391106442577
f1o03,4,0.060812971092023035,0.187034331883599,0.31810598465786,2.9645,0.09850000000000048,0.7060000000000004,1.1633477554024851,0.029428131140820657,0.7036587300821062,0.018876869547132927,0.5246803549503339,0.0511117432587352,3.125,0.125,0.75,1.4577379737113252,0.04352441133823004,0.9401888042045595,-0.07293249574894729,0.46040083758438605,0.4747900617562188,0.9762352941176471,0.014985294117647152,0.061326203208556196,0.03395498750508662,-0.0018137138971169517,-0.039976676273641584,0.004311371780795622,-0.01913833938506663,-0.0031980043287577094,0.03006514243551376,0.024522008169641125,0.06269639279850465,0.030372696888817285,0.0062767368280133955,-0.003111466977209352,0.9730265235413917,0.00900000223282127,0.04607354504137573,0.918317422378777,0.0951971097886325,0.024163011151610347,-0.1327713508303227,0.07929452468992679,0.4573814285470212,1.24,0.24,0.24,0.8793937305515279,0.8793937305515279,0.8793937305515279,9.44,-2.2266666666666666,0.17684210526315702,2.501332977967281,0.950269761509204,1.2171512123992039,0.08,0.08,0.08,2.5416666666666665,1.1503623188405796,1.486111111111111,0.9166666666666666,0.0905797101449275,0.30555555555555547,0.24,-0.010000000000000009,0.02947368421052632,3.8333333333333335,2.0,1.8333333333333335,2.1296793619791665,1.1964111328125,1.2061959060968137,1.24,0.24,0.24,0.8793937305515279,0.8793937305515279,0.8793937305515279,8.44,-1.2266666666666666,-0.823157894736843,2.501332977967281,0.950269761509204,1.2171512123992039,0.08,0.08,0.08,2.5416666666666665,1.1503623188405796,1.486111111111111,0.9166666666666666,0.0905797101449275,0.30555555555555547,0.24,-0.051666666666666694,0.02947368421052632,3.8333333333333335,1.8333333333333335,1.8333333333333335,0.84033203125,0.24118768601190477,-0.08315142463235292
f1o03,5,0.1799000187977349,0.1438861683097195,0.08244784719477176,2.8485,-0.1160000000000001,0.5900000000000003,0.17181302129266654,-0.9915347341098186,-0.2878760040277124,0.8498914404272353,0.8310145708801023,0.8821263141388376,2.75,-0.375,0.375,0.4629100498862757,-0.9948279238250495,-0.05463911962048995,-0.258198889747161,-0.1852663939982137,0.2895236677580051,1.0082857142857145,0.03205042016806736,0.09337662337662356,0.012399929102952243,-0.021555058402134376,-0.06153173467577596,-0.013746482061502691,-0.018057853842298313,-0.021255858171056023,-0.02507705733363016,-0.05514219976914392,0.007554193029360733,0.0285976323072626,-0.0017750645815546862,-0.004886531558764038,0.8693702978306058,-0.10365622571078592,-0.05758268066941019,0.8335523648620123,-0.08476505751676466,-0.060602046365154316,-0.43683039346386054,-0.30405904263353783,0.15332238591348335,1.0,-0.24,0.0,0.0,-0.8793937305515279,0.0,11.363636363636363,1.9236363636363638,2.100478468899521,1.6774542658006548,-0.8238787121666262,0.39327250023257765,0.0,-0.08,0.0,1.4285714285714286,-1.113095238095238,0.373015873015873,0.7619047619047619,-0.15476190476190477,0.1507936507936507,0.2727272727272727,0.032727272727272716,0.062200956937799035,2.1666666666666665,-1.666666666666667,0.16666666666666652,0.9523259943181818,-1.1773533676609849,0.028842538435828846,1.0,-0.24,0.0,0.0,-0.8793937305515279,0.0,9.363636363636363,0.9236363636363638,0.10047846889952083,1.6774542658006548,-0.8238787121666262,0.39327250023257765,0.0,-0.08,0.0,1.4285714285714286,-1.113095238095238,0.373015873015873,0.7619047619047619,-0.15476190476190477,0.1507936507936507,0.2727272727272727,0.032727272727272716,0.062200956937799035,2.1666666666666665,-1.666666666666667,0.16666666666666652,0.6384662828947368,-0.20186574835526316,-0.2850171729876161
f1o03,6,0.2195986357615252,0.04256233875483946,0.05673489527578982,2.9829999999999997,0.13449999999999962,0.7244999999999999,0.23550796164885796,0.06369494035619142,-0.22418106367152096,0.0973933319510737,-0.7524981084761616,0.12962820566267597,3.0,0.25,0.625,0.0,-0.4629100498862757,-0.5175491695067657,0.0,0.258198889747161,0.5477225575051661,1.005,-0.0032857142857145583,0.090090909090909,0.01636255888708529,0.003962629784133047,-0.05756910489164291,0.004734668759746032,0.018481150821248724,-0.0027747073498073,0.01435236496385777,0.03942942229748793,0.046983615326848666,0.01511315547198159,-0.013484476835281008,-0.018371008394045048,0.7849071191941293,-0.08446317863647657,-0.14204585930588676,0.7179133806098333,-0.115638984252179,-0.17624103061733332,-0.4231956658923168,0.01363472757154377,0.16695711348502712,1.0,0.0,0.0,0.0,0.0,0.0,11.291666666666666,-0.07196969696969724,2.0285087719298236,1.2328534123049195,-0.4446008534957353,-0.051328353263157656,0.0,0.0,0.0,1.2608695652173914,-0.16770186335403725,0.20531400966183577,0.7391304347826086,-0.022774327122153215,0.1280193236714975,0.2916666666666667,0.018939393939393978,0.08114035087719301,1.8571428571428572,-0.3095238095238093,-0.1428571428571428,0.9583333333333334,0.006007339015151603,0.03484987745098045,1.0,0.0,0.0,0.0,0.0,0.0,9.291666666666666,-0.07196969696969724,0.028508771929823595,1.2328534123049195,-0.4446008534957353,-0.051328353263157656,0.0,0.0,0.0,1.2608695652173914,-0.16770186335403725,0.20531400966183577,0.7391304347826086,-0.022774327122153215,0.1280193236714975,0.2916666666666667,0.018939393939393978,0.08114035087719301,1.8571428571428572,-0.3095238095238093,-0.1428571428571428,0.7041903409090909,0.0657240580143541,-0.21929311497326198
f1o03,7,0.15223135139665883,0.09875091217900224,0.4161367040867173,3.2695,0.2865000000000002,1.0110000000000001,0.9772192326041421,0.7417112709552842,0.5175302072837632,0.10570788583531959,0.008314553884245887,0.13794275954692187,3.5,0.5,1.125,1.1952286093343936,1.1952286093343936,0.6776794398276279,0.17647058823529416,0.17647058823529416,0.7241931457404602,0.9339999999999998,-0.07100000000000006,0.019090909090908936,0.05368916385817042,0.03732660497108513,-0.02024249992055778,0.0027193794889900924,-0.0020152892707559393,-0.004789996620563239,0.0025373155253614887,-0.011815049438496282,0.035168565888352384,0.0037192734344735213,-0.011393882037508069,-0.029764890431553115,0.9027980700529278,0.11789095085879853,-0.02415490844708823,0.8244756724207367,0.10656229181090338,-0.06967873880642994,-0.23168772985967936,0.1915079360326374,0.35846504951766456,1.0,0.0,0.0,0.0,0.0,0.0,12.642857142857142,1.3511904761904763,3.3796992481203,1.3934844605516565,0.16063104824673702,0.10930269498357936,0.0,0.0,0.0,1.1851851851851851,-0.07568438003220623,0.12962962962962954,0.8148148148148148,0.07568438003220612,0.2037037037037036,0.21428571428571427,-0.07738095238095241,0.0037593984962406013,2.5,0.6428571428571428,0.5,1.151611328125,0.19327799479166663,0.22812787224264708,1.0,0.0,0.0,0.0,0.0,0.0,9.642857142857142,0.3511904761904763,0.37969924812029987,1.3934844605516565,0.16063104824673702,0.10930269498357936,0.0,0.0,0.0,1.1851851851851851,-0.07568438003220623,0.12962962962962954,0.8148148148148148,0.07568438003220612,0.2037037037037036,0.21428571428571427,-0.07738095238095241,0.0037593984962406013,2.5,0.6428571428571428,0.5,0.5408984375,-0.16329190340909094,-0.3825850183823529
f1o04,1,0.29665860865660076,0.29665860865660076,0.969620381560827,3.8495,-0.05450000000000044,-0.05450000000000044,1.6105252914144856,0.7163715813943028,0.7163715813943028,-0.3050659583273031,-0.039405614345099926,-0.039405614345099926,3.25,0.125,0.125,1.0350983390135313,0.20057537861725117,0.20057537861725117,-0.3202563076101742,-0.3202563076101742,-0.3202563076101742,1.1824444444444442,-0.06226143790849692,-0.06226143790849692,0.04885780354580283,0.027965925022431726,0.027965925022431726,0.00953275226433663,0.008950005703323053,0.008950005703323053,0.016346927389468302,0.016981259247149865,0.016981259247149865,0.018923408805227564,0.018062031733299774,0.018062031733299774,0.9786811498812972,0.0388576262822129,0.0388576262822129,0.9153065640674475,0.061891391645400806,0.061891391645400806,-0.3501575552054956,-0.08650140808735962,-0.08650140808735962,1.0,0.0,0.0,0.0,0.0,0.0,10.961538461538462,1.0015384615384608,1.0015384615384608,1.6119744223968127,0.21316540517299365,0.21316540517299365,0.0,0.0,0.0,1.44,0.023333333333333206,0.023333333333333206,0.76,-0.11499999999999999,-0.11499999999999999,0.23076923076923078,-0.1292307692307692,-0.1292307692307692,2.6666666666666665,0.8888888888888888,0.8888888888888888,0.9181565504807693,0.3078049879807693,0.3078049879807693,1.0,0.0,0.0,0.0,0.0,0.0,9.961538461538462,0.0015384615384608225,0.0015384615384608225,1.6119744223968127,0.21316540517299365,0.21316540517299365,0.0,0.0,0.0,1.44,0.023333333333333206,0.023333333333333206,0.76,-0.11499999999999999,-0.11499999999999999,0.23076923076923078,-0.1292307692307692,-0.1292307692307692,2.6666666666666665,0.8888888888888888,0.8888888888888888,0.6385498046875,0.0281982421875,0.0281982421875
f1o04,2,0.27367890541400336,0.2612659516173447,0.6617210560304969,3.6109999999999998,-0.23850000000000016,-0.2930000000000006,0.6635721513143841,-0.9469531401001016,-0.23058155870579877,-0.06849648663214472,0.23656947169515838,0.19716385735005845,3.0,-0.25,-0.125,0.5345224838248488,-0.5005758551886825,-0.30000047657143136,0.16666666666666663,0.48692297427684084,0.16666666666666663,1.20525,0.022805555555555745,-0.039455882352941174,0.02766345362868975,-0.02119434991711308,0.006771575105318645,-0.0013092023678223004,-0.01084195463215893,-0.0018919489288358768,0.00455037592374867,-0.011796551465719632,0.005184707781430234,0.004734969048192721,-0.014188439757034843,0.0038735919762649305,0.8684628474025112,-0.11021830247878595,-0.07136067619657305,0.8258772136994195,-0.08942935036802802,-0.02753795872262721,-0.37321299680715425,-0.023055441601658677,-0.1095568496890183,1.125,0.125,0.125,0.44842720314644063,0.44842720314644063,0.44842720314644063,10.375,-0.5865384615384617,0.41499999999999915,2.373998644737901,0.7620242223410885,0.9751896275140821,0.08333333333333333,0.08333333333333333,0.08333333333333333,2.130434782608696,0.6904347826086958,0.713768115942029,0.8695652173913043,0.10956521739130431,-0.005434782608695676,0.3333333333333333,0.10256410256410253,-0.026666666666666672,2.75,0.08333333333333348,0.9722222222222223,0.8804347826086957,-0.0377217678720736,0.2700832201086957,1.125,0.125,0.125,0.44842720314644063,0.44842720314644063,0.44842720314644063,9.375,-0.5865384615384617,-0.5850000000000009,2.373998644737901,0.7620242223410885,0.9751896275140821,0.08333333333333333,0.08333333333333333,0.08333333333333333,2.130434782608696,0.6904347826086958,0.713768115942029,0.8695652173913043,0.10956521739130431,-0.005434782608695676,0.3333333333333333,0.10256410256410253,-0.026666666666666672,2.75,0.08333333333333348,0.9722222222222223,0.5980113636363636,-0.040538441051136354,-0.012340198863636354
f1o04,3,0.09857332216036432,0.3577288789164586,0.3197806137660048,3.4720000000000004,-0.13899999999999935,-0.43199999999999994,0.8661665956549994,0.20259444434061535,-0.02798711436518342,0.04355390518841877,0.11205039182056349,0.30921424917062196,3.0,0.0,-0.125,0.7559289460184544,0.2214064621936056,-0.07859401437782576,-0.5,-0.6666666666666666,-0.5,1.2142499999999998,0.008999999999999897,-0.030455882352941277,0.10718177705810505,0.07951832342941531,0.08628989853473396,0.01746044635555961,0.01876964872338191,0.016877699794546033,0.07363067937340591,0.06908030344965724,0.07426501123108747,0.07567261150459047,0.07093764245639775,0.07481123443266267,0.8684628474025113,1.1102230246251565e-16,-0.07136067619657294,0.8518170574043473,0.025939843704927856,-0.001598115017699353,-0.31951734699871265,0.0536956498084416,-0.055861199880576695,1.0,-0.125,0.0,0.0,-0.44842720314644063,0.0,11.75,1.375,1.7899999999999991,1.03209369308428,-1.3419049516536212,-0.3667153241395391,0.0,-0.08333333333333333,0.0,1.2173913043478262,-0.9130434782608696,-0.19927536231884058,0.6956521739130435,-0.17391304347826086,-0.17934782608695654,0.20833333333333334,-0.12499999999999997,-0.15166666666666664,2.6,-0.1499999999999999,0.8222222222222224,0.8858235677083334,0.005388785099637694,0.27547200520833337,1.0,-0.125,0.0,0.0,-0.44842720314644063,0.0,9.75,0.375,-0.21000000000000085,1.03209369308428,-1.3419049516536212,-0.3667153241395391,0.0,-0.08333333333333333,0.0,1.2173913043478262,-0.9130434782608696,-0.19927536231884058,0.6956521739130435,-0.17391304347826086,-0.17934782608695654,0.25,-0.08333333333333331,-0.10999999999999999,2.3333333333333335,-0.4166666666666665,0.5555555555555558,0.6277901785714286,0.029778814935064957,0.017438616071428603
f1o04,4,0.13767437411287434,0.07470654289209858,0.2355676872803573,2.902,-0.5700000000000003,-1.0020000000000002,0.44284276474355355,-0.4233238309114459,-0.4513109452766293,0.21619963602712977,0.172645730838711,0.48185998000933294,2.375,-0.625,-0.75,0.5175491695067657,-0.23837977651168873,-0.3169737908895145,-0.16666666666666666,0.33333333333333337,-0.16666666666666666,1.207272727272727,-0.006977272727272776,-0.03743315508021405,0.04891848507280435,-0.058263291985300704,0.028026606549433244,-0.009840765830486606,-0.02730121218604622,-0.010423512391500182,-0.009186093923816944,-0.08281677329722285,-0.00855176206613538,0.013461983275418943,-0.062210628229171526,0.012600606203491153,0.8896600483408443,0.021197200938332994,-0.05016347525823994,0.821657371696549,-0.030159685707798367,-0.03175780072549772,-0.45310408404771807,-0.13358673704900542,-0.18944793692958212,1.0,0.0,0.0,0.0,0.0,0.0,10.578947368421053,-1.171052631578947,0.6189473684210522,1.0173926082384546,-0.01470108484582533,-0.38141640898536444,0.0,0.0,0.0,0.8333333333333334,-0.3840579710144928,-0.5833333333333334,0.6111111111111112,-0.0845410628019323,-0.26388888888888884,0.10526315789473684,-0.1030701754385965,-0.25473684210526315,2.5,-0.10000000000000009,0.7222222222222223,1.1015625,0.21573893229166663,0.4912109375,1.0,0.0,0.0,0.0,0.0,0.0,9.578947368421053,-0.1710526315789469,-0.38105263157894775,1.0173926082384546,-0.01470108484582533,-0.38141640898536444,0.0,0.0,0.0,0.8333333333333334,-0.3840579710144928,-0.5833333333333334,0.6111111111111112,-0.0845410628019323,-0.26388888888888884,0.10526315789473684,-0.14473684210526316,-0.25473684210526315,2.5,0.16666666666666652,0.7222222222222223,0.8133680555555556,0.18557787698412698,0.20301649305555558
f1o04,5,0.03857577508097045,0.1439361398063678,0.14636245708040552,3.6535,0.7515000000000001,-0.25050000000000017,0.7154968303813192,0.2726540656377656,-0.17865687963886367,-0.062674184393116,-0.2788738204202458,0.20298615958908717,3.125,0.75,0.0,0.6408699444616557,0.12332077495489002,-0.19365301593462447,-0.049999999999999996,0.11666666666666667,-0.049999999999999996,1.1696470588235293,-0.03762566844919779,-0.07505882352941184,0.04745648161272416,-0.0014620034600801926,0.026564603089353052,-0.0065894373116765735,0.0032513285188100326,-0.00717218387269015,0.00966791412578612,0.018854008049603063,0.010302245983467686,0.011699967847310103,-0.0017620154281088405,0.010838590775382313,0.9730265235413917,0.08336647520054741,0.033202999942307465,0.9383174223787771,0.11666005068222818,0.08490224995673046,-0.34783602598380253,0.10526805806391554,-0.08417987886566658,1.0,0.0,0.0,0.0,0.0,0.0,11.76,1.1810526315789467,1.799999999999999,1.7146428199482249,0.6972502117097703,0.31583380272440587,0.0,0.0,0.0,1.4583333333333333,0.6249999999999999,0.04166666666666652,0.6666666666666666,0.05555555555555547,-0.20833333333333337,0.2,0.09473684210526317,-0.15999999999999998,3.0,0.5,1.2222222222222223,1.727109375,0.625546875,1.1167578125,1.0,0.0,0.0,0.0,0.0,0.0,9.76,0.1810526315789467,-0.20000000000000107,1.7146428199482249,0.6972502117097703,0.31583380272440587,0.0,0.0,0.0,1.4583333333333333,0.6249999999999999,0.04166666666666652,0.6666666666666666,0.05555555555555547,-0.20833333333333337,0.2,0.09473684210526317,-0.15999999999999998,3.0,0.5,1.2222222222222223,0.6463068181818182,-0.16706123737373735,0.03595525568181823
f1o04,6,0.05559263408514772,0.055437173329378094,0.24070145704802037,3.593,-0.06050000000000022,-0.3110000000000004,0.7032130341714176,-0.01228379620990161,-0.19094067584876528,-0.0006604234929038722,0.062013760900212135,0.2649999204892993,3.125,0.0,0.0,0.3535533905932738,-0.2873165538683819,-0.48096956980300637,-0.16666666666666652,-0.11666666666666653,-0.16666666666666652,1.1649411764705884,-0.004705882352940893,-0.07976470588235274,0.05009050632135206,0.002634024708627905,0.029198627797980957,-0.0012156998511310313,0.005373737460545543,-0.0017984464121446075,0.01886898822557403,0.00920107409978791,0.019503320083255594,0.018908110502768156,0.007208142655458053,0.018046733430840366,0.8628310234548529,-0.11019550008653889,-0.07699250014423142,0.8022210176344091,-0.13609640474436802,-0.05119415478763756,-0.38226531390420054,-0.03442928792039801,-0.11860916678606459,1.0,0.0,0.0,0.0,0.0,0.0,11.4,-0.35999999999999943,1.4399999999999995,1.224744871391589,-0.48989794855663593,-0.17406414583223007,0.0,0.0,0.0,1.5,0.04166666666666674,0.08333333333333326,0.8333333333333334,0.16666666666666674,-0.04166666666666663,0.24,0.03999999999999998,-0.12,2.5,-0.5,0.7222222222222223,0.939921875,-0.7871874999999999,0.3295703125,1.0,0.0,0.0,0.0,0.0,0.0,9.4,-0.35999999999999943,-0.5600000000000005,1.224744871391589,-0.48989794855663593,-0.17406414583223007,0.0,0.0,0.0,1.5,0.04166666666666674,0.08333333333333326,0.8333333333333334,0.16666666666666674,-0.04166666666666663,0.24,0.03999999999999998,-0.12,2.5,-0.5,0.7222222222222223,0.7661946614583334,0.11988784327651514,0.15584309895833337
f1o04,7,0.05868029377273899,0.044947809793389,0.07631116135265362,3.7095000000000002,0.11650000000000027,-0.19450000000000012,0.42167523047957184,-0.2815378036918457,-0.472478479540611,-0.39684828269713424,-0.3961878592042304,-0.13118793871493106,3.125,0.0,0.0,0.3535533905932738,0.0,-0.48096956980300637,-0.1666666666666666,-8.326672684688674e-17,-0.1666666666666666,1.184470588235294,0.019529411764705573,-0.060235294117647165,0.03823303160726802,-0.011857474714084042,0.017341153083896915,-0.003516638602376223,-0.0023009387512451917,-0.0040993851633898,-0.0008321673493693793,-0.01970115557494341,-0.00019783549168781518,0.003613758370046212,-0.015294352132721943,0.0027523812981184214,0.8342748974538358,-0.02855612600101709,-0.10554862614524851,0.8258662974004118,0.023645279766002725,-0.027548875021634833,-0.382366652513978,-0.00010133860977745712,-0.11871050539584205,1.0,0.0,0.0,0.0,0.0,0.0,12.76,1.3599999999999994,2.799999999999999,1.3625955623979797,0.1378506910063908,-0.036213454825839264,0.0,0.0,0.0,1.8333333333333333,0.33333333333333326,0.4166666666666665,0.8333333333333334,0.0,-0.04166666666666663,0.32,0.08000000000000002,-0.03999999999999998,2.5,0.0,0.7222222222222223,0.849453125,-0.09046874999999999,0.23910156250000003,1.0,0.0,0.0,0.0,0.0,0.0,9.76,0.35999999999999943,-0.20000000000000107,1.3625955623979797,0.1378506910063908,-0.036213454825839264,0.0,0.0,0.0,1.8333333333333333,0.33333333333333326,0.4166666666666665,0.8333333333333334,0.0,-0.04166666666666663,0.32,0.08000000000000002,-0.03999999999999998,2.5,0.0,0.7222222222222223,0.56640625,-0.19978841145833337,-0.0439453125
f1o05,1,0.10537479434897383,0.10537479434897383,0.2346562610574522,4.3389999999999995,0.12049999999999983,0.12049999999999983,1.6806757144502495,0.6788192947401768,0.6788192947401768,-0.4564105686014647,-0.5777012097813103,-0.5777012097813103,4.125,0.0,0.0,1.4577379737113252,0.21131451895310027,0.21131451895310027,-0.4135850959342555,-0.5460383316407599,-0.5460383316407599,1.04496,0.0022400000000000198,0.0022400000000000198,0.0157598646356285,0.004701233014431708,0.004701233014431708,0.0002200058343537641,0.002969069806708765,0.002969069806708765,-0.0015211702633217189,-0.020405254068264007,-0.020405254068264007,0.0015369975722700291,-0.017546135657789022,-0.017546135657789022,0.9655983892480011,-0.0012696668593212834,-0.0012696668593212834,0.9200413328043568,0.025340742181412135,0.025340742181412135,-0.08289565235379415,-0.09399398218822111,-0.09399398218822111,1.0,-0.030303030303030276,-0.030303030303030276,0.0,-0.17407765595569785,-0.17407765595569785,10.727272727272727,1.4848484848484844,1.4848484848484844,1.8074970137030528,-0.04706329520953134,-0.04706329520953134,0.0,-0.030303030303030304,-0.030303030303030304,1.25,-0.34375,-0.34375,0.71875,-0.03125,-0.03125,0.15151515151515152,-0.12121212121212119,-0.12121212121212119,3.2,0.5333333333333337,0.5333333333333337,0.7473958333333334,0.36687320402298856,0.36687320402298856,1.0,-0.030303030303030276,-0.030303030303030276,0.0,-0.17407765595569785,-0.17407765595569785,9.727272727272727,0.4848484848484844,0.4848484848484844,1.8074970137030528,-0.04706329520953134,-0.04706329520953134,0.0,-0.030303030303030304,-0.030303030303030304,1.25,-0.34375,-0.34375,0.71875,-0.03125,-0.03125,0.18181818181818182,-0.09090909090909088,-0.09090909090909088,3.1666666666666665,0.5,0.5,0.42710658482142855,0.04658395551108374,0.04658395551108374
f1o05,2,0.09493734849656266,0.09544101001701337,0.2588792172732538,5.2940000000000005,0.955000000000001,1.0755000000000008,1.7850835914800822,0.10440787702983267,0.7832271717700094,-0.1918130158487357,0.264597552752729,-0.31310365702858134,5.25,1.125,1.125,1.9086270308410553,0.45088905712973015,0.6622035760828304,-0.009553752543358517,0.404031343390897,-0.14200698824986288,1.0156470588235296,-0.02931294117647054,-0.027072941176470522,0.028187556198093492,0.012427691562464992,0.0171289245768967,0.0031904690166891414,0.0029704631823353773,0.0059395329890441426,0.008568253378967343,0.010089423642289062,-0.010315830425974946,0.009142978645531152,0.007605981073261123,-0.009940154584527898,0.9909081175708435,0.025309728322842395,0.024040061463521112,0.9604637873687154,0.040422454564358556,0.06576319674577069,0.16482025878027864,0.2477159111340728,0.15372192894585168,1.0476190476190477,0.04761904761904767,0.017316017316017396,0.30860669992418377,0.30860669992418377,0.13452904396848592,11.214285714285714,0.4870129870129869,1.9718614718614713,2.0186413480323995,0.21114433432934665,0.1640810391198153,0.023809523809523808,0.023809523809523808,-0.006493506493506496,1.7073170731707317,0.45731707317073167,0.11356707317073167,0.8048780487804879,0.08612804878048785,0.054878048780487854,0.23809523809523808,0.08658008658008656,-0.034632034632034625,2.6,-0.6000000000000001,-0.06666666666666643,0.9802129836309523,0.23281715029761896,0.5996903543206076,1.0476190476190477,0.04761904761904767,0.017316017316017396,0.30860669992418377,0.30860669992418377,0.13452904396848592,10.214285714285714,0.4870129870129869,0.9718614718614713,2.0186413480323995,0.21114433432934665,0.1640810391198153,0.023809523809523808,0.023809523809523808,-0.006493506493506496,1.7073170731707317,0.45731707317073167,0.11356707317073167,0.8048780487804879,0.08612804878048785,0.054878048780487854,0.2619047619047619,0.0800865800865801,-0.010822510822510789,2.909090909090909,-0.25757575757575735,0.24242424242424265,0.3574989720394737,-0.06960761278195488,-0.023023657270871134
f1o05,3,0.09613359149361132,0.11117848172077516,0.18221162245844524,5.672,0.3779999999999992,1.4535,2.0000068571311025,0.21492326565102027,0.9981504374210297,0.27008666419273913,0.46189968004147486,0.1487960230128935,5.375,0.125,1.25,1.9955307206712847,0.08690368983022934,0.7491072659130598,0.12171612389003687,0.13126987643339538,-0.010737111816467484,1.0365714285714287,0.02092436974789913,-0.006148571428571392,0.020144019276327224,-0.008043536921766268,0.009085387655130433,0.0054461019587942056,0.002255632942105064,0.008195165931149207,-0.016207531278356512,-0.024775784657323857,-0.035091615083298805,0.017098072893881544,0.007955094248350392,-0.0019850603361775063,0.9898272799670264,-0.001080837603817164,0.022959223859703948,0.9552897351368392,-0.0051740522318761695,0.06058914451389452,0.13961022015771674,-0.02521003862256191,0.12851189032328977,1.0,-0.04761904761904767,-0.030303030303030276,0.0,-0.30860669992418377,-0.17407765595569785,12.511627906976743,1.2973421926910298,3.269203664552501,1.1206310514564426,-0.8980102965759569,-0.7339292574561416,0.0,-0.023809523809523808,-0.030303030303030304,1.2142857142857142,-0.4930313588850175,-0.3794642857142858,0.6904761904761905,-0.11440185830429739,-0.059523809523809534,0.3023255813953488,0.06423034330011074,0.029598308668076112,1.9230769230769231,-0.676923076923077,-0.7435897435897434,0.4269167877906977,-0.5532961958402547,0.04639415848035289,1.0,-0.04761904761904767,-0.030303030303030276,0.0,-0.30860669992418377,-0.17407765595569785,10.511627906976743,0.2973421926910298,1.269203664552501,1.1206310514564426,-0.8980102965759569,-0.7339292574561416,0.0,-0.023809523809523808,-0.030303030303030304,1.2142857142857142,-0.4930313588850175,-0.3794642857142858,0.6904761904761905,-0.11440185830429739,-0.059523809523809534,0.3023255813953488,0.0404208194905869,0.029598308668076112,1.9230769230769231,-0.986013986013986,-0.7435897435897434,0.3667724609375,0.009273488898026316,-0.013750168372844818
f1o05,4,0.06325388125611651,0.08385543153879083,0.2080692097209323,5.028499999999999,-0.6435000000000004,0.8099999999999996,2.421428563000421,0.4214217058693186,1.4195721432903483,-0.20495378582751408,-0.4750404500202532,-0.3262444270073597,4.875,-0.5,0.75,2.356601669474803,0.3610709488035184,1.1101782147165782,-0.3383110024301975,-0.4600271263202344,-0.4707642381367019,1.0338064516129033,-0.0027649769585254003,-0.008913548387096792,0.023862689642813698,0.0037186703664864734,0.012804058021616906,0.002121374850649426,-0.0033247271081447796,0.004870438823004426,0.0028482957204736857,0.019055826998830197,-0.016035788084468604,0.0035514813484286505,-0.013546591545452893,-0.0155316518816304,0.9882666074496564,-0.0015606725173699099,0.021398551342334038,0.966964577054381,0.011674841917541756,0.07226398643143628,0.10057756804632326,-0.03903265211139348,0.0894792382118963,1.0,0.0,-0.030303030303030276,0.0,0.0,-0.17407765595569785,11.153846153846153,-1.35778175313059,1.911421911421911,2.2541010757991815,1.133470024342739,0.39954076688659734,0.0,0.0,-0.030303030303030304,1.5526315789473684,0.33834586466165417,-0.04111842105263164,0.7368421052631579,0.04636591478696739,-0.013157894736842146,0.2564102564102564,-0.04591532498509243,-0.01631701631701632,2.6,0.676923076923077,-0.06666666666666643,1.3252704326923077,0.8983536449016101,0.944747803381963,1.0,0.0,-0.030303030303030276,0.0,0.0,-0.17407765595569785,10.153846153846153,-0.35778175313059,0.9114219114219111,2.2541010757991815,1.133470024342739,0.39954076688659734,0.0,0.0,-0.030303030303030304,1.5526315789473684,0.33834586466165417,-0.04111842105263164,0.7368421052631579,0.04636591478696739,-0.013157894736842146,0.28205128205128205,-0.02027429934406677,0.009324009324009341,2.4545454545454546,0.5314685314685315,-0.21212121212121193,0.4908482142857143,0.1240757533482143,0.11032558497536948
f1o05,5,0.08182551976200843,0.07755714608185489,0.07546642723306324,4.5105,-0.5179999999999989,0.2920000000000007,0.5798046469039625,-1.8416239160964585,-0.4220517728061103,0.3991983206845468,0.6041521065120609,0.2779076795047012,4.375,-0.5,0.25,0.7440238091428449,-1.612577860331958,-0.50239964561538,0.0400320384512718,0.3783430408814693,-0.09242119725523257,1.0521481481481483,0.018341696535244978,0.009428148148148185,0.012126587774560958,-0.01173610186825274,0.001067956153364167,-0.003651636937836687,-0.005773011788486113,-0.0009025729654816863,0.020796650974246118,0.017948355253772433,0.0019125671693038283,0.02111480864394431,0.01756332729551566,0.0020316754138852595,0.9714201729308893,-0.016846434518767106,0.004552116823566932,0.9410747720161177,-0.025889805038263325,0.04637418139317295,0.0038608709710417142,-0.09671669707528155,-0.0072374588633852405,1.0,0.0,-0.030303030303030276,0.0,0.0,-0.17407765595569785,12.114285714285714,0.9604395604395606,2.8718614718614717,1.6408647033774344,-0.6132363724217471,-0.21369560553514977,0.0,0.0,-0.030303030303030304,1.4411764705882353,-0.11145510835913308,-0.15257352941176472,0.6764705882352942,-0.0603715170278637,-0.07352941176470584,0.2571428571428571,0.00073260073260073,-0.01558441558441559,2.4444444444444446,-0.15555555555555545,-0.22222222222222188,0.7234933035714286,-0.6017771291208791,0.3429706742610838,1.0,0.0,-0.030303030303030276,0.0,0.0,-0.17407765595569785,10.114285714285714,-0.03956043956043942,0.8718614718614717,1.6408647033774344,-0.6132363724217471,-0.21369560553514977,0.0,0.0,-0.030303030303030304,1.4411764705882353,-0.11145510835913308,-0.15257352941176472,0.6764705882352942,-0.0603715170278637,-0.07352941176470584,0.2857142857142857,0.00366300366300365,0.012987012987012991,2.3,-0.15454545454545476,-0.3666666666666667,0.4172757056451613,-0.07357250864055298,0.036753076334816503
f1o05,6,0.09569288622083252,0.02212642109733842,0.11489955916647071,5.010999999999999,0.5004999999999988,0.7924999999999995,1.2001480861008065,0.620343439196844,0.1982916663907337,0.29508524404240116,-0.10411307664214564,0.17379460286255552,4.75,0.375,0.625,1.2817398889233114,0.5377160797804664,0.03531643416508645,0.12500000000000003,0.08496796154872824,-0.00745323570650433,1.0581333333333334,0.0059851851851850935,0.015413333333333279,0.014199886675927937,0.0020732989013669788,0.0031412550547311457,0.0005689958555363571,0.0042206327933730445,0.003318059827891358,0.003077607185789571,-0.017719043788456547,-0.01580647661915272,0.0031297639325740135,-0.017985044711370295,-0.01595336929748504,0.9817656984604275,0.010345525529538158,0.01489764235310509,0.9368532598829105,-0.004221512133207206,0.04215266925996575,0.09097200561449291,0.0871111346434512,0.07987367578006596,1.0526315789473684,0.05263157894736836,0.022328548644338087,0.3244428422615251,0.3244428422615251,0.15036518630582724,11.842105263157896,-0.2721804511278183,2.5996810207336534,1.6361840210631446,-0.0046806823142897525,-0.21837628784943952,0.02631578947368421,0.02631578947368421,-0.003987240829346095,1.7837837837837838,0.3426073131955485,0.19003378378378377,0.8108108108108109,0.1343402225755167,0.060810810810810856,0.23684210526315788,-0.020300751879699236,-0.035885167464114825,3.2222222222222223,0.7777777777777777,0.5555555555555558,1.235865542763158,0.5123722391917294,0.8553429134528132,1.0526315789473684,0.05263157894736836,0.022328548644338087,0.3244428422615251,0.3244428422615251,0.15036518630582724,9.842105263157896,-0.2721804511278183,0.5996810207336534,1.6361840210631446,-0.0046806823142897525,-0.21837628784943952,0.02631578947368421,0.02631578947368421,-0.003987240829346095,1.7837837837837838,0.3426073131955485,0.19003378378378377,0.8108108108108109,0.1343402225755167,0.060810810810810856,0.2631578947368421,-0.022556390977443608,-0.009569377990430616,3.2,0.9000000000000004,0.5333333333333337,0.3932291666666667,-0.024046538978494625,0.012706537356321879
f1o05,7,0.08512118429069576,0.07714266011129653,0.10460818112370449,4.3395,-0.6714999999999991,0.12100000000000044,0.531049365475027,-0.6690987206257795,-0.47080705423504576,0.12487284017028318,-0.170212403872118,0.0035821989904375323,4.0,-0.75,-0.125,0.5345224838248488,-0.7472174050984626,-0.7119009709333761,0.0,-0.12500000000000003,-0.13245323570650436,1.0638333333333334,0.005700000000000038,0.021113333333333317,0.006404255831368955,-0.007795630844558982,-0.0046543757898278365,-0.0014541736899212898,-0.002023169545457647,0.001294890282433711,-0.02138619169954608,-0.02446379888533565,-0.04027027550448837,0.02143557362260672,0.018305809690032704,0.0023524403925476688,0.9962028335770805,0.01443713511665301,0.0293347774697581,0.9451597655573916,0.008306505674481102,0.05045917493444685,-0.13217462246779044,-0.22314662808228336,-0.1432729523022174,1.0,-0.05263157894736836,-0.030303030303030276,0.0,-0.3244428422615251,-0.17407765595569785,12.59375,0.7516447368421044,3.351325757575758,1.623603618398721,-0.012580402664423618,-0.23095669051386314,0.0,-0.02631578947368421,-0.030303030303030304,1.5806451612903225,-0.20313862249346126,-0.013104838709677491,0.8387096774193549,0.027898866608544015,0.08870967741935487,0.28125,0.04440789473684212,0.008522727272727293,2.111111111111111,-1.1111111111111112,-0.5555555555555554,0.650146484375,-0.585719058388158,0.2696238550646552,1.0,-0.05263157894736836,-0.030303030303030276,0.0,-0.3244428422615251,-0.17407765595569785,9.59375,-0.24835526315789558,0.3513257575757578,1.623603618398721,-0.012580402664423618,-0.23095669051386314,0.0,-0.02631578947368421,-0.030303030303030304,1.5806451612903225,-0.20313862249346126,-0.013104838709677491,0.8387096774193549,0.027898866608544015,0.08870967741935487,0.3125,0.04934210526315791,0.03977272727272729,2.1,-1.1,-0.5666666666666664,0.5637796336206896,0.17055046695402293,0.1832570043103448
f1o06,1,0.12683509052272132,0.12683509052272132,0.16063928428657612,3.492,0.15399999999999991,0.15399999999999991,0.9640367509295779,0.2697169398914655,0.2697169398914655,0.10963865588719371,-0.2889705013327626,-0.2889705013327626,3.0,0.25,0.25,1.0690449676496976,0.36193818646315,0.36193818646315,0.05892556509887896,-0.16929216719494022,-0.16929216719494022,1.19525,-0.023607142857142938,-0.023607142857142938,0.01394991039397746,-0.010778948931039629,-0.010778948931039629,-0.0067842306521932,0.002579371470306892,0.002579371470306892,0.02813643472056011,0.028681870548756924,0.028681870548756924,0.028942783976779053,0.01956330931392245,0.01956330931392245,0.9622807293770039,-0.01647261313350523,-0.01647261313350523,0.8726503907376807,-0.06038933210346176,-0.06038933210346176,-0.14543338062077615,0.16828470710950427,0.16828470710950427,1.0,0.0,0.0,0.0,0.0,0.0,10.875,1.6477272727272734,1.6477272727272734,1.3929168644626095,-0.532645964372692,-0.532645964372692,0.0,0.0,0.0,1.2608695652173914,-0.6438923395445133,-0.6438923395445133,0.6086956521739131,-0.15320910973084878,-0.15320910973084878,0.20833333333333334,-0.018939393939393923,-0.018939393939393923,2.4,-0.8000000000000003,-0.8000000000000003,0.762939453125,0.19704718338815785,0.19704718338815785,1.0,0.0,0.0,0.0,0.0,0.0,9.875,0.6477272727272734,0.6477272727272734,1.3929168644626095,-0.532645964372692,-0.532645964372692,0.0,0.0,0.0,1.2608695652173914,-0.6438923395445133,-0.6438923395445133,0.6086956521739131,-0.15320910973084878,-0.15320910973084878,0.20833333333333334,-0.018939393939393923,-0.018939393939393923,2.4,-0.8000000000000003,-0.8000000000000003,0.5704055059523809,0.004513236215538785,0.004513236215538785
f1o06,2,0.06405472509623698,0.08698793236592468,0.22049609996603298,3.3470000000000004,-0.14499999999999957,0.009000000000000341,0.9795503341548392,0.015513583225261307,0.2852305231167268,-0.48988151078265146,-0.5995201666698452,-0.8884906680026077,3.0,0.0,0.25,0.9258200997725514,-0.14322486787714617,0.21871331858600385,-0.3333333333333333,-0.3922588984322123,-0.5615510656271525,1.17325,-0.02200000000000002,-0.04560714285714296,0.02380896189813129,0.009859051504153832,-0.0009198974268857969,-0.019879054020183116,-0.013094823367989915,-0.010515451897683024,0.05883502577768227,0.030698591057122162,0.059380461605879085,0.06210263317282042,0.03315984919604137,0.05272315850996382,0.9453462717537593,-0.016934457623244636,-0.03340707075674987,0.8596804688852169,-0.012969921852463817,-0.07335925395592557,-0.34587122518206626,-0.2004378445612901,-0.03215313745178583,1.0,0.0,0.0,0.0,0.0,0.0,11.125,0.25,1.8977272727272734,1.190998850070631,-0.20191801439197854,-0.7345639787646705,0.0,0.0,0.0,0.9565217391304348,-0.30434782608695654,-0.9482401656314698,0.6521739130434783,0.04347826086956519,-0.10973084886128359,0.20833333333333334,0.0,-0.018939393939393923,1.6,-0.7999999999999998,-1.6,0.7313639322916666,-0.03157552083333337,0.16547166255482448,1.0,0.0,0.0,0.0,0.0,0.0,10.125,0.25,0.8977272727272734,1.190998850070631,-0.20191801439197854,-0.7345639787646705,0.0,0.0,0.0,0.9565217391304348,-0.30434782608695654,-0.9482401656314698,0.6521739130434783,0.04347826086956519,-0.10973084886128359,0.20833333333333334,0.0,-0.018939393939393923,1.6,-0.7999999999999998,-1.6,0.5730646306818182,0.002659124729437301,0.007172360944976086
f1o06,3,0.0771140488661295,0.07812014836173771,0.16688817670239597,2.584,-0.7630000000000003,-0.754,0.46110922164462753,-0.5184411125102116,-0.23321058939348482,-0.06006564046400375,0.4298158703186477,-0.45867479768396,2.125,-0.875,-0.625,0.3535533905932738,-0.5722667091792777,-0.3535533905932738,-0.16666666666666652,0.1666666666666668,-0.3948843989604857,1.2053333333333331,0.03208333333333324,-0.013523809523809716,0.011661903789690611,-0.01214705810844068,-0.013066955535326477,-0.0013534753727635156,0.0185255786474196,0.008010126749736576,-0.00799766421292278,-0.06683268999060506,-0.007452228384725966,0.00811138264707954,-0.053991250525740886,-0.0012680920157770621,0.9311150647305054,-0.014231207023253867,-0.047638277780003735,0.8342938352807693,-0.025386633604447595,-0.09874588756037317,-0.6740596035469085,-0.32818837836484227,-0.3603415158166281,1.0,0.0,0.0,0.0,0.0,0.0,10.941176470588236,-0.1838235294117645,1.7139037433155089,1.2485285456935955,0.057529695622964505,-0.677034283141706,0.0,0.0,0.0,1.5,0.5434782608695652,-0.40476190476190466,0.875,0.22282608695652173,0.11309523809523814,0.29411764705882354,0.0857843137254902,0.06684491978609627,2.4,0.7999999999999998,-0.8000000000000003,1.5492876838235294,0.8179237515318628,0.9833954140866873,1.0,0.0,0.0,0.0,0.0,0.0,8.941176470588236,-1.1838235294117645,-0.2860962566844911,1.2485285456935955,0.057529695622964505,-0.677034283141706,0.0,0.0,0.0,1.5,0.5434782608695652,-0.40476190476190466,0.875,0.22282608695652173,0.11309523809523814,0.29411764705882354,0.0857843137254902,0.06684491978609627,2.4,0.7999999999999998,-0.8000000000000003,0.83203125,0.25896661931818177,0.26613898026315785
f1o06,4,0.0865292790298274,0.10624700829661705,0.12937205329179813,3.7044999999999995,1.1204999999999994,0.3664999999999994,0.7651448042224239,0.3040355825777964,0.07082499318431157,-0.26888395040647994,-0.2088183099424762,-0.6674931076264362,3.125,1.0,0.375,0.8345229603962802,0.48096956980300637,0.12741617920973258,-0.4411764705882355,-0.274509803921569,-0.6693942028820548,1.2056470588235293,0.00031372549019614837,-0.013210084033613567,0.012087913263207335,0.00042600947351672386,-0.012640946061809754,0.0019497935031899073,0.003303268875953423,0.01131339562569,0.02322799840001915,0.031225662612941928,0.023773434228215963,0.023309689066488504,0.015198306419408964,0.013930214403631902,0.8824034371129932,-0.04871162761751224,-0.09634990539751598,0.7497698926560438,-0.08452394262472551,-0.18326983018509868,-0.29088330536917667,0.38317629817773186,0.022834782361103756,1.04,0.040000000000000036,0.040000000000000036,0.2,0.2,0.2,10.72,-0.22117647058823486,1.492727272727274,1.514375558880073,0.2658470131864774,-0.4111872699552286,0.04,0.04,0.04,1.2916666666666667,-0.20833333333333326,-0.6130952380952379,0.7083333333333334,-0.16666666666666663,-0.05357142857142849,0.2,-0.09411764705882353,-0.027272727272727254,2.6,0.20000000000000018,-0.6000000000000001,2.3310546875,0.7817670036764706,1.765162417763158,1.04,0.040000000000000036,0.040000000000000036,0.2,0.2,0.2,9.72,0.7788235294117651,0.492727272727274,1.514375558880073,0.2658470131864774,-0.4111872699552286,0.04,0.04,0.04,1.2916666666666667,-0.20833333333333326,-0.6130952380952379,0.7083333333333334,-0.16666666666666663,-0.05357142857142849,0.2,-0.09411764705882353,-0.027272727272727254,2.6,0.20000000000000018,-0.6000000000000001,0.42098335597826086,-0.41104789402173914,-0.14490891375858128
f1o06,5,0.1737023634482055,0.09449200621779832,0.03928136741599676,3.6014999999999997,-0.10299999999999976,0.2634999999999996,0.12400806425390257,-0.6411367399685214,-0.5703117467842098,0.12102413364770084,0.38990808405418076,-0.27758502357225545,3.0,-0.125,0.25,0.0,-0.8345229603962802,-0.7071067811865476,0.0,0.4411764705882355,-0.2282177322938192,1.2015,-0.004147058823529282,-0.01735714285714285,0.016645319662495734,0.004557406399288399,-0.008083539662521354,-0.0036069564117441263,-0.005556749914934034,0.005756645710755966,0.003988118818322284,-0.019239879581696866,0.004533554646519097,0.005377288002820603,-0.0179324010636679,-0.0040021866600359985,0.789970007758022,-0.09243342935497123,-0.1887833347524872,0.7268170574043473,-0.022952835251696446,-0.20622266543679513,-0.43987983410828907,-0.1489965287391124,-0.12616174637800864,1.0,-0.040000000000000036,0.0,0.0,-0.2,0.0,11.666666666666666,0.9466666666666654,2.4393939393939394,1.4939491483885974,-0.020426410491475533,-0.4316136804467041,0.0,-0.04,0.0,1.826086956521739,0.5344202898550723,-0.07867494824016563,0.9130434782608695,0.20471014492753614,0.15113871635610765,0.2916666666666667,0.09166666666666667,0.06439393939393942,2.4285714285714284,-0.1714285714285717,-0.7714285714285718,0.7909342447916666,-1.5401204427083335,0.22504197505482448,1.0,-0.040000000000000036,0.0,0.0,-0.2,0.0,9.666666666666666,-0.053333333333334565,0.43939393939393945,1.4939491483885974,-0.020426410491475533,-0.4316136804467041,0.0,-0.04,0.0,1.826086956521739,0.5344202898550723,-0.07867494824016563,0.9130434782608695,0.20471014492753614,0.15113871635610765,0.3333333333333333,0.1333333333333333,0.10606060606060605,2.375,-0.2250000000000001,-0.8250000000000002,0.7504438920454546,0.3294605360671937,0.18455162230861244
f1o06,6,0.18017454575320171,0.012177614099476673,0.02810126534075713,3.5785,-0.022999999999999687,0.24049999999999994,0.10559085458233856,-0.018417209671564003,-0.5887289564557738,0.18094493507496703,0.05992080142726619,-0.21766422214498923,3.0,0.0,0.25,0.0,0.0,-0.7071067811865476,0.0,0.0,-0.2282177322938192,1.2035,0.0020000000000000018,-0.015357142857142847,0.01203328716519307,-0.004612032497302665,-0.012695572159824019,0.002402205654135838,0.006009162065879965,0.01176580777663593,0.011627781921663643,0.0076396631033413594,0.012173217749860457,0.011873327436844739,0.0064960394340241355,0.002493852773988137,0.6947651053653366,-0.09520490239268531,-0.2839882371451725,0.6635458707257331,-0.0632711866786142,-0.2694938521154093,-0.44672947166054977,-0.006849637552260701,-0.13301138393026934,1.0,0.0,0.0,0.0,0.0,0.0,11.25,-0.4166666666666661,2.0227272727272734,2.211629342323457,0.7176801939348596,0.2860665134881555,0.0,0.0,0.0,2.260869565217391,0.4347826086956521,0.3561076604554865,0.6956521739130435,-0.21739130434782605,-0.0662525879917184,0.16666666666666666,-0.12500000000000003,-0.06060606060606061,4.25,1.8214285714285716,1.0499999999999998,1.2032063802083333,0.41227213541666663,0.6373141104714911,1.0,0.0,0.0,0.0,0.0,0.0,9.25,-0.4166666666666661,0.022727272727273373,2.211629342323457,0.7176801939348596,0.2860665134881555,0.0,0.0,0.0,2.260869565217391,0.4347826086956521,0.3561076604554865,0.6956521739130435,-0.21739130434782605,-0.0662525879917184,0.20833333333333334,-0.12499999999999997,-0.018939393939393923,4.8,2.425,1.5999999999999996,0.7496279761904762,-0.0008159158549784218,0.18373570645363402
f1o06,7,0.15923666982372395,0.026154249158204926,0.02297578913506463,3.588,0.009500000000000064,0.25,0.09941543427168927,-0.006175420310649299,-0.594904376766423,-0.21398386042276848,-0.3949287954977355,-0.6125930176427248,3.0,0.0,0.25,0.7559289460184544,0.7559289460184544,0.04882216483190682,-0.5916079783099617,-0.5916079783099617,-0.819825710603781,1.19825,-0.005249999999999977,-0.020607142857142824,0.012730540705982089,0.0006972535407890196,-0.011998318619035,-0.00802384073494721,-0.010426046389083048,0.0013397613875528822,0.0033286937106916012,-0.008299088210972042,0.003874129538888415,0.008686899444531174,-0.003186427992313565,-0.000692575218325428,0.6343690561209371,-0.06039604924439956,-0.3443842863895721,0.5886803393955969,-0.07486553133013618,-0.3443593834455455,-0.1390187394951501,0.3077107321653997,0.17469934823513034,1.0833333333333333,0.08333333333333326,0.08333333333333326,0.408248290463863,0.408248290463863,0.408248290463863,12.875,1.625,3.6477272727272734,2.091650066335189,-0.11997927598826807,0.1660872374998874,0.041666666666666664,0.041666666666666664,0.041666666666666664,1.5217391304347827,-0.7391304347826084,-0.38302277432712195,0.6086956521739131,-0.08695652173913038,-0.15320910973084878,0.16666666666666666,0.0,-0.06060606060606061,4.0,-0.25,0.7999999999999998,2.7250162760416665,1.5218098958333333,2.1591240063048245,1.0833333333333333,0.08333333333333326,0.08333333333333326,0.408248290463863,0.408248290463863,0.408248290463863,9.875,0.625,0.6477272727272734,2.091650066335189,-0.11997927598826807,0.1660872374998874,0.041666666666666664,0.041666666666666664,0.041666666666666664,1.5217391304347827,-0.7391304347826084,-0.38302277432712195,0.6086956521739131,-0.08695652173913038,-0.15320910973084878,0.16666666666666666,-0.041666666666666685,-0.06060606060606061,4.0,-0.7999999999999998,0.7999999999999998,0.5524553571428571,-0.19717261904761907,-0.013436912593985051
f1y01,1,0.07107977080733896,0.07107977080733896,0.24688960431774715,3.217,0.2845,0.2845,1.071244403219252,0.886532271975602,0.886532271975602,-0.04305876629600995,0.269071853571769,0.269071853571769,4.25,0.375,0.375,1.2817398889233114,0.9281864983300376,0.9281864983300376,0.037500000000000006,0.2041666666666667,0.2041666666666667,0.7660000000000001,-0.00304347826086937,-0.00304347826086937,0.05752495110819305,0.025046317207133552,0.025046317207133552,0.0003187512552697884,0.0028163855548466333,0.0028163855548466333,0.01884872785123259,-0.0075912245849320825,-0.0075912245849320825,0.018851422863342893,-0.007706236331719327,-0.007706236331719327,0.9317801687315137,-0.02048365506783323,-0.02048365506783323,0.8730507768013533,-0.01247864345006422,-0.01247864345006422,-0.03807867255722495,0.05473287772755881,0.05473287772755881,1.0294117647058822,-0.03510436432637576,-0.03510436432637576,0.17149858514250882,-0.07823245297219861,-0.07823245297219861,10.323529411764707,1.1622390891840606,1.1622390891840606,1.1990043403589679,-0.6646260627977019,-0.6646260627977019,0.029411764705882353,-0.03510436432637571,-0.03510436432637571,1.2727272727272727,-0.6606060606060606,-0.6606060606060606,0.8181818181818182,0.018181818181818188,0.018181818181818188,0.29411764705882354,0.06831119544592032,0.06831119544592032,1.9,-1.8142857142857145,-1.8142857142857145,0.5791015625,0.1982421875,0.1982421875,1.0294117647058822,-0.03510436432637576,-0.03510436432637576,0.17149858514250882,-0.07823245297219861,-0.07823245297219861,9.323529411764707,0.1622390891840606,0.1622390891840606,1.1990043403589679,-0.6646260627977019,-0.6646260627977019,0.029411764705882353,-0.03510436432637571,-0.03510436432637571,1.2727272727272727,-0.6606060606060606,-0.6606060606060606,0.8181818181818182,0.018181818181818188,0.018181818181818188,0.29411764705882354,0.06831119544592032,0.06831119544592032,1.9,-1.8142857142857145,-1.8142857142857145,0.3583039314516129,-0.022555443548387122,-0.022555443548387122
f1y01,2,0.04289725845670825,0.07630457432077192,0.15316473815157455,3.7030000000000003,0.4860000000000002,0.7705000000000002,1.0281495166421217,-0.04309488657713034,0.8434373853984717,-0.5879630730282681,-0.5449043067322582,-0.27583245316048915,4.75,0.5,0.875,1.4880476182856899,0.2063077293623785,1.1344942276924161,-0.6088975060217495,-0.6463975060217495,-0.44223083935508284,0.7976000000000002,0.03160000000000007,0.028556521739130702,0.04768401741927141,-0.009840933688921638,0.015205383518211914,0.00929395068193825,0.00897519942666846,0.011791584981515094,0.04308200132322365,0.02423327347199106,0.016642048887058978,0.04407307973460154,0.025221656871258647,0.01751542053953932,0.9907091195889701,0.05892895085745642,0.03844529578962319,0.9394214146563523,0.06637063785499897,0.05389199440493475,0.07145179612825175,0.1095304686854767,0.16426334641303553,1.0,-0.02941176470588225,-0.06451612903225801,0.0,-0.17149858514250882,-0.24973103811470743,10.631578947368421,0.30804953560371473,1.4702886247877753,1.5495605764491267,0.35055623609015885,-0.314069826707543,0.0,-0.029411764705882353,-0.06451612903225806,1.2432432432432432,-0.029484029484029506,-0.6900900900900901,0.6216216216216216,-0.19656019656019663,-0.17837837837837844,0.21052631578947367,-0.08359133126934987,-0.015280135823429547,2.5,0.6000000000000001,-1.2142857142857144,0.78125,0.2021484375,0.400390625,1.0,-0.02941176470588225,-0.06451612903225801,0.0,-0.17149858514250882,-0.24973103811470743,9.631578947368421,0.30804953560371473,0.47028862478777533,1.5495605764491267,0.35055623609015885,-0.314069826707543,0.0,-0.029411764705882353,-0.06451612903225806,1.2432432432432432,-0.029484029484029506,-0.6900900900900901,0.6216216216216216,-0.19656019656019663,-0.17837837837837844,0.21052631578947367,-0.08359133126934987,-0.015280135823429547,2.5,0.6000000000000001,-1.2142857142857144,0.4857855902777778,0.1274816588261649,0.10492621527777779
f1y01,3,0.05058252947190825,0.05380686218496995,0.314811806617711,3.259,-0.4440000000000004,0.3264999999999998,1.23148365803205,0.20333414138992834,1.0467715267884,0.553860164614431,1.141823237642699,0.8659907844822099,4.125,-0.625,0.25,1.7268882005337975,0.23884058224810767,1.3733348099405238,0.4406564219341196,1.049553927955869,0.6073230886007863,0.7931199999999999,-0.0044800000000002616,0.02407652173913044,0.08440000000000002,0.036715982580728605,0.05192136609894052,-0.000646439094271379,-0.009940389776209629,0.0018511952053054661,0.03282308872245767,-0.01025891260076598,0.006383136286292997,0.03282945379967401,-0.011243625934927531,0.006271794604611788,0.9604134136724729,-0.030295705916497218,0.008149589873125973,0.9143224880909971,-0.025098926565355173,0.028793067839579578,0.014825838968496955,-0.0566259571597548,0.10763738925328072,1.0,0.0,-0.06451612903225801,0.0,0.0,-0.24973103811470743,11.090909090909092,0.4593301435406705,1.9296187683284458,1.5883095645141951,0.038748988065068435,-0.2753208386424746,0.0,0.0,-0.06451612903225806,1.59375,0.3505067567567568,-0.33958333333333335,0.84375,0.2221283783783784,0.043749999999999956,0.30303030303030304,0.09250398724082937,0.07722385141739982,2.5,0.0,-1.2142857142857144,0.8776041666666666,0.09635416666666663,0.49674479166666663,1.0,0.0,-0.06451612903225801,0.0,0.0,-0.24973103811470743,9.090909090909092,-0.5406698564593295,-0.07038123167155419,1.5883095645141951,0.038748988065068435,-0.2753208386424746,0.0,0.0,-0.06451612903225806,1.59375,0.3505067567567568,-0.33958333333333335,0.84375,0.2221283783783784,0.043749999999999956,0.30303030303030304,0.09250398724082937,0.07722385141739982,2.5,0.0,-1.2142857142857144,0.44733297413793105,-0.03845261613984674,0.06647359913793105
f1y01,4,0.06215034170838019,0.07236580340213968,0.2522769382314856,3.3064999999999998,0.047499999999999876,0.37399999999999967,0.7205265931446051,-0.510957064887445,0.535814461900955,0.1523970485177362,-0.4014631160966948,0.4645276683855152,4.125,0.0,0.25,0.8345229603962802,-0.8923652401375174,0.48096956980300637,0.5400617248673217,0.09940530293320216,0.7067283915339884,0.81904,0.025920000000000054,0.049996521739130495,0.08248862547850663,-0.0019113745214933836,0.050009991577447135,0.008084248986323001,0.00873068808059438,0.010581883285899846,0.05373079343973439,0.020907704717276716,0.027290841003569714,0.054335561516710845,0.021506107717036836,0.027777902321648625,0.9676158734926453,0.007202459820172424,0.015352049693298397,0.9533016322404416,0.03897914414944448,0.06777221198902406,-0.06647760104042645,-0.08130344000892341,0.026333949244357308,1.0,0.0,-0.06451612903225801,0.0,0.0,-0.24973103811470743,10.363636363636363,-0.7272727272727284,1.2023460410557174,1.3185736094872988,-0.2697359550268963,-0.5450567936693709,0.0,0.0,-0.06451612903225806,1.375,-0.21875,-0.5583333333333333,0.75,-0.09375,-0.050000000000000044,0.24242424242424243,-0.06060606060606061,0.01661779081133921,2.375,-0.125,-1.3392857142857144,0.537109375,-0.34049479166666663,0.15625,1.0,0.0,-0.06451612903225801,0.0,0.0,-0.24973103811470743,9.363636363636363,0.2727272727272716,0.2023460410557174,1.3185736094872988,-0.2697359550268963,-0.5450567936693709,0.0,0.0,-0.06451612903225806,1.375,-0.21875,-0.5583333333333333,0.75,-0.09375,-0.050000000000000044,0.2727272727272727,-0.03030303030303033,0.04692082111436949,2.4444444444444446,-0.05555555555555536,-1.2698412698412698,0.46244959677419356,0.015116622636262511,0.08159022177419356
f1y01,5,0.05240213850570032,0.07658559559277617,0.2542001415004067,3.2910000000000004,-0.015499999999999403,0.35850000000000026,0.8238800190041543,0.10335342585954921,0.6391678877605043,0.2969215963969493,0.14452454787921312,0.6090522162647283,4.375,0.25,0.5,1.0606601717798212,0.22613721138354104,0.7071067811865475,0.1315587028960544,-0.4085030219712673,0.29822536956272105,0.7814814814814816,-0.037558518518518436,0.01243800322061206,0.06250315091772472,-0.01998547456078191,0.030024517016665225,-0.001103425997885332,-0.009187674984208333,0.001394208301691513,0.057837419287586594,0.004106625847852208,0.03139746685142192,0.05784794394601162,0.003512382429300777,0.0312902847509494,0.9792541065603446,0.011638233067699288,0.026990282760997686,0.960752539888714,0.007450907648272387,0.07522311963729644,0.03576146127542292,0.10223906231584937,0.12857301156020667,1.0,0.0,-0.06451612903225801,0.0,0.0,-0.24973103811470743,11.628571428571428,1.2649350649350648,2.467281105990782,1.4967752451366176,0.1782016356493188,-0.3668551580200521,0.0,0.0,-0.06451612903225806,0.9117647058823529,-0.4632352941176471,-1.0215686274509803,0.5882352941176471,-0.16176470588235292,-0.21176470588235297,0.2,-0.04242424242424242,-0.02580645161290321,1.8571428571428572,-0.5178571428571428,-1.8571428571428572,0.6973214285714285,0.16021205357142854,0.31646205357142854,1.0,0.0,-0.06451612903225801,0.0,0.0,-0.24973103811470743,9.628571428571428,0.2649350649350648,0.4672811059907822,1.4967752451366176,0.1782016356493188,-0.3668551580200521,0.0,0.0,-0.06451612903225806,0.9117647058823529,-0.4632352941176471,-1.0215686274509803,0.5882352941176471,-0.16176470588235292,-0.21176470588235297,0.2,-0.0727272727272727,-0.02580645161290321,1.8571428571428572,-0.5873015873015874,-1.8571428571428572,0.5037878787878788,0.041338282013685224,0.12292850378787878
f1y01,6,0.03045016014290563,0.04044812274729801,0.22926701248013429,3.1064999999999996,-0.18450000000000077,0.1739999999999995,0.7364841187309181,-0.08739590027323618,0.5517719874872681,0.07942295801847861,-0.21749863837847072,0.39155357788625755,4.125,-0.25,0.25,0.9910312089651149,-0.06962896281470632,0.637477818371841,0.16666666666666666,0.03510796377061226,0.33333333333333337,0.75488,-0.02660148148148156,-0.0141634782608695,0.04215084024468948,-0.020352310673035244,0.009672206343629981,0.003326891156437015,0.004430317154322347,0.00582452545601386,0.01814850782233855,-0.03968891146524804,-0.008291444613826124,0.01845092249575241,-0.03939702145025921,-0.008106736699309811,0.9713256910609174,-0.007928415499427244,0.019061867261570442,0.9580682268093104,-0.002684313079403644,0.0725388065578928,-0.02128326915753224,-0.05704473043295516,0.07152828112725151,1.0606060606060606,0.06060606060606055,-0.003910068426197455,0.24230584229877994,0.24230584229877994,-0.007425195815927488,10.909090909090908,-0.7194805194805198,1.7478005865102624,1.720531101935467,0.22375585679884935,-0.14309930122120273,0.06060606060606061,0.06060606060606061,-0.003910068426197455,1.71875,0.8069852941176471,-0.21458333333333335,0.8125,0.22426470588235292,0.012499999999999956,0.24242424242424243,0.04242424242424242,0.01661779081133921,3.25,1.3928571428571428,-0.4642857142857144,1.4002130681818181,0.7028916396103896,1.0193536931818181,1.0606060606060606,0.06060606060606055,-0.003910068426197455,0.24230584229877994,0.24230584229877994,-0.007425195815927488,8.909090909090908,-0.7194805194805198,-0.2521994134897376,1.720531101935467,0.22375585679884935,-0.14309930122120273,0.06060606060606061,0.06060606060606061,-0.003910068426197455,1.71875,0.8069852941176471,-0.21458333333333335,0.8125,0.22426470588235292,0.012499999999999956,0.24242424242424243,0.04242424242424242,0.01661779081133921,3.25,1.3928571428571428,-0.4642857142857144,0.42330729166666664,-0.08048058712121214,0.04244791666666664
f1y01,7,0.17987762617259365,0.19604506909176103,0.1219230544344335,4.054,0.9475000000000007,1.1215000000000002,0.45166865225358654,-0.2848154664773316,0.2669565210099365,0.09312632846681733,0.01370337044833872,0.4052569483345963,5.25,1.125,1.375,0.8864052604279183,-0.10462594853719653,0.5328518698346445,-0.28947368421052627,-0.45614035087719296,-0.12280701754385959,0.782,0.027120000000000033,0.012956521739130533,0.06876397929501207,0.026613139050322594,0.036285345393952576,0.003545188030899429,0.00021829687446241414,0.006042822330476275,0.04593492246024775,0.027786414637909203,0.01949497002408308,0.046071525475106706,0.027620602979354297,0.019513866280044485,0.9843798395462975,0.013054148485380113,0.032116015746950555,0.9538005999951218,-0.004267626814188574,0.06827117974370422,0.14189357883944068,0.1631768479969729,0.23470512912422442,1.0,-0.06060606060606055,-0.06451612903225801,0.0,-0.24230584229877994,-0.24973103811470743,12.928571428571429,2.0194805194805205,3.767281105990783,1.6732159358386025,-0.04731516609686448,-0.19041446731806722,0.0,-0.06060606060606061,-0.06451612903225806,1.4390243902439024,-0.2797256097560976,-0.49430894308943096,0.7560975609756098,-0.05640243902439024,-0.04390243902439028,0.2857142857142857,0.04329004329004327,0.05990783410138248,2.3333333333333335,-0.9166666666666665,-1.380952380952381,0.5446893601190477,-0.8555237080627704,0.16382998511904767,1.0,-0.06060606060606055,-0.06451612903225801,0.0,-0.24230584229877994,-0.24973103811470743,9.928571428571429,1.0194805194805205,0.7672811059907829,1.6732159358386025,-0.04731516609686448,-0.19041446731806722,0.0,-0.06060606060606061,-0.06451612903225806,1.4390243902439024,-0.2797256097560976,-0.49430894308943096,0.7560975609756098,-0.05640243902439024,-0.04390243902439028,0.2857142857142857,0.04329004329004327,0.05990783410138248,2.3333333333333335,-0.9166666666666665,-1.380952380952381,0.4438733552631579,0.02056606359649127,0.06301398026315791
f1y02,1,0.16807064822167522,0.16807064822167522,0.41230967519959194,4.545,0.5794999999999999,0.5794999999999999,1.4862797275652482,-0.25228840249383655,-0.25228840249383655,0.6346459707386094,-0.261097188687472,-0.261097188687472,4.875,0.25,0.25,1.8850918886280925,-0.4410023239338763,-0.4410023239338763,0.5659300544095694,-0.3330727858919663,-0.3330727858919663,0.9468387096774193,0.08821802002224699,0.08821802002224699,0.10999245330906227,-0.0011742213585297784,-0.0011742213585297784,0.032573142329698955,0.046592374679060175,0.046592374679060175,0.03579172353103218,0.01933456646302148,0.01933456646302148,0.04839480421029378,0.026775902886994517,0.026775902886994517,0.9631517276872102,-0.023465219595618758,-0.023465219595618758,0.9125400578513485,-0.061247672183654456,-0.061247672183654456,0.12605361006462748,0.023483326969253523,0.023483326969253523,1.0,0.0,0.0,0.0,0.0,0.0,10.615384615384615,0.23700623700623602,0.23700623700623602,1.3301243435223526,-0.40755212795314,-0.40755212795314,0.0,0.0,0.0,1.131578947368421,0.10380116959064334,0.10380116959064334,0.631578947368421,-0.03508771929824561,-0.03508771929824561,0.2564102564102564,0.01316701316701313,0.01316701316701313,2.1,0.3222222222222224,0.3222222222222224,0.57421875,0.21625114889705882,0.21625114889705882,1.0,0.0,0.0,0.0,0.0,0.0,9.615384615384615,-0.762993762993764,-0.762993762993764,1.3301243435223526,-0.40755212795314,-0.40755212795314,0.0,0.0,0.0,1.131578947368421,0.10380116959064334,0.10380116959064334,0.631578947368421,-0.03508771929824561,-0.03508771929824561,0.2564102564102564,0.01316701316701313,0.01316701316701313,2.1,0.3222222222222224,0.3222222222222224,0.4816080729166667,0.1236404718137255,0.1236404718137255
f1y02,2,0.22215854400013127,0.3075548758504005,0.41335592233317253,4.5145,-0.03049999999999997,0.5489999999999999,2.699738770431582,1.2134590428663339,0.9611706403724973,-0.024389876723543057,-0.6590358474621525,-0.9201330361496245,5.125,0.25,0.5,2.6958963523950885,0.810804463766996,0.3698021398331197,-0.14046862023024528,-0.7063986746398148,-1.039471460531781,0.9055757575757576,-0.041262952101661754,0.046955067920585236,0.15903125288426612,0.04903879957520385,0.04786457821667407,-0.003978938663234626,-0.03655208099293358,0.010040293686126599,0.020505369667001744,-0.015286353864030437,0.004048212598991043,0.02088784665938973,-0.027506957550904054,-0.0007310546639095368,0.9943202093743916,0.031168481687181337,0.007703262091562579,0.9719205468466526,0.059380488995304126,-0.0018671831883503298,0.21408642739022346,0.08803281732559598,0.1115161442948495,1.0,0.0,0.0,0.0,0.0,0.0,11.536585365853659,0.921200750469044,1.15820698747528,1.7189758720763035,0.3888515285539509,-0.01870059939918911,0.0,0.0,0.0,1.2,0.06842105263157894,0.17222222222222228,0.7,0.06842105263157894,0.033333333333333326,0.24390243902439024,-0.012507817385866149,0.0006591957811469817,2.2,0.10000000000000009,0.4222222222222225,0.712890625,0.138671875,0.3549230238970588,1.0,0.0,0.0,0.0,0.0,0.0,10.536585365853659,0.921200750469044,0.15820698747528006,1.7189758720763035,0.3888515285539509,-0.01870059939918911,0.0,0.0,0.0,1.2,0.06842105263157894,0.17222222222222228,0.7,0.06842105263157894,0.033333333333333326,0.2682926829268293,0.011882426516572897,0.025049439683586028,2.090909090909091,-0.00909090909090926,0.31313131313131315,0.4546030405405405,-0.02700503237612617,0.09663543943759934
f1y02,3,0.10574786597518326,0.17679896776100057,0.1756377634496264,4.886,0.37150000000000016,0.9205000000000001,2.2449883232276666,-0.45475044720391544,0.5064201931685819,-0.06015274711658273,-0.03576287039303967,-0.9558959065426641,4.875,-0.25,0.25,2.03100960115899,-0.6648867512360983,-0.2950846114029786,0.0,0.14046862023024528,-0.8990028403015358,1.0205161290322582,0.1149403714565006,0.16189543937708584,0.08233746452567102,-0.0766937883585951,-0.028829210141921024,0.006580349787386151,0.010559288450620777,0.020599582136747376,0.02613119981067082,0.005625830143669075,0.009674042742660118,0.02694699624948123,0.006059149590091503,0.005328094926181966,0.9809610264900551,-0.013359182884336462,-0.005655920792773883,0.9375409202224388,-0.03437962662421379,-0.03624680981256412,0.11580856005295759,-0.09827786733726587,0.01323827695758363,1.0,0.0,0.0,0.0,0.0,0.0,11.538461538461538,0.0018761726078793117,1.1600831600831594,1.7297117777271729,0.010735905650869348,-0.007964693748319762,0.0,0.0,0.0,1.9210526315789473,0.7210526315789474,0.8932748538011697,0.8157894736842105,0.11578947368421055,0.14912280701754388,0.28205128205128205,0.03814884302689181,0.03880803880803879,3.090909090909091,0.8909090909090907,1.3131313131313131,0.9148387419871795,0.20194811698717952,0.5568711408842384,1.0,0.0,0.0,0.0,0.0,0.0,9.538461538461538,-0.9981238273921207,-0.8399168399168406,1.7297117777271729,0.010735905650869348,-0.007964693748319762,0.0,0.0,0.0,1.9210526315789473,0.7210526315789474,0.8932748538011697,0.8157894736842105,0.11578947368421055,0.14912280701754388,0.3076923076923077,0.039399624765478425,0.06444906444906445,2.9166666666666665,0.8257575757575757,1.1388888888888888,0.40343191964285713,-0.051171120897683386,0.04546431853991595
f1y02,4,0.13570193492339166,0.05411932853268239,0.056420046492266215,3.5730000000000004,-1.3129999999999997,-0.3924999999999996,0.27504804775062214,-1.9699402754770445,-1.4635200823084626,-0.15370736324351486,-0.09355461612693214,-1.0494505226695963,3.625,-1.25,-1.0,0.5175491695067657,-1.5134604316522244,-1.808545043055203,-0.5477225575051662,-0.5477225575051662,-1.446725397806702,1.0070476190476192,-0.013468509984638999,0.14842692939244684,0.12314482376067466,0.04080735923500364,0.011978149093082618,0.01302448757016249,0.0064441377827763385,0.027043719919523715,0.052710951046882164,0.026579751236211344,0.03625379397887146,0.05429623961870771,0.02734924336922648,0.03267733829540845,0.9630789072287215,-0.01788211926133365,-0.023538040054107534,0.8953611969831526,-0.042179723239286204,-0.07842653305185032,-0.14805200163395738,-0.26386056168691496,-0.25062228472933135,1.0,0.0,0.0,0.0,0.0,0.0,10.724137931034482,-0.8143236074270561,0.34575955265610325,1.2788541669383442,-0.4508576107888287,-0.45882230453714845,0.0,0.0,0.0,1.1428571428571428,-0.7781954887218046,0.11507936507936511,0.7142857142857143,-0.10150375939849621,0.04761904761904767,0.2413793103448276,-0.04067197170645445,-0.00186393289841566,1.8571428571428572,-1.2337662337662336,0.07936507936507953,0.9916487068965517,0.0768099649093722,0.6336811057936105,1.0,0.0,0.0,0.0,0.0,0.0,9.724137931034482,0.18567639257294388,-0.6542404473438967,1.2788541669383442,-0.4508576107888287,-0.45882230453714845,0.0,0.0,0.0,1.1428571428571428,-0.7781954887218046,0.11507936507936511,0.7142857142857143,-0.10150375939849621,0.04761904761904767,0.27586206896551724,-0.03183023872679047,0.03261882572227398,1.75,-1.1666666666666665,-0.02777777777777768,0.429453125,0.026021205357142863,0.07148552389705881
f1y02,5,0.09413987994018756,0.06786732559587932,0.04978803903834128,3.9570000000000003,0.3839999999999999,-0.00849999999999973,0.4374301576905082,0.16238210993988605,-1.3011379723685765,0.7228536098988219,0.8765609731423367,-0.17288954952725955,4.0,0.375,-0.625,0.5345224838248488,0.016973314318083133,-1.79157172873712,0.0,0.5477225575051662,-0.8990028403015358,1.0054999999999998,-0.001547619047619353,0.14687931034482749,0.03899275294985848,-0.08415207081081619,-0.07217392171773357,0.015628265411080908,0.002603777840918418,0.02964749776044213,0.02684899606239613,-0.025861954984486034,0.010391838994385429,0.03106624002543196,-0.023229999593275753,0.009447338702132695,0.9147832347147496,-0.04829567251397182,-0.07183371256807936,0.9041823241680437,0.008821127184891031,-0.06960540586695929,-0.10096320842245834,0.04708879321149903,-0.2035334915178323,1.0,0.0,0.0,0.0,0.0,0.0,12.0625,1.3383620689655178,1.684121621621621,1.7768674864817942,0.49801331954344996,0.03919101500630151,0.0,0.0,0.0,0.967741935483871,-0.1751152073732718,-0.06003584229390668,0.45161290322580644,-0.26267281105990786,-0.2150537634408602,0.125,-0.1163793103448276,-0.11824324324324326,3.0,1.1428571428571428,1.2222222222222223,1.57830810546875,0.5866593985721983,1.2203405043658089,1.0,0.0,0.0,0.0,0.0,0.0,10.0625,0.3383620689655178,-0.31587837837837895,1.7768674864817942,0.49801331954344996,0.03919101500630151,0.0,0.0,0.0,0.967741935483871,-0.1751152073732718,-0.06003584229390668,0.45161290322580644,-0.26267281105990786,-0.2150537634408602,0.15625,-0.11961206896551724,-0.08699324324324326,2.6,0.8500000000000001,0.8222222222222224,0.4847117456896552,0.0552586206896552,0.126744144586714
f1y02,6,0.11025486924008669,0.03772264305316334,0.1063575109109644,4.155,0.19799999999999995,0.18950000000000022,0.9379558320396237,0.5005256743491155,-0.800612298019461,0.3889537318642708,-0.33389987803455107,-0.5067894275618106,4.125,0.125,-0.5,0.8345229603962802,0.30000047657143136,-1.4915712521656888,0.0,0.0,-0.8990028403015358,1.02896,0.02346000000000026,0.17033931034482774,0.09437005174665675,0.055377298796798265,-0.016796622920935297,0.023958286437032638,0.00833002102595173,0.03797751878639386,0.040404484653448265,0.013555488591052135,0.023947327585437564,0.04697362950751877,0.015907389482086812,0.025354728184219508,0.9373485762971943,0.02256534158244461,-0.049268370985634746,0.8795490754714296,-0.024633248696614096,-0.09423865456357339,-0.045186069161419117,0.05577713926103923,-0.14775635225679307,1.0,0.0,0.0,0.0,0.0,0.0,11.545454545454545,-0.517045454545455,1.167076167076166,1.348399724926484,-0.4284677615553101,-0.38927674654900857,0.0,0.0,0.0,1.375,0.407258064516129,0.3472222222222223,0.78125,0.32963709677419356,0.11458333333333337,0.24242424242424243,0.11742424242424243,-0.0008190008190008258,2.5,-0.5,0.7222222222222223,1.1992483428030303,-0.3790597626657197,0.8412807417000892,1.0,0.0,0.0,0.0,0.0,0.0,9.545454545454545,-0.517045454545455,-0.832923832923834,1.348399724926484,-0.4284677615553101,-0.38927674654900857,0.0,0.0,0.0,1.375,0.407258064516129,0.3472222222222223,0.78125,0.32963709677419356,0.11458333333333337,0.2727272727272727,0.11647727272727271,0.02948402948402945,2.3333333333333335,-0.2666666666666666,0.5555555555555558,0.36519949776785715,-0.11951224792179804,0.007231896664915971
f1y02,7,0.10070104330369503,0.04591911815622225,0.07419320738642256,3.865,-0.29000000000000004,-0.10049999999999981,0.5663224724987902,-0.37163335954083354,-1.1722456575602944,0.6074687179512058,0.21851498608693504,-0.2882744414748756,3.75,-0.375,-0.875,0.7071067811865476,-0.12741617920973258,-1.6189874313754213,0.2581988897471612,0.2581988897471612,-0.6408039505543746,1.0378181818181818,0.008858181818181654,0.1791974921630094,0.05128040223788868,-0.04308964950876807,-0.05988627242970337,0.018485135127595795,-0.005473151309436843,0.03250436747695702,0.017375974734878136,-0.02302850991857013,0.0009188176668674351,0.0253697599254033,-0.02160386958211547,0.003750858602104036,0.9758071098111266,0.03845853351393236,-0.010809837471702388,0.8873138492921249,0.007764773820695292,-0.0864738807428781,-0.10857363636940494,-0.06338756720798583,-0.2111439194647789,1.0,0.0,0.0,0.0,0.0,0.0,12.866666666666667,1.3212121212121222,2.488288288288288,1.3578211078487257,0.009421382922241595,-0.379855363626767,0.0,0.0,0.0,1.4482758620689655,0.07327586206896552,0.42049808429118785,0.9310344827586207,0.14978448275862066,0.26436781609195403,0.36666666666666664,0.12424242424242421,0.12342342342342338,1.5454545454545454,-0.9545454545454546,-0.23232323232323226,0.6673828125,-0.5318655303030303,0.3094152113970588,1.0,0.0,0.0,0.0,0.0,0.0,9.866666666666667,0.32121212121212217,-0.5117117117117118,1.3578211078487257,0.009421382922241595,-0.379855363626767,0.0,0.0,0.0,1.4482758620689655,0.07327586206896552,0.42049808429118785,0.9310344827586207,0.14978448275862066,0.26436781609195403,0.4,0.12727272727272732,0.15675675675675677,1.5833333333333333,-0.7500000000000002,-0.19444444444444442,0.5781947544642857,0.21299525669642855,0.22022715336134452
f1y03,1,0.14133603374161302,0.14133603374161302,0.12718072463705937,9.033000000000001,1.9705000000000013,1.9705000000000013,2.155637658393849,0.39328736080015747,0.39328736080015747,-0.4126113430987459,-0.4566921406258063,-0.4566921406258063,9.5,1.375,1.375,2.138089935299395,0.25299804667130266,0.25299804667130266,-0.36474093349928405,-0.2772033115928023,-0.2772033115928023,0.9638235294117647,0.10045510835913307,0.10045510835913307,0.05019571878529339,-0.03251820981782886,-0.03251820981782886,-0.02082681317137512,-0.015428886726930503,-0.015428886726930503,0.02026609137297819,0.026171031523157418,0.026171031523157418,0.02905977643433041,0.021059405938107553,0.021059405938107553,0.998629106365714,0.0016940654621824258,0.0016940654621824258,0.9864619185162627,-0.0029261908617562726,-0.0029261908617562726,0.4935924147022052,0.092958757184538,0.092958757184538,1.013157894736842,0.013157894736842035,0.013157894736842035,0.11470786693528091,0.11470786693528091,0.11470786693528091,11.947368421052632,1.3473684210526322,1.3473684210526322,1.6402823890383855,0.07104690639086408,0.07104690639086408,0.013157894736842105,0.013157894736842105,0.013157894736842105,1.4133333333333333,0.19458333333333333,0.19458333333333333,0.7333333333333333,0.07708333333333328,0.07708333333333328,0.2631578947368421,0.017004048582995923,0.017004048582995923,2.4,0.08749999999999991,0.08749999999999991,0.5404116981907895,0.31008703118259273,0.31008703118259273,1.013157894736842,0.013157894736842035,0.013157894736842035,0.11470786693528091,0.11470786693528091,0.11470786693528091,10.947368421052632,0.3473684210526322,0.3473684210526322,1.6402823890383855,0.07104690639086408,0.07104690639086408,0.013157894736842105,0.013157894736842105,0.013157894736842105,1.4133333333333333,0.19458333333333333,0.19458333333333333,0.7333333333333333,0.07708333333333328,0.07708333333333328,0.27631578947368424,0.03016194331983807,0.03016194331983807,2.4761904761904763,0.16369047619047628,0.16369047619047628,0.2816297743055556,0.05130510729735885,0.05130510729735885
f1y03,2,0.11478856572930521,0.05164827814191345,0.13089333917965784,7.954,-1.0790000000000015,0.8914999999999997,2.1778185678071793,0.022180909413330507,0.415468270213488,-0.08219118687842997,0.33042015622031595,-0.12627198440549034,8.75,-0.75,0.625,2.5495097567963922,0.4114198214969971,0.6644178681682997,-0.14285714285714285,0.2218837906421412,-0.05531952095066113,0.9026451612903227,-0.06117836812144206,0.03927674023769101,0.059668784373926066,0.009473065588632673,-0.023045144229196186,-0.014627125919830631,0.006199687251544487,-0.009229199475386016,-0.007680282842178526,-0.027946374215156715,-0.0017753426919992973,0.016520882458586857,-0.012538893975743554,0.008520511962363999,0.9922566216468505,-0.006372484718863536,-0.00467841925668111,0.9738538924875116,-0.012608026028751107,-0.01553421689050738,0.4359023514673779,-0.05769006323482734,0.03526869394971066,1.0,-0.013157894736842035,0.0,0.0,-0.11470786693528091,0.0,11.971428571428572,0.02406015037593967,1.3714285714285719,1.522502027046351,-0.11778036199203457,-0.04673345560117048,0.0,-0.013157894736842105,0.0,1.4492753623188406,0.035942028985507246,0.23052536231884058,0.6956521739130435,-0.03768115942028982,0.03940217391304346,0.2714285714285714,0.008270676691729317,0.02527472527472524,2.5789473684210527,0.17894736842105274,0.26644736842105265,0.4315220424107143,-0.1088896557800752,0.20119737540251756,1.0,-0.013157894736842035,0.0,0.0,-0.11470786693528091,0.0,10.971428571428572,0.02406015037593967,0.3714285714285719,1.522502027046351,-0.11778036199203457,-0.04673345560117048,0.0,-0.013157894736842105,0.0,1.4492753623188406,0.035942028985507246,0.23052536231884058,0.6956521739130435,-0.03768115942028982,0.03940217391304346,0.2714285714285714,-0.004887218045112829,0.02527472527472524,2.5789473684210527,0.10275689223057638,0.26644736842105265,0.3229579640858209,0.04132818978026531,0.09263329707762416
f1y03,3,0.13710891077406626,0.04827000926302093,0.07161610513821914,7.9990000000000006,0.04500000000000082,0.9365000000000006,2.268421477591852,0.09060290978467256,0.5060711799981605,0.25482313059979084,0.3370143174782208,0.21074233307273046,8.75,0.0,0.625,2.2519832529192065,-0.2975265038771857,0.366891364291114,0.25047393407469354,0.3933310769318364,0.33801155598117527,0.9229677419354838,0.020322580645161126,0.059599320882852136,0.04742240175550138,-0.012246382618424687,-0.03529152684762087,-0.015543088811913242,-0.0009159628920826102,-0.010145162367468626,0.014830811291930684,0.02251109413410921,0.02073575144210991,0.021483495371840244,0.004962612913253388,0.013483124875617387,0.9953826162131367,0.003125994566286261,-0.001552424690394849,0.966030218968428,-0.00782367351908364,-0.02335789040959102,0.442635139488964,0.006732788021586111,0.04200148197129677,1.042857142857143,0.04285714285714293,0.04285714285714293,0.3585685828003182,0.3585685828003182,0.3585685828003182,12.971428571428572,1.0,2.371428571428572,1.6765339380843605,0.1540319110380095,0.10729845543683902,0.014285714285714285,0.014285714285714285,0.014285714285714285,1.3623188405797102,-0.08695652173913038,0.1435688405797102,0.6666666666666666,-0.02898550724637683,0.01041666666666663,0.2571428571428571,-0.01428571428571429,0.01098901098901095,2.5555555555555554,-0.023391812865497297,0.24305555555555536,0.6330496651785714,0.20152762276785713,0.40272499817037466,1.042857142857143,0.04285714285714293,0.04285714285714293,0.3585685828003182,0.3585685828003182,0.3585685828003182,10.971428571428572,0.0,0.3714285714285719,1.6765339380843605,0.1540319110380095,0.10729845543683902,0.014285714285714285,0.014285714285714285,0.014285714285714285,1.3623188405797102,-0.08695652173913038,0.1435688405797102,0.6666666666666666,-0.02898550724637683,0.01041666666666663,0.2571428571428571,-0.01428571428571429,0.01098901098901095,2.5555555555555554,-0.023391812865497297,0.24305555555555536,0.260800489738806,-0.06215747434701491,0.030475822730609253
f1y03,4,0.14594672587242044,0.017339952637020862,0.11808529381015062,7.4195,-0.5795000000000003,0.3570000000000002,1.4516740090569331,-0.8167474685349188,-0.3106762885367582,0.31481714509367215,0.05999401449388131,0.27073634756661175,8.125,-0.625,0.0,1.6420805617960927,-0.6099026911231138,-0.24301132683199977,0.1272937693043289,-0.12318016477036464,0.21483139121081063,0.916,-0.006967741935483773,0.05263157894736836,0.044931694190817495,-0.0024907075646838847,-0.03778223441230476,-0.00963326962219582,0.005909819189717421,-0.004235343177751205,0.014297785532840022,-0.0005330257590906613,0.02020272568301925,0.01724025970677386,-0.004243235665066385,0.009239889210551001,0.996698245146565,0.0013156289334282922,-0.00023679575696655686,0.9865840480195555,0.02055382905112746,-0.002804061358463561,0.4082704511757166,-0.034364688313247405,0.007636793658049368,1.0,-0.04285714285714293,0.0,0.0,-0.3585685828003182,0.0,11.892307692307693,-1.0791208791208788,1.292307692307693,1.5321867229049317,-0.14434721517942872,-0.0370487597425897,0.0,-0.014285714285714285,0.0,1.078125,-0.2841938405797102,-0.140625,0.59375,-0.07291666666666663,-0.0625,0.18461538461538463,-0.07252747252747249,-0.06153846153846154,2.1666666666666665,-0.38888888888888884,-0.14583333333333348,0.4631911057692308,-0.16985855940934064,0.23286643876103405,1.0,-0.04285714285714293,0.0,0.0,-0.3585685828003182,0.0,10.892307692307693,-0.07912087912087884,0.29230769230769305,1.5321867229049317,-0.14434721517942872,-0.0370487597425897,0.0,-0.014285714285714285,0.0,1.078125,-0.2841938405797102,-0.140625,0.59375,-0.07291666666666663,-0.0625,0.2,-0.057142857142857106,-0.046153846153846156,2.4615384615384617,-0.09401709401709368,0.14903846153846168,0.29498487903225806,0.03418438929345208,0.06466021202406133
f1y03,5,0.14372044051008356,0.05517608640563572,0.08686167748673582,6.8315,-0.5880000000000001,-0.23099999999999987,2.004261103606157,0.552587094549224,0.24191080601246573,-0.5482406707795767,-0.8630578158732489,-0.5923214683066371,7.5,-0.625,-0.625,2.2677868380553634,0.6257062762592707,0.3826949494272709,-0.5351295510095068,-0.6624233203138357,-0.44759192910302503,0.9173846153846154,0.0013846153846153175,0.05401619433198368,0.03178244295584163,-0.013149251234975866,-0.050931485647280623,-0.006230162695735763,0.0034031069264600575,-0.0008322362512911477,0.01689293842676094,0.0025951528939209163,0.022797878576940166,0.018005174142608948,0.0007649144358350887,0.01000480364638609,0.9957726271589424,-0.0009256179876225845,-0.0011624137445891414,0.9866271949738726,4.3146954317174746e-05,-0.0027609144041463862,0.38007618916860275,-0.028194262007113835,-0.020557468349064467,1.0,0.0,0.0,0.0,0.0,0.0,12.3,0.407692307692308,1.700000000000001,1.730092581043873,0.19790585813894124,0.16085709839635154,0.0,0.0,0.0,1.8135593220338984,0.7354343220338984,0.5948093220338984,0.7966101694915254,0.2028601694915254,0.1403601694915254,0.2833333333333333,0.0987179487179487,0.03717948717948716,3.0588235294117645,0.892156862745098,0.7463235294117645,0.6082356770833334,0.1450445713141026,0.3779110100751366,1.0,0.0,0.0,0.0,0.0,0.0,10.3,-0.592307692307692,-0.29999999999999893,1.730092581043873,0.19790585813894124,0.16085709839635154,0.0,0.0,0.0,1.8135593220338984,0.7354343220338984,0.5948093220338984,0.7966101694915254,0.2028601694915254,0.1403601694915254,0.2833333333333333,0.08333333333333331,0.03717948717948716,3.0588235294117645,0.5972850678733028,0.7463235294117645,0.2869723135964912,-0.008012565435766839,0.05664764658829449
f1y03,6,0.13989025650881964,0.05000481635683705,0.11739513283802391,6.1305,-0.7010000000000005,-0.9320000000000004,1.6526231097431572,-0.3516379938629999,-0.10972718785053415,-0.1343676599432518,0.4138730108363249,-0.17844845747031218,6.875,-0.625,-1.25,1.807721533549109,-0.4600653045062544,-0.07737035507898349,-0.0909090909090909,0.4442204601004159,-0.0033714690026091787,0.9062978723404256,-0.011086743044189773,0.04292945128779391,0.03084598127134303,-0.0009364616844985997,-0.05186794733177923,-0.0012131665790934862,0.005016996116642277,0.004184759865351129,0.028066625479825802,0.011173687053064863,0.03397156563000503,0.028092832519584714,0.010087658376975766,0.020092462023361856,0.9918485411457856,-0.003924086013156858,-0.005086499757745999,0.9601350720893281,-0.0264921228845445,-0.029253037288690886,0.3019191716935056,-0.07815701747509718,-0.09871448582416165,1.018181818181818,0.018181818181818077,0.018181818181818077,0.13483997249264842,0.13483997249264842,0.13483997249264842,12.309090909090909,0.009090909090907928,1.709090909090909,1.4385271180482726,-0.2915654629956004,-0.13070836459924884,0.01818181818181818,0.01818181818181818,0.01818181818181818,1.3148148148148149,-0.4987445072190835,0.09606481481481488,0.6481481481481481,-0.14846202134337727,-0.00810185185185186,0.2,-0.08333333333333331,-0.046153846153846156,3.0,-0.0588235294117645,0.6875,0.5692294034090909,-0.039006273674242475,0.33890473640089414,1.018181818181818,0.018181818181818077,0.018181818181818077,0.13483997249264842,0.13483997249264842,0.13483997249264842,10.309090909090909,0.009090909090907928,-0.290909090909091,1.4385271180482726,-0.2915654629956004,-0.13070836459924884,0.01818181818181818,0.01818181818181818,0.01818181818181818,1.3148148148148149,-0.4987445072190835,0.09606481481481488,0.6481481481481481,-0.14846202134337727,-0.00810185185185186,0.21818181818181817,-0.06515151515151515,-0.027972027972027996,2.9166666666666665,-0.14215686274509798,0.6041666666666665,0.35390625,0.06693393640350875,0.12358158299180325
f1y03,7,0.13939665428271797,0.04131055930822279,0.14726465969313773,7.1505,1.0200000000000005,0.08800000000000008,1.9681497474967267,0.3155266377535695,0.20579944990303534,0.2751942590999531,0.40956191904320494,0.23111346157289273,8.25,1.375,0.125,2.1213203435596424,0.31359881001053336,0.23622845493154987,0.20101360285181827,0.2919226937609092,0.2885512247583,0.8782758620689657,-0.028022010271459896,0.014907441016334011,0.050702362692256586,0.019856381420913557,-0.032011565910865666,-0.017958769268103046,-0.01674560268900956,-0.01256084282365843,0.015358876068703732,-0.01270774941112207,0.02126381621888296,0.023630752584688507,-0.004462079934896206,0.01563038208846565,0.9975239541259001,0.005675412980114536,0.0005889132223685367,0.9619777460868557,0.0018426739975275774,-0.02741036329116331,0.4150322963985871,0.1131131247050815,0.014398638880919856,1.0606060606060606,0.042424242424242475,0.06060606060606055,0.34546681367002446,0.21062684117737604,0.34546681367002446,13.424242424242424,1.1151515151515152,2.824242424242424,1.7102461006947873,0.27171898264651473,0.1410106180472659,0.030303030303030304,0.012121212121212123,0.030303030303030304,1.8153846153846154,0.5005698005698005,0.5966346153846154,0.7692307692307693,0.12108262108262113,0.11298076923076927,0.2878787878787879,0.08787878787878789,0.04172494172494173,2.9473684210526314,-0.052631578947368585,0.6348684210526314,0.45606948390151514,-0.11315991950757576,0.2257448168933184,1.0606060606060606,0.042424242424242475,0.06060606060606055,0.34546681367002446,0.21062684117737604,0.34546681367002446,10.424242424242424,0.11515151515151523,-0.17575757575757578,1.7102461006947873,0.27171898264651473,0.1410106180472659,0.030303030303030304,0.012121212121212123,0.030303030303030304,1.8153846153846154,0.5005698005698005,0.5966346153846154,0.7692307692307693,0.12108262108262113,0.11298076923076927,0.2878787878787879,0.06969696969696973,0.04172494172494173,2.9473684210526314,0.030701754385964897,0.6348684210526314,0.3436126708984375,-0.010293579101562478,0.11328800389024077
f1y04,1,0.11899685741600655,0.11899685741600655,0.11839723736138483,3.2489999999999997,-0.21450000000000058,-0.21450000000000058,0.6113320351027394,-0.22344475285574583,-0.22344475285574583,0.19063272464848321,-0.005175480070220173,-0.005175480070220173,2.5,-0.375,-0.375,0.5345224838248488,-0.10634746063680689,-0.10634746063680689,0.7500000000000001,0.7500000000000001,0.7500000000000001,1.3436666666666668,0.06660000000000021,0.06660000000000021,0.1496707497587065,0.06297302638551035,0.06297302638551035,0.025707765341614564,0.03733433644683232,0.03733433644683232,0.04115316327639164,-0.03777954033857997,-0.03777954033857997,0.048522902288639626,-0.03126148751057884,-0.03126148751057884,0.8338698323530092,-0.11797650116454195,-0.11797650116454195,0.700925424014337,-0.11741193997640031,-0.11741193997640031,-0.45129054942505753,-0.14386172350626797,-0.14386172350626797,1.0,0.0,0.0,0.0,0.0,0.0,10.65,1.1717391304347835,1.1717391304347835,1.1367080817685316,-0.24069280453183217,-0.24069280453183217,0.0,0.0,0.0,1.0526315789473684,-0.7200956937799043,-0.7200956937799043,0.5263157894736842,-0.33732057416267947,-0.33732057416267947,0.2,-0.14782608695652172,-0.14782608695652172,2.25,0.125,0.125,0.757421875,0.05866815476190479,0.05866815476190479,1.0,0.0,0.0,0.0,0.0,0.0,9.65,0.1717391304347835,0.1717391304347835,1.1367080817685316,-0.24069280453183217,-0.24069280453183217,0.0,0.0,0.0,1.0526315789473684,-0.7200956937799043,-0.7200956937799043,0.5263157894736842,-0.33732057416267947,-0.33732057416267947,0.2,-0.14782608695652172,-0.14782608695652172,2.25,0.125,0.125,0.6321614583333334,-0.06659226190476186,-0.06659226190476186
f1y04,2,0.12214061132260763,0.04920933640704059,0.06863405681099655,4.3759999999999994,1.1269999999999998,0.9124999999999992,1.0480915990503883,0.4367595639476489,0.2133148110919031,0.15764222152871074,-0.032990503119772474,-0.03816598318999265,3.25,0.75,0.375,0.8864052604279183,0.35188277660306955,0.24553531596626266,-0.1908854288927333,-0.9408854288927334,-0.1908854288927333,1.3788888888888888,0.035222222222222044,0.10182222222222226,0.11741374250105722,-0.03225700725764928,0.030716019127861066,0.0016938767794204728,-0.02401388856219409,0.013320447884638228,0.03355913686016098,-0.007594026416230658,-0.04537356675481063,0.03360185836144893,-0.014921043927190694,-0.046182531437769535,0.9786811498812972,0.14481131752828802,0.026834816363746072,0.8529005544936679,0.15197513047933087,0.03456319050293055,-0.25633909372535446,0.19495145569970307,0.0510897321934351,1.0,0.0,0.0,0.0,0.0,0.0,11.0,0.34999999999999964,1.5217391304347831,1.624807680927192,0.4880995991586605,0.24740679462682835,0.0,0.0,0.0,1.36,0.30736842105263174,-0.4127272727272726,0.76,0.23368421052631583,-0.10363636363636364,0.23076923076923078,0.03076923076923077,-0.11705685618729095,2.3333333333333335,0.08333333333333348,0.20833333333333348,0.7375300480769231,-0.019891826923076894,0.038776327838827895,1.0,0.0,0.0,0.0,0.0,0.0,10.0,0.34999999999999964,0.5217391304347831,1.624807680927192,0.4880995991586605,0.24740679462682835,0.0,0.0,0.0,1.36,0.30736842105263174,-0.4127272727272726,0.76,0.23368421052631583,-0.10363636363636364,0.2692307692307692,0.0692307692307692,-0.07859531772575251,2.142857142857143,-0.1071428571428572,0.017857142857142794,0.6443684895833334,0.01220703125,-0.05438523065476186
f1y04,3,0.10711995205363961,0.020213334863868334,0.04460206573062221,4.814,0.4380000000000006,1.3504999999999998,0.5893376427336515,-0.45875395631673677,-0.24543914522483368,0.4977768046451249,0.3401345831164142,0.30196859992642155,3.5,0.25,0.625,0.5345224838248488,-0.35188277660306955,-0.10634746063680689,0.16666666666666666,0.35755209555939993,0.16666666666666666,1.4006,0.021711111111111236,0.1235333333333335,0.05747347214150191,-0.05994027035955531,-0.029224251231694247,0.0001336841521888042,-0.0015601926272316687,0.011760255257406559,0.030228947757801657,-0.003330189102359323,-0.04870375585716995,0.03022924335798778,-0.0033726150034611505,-0.049555146441230685,0.9613984093529597,-0.017282740528337448,0.009552075835408624,0.9137613867064508,0.060860832212782934,0.09542402271571349,-0.1909563934806224,0.06538270024473206,0.11647243243816716,1.0,0.0,0.0,0.0,0.0,0.0,12.214285714285714,1.2142857142857135,2.7360248447204967,1.3705133630530124,-0.25429431787417967,-0.006887523247351313,0.0,0.0,0.0,1.1111111111111112,-0.24888888888888894,-0.6616161616161615,0.6666666666666666,-0.09333333333333338,-0.19696969696969702,0.21428571428571427,-0.016483516483516508,-0.13354037267080746,2.1666666666666665,-0.16666666666666696,0.04166666666666652,0.9031110491071429,0.16558100103021978,0.20435732886904767,1.0,0.0,0.0,0.0,0.0,0.0,10.214285714285714,0.21428571428571352,0.7360248447204967,1.3705133630530124,-0.25429431787417967,-0.006887523247351313,0.0,0.0,0.0,1.1111111111111112,-0.24888888888888894,-0.6616161616161615,0.6666666666666666,-0.09333333333333338,-0.19696969696969702,0.25,-0.019230769230769218,-0.09782608695652173,2.0,-0.1428571428571428,-0.125,0.39892578125,-0.24544270833333337,-0.29982793898809523
f1y04,4,0.14660785941095175,0.05158377342082677,0.0890614472220477,3.6449999999999996,-1.1690000000000005,0.18149999999999933,1.2310678291629589,0.6417301864293073,0.39629104120447367,-0.14212065265760127,-0.6398974573027262,-0.3379288573763046,2.875,-0.625,0.0,1.4577379737113252,0.9232154898864764,0.8168680292496695,-0.3461538461538461,-0.5128205128205128,-0.3461538461538461,1.3112,-0.08940000000000015,0.03413333333333335,0.12019222698898391,0.06271875484748199,0.03349450361578775,-0.007187860346343536,-0.0073215444985323406,0.004438710758874219,0.044898887278207116,0.014669939520405458,-0.03403381633676449,0.045470599459207554,0.015241356101219773,-0.03431379034001091,0.9314128620071587,-0.029985547345801056,-0.02043347151039243,0.823665896552401,-0.09009549015404983,0.005328532561663657,-0.20209863380606274,-0.011142240325440339,0.10533019211272682,1.0,0.0,0.0,0.0,0.0,0.0,10.652173913043478,-1.562111801242235,1.1739130434782616,0.9820523802070619,-0.38846098284595054,-0.39534850609330185,0.0,0.0,0.0,0.7727272727272727,-0.33838383838383845,-1.0,0.5454545454545454,-0.12121212121212122,-0.31818181818181823,0.08695652173913043,-0.12732919254658384,-0.2608695652173913,2.0,-0.16666666666666652,-0.125,1.5041610054347827,0.6010499563276398,0.8054072851966875,1.0,0.0,0.0,0.0,0.0,0.0,9.652173913043478,-0.562111801242235,0.17391304347826164,0.9820523802070619,-0.38846098284595054,-0.39534850609330185,0.0,0.0,0.0,0.7727272727272727,-0.33838383838383845,-1.0,0.5454545454545454,-0.12121212121212122,-0.31818181818181823,0.13043478260869565,-0.11956521739130435,-0.21739130434782608,2.0,0.0,-0.125,0.5867598684210527,0.18783408717105265,-0.11199385181704258
f1y04,5,0.13088260319851464,0.019665592434489686,0.032476680533931254,3.3685,-0.2764999999999995,-0.0950000000000002,0.5910047135417545,-0.6400631156212043,-0.24377207441673066,0.5301466683350449,0.6722673209926462,0.33433846361634145,2.5,-0.375,-0.375,0.5345224838248488,-0.9232154898864764,-0.10634746063680689,0.41666666666666663,0.7628205128205128,0.41666666666666663,1.3766666666666667,0.06546666666666678,0.09960000000000013,0.059911045169762554,-0.060281181819221354,-0.026786678203433605,-0.0059138529080886015,0.0012740074382549347,0.005712718197129154,0.02471933191930273,-0.020179555358904387,-0.05421337169566888,0.02541690435035641,-0.020053695108851143,-0.05436748544886205,0.8695649898542807,-0.061847872152878014,-0.08228134366327045,0.8116098361677538,-0.012056060384647127,-0.00672752782298347,-0.3322537600388356,-0.13015512623277287,-0.02482493412004605,1.1,0.10000000000000009,0.10000000000000009,0.44721359549995804,0.44721359549995804,0.44721359549995804,11.3,0.6478260869565222,1.8217391304347839,1.5593520921743176,0.5772997119672557,0.18195120587395386,0.05,0.05,0.05,1.3157894736842106,0.5430622009569379,-0.4569377990430621,0.631578947368421,0.0861244019138756,-0.23205741626794263,0.2,0.11304347826086958,-0.14782608695652172,2.75,0.75,0.625,0.6832853618421053,-0.8208756435926774,-0.015468358395989923,1.1,0.10000000000000009,0.10000000000000009,0.44721359549995804,0.44721359549995804,0.44721359549995804,9.3,-0.3521739130434778,-0.17826086956521614,1.5593520921743176,0.5772997119672557,0.18195120587395386,0.05,0.05,0.05,1.3157894736842106,0.5430622009569379,-0.4569377990430621,0.631578947368421,0.0861244019138756,-0.23205741626794263,0.2,0.06956521739130436,-0.14782608695652172,2.75,0.75,0.625,0.6361443014705882,0.04938443304953555,-0.06260941876750703
f1y04,6,0.1249123842808185,0.019913173583550842,0.06720368255788128,3.9749999999999996,0.6064999999999996,0.5114999999999994,0.8358284171151056,0.24482370357335104,0.0010516291566203817,0.44777037265797515,-0.08237629567706972,0.25196216793927173,3.0,0.5,0.125,1.0690449676496976,0.5345224838248488,0.4281750231880419,-0.020833333333333308,-0.43749999999999994,-0.020833333333333308,1.31325,-0.06341666666666668,0.036183333333333456,0.09466537557805034,0.034754330408287785,0.007967652204854181,-0.0006811621140566567,0.005232690794031945,0.010945408991161098,-0.006144735481686476,-0.030864067400989206,-0.08507743909665809,0.006182374621900784,-0.019234529728455626,-0.07360201517731768,0.9863826390090815,0.11681764915480086,0.03453630549153042,0.971710547032753,0.1601007108649991,0.15337318304201564,-0.28582860519243325,0.04642515484640236,0.021600220726356312,1.125,0.02499999999999991,0.125,0.6123724356957945,0.16515884019583643,0.6123724356957945,12.083333333333334,0.7833333333333332,2.605072463768117,2.0624313778658907,0.5030792856915731,0.685030491565527,0.041666666666666664,-0.008333333333333338,0.041666666666666664,1.608695652173913,0.29290617848970246,-0.16403162055335962,0.6956521739130435,0.06407322654462244,-0.1679841897233202,0.25,0.04999999999999999,-0.09782608695652173,2.6666666666666665,-0.08333333333333348,0.5416666666666665,0.7176036005434783,0.03431823870137296,0.018849880305383038,1.125,0.02499999999999991,0.125,0.6123724356957945,0.16515884019583643,0.6123724356957945,10.083333333333334,0.7833333333333332,0.6050724637681171,2.0624313778658907,0.5030792856915731,0.685030491565527,0.041666666666666664,-0.008333333333333338,0.041666666666666664,1.608695652173913,0.29290617848970246,-0.16403162055335962,0.6956521739130435,0.06407322654462244,-0.1679841897233202,0.25,0.04999999999999999,-0.09782608695652173,2.6666666666666665,-0.08333333333333348,0.5416666666666665,0.5989435369318182,-0.03720076453876997,-0.099810183306277
f1y04,7,0.10740473926631244,0.03389154725856733,0.10369477726336473,4.499,0.524,1.0354999999999994,1.1723709798036261,0.33654256268852056,0.33759419184514095,0.15886821413094432,-0.28890215852703083,-0.03693999058775907,3.375,0.375,0.5,1.0606601717798212,-0.008384795869876394,0.4197902273181655,-0.04999999999999997,-0.02916666666666666,-0.04999999999999997,1.3669473684210527,0.05369736842105266,0.08988070175438612,0.09990966680190577,0.005244291223855432,0.013211943428709613,-0.004421257821226717,-0.0037400957071700605,0.007205313283991038,0.02524502604097736,0.03138976152266384,-0.053687677573994244,0.025629257900520324,0.01944688327861954,-0.05415513189869814,0.9631782047137455,-0.02320443429533603,0.011331871196194387,0.8935894405322818,-0.0781211065004711,0.07525207654154453,-0.21356919823195772,0.07225940696047553,0.09385962768683184,1.0,-0.125,0.0,0.0,-0.6123724356957945,0.0,12.555555555555555,0.47222222222222143,3.0772946859903385,1.4232501627054275,-0.6391812151604632,0.045849276405063755,0.0,-0.041666666666666664,0.0,1.3846153846153846,-0.2240802675585285,-0.3881118881118881,0.7692307692307693,0.07357859531772581,-0.09440559440559437,0.25925925925925924,0.009259259259259245,-0.08856682769726248,2.0,-0.6666666666666665,-0.125,0.7413917824074074,0.02378818186392917,0.04263806216931221,1.0,-0.125,0.0,0.0,-0.6123724356957945,0.0,9.555555555555555,-0.5277777777777786,0.07729468599033851,1.4232501627054275,-0.6391812151604632,0.045849276405063755,0.0,-0.041666666666666664,0.0,1.3846153846153846,-0.2240802675585285,-0.3881118881118881,0.7692307692307693,0.07357859531772581,-0.09440559440559437,0.25925925925925924,0.009259259259259245,-0.08856682769726248,2.0,-0.6666666666666665,-0.125,0.561015625,-0.037927911931818215,-0.13773809523809522
f1y05,1,0.055966199076411365,0.055966199076411365,0.14558292340123527,2.9235,-0.387,-0.387,0.3162020149931279,-0.4796154443349698,-0.4796154443349698,-0.18774213755266062,-0.7804426171636116,-0.7804426171636116,3.125,-0.5,-0.5,0.3535533905932738,-0.7071067811865475,-0.7071067811865475,-0.16666666666666669,-0.6490485772855328,-0.6490485772855328,0.9395294117647057,0.00981512605042012,0.00981512605042012,0.06416981148392405,0.03281196899254265,0.03281196899254265,0.0070567773400332,0.009723452011299785,0.009723452011299785,0.00756063391035223,-0.01049381699760262,-0.01049381699760262,0.010342209220141221,-0.007908115472590316,-0.007908115472590316,0.8495448578235244,-0.09284130159163095,-0.09284130159163095,0.8058662974004117,-0.13048530908415024,-0.13048530908415024,-0.4055897959066697,-0.2594515329357229,-0.2594515329357229,1.0,0.0,0.0,0.0,0.0,0.0,10.64,1.2606896551724152,1.2606896551724152,1.2206555615733703,-0.36980243857825434,-0.36980243857825434,0.0,0.0,0.0,1.0416666666666667,-0.5654761904761905,-0.5654761904761905,0.7083333333333334,-0.005952380952380931,-0.005952380952380931,0.2,-0.1103448275862069,-0.1103448275862069,1.8,-0.6444444444444446,-0.6444444444444446,0.7528125,0.1884344951923077,0.1884344951923077,1.0,0.0,0.0,0.0,0.0,0.0,9.64,0.26068965517241516,0.26068965517241516,1.2206555615733703,-0.36980243857825434,-0.36980243857825434,0.0,0.0,0.0,1.0416666666666667,-0.5654761904761905,-0.5654761904761905,0.7083333333333334,-0.005952380952380931,-0.005952380952380931,0.24,-0.07034482758620692,-0.07034482758620692,1.6666666666666667,-0.7777777777777779,-0.7777777777777779,0.5161576704545454,-0.048220334353146876,-0.048220334353146876
f1y05,2,0.05031690178070549,0.05284750170605596,0.1444094124449631,2.8160000000000003,-0.10749999999999993,-0.49449999999999994,0.58911264991147,0.27291063491834217,-0.2067048094166276,0.2924075356281603,0.4801496731808209,-0.30029294398279077,3.0,-0.125,-0.625,0.5345224838248488,0.180969093231575,-0.5261376879549724,0.0,0.16666666666666669,-0.4823819106188661,0.9737499999999999,0.03422058823529417,0.04403571428571429,0.03997249054037039,-0.02419732094355366,0.008614648048988989,-0.010197956726783036,-0.017254734066816234,-0.00753128205551645,0.046623288677443565,0.03906265476709134,0.028568837769488716,0.04772556305065009,0.037383353830508864,0.02947523835791855,0.9931913195045408,0.14364646168101636,0.050805160089385404,0.9092105470327531,0.10334424963234135,-0.02714105945180889,-0.3537401999947256,0.0518495959119441,-0.2076019370237788,1.0416666666666667,0.04166666666666674,0.04166666666666674,0.2041241452319315,0.2041241452319315,0.2041241452319315,9.708333333333334,-0.9316666666666666,0.3290229885057485,2.255026591314664,1.0343710297412936,0.6645685911630392,0.041666666666666664,0.041666666666666664,0.041666666666666664,2.5217391304347827,1.480072463768116,0.9145962732919255,0.7391304347826086,0.030797101449275277,0.024844720496894346,0.25,0.04999999999999999,-0.060344827586206906,4.333333333333333,2.533333333333333,1.8888888888888884,1.0142933238636365,0.26148082386363647,0.4499153190559442,1.0416666666666667,0.04166666666666674,0.04166666666666674,0.2041241452319315,0.2041241452319315,0.2041241452319315,8.708333333333334,-0.9316666666666666,-0.6709770114942515,2.255026591314664,1.0343710297412936,0.6645685911630392,0.041666666666666664,0.041666666666666664,0.041666666666666664,2.5217391304347827,1.480072463768116,0.9145962732919255,0.7391304347826086,0.030797101449275277,0.024844720496894346,0.25,0.010000000000000009,-0.060344827586206906,4.333333333333333,2.666666666666666,1.8888888888888884,0.5893787202380952,0.07322104978354982,0.025000715430402942
f1y05,3,0.0697379787499178,0.062245463958823244,0.0741388184826336,2.5725,-0.2435000000000005,-0.7380000000000004,0.1720921679964382,-0.4170204819150318,-0.6237252913316594,0.0550020466126485,-0.23740548901551178,-0.5376984329983026,2.625,-0.375,-1.0,0.5175491695067657,-0.016973314318083133,-0.5431110022730555,-0.39999999999999997,-0.39999999999999997,-0.8823819106188661,0.9615384615384616,-0.01221153846153833,0.03182417582417596,0.03214709780735885,-0.007825392733011534,0.0007892553159774551,-0.008840915695667351,0.0013570410311156845,-0.006174241024400766,-0.02637150730062563,-0.0729947959780692,-0.04442595820858048,0.02781399265917873,-0.019911570391471355,0.009563667966447194,0.9914956883735971,-0.00169563113094362,0.049109528958441784,0.9552222128375472,0.0460116658047941,0.01887060635298521,-0.4496503593078724,-0.09591015931314678,-0.30351209633692555,1.0,-0.04166666666666674,0.0,0.0,-0.2041241452319315,0.0,11.380952380952381,1.6726190476190474,2.001642036124796,1.0712698295103094,-1.1837567618043545,-0.5191881706413153,0.0,-0.041666666666666664,0.0,1.05,-1.4717391304347827,-0.5571428571428572,0.7,-0.03913043478260869,-0.014285714285714346,0.23809523809523808,-0.011904761904761918,-0.07224958949096882,1.8,-2.533333333333333,-0.6444444444444446,0.9174107142857143,-0.09688260957792216,0.353032709478022,1.0,-0.04166666666666674,0.0,0.0,-0.2041241452319315,0.0,9.380952380952381,0.6726190476190474,0.0016420361247959647,1.0712698295103094,-1.1837567618043545,-0.5191881706413153,0.0,-0.041666666666666664,0.0,1.05,-1.4717391304347827,-0.5571428571428572,0.7,-0.03913043478260869,-0.014285714285714346,0.23809523809523808,-0.011904761904761918,-0.07224958949096882,1.8,-2.533333333333333,-0.6444444444444446,0.4810855263157895,-0.10829319392230574,-0.0832924784919028
f1y05,4,0.07286597067415138,0.07345625782630988,0.22077070544364114,2.682,0.10950000000000015,-0.6285000000000003,0.7768713811546559,0.6047792131582177,-0.01894607817344174,0.2812595448041987,0.22625749819155017,-0.3114409348067524,3.0,0.375,-0.625,0.9258200997725514,0.40827093026578576,-0.13484007200726977,0.16666666666666666,0.5666666666666667,-0.3157152439521994,0.91225,-0.04928846153846156,-0.0174642857142856,0.08288747392298387,0.05074037611562502,0.051529631431602475,0.0020430528294836845,0.010883968525151036,0.00470972750075027,0.031157919886402142,0.057529427187027776,0.013103468978447292,0.031224830448082747,0.003410837788904015,0.01297450575535121,0.9362487435307926,-0.05524694484280457,-0.006137415884362785,0.9351503907376807,-0.020071822099866465,-0.0012012157468812568,-0.356023387575535,0.09362697173233742,-0.20988512460458816,1.0,0.0,0.0,0.0,0.0,0.0,10.458333333333334,-0.9226190476190474,1.0790229885057485,1.5316704909195136,0.4604006614092042,-0.05878750923211107,0.0,0.0,0.0,1.391304347826087,0.3413043478260869,-0.2158385093167703,0.7391304347826086,0.03913043478260869,0.024844720496894346,0.20833333333333334,-0.02976190476190474,-0.10201149425287356,2.4,0.5999999999999999,-0.04444444444444473,1.4755045572916667,0.5580938430059524,0.9111265524839745,1.0,0.0,0.0,0.0,0.0,0.0,9.458333333333334,0.07738095238095255,0.07902298850574851,1.5316704909195136,0.4604006614092042,-0.05878750923211107,0.0,0.0,0.0,1.391304347826087,0.3413043478260869,-0.2158385093167703,0.7391304347826086,0.03913043478260869,0.024844720496894346,0.25,0.011904761904761918,-0.060344827586206906,2.1666666666666665,0.3666666666666665,-0.2777777777777781,0.5782180059523809,0.09713247963659144,0.01384000114468864
f1y05,5,0.09667289970252463,0.06182263175001111,0.08900904089712565,3.0725,0.39049999999999985,-0.23800000000000043,0.13039609985403278,-0.6464752813006232,-0.6654213594740649,-0.23955300231618443,-0.520812547120383,-0.8322534819271354,3.125,0.125,-0.5,0.3535533905932738,-0.5722667091792777,-0.7071067811865475,-0.16666666666666655,-0.3333333333333332,-0.6490485772855327,0.9861176470588235,0.07386764705882354,0.05640336134453794,0.01755663105831092,-0.06533084286467294,-0.013801211433070476,-0.003018524811399783,-0.005061577640883467,-0.0003518501401331975,0.00382303727586192,-0.02733488261054022,-0.01423141363209293,0.00487104773633618,-0.026353782711746567,-0.013379276956395358,0.9664901902657508,0.03024144673495821,0.024104030850595426,0.9058662974004119,-0.02928409333726878,-0.030485309084150036,-0.31599648216627163,0.04002690540926335,-0.16985821919532482,1.08,0.08000000000000007,0.08000000000000007,0.4,0.4,0.4,10.96,0.5016666666666669,1.5806896551724154,2.188606862823929,0.6569363719044152,0.5981488626723042,0.04,0.04,0.04,2.5416666666666665,1.1503623188405796,0.9345238095238093,0.8333333333333334,0.09420289855072472,0.11904761904761907,0.28,0.07166666666666668,-0.03034482758620688,4.142857142857143,1.7428571428571433,1.6984126984126986,1.72375,0.24824544270833315,1.1593719951923076,1.08,0.08000000000000007,0.08000000000000007,0.4,0.4,0.4,8.96,-0.4983333333333331,-0.41931034482758456,2.188606862823929,0.6569363719044152,0.5981488626723042,0.04,0.04,0.04,2.5416666666666665,1.1503623188405796,0.9345238095238093,0.8333333333333334,0.09420289855072472,0.11904761904761907,0.28,0.030000000000000027,-0.03034482758620688,4.142857142857143,1.9761904761904767,1.6984126984126986,0.6866122159090909,0.10839420995671001,0.12223421110139865
f1y05,6,0.0782939103604512,0.14714739017591433,0.1323678856406338,2.9654999999999996,-0.1070000000000002,-0.34500000000000064,0.11730180853556482,-0.013094291318467954,-0.6785156507925328,0.2731431929375055,0.5126961952536899,-0.3195572866734456,3.0,-0.125,-0.625,0.5345224838248488,0.180969093231575,-0.5261376879549724,0.0,0.16666666666666655,-0.4823819106188661,0.9864999999999999,0.0003823529411763893,0.05678571428571433,0.054803892805773094,0.03724726174746217,0.023446050314391696,0.011104283966222603,0.014122808777622387,0.01377095863748919,0.0010091959931249432,-0.002813841282736977,-0.017045254914829906,0.011150049280386515,0.0062790015440503345,-0.007100275412345022,0.9521549522492185,-0.014335238016532248,0.009768792834063178,0.8012467139431668,-0.10461958345724509,-0.13510489254139513,-0.35749608772554703,-0.0414996055592754,-0.21135782475460022,1.0,-0.08000000000000007,0.0,0.0,-0.4,0.0,11.291666666666666,0.3316666666666652,1.9123563218390807,1.3666578295932035,-0.8219490332307253,-0.22380017055842116,0.0,-0.04,0.0,1.0,-1.5416666666666665,-0.6071428571428572,0.6086956521739131,-0.2246376811594203,-0.10559006211180122,0.20833333333333334,-0.07166666666666668,-0.10201149425287356,1.8,-2.3428571428571434,-0.6444444444444446,0.8014322916666666,-0.9223177083333333,0.23705428685897434,1.0,-0.08000000000000007,0.0,0.0,-0.4,0.0,9.291666666666666,0.3316666666666652,-0.08764367816091934,1.3666578295932035,-0.8219490332307253,-0.22380017055842116,0.0,-0.04,0.0,1.0,-1.5416666666666665,-0.6071428571428572,0.6086956521739131,-0.2246376811594203,-0.10559006211180122,0.20833333333333334,-0.07166666666666668,-0.10201149425287356,1.8,-2.3428571428571434,-0.6444444444444446,0.6120923913043478,-0.07451982460474316,0.04771438649665549
f1y05,7,0.058682592476277155,0.11896104268075518,0.08711099415165251,3.1965,0.23100000000000032,-0.11400000000000032,0.37779775390695863,0.2604959453713938,-0.41801970542113903,-0.3115021846898305,-0.5846453776273359,-0.9042026643007816,3.375,0.375,-0.25,0.5175491695067657,-0.016973314318083133,-0.5431110022730555,0.0912870929175277,0.0912870929175277,-0.39109481770133836,0.9671578947368422,-0.019342105263157716,0.03744360902255661,0.07828811684902173,0.02348422404324864,0.046930274357640335,-0.011230619605913091,-0.022334903572135696,-0.008563944934646506,0.0233234720473463,0.022314276054221354,0.0052690211393914485,0.025886505462809455,0.01473645618242294,0.0076361807700779175,0.959910766362012,0.007755814112793469,0.017524606946856647,0.9015038199051831,0.10025710596201631,-0.034847786579378814,-0.23951105848172582,0.1179850292438212,-0.09337279551077901,1.0,0.0,0.0,0.0,0.0,0.0,12.222222222222221,0.9305555555555554,2.842911877394636,1.671787006431081,0.30512917683787744,0.08132900627945627,0.0,0.0,0.0,1.6923076923076923,0.6923076923076923,0.08516483516483508,0.7307692307692307,0.12207357859531764,0.016483516483516425,0.2222222222222222,0.013888888888888867,-0.0881226053639847,2.5,0.7,0.05555555555555536,0.931640625,0.13020833333333337,0.3672626201923077,1.0,0.0,0.0,0.0,0.0,0.0,9.222222222222221,-0.06944444444444464,-0.15708812260536398,1.671787006431081,0.30512917683787744,0.08132900627945627,0.0,0.0,0.0,1.6923076923076923,0.6923076923076923,0.08516483516483508,0.7307692307692307,0.12207357859531764,0.016483516483516425,0.25925925925925924,0.0509259259259259,-0.05108556832694766,2.7142857142857144,0.9142857142857144,0.26984126984126977,0.6195475260416666,0.007455134737318847,0.05516952123397434
f1y06,1,0.09687936638043258,0.09687936638043258,0.10838764824449283,3.5055,-0.3080000000000003,-0.3080000000000003,0.5580207369418656,-0.15463686467538873,-0.15463686467538873,-0.01426564724798664,-0.25105670956995596,-0.25105670956995596,3.5,-0.5,-0.5,0.5345224838248488,-0.2214064621936056,-0.2214064621936056,-0.1666666666666667,-0.1666666666666667,-0.1666666666666667,1.0186000000000002,0.07043333333333346,0.07043333333333346,0.061835435250603546,-0.017951055197159713,-0.017951055197159713,0.010676680783822239,0.005586526033279126,0.005586526033279126,0.023973121526471963,0.026974584164403043,0.026974584164403043,0.026243133735943818,0.020333949921627934,0.020333949921627934,0.9399339686096392,-0.024815219043963554,-0.024815219043963554,0.8235840164376127,-0.12364342495173519,-0.12364342495173519,-0.23050733576137802,-0.13886855271322218,-0.13886855271322218,1.0,-0.125,-0.125,0.0,-0.7071067811865476,-0.7071067811865476,10.642857142857142,0.7678571428571423,0.7678571428571423,1.7259304675553935,0.2503223370414993,0.2503223370414993,0.0,-0.03125,-0.03125,1.6296296296296295,0.11350059737156504,0.11350059737156504,0.7777777777777778,0.0035842293906810374,0.0035842293906810374,0.2857142857142857,0.004464285714285698,0.004464285714285698,2.5,0.16666666666666652,0.16666666666666652,0.6669224330357143,0.2269112723214286,0.2269112723214286,1.0,-0.125,-0.125,0.0,-0.7071067811865476,-0.7071067811865476,9.642857142857142,-0.23214285714285765,-0.23214285714285765,1.7259304675553935,0.2503223370414993,0.2503223370414993,0.0,-0.03125,-0.03125,1.6296296296296295,0.11350059737156504,0.11350059737156504,0.7777777777777778,0.0035842293906810374,0.0035842293906810374,0.2857142857142857,0.004464285714285698,0.004464285714285698,2.5,0.16666666666666652,0.16666666666666652,0.506015625,0.06600446428571427,0.06600446428571427
f1y06,2,0.060481366491466966,0.05511954858731575,0.16160005677050782,3.7984999999999998,0.2929999999999997,-0.015000000000000568,0.6309102268038728,0.07288948986200716,-0.08174737481338157,0.6010877510589593,0.6153533983069459,0.36429668873698995,3.875,0.375,-0.125,0.8345229603962802,0.30000047657143136,0.07859401437782576,0.5,0.6666666666666667,0.5,0.9961739130434782,-0.02242608695652193,0.04800724637681153,0.093858526117243,0.03202309086663946,0.014072035669479746,0.005414984641038904,-0.005261696142783335,0.0003248298904957904,0.03152821992046347,0.007555098393991509,0.03452968255839455,0.031989853235296295,0.005746719499352477,0.02608066942098041,0.9863614429035358,0.0464274742938966,0.021612255249933043,0.9622211541572802,0.13863713771966746,0.014993712767932266,-0.09557242153083208,0.13493491423054593,-0.0039336384826762355,1.064516129032258,0.06451612903225801,-0.06048387096774199,0.3592106040535499,0.3592106040535499,-0.3478961771329977,10.516129032258064,-0.1267281105990783,0.6411290322580641,1.5247069170157583,-0.20122355053963514,0.04909878650186417,0.03225806451612903,0.03225806451612903,0.0010080645161290314,1.5666666666666667,-0.06296296296296289,0.05053763440860215,0.8666666666666667,0.0888888888888889,0.09247311827956994,0.3225806451612903,0.036866359447004615,0.041330645161290314,2.0,-0.5,-0.3333333333333335,1.2585685483870968,0.5916461153513825,0.818557387672811,1.064516129032258,0.06451612903225801,-0.06048387096774199,0.3592106040535499,0.3592106040535499,-0.3478961771329977,9.516129032258064,-0.1267281105990783,-0.35887096774193594,1.5247069170157583,-0.20122355053963514,0.04909878650186417,0.03225806451612903,0.03225806451612903,0.0010080645161290314,1.5666666666666667,-0.06296296296296289,0.05053763440860215,0.8666666666666667,0.0888888888888889,0.09247311827956994,0.3548387096774194,0.06912442396313367,0.07358870967741937,2.0,-0.5,-0.3333333333333335,0.39460358796296297,-0.111412037037037,-0.04540757275132273
f1y06,3,0.10612582159685276,0.07503391243780028,0.10474174562006484,3.4705000000000004,-0.3279999999999994,-0.34299999999999997,0.47270135543339764,-0.15820887137047512,-0.2399562461838567,0.26390893114173325,-0.33717881991722604,0.02711786881976394,3.375,-0.5,-0.625,0.5175491695067657,-0.3169737908895145,-0.23837977651168873,0.4166666666666668,-0.0833333333333332,0.4166666666666668,1.0345263157894735,0.03835240274599527,0.0863596491228068,0.05606679391687171,-0.0377917322003713,-0.02371969653089155,0.0135482432414597,0.008133258600420796,0.008458088490916586,0.012762535394765849,-0.018765684525697622,0.01576399803269693,0.018612823660917478,-0.013377029574378817,0.012703639846601594,0.9586778593236185,-0.027683583579917292,-0.006071328329984249,0.900579139626388,-0.06164201453089213,-0.046648301762959865,-0.2520969451962455,-0.15652452366541342,-0.16045816214808964,1.1111111111111112,0.04659498207885315,-0.01388888888888884,0.5773502691896256,0.21813966513607574,-0.12975651199692195,11.925925925925926,1.4097968936678615,2.0509259259259256,1.4121975762272057,-0.11250934078855268,-0.06341055428668851,0.037037037037037035,0.004778972520908004,0.005787037037037035,1.3461538461538463,-0.2205128205128204,-0.16997518610421825,0.7307692307692307,-0.13589743589743597,-0.043424317617866026,0.18518518518518517,-0.13739545997610514,-0.09606481481481483,3.0,1.0,0.6666666666666665,0.8043981481481481,-0.4541704002389486,0.36438698743386244,1.1111111111111112,0.04659498207885315,-0.01388888888888884,0.5773502691896256,0.21813966513607574,-0.12975651199692195,9.925925925925926,0.40979689366786154,0.0509259259259256,1.4121975762272057,-0.11250934078855268,-0.06341055428668851,0.037037037037037035,0.004778972520908004,0.005787037037037035,1.3461538461538463,-0.2205128205128204,-0.16997518610421825,0.7307692307692307,-0.13589743589743597,-0.043424317617866026,0.2222222222222222,-0.13261648745519716,-0.05902777777777779,2.8333333333333335,0.8333333333333335,0.5,0.506591796875,0.11198820891203703,0.0665806361607143
f1y06,4,0.029521013008813424,0.12662504304903735,0.11735417761413093,4.0785,0.6079999999999997,0.2649999999999997,0.19404785860341636,-0.2786534968299813,-0.518609743013838,-0.15141179673815577,-0.41532072787988905,-0.3882028590601251,4.125,0.75,0.125,0.3535533905932738,-0.16399577891349187,-0.4023755554251806,-0.16666666666666669,-0.5833333333333335,-0.16666666666666669,0.98048,-0.0540463157894735,0.032313333333333305,0.06487238755176712,0.008805593634895414,-0.014914102895996137,-0.000553309271130714,-0.014101552512590413,-0.005643464021673828,0.003856141789921983,-0.008906393604843866,0.006857604427853062,0.0038956361038348943,-0.014717187557082583,-0.0020135477104809897,0.9693082068162736,0.010630347492655123,0.004559019162670874,0.9123174691024335,0.011738329476045473,-0.03490997228691439,-0.07809432846164856,0.17400261673459694,0.013544454586507285,1.0,-0.11111111111111116,-0.125,0.0,-0.5773502691896256,-0.7071067811865476,10.787878787878787,-1.1380471380471384,0.9128787878787872,1.4088465086191913,-0.003351067608014402,-0.06676162189470292,0.0,-0.037037037037037035,-0.03125,1.15625,-0.18990384615384626,-0.3598790322580645,0.78125,0.050480769230769273,0.007056451612903247,0.2727272727272727,0.08754208754208753,-0.008522727272727293,1.5555555555555556,-1.4444444444444444,-0.7777777777777779,0.8977272727272727,0.09332912457912457,0.457716112012987,1.0,-0.11111111111111116,-0.125,0.0,-0.5773502691896256,-0.7071067811865476,9.787878787878787,-0.13804713804713842,-0.08712121212121282,1.4088465086191913,-0.003351067608014402,-0.06676162189470292,0.0,-0.037037037037037035,-0.03125,1.15625,-0.18990384615384626,-0.3598790322580645,0.78125,0.050480769230769273,0.007056451612903247,0.30303030303030304,0.08080808080808083,0.02178030303030304,1.7,-1.1333333333333335,-0.6333333333333335,0.3329067887931034,-0.17368500808189657,-0.10710437192118227
f1y06,5,0.07405378358599113,0.09148188720017143,0.08386026227433492,3.651,-0.4275000000000002,-0.16250000000000053,0.266325257640245,0.07227739903682864,-0.4463323439770093,0.06324243495541254,0.21465423169356831,-0.17354862736655677,3.625,-0.5,-0.375,0.5175491695067657,0.16399577891349187,-0.23837977651168873,-0.1666666666666667,-2.7755575615628914e-17,-0.1666666666666667,1.0276190476190474,0.047139047619047414,0.07945238095238072,0.04681717226667605,-0.01805521528509107,-0.032969318181087205,-0.0007858555051957206,-0.00023254623406500656,-0.005876010255738834,0.027829301627194075,0.023973159837272093,0.030830764265125155,0.027840395075005547,0.023944758971170654,0.021931211260689663,0.9499151482893345,-0.019393058526939067,-0.014834039364268192,0.9321255289356561,0.019808059833222647,-0.015101912453691746,-0.1616281486217833,-0.08353382016013473,-0.06998936557362745,1.0,0.0,-0.125,0.0,0.0,-0.7071067811865476,11.482758620689655,0.6948798328108676,1.6077586206896548,1.9387162478442206,0.5298697392250293,0.4631081173303264,0.0,0.0,-0.03125,1.6428571428571428,0.4866071428571428,0.1267281105990783,0.7857142857142857,0.004464285714285698,0.011520737327188946,0.2413793103448276,-0.03134796238244511,-0.0398706896551724,2.7142857142857144,1.1587301587301588,0.38095238095238093,0.8404498922413793,-0.05727738048589337,0.40043873152709364,1.0,0.0,-0.125,0.0,0.0,-0.7071067811865476,9.482758620689655,-0.3051201671891324,-0.3922413793103452,1.9387162478442206,0.5298697392250293,0.4631081173303264,0.0,0.0,-0.03125,1.6428571428571428,0.4866071428571428,0.1267281105990783,0.7857142857142857,0.004464285714285698,0.011520737327188946,0.2413793103448276,-0.06165099268547544,-0.0398706896551724,2.7142857142857144,1.0142857142857145,0.38095238095238093,0.7142159598214286,0.3813091710283252,0.2742047991071429
f1y06,6,0.07404748725669404,0.007129143646139857,0.053177249664803375,3.466,-0.1849999999999996,-0.34750000000000014,0.14132434832176455,-0.12500090931848046,-0.5713332532954898,-0.35931421054555013,-0.42255664550096267,-0.5961052728675195,3.625,0.0,-0.375,0.5175491695067657,0.0,-0.23837977651168873,-0.16666666666666663,8.326672684688674e-17,-0.16666666666666663,0.971047619047619,-0.056571428571428384,0.022880952380952335,0.0501821444245622,0.0033649721578861494,-0.029604346023201056,0.00670057089683705,0.007486426402032771,0.001610416146293937,0.021571959274809187,-0.006257342352384888,0.024573421912740267,0.022588649302195247,-0.0052517457728103005,0.016679465487879363,0.9815805218774204,0.031665373588085854,0.016831334223817662,0.9191102271742172,-0.013015301761438947,-0.028117214215130693,-0.1296472667020829,0.03198088191970039,-0.03800848365392706,1.0,0.0,-0.125,0.0,0.0,-0.7071067811865476,11.310344827586206,-0.1724137931034484,1.4353448275862064,1.3654786778651777,-0.5732375699790428,-0.11012945264871643,0.0,0.0,-0.03125,1.4642857142857142,-0.1785714285714286,-0.05184331797235031,0.8571428571428571,0.0714285714285714,0.08294930875576034,0.20689655172413793,-0.03448275862068967,-0.07435344827586207,3.1666666666666665,0.4523809523809521,0.833333333333333,0.7258890086206896,-0.11456088362068972,0.2858778479064039,1.0,0.0,-0.125,0.0,0.0,-0.7071067811865476,9.310344827586206,-0.1724137931034484,-0.5646551724137936,1.3654786778651777,-0.5732375699790428,-0.11012945264871643,0.0,0.0,-0.03125,1.4642857142857142,-0.1785714285714286,-0.05184331797235031,0.8571428571428571,0.0714285714285714,0.08294930875576034,0.20689655172413793,-0.03448275862068967,-0.07435344827586207,3.1666666666666665,0.4523809523809521,0.833333333333333,0.6323784722222222,-0.0818374875992064,0.1923673115079365
f1y06,7,0.07716941937449752,0.011742619397576906,0.07186868082304651,3.7875,0.3214999999999999,-0.026000000000000245,0.3042212540710649,0.16289690574930032,-0.40843634754618946,-0.3962282844150224,-0.036914073869472264,-0.6330193467369917,3.75,0.125,-0.25,0.7071067811865476,0.1895576116797819,-0.04882216483190682,-0.41079191812887456,-0.24412525146220793,-0.41079191812887456,1.0070909090909093,0.03604329004329021,0.058924242424242546,0.04790358281750176,-0.002278561607060442,-0.0318829076302615,-0.0030421097885037366,-0.009742680685340788,-0.008132264539046849,0.0009099102137116918,-0.020662049061097497,0.003911372851642771,0.0031752745648726357,-0.01941337473732261,-0.0027339092494432483,0.911903221760981,-0.06967730011643936,-0.052845965892621694,0.8570182490971273,-0.06209197807708988,-0.09020919229222057,-0.12462449447857166,0.005022772223511246,-0.032985711430415815,1.0,0.0,-0.125,0.0,0.0,-0.7071067811865476,13.033333333333333,1.7229885057471268,3.158333333333333,1.4499306364701425,0.0844519586049648,-0.025677494043751636,0.0,0.0,-0.03125,1.3793103448275863,-0.08497536945812789,-0.1368186874304782,0.6896551724137931,-0.16748768472906395,-0.0845383759733036,0.26666666666666666,0.059770114942528735,-0.014583333333333337,2.375,-0.7916666666666665,0.04166666666666652,0.68046875,-0.04542025862068966,0.24045758928571426,1.0,0.0,-0.125,0.0,0.0,-0.7071067811865476,10.033333333333333,0.7229885057471268,0.15833333333333321,1.4499306364701425,0.0844519586049648,-0.025677494043751636,0.0,0.0,-0.03125,1.3793103448275863,-0.08497536945812789,-0.1368186874304782,0.6896551724137931,-0.16748768472906395,-0.0845383759733036,0.26666666666666666,0.059770114942528735,-0.014583333333333337,2.375,-0.7916666666666665,0.04166666666666652,0.4964554398148148,-0.13592303240740738,0.05644427910052913
