record,subject,trial,group,tma_H_16to32_strides,tma_H_8to16_strides,tma_H_4to8_strides,tma_H_2to4_strides,tma_D_16to32_strides,tma_D_8to16_strides,tma_D_4to8_strides,tma_D_2to4_strides,null_H_16to32_strides,null_H_8to16_strides,null_H_4to8_strides,null_H_2to4_strides,null_D_16to32_strides,null_D_8to16_strides,null_D_4to8_strides,null_D_2to4_strides,conv_stride_16to32_strides,conv_stride_8to16_strides,conv_stride_4to8_strides,conv_stride_2to4_strides,conv_RTO_16to32_strides,conv_RTO_8to16_strides,conv_RTO_4to8_strides,conv_RTO_2to4_strides,conv_RHS_16to32_strides,conv_RHS_8to16_strides,conv_RHS_4to8_strides,conv_RHS_2to4_strides,conv_LTO_16to32_strides,conv_LTO_8to16_strides,conv_LTO_4to8_strides,conv_LTO_2to4_strides,conv_stride_mean,conv_stride_cv,conv_phase_sd,conv_phase_acf,conv_stance_mean,conv_phase_mean,half1_tma_H_16to32_strides,half1_tma_H_8to16_strides,half1_tma_H_4to8_strides,half1_tma_H_2to4_strides,half1_tma_D_16to32_strides,half1_tma_D_8to16_strides,half1_tma_D_4to8_strides,half1_tma_D_2to4_strides,half1_conv_stride_16to32_strides,half1_conv_stride_8to16_strides,half1_conv_stride_4to8_strides,half1_conv_stride_2to4_strides,half1_conv_RTO_16to32_strides,half1_conv_RTO_8to16_strides,half1_conv_RTO_4to8_strides,half1_conv_RTO_2to4_strides,half1_conv_RHS_16to32_strides,half1_conv_RHS_8to16_strides,half1_conv_RHS_4to8_strides,half1_conv_RHS_2to4_strides,half1_conv_LTO_16to32_strides,half1_conv_LTO_8to16_strides,half1_conv_LTO_4to8_strides,half1_conv_LTO_2to4_strides,half1_conv_stride_mean,half1_conv_stride_cv,half1_conv_phase_sd,half1_conv_phase_acf,half1_conv_stance_mean,half1_conv_phase_mean,half2_tma_H_16to32_strides,half2_tma_H_8to16_strides,half2_tma_H_4to8_strides,half2_tma_H_2to4_strides,half2_tma_D_16to32_strides,half2_tma_D_8to16_strides,half2_tma_D_4to8_strides,half2_tma_D_2to4_strides,half2_conv_stride_16to32_strides,half2_conv_stride_8to16_strides,half2_conv_stride_4to8_strides,half2_conv_stride_2to4_strides,half2_conv_RTO_16to32_strides,half2_conv_RTO_8to16_strides,half2_conv_RTO_4to8_strides,half2_conv_RTO_2to4_strides,half2_conv_RHS_16to32_strides,half2_conv_RHS_8to16_strides,half2_conv_RHS_4to8_strides,half2_conv_RHS_2to4_strides,half2_conv_LTO_16to32_strides,half2_conv_LTO_8to16_strides,half2_conv_LTO_4to8_strides,half2_conv_LTO_2to4_strides,half2_conv_stride_mean,half2_conv_stride_cv,half2_conv_phase_sd,half2_conv_phase_acf,half2_conv_stance_mean,half2_conv_phase_mean,UPDRS,UPDRSM,HoehnYahr,TUAG,Age,Gender,Speed_01,level_full_L1to4_slow_8to32,level_order_L1to4_slow_8to32,level_expected_L1to4_slow_8to32,level_full_L1to4_fast_2to8,level_order_L1to4_fast_2to8,level_expected_L1to4_fast_2to8,level_full_L5to8_slow_8to32,level_order_L5to8_slow_8to32,level_expected_L5to8_slow_8to32,level_full_L5to8_fast_2to8,level_order_L5to8_fast_2to8,level_expected_L5to8_fast_2to8,level_full_L9plus_slow_8to32,level_order_L9plus_slow_8to32,level_expected_L9plus_slow_8to32,level_full_L9plus_fast_2to8,level_order_L9plus_fast_2to8,level_expected_L9plus_fast_2to8,level_full_phasegap_slow_8to32,level_order_phasegap_slow_8to32,level_expected_phasegap_slow_8to32,level_full_phasegap_fast_2to8,level_order_phasegap_fast_2to8,level_expected_phasegap_fast_2to8,level_variance_L1to4,level_occupancy_L1to4,level_variance_L5to8,level_occupancy_L5to8,level_variance_L9plus,level_occupancy_L9plus
GaCo01_01,GaCo01,1,control,-0.0119380784654851,-0.5022978358335508,0.188680662810958,0.0524579568914737,0.3510762972422236,0.1457740545261497,-0.4423256818491927,0.1536419024606373,-0.536732351520832,-0.2215503221447943,-0.2362984702334372,0.1238183566678606,-0.3095445343205413,-0.2098090370113683,-0.1033547795351546,0.0349209141136024,0.5137663155378048,0.1278869916460042,-0.0100258488617835,-0.112512980416103,0.6644675768900703,-0.3884733673323799,0.0111606334701484,-0.0413773754277374,-0.7469344917532112,0.5546642993743988,-0.1752785383473141,-0.0375702250010022,1.3262978971690045,0.5397217452345564,-0.0577552528992568,-0.6301511859474122,1.263281249999973,0.1286648611125226,0.0549158221509373,0.2090271432230862,0.486605415625048,0.4214830956991013,-1.4388129475388796,-1.4105976083906313,0.4847042739536807,0.0426220750784421,0.9367308050475424,-0.566365390335865,-0.3406427119664569,0.2490980792696341,-0.1938666710727783,0.3642487133133662,-0.0305916891463441,-0.0668663348113171,0.6751015922809199,0.0671359129083238,-0.1244978734428444,-0.0731532652286902,-0.2699904920269737,0.7720652889849501,0.0183811913149757,-0.2753223579323392,0.3946501507221397,0.253773408162957,0.0073946450155619,-0.129262754433845,1.2934374999999725,0.1741515247363498,0.057346529501538,0.1027199572235827,0.4835811482953781,0.4204910936409711,0.9962392283064748,-0.497167458582013,-0.3890177255855128,0.0564398912253888,-1.9550521679215709,0.44650335257281,-0.1307456687388166,0.059490629437765,-0.6949739500240658,0.7908206657083761,-0.4467994819554254,-0.0534226867895958,-0.2282688044187262,0.7334508931059417,0.118581932691682,-0.3199014348835865,-2.627972082173783,0.340311559447673,-0.2651206089706096,0.1102038436661518,0.1555329069613596,1.299715962524124,0.1751058596991336,-1.193025130397135,1.2331249999999736,0.0265737374728885,0.0522177254259922,0.2410781035414317,0.4896296829547177,0.4224750977572317,0.0,0.0,0.0,,66,1,1.075,-0.1395947738982608,0.17000062778013497,-0.3095954016783958,0.05049205355977995,-0.009125925748892288,0.059617979308672235,0.09033217141658484,0.06660259568145084,0.023729575735134,-0.027695076767414777,-0.006206153144576669,-0.021488923622838108,-0.6951343373550495,-0.45880781854683717,-0.2363265188082123,0.11271753101656316,0.07404637587027102,0.03867115514629215,-0.3087610235262743,0.21095851460455373,-0.519719538130828,-0.5352528418376956,0.046492940796726945,-0.5817457826344226,0.1641693115234375,0.58203125,0.19921875,1.0,0.08880615234375,0.4453125
GaCo02_01,GaCo02,1,control,-0.7989924716144471,0.3127659864302533,-0.089104421307885,0.0289489264225946,-1.4637897503799078,1.1545614003208042,0.1827797000659309,-0.4113117794925743,-0.6447760530291392,-0.2254676217179745,-0.2918642065340475,0.1678479160334203,-0.5569187121629038,-0.2426910037989456,-0.1019166657256463,0.0717338522294811,1.398737606878561,0.4819333870883838,-0.211059424929932,-0.5361216269168216,0.8624784797619762,0.5993592536655465,0.0153457886466733,-0.4486400304128244,1.025793711159286,-0.0387259535464139,-0.0237032497626385,-0.2113950376078908,0.7559037829021569,-0.4763714459601211,0.4342118054159625,-0.3561009975704829,1.1021874999999766,0.0211062768305353,0.0089676973356654,0.2798383938402314,0.4975179788352869,0.4251727376048683,0.4023946399808809,0.5572725370768896,-0.1223041437641401,-0.0013143301800696,-0.5515836056263541,0.0872536480446947,0.307421471615558,-0.0001259173944545,0.8184068468256986,1.117158785632993,0.1562805698673232,-1.1173940733415562,-0.4240851959932754,0.6984342216241639,0.4247101857205152,-0.5470595956240372,0.9907375410074124,0.1130322775545763,-0.5458941529382338,-0.0281537841566028,-0.0320325552882935,-0.4487954264224346,0.4152067143538594,-0.1565243424442567,1.1031249999999764,0.0216534774719414,0.0086312231806126,0.2328798551440293,0.4962611598858471,0.4226947282525279,0.3217421907317342,-0.6074930008973904,0.0805351317665705,0.036866125823272,-0.1174306011126486,1.8365374421249847,0.0318091716481495,-0.7471341139858935,-0.1113796152110739,0.5992568123907089,-0.545116815885839,0.0159580408882475,0.3078880671441799,1.025983610690895,-0.000512685375675,-0.5754974726455261,0.167403298297518,0.4544906469966059,-0.3212966895910453,-0.0263216972494935,-0.1660386816808918,0.2729471972620125,0.3519848825201074,-0.2747619454317597,1.1012499999999763,0.0208541316159417,0.0086520772382994,0.1694891432862687,0.4987747977847268,0.4276507469572086,1.0,1.0,0.0,,74,1,1.04,0.22365943018967477,0.46400985114594046,-0.2403504209562657,-0.06126334315897874,-0.10227563323188056,0.04101229007290182,0.37172697863419746,0.32261606445908303,0.04911091417511443,-0.08276069846758798,-0.07041362987731668,-0.012347068590271296,-0.19488190250303167,0.06256395331731479,-0.25744585582034646,0.012216565004652413,-0.020113136732155344,0.032329701736807756,-0.5409560154188783,-0.02008932453907386,-0.5208666908798044,-0.3311410068395889,0.2512814922269545,-0.5824224990665434,0.2392578125,0.65625,0.1807708740234375,1.04296875,0.0604095458984375,0.38671875
GaCo02_02,GaCo02,2,control,-0.5500159732286803,0.7264652223356013,-0.3345648305448306,-0.0360934275484738,-0.931512269249392,0.8253359592178245,-0.0504872867744879,-0.0787219310088652,-0.5946548186272812,-0.1926054227479923,-0.2721872313574396,0.1567681979597847,-0.6226394122863866,-0.3229317069366261,-0.0100262379423828,0.0449981244554889,1.3318837095913911,0.5160678476231257,0.1819996812842336,-0.8695982925606665,1.078522487472361,0.1795894450297531,-0.0095484991343251,-0.314835106449538,-0.2229889796256259,-0.1070587169045497,0.2118354211877941,-0.0657436179200048,1.1538067019331182,-0.0528476233289003,0.1347880573672364,-0.3726786463121402,1.0660937499999772,0.0579820433371467,0.0406836527807738,0.1381120477165212,0.4835059251019835,0.4270100556290321,,,,,,,,,,,,,,,,,,,,,,,,,,,,,,,,,,,,,,,,,,,,,,,,,,,,,,,,,,,,,1.0,1.0,0.0,,74,1,1.04,-0.27387593468447297,0.09320567240485711,-0.3670816070893301,0.043014914152895385,-0.021883673721011722,0.06489858787390711,0.09653173931201392,0.06135424712049583,0.03517749219151809,0.01267476058658192,0.03561785220774269,-0.02294309162116077,0.29458992758876973,0.5227697918210207,-0.22817986423225092,-0.11255357015481919,-0.1419043939733224,0.029350823818503215,-0.8643779627351497,-0.3007416859860752,-0.5636362767490745,-0.5445471363310892,0.13349784420277822,-0.6780449805338674,0.2620697021484375,0.69921875,0.17132568359375,1.0234375,0.081787109375,0.421875
GaCo03_01,GaCo03,1,control,-0.9751327296553026,0.3146465985374777,-0.1207738359383996,0.0351994175309059,0.3299900677568449,0.5425792568032494,0.2664203128980312,-0.2393145857048474,-0.8173143031105653,-0.0546650876845507,-0.2485570691533821,0.1248012501965551,-0.4795049711994021,-0.1711628543095499,-0.0979771762825339,0.0459378951530849,0.9582439596174812,0.2686990611484189,0.1262801817674204,-0.3929619073768891,0.0401291563949681,-0.046794430491062,0.0767879798418281,-0.0321300687207048,-0.5784441327441636,0.219362992004209,0.0203908661092197,-0.0158588945474006,-0.1036457290395236,0.5821113602166237,0.2717585907175149,-0.3874377715169393,1.270468749999973,0.0890451522570419,0.0350874155241532,0.1776165793954832,0.5098897458746148,0.4524732575456124,0.0272585355764555,-0.8621594781287018,0.2171890900041479,0.0472561453056993,0.8229946503141119,-0.3016345291459288,0.1027337385365223,0.0268155729106321,1.3240047327362672,0.6175597499903774,-0.0028996307482101,-0.6833411417890265,-0.5333647330227785,-0.5396997598797585,0.2793617868264747,-0.0046348194079255,0.9899817994403096,-0.9966605174144904,-0.6949678295372805,0.1611955634819188,-0.4515904993261196,0.166366786927972,-0.5036788141783499,0.1621338727995087,1.269999999999973,0.0420951724548918,0.0159093146636482,0.2445198002424442,0.5087275325947933,0.4535006858159602,0.3259259931541407,1.0456308008376771,-0.2020693098641694,-0.0568013977479276,-0.7872446843834279,0.6819011769678338,0.6413388788657497,-0.3956435839437189,-0.4173519958654149,0.8839283336027516,-0.1891506496845156,-0.2245632436236741,-1.2865969706757836,0.3045586736392816,-0.0563554983475547,0.0253347687570671,-1.6176880176775412,0.3677291028319039,-0.2307716284450537,0.0787145275265212,-1.0121597789137076,0.7018489100722682,0.1705636712905439,-0.2718502293062323,1.270937499999973,0.1197175781053273,0.0445076134472014,0.0639576964830774,0.5110519591544362,0.4514458292752647,0.0,0.0,0.0,,69,1,1.051,-0.500428758007903,-0.2474160215479812,-0.2530127364599218,0.11309058605237995,0.06298924131207997,0.05010134474029998,0.12109987379558196,0.1167111171769909,0.004388756618591057,-0.010040527987242968,0.009406166370455545,-0.019446694357698514,-0.03889579520612119,0.06227593800828934,-0.10117173321441053,0.025751744341990363,0.029074124212477345,-0.003322379870486982,-0.7797788528006667,-0.28197955639867683,-0.4977992964019899,-0.6173481457505821,0.03463736525432903,-0.6519855110049111,0.167724609375,0.609375,0.1376953125,0.96875,0.07421875,0.4375
GaCo03_02,GaCo03,2,control,0.5252470820667845,0.205642113149947,-0.5656730386616983,0.0899023132844875,1.0819328696821504,0.5946766287574478,-0.0043787982873348,-0.1871971291485545,-1.1251086778689467,-0.1787423358627428,-0.3477727630896161,0.1941281897277423,-0.3731573671468468,-0.5068438705696923,-0.1314581380381675,0.1003500492115233,0.8191297564199418,0.7026542122864785,-0.0534963775625994,-0.4533657325074979,-0.121211600338498,0.3614295966516255,0.1777983030081922,-0.1991604919093498,-0.3530558898589758,0.5676601878425046,0.0888371925936401,-0.2088952067557467,0.6524665171110031,0.3580385129851915,0.0325298143728774,-0.2550549303916035,1.127499999999976,0.0399464878566599,0.0477075565222093,0.0477219118957969,0.4877615229770002,0.4351176415805174,,,,,,,,,,,,,,,,,,,,,,,,,,,,,,,,,,,,,,,,,,,,,,,,,,,,,,,,,,,,,0.0,0.0,0.0,,69,1,1.051,-0.17888454799624987,0.05345716253236493,-0.2323417105286148,0.06563908187053778,0.020971321963761808,0.044667759906775975,0.6357458296777598,0.6793393138398779,-0.04359348416211805,-0.25940400444354095,-0.2619450138217927,0.002541009378251729,0.012938192087364665,0.2168728521507403,-0.20393466006337563,0.02151697837362015,-0.010381740928240835,0.03189871930186099,-0.4558291229668582,0.13169876362108257,-0.5875278865879408,-0.5680343242117815,0.09210572267377015,-0.6601400468855516,0.1669921875,0.59375,0.13616943359375,0.9765625,0.0785980224609375,0.43359375
GaCo04_01,GaCo04,1,control,-0.5186541190812961,-0.1021940613288829,0.1250687909230078,0.0244365168373606,-0.7712627548949801,0.7816115769764141,-0.1491867054523031,-0.0339446186888682,-1.0404856434469685,-0.1460018840500225,-0.2265514923239186,0.1495446445390219,-0.6321119413820661,-0.2882414395870941,-0.0397679374065077,0.0534339730250361,-0.9079253562462652,0.8768594883899432,0.0584219707680273,-0.3401218598850022,0.1088565391265541,0.4023017778193891,0.4137754899973005,-0.4640164001523025,0.5870271349333556,-0.2726142502146886,0.0965967026034815,-0.0894190533864719,0.2653316921788851,0.4813846914978439,0.1861112740773357,-0.3250323184431149,1.251249999999973,0.0642129645991019,0.0265336810980716,0.1411466335589933,0.4982538547764772,0.4290915258061505,0.7552610881208804,-0.0057198529733656,-0.1422140183346394,0.0468417306716735,-0.9814559595309074,0.4670262865780885,-0.4598872967985791,0.2127748554089065,-0.7140792468209592,1.074026780714327,0.0073154048241828,-0.4697009514322532,-2.16625114422423,0.6622958646167484,0.4532459591414027,-0.4544330220053561,-0.6506770556060311,0.5181334796315242,0.2597519635812624,-0.2607745030266528,-2.020075024570487,0.7987640346005961,0.3440881773155766,-0.4430010965845276,1.2503124999999733,0.0563161683760875,0.0247594930911969,0.1992010865712346,0.4966399316639809,0.4268301735700795,0.328970898534131,-0.2522096843221278,0.5735474754859247,-0.1119345616550405,-1.820260364005196,0.6276456902888692,0.2623365870011691,-0.0486555353409623,-1.2765009654484136,0.534495120112846,0.3378344186385975,-0.2950899006940238,-0.2925279915272361,0.3393753694924289,0.5193520292365115,-0.452952903038767,0.172589620680078,-0.076741324799297,0.0514301383688497,-0.0283697125245986,0.3960059542671642,0.4962240559695079,-0.0509156500311049,-0.1920121654136691,1.2521874999999731,0.0721380582442487,0.0277258928719884,0.085895070786232,0.4998677778889734,0.4313528780422217,3.0,3.0,0.0,9.57,86,1,1.175,0.06794038098850981,0.4462949379992188,-0.378354557010709,-0.00890015269183774,-0.07980836255553306,0.07090820986369532,0.015223240734513007,0.19314208076279873,-0.17791884002828573,-0.013307909739147767,-0.04755839274142214,0.03425048300227437,-0.2136704133736452,0.036578484078176515,-0.2502488974518217,0.0655010120368219,0.028836359403558796,0.03666465263326311,-0.639283981559556,-0.04959952761553188,-0.5896844539440241,-0.6158613996039993,0.021619237172627814,-0.6374806367766271,0.25238037109375,0.6640625,0.16888427734375,0.9453125,0.0610198974609375,0.43359375
GaCo04_02,GaCo04,2,control,-2.044811106767753,0.2540980021947098,0.2450184006215416,-0.0545189066286903,-0.5225378191707877,1.0125302564756071,-0.3489578234874074,-0.06070987300718,-0.6797077281523303,-0.2048081497222691,-0.2282229702772326,0.1407639052289886,-0.231056591328579,-0.273241912222589,-0.029088947684183,0.0124640107404085,-1.8147381698559832,0.6635559777323278,0.1217909166221547,-0.2033872810140561,-1.5320345474931496,0.7116224543136487,0.211943556244995,-0.3050869382958569,-0.4816495175728478,-0.2533178372139895,0.0396967565851596,0.0756326415014429,-1.5971211773464509,0.8536296483063818,0.4625578581387697,-0.6934557849972844,1.220156249999974,0.0794934174018209,0.0280855861007944,0.118823158136153,0.4973522240329031,0.4275534694644752,,,,,,,,,,,,,,,,,,,,,,,,,,,,,,,,,,,,,,,,,,,,,,,,,,,,,,,,,,,,,3.0,3.0,0.0,9.57,86,1,1.175,0.028593829582799976,0.41400960986524094,-0.38541578028244095,-0.03378918750055429,-0.09901200177921739,0.0652228142786631,0.3953065045925564,0.2647927832152711,0.1305137213772853,-0.09978164725767134,-0.05197498343323158,-0.047806663824439766,-0.14591996403236634,0.23224657101263335,-0.3781665350449997,0.016059636420783962,-0.02412063559246368,0.04018027201324764,-0.7106209843147732,-0.274484468118373,-0.43613651619640015,-0.7001498405085714,-0.09797165553608966,-0.6021781849724818,0.2559661865234375,0.66796875,0.1625823974609375,0.93359375,0.0639495849609375,0.44140625
GaCo05_01,GaCo05,1,control,0.3097520765849048,-0.1825026894749939,-0.101578259171043,0.0800529676592621,0.6754325811956645,-0.1531578733031403,-0.2448371912357993,0.0899817124223122,-0.8880789438710313,-0.1076979543820246,-0.3350288733720538,0.16478633081438,-0.3791978392640509,-0.4697635616253258,-0.0682109892493411,0.0881748252788746,0.6749101883314296,0.4200130649947687,0.2381275959004069,-0.4505800933348466,1.3695710730985826,0.4220014573679748,-0.1128647227914229,-0.5420473088211527,-1.4774050011194333,-0.5679563896165888,0.1577332811119096,0.1064765549994349,1.4946272060715406,0.4496995826812126,0.1701776034873102,-0.9880452501131426,1.0656249999999772,0.096975102443588,0.0479262490949074,0.2424941311985919,0.4993360379015819,0.455158226844844,-0.0801357583687096,-0.8083102596766764,0.3421588479448659,0.0094839906774646,-1.3480671496634575,0.2033021498850541,-0.0175587363607896,0.1815478844955515,0.2136416641192239,0.6194755916999234,0.2184505610619599,-0.3939773186109677,0.632409767329584,0.7920890399699021,-0.2602142145096463,-0.3073852542972303,-4.628590531645532,-0.9132790756803052,0.1960945411980764,0.1369803802969997,1.1012858062908268,0.9356064819558316,0.2102157977243596,-1.1124834056529946,1.0965624999999766,0.1244930678363653,0.0509953484252496,0.1884758706035914,0.4933427806316355,0.4493312167954412,0.0544867923952716,-0.6071405930693518,-0.4438225315392803,0.1440800041890797,1.8904427985646683,0.613985321339385,-0.8189121169863935,0.0494716549828026,-3.4135146564192254,-0.5830567678922913,0.0940468701186089,0.1499753826840021,0.9033247523201134,1.092847149443143,-0.1353644720004547,-0.7928184966930885,0.1787870216710742,0.2685656283521918,-0.8835272875992389,0.1574566937207675,0.7657371811725098,1.014662880624758,-0.0190689795981569,-0.7137791247429381,1.034687499999978,0.0319115738239146,0.0426906899799662,0.3203401656717314,0.5053292951715282,0.4609852368942469,0.0,0.0,0.0,,75,2,0.92,-0.4413937914723215,-0.18753996941196738,-0.2538538220603541,0.0634409459867329,0.019302011970889037,0.044138934015843866,0.030305185268116635,-0.07108693564414238,0.10139212091225902,0.0214505279843079,0.051786834755892186,-0.030336306771584283,-0.466814441565086,-0.08230293081205298,-0.384511510753033,0.031219523495970708,-0.009490533185460774,0.04071005668143148,-0.8485154829956172,-0.29190121526701585,-0.5566142677286013,-0.6250251165612245,0.038611138635892384,-0.6636362551971169,0.2255859375,0.65625,0.1392669677734375,0.98046875,0.0599212646484375,0.42578125
GaCo05_02,GaCo05,2,control,0.5965146741036135,-0.7012496421809828,-0.0724728005530653,0.0993006549277115,0.8353411859647246,0.5017488128706562,-0.5406904480596826,0.0360102969560449,-0.6824239809761269,-0.2191241762319476,-0.2863631011045551,0.1577669375723363,-0.5334316343938296,-0.3333930493167105,-0.1516882425164106,0.1041923126691034,-0.8672002748924729,-0.676371758322757,0.2858317413288264,0.0277848611880808,1.2562345212399206,0.7346794408653019,0.1507879576795048,-0.9872179394789552,0.0967291148863247,-0.1973687022737267,0.0130232779996749,0.0237427709990991,0.9967557852927814,0.5821535168480744,0.1180335458397737,-0.5904594781212675,1.0159374999999784,0.0362707784341185,0.0411037748937432,0.3053626605063493,0.5010560509509974,0.4517516199372561,,,,,,,,,,,,,,,,,,,,,,,,,,,,,,,,,,,,,,,,,,,,,,,,,,,,,,,,,,,,,0.0,0.0,0.0,,75,2,0.92,-0.5413374879973347,-0.23683508564537753,-0.3045024023519572,0.07403961543077113,0.011484227405416603,0.06255538802535453,0.7656329413217272,0.8304088118086115,-0.0647758704868843,-0.2962214132837761,-0.2996333058435726,0.0034118925597965274,-0.58761120832064,-0.3000177757035872,-0.2875934326170528,0.104162332787883,0.057379094943301116,0.04678323784458189,-0.4792161397764107,0.1471982956656796,-0.6264144354420903,-0.69541158600892,-0.02286379231022273,-0.6725477936986972,0.25677490234375,0.6953125,0.15228271484375,1.0078125,0.08636474609375,0.4140625
GaCo06_01,GaCo06,1,control,0.8647322130343809,0.3731217826863408,-0.2343734281427091,-0.0254691055451954,0.3000116230429562,0.4175432135397366,0.1762627246066384,-0.2008483115201681,-0.7414806816165925,-0.3023513619544452,-0.2670119252635934,0.1677238561783654,-0.3062499152137163,0.0106508902667129,-0.0241582152475841,-0.0252225439583939,-2.104942478852557,0.524115046196039,-0.11986313879012,-0.0056568010488999,0.2559262664864218,1.2023377620546858,0.3132940391227504,-1.4072789140355606,-1.0494458827414708,-0.4275544942022057,-0.297216529380369,0.2463205946071246,-0.3962483141601343,1.0427562587409769,0.421616302656683,-1.023150812688956,1.1568749999999752,0.0461494178205567,0.0241990252723171,0.3058909679980661,0.4969111228721591,0.4151191297816684,-0.7451905876725237,0.2455924911166247,0.0163532837879617,0.0876996219878479,-0.624221464263219,0.5702702719725135,0.739811870806693,-0.4163522673358238,-1.9521754632794692,-0.7021147924838544,0.3805934354843058,0.0015934134753552,0.0250452153431827,1.332454784058951,0.2806075410162061,-1.4561304445166028,-2.257607704070555,-0.8059732493030829,-0.409197069792691,0.3160557263156678,-2.315606888529423,0.8342915473810409,0.7188470166732334,-1.0701327760468078,1.1596874999999751,0.0464871627757161,0.0255165539679446,0.3287864106379165,0.4948635753566581,0.4120315868366775,1.3981355469627177,0.8297495516606611,-0.7731543356973465,-0.1599821104660873,1.3359551269012733,1.1900905521550182,-0.430656110744306,-0.2589992099209848,-2.0911556716075483,0.1962427318934936,-0.1865213144053984,0.1176297166865757,-1.481902961457459,1.162524083935445,0.543393783977554,-1.2851656568143457,-1.7159236127291555,-0.6464133354503679,0.0430754562401485,0.1632796133720563,-4.1130267987858335,0.9297638577638764,0.5380658685466613,-0.7947970636035135,1.1540624999999751,0.0464211820824563,0.0227519219634938,0.2533204458357871,0.4989586703876602,0.4182066727266592,1.0,1.0,0.0,9.7,82,1,1.121,-0.46353452449258303,-0.13768848292446895,-0.3258460415681141,0.09803197969912747,0.045534133189599375,0.052497846509528094,-0.2152361749138367,-0.1756627104796507,-0.039573464434186,0.05949242258162238,0.06630861577768767,-0.006816193196065292,-0.04232500810283973,0.23970655889676318,-0.2820315669996029,0.026959962157996908,-0.023657845889950947,0.050617808047947854,-0.721074563218557,-0.2581675017791271,-0.4629070614394299,-0.47381204460806886,0.12642726426756307,-0.6002393088756319,0.20703125,0.625,0.2006683349609375,1.19140625,0.0905609130859375,0.41015625
GaCo06_02,GaCo06,2,control,0.5952233426439315,-0.4557764155267586,-0.538905586669095,0.1717074781409552,0.0528181983588629,1.0675692702997828,-0.0775084040903212,-0.2671986625156442,-0.9003650912142863,-0.1823508548387912,-0.2766808779079446,0.1678608186223736,-0.7002766037162834,-0.2245083326376428,-0.0280534591177412,0.0337692004772419,-0.4106199922194404,1.0151679389708967,-0.618106746374456,-0.1713813475030739,-1.907980419222826,0.7867548477671314,0.3507808944585198,-0.4764430587023429,-0.207950622565315,-0.3354711286689375,-0.1384708419740112,0.139761533664788,-1.658696695024771,0.7122210565347205,0.2243319205126453,-0.3112293191201466,1.164687499999975,0.0448095975652307,0.0209371444677594,0.1201879306221184,0.4991770814380483,0.4171360439568956,,,,,,,,,,,,,,,,,,,,,,,,,,,,,,,,,,,,,,,,,,,,,,,,,,,,,,,,,,,,,1.0,1.0,0.0,9.7,82,1,1.121,-0.505412602715713,-0.15738708103918925,-0.34802552167652373,0.054262895489995064,-0.005137332819956444,0.05940022830995151,0.2655205828156164,0.1309789563517728,0.1345416264638436,-0.03810351662863923,0.012220415314323663,-0.05032393194296289,-0.4100607696823555,-0.16671666604325897,-0.24334410363909653,0.0650939100010289,0.038448282842403585,0.02664562715862532,-0.34626185023648703,0.027987104472142477,-0.3742489547086295,-0.6533724243489588,-0.03670838194802384,-0.616664042400935,0.25335693359375,0.6484375,0.20794677734375,1.1953125,0.076171875,0.375
GaCo07_01,GaCo07,1,control,-2.23806150452703,0.3616037802638496,-0.5793464524219085,0.1562761389083194,-1.7148071998098529,0.1075286643084899,0.1944079823673292,0.0121141109815304,-0.888513111654328,-0.2598499175377929,-0.1985555408280856,0.137660037223205,-0.516085587648323,-0.1818618686664518,-0.1082911318082083,0.0644228958522904,-1.5665236431957117,0.2279264940217933,0.2979413810023624,-0.1398148856930607,0.249444467774494,1.0609811838643068,-0.0676142507981745,-0.5925472536246061,-0.491865986644432,0.3189219900584961,0.3705760884223418,-0.2927218620063853,-0.5549017712884614,0.8784598823265853,0.2330400634169961,-0.5183510980612079,1.0579687499999777,0.124250521130538,0.0556053987204776,0.2909066999827836,0.4928968962812847,0.4262680083080621,0.0267274673636456,0.2104779130572496,-0.1349984660864152,0.0489606872982861,-0.5495796526561418,-0.1517934533458295,0.5859431656943673,-0.1420278906364544,-1.7435647688066749,-0.9860169464605788,0.3853120169723243,0.0218368444767689,0.7925231050685947,0.536300642349776,0.3349298724148075,-0.6327156644292649,-1.019976818974965,0.1653335622777102,0.7915781836872218,-0.7037998557690616,0.4733292498050062,0.8688315537777448,0.7418641450571806,-1.992621447441526,1.0431249999999777,0.0516217175157069,0.0546928647672315,0.5322173384437199,0.4915155657254192,0.4278137669986665,-0.2828826388499085,0.4086287585934057,-0.4496602991152192,0.1463272127210782,-2.0245546883172443,1.0275886818815807,-0.4544486310544546,0.0086898775509029,-2.5577848669628898,0.0103879104859156,0.4242132806610948,-0.1446289866717838,-0.916677983996116,0.8053780887606063,-0.054737603997665,-0.2041397075588157,-2.683369725576855,0.0266839820343198,0.1995051600355029,-0.0006238516479134,-1.5469700455974753,0.5895830959501702,0.1872226280962806,-0.2015652548120242,1.0728124999999773,0.166125224721347,0.0565426642556428,0.055214978613254,0.4942782268371502,0.4247222496174577,1.0,1.0,0.0,,79,1,1.282,-0.4520159443268132,-0.10861654924261255,-0.34339939508420064,0.09807067067766001,0.041957352457539177,0.056113318220120834,-0.4797428597922616,-0.5621504243800179,0.0824075645877563,0.08637049030045937,0.12389315229222864,-0.03752266199176927,0.04537360011167153,0.3294566779381357,-0.2840830778264642,-0.01754631637644447,-0.05806118820735834,0.040514871830913866,-0.708320804617678,-0.2637322444237932,-0.44458856019388476,-0.637744001968722,-0.020945645117077083,-0.616798356851645,0.2108001708984375,0.61328125,0.101318359375,1.046875,0.09765625,0.4375
GaCo07_02,GaCo07,2,control,-0.1398989807931949,0.6665712879074182,0.2980647009928784,-0.2175846093819733,-0.4809327385827793,1.405659231200142,0.0637353040292738,-0.5503062833783623,-0.8888755178941896,-0.3145385486773955,-0.24867173295816,0.1689024622280431,-0.3355153580519049,-0.2743266762056247,-0.2070824832616006,0.095271401597952,-1.8832599358934328,0.3693181000346735,0.2052883490877975,-0.1194601361397691,0.630927222761077,0.7339327762118221,0.211901345167394,-0.6337626051041477,-1.88117070094648,-0.2427543326456523,0.218769198293245,0.0347405575861246,-0.258049034801717,0.8925660600869,0.2143948696457474,-0.55323741509449,1.1123437499999762,0.1964577701260167,0.0539753922484672,0.2183997100076544,0.4932874632413632,0.4261386114186997,,,,,,,,,,,,,,,,,,,,,,,,,,,,,,,,,,,,,,,,,,,,,,,,,,,,,,,,,,,,,1.0,1.0,0.0,,79,1,1.282,0.10932999432898577,0.43397675083304144,-0.32464675650405567,-0.031940615130119025,-0.08776251071718269,0.05582189558706366,0.4324698374039047,0.5988415551557402,-0.1663717177518355,-0.10121378488857043,-0.11651341375834638,0.01529962886977596,-0.3798126575371764,0.008474182827625687,-0.3882868403648021,0.08093203800382566,0.011961212205683483,0.06897082579814218,-0.749983219514881,-0.2857536640258728,-0.4642295554890082,-0.5740035883484506,-0.010154591218160425,-0.5638489971302901,0.16546630859375,0.6015625,0.1423187255859375,1.03515625,0.09515380859375,0.3984375
GaCo08_01,GaCo08,1,control,-0.2060926345151003,0.0051798638924633,-0.3329038710402471,0.1458644732023464,0.4073026032548757,1.258316843743178,-0.1896980366688699,-0.3589020334691709,-0.6519209530758292,-0.112785363923352,-0.1822217135879728,0.1019446668558674,-0.4213371492690291,-0.3309944221374968,0.0123119485440109,0.0285412020101548,0.5899063777733509,1.4176904429256587,-0.7659443664897363,-0.8642988080628652,0.2087246890113026,0.9590860310467834,0.2534512271213514,-0.7802659408754078,-0.6228161483826448,0.3882482844255282,-0.083414329192844,-0.0196149863659794,0.13468754154809,0.9060554599784874,0.1368420462452957,-0.5672615179209989,1.211562499999974,0.0542578851239989,0.0398686627046568,0.2398687772335933,0.4982093047973636,0.4285020662829171,0.5300340352061013,0.9169878089012752,0.266000802210681,-0.1485419108820835,1.4235625863543366,0.2029594326980026,0.3197669897748868,-0.1781007236316383,-0.0504238204412956,1.0981756524116153,-0.8718550887371818,-0.1985739033711188,0.2608365979658761,0.6737433268022641,0.332375345999654,-0.5482299797050455,-0.7846433460492305,0.6142815004373646,0.4017262373724423,-0.4274631790803203,-0.0420111762870575,0.7064801497510382,0.2828181014151974,-0.460273908548089,1.2049999999999743,0.0394912301533211,0.0328559288846708,0.27080393121545,0.5081811844670818,0.4317227364849016,0.0269436007334562,0.0695130401393301,-1.2396027170130317,0.2135828727641554,0.6783933543138381,1.6611397428139083,-0.156936032728073,-0.7787133412637742,0.9490627229976616,1.3566623205505934,-0.4359416843506525,-1.077611189989774,0.1688934195570861,0.9448537360852268,0.2128402618584597,-0.6449108569956222,-0.6915774177437836,0.1447996735293529,-0.041102823656904,0.0380102285085497,-1.1268675441684155,1.371096895513932,-0.2707621267834093,-0.6400441905529938,1.218124999999974,0.065821431950762,0.0425716346934694,0.2564181837790458,0.4882374251276455,0.4252813960809327,1.0,1.0,0.0,,78,2,0.975,-0.4206099353229626,-0.022062496240210783,-0.3985474390827518,0.05193845118229878,-0.02175320332954616,0.07369165451184494,0.7976561094156833,0.8220127786283724,-0.02435666921268906,-0.3741340302227755,-0.36145709277064064,-0.012676937452134907,-0.05477051676061806,0.24175046820460627,-0.29652098496522433,0.014850664533840752,-0.023068625564942737,0.03791929009878349,-0.14974919696316838,0.25262832194055873,-0.40237751890372714,-0.5308001428957231,-0.015502600312747195,-0.5152975425829759,0.2702484130859375,0.66015625,0.2724456787109375,0.99609375,0.0651702880859375,0.41015625
GaCo08_02,GaCo08,2,control,0.5967418893315192,0.6694966466726546,0.0861048636175975,-0.1901057244953943,0.7354997528203707,-0.3851981067971841,0.5051782940089089,-0.1992071350723773,-0.8014217719348312,-0.2642184226417562,-0.2637199531532968,0.1706942917136593,-0.7257984020688969,-0.3364701131750187,-0.1381675456758658,0.1061517577753366,-0.0404331912840642,1.0107482339977052,0.2867096527103773,-0.827373997664899,-0.1180792757555105,0.3171175597748576,0.1256894321322448,-0.1481825196854532,0.4139146279057311,-0.1599238646033964,-0.4418400403298212,0.1332389082631385,0.1569553633972404,0.7396691337372469,0.1178901307710068,-0.4103433971590658,1.2079687499999745,0.0757745740603385,0.0377213224353247,0.0817817010491308,0.4972842633114281,0.4305519740850252,,,,,,,,,,,,,,,,,,,,,,,,,,,,,,,,,,,,,,,,,,,,,,,,,,,,,,,,,,,,,1.0,1.0,0.0,,78,2,0.975,-0.345930413744556,0.03002601000876587,-0.3759564237533219,0.08792750325171317,0.019759505814846562,0.0681679974368666,-0.48646200138279977,-0.4474209072364959,-0.039041094146303856,0.12368974963385675,0.12045709336868066,0.0032326562651760846,-0.1705793844411439,0.06711714653585499,-0.2376965309769989,0.01644163164382684,0.009118166219570779,0.007323465424256063,-0.6980319515836201,-0.21676273506657717,-0.4812692165170429,-0.597431409082117,0.004186921742884042,-0.601618330825001,0.20306396484375,0.6328125,0.1197357177734375,0.98046875,0.072021484375,0.421875
GaCo09_01,GaCo09,1,control,1.0031271299032596,0.896986097907486,0.3168688213419994,-0.4942663258135739,0.7380703608357875,0.602873667180895,0.322725543144733,-0.3689666815722431,-0.7855169915169066,-0.1607509424039446,-0.2572012588455256,0.1180477377227326,-0.4033621909060886,-0.3235807336239639,-0.0787176017131518,0.0777742110404151,-0.5285554860196714,0.1617302534172423,0.008244009359293,0.0030946922696347,0.0350037671354956,0.7484072461500535,0.2482881352235577,-0.5089063232222787,-0.5721147592615191,0.0459056395526402,-0.0710700366839518,0.0699793608724613,-0.7929449110230152,0.8389280233222922,0.2087314404423632,-0.4369078602703152,1.0889062499999769,0.1452791278191504,0.0496132407824182,0.152784953237749,0.4976826760674991,0.4259248504665285,-0.9271668769903776,1.4981168102783249,0.3861003672790146,-0.4276813102109456,0.3869404134139227,0.887275791035335,0.4470105807042068,-0.4030125939841739,0.2773580274347358,-0.4208289764628792,-0.0298142465638121,0.0524715544272342,0.2733861319998744,0.9052761254874496,0.130870519278668,-0.5522105836666992,-0.5629887764219463,0.0440223940465649,-0.0222464307837823,0.0465110934600847,-0.6926339843700734,0.7731544063900756,0.1878102195056359,-0.3503228217436464,1.0990624999999763,0.1739657759323639,0.0582458472397902,0.1877539712321841,0.4997413842057423,0.4294367199348736,-0.0640089911289396,0.5903724539381859,0.3564220281392479,-0.1224485987640893,1.0354063462907264,0.4015190558823626,0.592260063714517,-0.4159490953966274,-1.2513976101033546,0.3591250492969435,0.0406498092636368,-0.0357660111511239,-1.824846191455619,0.4924127793744827,0.4044835133052724,-0.3143872890019662,-0.3204710876780068,-0.1446283201021846,-0.1576855921387242,0.117983717608332,-1.1682243271023027,0.6982269616581156,0.4047142019664089,-0.4614687093947483,1.078749999999977,0.1100309344291497,0.0391131417512592,0.089310727993478,0.4956239679292559,0.4224129809981833,1.0,1.0,0.0,,78,2,1.249,0.044901967830219665,0.3209387723797467,-0.27603680454952706,0.0030701848231495773,-0.05169965288359868,0.05476983770674826,-0.2134423606726602,-0.19539455743465511,-0.01804780323800508,0.06794596563295943,0.06728638302187971,0.0006595826110797156,0.43132150507993755,0.6991716225239037,-0.26785011744396614,-0.16934807984191927,-0.2121371611919388,0.04278908135001953,-0.7953655917282386,-0.5020479604643304,-0.29331763126390814,-0.48096787629649695,-0.0058950435672378565,-0.4750728327292591,0.2222747802734375,0.64453125,0.2050628662109375,1.12109375,0.1086273193359375,0.34765625
GaCo09_02,GaCo09,2,control,0.0787103614005692,0.7213552773015373,-0.4428198991673459,-0.0239491540846378,-0.0639179769249688,0.6922544711671723,-0.1441606990015879,-0.0738439056112636,-0.7935249239457228,-0.0967038691243622,-0.2218557286355547,0.1050157049512233,-0.4170925177179497,-0.1159681107982231,-0.0289182815953041,0.0080460227382775,-1.7995495826561847,-0.0453095292524907,0.1459503284395583,0.0340795295821536,-1.4514458811449138,1.0016445145715032,0.3811213356375201,-0.7626722381659179,-0.3675693298241979,-0.3080837359387571,0.1295885596542298,0.0329155193622093,-1.389332155373039,0.4011239534925014,0.367971685008704,-0.2706438906246357,1.0539062499999776,0.0732565174977981,0.0466115068256557,0.1473167886597411,0.5095081795202394,0.4370258013206848,,,,,,,,,,,,,,,,,,,,,,,,,,,,,,,,,,,,,,,,,,,,,,,,,,,,,,,,,,,,,1.0,1.0,0.0,,78,2,1.249,0.08654464773218186,0.4134830444072832,-0.32693839667510133,-0.015056802992456032,-0.07774580123992608,0.06268899824747005,-0.3727970087121417,-0.36446231795909967,-0.008334690753042048,0.10748449852299391,0.11415824739708347,-0.006673748874089555,0.17828776133367374,0.5354793355543026,-0.3571915742206289,-0.050479937131655245,-0.10734617505674438,0.05686623792508914,-0.7398189271805637,-0.35823414678078225,-0.3815847803997815,-0.5253892636870601,0.0015174652605918215,-0.5269067289476519,0.1952972412109375,0.62890625,0.14886474609375,1.0390625,0.0760345458984375,0.38671875
GaCo10_01,GaCo10,1,control,-0.2050107735887729,-0.6884223565543185,-0.2189190542456471,0.2004859002334919,0.6970917770200121,0.2486649145460217,-0.0209670827600122,-0.032859835115679,-0.7262068908703956,-0.1302414177899945,-0.2785731281722287,0.1268413503642995,-0.5909536249462655,-0.2677342359092916,0.0096889775591032,0.0294021937357036,1.661519222582,0.2470688931025679,0.0294881738251822,-0.8724288330013507,1.085407689096064,-0.2062877779675425,0.2430793075323451,-0.380231479011796,1.4267223009150862,0.3142631643591863,0.120730926486384,-0.7331876741393188,1.4959821834409668,0.3716941955846796,0.0960776075417017,-0.8229813350137737,1.0626562499999772,0.0452780604351588,0.0185443552850594,0.3745553913691275,0.4971821722650114,0.4235778247119198,-0.6287309368065936,-1.0808946659516026,-0.4009890805129514,0.2244724958532008,0.2885839119393261,-1.92427353772014,0.2549455745952756,0.140390420248666,1.1572292620056726,0.0654378521353383,-0.097215871577567,-0.243601429515186,0.194255380765375,0.7769952223435581,0.016460616271629,-0.3457268810249832,0.7205362042538958,0.7630961849012265,-1.1350869940796855,-0.0726812966011392,0.2207037285107577,1.0746144877702564,0.1272127843380405,-0.726431830372341,1.0343749999999778,0.0294607034897528,0.0141885886743146,0.2514032402044714,0.4999542997635237,0.4243050656669638,0.3614266408446802,-0.2767252975713807,0.0291652419738138,0.0541530585381576,1.9265781267173567,0.2861863331808438,-0.385916261452274,-0.141124760955329,0.4404005519108161,1.4875591686839331,-0.2326633937627568,-1.3116270513363133,-0.004701937259409,0.422447118311421,0.3332668924365736,-0.3454318739898394,0.5448109155882346,0.9617752897118697,0.3126507631724312,-0.9232965032532292,0.8932141358138985,1.051773776380934,-0.0681386820047969,-0.7874436112391363,1.0909374999999768,0.0422541427662097,0.021944559781045,0.3902209493242307,0.4944100447664992,0.4228505837568758,0.0,0.0,0.0,10.12,69,1,1.164,-0.8460332435473894,-0.4467795572044798,-0.3992536863429096,0.14730118565850173,0.06957532982441333,0.07772585583408839,0.5083506626720912,0.36878943245119356,0.13956123022089764,-0.1592099864082958,-0.09317781115287403,-0.06603217525542178,-0.537680454938534,-0.19491051444933133,-0.3427699404892027,0.10375907460907807,0.05687218753522242,0.04688688707385565,-0.03989163956893898,0.3037777781047457,-0.3436694176736847,-0.6103570336256771,-0.08777969645013872,-0.5225773371755383,0.1951751708984375,0.63671875,0.1575775146484375,1.07421875,0.07269287109375,0.3359375
GaCo10_02,GaCo10,2,control,-0.8309397338924063,0.2416593922252983,0.0057162292218634,0.0209474891582168,0.8158328776598409,-0.9031303165918488,0.240297632106598,-0.0710806569253306,-0.713288513536108,-0.181171372081979,-0.0809550031786675,0.0851836894083975,-0.5657820912426216,-0.3062742629792659,0.0827027011094657,0.0221494444128655,1.1457251037761496,0.0278426509953607,-0.1886098047421699,-0.1961045991031278,0.8955525054610752,0.0602968227130025,0.2826004652794553,-0.4136085365383928,-0.8466948433078425,-0.5249350017431821,0.1579966781144065,0.0794995603003744,1.630570809968954,0.4292449835398363,0.2052085761124362,-1.2604842314200964,1.0474999999999777,0.0414556676537897,0.0149267550294904,0.2348915477624241,0.5017473063967366,0.4230467216051952,,,,,,,,,,,,,,,,,,,,,,,,,,,,,,,,,,,,,,,,,,,,,,,,,,,,,,,,,,,,,0.0,0.0,0.0,10.12,69,1,1.164,-0.4387562541902719,0.03460817941694616,-0.4733644336072181,0.09825857280164206,0.012861021681397966,0.0853975511202441,0.23622657827585525,0.17494218520906554,0.0612843930667897,-0.04757588263529609,-0.002973584198268618,-0.044602298437027475,-0.3625213041924421,-0.08921049839380107,-0.27331080579864103,0.09040168118161584,0.05109384337506678,0.03930783780654906,-0.26840647281679997,0.05906909434325719,-0.32747556716005716,-0.6134370439838998,-0.14460548695568332,-0.46883155702821644,0.2866058349609375,0.69140625,0.157958984375,1.078125,0.06683349609375,0.3359375
GaCo11_01,GaCo11,1,control,1.39741068526932,-0.2088328046922103,-0.3332248159038759,0.0082640516218601,0.0293537446756235,0.8697527089812934,0.3260955594252591,-0.3814083174182635,-0.6787727455097856,-0.0549481608785687,-0.2744299806231372,0.1272508360411824,-0.3015326977147168,-0.3343216148794159,-0.0357339328699461,0.0288040127850964,1.2271357498513953,0.6908943584469883,-0.0444634640448264,-0.6880976777789575,0.9381080003913916,0.9996142164334402,0.0211461623253609,-0.9089922965388252,0.3372304562165772,-0.913782400714564,0.0411902677474203,0.071360144099858,0.4418052647175243,0.6485938218032009,0.3970307349868985,-0.7123462228377979,1.0162499999999783,0.0717870229708545,0.0561160730075553,0.239656046483425,0.4655542510478921,0.4260113272366255,0.3596788916938768,0.1624290734380535,-0.483174680929286,0.1034281332691492,0.1232790429509288,1.2949571400371993,-0.25049624349902,-0.3397154741219053,1.0866217195142511,1.0745949203915075,0.1623819993651255,-1.2918304523385191,0.6913021385366325,0.8597051997018124,0.2334439113505963,-0.7557343142421722,-0.1701031798830566,-0.7073506221712131,0.1237414623277564,0.0690732566267823,-0.6918540370081541,0.4559275467945405,-0.1766378527195654,-0.0009173115169302,1.0143749999999785,0.0484211526910376,0.0480459521864526,0.162896999034432,0.4627874321669346,0.4241650239257124,0.915363795419498,-0.5582106515078372,-0.0236672526825548,0.0757546729703206,0.5549283256180009,0.5814624478742817,1.0154526788491294,-0.9934752157651427,0.3995378827863627,0.7365080104083737,0.1278463280446557,-0.4417673815035588,1.1658500652725818,0.3233626899112419,0.246427359797007,-0.6059439295508289,0.1376941143338222,-0.9735365854030252,-0.0160327826167119,0.1212836489221992,0.3844239255876315,0.1887439366425378,0.418616886704182,-0.399427228500797,1.0181249999999784,0.0900004555101394,0.0617228470726537,0.2359180045237012,0.4683210699288497,0.4278576305475385,3.0,3.0,0.0,7.16,70,1,1.515,-0.006283793917964578,0.38541100268236866,-0.39169479660033324,0.003903858649786859,-0.06537745809283833,0.06928131674262519,0.3568998734042846,0.3012220502984313,0.055677823105853265,-0.07652981963252219,-0.046122932399871516,-0.030406887232650667,-0.13750461980673467,0.05485911912977029,-0.19236373893650496,0.04679611921444916,0.004248560007519511,0.042547559206929646,-0.6346010115062404,-0.051993385615031196,-0.5826076258912092,-0.7543807660477148,-0.14632530085660866,-0.6080554651911061,0.1205902099609375,0.55859375,0.1135101318359375,1.02734375,0.0847015380859375,0.41015625
GaCo12_01,GaCo12,1,control,-0.4958904105183032,0.3115140203030209,0.4035561535318946,-0.1489888042540138,-1.4784769443493635,0.975390093732799,0.1033570353061529,-0.234515064778616,-0.8727301668305188,-0.1279182312873669,-0.2974383020711245,0.1365196827362366,-0.632689512902064,-0.2490120710342991,-0.0211780065848418,0.0261364055937148,-0.8182416433248699,-1.529734703415139,-0.1879127096073927,0.2856970586822783,0.3229042713969922,0.8291498565059514,0.1106798461416173,-0.5171242166450046,-0.2662617323407717,0.290808190418476,0.0133107298864341,-0.059981506772231,0.4549711182336908,0.4227180338251809,0.1410618606634667,-0.3049789177728825,0.984218749999979,0.0524304412997125,0.0382310414048118,0.1497233981510117,0.5031220061542304,0.4231438012015716,-1.0224392588146836,0.4837968332316915,-0.1006427206220616,0.1070639675138825,-0.3783270306554395,-0.3198739487744068,0.7970517571953828,-0.2659859042766892,-0.7338239756548672,0.1464208077894316,-0.4194257238663121,0.1612555504367604,-0.3679311595330362,0.6246068282569746,0.287480530900772,-0.366155697439691,-0.2426811723063666,0.0913034436170497,0.2626152069338835,-0.1401602332503394,0.4019051216284593,0.7456618990061246,0.2883450159781917,-0.5972739299211602,0.9693749999999792,0.0248492188739958,0.0311370762608236,0.2474977314637466,0.4978150318537634,0.4206666823375046,0.738790277740381,-0.3261811078063356,0.6043089450520285,-0.2875817328861934,-1.1419148120486542,0.4493097502166362,0.6756753061668184,-0.3377503341345106,-2.7530212710165127,-1.8101905622328995,-0.1955316721949808,0.3139531053204287,-2.3463502860610133,0.865420925654894,0.428644882289143,-0.5854759249294946,-1.107006081778671,0.3130005693109724,0.0911536600620466,-0.0509823486373014,-0.8010829137064119,0.2693409667540505,0.117729492244471,-0.0650488206969767,0.9990624999999786,0.0662172908765423,0.0427034962600243,0.0852415238039202,0.5084289804546975,0.4256209200656385,1.0,1.0,0.0,7.49,65,2,1.389,-0.22114619421126952,0.10895026746649572,-0.33009646167776524,0.04754987990548874,-0.001408461818406856,0.0489583417238956,0.1442469203686032,-0.0018141970085211179,0.14606111737712432,-0.029405110585050975,0.020019983948548484,-0.04942509453359946,-0.3416141009781935,0.07062563310488201,-0.4122397340830755,0.06902761603535211,0.016299436467671534,0.052728179567680576,-0.7798821497944415,-0.4262550356010201,-0.35362711419342135,-0.3663243832217499,0.12019424551014873,-0.48651862873189866,0.33538818359375,0.7265625,0.26898193359375,1.2265625,0.0854339599609375,0.30859375
GaCo13_01,GaCo13,1,control,-0.5003527215598983,0.2952554816518882,0.0940089629230588,-0.0295637135542123,-0.120244510528054,0.0902916114699067,0.5333159337695936,-0.2681569963736496,-0.760556818706252,-0.2034408080400512,-0.3099769000448693,0.1720060496077562,-0.4947423763960869,-0.4001321855897127,-0.0415967537441504,0.067080620982321,-1.024215718990088,1.4636851984956971,-0.1901011985684204,-0.9801374186781184,-2.1639682572064785,0.5388776299174345,0.3690887774605835,-0.3201560532931456,-0.6626009717822562,-0.3615795995867409,-0.1331393913762764,0.171475565574895,-1.2564049585162087,0.7376366119612249,0.4196492833388169,-0.5411560355090345,1.0118749999999783,0.039486430836522,0.0278441070485442,0.1110082786115678,0.5000370120610989,0.4391081892781067,0.3251317048482003,0.4727333675648465,0.508117538096798,-0.1721144518485869,0.063990005591173,-0.23764944074935,0.2149728840865933,0.0648219961790756,-0.0359872402656025,1.4849356683637782,-0.2185793324898428,-1.1015012190794045,-0.7300381966061436,-0.1660269247201203,0.152871207022582,0.0179886681520769,-0.183175367852041,-0.8999890021657556,-0.3238126174442762,0.2416980354451922,-0.8000140264128535,0.568196438467892,0.5271452827103331,-0.5401097237755965,1.026249999999978,0.039270435760259,0.0242336105099395,0.1076640163915286,0.5006046890419431,0.4378193624802975,0.3815566861279266,-0.8883300244947021,-0.0785699095775932,0.0594163041186175,1.0848076356625165,0.1866985261242222,0.366097540762331,-0.1618778617069599,-0.0366070114728186,1.249737773196648,-0.1067386150300479,-0.7016169064309833,-1.5676598364054153,0.5565886426310817,0.6217252415538764,-0.6175255675840684,-2.254622712500194,-0.1513618999801846,-0.2354721487993681,0.2020536520554646,-0.956836180889948,0.5754242913666102,0.5450818620214578,-0.5560697845543713,0.9974999999999788,0.0346343555287969,0.0304225949318548,0.1462771235429774,0.4994693350802545,0.4403970160759158,0.0,0.0,0.0,8.1,67,2,1.211,-0.08707397007997507,0.23478840931071493,-0.32186237939069,0.023733054094872565,-0.04328027234831216,0.06701332644318472,-0.6525524091748443,-0.6174037883500416,-0.03514862082480265,0.0824170490232534,0.07905233743815088,0.003364711585102529,-0.3379697373616624,-0.03983564990088245,-0.29813408746077996,0.026987597701134545,-0.028324358668884945,0.05531195637001949,-0.5820450834572664,-0.02796475305821755,-0.5540803303990488,-0.6587587896652195,-0.00027441519024407057,-0.6584843744749754,0.2227630615234375,0.66796875,0.1518402099609375,1.05859375,0.05859375,0.375
GaCo13_02,GaCo13,2,control,-0.3912207723068566,-0.0476805519686132,-0.0705609889256757,0.0533143482989314,0.0083305283723439,0.0376354125431261,0.3247680115499339,-0.0843703533251961,-0.9212010114298012,-0.1966033971948873,-0.2896272722235492,0.1930053480005942,-0.4268436136985951,-0.1528328877179487,-0.1379951961634202,0.0530838223760997,0.6654776199776831,0.8909275705687284,0.1237216058186328,-0.7162355482764865,0.1131861436642187,-0.08984851928462,0.0962785287453198,-0.04232342025012,0.7845863977278532,-0.3800494671482054,0.2799031074135999,-0.2456240571493159,-0.0256628508130663,0.5970002494914919,0.3166238543483596,-0.4532840794045469,0.9782812499999792,0.0515641154870581,0.0158026857301165,0.1496538922928612,0.4952705311043952,0.4305923731912504,,,,,,,,,,,,,,,,,,,,,,,,,,,,,,,,,,,,,,,,,,,,,,,,,,,,,,,,,,,,,0.0,0.0,0.0,8.1,67,2,1.211,-0.30931992794180696,-0.09228790489802319,-0.21703202304378377,0.07942209763688154,0.03871651434423021,0.04070558329265134,-0.21785371276619778,-0.34198245982400155,0.12412874705780376,0.05315941237853546,0.09594809468341856,-0.0427886823048831,-0.9261276713567949,-0.6053172666227472,-0.32081040473404765,0.150567238840015,0.09826407490304898,0.052303163936966025,-0.5343826401806647,0.11031374836822172,-0.6446963885488864,-0.7899652475880548,-0.11160999252245174,-0.678355255065603,0.21527099609375,0.6640625,0.1392669677734375,1.01953125,0.0712890625,0.40625
GaCo14_01,GaCo14,1,control,0.4163600018284791,-0.4755942489850076,0.0409258291447728,0.0452682564966865,-0.0510260040986622,0.7026539648470884,0.5091133049694123,-0.4905817358828282,-0.8059747947603447,-0.2892868214680156,-0.3833721097478956,0.2172569608527479,-0.2804042258176177,-0.1575345859588526,-0.1159845985746173,0.0380322208022585,0.1793018720208851,0.5841979069448955,-0.0677638346631235,-0.1972192769187476,0.5679579634738859,0.7194618031428875,0.4368344779559694,-0.9053260497395056,0.6466354691952836,-1.0921273787637298,-0.099776332273587,0.0899191990945169,-1.830342648694219,0.753893859658654,0.2110006479943737,-0.323700265539908,1.1081249999999765,0.0974183497170709,0.0446813900241306,0.1603987357726962,0.4928407107507079,0.4060913206255644,-1.0991867576014622,0.084980423103057,-0.1842081614378868,0.1028773271265036,-0.7946158075020934,0.1351459437511105,0.7819464664599292,-0.2103372130028487,-0.2472697818115837,1.00200153445232,-0.0618940873094874,-0.4035196281526837,-1.2815579015406438,1.150807069185935,0.1814826882207934,-0.670096074856422,-0.1999508298858066,-0.1416480287511391,-0.0868010792380206,0.0829040228602203,-0.704439337389733,0.869188412090526,0.3445216335522713,-0.5698668115322849,1.1015624999999765,0.0927532092236962,0.0368585249729718,0.1542678463510427,0.4925953436635365,0.4033647751761797,0.2064556529614666,-0.3977470336593738,0.3146950594399988,-0.0452604186562713,-0.5746072981522656,1.334150612539185,0.4399532140327903,-0.78317892315548,-1.2528674363192434,0.206522226552371,-0.237387180253219,0.115388267396692,-0.1059914776778272,0.9364266607809236,0.4175938008690829,-0.8296920479526556,0.5288663495268116,-0.8519571991856779,-0.1475433630474178,0.1052139125692519,-0.6881251079869283,0.4689405581133075,0.1702124393277898,-0.174531189435508,1.114687499999976,0.1028935067372022,0.0515194981717304,0.1388795321612385,0.4930860778378791,0.4088178660749491,2.0,2.0,0.0,8.11,68,2,1.298,-0.3623255064480339,-0.06534693735639324,-0.29697856909164067,0.08484272595000208,0.03008216827120376,0.054760557678798324,0.27969096663329435,0.5167921376337052,-0.23710117100041084,-0.0544492640304482,-0.07453410736132679,0.020084843330878593,-1.1217558233449716,-0.629348846314141,-0.49240697703083053,0.15057221884152824,0.09332623874362833,0.057245980097899905,-0.5341668487596317,0.07780978118010573,-0.6119766299397374,-0.7641828593801796,-0.03998668121347737,-0.7241961781667022,0.20306396484375,0.6171875,0.1830902099609375,1.19140625,0.10296630859375,0.4765625
GaCo14_02,GaCo14,2,control,0.3861318233424297,-0.3994075618638529,-0.0641087529535559,0.0775988798991743,-0.3396920163366782,0.8022019936967397,0.4874648742612917,-0.646865171332477,-0.9592347870162368,-0.185981874912662,-0.338748804953098,0.1936685785798887,-0.1986239819879306,-0.1047868882218535,0.0087087495643351,-0.0277575683763521,-0.9641460986308316,0.486532874745552,0.4105475618677578,-0.3762286008219019,-0.6432979007196249,0.6240141121755975,0.2418800436487851,-0.3240909283044434,0.3470978218828795,-1.1780092718949102,-0.2360217721724497,0.193068390361423,-0.1239216028195373,0.8723159997990912,0.293803590378448,-0.6436673605417861,1.073593749999977,0.1189065870091585,0.0470428005530085,0.0860629707159795,0.501264939048859,0.4104845697562906,,,,,,,,,,,,,,,,,,,,,,,,,,,,,,,,,,,,,,,,,,,,,,,,,,,,,,,,,,,,,2.0,2.0,0.0,8.11,68,2,1.298,-0.23688031595721862,0.0009158207596922097,-0.23779613671691083,-0.03184795572721658,-0.06899548499266786,0.037147529265451285,0.2327691500423223,0.3026681735866492,-0.06989902354432694,-0.02501928152541422,-0.01692525162345177,-0.008094029901962447,-0.7548778934939733,-0.4871234313796967,-0.26775446211427656,0.12570978101358865,0.08975114441736254,0.03595863659622612,-0.5855821678334535,0.10101612202280053,-0.686598289856254,-0.7986492855930709,-0.059563745147312,-0.7390855404457589,0.25433349609375,0.6640625,0.1794281005859375,1.21484375,0.09027099609375,0.4609375
GaCo15_01,GaCo15,1,control,-1.0308853201902335,-0.5977816283977754,0.2626364775142989,0.0552847657748944,0.7822112606682763,0.5261837626942761,0.3036864693758804,-0.3927239505863605,-0.7007250742802209,-0.3090147176454452,-0.2885560506088457,0.1671729368124796,-0.5462834127440421,-0.137675996039163,0.0274995554838779,-0.0044430617605298,-0.4599403631113459,1.099693818378902,0.4292888874368034,-1.14034388022761,-0.4962768993179258,0.1186625111095143,0.2110384916585517,-0.0989253563365034,0.1404766388808783,-0.5129692917048417,0.0593943351974902,0.0467682845269504,0.1303239078329562,0.240957210431394,0.0886157377949862,-0.1324930505348402,1.0553124999999777,0.0589950963939213,0.0190705262383613,-0.0402512895989097,0.4963332739528282,0.4147258395023227,1.078065655872973,0.4626631444515908,0.3274332215024084,-0.1617761522227629,0.4237066393746226,0.2060150991668985,0.5064292323438606,-0.2417080598268849,-1.8228532672634512,1.22940726171876,0.482658778066141,-1.2735516427398466,-2.321034516369982,0.0650665625004838,-0.0229319040891795,0.0910639829056185,-0.0163955711659001,-1.9046144000894416,-0.2228824760071243,0.2466574763267965,0.2105026099465937,-0.0532401775121636,-0.0333453412802281,6.43601151765653e-05,1.0631249999999772,0.0709727768770353,0.0202287962231447,-0.1440788013269065,0.4931371138550695,0.412524572513669,0.6196218315424359,-2.128454424187192,0.0060428153165597,0.1769239866459103,0.6168483862783093,0.9614441787856948,0.203485823126201,-0.2679974516470205,-0.7095235384079674,0.9786704982745594,0.3279878710780439,-0.6638903519621702,-0.1381796681090277,0.9466796904164312,0.3373806747232221,-0.722532243946824,-0.97722462384998,0.5053242192882891,0.4473905253731007,-0.3968853599595094,-1.7857725613909905,0.2283545930292507,0.2385649082546564,-0.0880341401889027,1.0474999999999777,0.0433087312254202,0.0164942677792126,0.1847314473553783,0.4995294340505868,0.4169271064909765,0.0,0.0,0.0,8.37,67,2,1.344,-0.30254666205206054,0.05650658165505712,-0.35905324370711766,0.01622702057514026,-0.04362752334390632,0.05985454391904658,0.5118451024191082,0.42705166190384714,0.08479344051526103,-0.1531829796829005,-0.10298539081348426,-0.050197588869416256,-0.42373929924981796,-0.07884086670112395,-0.344898432548694,0.07222429360047664,0.02572073988757575,0.04650355371290089,0.12629982969659648,0.45060502101502387,-0.3243051913184274,-0.5545614342992292,0.012158128678812163,-0.5667195629780414,0.2646484375,0.65625,0.2516937255859375,1.21484375,0.08197021484375,0.3671875
GaCo15_02,GaCo15,2,control,0.4166498505235149,-1.0255273369830131,-0.268946575980713,0.1941038506981143,1.144178211025451,0.640462015480777,-0.0350558876842216,-0.2083235878689762,-0.667931280491556,-0.0894497848874877,-0.2564198971853075,0.1255039978816722,-0.6707366642304678,-0.2978847418047633,0.0962398327605344,-0.0111552621565162,-0.5076110650219073,0.5778655416217024,0.2598655706912102,-0.3241695845305673,-1.6657664669006156,0.524809698015803,0.324023253372414,-0.2837740954317252,0.420141391538271,-0.007461495155523,-0.1401884818230109,0.0018703816082852,0.6869777365209042,0.7606960450622157,0.0643158460633738,-0.5372392432594532,1.023593749999978,0.0714814196725153,0.0183375939408522,0.1479198321896632,0.4961413676653412,0.4159549908387723,,,,,,,,,,,,,,,,,,,,,,,,,,,,,,,,,,,,,,,,,,,,,,,,,,,,,,,,,,,,,0.0,0.0,0.0,8.37,67,2,1.344,-0.2901215189552512,0.06180087349988067,-0.35192239245513185,0.06586921304261534,0.008230775344889127,0.05763843769772621,0.7557658600492907,0.5850917140725955,0.17067414597669517,-0.2683116774170138,-0.22049470180218217,-0.0478169756148316,-0.30048512130802957,0.15272967453413178,-0.45321479584216134,0.06941136113841567,0.006186051689634722,0.06322530944878095,0.00505620767028139,0.49765990566896184,-0.4926036979986805,-0.611957852089468,0.0003364640938524621,-0.6122943161833204,0.2285003662109375,0.62890625,0.181640625,1.125,0.079833984375,0.390625
GaCo16_01,GaCo16,1,control,-1.938930793763257,0.278500640335574,-0.0506266584441811,0.0387498692850685,-2.6605183390942435,-0.0451441352309819,0.6688207357025789,-0.3366762577179296,-0.7833586530750386,-0.1024740785659745,-0.254197001629103,0.1337513652673806,-0.540034434082067,-0.3097310477223334,0.0100357108486718,0.0163496504624436,-1.3660642896853168,1.1093312813628724,0.0139903417315629,-0.5061548939648145,-1.5771964302259154,0.7121890216607863,0.4789014213494054,-0.5799551675270159,-0.321452099217871,0.3263662257536355,0.3673149864540793,-0.3110673660098671,-1.5277630017307096,0.8537612204038062,0.4204921485053167,-0.6370538631818036,1.072343749999977,0.1219364306944134,0.0296325092675743,0.2597062328477771,0.5027563918745563,0.422441456839795,0.9971194296953658,0.2013409149866079,0.0573330625902401,-0.0099133538556902,-0.1678344286250606,-1.091239739906515,0.9478058378080502,-0.5138113112184772,-4.465100389320343,0.992216926757424,0.1818014956974271,-0.439956940394779,-1.228560100955722,0.7634732962982805,0.7476427965199073,-1.1094065131166344,-1.717044534625763,0.0287682715052953,0.117715106453139,0.0287318548374322,-1.8119048270987936,0.9401429661309814,0.5793525900826011,-0.9228588086676578,1.078124999999977,0.1276660480885296,0.0228686022731375,0.2858359667049928,0.5069148468386444,0.423224631510007,0.7180609966141613,-0.0605076172540667,0.0969592898020869,-0.0370808309427435,-3.221828951606713,0.5672062487853768,0.5949605393958913,-0.1759254842836838,-2.986730053880832,1.010681679584975,0.1679923833991936,-0.4527504962035455,-1.9265156976443951,0.3081145988103121,0.4127415189145368,-0.2387065815732716,-1.87301794700404,0.4428647436527385,0.4432434336111227,-0.3252668161044738,-1.4506962281074238,0.7770817367868034,0.3994065819866027,-0.5013148173118015,1.0665624999999772,0.1176031516301356,0.034937483406548,0.1866255205748996,0.4985979369104683,0.4216582821695829,0.0,0.0,0.0,8.84,63,2,1.346,-0.47476848998720006,-0.07203773203072616,-0.4027307579564739,0.09378927749352009,0.030882105893412337,0.06290717160010775,0.1943024527912738,0.045946746049477294,0.14835570674179652,-0.016270316763305984,0.029540174699084248,-0.04581049146239023,-0.166542750270531,-0.060433319551505396,-0.10610943071902561,-0.01375181711181054,-0.019310321548655293,0.005558504436844753,-0.08456592569476708,0.3030521973930057,-0.38761812308777277,-0.49191893866115644,0.043215710989289224,-0.5351346496504457,0.22845458984375,0.6171875,0.2024993896484375,1.17578125,0.0716400146484375,0.32421875
GaCo16_02,GaCo16,2,control,1.0541991406104618,0.6999968572424442,-0.1149413746356977,-0.1943156065463015,-1.158117943445847,1.4883619263991197,-0.3614679490179919,-0.2929398002593664,-0.6570929500680328,-0.2278364882235273,-0.2869724333026808,0.1497394498688217,-0.4363850998944503,-0.4010394291860207,0.0094498790407844,0.0325338978660789,-0.3466432214281542,1.0450289415787364,0.1599549981745011,-0.6557043883764035,0.0161193377983645,0.918446056469544,0.0906890025274946,-0.5121504086311027,0.4919942026286943,0.3958249050963397,-0.0328993058559603,-0.1909236643112599,-1.5420574055224483,1.0618443374901811,0.4366458334220763,-0.9423239664172304,1.0351562499999778,0.1086693416671552,0.0234333707917464,0.2999242349366942,0.5134029669043132,0.4264485205523867,,,,,,,,,,,,,,,,,,,,,,,,,,,,,,,,,,,,,,,,,,,,,,,,,,,,,,,,,,,,,0.0,0.0,0.0,8.84,63,2,1.346,0.09194388606690314,0.5433601183271628,-0.4514162322602596,-0.011899688623564842,-0.0900172379591287,0.07811754933556385,0.4810901144959248,0.40594531149918667,0.07514480299673813,-0.12512342260371287,-0.0887502965930078,-0.03637312601070507,0.32187384567071103,0.6412001271734096,-0.31932628150269854,-0.12875454640310652,-0.18431950829721178,0.05556496189410526,-0.8175450831378308,-0.42536941110062554,-0.39217567203720527,-0.5514782013522079,0.029735035187706926,-0.5812132365399149,0.20501708984375,0.6171875,0.1164398193359375,1.09765625,0.08001708984375,0.3671875
GaCo17_01,GaCo17,1,control,0.9574570185657612,-0.1193000797079975,-0.5039861928530588,0.0805773735123411,-0.0402530080892487,0.396909133617899,-0.5059417269940633,0.1463457892888193,-0.7665385088185648,-0.1444942206378466,-0.3659324671928138,0.1842664944149193,-0.4392607351900817,-0.0340025390719268,-0.0362541535936196,-0.0163467003144654,-0.6200605421407438,0.9087640222979168,0.1014330196032446,-0.4222121010917874,0.3314383230331453,-1.0790320814528185,-0.3674416327128263,0.2261663679837765,-2.4081274347366626,0.2824848391889127,-0.5554713647114525,0.2076802432520244,-0.5322294330661188,0.1557284342378286,0.1330323634337067,-0.0598074191000824,1.1117187499999763,0.0987256952488802,0.0266045022913255,-0.0466689352114054,0.4891543284027601,0.3974679850994495,0.7291283029798263,0.6247755238380244,0.0020436929476004,-0.089330230685899,0.5013951467139914,1.1357150661577184,-1.0656993619121846,-0.1817510699335397,-0.8033588957235227,1.0743909721340694,0.0658715872136662,-0.5065013660899597,0.5300167586639701,-0.8430932523586198,-0.5954713283328364,0.2218159313022818,-0.6948285472470007,0.3686210206105053,-0.3219365894975107,0.0759712723898854,-0.3631150084300383,0.1502795679526226,0.1060569908794956,-0.0533264249886248,1.1037499999999765,0.0848268251688635,0.0233471615777587,-0.0172787003290105,0.4915024400595804,0.3973633213716145,-1.252779325412242,-0.5459774094878449,-1.3291422027107047,0.2216749838282692,1.0281078561002766,-0.0124931767418096,-0.1344603346970108,0.1669285950885899,-0.1506057495814288,0.7656222577354194,0.1438455682505581,-0.3694022419317416,0.0727063414545057,-0.7716657877641245,-0.3703665248962963,0.2220919437848158,-4.395084263070379,0.1738495663358531,-0.7346236411993778,0.2614377852862252,-1.2329498090525943,0.4311610470880279,0.0351029843294355,-0.0586211166324895,1.119687499999976,0.1114909041208483,0.0296699883019705,-0.0893359838236416,0.4868062167459398,0.3975726488272844,0.0,0.0,0.0,7.19,67,1,1.415,-0.785951003863386,-0.34734257888160097,-0.43860842498178504,0.14198174867658866,0.06766086795129435,0.07432088072529432,0.5278014965479947,0.6181460696551393,-0.09034457310714465,-0.22129325037126912,-0.20818455355345045,-0.013108696817818673,-0.06855402165908991,0.3775701426353668,-0.4461241642944567,0.014842412708882308,-0.04550748700869863,0.06034989971758094,-0.8080938379637089,-0.28888140570351173,-0.5192124322601972,-0.7156529035987971,0.027125544778858535,-0.7427784483776556,0.24114990234375,0.6796875,0.1435394287109375,1.24609375,0.11175537109375,0.4609375
GaCo17_02,GaCo17,2,control,0.3152854349340707,-0.3514402798338469,-0.3059123928277867,0.1121774922968747,-0.1484651748550822,0.672403693289096,0.1553592080378366,-0.1684736330261371,-1.19847274954663,-0.2371792450531952,-0.3558678178666569,0.2253549162636321,-0.488691364103632,-0.2792857606614907,0.0575194089883429,-0.0172775099811705,-0.3460590251770562,1.1625508512850478,0.0294206378422726,-0.6868290517703328,0.5232824409283047,-0.0904867942658538,0.1640726549199486,-0.1559977276458622,-0.0411699976472093,-0.6136215671512062,0.0303605906823282,0.0936249144626284,-0.0010541341108046,0.6044405977859628,0.1299484649992015,-0.3018178077850716,1.075156249999977,0.0617177587744268,0.018961058539782,0.0964414451735945,0.4981237232887816,0.4010971027645242,,,,,,,,,,,,,,,,,,,,,,,,,,,,,,,,,,,,,,,,,,,,,,,,,,,,,,,,,,,,,0.0,0.0,0.0,7.19,67,1,1.415,-0.6831987702585085,-0.42787559358215543,-0.25532317667635307,0.11653108305453427,0.06900862786309231,0.047522455191441965,0.30622656791216896,0.26799103225737364,0.038235535654795316,-0.09790185901628815,-0.049959236316070715,-0.04794262270021743,-0.24988992724481265,0.051275179839005175,-0.30116510708381783,0.02819424917834082,-0.00322652086118555,0.03142077003952637,-0.5403212786322305,0.06765237412250313,-0.6079736527547336,-0.7299787514836692,0.016963354627987037,-0.7469421061116562,0.28607177734375,0.6953125,0.1751556396484375,1.32421875,0.10980224609375,0.4140625
GaCo22_01,GaCo22,1,control,0.3627708833668303,0.1668110399962426,0.1443102242648391,-0.046937695201861,0.0047988729601416,0.4721015813168645,0.1520050840959749,-0.0866078668065538,-0.8249358684081918,-0.1527565131396039,-0.2332295307548703,0.1241270859763545,-0.4422929071682236,-0.4026049091238204,-0.1086262604074148,0.0904917127016649,-1.5235893195074244,0.7597141182570943,-0.3729361842010334,-0.0296220834559026,-0.8070824366330167,0.4882671431850849,-0.0806789583684436,-0.0475970092689143,-0.4490496419886391,0.2077542631646861,-0.4406310359415747,0.1449071204647418,-2.913363836639835,0.2845357905322221,-0.1151810930984668,0.0815906662698037,1.0940624999999766,0.1009536185762181,0.0631004224676939,-0.022897345324674,0.5111836776558158,0.4442465211455822,0.1010690428253955,0.1590834331533979,0.5983262975065846,-0.1282238045340054,1.0481147332223255,1.231747096989778,0.175286613095956,-0.3066029727645992,-0.0861823465535536,0.0466101266377905,-0.3359954189592633,0.1181425411752438,-1.6826934146810306,0.8641115906323409,0.2124015214714564,-0.3853756033846581,-1.4386643428727208,-0.4822993922047553,-0.3135248158145866,0.2541740818864542,-5.279633240890595,0.0478284813574374,0.128998130648453,0.0377422997499339,1.0849999999999769,0.0851499377543341,0.0597882236295617,0.0283512399789749,0.5131304850816805,0.4469107295531884,0.703324601540495,0.5786501548709992,0.0592616679861912,-0.075637374303692,-1.5877969797579965,0.7037515728063106,0.1160937428960303,-0.0305120553008552,-1.1984831490890615,1.1016549381501457,-0.1959659132009497,-0.3421924101645249,-0.2697801888404618,0.3040663196757672,-0.2106042286877592,0.0312139953127462,0.1027782962080351,-0.3263938841883004,0.055433562365826,0.0242282541625768,-1.7502650774550716,-0.0499604449648937,0.0337759169181984,0.0837616108965569,1.1031249999999766,0.1149763896212239,0.0662229689688347,-0.0473556793677742,0.5092368702299513,0.441582312737976,0.0,0.0,0.0,,65,1,1.542,-0.16675147535535692,0.27338387292076693,-0.44013534827612383,0.05248452298225846,-0.03279495730200571,0.08527948028426417,0.20034523688042766,0.18155699873174558,0.01878823814868207,-0.07558672233772566,-0.06517094364302353,-0.010415778694702137,0.020273384372492972,0.2719611327538428,-0.25168774838134983,-0.03072924044861803,-0.06525074971565084,0.03452150926703282,-0.4947748121549234,-0.07619275577740725,-0.41858205637751617,-0.4854633378045168,0.08989417897759311,-0.5753575167821099,0.1717376708984375,0.61328125,0.15521240234375,1.0546875,0.06640625,0.375
GaPt03_01,GaPt03,1,pd,0.7075253388260796,0.3646884954787861,-0.2452738814474196,-0.0205451697708766,0.488522383229797,-0.0281124553503684,0.4877853792646972,-0.1962253253491334,-0.6667339272741262,-0.1491721458847831,-0.2398309772127937,0.133330651404535,-0.5845660329428374,-0.5160534308050639,-0.2347543005002859,0.1699092691531259,-0.6699451566323171,-1.149727782825191,-0.1855899390845072,0.260766690135881,0.5493562062522979,0.8187454073990759,-0.0605374595170106,-0.4412406111705454,-0.2281697829397973,0.5691196285245623,0.3776866359420376,-0.4657836372861038,0.3076170617324296,0.7752652804070885,0.2848605226092057,-0.6406266918962182,1.5374999999999672,0.1195083762666761,0.0602499888539751,0.3026460411483893,0.5022504346829166,0.478018700656585,0.7671445220941748,0.4656601655695704,-0.2143988731940922,0.0262280488289334,1.350858017466767,0.63392888035565,-0.3729251171114999,0.0041787483893608,-4.180100422559948,-0.6357729944333324,-0.764832338449057,0.3726360221577829,0.8410417808736432,0.8091160007266974,-0.0990003207222419,-0.480475060717338,-0.992260685260141,0.9416451720003878,0.5907126598702519,-1.009450860330453,0.2275434773072037,0.8808490273706019,0.0726987735124161,-0.4714327752287477,1.472187499999969,0.1108208959049901,0.0616602830923181,0.3864773971317939,0.5039455743043262,0.4744549644638341,0.6090979740444569,0.4881558432823746,0.3598018795193387,-0.1383790444052882,1.5363741838399625,0.524271378007811,0.7722749065549038,-0.5975075593544669,-2.879768554771854,-1.3792043551608375,0.0375083724283093,0.2264635350300887,0.1588575066323187,0.8073173939725116,-0.4985614417797006,-0.1285353615274589,-2.743349648876787,0.2900809382140609,0.307234374571402,-0.140036842889565,0.1725555470843765,0.8102784202233893,0.3250516484663644,-0.6331636478031849,1.602812499999966,0.1136610866398686,0.058103530704404,0.2155214446718391,0.5005552950615071,0.4815824368493359,20.0,10.0,3.0,36.34,82,2,,-0.4880883570894045,-0.24285927295313361,-0.2452290841362709,0.11943544755750414,0.06767344931139768,0.05176199824610645,-0.12265528958000102,-0.14080524495897095,0.018149955378969948,0.06076087767578304,0.06375725456795991,-0.0029963768921768817,0.46057564010835883,0.7392097179732063,-0.2786340778648475,-0.16465475084793316,-0.1888937740334186,0.02423902318548543,-0.4786424227234725,-0.09669781546645717,-0.38194460725701534,-0.4780902178487799,0.03632957346848409,-0.514419791317264,0.12933349609375,0.5390625,0.1569671630859375,0.83984375,0.0666351318359375,0.52734375
GaPt04_01,GaPt04,1,pd,0.2138592859346908,-0.3457471032000191,-0.2708012697246693,0.1394701765899558,0.7244987150958921,-0.4727317606914413,-0.0659759419672876,0.0949556955688463,-0.7553618694972548,-0.1684808402302099,-0.2481883937059572,0.1489513131260042,-0.4724604260605077,-0.0828287828575401,-0.0471785231666651,0.0156173836185009,1.4326633577504302,0.7351332837349412,-0.0318145107865672,-0.9571459149039642,1.4526592373684284,0.8021939894032556,-0.6558664314666937,-0.5949093601446058,0.5030104915393914,0.0467799797794998,0.0195439954422882,-0.1025435696153793,0.6422822581663888,0.87234289501514,-0.6247239219562865,-0.2420671183511363,1.2832812499999728,0.0596870732196821,0.0225688008333025,0.3494639615641095,0.4931121748663097,0.4628947612573184,-0.1015743712832631,-0.4669656389473079,-0.5538977997517724,0.2029122454239322,-0.517683864608228,1.1041880550563263,-0.507050921627184,0.0612241986547678,0.0134374095150105,1.4355670949954076,-0.2315730089755917,-0.9707239702997004,1.3451090600695048,0.6364698720359926,-1.4020421310985338,-0.1960928077731819,-0.2537646554757678,0.199716352162833,0.1354398770613844,-0.0928646557147873,0.3589141780223317,1.007411879801496,-0.2660349577783418,-0.4012127908382859,1.2853124999999723,0.0669857587666536,0.0245815509685478,0.3729707018514025,0.4908555854593273,0.4587893349189402,-0.5969057794055581,-1.8185054869115924,-0.1861395190306933,0.1696904505162844,2.6730783098985684,-0.3619975803237023,-0.3251809317381928,-0.0400529657343916,-0.523845353869245,-0.8461867302365754,0.7249956956494885,-0.3581400532478599,0.1157525198831409,-0.0232996035972518,0.8881271919797711,-1.0337460134508432,1.062273412310525,0.1637250799699887,-0.3236173550683,-0.1357980138864935,-1.563038396798421,0.8664790511737699,-0.4768330678372959,-0.0512378593312046,1.281249999999973,0.0523660957024818,0.0197262913562822,0.3157150016911283,0.4953687642732923,0.4670001875956965,25.0,8.0,2.5,11.0,68,1,0.642,-0.15974035523159483,0.07814498488080365,-0.23788534011239848,-0.008415659699507149,-0.05749480126936721,0.04907914156986006,-0.6730460542092654,-0.6176476406932014,-0.05539841351606396,0.1336921762769377,0.12930350079135602,0.004388675485581655,-0.529875468444653,-0.11081170446162497,-0.4190637639830281,0.06583751687168791,0.018974160866654537,0.04686335600503338,-0.6561482880538035,-0.16014352294675832,-0.4960047651070452,-0.6878567439697937,-0.011840658275874882,-0.6760160856939188,0.15325927734375,0.5703125,0.10296630859375,0.8515625,0.073974609375,0.484375
GaPt05_01,GaPt05,1,pd,0.3885642240269489,-0.5167064526291392,-0.211000755325946,0.1268586194399966,-0.1105952004557934,-0.2943895139591467,0.0859834179885155,0.0795711802634962,-0.7566278848704845,-0.1934663670025466,-0.3388094052017048,0.1768621722163865,-0.6569101211167288,-0.1974611716311314,-0.1339294788397167,0.082957978641363,0.9999327276018192,0.3165445149795071,-0.0771357399518378,-0.2941200634891908,1.1046785968698625,0.7882219628756838,0.3267980738744303,-1.2092039158979175,-0.3767307262098577,0.1665285681459108,0.4073185231430161,-0.2774795753779376,0.7146880333515013,0.637263722259742,0.4191901856376892,-0.8616534391368014,1.0701562499999773,0.0528467610092216,0.0374364010418981,0.3818955061159546,0.4774087830570577,0.4284039033576318,0.2369368149157417,0.610167720217696,0.1285019914685944,-0.0564732936257582,1.2837986410955475,-0.4473307201603508,-0.006383529041774,0.0964152788489655,0.4909615275396169,0.1924804979785258,-0.4825239421439816,0.0511908182519598,-0.7381806207763649,0.7758312808967842,0.7521585514101959,-1.2073398281965146,-0.8094001852366637,0.0987881102504431,0.6457043028083371,-0.4536246027553157,-0.332272390034967,0.1188830817711531,0.8516570222164971,-0.9008210153448732,1.0681249999999771,0.0584638984298047,0.0476637575586212,0.4118770542608079,0.4704364487489156,0.4287803348633652,-0.650423030971957,-1.469634291484086,-0.7887307550243112,0.2556568543574398,0.2847287806330039,0.4424953976166075,-0.216714633160527,0.1204039479060462,0.1967413967316493,0.906674962137279,0.3612988646191852,-0.7887651949447042,1.005770782099177,0.5092904831012853,0.1647431464842312,-0.5444580198450023,-0.7872614783369827,0.3015125794308784,-0.63852965632776,0.1757102328204919,-0.5074616822136184,0.5242108793082825,0.3167215844303832,-0.320933107786198,1.072187499999977,0.0474824269061706,0.0215904130363986,0.1460758456178937,0.4843811173651997,0.4280274718518985,24.0,5.0,2.5,14.5,82,2,0.908,-0.3731112863910572,-0.05648458246769472,-0.31662670392336245,0.07054108764123651,0.002900844564152641,0.06764024307708387,-0.3940260285700583,-0.34468774685621106,-0.049338281713847264,0.10881112097496098,0.09472150583823692,0.014089615136724062,-0.5392342303536465,-0.34461479137330336,-0.19461943898034312,0.09592006422077778,0.082197017618602,0.013723046602175779,-0.6344721062484305,-0.09474743831802401,-0.5397246679304065,-0.6331946097457442,0.03483043429627297,-0.6680250440420171,0.0998382568359375,0.52734375,0.1303558349609375,0.94140625,0.0657806396484375,0.42578125
GaPt06_01,GaPt06,1,pd,-0.3715212714898803,0.3136083941717171,0.362446673539298,-0.1584426474398273,-0.6544914177548833,0.3890630692718347,-0.1308744084702826,0.0523053438092226,-0.6598755958786109,-0.2836756080294138,-0.2475860456529313,0.169656299869417,-0.4345785828102183,-0.3840620255677369,-0.1236194475421624,0.1154208318046269,1.54705599086003,0.4870635442863715,-0.572064096452409,-0.4742701098682486,1.2687201946295847,1.2152259231741454,-0.4612555003152629,-1.1543895649500453,0.2795742394414608,0.7130474043804023,0.1431794928901618,-0.4387261330545791,1.7337396118479522,0.6145647018990349,-0.2162376306215483,-1.0690532339105985,1.1501562499999751,0.0502809574597379,0.0202257952632599,0.5066855058680314,0.518764297705522,0.4693529209005556,-0.5455069167216746,1.079284191270078,0.4507860656021599,-0.1961023100510768,0.6876511157734468,0.0604319873124035,0.5026562947892224,-0.2100155135270416,-0.2522200984487056,0.4813468791764062,-0.167644006989331,-0.045020384687599,0.3926405955565267,0.840318835452273,0.271268185511807,-0.6628560587437556,0.7846145460158157,0.316510388471188,0.0673948355243858,-0.2825241468201613,0.3710927304226419,0.9273933238004362,0.2819815974765864,-0.7640840893419651,1.1387499999999755,0.0580256338410649,0.0220501570693791,0.4200309424616733,0.5221595219148072,0.4720093603641149,0.0540820822438875,0.3646033940112572,0.4779276853546892,-0.1274457957536773,-0.8044678184650293,0.8628039839860067,-1.584120179101541,0.2736814262435895,0.7918180312434597,1.448412944293646,-0.2608214668196971,-1.409580222682528,0.9393268399842524,1.552122440763445,-0.8154345524905758,-1.3956751274963728,-0.655836288684104,0.9528750855513018,0.304631262740197,-0.6140929109082796,1.18928267483909,1.148472376110263,-0.7694201760597624,-0.6809100757234239,1.1615624999999752,0.0400299324316256,0.0174446806473704,0.5457388749224467,0.5153690734962366,0.4666964814369962,16.0,13.0,2.0,10.47,72,1,0.848,-0.4179435739839609,-0.09425677064192306,-0.32368680334203787,0.09796263274314072,0.03723656814829559,0.060726064594845135,0.042480518237638834,0.0507141359013025,-0.008233617663663666,-0.05012667478214039,-0.04472543848118761,-0.005401236300952779,-0.2944408769238039,0.013978084864317342,-0.3084189617881212,0.060592221266017106,0.026367114412696728,0.03422510685332038,-0.49702883360146577,-0.0365601720526354,-0.46046866154883037,-0.6712988556166831,-0.022272318268862223,-0.6490265373478209,0.0982513427734375,0.51953125,0.0722503662109375,0.87109375,0.0733489990234375,0.45703125
GaPt07_01,GaPt07,1,pd,-0.0114800963641805,0.8314722536082415,-0.4561577305254625,-0.0452848523904814,0.3073933345698111,0.4377697474234437,-0.0132827378774089,-0.0214769519106068,-0.4569470669586152,-0.1739042531246439,-0.1666194867005568,0.087670074688491,-1.0826184523705489,-0.9562211535480588,-0.4780028217338661,0.3151257812780575,0.4586295042131034,-0.983396716290702,-1.1247499437125843,0.3340393625042523,1.3575095139904214,0.3982697439632159,0.1911389880993562,-0.8070418266903019,0.6738241052880515,0.4027277347260489,0.3519569601980583,-0.5592156552231999,1.138400832439329,0.0764424622558846,0.3991500137058626,-0.6914735508033013,1.3896874999999702,0.1137835721829722,0.0708487365925307,0.4216766769235664,0.5466008835062501,0.510849903470469,1.4363959662135624,0.8684053747233136,-0.8804855607905571,-0.200716227290798,-3.0836451837653005,1.238447001342078,-0.6732296843239816,0.0124038606193071,-0.3311225377726439,-0.6657048381624656,-0.6196331320099223,0.2961042699358624,-0.169171339977294,1.2976455912228069,0.2230771037656386,-1.1553123139815604,-0.2264967806925784,0.4398778560680951,0.5214679131149776,-0.5183261257961964,-0.8673418220358892,0.4882209863951256,0.4755740402505735,-0.4247577815516625,1.4140624999999698,0.1069913689836714,0.0689061549554922,0.5443726216110283,0.5506288515801345,0.5064320819975229,0.1807724001294975,0.0014401685984701,-0.2365125671855246,0.1096774270344657,-2.331453171254225,0.282141402487009,-0.3904766883353463,0.1503681848594334,-1.6152687704734143,0.0366452634638717,-1.6446734653379926,0.3641962875277102,0.9223308949544248,0.2748883094753245,0.1398044094756005,-0.3643405569765274,0.9411372593403116,0.4517152248037875,0.1696252964004167,-0.482408542229587,1.203811424315797,0.3787614379891826,0.4553005890966221,-0.9618500709282318,1.365312499999971,0.1196730908099235,0.0728538619759023,0.2957870200701892,0.5425729154323657,0.5152677249434151,44.0,22.0,3.0,18.34,53,2,0.677,-0.003896405270121925,0.2649721367215174,-0.26886854199163934,-0.0046054461671448076,-0.06247456773647479,0.05786912156932999,-0.2911230834077093,0.05057269674337023,-0.34169578015107954,0.09056518380790489,0.016823712484148337,0.07374147132375655,-0.05847205218811829,0.20814868575888418,-0.2666207379470025,0.028217532142829675,0.022233874300091258,0.005983657842738416,-0.5479481176244534,-0.09235421719962605,-0.45559390042482734,-0.3561896040575388,0.21578668311019772,-0.5719762871677365,0.1135101318359375,0.52734375,0.08050537109375,0.7890625,0.073974609375,0.515625
GaPt07_02,GaPt07,2,pd,-0.0704886718816659,0.1403861022379408,0.157631364379676,-0.0482017065476442,0.7382804225479698,0.2422703911021702,-0.0180726623884306,-0.0248910862618123,-0.7395496262392168,-0.2449197884291926,-0.250895488688937,0.1709250528448444,-0.8985078780355636,-0.6406414652858656,-0.0151672702218844,0.1293569322673338,0.4966954789425222,-0.09277045275405,0.3425228978819325,-0.283779707664557,1.5588377419728825,0.2290710054197945,0.5193014008643956,-1.728995534670904,0.2694252651495876,-0.5707029863172361,0.1050781562110879,0.0137105767705884,1.146113977520426,0.1216153676073462,0.2265897610153944,-0.5151179561033562,1.2334374999999738,0.0636942368649978,0.039682551700211,0.3253275973898862,0.5271403754866874,0.455486540322618,,,,,,,,,,,,,,,,,,,,,,,,,,,,,,,,,,,,,,,,,,,,,,,,,,,,,,,,,,,,,44.0,22.0,3.0,18.34,53,2,0.677,-0.315136840385727,0.005229381157439039,-0.320366221543166,0.05871102152045939,-0.00601151497131671,0.0647225364917761,-0.07365118623509481,-0.006277540465589385,-0.06737364576950543,0.04843965555575387,0.03361191594237289,0.014827739613380986,-0.46967849436294007,-0.36603455590457235,-0.10364393845836772,0.08217565123126497,0.07543481115990305,0.006740840071361907,-0.571145064716157,0.07415460412023989,-0.6452996688363969,-0.5380075578181903,0.17593016238220494,-0.7139377202003953,0.0868988037109375,0.50390625,0.0723724365234375,0.83203125,0.083740234375,0.484375
GaPt08_01,GaPt08,1,pd,1.0000437091799756,0.5112872051535049,0.0148741652807455,-0.1599199467023251,0.1385472182166257,0.2584058571685328,-0.1007097146114407,0.0306564112095252,-0.7713495865142475,-0.1800433097458436,-0.3385999298095452,0.1674035457734199,-0.4813557720976145,-0.5337876463965132,-0.0406633178021003,0.1115577612636339,0.9991365000403716,-0.261237517296483,0.1277798101683653,-0.2381590555798918,1.2782369791015262,0.4416037286428202,0.3143578778866739,-0.9395659558483406,0.7653913466605393,-0.7560075143959426,-0.3959702805763188,0.1340148247171451,1.556438247899237,0.2193048461005731,0.0083227749838687,-0.6968607280469682,1.1468749999999754,0.0528182578612497,0.036667539769287,0.3083504721039158,0.4658921970740308,0.4186645100044182,-1.1291205001841982,0.1700732096801995,0.1634878360756603,0.0755438056370037,0.7484674757714637,0.3408012734573755,0.27949334737316,-0.1163431892692108,-1.2926691665788288,0.2996530404717981,-0.2876756784043563,0.1080232388314815,-0.612043598288772,0.550361279692018,0.5014030621904503,-0.5134484795683054,-0.2164282546087507,-0.2913700612895825,0.1585348783412359,0.0014389979390482,0.2823593815599771,0.3666638049363274,0.128202262617648,-0.2174945886527077,1.171874999999975,0.0451769091271146,0.0296964004319773,0.131564194899643,0.4543115957270301,0.4132364348077249,0.8030268335223241,1.4376529438463663,0.2433681476859963,-0.4419913161044244,-0.3389231964079852,0.325836112268833,-0.0722045075820861,0.121732720851011,0.093554177019348,0.6284983661863598,0.3924130407709929,-0.5427851857275958,1.293907312138307,0.6610015498195662,0.2970120069412691,-1.0670479844548015,0.9596884983516278,-0.7406238803975617,-1.1385904403418738,0.2146097915011206,1.738138219947017,0.555361353779461,-0.051738141848963,-1.0887270282073145,1.121874999999976,0.0517000319068562,0.0418068460620567,0.3488586893694927,0.4774727984210314,0.4240925852011116,15.0,8.0,2.0,10.11,68,2,1.046,-0.6487681732053355,-0.2665619115298442,-0.3822062616754913,0.11886291993921913,0.053424509672701084,0.06543841026651805,-0.11822204694263144,-0.03844519292164275,-0.07977685402098869,0.05213378047737083,0.040647152105782444,0.011486628371588387,-0.045096400549841174,0.2074813643141726,-0.2525777648640138,0.014278509404447515,-0.010938521426351322,0.025217030830798837,-0.5584193449850524,-0.0439051084678288,-0.5145142365172236,-0.47720324135291775,0.06937653787234904,-0.5465797792252668,0.0965423583984375,0.51171875,0.0976409912109375,0.87109375,0.06732177734375,0.4296875
GaPt08_02,GaPt08,2,pd,0.3687052649453172,0.0913876839131951,-0.0161899178225389,0.0344490951298682,0.8342934458088799,-0.2750864297388513,-0.0483843887248368,0.0150631670028129,-0.791563445761512,-0.1521537809406954,-0.0172876893007063,0.0331474884589823,-0.7567507025103329,-0.597612050757666,-0.3247538937619507,0.227139617596614,0.264924836308639,0.1375391419396131,-0.3807195627145123,0.0756852531882377,0.4659786125442293,-0.1400240746185201,-0.0427405196684672,-0.0195891446625957,-0.1701544755538676,-0.0982306526388855,-0.0566759712153723,0.0642427170902451,-0.6868863863301283,0.2201670006665854,-0.612955642105475,0.1956926404110011,0.8564062499999817,0.19095610119251,0.0965926776053624,0.0090725722821772,0.6165627642910569,0.5509275209761109,,,,,,,,,,,,,,,,,,,,,,,,,,,,,,,,,,,,,,,,,,,,,,,,,,,,,,,,,,,,,15.0,8.0,2.0,10.11,68,2,1.046,-0.17817025224093194,0.08942652120918523,-0.2675967734501172,0.02483588129594922,-0.019333381461948844,0.044169262757898065,0.48571702335998784,0.46210351366840935,0.023613509691578514,-0.16713883536537308,-0.14918157009588726,-0.017957265269485816,-0.19035075195043297,-0.24464020722864893,0.05428945527821598,-0.07257441185180567,-0.035508042329386216,-0.03706636952241946,-0.5109369649531303,-0.00507971018570319,-0.5058572547674272,-0.5713344636109658,-0.0680452086068627,-0.5032892550041032,0.138427734375,0.546875,0.1133880615234375,1.08203125,0.10638427734375,0.4453125
GaPt09_01,GaPt09,1,pd,0.6497899801589286,0.6821411946330826,-0.0352478908461517,-0.1471801647150309,0.311844300232886,0.2813987466106268,-0.0060288776385091,0.0033281978797275,-0.7692460135681362,-0.2828573510038258,-0.2892117311537405,0.1749569103724323,-0.595666582008859,-0.4206207800346929,-0.1665451135029486,0.1226352278383285,0.1434785083421793,-0.2607129678143081,0.217835621041714,-0.081952548196183,0.1126543817454684,0.3208696260286344,0.2655812393116365,-0.2826207040029532,-0.0433575397399855,0.5613053879037626,0.16624498263948,-0.2974451826432972,0.6655712625468987,0.7711917516977602,0.4335256349868024,-1.021988765611695,1.0139062499999785,0.1455978911305956,0.0505011111936509,0.2935594334366517,0.510783681053822,0.4485172376634547,-0.2094346023173393,-0.0928989860457883,0.5928978926044953,-0.1049230774021311,-0.2802139313738643,0.1473302690525043,-0.3226313363805773,0.1764862323989751,0.5454730847349685,-0.5361310884504831,0.0253395245005272,0.0002119664247184,0.4339745408432825,0.1592247659107787,0.6517652070382892,-0.7075353276159931,-2.3919561328252974,0.6777113935323062,0.381146351615367,-0.386648085216427,0.5800335657137227,0.134909027691007,0.6799772910268369,-0.8035314917281106,1.0043749999999787,0.0733800804483038,0.0452657534368747,0.419851661210415,0.5099311175733228,0.4480412842333865,0.3417535556039285,0.6965324975720059,0.084832860111478,-0.0922644234174643,-0.4352988412474639,0.8422782451087537,0.7501138936988629,-0.4276098746891792,-0.2724154765741242,-0.2072754303824609,0.2211237954477945,-0.0427962461933993,-1.368126088883041,-0.0684405395022197,0.2101867315330947,-0.0064558322516357,0.0589377575770398,0.55637037697808,0.1067817806052851,-0.2513336227591105,-0.6670254175120018,0.7897839734122419,0.5518859668934425,-0.7777792750227426,1.0234374999999782,0.192139670860007,0.0545019740855474,0.2254278672555384,0.5116362445343212,0.4489931910935229,34.0,17.0,3.0,12.7,69,1,0.894,-0.03340315805278486,0.2612829494698187,-0.2946861075226036,-0.01886311393635809,-0.0799929354744087,0.061129821538050605,0.03978606887894077,0.16814126161650925,-0.12835519273756849,-0.012672177442030972,-0.03776571925947838,0.02509354181744741,0.38575272691627227,0.6098266206206264,-0.22407389370435415,-0.16660370251822643,-0.19973498202376883,0.033131279505542406,-0.780770780854752,-0.17255439713529153,-0.6082163837194605,-0.6455797762061904,0.010343117000689017,-0.6559228932068795,0.18109130859375,0.6015625,0.1328125,0.9375,0.0825042724609375,0.43359375
GaPt09_02,GaPt09,2,pd,-0.4197981708294911,0.3896320165886665,-0.6352821206622543,0.0945109231901802,-0.8453792728990122,0.1839741790471182,0.1958419591205147,-0.0044513653063437,-0.7660651940006349,-0.1663640648933543,-0.3359936103288308,0.1795321807947507,-0.3476337867548268,-0.3935332529527871,-0.0959802845810632,0.0786567947832098,0.2089654715992483,0.140518008259917,0.1692081174579615,-0.1620496218630767,-0.4540029041337832,-0.0442771277966298,0.2164416367070403,-0.0625090144088028,0.2377517526174408,0.0268186056537134,0.2464992437349283,-0.1857500243048638,-0.3443307694468956,0.6119852876223715,0.3243723219613627,-0.4225850942295814,1.0109374999999785,0.1619811333414942,0.0439349425663576,0.1237466768573485,0.5095303582605536,0.4478619398014181,,,,,,,,,,,,,,,,,,,,,,,,,,,,,,,,,,,,,,,,,,,,,,,,,,,,,,,,,,,,,34.0,17.0,3.0,12.7,69,1,0.894,-0.22577633750477064,0.11155404778603942,-0.33733038529081005,0.0367406406817188,-0.028053632872203527,0.06479427355392232,0.01842987978052193,0.062049524024305275,-0.04361964424378334,0.004904019879040641,0.0029782978202041637,0.0019257220588364777,-0.391426417702786,-0.1329791780385871,-0.2584472396641989,0.06348121722607314,0.02043429060242538,0.04304692662364776,-0.6025077626151909,0.03631614013668716,-0.6388239027518781,-0.7324185967425992,-0.03993509919436422,-0.692483497548235,0.1647796630859375,0.58984375,0.14593505859375,0.9765625,0.0749359130859375,0.41015625
GaPt12_01,GaPt12,1,pd,-0.7039289963487738,-0.2840158637871673,-0.6866848775623354,0.208285624685444,0.6330951990090299,0.589535722412897,0.3566910052847266,-0.2779005830313272,-0.9238774509138898,-0.19313912918383,-0.3437133272413236,0.1881259317658105,-0.4597136671820658,-0.4292288695642096,-0.146425994687716,0.0875826239890933,0.4128231364145735,0.0207171553784633,-0.0239350527243617,-0.0554307227383503,1.1833263005581929,0.2074334626754251,0.0983526043994729,-0.4610380083577318,0.3468052166264139,-0.2311761577110493,-0.0203346791139536,0.009225177582909,0.3798858950603815,0.5170355100107149,0.2794508654981964,-0.4547472088144066,1.0101562499999786,0.1096058534671676,0.032886480526146,0.1585357972422029,0.4998252375064491,0.4402492343008253,-0.4167927124023124,-0.8638473402682159,-0.8987780181171876,0.2106061347158272,-0.3851699776651112,0.3944600985523301,0.7689626918749719,-0.4342947743965225,-0.0234197106485819,0.0793468767746932,0.080283103343661,-0.0543842809486565,-2.7231136795166058,0.8039796559333687,-0.9894191122667734,0.1031910362091292,-0.0733257657439912,-0.1735360418456629,0.0410228420953094,0.0243483404064707,-0.744211784797471,0.7203867951350706,0.094621112742922,-0.2488223657294442,1.0209374999999783,0.1498821732422951,0.032993598599347,-0.0049305388878336,0.4993888329836085,0.4378989429446799,0.5149481235266077,-0.7762779269857878,-0.3538550276724448,0.1301921482360474,2.2607087963650354,1.0136839036715486,-0.4896469828321115,-0.2561234550170747,-0.2423600262000977,0.3043827683205675,-0.1812096578457106,0.0183428334507752,1.102205413824056,0.5944568188214091,0.0205661759262983,-0.5329212872663813,0.5574611780334948,-0.8261717526733428,0.4603054080180165,-0.2456034048716563,-0.1992167753097302,0.8199483827215338,0.1031618984180696,-0.3718403255600955,0.9993749999999788,0.0354856991193135,0.0275737171043486,0.2315455228566719,0.5002616420292896,0.4425995256569708,25.0,7.0,2.0,8.37,59,2,1.261,-0.8957903244087947,-0.48380903755944277,-0.4119812868493519,0.1432713604887491,0.0690324943804033,0.0742388661083458,0.30963092157033495,0.3695337991698227,-0.05990287759948778,-0.06987932404392898,-0.0716133292227679,0.0017340051788389222,-0.5585057444678065,-0.21576035286404893,-0.3427453916037576,0.07294777515268401,0.012643043407934401,0.06030473174474961,-0.7174609618490388,-0.10951412293104734,-0.6079468389179915,-0.6537446909838651,0.004235038062989083,-0.6579797290468542,0.2454681396484375,0.67578125,0.13616943359375,1.0234375,0.0699310302734375,0.39453125
GaPt12_02,GaPt12,2,pd,0.5861535624485277,0.1155893220995095,-0.5240204391082637,0.0957591325677491,-0.1960922997410904,-0.1961535961934363,-0.2190994278064374,0.2129953248596825,-0.8603872794172427,-0.143589540072288,-0.2695476203710203,0.1608106344998934,-0.5911039534108978,-0.0863682154312899,0.0571557129080705,-0.0370505009646912,-0.5449896388571746,-0.8556495121150206,0.5863942704588812,-0.2114247844658938,1.3875322426950552,0.5645049484843886,0.3953065362221939,-1.4278350780821565,-0.1372447235030729,-0.6188420655024742,-0.3979925349800827,0.2454288673970188,1.1162054730386106,-0.0731324784068475,0.1266491939917975,-0.3403843336137566,0.9587499999999796,0.0515517791529333,0.0349210979896212,0.178184588017422,0.5018223624093685,0.4429878410149006,,,,,,,,,,,,,,,,,,,,,,,,,,,,,,,,,,,,,,,,,,,,,,,,,,,,,,,,,,,,,25.0,7.0,2.0,8.37,59,2,1.261,0.14354550827769125,0.4742893148835457,-0.33074380660585445,-0.043941866284086126,-0.10744270514286575,0.06350083885877962,-0.4154288145807137,-0.4107093550805143,-0.0047194595001993755,0.04696793260802983,0.05273669802081854,-0.005768765412788705,-0.6963880102800168,-0.4944005056148504,-0.20198750466516643,0.13132672622099217,0.10710187978617139,0.02422484643482078,-0.5599320148233017,0.009619746456729583,-0.5695517612800313,-0.6385185569490405,0.02947735998272294,-0.6679959169317634,0.24896240234375,0.6796875,0.12445068359375,0.9765625,0.081787109375,0.421875
GaPt13_01,GaPt13,1,pd,0.4583421159977699,0.1598133166204547,-0.1053385558850851,0.0093110467869487,0.9521826678080696,1.0325267094925472,0.5401533655315406,-0.6325541765012985,-0.7013430237982163,-0.1847681134959402,-0.3070499822666471,0.1648155766931096,-0.6946523136880758,-0.4128406863598391,-0.2855015493115369,0.1657511512981316,0.9668009699410928,1.1171545798829303,-0.107089438594282,-0.9881001510074312,1.5255013191677835,1.289192048312674,-0.7387845013291937,-1.5907488394035338,0.3434266433771778,0.2793791579699389,-0.1428934550091211,-0.0633499592470646,1.4730438401549504,1.3036224857023055,-0.3783462166808182,-2.108269471749573,0.9592187499999796,0.0595645645878073,0.0391633030328001,0.5254811258311437,0.519518620200883,0.4882639157699027,0.245158152027676,0.4001469247306775,-0.1552362021736792,0.0265709650060098,1.2194304289039168,1.1754173373571963,0.075070447126998,-0.4040199357112117,2.042011022738744,-0.3995096543676134,-0.6630932727872524,-0.6097068770447633,-1.742403140415283,-0.6061084672987336,-0.5199303390003223,0.3168940607736847,-2.21555848843914,0.8924479409897629,-0.3344521362568028,-0.0997232240481423,-0.4192112110028692,-0.0224804437254016,-0.3915118317231398,0.1714064419756713,0.9703124999999792,0.0304696265151308,0.0144817373286778,0.1520066452430972,0.5154454125147669,0.4771882140374453,-0.0200949481034721,0.3788868742569096,-0.3269743984162584,0.0747260893233042,-0.5432543218799797,1.82177493215887,0.4372937605506148,-0.518424793012896,0.3321041549585197,0.6890504639852705,0.5931392070546214,-0.9782211912263876,1.010959726582785,1.015860702589412,0.3072594381350795,-1.3688871246364795,0.0529075121872828,-1.3059597162268408,0.1741313442048934,0.0690072213883419,1.0789791475500818,0.98487712138838,0.4581356659823412,-1.875963656962872,0.9481249999999798,0.0782626255858502,0.0508817109942305,0.5029236767046908,0.5235918278869991,0.49933961750236,38.0,21.0,2.0,15.51,70,1,0.726,0.07866821241517717,0.42238823819280724,-0.34372002577763006,0.006546537259033057,-0.06671118781781463,0.07325772507684769,0.15811375356477403,0.43102976846045904,-0.272916014895685,-0.007516191924994861,-0.06424098289557242,0.05672479097057757,0.0026406090166975335,0.04095888221988271,-0.03831827320318518,-0.004711781802631724,0.018161227886931433,-0.022873009689563156,-0.5735829552349937,0.07035004550760204,-0.6439330007425957,-0.6699068313760278,-0.0024973170686045654,-0.6674095143074232,0.17425537109375,0.5859375,0.1474609375,0.90625,0.0971527099609375,0.44140625
GaPt13_02,GaPt13,2,pd,-1.3729753676622234,0.1147550289055219,0.3104498524474984,-0.0393432848983025,0.4715196908668925,0.396331880108043,-0.1523657274828546,0.020354096669946,-0.8169416348065377,-0.154611320697329,-0.3664491781506557,0.1697583380216827,-0.8707046040314586,-0.4849630210493456,-0.1347892419622322,0.1418833398674428,0.5791989942396456,0.5475748079738195,0.330818214003526,-0.594877634404307,-0.6839612908813344,0.3211197264768593,0.054935888994611,-0.0591066367099081,0.3779057779669975,0.5128154080545849,0.3982936862693795,-0.5832536712056027,1.272161074866387,0.7687270352955438,0.2921114830805459,-1.3245256129760303,1.0589062499999775,0.2003532964099873,0.040332642858988,0.3068345313214507,0.5130621681011096,0.4802279084195941,,,,,,,,,,,,,,,,,,,,,,,,,,,,,,,,,,,,,,,,,,,,,,,,,,,,,,,,,,,,,38.0,21.0,2.0,15.51,70,1,0.726,-0.1781931405883453,0.09069797192194518,-0.26889111251029046,0.04520220707188008,-0.013074016686841515,0.058276223758721594,0.2226606099507697,0.30654836736086316,-0.08388775741009347,-0.0257170257765184,-0.045368005325618146,0.019650979549099744,0.1693386373647525,0.34156563634166903,-0.1722269989769165,-0.020067590289866172,-0.04831737876940251,0.02824978847953634,-0.7448164746532813,-0.1362841055845746,-0.6085323690687067,-0.6677750033768394,0.03594885210568799,-0.7037238554825274,0.1052093505859375,0.53515625,0.0810546875,0.90625,0.0903167724609375,0.43359375
GaPt14_01,GaPt14,1,pd,-2.486498417389849,-0.1208433867014008,0.0086891361404862,0.0903812913118123,-1.110834830877237,-0.7154745773924874,0.0003499360835948,0.2071558538742621,-0.8169485949288257,-0.1937544722729311,-0.3337848291581941,0.1776902810819406,-0.6499136289015188,-0.1849907258891694,0.0317347094521007,-0.0068688833834041,0.0799001510335923,0.1252169580089411,-0.1873137879068649,0.0384623272431514,-0.3112687376638076,0.1063348493999331,0.3782096973836177,-0.2372993703136307,-0.3480550445023971,-0.1600289920625656,0.006565841263255,0.0641728712587789,0.3359935654536338,0.5602741681855486,0.2224132697441994,-0.4169398153724446,1.027968749999978,0.179107356082575,0.0628272421831744,0.1409495852506324,0.4999511548089523,0.4398510870750949,0.3399883869665814,0.5422272951811474,-0.67144348522883,0.0873085442385857,-1.80286586699582,-1.405928795623604,-0.0076121446174687,0.2618466754130502,0.2791928428295093,0.0706781105670006,0.1714426524544486,-0.1452310541164733,0.9287927045558504,-0.4073040272954835,0.3592182833098642,-0.3395482242482376,-0.4971354283383918,-0.4322660347664223,0.2294803043880382,0.0068511063956323,0.1579116849219328,-0.3939829661558418,-0.2062680097281377,0.1276840984277524,1.0174999999999783,0.1883189507754869,0.063193705357743,0.0992520029062696,0.484828162916105,0.4360614402970712,0.3541859315768561,-0.4823175882926261,-0.0312110916539518,0.0649138893565489,0.3748131971665733,-0.6309849605509346,0.3494880112764814,0.0341511701176022,-0.940441360565129,-0.7100668741512105,0.0123926357176609,0.1614045849366033,-2.576292301444824,0.4945523022447285,0.1408156596754773,-0.1128493561677993,-2.491310756844678,-0.914888005283872,-0.2368030265007023,0.2843004289303796,-0.0319740232431546,0.784394918153888,0.3534926879263882,-0.5971954996754459,1.038437499999978,0.1721269613744963,0.0591036539441692,0.017827596379537,0.5150741467017999,0.4436407338531187,29.0,19.0,2.0,,56,1,1.369,-0.19892718716121255,0.20750515471080272,-0.40643234187201527,0.031578205757919926,-0.04516944877151407,0.076747654529434,0.21134876474375647,0.09275979468394394,0.11858897005981253,-0.03437938865219828,0.014750422131207842,-0.04912981078340612,0.03714890928646753,0.1938750087324763,-0.15672609944600877,0.008281149308190522,-0.009838917883626423,0.018120067191816944,-0.4166060086689966,0.16360416226382662,-0.5802101709328232,-0.8185484581153738,-0.11888761929152358,-0.6996608388238502,0.1202239990234375,0.54296875,0.0585784912109375,0.87109375,0.073974609375,0.484375
GaPt14_02,GaPt14,2,pd,0.4944573957703792,-0.4979175669400411,0.0911498441797611,0.0444394914463361,1.0806277731975251,-0.429819602811835,0.678788113812035,-0.3927824218164376,-0.7577392360963108,-0.0843761628942053,-0.3304634518143092,0.1635853236491148,-0.8720441456107533,-0.2398757273851543,-0.1613682095476352,0.1296690310434301,0.6424355439661545,0.6022690331817323,-0.1214408594384316,-0.2831738300059245,0.4820272858114286,-0.0936467123633263,0.1568950454224258,-0.1412998538110379,0.1956032801159383,0.6759574985253529,-0.5546501459147977,-0.0537689013866185,0.0987463006949676,0.4964995289230521,0.1737196530389146,-0.2913900032156041,1.0137499999999784,0.1601853854460068,0.0707190539591897,0.1706451400745962,0.5108761537463182,0.4353459504925763,,,,,,,,,,,,,,,,,,,,,,,,,,,,,,,,,,,,,,,,,,,,,,,,,,,,,,,,,,,,,29.0,19.0,2.0,,56,1,1.369,-0.7087965019699964,-0.29570733747910477,-0.41308916449089167,0.11966338090401994,0.048471855705921454,0.07119152519809849,0.04800762381798235,0.04023444680668466,0.00777317701129769,0.020133103245866174,0.031490822309490595,-0.011357719063624422,-0.4730183832275193,-0.19332973459080932,-0.27968864863671,0.09201280645869955,0.04517791475929967,0.04683489169939988,-0.3548081631994766,0.09401680342145396,-0.4488249666209306,-0.6582235999306922,-0.08661622708705685,-0.5716073728436354,0.1358489990234375,0.54296875,0.146240234375,0.984375,0.0903167724609375,0.43359375
GaPt15_01,GaPt15,1,pd,0.5303749960188162,-0.6795939949591745,0.4109030906972147,-0.0529691496205183,0.99236826212413,0.4226312620806214,-0.5559924961948121,0.078192466397793,-0.9093763510445422,-0.0764203293893199,-0.2614138724628892,0.1355162249606644,-0.6488362232898689,-0.3594616272976974,-0.0177395217553261,0.0544846919405863,0.7169728679047253,0.7649229743452763,-0.1677746207225017,-0.3870577107181208,1.6705223401953686,0.5466452582892051,-0.0144031817265234,-1.1149711662274038,0.4711449436299196,0.3654191503449991,0.0007842683032475,-0.1923292985426399,1.521018495226671,0.7901011185580104,-0.2162832240182516,-0.9480094838930664,1.0851562499999767,0.0734471830083088,0.0403787352820686,0.44499553191695,0.5262781265011878,0.443166876084671,-1.290706632311171,0.2850695549466317,-0.464386450032965,0.2095888098545609,1.295985456695686,0.2334298269049841,0.0368713970196541,-0.0017778836969941,-0.3204752389623755,1.039369944407302,-0.0887943725999269,-0.4122898251437424,0.7848085880345212,1.576222164612768,-0.2859106850087852,-2.0755421121193582,0.4300407041009614,0.584405700063884,-0.1905098001915581,-0.1732058720395587,0.8140992231281675,1.3193197965152026,-0.1515753098531922,-1.159178667731233,1.086874999999977,0.1018245978502974,0.042872275921583,0.5277915162736954,0.5331891623519961,0.4474464495370562,0.1956403104142989,0.1876250209157178,0.9455810515439464,-0.3942603179466684,-0.3660161063135323,-0.351553274676737,0.0364429762345601,0.1741636255607866,-0.1484011396195948,0.6615796577679914,-0.3479601460601085,-0.0645142746964071,1.1857479363742278,0.5811481732700777,0.2263921624980725,-0.7778785044162624,-0.2493034516272625,-0.0304140419222424,0.3600692691806854,-0.1760937739998031,1.210852864867142,0.8571563605525602,-0.2249255687933232,-0.6419364748941652,1.083437499999977,0.0236318204116605,0.036746652398016,0.3151102426470881,0.5193670906503794,0.4388873026322857,33.0,20.0,2.0,10.32,81,1,0.948,-0.7182192162190295,-0.3309199834952396,-0.3872992327237899,0.12354431070619985,0.0523131113885435,0.07123119931765635,0.6671370490431363,0.8002152459156575,-0.1330781968725212,-0.22537964814959383,-0.24796176671891118,0.022582118569317362,-0.18742590416563393,0.1770511592014658,-0.36447706336709973,0.04671092916713718,-0.0033147651246530005,0.05002569429179018,-0.41277695283305094,0.10370533446137087,-0.5164822872944218,-0.6039731905810927,-0.019320328631099337,-0.5846528619499933,0.1174163818359375,0.52734375,0.13958740234375,0.9453125,0.0785980224609375,0.43359375
GaPt15_02,GaPt15,2,pd,-0.4929640381026081,0.570642933215735,-0.1887172656908783,-0.0332756675081388,1.4017772090245908,-0.1447338275739265,0.0583529651604969,-0.1366568591927988,-0.7995980294079514,-0.1597333836849488,-0.2914400856747999,0.1688664239868443,-0.6745875141867351,-0.2475708219629403,-0.0300270194762752,0.0716253500389472,0.1833200339060665,0.4632506832656076,-0.1156847511916593,-0.1175503404971318,1.3033996215718886,0.3952133736033045,0.5026515794813501,-1.3351938911792316,-1.1126699883944604,-0.1586496363176005,-0.3344933599089043,0.2209695998583107,1.3723174145460575,0.5576011800807039,0.3078501278947292,-1.1766725463216117,1.0074999999999783,0.0415121730120221,0.0383593171955228,0.3322282767043018,0.5225585864852039,0.4391927444874028,,,,,,,,,,,,,,,,,,,,,,,,,,,,,,,,,,,,,,,,,,,,,,,,,,,,,,,,,,,,,33.0,20.0,2.0,10.32,81,1,0.948,-0.20583841791799726,0.20253885907002564,-0.4083772769880229,0.04395636602932126,-0.026471418401154946,0.0704277844304762,0.8058289223644004,0.8109680588374302,-0.0051391364730297645,-0.3105990560671086,-0.29669997483124666,-0.013899081235861898,0.4446494225330944,0.643274554864421,-0.19862513233132656,-0.13769238470105621,-0.16121973857809635,0.023527353877040132,-0.5926731867137434,-0.045415127476657324,-0.547258059237086,-0.7712835414505446,-0.1292500748461406,-0.642033466604404,0.1259765625,0.53125,0.05657958984375,0.8671875,0.08636474609375,0.4609375
GaPt16_01,GaPt16,1,pd,0.1462017401543587,-0.476941588641801,0.3395300485020217,-0.0294479415660466,0.7895274068983191,0.1143954903873466,0.1855424001350832,-0.1161909411364648,-0.7979754835331623,-0.1291209717747181,-0.3172631338026053,0.17154206675444,-0.6605547476386132,-0.153916329306602,-0.0523802166308306,0.0391955548689206,1.663292652341241,0.2801840022231712,-0.4269742547685904,-0.537315451771596,1.4156428773426522,-0.1601292682891539,-0.2895080604908679,-0.2406081183113369,0.7824352449124374,-0.1600945598336894,0.203163856466562,-0.2367668803403736,0.6343059786480953,-0.2131544882451534,0.251918568263222,-0.215487732295478,1.0582812499999774,0.0174605650037647,0.0091344063001164,0.2522108691665037,0.510124496972977,0.4424873681476685,-0.0591443174614549,0.2937678457807069,-0.4659066293729154,0.1081845851550643,-2.427786957410513,0.5740140151323054,-0.2042872814831625,0.0710862893970996,1.263855748293636,0.4241308317300772,-0.6611829012054031,-0.2039572854950305,-1.2388315770249951,0.7549148549342781,-0.1490115046481401,-0.1166362061711309,-0.98805733126978,0.2584112696576737,0.329977187723651,-0.1857657926411579,0.9026108178935832,-1.2803598357666506,-0.0541963600101191,0.0207942959556353,1.0649999999999773,0.0161757139758518,0.0076728792528831,0.135893326205587,0.5120625408375703,0.4415055617827542,0.3453355854894943,-0.1364564481395684,0.9203876375744128,-0.350727236920437,1.3496852703497106,-1.48382170063792,0.981424446216892,-0.4737051608630604,0.6334138057884361,1.3506072229046735,-0.4346918201077339,-0.8604947783141693,1.152301089617185,0.045965269624627,-0.1438531200319646,-0.2125889491118376,0.8650380326312839,-0.4576410456212693,0.2837029588878917,-0.2445940778430873,0.3053364062001957,0.390865263039491,0.3757794445012001,-0.4287514546805024,1.0515624999999775,0.0165787862381169,0.0096472590879358,0.2123210668965928,0.5081864531083835,0.4434691745125827,18.0,10.0,2.0,8.74,79,1,1.048,-0.1948669236091149,0.07415096567032842,-0.2690178892794433,0.041406191594785806,-0.010943074068096775,0.05234926566288258,0.21031634216793837,0.24546784853487413,-0.035151506366935745,-0.051094236335020464,-0.06366057207331458,0.012566335738294118,-0.43628741618136824,-0.24487900021343983,-0.1914084159679284,0.06335326966110728,0.03461916463229314,0.028734105028814138,-0.26711245856188115,0.35742794956745916,-0.6245404081293403,-0.6798627986955629,-0.0038551404698032865,-0.6760076582257596,0.17913818359375,0.6015625,0.1479339599609375,0.94140625,0.0635833740234375,0.45703125
GaPt16_02,GaPt16,2,pd,-0.4301993795962034,-0.2707056604398105,0.426860767849631,-0.0724714698127802,0.5098300180950379,-0.2733299658725587,0.4738723298352012,-0.2283792934496704,-0.8511386364705779,-0.161696307669148,-0.2785186668157863,0.1607838524967668,-0.6912043228558635,-0.0663136430928078,0.0064744737344776,0.0015951532083731,0.862609028510193,0.4190911701915971,-0.1626037035225498,-0.2394827887465194,-1.2609972109813528,-0.1231723615475014,0.3894288913003605,-0.1193326934222901,-1.2556112859139428,-0.6681674160822874,0.0575768954157822,0.1577814360073023,-0.0313656659309154,-0.5453774895322671,-0.0181039827209641,0.1052496402485276,1.036718749999978,0.0185146332267166,0.0084600337078831,-0.0204473998318541,0.5055148826879091,0.4407869497356704,,,,,,,,,,,,,,,,,,,,,,,,,,,,,,,,,,,,,,,,,,,,,,,,,,,,,,,,,,,,,18.0,10.0,2.0,8.74,79,1,1.048,-0.9029711783356338,-0.6230919710746998,-0.2798792072609339,0.12362279792991139,0.06774001275596833,0.05588278517394305,0.3988563742343434,0.5652543199002411,-0.16639794566589772,-0.09851113767382598,-0.1263410558868675,0.02782991821304151,-0.3336024196168544,0.03366056408428636,-0.36726298370114074,0.07789528460881667,0.019522545811589166,0.05837273879722751,-0.47776451309618934,0.17607777025599086,-0.6538422833521802,-0.7678604618692445,-0.06557118705204146,-0.702289274817203,0.1491546630859375,0.58984375,0.1376953125,1.03125,0.0676116943359375,0.40234375
GaPt17_01,GaPt17,1,pd,0.4591549564231802,0.114511721695858,-0.144339933246748,0.0311928316807859,0.1976659369141703,0.6873392693163484,0.3992469955657367,-0.323576477613419,-0.7668534636325294,-0.0958514534083851,-0.2865515225376176,0.1439929678708902,-0.5123675563113786,-0.3408725536903868,-0.1808866337283887,0.1245123417238317,-0.9161063378045976,-0.3374283219844632,0.0671052177084175,0.1001208380170144,0.9906258789030696,0.8071886454353335,0.4024304491553795,-1.289032471334484,-0.1731327055441409,0.2053222988577384,-0.060831391505318,-0.007178059762817,0.4745788779275719,0.6239717142864999,0.504680842490689,-0.8775837083375636,1.1795312499999748,0.0639166356135488,0.0399246079002849,0.3119134699378907,0.4864141151204199,0.4485042296857043,0.3468580867527081,0.7654519442145717,0.2300170967050218,-0.0991581769409599,1.9201898427668855,0.9946609343172425,-0.0211466166878604,-0.5183088417098952,-1.805789274321406,-0.0900519711473128,-0.057381678692855,0.1281932049151564,0.5072811522421108,-0.995155694851264,0.7058847584739312,-0.4929591128729119,0.1226775114197747,-0.2880487337373727,0.4562243853315086,-0.2431177594299762,-0.5044265673308612,-0.8063662788007963,0.7225507437048122,-0.3623302171838237,1.1856249999999746,0.0543214283913986,0.0416183373327291,0.3489130859110592,0.4906041829564912,0.4557002479982501,-1.1748525100376248,-0.0745318763985585,0.0684052108073832,0.116666620580391,0.9284514607390572,0.295437983879119,0.2860486764238067,-0.0580756848034025,-0.441725146782423,-0.399028201460317,-0.0705150686324639,0.1337025910002783,-1.4516494711475252,1.039223887104174,0.5004309873441946,-0.9404570225736946,-1.1486123517538762,-0.5498540209703574,-0.7467975285588856,0.3391138710224139,-3.0514976381993293,0.5067776193436307,0.82938067139444,-0.9544400160672496,1.173437499999975,0.0729438484375647,0.0365293281136065,0.1565488973771625,0.4822240472843484,0.4413082113731586,44.0,27.0,3.0,14.81,71,1,0.731,0.21361800020649713,0.4635255019048504,-0.24990750169835327,-0.03700926629845471,-0.08988922293612203,0.05287995663766732,0.050867123534976744,0.10388324157054038,-0.05301611803556363,0.01498448938861754,0.008308919943910803,0.006675569444706736,-0.04380640215290169,0.20087276583245664,-0.24467916798535833,0.013228532535468865,-0.033799872765464485,0.04702840530093335,-0.8493378389590748,-0.34889064765678235,-0.5004471913022924,-0.7889066156096659,-0.11664021624123999,-0.6722663993684259,0.1205902099609375,0.55859375,0.0683441162109375,0.87109375,0.07464599609375,0.4609375
GaPt17_02,GaPt17,2,pd,1.7362071166754909,0.240617897237882,-0.2578102204244457,-0.1200832396891085,0.7684065308482236,0.2105837586235117,-0.4085659852898853,0.0818810807779673,-1.055552228284018,-0.1238171362529563,-0.287756103592456,0.1726739279769434,-0.541583726909861,-0.2506634720338411,-0.1199082607961002,0.0772272260086281,-0.6613936052099711,0.2301430642264975,0.0768448299300733,-0.0424396886912049,1.1780272900292832,0.8334768665958435,0.1714582228094893,-1.0749110976057168,0.1296744045789353,-0.0391784390357553,-0.5208258328382455,0.1687261277441068,1.208892117701924,0.8741464806334011,0.4008690568681124,-1.815027449882964,1.1479687499999756,0.0498887459083619,0.0508904170723216,0.3436128002079041,0.4922624726942828,0.4516070700849668,,,,,,,,,,,,,,,,,,,,,,,,,,,,,,,,,,,,,,,,,,,,,,,,,,,,,,,,,,,,,44.0,27.0,3.0,14.81,71,1,0.731,0.1352829001767756,0.5027859499339947,-0.3675030497572191,-0.04268507921855205,-0.11640948337082456,0.07372440415227251,0.580659349300449,0.8851432928578121,-0.3044839435573631,-0.2125788073152557,-0.27573259026805064,0.06315378295279495,0.434592833440246,0.7548397496354045,-0.32024691619515844,-0.11261216945916597,-0.1618662760910918,0.04925410663192583,-0.6001067536884189,0.0067329779268199275,-0.6068397316152389,-0.6295279102045882,0.05664669953212942,-0.6861746097367176,0.1260833740234375,0.54296875,0.0958099365234375,0.91796875,0.0727386474609375,0.43359375
GaPt18_01,GaPt18,1,pd,1.473089808522365,0.3299061981274228,-0.179021764450421,-0.1395637638781889,0.7977257117062282,0.4489870048106873,-0.3315394626316752,0.0161517933202009,-0.7924349201308923,-0.2131054371424971,-0.3665445595664807,0.1921544521660238,-0.5709029077678656,-0.4890667182210167,-0.1969347834543103,0.1429565134663945,-0.6613936052099711,0.2301430642264975,0.0768448299300733,-0.0424396886912049,1.1780272900292832,0.8334768665958435,0.1714582228094893,-1.0749110976057168,0.1296744045789353,-0.0391784390357553,-0.5208258328382455,0.1687261277441068,1.208892117701924,0.8741464806334011,0.4008690568681124,-1.815027449882964,1.1479687499999756,0.0498887459083619,0.0508904170723216,0.3436128002079041,0.4922624726942828,0.4516070700849668,0.6875449297587337,1.3239057986628953,0.173584123927922,-0.2771177941286523,-0.3502378579067303,0.1552320459810905,0.1652858477146165,0.0469873725313554,-1.890899230871729,-0.164061652291572,-0.1412437576606665,0.171014730337222,-0.5412086355701062,0.9144139343352816,0.3202340212438354,-0.6044180990793248,0.8936447119764245,-0.0406389498589468,-0.0275751803163776,-0.1502518443139157,0.0381891130690788,0.7650964557264132,0.7757999252207328,-1.5174907331499663,1.1446874999999757,0.0522271068400982,0.0444845733637855,0.3329192578777704,0.4928106733073934,0.4526875421734495,0.2749610079909261,1.1158145581141687,-1.3358776328967112,0.0846218809999106,1.4623266676871454,0.6936852510350493,-0.1566232821667295,-0.097627350669905,0.7430992846959237,0.1858483710702226,0.1933267988426004,-0.3047208858499588,0.341569669110478,1.086203268396977,0.4715019431017645,-1.3830803963501337,-1.0354149249452629,-0.1114500951749867,-1.0737527630018762,0.3276200056359991,0.3218531048589734,1.19709517202815,0.5702469014352257,-2.275694313960183,1.1512499999999757,0.0481231343706421,0.0570037507902482,0.3403797118315306,0.4917142720811721,0.4505265979964843,29.0,20.0,2.0,12.72,76,2,0.889,0.1352829001767756,0.4339553921791167,-0.29867249200234114,-0.04268507921855205,-0.09407069468972162,0.051385615471169564,0.580659349300449,0.704009542773922,-0.12335019347347302,-0.2125788073152557,-0.2454261611042909,0.03284735378903523,0.434592833440246,0.7106171420227969,-0.2760243085825509,-0.11261216945916597,-0.152382811159642,0.039770641700476034,-0.6001067536884189,-0.02600481151267342,-0.5741019421757455,-0.6295279102045882,0.049027153373402355,-0.6785550635779906,0.1260833740234375,0.54296875,0.0958099365234375,0.91796875,0.0727386474609375,0.43359375
GaPt18_02,GaPt18,2,pd,0.7355766873275373,-0.1376429582226002,0.1319544410660848,-0.0390328539657905,0.4463157311923877,-0.6453990578511546,0.2062733767606787,0.0233981660649656,-0.8360940693555159,-0.2694069126077439,-0.1374248621856051,0.1274994085494202,-0.4293442737289057,-0.3213736849320034,-0.1519331468732474,0.0877108097052625,0.5651481287047015,-0.0944729431646693,0.166855214841516,-0.1667834893564515,1.2816575256489808,0.1498320319510927,0.5346302497073276,-1.1296122823638697,0.5323879221203832,-0.0697318617660256,0.0482192291725427,-0.0944250440522613,1.3802293792655669,0.6248651109405677,0.2458716856209309,-1.1567687191726128,1.1456249999999757,0.0448571086844536,0.0245094639930454,0.4188154761853674,0.5111366937416502,0.4606288728976717,,,,,,,,,,,,,,,,,,,,,,,,,,,,,,,,,,,,,,,,,,,,,,,,,,,,,,,,,,,,,29.0,20.0,2.0,12.72,76,2,0.889,-0.2310226553633658,0.1242834702888308,-0.3553061256521966,0.04809113103498594,-0.01968137254537168,0.06777250358035762,0.2060583597977399,0.4654019972887189,-0.259343637490979,-0.04357582902549159,-0.10049438346299124,0.056918554437499644,-0.0961469192446694,0.1345305017653967,-0.23067742101006608,0.0439318271371384,0.006415346113451688,0.03751648102368671,-0.5523595160045813,0.04841488906534386,-0.6007744050699252,-0.6184485631062133,0.022750546669715765,-0.6411991097759291,0.16253662109375,0.5859375,0.12591552734375,0.9453125,0.0677337646484375,0.42578125
GaPt19_01,GaPt19,1,pd,1.1129347729700083,0.0120227852640485,-0.2156042262219292,0.0227965327734509,0.4205795587599413,-0.8061691319203808,-0.0261329980167936,0.1242426321923852,-0.9515091341289316,-0.1935086983230296,-0.219700196321941,0.1465474851769036,-0.6050440117882129,-0.3109341098278921,-0.047619511865843,0.0676789346359465,0.5490267160360695,-0.1191793682632668,-0.0067313802668031,-0.0581313489893974,0.7144397202481253,-0.4884426697640843,-0.4561264337556004,0.1315297969280221,-0.8279621911867778,-1.1424398157604163,0.1396975974888414,0.1448922740284861,1.1788194426427734,0.4060711234581184,0.4350139760061312,-1.0191353619331758,0.9818749999999792,0.1979935035075685,0.0404810514120736,0.0944843715424145,0.4982305302693766,0.4561059583859747,-0.4450202020455999,0.4333246391068489,-0.062070556622597,0.0719862882118831,-0.6420850951781146,-0.9015828044467792,0.2035531566697415,0.1674415476818584,-0.7018908722212404,0.1950679707958902,0.0098250947602172,0.0037785766912796,1.2797206214427488,-0.4527623130173895,-0.4474490837749743,-0.0483036864092634,-0.9440123490869318,-0.3493447576202919,-0.0713615003002102,0.1518752814285036,0.6980186422340228,0.7853702469352655,0.3853711986035542,-0.8826529098216495,0.9743749999999792,0.1934123557673879,0.0379167926345265,0.1349662701924414,0.5035856077616065,0.4549126468452831,-0.2563575599951155,-0.9637341469954774,-0.2918907162879596,0.1716006401756668,0.6831446482419453,0.2540562636147557,0.0100957007304895,0.0704244741895195,0.2493440233668193,0.2106628646362371,-0.0894733258230993,-0.0466056100488143,-1.5443510429200804,-0.0748547492004355,-1.2449857656104408,0.3505796482176631,-0.7082778304149148,-1.9905624564040405,0.1743986843154969,0.1514948502381033,0.8122111014770903,0.5418065801609028,0.5195714774664433,-0.920837565313086,0.9893749999999788,0.2050923644969864,0.0425624064703865,0.0147810077309396,0.4928754527771465,0.4572992699266663,30.0,22.0,2.0,13.2,76,2,1.124,-0.15231472907104823,0.21381122722924048,-0.3661259563002887,-0.006046071438004268,-0.07564621033567337,0.0696001388976691,0.17871289719321531,0.1805263080717346,-0.001813410878519277,-0.06821150093979098,-0.06554795403770701,-0.002663546902083971,0.021501172034315928,0.3720941640614709,-0.35059299202715494,0.017462980655977928,-0.05041647613025961,0.06787945678623754,-0.49365210663653886,0.10225925115060536,-0.5959113577871442,-0.6336997053588483,0.010072159910184508,-0.6437718652690329,0.1797943115234375,0.58203125,0.1166839599609375,0.94140625,0.09417724609375,0.4140625
GaPt19_02,GaPt19,2,pd,0.2678935937016392,-0.0092774276708401,-0.2245835018823396,0.0905957003903253,-1.6738056821551006,-1.0474359556704986,-0.1489537352430482,0.3020915242670264,-0.9430493521555876,-0.2432973220160245,-0.2798205944356977,0.1692191934766851,-0.4674572132505101,-0.26977742674457,0.1304876926826789,-0.0515691789922349,0.5073527749803912,0.6609062561548678,-0.4551963022812155,-0.1347119835541326,-0.0482048308465891,-0.4286695153928305,0.5773778448688799,-0.3286893921096457,-0.4310809969173537,-0.5357315116191786,-0.0962009689447642,0.1671666951222761,0.7355287913032437,-0.4719388739958335,-0.1235770858748309,0.015273075584826,0.9621874999999795,0.0386423482301555,0.0280221710936318,0.0846890747186089,0.5034277980699279,0.4632194248171026,,,,,,,,,,,,,,,,,,,,,,,,,,,,,,,,,,,,,,,,,,,,,,,,,,,,,,,,,,,,,30.0,22.0,2.0,13.2,76,2,1.124,-0.5981348972811403,-0.22742807057458986,-0.3707068267065505,0.12230097556821211,0.0516820887192945,0.07061888684891761,-0.2791898031889207,-0.4647960100468407,0.18560620685791995,0.05846362932643652,0.12170378606917354,-0.06324015674273702,-0.35862373907197564,-0.1565330568325246,-0.20209068223945104,0.06126784920929099,0.028341904666034153,0.032925944543256834,-0.42875457329974054,-0.015704397907330192,-0.41305017539241035,-0.4984085049201467,0.10921664678193604,-0.6076251517020828,0.2148284912109375,0.62890625,0.14447021484375,0.9921875,0.0849609375,0.40625
GaPt20_01,GaPt20,1,pd,1.0564887894186668,0.3738736707616409,0.084148766367956,-0.1377248955398174,-0.3678184737086852,0.9206494716518672,-0.2750220398049617,-0.0313292573675256,-1.0546108609329528,-0.1788730445826606,-0.3773882081219981,0.2041868611706974,-0.2670863935470392,-0.3421600006828081,-0.0407662377822172,0.0297366471635865,0.938125732110525,0.2054976835056828,-0.1256470037256247,-0.1997666571121563,1.0499451154274289,-0.1017789141676253,-0.0523879266243705,-0.1884289307165998,0.1123379459223226,-0.1210281304853899,-0.0261441060668467,0.024671061637922,0.9007191180741742,0.5531845975196813,0.1931093150995329,-0.5905899763943535,1.1499999999999757,0.0867630698382363,0.0332175976237416,0.2484013511338811,0.4985467582936653,0.4480273174742813,0.1716682103122946,1.0785953568132414,-0.7562434984785698,0.0080802494596537,-0.0539506974070349,0.5858034943114402,-0.2228992205458302,0.1256723764792722,0.5986075729693088,0.2663991381042857,-0.4513864999130433,0.0025440905993876,1.2644159643531725,0.911295022524974,-0.0781638624751735,-0.8662736165031819,0.7207635775454764,0.5435611987488176,-0.238711087855948,-0.2026371630649203,-2.0677192025026243,1.2896264851334427,0.2651439893439684,-0.9745698943781396,1.1728124999999752,0.0395941589019675,0.0181086685549825,0.3770762704266758,0.4980350501096132,0.4490185514816265,-0.3359256365030129,0.1855117327580989,0.6554665846306178,-0.1310445816093184,1.0851576399439278,0.8149306829412639,0.1992552731557881,-0.3000700956562691,1.2439321456390904,-0.1652873731852349,-0.0969866709224832,-0.2224216948226501,1.2976016236201149,-0.1934985535756011,0.1802346073794471,-0.4220420838776749,-2.097070915840969,-0.7551565502647896,0.0594269006720242,0.1723084020696975,1.5788925048192752,0.4375959211698194,0.1970122243582207,-1.039895492772748,1.127187499999976,0.1156771580606989,0.0429686017602985,0.207422191906412,0.4990584664777174,0.4470360834669362,63.0,36.0,2.0,13.71,81,1,0.722,-0.41205151261547057,-0.11344466179212642,-0.29860685082334415,0.07649446649888617,0.007984319161139869,0.0685101473377463,0.37951305374696653,0.41473683358562,-0.035223779838653504,-0.1167356121103865,-0.11537208922667086,-0.0013635228837156285,0.5210526343627498,0.8540348932803752,-0.33298225891762534,-0.15602591797597715,-0.21023025814949448,0.05420434017351733,-0.7707289177802331,-0.18010838561330766,-0.5906205321669254,-0.5763737042928727,0.09503218452376427,-0.671405888816637,0.1834564208984375,0.61328125,0.1334075927734375,0.98046875,0.07366943359375,0.3984375
GaPt20_02,GaPt20,2,pd,0.6835886990478047,0.5829776245191651,0.4342259304908248,-0.284508900786063,0.9184968342536308,1.0112147446704975,0.1149407841753154,-0.4472916309713539,-1.2206187435345903,-0.3971831627804332,-0.2734519323390321,0.1997825140387361,-0.5286431043508963,-0.4017967233745407,0.0196392933615424,0.0596009558770895,0.1773492012717554,0.5226945876808571,0.0395366557353559,-0.2273427641227689,0.40020121585849,0.6803575006123617,-0.0207732230586323,-0.3250877140177454,-1.0703126686399047,-0.8239800484548336,-0.2909008520260195,0.2837958659676831,1.3662518390566678,0.9308258129313408,-0.3835323014491,-0.8102454350068683,1.0254687499999782,0.1147655123444122,0.0395270781297631,0.146921525584255,0.5006913192352829,0.4415974611621922,,,,,,,,,,,,,,,,,,,,,,,,,,,,,,,,,,,,,,,,,,,,,,,,,,,,,,,,,,,,,63.0,36.0,2.0,13.71,81,1,0.722,0.08889907397666698,0.43528025743779347,-0.3463811834611265,-0.02603474400660771,-0.09360187303546343,0.06756712902885571,0.48212192426042133,0.5556517638362388,-0.07352983957581755,-0.13250966276655604,-0.1355879378925639,0.0030782751260078484,0.18350099776700304,0.584804624921964,-0.40130362715496093,-0.06920167186394036,-0.1309913218845272,0.06178965002058683,-0.7366423904140816,-0.14759478526989733,-0.5890476051441843,-0.6105435844707345,0.09690908108238816,-0.7074526655531227,0.1679534912109375,0.62109375,0.1123046875,0.96875,0.070068359375,0.421875
GaPt21_01,GaPt21,1,pd,0.7343605064839237,0.457586714064828,0.2413244880311947,-0.2356605408814542,0.2240466591142517,0.2866829807452217,0.4467343348701701,-0.2633485368919957,-0.8521026654058905,-0.141872312243459,-0.2175751975913277,0.1461815339579508,-0.3843934839530052,-0.169171910127526,-0.1079435157604599,0.0381093230734784,1.216027926017258,0.5433450070129996,0.2514061446778739,-0.876109553525722,0.7882216966458536,0.2080822119028182,0.115674719041439,-0.2920260757177236,-0.6407002005080003,-0.698026779159385,0.1841853800536432,0.0757609395822813,1.1169241953848057,0.6799610012844133,0.3193901866955514,-1.0441896875813983,1.030156249999978,0.0610641620343916,0.023198955354931,0.2057555404656126,0.5123022104932733,0.4350562475157071,0.4540032569479565,1.016022260757172,0.2697661696465001,-0.1883332570623196,0.7170064779485785,1.071174525400372,-0.0061711687094004,-0.2645382821341215,0.7238431627134316,-1.6944335056539477,0.495774720160207,-0.250861543724419,0.1448755041884099,0.48731579858626,0.167561707498997,-0.2717285171638561,-4.547425403774896,-0.7082001838299945,-0.1350659107641979,0.2459666687378584,-0.0433827534778713,1.1143794837574752,0.2821733921501233,-0.9043984521880188,1.0328124999999782,0.0441467359877916,0.0271867535736003,0.1379090318773577,0.5153600480650083,0.4386112983656189,0.6326144659804092,0.5447249354803654,0.175233949188253,-0.1089357170423219,0.8078536562045093,-0.9345328491894482,-0.0880906309083407,0.2043437850843397,1.2107821302316284,0.8139135769897465,0.2247433282656284,-1.0586095083462488,0.3069977941801401,0.477852373845198,0.1344863696779492,-0.2744878764164939,0.548186663229886,-0.5720346305818026,0.558189650241984,-0.3805918601062384,0.3508854432353928,0.9364500183651594,0.4733719216738877,-1.0800317518414355,1.027499999999978,0.0750615936694171,0.0170340087541038,0.2892939665930283,0.5092443729215383,0.4315011966657953,46.0,27.0,3.0,14.06,80,1,1.166,0.07412525926604575,0.449466229400279,-0.3753409701342333,-0.009134965101216606,-0.07942691497708962,0.07029194987587302,-0.5323824863198413,-0.5116068264598554,-0.020775659859985852,0.11439332092564171,0.10787850437655512,0.006514816549086586,0.32497014070238317,0.5872187120992147,-0.2622485713968315,-0.15454954306737834,-0.18781766698621197,0.033268123918833624,-0.7813141119697974,-0.21290298873565072,-0.5684111232341467,-0.6159133966096613,0.01887722024177374,-0.634790616851435,0.1595306396484375,0.57421875,0.1497650146484375,0.92578125,0.0726165771484375,0.44921875
GaPt21_02,GaPt21,2,pd,0.7825050585247713,-0.3331780273648674,0.4093286199970308,-0.0837796143827567,1.1994715622349277,-0.1207004262367428,0.4714187155140555,-0.4223726001670143,-0.9606887578598664,-0.0522640718585616,-0.3726276969852983,0.1578367359909857,-0.4263136267556006,-0.3601187313473062,-0.0275187047567219,0.0507547427686677,1.3739885850906912,0.4521033426831174,-0.1337257846018367,-0.5495311760916005,1.4360804485337677,-0.3273130936625548,0.2062236173962915,-0.5431084063776066,0.0229499165749517,0.2384891191845133,0.0598461650943917,-0.0999591720509017,1.1424760606142297,0.5258744180617239,-0.0315930402495164,-0.509649565228446,1.0537499999999775,0.0903541735217749,0.0287395503298755,0.2426423618586172,0.5068686085754355,0.4400499038717198,,,,,,,,,,,,,,,,,,,,,,,,,,,,,,,,,,,,,,,,,,,,,,,,,,,,,,,,,,,,,46.0,27.0,3.0,14.06,80,1,1.166,-0.0650603593642226,0.21722051806401588,-0.2822808774282385,0.0458612065588788,-0.011270788261878419,0.05713199482075722,0.0934166673336869,0.150025855124451,-0.05660918779076408,0.010379142985923224,0.01595398983803536,-0.005574846852112138,0.08987028643700871,0.21176400844903742,-0.12189372201202872,-0.014322071676249127,-0.019545428974986925,0.005223357298737798,-0.37157215659623294,0.21836483533526058,-0.5899369919314935,-0.6878632310211484,-0.03091568778135645,-0.656947543239792,0.148193359375,0.578125,0.1083984375,0.96875,0.0840911865234375,0.41796875
GaPt22_01,GaPt22,1,pd,-0.3676314519048532,-0.3992879546881135,0.025739552485961,0.0890194741197307,-0.6029081035446233,-0.3185497953057089,-0.0466255097239649,0.1444625784360922,-0.8268447500785646,-0.1239744122368012,-0.2829882605506624,0.1614430723112414,-0.4602194251342186,-0.3367534474680518,-0.0990645862464182,0.081815322126562,0.1573356571974319,0.3581821641968808,-0.0847449657373246,-0.0868180836445091,-0.2416454390506608,0.0948279134674944,-0.0387245966266769,0.0195331207318944,0.0128710198117543,-0.0242358674712619,0.2603941654435165,-0.1460233049131713,-1.1126520069548438,0.2883665153691899,0.1348522535404706,-0.0699996025905171,1.2448437499999734,0.0679978072086668,0.0454508470234323,0.0521985477412349,0.5034411463558743,0.4386439836587416,0.5444777859831624,-0.3944649319705087,-0.2505050101888297,0.0424764597967906,-0.6780700817554481,0.3545615705487544,0.4144040393853404,-0.1506647519626648,-0.689727142466788,0.6380354550998367,0.0114245607998501,-0.1603240664244017,-0.4350977406011256,0.3299825036692112,0.4408231065866309,-0.3479877305388892,-0.9120185952304122,0.3513030280929883,0.4913909954657026,-0.3697604351278447,-1.98831547287221,0.4560297091774102,0.1666972791136927,-0.1200489303475081,1.267499999999973,0.0612106518966394,0.0353614502846101,0.1755993105518354,0.5034881238878535,0.4373491461307144,0.0971887455881647,-1.7732105103749498,0.5598867167380772,-0.0649322362333827,-0.8881318015097153,-0.075900322746685,-0.0612057796288063,0.107735818513722,-0.3351103950985089,0.2770600611931018,-0.0771695331308281,-0.0063179072063746,-0.3460988310010846,0.1350462615721809,-0.2025020072426568,0.0786713671043606,-0.2720225617860593,-0.2836192823667612,0.3741083103628487,-0.1281771203037899,-1.1924206391529308,0.317087756722651,0.1279819731880275,-0.0685003662864808,1.222187499999974,0.0707742992935101,0.0531950374991875,0.0052709287604668,0.5033941688238952,0.4399388211867689,49.0,29.0,2.0,,78,1,0.802,-0.3109830084057496,-0.03831574897092105,-0.27266725943482856,0.040292803985988036,-0.010314580268842556,0.05060738425483059,0.03281434661954112,-0.005545640177777318,0.03835998679731844,0.009296499676388672,0.027140827684377054,-0.01784432800798838,-0.564227435253566,-0.38565781770597973,-0.1785696175475863,0.09759466284543962,0.07192953373326086,0.025665129112178754,-0.11926270597720932,0.38807666657488304,-0.5073393725520924,-0.5608153449260386,0.04113156968809062,-0.6019469146141292,0.2285003662109375,0.62890625,0.1093597412109375,0.87890625,0.0673675537109375,0.49609375
GaPt22_02,GaPt22,2,pd,-1.6914324178931277,0.0448742366866532,-0.0945881143849521,0.0795361186904156,0.2252047546282498,0.4960202581493795,0.2404840584482375,-0.1562936003904589,-0.9326532263272828,-0.2353682024160087,-0.324920520708556,0.1913809224578702,-0.6845118462090951,-0.348497800337082,-0.2215144123004772,0.1532014486968298,0.3898896324919397,0.26157894665469,0.3263968998743945,-0.3682778236717681,0.0750271683643757,0.6533165893128171,0.2264253298580103,-0.4241368437824777,-0.2506893757318834,0.2128806367178508,0.2479348490133933,-0.1769118099758062,0.2209047187091468,0.2441827985022042,0.2429634470840013,-0.2530643941782454,1.1659374999999752,0.0816919371482345,0.059643052471181,0.1765042419351462,0.5095368400172453,0.4410815593896646,,,,,,,,,,,,,,,,,,,,,,,,,,,,,,,,,,,,,,,,,,,,,,,,,,,,,,,,,,,,,49.0,29.0,2.0,,78,1,0.802,-0.12065153677832131,0.17322689829793475,-0.29387843507625605,0.0340046073714085,-0.020325087384521302,0.0543296947559298,0.21011115258950577,0.1990548527990283,0.011056299790477488,-0.09118493185495138,-0.08164481746406815,-0.009540114390883236,-0.48290796985968787,-0.20329463979251045,-0.2796133300671774,0.06304787651842156,0.04073547620308242,0.02231240031533914,-0.7877391016826729,-0.23037304464344877,-0.5573660570392241,-0.6812896712861469,-0.025394331011987625,-0.6558953402741593,0.1912689208984375,0.61328125,0.1162109375,0.90625,0.0881195068359375,0.47265625
GaPt23_01,GaPt23,1,pd,-0.1018565767563558,0.1041281919880982,-0.3164142783196751,0.1826325247323555,-0.1523682139044329,-0.0692525550288101,0.2491006206739355,-0.0111315020988647,-0.6037355784185191,0.0088640963398372,-0.0211465975319836,-0.0288614283184672,-1.5089472662614556,-1.3871984884724422,-1.077343445329178,0.443427339706952,1.6216906768078825,-1.0171019083492858,0.1638818821800265,-0.5300732635297231,0.0810773381179782,-0.804586073504906,0.1788455685965172,0.0275756793123743,-0.1315967042895727,-1.1960171684630725,-0.8992817299700171,0.3769095594118988,0.3408216777929018,-1.142377480077035,0.4968043738512308,-0.2111663789450301,1.6307812499999654,0.060756137038396,0.0325262136950933,-0.0308100603191477,0.5451137765582834,0.5400567472733979,0.1813268594194339,0.3148180774207667,-0.1430357649206507,0.0540433915190655,-1.0245484415208366,-0.1387334555192481,0.1256212376185381,0.0373585475517209,1.8622404495989555,0.3755368081853112,-0.4105024742554647,-0.8116699353469939,-0.1800701630367923,-0.8415235836770901,-0.5143785564492733,0.2802540315477734,0.4754665438173611,-0.2655230304151313,-0.7573691283593836,0.1990359221051954,-0.3353759827719448,0.4883948160920638,-0.4597225052619414,0.0540355490862662,1.6662499999999645,0.0410098590718499,0.0247152138179352,0.0331880601507854,0.5414377711222146,0.5384977149523993,-0.4474363792867921,-0.6131098322554763,-0.4648017432774003,0.3611432443347492,1.4957368946853915,0.6733087077767119,0.4613046273285728,-0.1751759947252745,0.9429229611409614,-0.1696467200200999,0.3587738016314334,-0.4024185388266573,-0.559988251320134,-0.45733690242682,0.3534845538235097,-0.061075942196213,-1.2533686991932664,-1.5140054033086896,-0.96749945765417,0.4241252056877509,0.3216046619815721,-1.6804226276774523,0.5780583215208358,-0.234629449434201,1.595312499999966,0.0705957267998866,0.0389214622944865,-0.1084408718196694,0.5487897819943522,0.5416157795943966,51.0,25.0,3.0,25.01,71,2,0.36,-0.47362188937932725,-0.31516314187551064,-0.15845874750381658,0.0858270131427881,0.04912834014506156,0.036698672997726535,-1.013459655936622,-0.3899059730088429,-0.6235536829277791,0.17510980464638964,0.051918429222797574,0.12319137542359207,-0.6806790589323768,-0.6314316844003374,-0.04924737453203948,0.05108839809621528,0.04956673270459378,0.0015216653916214965,-0.37965391632372164,0.05051651669442331,-0.43017043301814495,-0.6239215332871046,-0.1189095597490496,-0.505011973538055,0.1286468505859375,0.53515625,0.14691162109375,0.7109375,0.0544281005859375,0.53515625
GaPt23_02,GaPt23,2,pd,-0.2743630074937029,0.1901147784314759,0.1525374221197216,-0.0555989223053027,-0.0933548554236316,0.4188730126763746,0.138737006722744,-0.0181451268878954,-0.2238451536544244,0.1158421940393128,-0.0627728214956974,-0.0302323826248971,-1.6685517282068285,-1.5734061198295528,-1.1206358647008556,0.458256174971665,0.7441654571852074,0.2707869664544619,-0.0033716798317825,-0.2250883461215767,0.8180818521464923,0.2955111085149722,0.2314023032858788,-0.4344529256107036,-0.1830967180895079,-1.3378522351895823,-0.4068079817707382,0.3004885709063908,-0.2153869397762058,0.0925543656488512,-0.299997479794054,0.1150650631139571,1.7057812499999638,0.0559658636580887,0.0340084536662508,-0.0024146041629396,0.5485168924570716,0.5488614629127669,,,,,,,,,,,,,,,,,,,,,,,,,,,,,,,,,,,,,,,,,,,,,,,,,,,,,,,,,,,,,51.0,25.0,3.0,25.01,71,2,0.36,-0.28895828328132517,-0.027054906931555822,-0.26190337634976935,0.06246681811834855,-0.0015574339378797153,0.06402425205622826,-1.6739765754110931,-1.0609822092104753,-0.6129943662006179,0.20895985388517083,0.08331795425442756,0.12564189963074326,-0.19682102725930292,-0.1353994711094014,-0.06142155614990152,0.026342244030225434,0.028488120712963437,-0.0021458766827380047,-0.47068834410597243,-0.19527365285404108,-0.27541469125193135,-0.4923803329270756,0.04051214885632659,-0.5328924817834022,0.1041107177734375,0.51953125,0.0987396240234375,0.70703125,0.0563812255859375,0.53515625
GaPt24_01,GaPt24,1,pd,-0.6849268692783587,-0.2911161023818639,0.044071293640324,0.0886492603444085,0.0130230431932696,0.6167108039490342,0.1884712380499175,-0.1679285087574843,-0.8379294318492391,-0.3008542810426202,-0.189082989144212,0.1429656932611311,-0.2457850925517163,-0.3488617547211251,-0.04556763185299,0.0399459165437376,-0.1637774231898905,-0.6407610522113953,-0.1298109166421762,0.1709077019621618,0.7370279616882847,0.342988037643852,0.3918103743436339,-0.5981895306699387,-1.1578436025763577,0.3721190865261793,-0.2299430850001978,0.0688575233142753,0.4767307856386151,-0.1733656455530671,0.1352499406957924,-0.1082078998109771,1.0209374999999783,0.0767039120845086,0.0335712926004336,0.1528740577613508,0.5091034725454384,0.427992982462955,-0.0031335536965262,0.3477106927628272,-0.1018663081982526,0.0690075099507635,-0.3496309491417894,0.8773660572686135,0.5623545524116953,-0.4354484409427944,0.7333512509607363,-0.3530308186740641,-0.0491360973217829,-0.0333687819401464,0.601548690011794,1.0816277633631872,-0.0150362281277469,-0.7303187352608923,-0.8353623686662526,0.0549924712879229,0.1124961051068612,-0.0025648643483042,-0.6638011362686723,-0.1416814641719604,0.2666635550114152,-0.0539975578068107,1.037499999999978,0.0480994043106541,0.027962024310104,0.0990493234736256,0.5043834051462719,0.4224576321847759,-0.973618892866244,-2.600677318308713,0.8147720725179008,-0.1090239855842323,-0.9121762595639809,0.1607934340204734,0.7354120572052273,-0.2667807620386183,-2.559183172454257,-0.8601759989012093,0.0093178156900256,0.204210913921475,-1.682579033613209,0.6879645725517911,0.3311208417703019,-0.362298561081784,-2.178339793297416,0.2764511338470352,-0.1799839237905894,0.0961937323192234,-0.8413595888907821,0.364265020189312,0.1491390930290296,-0.1119715846592462,1.0043749999999785,0.0965623241390025,0.0374064981126626,0.1642548402915999,0.5138235399446051,0.433528332741134,42.0,15.0,2.5,11.42,68,1,1.255,-0.06478049702852506,0.24992122518905358,-0.31470172221757864,0.02667254036309942,-0.027451802140977963,0.05412434250407738,-0.16433109197210582,-0.17812859969034475,0.013797507718238922,-0.004376100468637129,0.024117274399081404,-0.028493374867718534,-0.38895234272721524,0.04065627826541229,-0.42960862099262753,0.08705479990840619,0.020016374801462136,0.06703842510694405,-0.5211142726265893,-0.05238771769676326,-0.468726554929826,-0.5290226166145422,0.09737877972532816,-0.6264013963398704,0.179443359375,0.609375,0.1439056396484375,1.07421875,0.07366943359375,0.3984375
GaPt24_02,GaPt24,2,pd,-0.879482873045983,0.047166998649824,-0.3137503726621244,0.1555308782861086,1.4006368793506998,0.206107881732338,0.0625040220623475,-0.2741917785916907,-0.5459567026571878,-0.2643611725108959,-0.2494294148238345,0.135598248464448,-0.3330272141243901,-0.2274040004080256,-0.0534446642577879,0.020789235338286,0.1499727894420804,-0.2082624873298059,-0.2997379247782273,0.1372175362336277,0.8176454866986956,0.6978032320744998,0.2339025185416557,-0.7140495564358501,0.4937849229758329,-0.4354864543365502,-0.2810526906839907,0.1162278306076784,-0.1748266193149187,0.6330038402715616,-0.0561191681564301,-0.1782582896888282,0.9881249999999788,0.1444536310402557,0.0504935554618117,0.1463839512483775,0.5016572820319821,0.4278769307930887,,,,,,,,,,,,,,,,,,,,,,,,,,,,,,,,,,,,,,,,,,,,,,,,,,,,,,,,,,,,,42.0,15.0,2.5,11.42,68,1,1.255,0.08433549329206186,0.46813113967380515,-0.3837956463817433,-0.016031848620894244,-0.08416178548502826,0.06812993686413402,0.3448550522028255,0.18347845234820873,0.16137659985461675,-0.09590981647532595,-0.03017290971886094,-0.06573690675646501,-0.22400328129421454,0.038117822144971614,-0.26212110343918615,0.044779630474585365,0.010730411918908146,0.03404921855567722,-0.5277087037388706,-0.25269505312613677,-0.2750136506127338,-0.6187055023696663,-0.03676388669725583,-0.5819416156724104,0.1816253662109375,0.62890625,0.1917572021484375,1.19921875,0.0718841552734375,0.35546875
GaPt25_01,GaPt25,1,pd,0.3071068678836757,0.1934620806156195,-0.1706190259505929,0.0474678332093577,-0.0124284292705899,0.1752990186712277,-0.1139089706939137,0.0726560561066669,-0.8860294687145415,-0.2385081019240923,-0.262426647408919,0.1574846829164149,-0.6146939750096332,-0.2919956917750079,-0.1683416338617691,0.1067027370459297,0.8094522555364612,-0.0112825612075471,-0.033473119198224,-0.1375815826705591,0.4598256878201981,0.4238734185376711,0.3580022343952644,-0.503287346541326,-0.0588918975517316,0.2557506536669109,-0.4961219258663067,0.1152994708308441,0.9170027814209558,0.2589629003462702,0.3265915502495376,-0.5585942497140588,0.9953124999999788,0.1478889067013618,0.0554897025292522,0.1708565386880411,0.4866740581606552,0.4499348681932602,0.0002200979860032,-0.8728094934290315,-0.4596407851234952,0.1851162568334872,-5.625588892363243,0.4605236636753576,-0.0668417793435168,0.1442588868975288,0.4753760259812017,0.324836950080382,0.0852450814842371,-0.2137660822670778,-0.5503276446451716,0.6312859992352298,0.5261249779175787,-0.6092679183617286,0.9177284973084614,0.0289899569671485,-0.8672276100786758,0.0807722730500543,-0.2013734675968273,0.4172693262456364,0.2222696973432609,-0.229953093715343,0.982187499999979,0.1029480174395006,0.0614513445636937,0.1476422043736176,0.4758775027076264,0.4462764650457467,0.6363337259365476,0.9410738136676796,-0.1016667514208556,-0.0956974529744587,0.6716220457375821,0.1674397997019135,-0.3227432907723349,0.0980195147341637,-0.3425296092887215,0.5099627635285533,-0.156926728472138,-0.0524046973469093,1.3209524419336358,-0.335856232021363,-0.6571471573422991,-0.0281425247481468,-1.9051921967427552,-0.2793393822284862,-0.3149907833475137,0.2380940928943515,0.4066625329337736,0.8326144095976379,0.3037626083809979,-0.6976531372567347,1.0084374999999786,0.1813694453006952,0.0456456357816588,0.0539043196897471,0.497470613613684,0.4535932713407736,31.0,18.0,2.5,15.22,81,1,1.128,-0.24802356501846362,0.08225240853892213,-0.33027597355738575,0.06392517814383826,0.0009773739963447742,0.06294780414749349,-0.46414761747384725,-0.374701452300513,-0.08944616517333423,0.05553147795582615,0.05109820443863096,0.004433273517195193,-0.2589547318726063,0.10086412950079554,-0.35981886137340185,0.08079075124167881,0.029681591480144723,0.05110915976153409,-0.7763063026979131,-0.22946449541016856,-0.5468418072877446,-0.7068212289682009,-0.051280322390595545,-0.6555409065776053,0.1672210693359375,0.59765625,0.1083831787109375,1.00390625,0.0771484375,0.40625
GaPt25_02,GaPt25,2,pd,0.5275823173845773,0.4403212218459228,-0.2857665171468349,-0.0076997906983487,0.8128414339610748,0.5279821865183207,0.2545128931138439,-0.2449042699600821,-0.781866561062133,-0.1604208811824604,-0.2882570741921701,0.1526161470094486,-0.4869584685287504,-0.2796336741099238,-0.089282375213466,0.0264955868272523,1.507521538934382,0.6977624464968974,0.092006994236089,-1.19209036807056,-0.2789397931431214,0.3931391152065414,0.3034664252607049,-0.2897263382718243,-0.2826317011870374,0.4252498022200057,0.1215504409194033,-0.1702620179708514,0.9224375202754932,0.4111550558679228,0.4736432906095206,-0.8747731874438478,0.9251562499999804,0.0526365802569394,0.0298158517456821,0.283074013566486,0.5091504414835604,0.4519954241877807,,,,,,,,,,,,,,,,,,,,,,,,,,,,,,,,,,,,,,,,,,,,,,,,,,,,,,,,,,,,,31.0,18.0,2.5,15.22,81,1,1.128,0.27597312080012415,0.6806380739650371,-0.4046649531649129,-0.10565543777598267,-0.17482803773386746,0.06917259995788479,-0.13241173522091915,-0.1903569441511092,0.05794520893019007,0.01592960517155784,0.06840780511039743,-0.05247819993883959,-0.16788483827010872,-0.013769891748825647,-0.15411494652128307,-0.03213348444755484,-0.0417216127658044,0.009588128318249556,-0.9053539580262622,-0.3076868387022177,-0.5976671193240445,-0.5814337329862896,0.07923161439458215,-0.6606653473808718,0.1335296630859375,0.58984375,0.1461029052734375,1.10546875,0.0597991943359375,0.34765625
GaPt26_01,GaPt26,1,pd,0.2702485385049996,0.2085967961019797,-0.2449871264374898,0.052820315940948,1.2830600238095031,1.0085239677915443,-0.0624758865002177,-0.3315938853359545,-0.7122588706734884,-0.2708080699856426,-0.2370970370842827,0.1592416351461362,-0.6439995099815051,-0.4682256776894397,-0.0849340228523009,0.0966905280732621,0.5959299027880908,0.0510439836693818,-0.216678289136155,-0.016633082771093,0.3270811101794154,-0.1307977052443937,0.272297520331953,-0.1790724577097292,0.6569078380813982,0.4810554024937165,0.3048373337669191,-0.5487918310491086,1.3194313041776733,0.3874151800124064,0.315557489286277,-0.9376113561777192,1.1426562499999755,0.1315851869016068,0.0577725051321275,0.3449525659373338,0.5032788966315678,0.4594420421560688,-1.042924662210187,0.1177847727324372,0.6483637732369643,-0.0952512560626809,1.821298087651046,0.7049288991479408,0.4104424197985758,-0.4835543812108224,-0.3841388452378053,0.5574845202620987,-0.1573246225036075,-0.0679567369264536,0.3165703044348383,0.7478235804619459,0.4459430082873208,-0.772926011758363,0.431961938349046,1.2349506929550482,-0.4228315317335013,-0.5953049515763963,0.7371729164896327,1.046723775217345,0.249077366865973,-1.0716432035394516,1.1346874999999756,0.1055184445524029,0.0466429977903605,0.4608670171635586,0.5072820937677915,0.4594620713160534,0.1457977147997849,-0.3281197825478174,-0.6455472051197746,0.2159608896690002,2.4721478858574315,0.0088784014784859,0.4232758748447978,-0.6051344185094013,0.0453154603941038,0.1063298354381963,-0.3071766652724897,0.0838490138025929,0.2712339628375432,-0.4852317840311406,0.1302913385791209,-0.0110982214135312,-0.5504781342081355,0.5684850213908003,0.3145784065367645,-0.3388321200275145,1.213021694562303,-0.1264365852847982,0.3907232588647728,-0.5954743242637747,1.1506249999999756,0.1541924014830584,0.0664681866759838,0.2938042162429715,0.4992756994953441,0.4594220129960842,24.0,5.0,2.5,7.27,78,2,1.244,-0.17591870969909046,0.17035116490755803,-0.3462698746066485,-0.016061931909360165,-0.06961598727690735,0.053554055367547176,0.15473179175490562,0.3437106204647853,-0.1889788287098797,-0.004815546613803627,-0.024653638027006528,0.0198380914132029,-0.22774084188379407,0.20482743012572918,-0.43256827200952325,0.023383997089480323,-0.04671609526860402,0.07010009235808434,-0.6761412593391106,-0.178459477912083,-0.4976817814270276,-0.45618239396514837,0.17694751786906637,-0.6331299118342147,0.1784515380859375,0.58984375,0.12396240234375,0.9296875,0.0825042724609375,0.43359375
GaPt26_02,GaPt26,2,pd,0.0864671295930579,-0.3766308288221992,-0.4707807830874587,0.1769967015807121,-0.64028202625451,-0.1301691202552994,-0.6088000534633593,0.2515829923780031,-0.8246248025997022,-0.1207080284685404,-0.3397595609283433,0.1701113375032093,-0.6264450914266891,-0.3268620883515374,-0.1125809314006806,0.093891001093785,0.6290403560107226,0.08844031166648,-0.2628569306753524,-0.0161479433301596,0.9605538875685306,0.6312149980979094,0.2298377797018431,-0.7306690877342067,1.4443527448470297,0.224207317668198,0.1040320966542571,-0.6768831206157183,1.3591857742360145,0.9927908781273794,-0.0293138931219467,-1.2963376593607328,1.1534374999999757,0.1078236540511052,0.0600549020187305,0.4658201911116127,0.4915556131217721,0.4555303651759434,,,,,,,,,,,,,,,,,,,,,,,,,,,,,,,,,,,,,,,,,,,,,,,,,,,,,,,,,,,,,24.0,5.0,2.5,7.27,78,2,1.244,-0.758798661911048,-0.4518717259052607,-0.30692693600578724,0.14387397856700743,0.08458795701125593,0.05928602155575149,-0.30797504806743575,-0.1689372795885714,-0.13903776847886434,0.026305187603663786,-0.0055359708883786565,0.03184115849204244,-0.08039697868107079,0.21923019394661422,-0.299627172627685,0.02463524929385921,-0.0248693274099249,0.04950457670378411,-0.7341149832319951,-0.16392132439682372,-0.5701936588351714,-0.6889323111260229,-0.03968878540516463,-0.6492435257208583,0.16693115234375,0.5703125,0.0949554443359375,0.84765625,0.0900726318359375,0.47265625
GaPt27_01,GaPt27,1,pd,-0.0523597059523681,0.1422519105977178,0.3466360466783728,-0.0997515246609167,0.5373963359052719,-0.1913539808503006,0.1493067467469768,-0.0100897727127153,-0.8884216595770207,-0.2612700344066338,-0.3570225229452237,0.1977772375944065,-0.5230919117967907,-0.3369658624541495,-0.078381456187407,0.068624926207369,0.1041532519183889,-0.0999187376898104,0.1426714009729765,-0.0647575775464057,0.2626811905644188,0.6312982502509107,0.2649269266796974,-0.4863921635422131,-0.3352306797079146,-0.2011029183763919,0.2443952642359673,-0.0554163709107761,-0.3211701486419439,-0.3070146592364236,0.1908298020108486,-0.0044325472293721,1.1068749999999763,0.0518833240068058,0.0505094800515218,0.1974219209026806,0.4995869384721141,0.4550983161856892,0.9323246175147398,-0.9827200625334748,0.3799212635129782,-0.1303441507399289,0.1318792853499444,-0.0310747957942084,-0.1857789221865782,0.1571732289497936,-3.4806542411481214,-2.0539397150483265,-0.0203836991612799,0.2703209631392455,0.3360601670459425,1.1796093750940768,0.0501572331869266,-0.8391690196966608,0.0813456296616735,-0.874130877104456,0.3251398203202034,-0.0520059945610212,-0.3024471929362373,0.5846998515291617,0.3468011744418655,-0.4031434591973504,1.1128124999999764,0.0351561221356838,0.0480971991601541,0.3866489708692868,0.4844268289738171,0.4512315414063994,0.5489150517748591,-0.3482751983477185,-0.1985183200996227,0.0478612786580839,0.3884330273887689,-0.4139054851812336,-0.0162215804268141,0.1400850582954373,-0.6464654559054767,0.5157347068722564,0.0181363482525136,-0.1111598490133663,-0.3354123924732163,-0.0368600350241403,0.1684503083078587,-0.0427385133958213,0.1034018386349734,0.3705355196869948,-0.0529181959210484,-0.0930645144570952,-1.3483921425811376,-0.134983875901004,0.1226387671834655,0.0510076671520633,1.1009374999999766,0.0648610224703133,0.0479095855787718,0.0232246901443514,0.514747047970411,0.4589650909649789,21.0,10.0,2.0,7.88,72,1,1.423,-0.38006018421947046,0.0881348545591481,-0.46819503877861857,0.07969321161329683,-0.005905037442767019,0.08559824905606385,-0.11261746812217047,0.012921225675893072,-0.12553869379806354,0.040954040423320556,0.016572414882832304,0.024381625540488252,-0.2077975558231114,0.054571670899516894,-0.2623692267226283,0.04100708434066412,0.00270376785372934,0.03830331648693478,-0.5930307128838422,-0.060337322625155454,-0.5326933902586868,-0.5693298439608191,0.0702553526832913,-0.6395851966441104,0.1255950927734375,0.51953125,0.08343505859375,0.7734375,0.0932464599609375,0.55859375
GaPt27_02,GaPt27,2,pd,-0.6537458652114392,0.1617311298532501,0.2581631313707114,-0.0625002499525623,0.1509118051963334,0.1479669605525514,0.6060998106841047,-0.3304613836554944,-0.8290976116051159,-0.1940428626806705,-0.2564342188557437,0.1556345471550178,-0.604048969816156,-0.5073275696798363,-0.0971245682410403,0.1093425089571294,-0.7333062527586567,-1.3589834601761135,-0.0990579487618279,0.2471428660008362,-0.6878367900145852,0.9805863272307536,0.368702351524351,-0.7837488771603125,0.2201845884534386,0.4965095098318764,0.0695220391562528,-0.2409844677743994,-1.2527826721642126,0.585288826561898,0.2098610574652639,-0.2395650468885474,1.1595312499999753,0.0645452732491506,0.0355397403608179,0.1342396808788977,0.5181216264233526,0.4600714694965124,,,,,,,,,,,,,,,,,,,,,,,,,,,,,,,,,,,,,,,,,,,,,,,,,,,,,,,,,,,,,21.0,10.0,2.0,7.88,72,1,1.423,-0.09762816842907229,0.22272262174085472,-0.320350790169927,0.03513297447756933,-0.024597720884506152,0.05973069536207548,-0.45105561651320775,-0.2987518032764651,-0.1523038132367426,0.09436588584493326,0.0675770119043279,0.026788873940605362,-0.3401476416442555,0.08245096869925334,-0.4225986103435088,0.07826831733728952,0.015259784669541296,0.06300853266774822,-0.47125136429694814,0.018569184897245516,-0.48982054919419366,-0.6328654828207229,0.006965683930281741,-0.6398311667510046,0.1362152099609375,0.55859375,0.142333984375,0.859375,0.0711517333984375,0.48828125
GaPt28_01,GaPt28,1,pd,0.1830911960094796,0.1440101339744202,0.2027294715579105,-0.0806415730518784,0.672342450819615,-0.1613545543756287,-0.2264739163326065,0.0913872722139278,-0.9585665315952816,-0.1257799899425618,-0.1836374165897401,0.1295010464391954,-0.3869108690403893,-0.3928464350738536,-0.0747777992427914,0.077216670981527,0.2658453321250734,0.0424860104793161,-0.0893972902435834,-0.0058127364475873,1.2815184454059776,0.9058833842349964,-0.3380592539515383,-0.7297990586358506,0.700291526767437,-0.0471662779912068,0.4023160937939699,-0.4178949254003093,1.4077871075052446,0.312990693772922,0.1694300931363018,-0.7689964228139136,1.124999999999976,0.086645409594065,0.0355818663323158,0.371331931028608,0.5037417285725538,0.4718987646006281,0.1026711243139449,-0.9433013507826526,-0.6828249067702744,0.1807448581183729,0.8675459289762202,-0.8955709299171212,0.0353229207966612,0.1499577333774538,-2.644109579184176,-0.6943413640005981,0.4641559023055777,-0.0492554771029359,0.6184274382520855,1.4003134368675094,-0.4569355832155767,-0.9449857478278716,-0.7330578732521807,0.2483455317367328,0.4396854643327342,-0.2881442334303552,0.7575328000201398,1.5255432352075562,-0.5861078955597332,-1.30287034243209,1.121249999999976,0.0357283729866225,0.0284960980034642,0.5197550416652402,0.5067621812019889,0.4742182458185294,0.5960835992363587,0.3484846394366682,0.9719887469264464,-0.5420882141720591,0.8377052731257895,-0.1600448416379638,-1.0225274091171372,0.2932195791352243,0.1896648831079718,0.1148663819104026,-0.113151202842654,-0.0027096688625955,0.4365571804000059,0.2959886177463908,0.1906354794276727,-0.2622820111349528,0.4689237694363031,0.1453024309972915,0.4154074139701121,-0.4006439181241322,0.7727232285991755,0.0051460590688931,0.465032264813426,-0.5005520366301411,1.128749999999976,0.1177855069253008,0.0398057746641403,0.2101021519467476,0.5007212759431188,0.4695792833827267,54.0,29.0,2.5,13.02,61,1,0.987,-0.5492373063894991,-0.2342210474652076,-0.31501625892429147,0.09085252882482482,0.029084977617762325,0.061767551207062496,-0.10121072464846743,-0.0113336208749069,-0.08987710377356053,0.056278436561762096,0.03763219847771111,0.01864623808405098,-0.03381578787220716,0.29434230134642,-0.32815808921862716,-0.04868569362166466,-0.10662683421784742,0.057941140596182765,-0.6229854819803757,-0.12078691113090823,-0.5021985708494675,-0.36169307373184345,0.24757816484498218,-0.6092712385768256,0.16693115234375,0.5703125,0.1581878662109375,0.87890625,0.0739593505859375,0.46484375
GaPt28_02,GaPt28,2,pd,1.2929566697857555,-0.3685195823818841,0.2271299789553659,-0.1027966530845083,0.141816859986229,0.0918453493510298,0.4564205208146442,-0.1786419204121182,-0.8794202725098674,-0.1692620490068999,-0.2106843215847461,0.1321764185637444,-0.271837381171565,-0.5297740791592618,-0.2216075122833881,0.1515113064488736,-0.1036643937813628,-0.9328012139267798,0.2688170717802727,0.0091240195953734,1.7528676016857232,0.1213239131214303,0.0133070740917168,-0.9112134643327406,-0.1682212352094236,-0.8503069213282919,0.0399129560615773,0.1255836324484705,1.351127238633015,-0.6673850938239118,0.0546161911748827,-0.2857097051746783,1.0631249999999772,0.0644286814439647,0.0477122016036345,0.1486407462115932,0.5225625993659728,0.4840632609546592,,,,,,,,,,,,,,,,,,,,,,,,,,,,,,,,,,,,,,,,,,,,,,,,,,,,,,,,,,,,,54.0,29.0,2.5,13.02,61,1,0.987,0.029301521792357316,0.43098034599774504,-0.4016788242053877,-0.003215945916898463,-0.07840784550979053,0.07519189959289208,-0.32517333353109845,-0.22585801604536254,-0.09931531748573591,0.09913002860847653,0.07495601767371624,0.024174010934760286,-0.12411397874718245,0.07942731828370271,-0.20354129703088517,0.019529645671913884,-0.009060621157379361,0.028590266829293245,-0.6138520176232559,-0.13843396161284144,-0.4754180560104145,-0.5765357434159137,0.014115573978692675,-0.5906513173946064,0.111083984375,0.546875,0.1153411865234375,0.91796875,0.08685302734375,0.4453125
GaPt29_01,GaPt29,1,pd,0.0119706905724341,0.4383544078568794,-0.1984933800797103,0.0065290829697659,0.2800268626281876,1.0565429594207565,-0.321728551602339,-0.1929679749445137,-0.6819220148632616,-0.2930392808965373,-0.2766086471796765,0.1746322145242241,-0.312498224506958,-0.21922071435169,-0.1086969331415336,0.0422374363553139,0.129202514744432,0.0984870819947883,0.2568072596603865,-0.1964593164855532,1.1991114796587452,1.0721204065865626,0.0384974273531211,-1.3595017604345705,-1.4610725525342525,0.6673331044376949,0.098129405370298,-0.2002422770325396,1.3571195287410014,1.0048363136468583,-0.4781038433059457,-0.83925837102935,1.0237499999999784,0.0647819584780919,0.0313306196818671,0.4909842369359419,0.4854717658662122,0.4375157007034735,0.3138472368821977,0.6893121940116647,-0.2654489315904046,0.0357318731142848,0.7279744425605932,0.6005470263427884,0.2411228453663901,-0.1690824943837101,0.8743953910868012,-0.8714972527157199,0.6268977867315264,-0.5335360571954945,0.7801059215927976,0.2471058344852681,0.5219629486012501,-0.6895233239298255,-0.2352079103052937,0.6060564857097306,-0.2111730971488866,-0.0804051231017467,0.1607604738374147,1.037287575824228,0.175891980757975,-0.7126126141558344,1.040312499999978,0.0633157029804914,0.0397623211605517,0.481713221965281,0.4835438129689288,0.4399969482343406,-0.7948757477392961,0.809805840283552,0.3113529907843594,-0.0273984516659211,0.8481382940410275,1.353008774159734,-0.0384298948445405,-0.2810325445847075,-0.9328800162944304,-0.3509175739036867,-0.3509087888403892,0.2348354264843447,0.3092122270521013,1.265016017703195,0.4981436257708679,-2.229029338811275,0.0074668838893878,1.335555933710424,0.1280409097657155,-1.152755601494451,-0.5197434874361571,0.4798082600802005,0.3228348526807994,-0.3026605407922959,1.0071874999999784,0.0630587339954067,0.0183012708232046,0.4559292223750406,0.4873997187634956,0.4350344531726063,27.0,16.0,2.0,10.16,68,1,1.092,0.05799206916219129,0.4090883720141483,-0.35109630285195703,-0.019006469819535313,-0.09641990289548058,0.07741343307594527,0.25942641484688056,0.33490786629840424,-0.07548145145152367,-0.12102350323487882,-0.13601131490979076,0.014987811674911942,-0.4352770264544731,-0.1545552617498251,-0.280721764704648,0.06856283392731966,0.030209559520267028,0.03835327440705263,-0.767759877982515,-0.19010055988120766,-0.5776593181013073,-0.635169476657561,0.052770470501021016,-0.687939947158582,0.17718505859375,0.6015625,0.1220703125,0.96875,0.0807952880859375,0.41015625
GaPt29_02,GaPt29,2,pd,0.000521546047399,0.1505757579674539,0.3151517202886931,-0.1101906957062244,0.5686556827345274,-0.0175050569581167,0.3385715583798536,-0.1329473067070652,-0.5749610645490866,-0.1946869429509256,-0.2970121973663008,0.1617852549369786,-0.387089641166829,-0.2656508656362598,-0.1883089226835334,0.0903521694765419,1.0521102733215442,0.2806848709048938,0.2540748320823094,-0.5649782382737437,-0.3874658579016806,0.5106821378614781,0.3227055338552874,-0.3541679360950623,-0.0462845968983947,0.2781178834838265,0.3161762213715597,-0.2811998940840975,-0.4164269203531436,0.3738328067465729,0.0130472438012438,-0.0755501960772286,0.9978124999999788,0.0633959952748923,0.0267579560856232,0.1563548606497462,0.4948899746279745,0.4354690737903879,,,,,,,,,,,,,,,,,,,,,,,,,,,,,,,,,,,,,,,,,,,,,,,,,,,,,,,,,,,,,27.0,16.0,2.0,10.16,68,1,1.092,-0.167099296619423,0.07123277137130832,-0.2383320679907313,0.05147589773823617,-0.0008177461482426693,0.05229364388647884,-0.19287490048872116,-0.22377842611675758,0.030903525628036426,0.05263935033244556,0.07181030485726557,-0.01917095452482001,-0.09148937629369601,0.21370251420980674,-0.30519189050350276,0.027425366316786104,-0.01414863046753699,0.041573996784323095,-0.7049290501751757,-0.0651501783663686,-0.6397788718088071,-0.6451111359574092,0.05295545253577505,-0.6980665884931843,0.224365234375,0.671875,0.13519287109375,1.0859375,0.0679779052734375,0.35546875
GaPt30_01,GaPt30,1,pd,0.0404422707750372,-0.7561492028551327,0.0272544725545594,0.1138278720637936,0.6412132437304614,0.3155372683465677,-0.3025953321289656,0.0597146377703489,-0.9802665974276,-0.173650292258281,-0.3262106516855178,0.1756470266243088,-0.5752065176147266,-0.5092195705398491,-0.1371299211129735,0.1233001383236282,0.8281274321978379,0.294656037497627,0.090282298858352,-0.3239865275451697,1.6567064766088715,-0.1822151066380624,0.0042258568710583,-0.6196345535686633,0.5272296082030408,-0.3345042859761187,-0.4316706941129621,0.13993476934457,1.7539405170003013,-0.0610887355606369,-0.4148163858761883,-0.49153239162237,1.087812499999977,0.0342581728086266,0.0437899630199822,0.4831864217107494,0.4888156618844859,0.4697691516597235,-1.2347452335687157,0.1034850122187851,0.0641268392097693,0.0903523803885019,1.866749292727961,0.3506796253797811,0.3638081351459172,-0.3692051934319967,0.2218001876217566,0.9139841877926882,0.3989421201651468,-0.8616426098508169,-2.773609403365129,1.4391184864125797,0.1720449782327984,-1.184647766585284,-0.5393080737130469,-0.6114338863255925,-0.1457856678292668,0.1891805708034292,-0.5338512207567133,1.4637192610018028,-0.2642087756682388,-0.8893253758747803,1.0959374999999767,0.0355938474708508,0.0316778542577128,0.427363946404923,0.5033666147177756,0.485736195268309,-1.3682194163997978,-0.5226436703251701,-0.0874421633736133,0.1428165628691236,0.2504740397840856,0.1492657257071989,-0.2955146909203682,0.1336185625723647,0.6693545570998991,-0.4837597224362051,-0.2267477548197834,0.0672030619297168,0.5829471404633858,0.7435867672586729,-0.0599276348193594,-0.3671380537647024,1.1936800271062185,-0.5418573141673673,-0.8747410341860534,0.0922333494208916,0.8639131410982512,0.7312859687454472,-0.5074394765899721,-0.2422227892932564,1.079687499999977,0.0316050063891958,0.047303320631873,0.5045045907512647,0.4742647090511963,0.453802108051138,20.0,12.0,2.0,9.91,69,1,1.064,-0.37677784381196333,-0.052418858771601684,-0.32435898504036165,0.09530923457116247,0.03314654247610033,0.062162692095062144,-0.08005876959719672,0.04966821033481654,-0.12972697993201326,-0.02012423656967663,-0.04750672656684336,0.027382489997166738,-2.874051348486085,-2.5278980882421807,-0.34615326024390425,0.2204130425359737,0.1752366278279288,0.04517641470804492,-0.25970546553605567,0.2529501413999181,-0.5126556069359738,-0.824999673079673,-0.1357751988145779,-0.6892244742650951,0.14349365234375,0.5703125,0.085693359375,0.890625,0.0805511474609375,0.43359375
GaPt30_02,GaPt30,2,pd,-0.4365047647277382,0.536740887450607,-0.0201762832180134,-0.0732179148429831,1.466736065664041,0.0840115342197468,0.331409698367223,-0.3165787310940231,-1.024213430859989,-0.1890933260549349,-0.2796080292888952,0.181550100421565,-0.8343945668006626,-0.4503762704071081,-0.0547103543130526,0.1161759290801951,0.8716994540639453,0.2349712165942163,0.0316389264789996,-0.2758766589707097,0.4255229619392039,-0.7389510386802725,0.2425289104055468,-0.0711159926394355,0.3028400963346943,1.1555013588126175,-0.0958240243643233,-0.7144126033263292,-0.6219082021948491,-0.4851002336075491,0.4875198273618618,-0.1633886671860477,1.0554687499999775,0.0497612935585074,0.0213898702944108,0.1980290526333152,0.4872995741577201,0.4664176123327997,,,,,,,,,,,,,,,,,,,,,,,,,,,,,,,,,,,,,,,,,,,,,,,,,,,,,,,,,,,,,20.0,12.0,2.0,9.91,69,1,1.064,-0.07418097640469756,0.24462545730221186,-0.3188064337069094,0.036823517644359274,-0.024119323287296934,0.06094284093165621,-0.025728035507969038,0.18091353602997423,-0.20664157153794327,0.00978731152391398,-0.017084199797249684,0.026871511321163662,-0.06630867539894483,0.14602794647054418,-0.212336621869489,0.001971289487334714,-0.0237035776053248,0.025674867092659516,-0.6278433748665225,-0.0314452830662425,-0.59639809180028,-0.6204309318125032,0.019333246691041195,-0.6397641785035444,0.1115570068359375,0.52734375,0.0890960693359375,0.90234375,0.0794525146484375,0.42578125
GaPt31_01,GaPt31,1,pd,0.4322934123346628,0.2206213405543303,0.0720857253253174,-0.0486681497793572,0.1237693370915087,-0.0234074732732148,-0.0681364050609745,0.0916311001837485,-0.8174226758954124,-0.2692620646162603,-0.3115065171532136,0.1875351940949032,-0.6315305301855191,-0.2518521971678006,-0.0270677799517395,0.0448168770999029,0.1223920816571543,-0.0977785825634663,0.3074043995592327,-0.1776444658155316,0.7383443000905602,0.4524795064023105,-0.1447901848681329,-0.2228045902757922,0.1343175555116587,0.4482282462987588,-0.0065536461359438,-0.1588852710028986,0.3405005491702196,0.8628738659033096,-0.123355194635279,-0.3790018883670205,1.1174999999999762,0.0509210414276413,0.0245004317846333,0.2194541349882102,0.5027633359871264,0.4521648653643171,0.1365396163140511,-0.4928281471943332,-0.251201339369722,0.1236067799289984,0.8987886513836587,0.5272674483332088,-0.1594988303741327,0.0467617653053458,-0.2761571839891829,-0.9448244196025298,-0.6130986129495228,0.3121414323987022,-0.4339547381182629,1.234025914018563,-0.3232464489877007,-0.4768152463010803,0.5640296840708688,0.4485117539294987,-0.7732373721026016,0.0289364564990851,-0.2705002457279163,1.123080316574414,-0.6844572386045225,-0.2412328882148416,1.1381249999999756,0.0390674570231216,0.0207542574564257,0.3721062781818707,0.504898924459977,0.4508665635117022,0.0904050523263374,0.7344937775987281,0.4158949350569677,-0.1247957785840418,-0.2463247086095199,-0.6998836452497521,0.3243022723298477,0.0820529713337076,-0.9722556373563964,-0.07150349738614,0.6913897323776879,-0.4438885461854788,-0.8177824747221998,0.2425916516679799,0.1246424809265902,-0.0596885691886613,-2.0693738390354315,-0.0541501603780869,0.1651299285447603,0.0285842194111433,-1.3440617331607554,0.5182556277284339,0.2341830968188732,-0.2058604432219706,1.0968749999999767,0.0556454302849419,0.0276531582213033,0.1231161943009018,0.5006277475142757,0.453463167216932,27.0,13.0,2.5,12.6,67,1,0.876,-0.19802469041790985,0.03630750138479236,-0.2343321918027022,0.04928517556168766,0.004556435408407979,0.044728740153279684,-0.20708850180218194,-0.10617796335441695,-0.10091053844776499,0.048042959494857734,0.03791778365475097,0.01012517584010676,-0.33791580510770425,-0.11247652605545033,-0.22543927905225392,0.08187892446744416,0.0569874381079712,0.02489148635947296,-0.7903128369180468,-0.20029843807338032,-0.5900143988446664,-0.6781884484770088,-0.053426892551697525,-0.6247615559253112,0.195068359375,0.609375,0.111328125,0.9375,0.0771484375,0.40625
GaPt31_02,GaPt31,2,pd,0.9207780425529416,-0.0757979718812434,-0.3161208361568347,0.0723668149619068,1.0189454985099309,-0.1593635974769,-0.5594552832607914,0.1520290958429188,-1.0052899486909253,-0.1399812438960422,-0.27414451479993,0.1627045635539143,-0.5172442632576957,-0.4275448497213839,-0.0248113920729594,0.0598822866697697,-2.209237819247164,-1.2008331557803238,-0.239813208353487,0.3144869190371698,0.2149801994439922,0.943731540187398,-0.0828423400438858,-0.4464573866632825,-0.0531199147504011,0.4306882644967815,-0.1420558812454962,-0.060023458290353,0.3533855150471806,0.4243329989782584,0.3664556964143992,-0.4821183076049934,1.0701562499999773,0.0326468505232177,0.0184648390823278,0.2541669773481159,0.50535994782967,0.4552477371683241,,,,,,,,,,,,,,,,,,,,,,,,,,,,,,,,,,,,,,,,,,,,,,,,,,,,,,,,,,,,,27.0,13.0,2.5,12.6,67,1,0.876,-0.12352948820855203,0.19742058228769954,-0.32095007049625157,0.023591750229081155,-0.038145094343792735,0.061736844572873886,0.47567274061236425,0.5712813590650379,-0.09560861845267364,-0.14248522213614115,-0.15672508585824235,0.014239863722101218,-0.19038132459820015,0.22818345965480683,-0.41856478425300697,0.002226524839064477,-0.05984000113269586,0.062066525971760336,-0.5314023075626823,-0.04490125418029617,-0.4865010533823861,-0.7654794820069788,-0.10136292754340548,-0.6641165544635733,0.14349365234375,0.5703125,0.1077728271484375,0.94921875,0.068359375,0.4375
GaPt32_01,GaPt32,1,pd,-0.2318964440925146,-1.345747450503315,0.1014616694544725,0.1303072472885622,1.3706683954760022,0.0754753568306524,-0.0696771111971546,-0.1306183344549023,-0.6642090552464388,-0.2775992043085636,-0.2468207595893375,0.1489739250935104,-0.447000317633721,-0.3135862606410479,0.0084609033073844,0.0243133834139752,-0.5514420498833374,-1.0459281336053456,0.0092291567194656,0.1807578805722825,0.9925210041229376,0.3354256632343973,0.3119482180278688,-0.6270146179842639,0.392612606220861,-0.2209168723838511,0.2675893127381462,-0.1676048682046551,1.1992851252608328,0.190197589558201,0.1266430008856714,-0.4869498736359532,0.9887499999999788,0.0428523389330765,0.0191435794092259,0.2600400029336194,0.4928902390473307,0.4275763352373133,0.4107603910299539,-0.9166720663511364,0.555955863819112,-0.1161174931534365,1.2196728350861072,0.6124740534190171,0.3075675453944559,-0.2350993081879272,0.600026827324091,0.5923439933306817,0.2720810285994797,-0.5275169217238105,0.0445864416468313,1.137354336117848,0.217621539002308,-0.876823047727201,-1.6254841738012622,-0.7563618722136434,-0.4881004739073272,0.3212197550269689,0.6268407535049282,0.8033334133768723,-0.3658881856660514,-0.2674370464317223,0.9959374999999788,0.0263638225993675,0.0154298672274335,0.1090779434720103,0.4946097576639521,0.429289501186661,-1.1012276194100148,-0.7532997727126802,-0.203547796300282,0.2128308870579612,0.4713089662283431,0.1767987312562951,0.0623261017226046,0.0817882779761923,-2.9307512010018737,-2.2604561920146367,-0.0603040991707423,0.2853564140324576,0.6599486839477503,0.5230627709241247,0.3670282654582314,-0.6044898593321555,-0.2552720333925348,0.6881497120847064,0.6742495985532768,-0.9749221648769122,0.7069765018745076,0.538377399791035,0.4043718026670104,-0.6816016393714327,0.981562499999979,0.0544102917956958,0.0217230324977027,0.389507799868763,0.4911707204307094,0.4258631692879657,33.0,24.0,2.0,11.22,63,1,1.242,-0.36302906335536017,-0.045672438510479474,-0.3173566248448807,0.05004404312239434,-0.010854370817776224,0.060898413940170565,0.634900842625448,0.6225142266153814,0.012386616010066591,-0.24684635402978863,-0.23069130915032157,-0.016155044879467065,-0.6300440471716247,-0.2359182705030245,-0.39412577666860016,0.08465546229791773,0.022920470274489353,0.06173499202342838,-0.2656383472571718,0.25973789613122916,-0.5253762433884009,-0.7413447023167244,-0.07670413750715321,-0.6646405648095712,0.22601318359375,0.6484375,0.1642913818359375,0.97265625,0.073974609375,0.421875
GaPt32_02,GaPt32,2,pd,-0.6213299290368037,0.0247233981641663,0.4234196486662272,-0.0878384067693053,0.4709819428608382,0.0758029295527262,0.0961815141733811,-0.0473297629437385,-0.7382949059516926,-0.276690267149673,-0.3682907738396463,0.1950554705221112,-0.0402372641650382,-0.3033296519357827,-0.0324279826898879,-0.0002211531813347,1.4624721723077807,0.4986526163475123,-0.3132555820060503,-0.5374258128029885,0.6485729936389795,0.5094780105898182,0.4434418315339133,-0.7472669882882024,0.1130560082270061,-0.8135363880174217,0.4446000545824669,-0.158476562787461,0.2616126998544323,0.1629920609072022,-0.4278667634918979,0.08340309116992,1.033906249999978,0.0442598098901453,0.0165200532772214,0.1526480116089774,0.4904527140345091,0.4268546461346323,,,,,,,,,,,,,,,,,,,,,,,,,,,,,,,,,,,,,,,,,,,,,,,,,,,,,,,,,,,,,33.0,24.0,2.0,11.22,63,1,1.242,-0.4422934631014137,-0.08791224676824705,-0.35438121633316666,0.09603039001982339,0.04130418692991593,0.05472620308990746,0.23881723245603437,0.19269956597342627,0.04611766648260809,-0.03295104012508486,-0.02088601306913576,-0.012065027055949099,0.20975305735713934,0.6859325470161551,-0.4761794896590158,-0.04117303581138895,-0.1112404847322409,0.07006744892085194,-0.41075813531262184,0.06979057612163853,-0.48054871143426037,-0.5768062859931034,0.1072498290615801,-0.6840561150546834,0.1641693115234375,0.58203125,0.1490325927734375,0.98046875,0.06732177734375,0.4296875
GaPt33_01,GaPt33,1,pd,-0.0682420323077414,0.588118216593332,-0.3233798558862254,-0.0080237790004012,0.7194233778907198,0.2926077123077137,0.0255530442019136,-0.0406416536456185,-0.6859479860885914,-0.0905705991022658,-0.2281745300442703,0.1124927290525896,-0.7372439233942573,-0.5147205241604887,-0.3327132922112357,0.2005453433842237,0.6942076858341076,0.2243184034294613,-0.1693655145819093,-0.109534195029283,0.4338883605258817,-0.2891871270587523,0.2349460650456989,-0.1386338507065666,0.1156497854395155,0.2802343964138188,0.0850876243977193,-0.1419339905858571,0.177111001412787,-1.397330538561822,0.3190132538732615,-0.0227695137949485,1.2337499999999737,0.0540068432093192,0.0354198861982967,0.0481354165225197,0.5140359407990858,0.5010075034340821,0.4239218367841067,1.1625157128119232,-0.3458487473305809,-0.064746859285871,0.4440653650541815,0.4243540562206651,-0.1308345248731929,0.0877531840236917,1.079221657288674,-0.5253188691463753,-0.6253639230867518,0.0784631342216184,0.2277331409942055,-1.6256490875429854,0.4111828232445827,-0.0790098426738793,-1.603571739372399,0.2165238420403402,0.1764548861970181,-0.0520660475043827,-3.2724508553900025,-1.0635415794358245,0.0576887907052623,0.2037644169810301,1.229374999999974,0.0587271136886371,0.0343455678229706,-0.0421706114074206,0.5155674853679535,0.5008920779704418,0.6141594463515627,0.8570805814806002,-0.4041022219055158,0.0144925113925996,-1.0739790884613294,0.9459389549202328,-0.1171751618258876,-0.0624681325848952,-0.8113701167350803,0.8301458207061232,0.0709416247437965,-0.2989496936903411,0.2222858457896491,-0.1390665876972533,0.2065672336884625,-0.1062337441263369,0.6189604953876109,0.6325065265111341,-0.020217492574038,-0.3318405295553625,0.1126629399609984,-0.2376916519099954,0.4435510823912744,-0.2412324791347427,1.2381249999999735,0.0495950914265148,0.0342898547185929,0.1435426264208447,0.5125043962302179,0.5011229288977225,42.0,31.0,2.5,11.97,63,1,0.825,-0.26017175331862813,0.032370607106194826,-0.29254236042482296,0.06829086011316694,0.004220966245275057,0.06406989386789189,0.36905624694717354,0.493052899351207,-0.12399665240403349,-0.08523769936849251,-0.12910711896131744,0.04386941959282491,0.45302754154615327,0.6479529871095313,-0.19492544556337807,-0.13095792534744685,-0.1457167272365657,0.014758801889118852,-0.6306841826188876,-0.18509185439623882,-0.44559232822264877,-0.6121126526011097,0.04442770480874547,-0.6565403574098552,0.1614837646484375,0.57421875,0.13128662109375,0.7890625,0.0641937255859375,0.46484375
GaPt33_02,GaPt33,2,pd,0.464325859057876,0.1708825827784367,-0.1197993523212144,0.0305159771329464,0.041782894184757,0.1697858601957919,0.1441941799456179,-0.0071713780568887,-0.6211499142635322,-0.1483658314238101,-0.1114095081795181,0.0728161018257592,-0.4295533329533189,-0.8828230357942648,-0.242521147264891,0.1910324712276321,0.074574678892655,-0.0171608739058231,-0.1544739920927324,0.0603909634705738,-1.0949551838197924,-0.0182205602374227,0.0075477352611212,0.0760075773571908,0.7689442218204768,0.8328668209441372,0.1823332573951443,-0.7682127733708936,0.0722368213780185,0.3616397549969455,0.1524273921467546,-0.2092558396879476,1.1995312499999744,0.1344762269118411,0.0517209684663897,0.2012538523421558,0.5039344128499932,0.497791873028193,,,,,,,,,,,,,,,,,,,,,,,,,,,,,,,,,,,,,,,,,,,,,,,,,,,,,,,,,,,,,42.0,31.0,2.5,11.97,63,1,0.825,-0.03868469697885889,0.19082660578162736,-0.22951130276048626,0.02772987442210789,-0.028714932401601414,0.0564448068237093,-0.5729358161843997,-0.29367731600837826,-0.27925850017602144,0.12371022600358116,0.07038114576153401,0.05332908024204714,-0.0757444494990579,0.14820839517233017,-0.22395284467138807,0.027441286453149364,-0.003597665310746845,0.03103895176389621,-0.6233054928425908,-0.11492455825069647,-0.5083809345918944,-0.6705505745149747,-0.03930803732164079,-0.6312425371933339,0.16644287109375,0.5859375,0.1089935302734375,0.85546875,0.0803070068359375,0.47265625
