subject,condition,modality,mean_H,sd_H,mean_D,sd_D,mean_lambda,sd_lambda,multilevel,pivot_rate,compound_pivot_fraction,pivot_depth,tree_span_events,tree_span_time,tree_root_fraction,tree_ascending_fraction,occ_L1,occ_L2,occ_L3,occ_L4,occ_L5,occ_L6,occ_L7,occ_L8,occ_L9,occ_L10,occ_L11,occ_L12
S18,baseline,gait,9.041666666666666,1.5736738147920994,1.0833333333333333,0.408248290463863,8.958333333333334,1.8292114401439827,0.041666666666666664,0.2916666666666667,0.5714285714285714,2.142857142857143,1.5714285714285714,0.5522693452380952,0.125,0.6666666666666666,0.0,0.0,0.041666666666666664,0.041666666666666664,0.041666666666666664,0.08333333333333333,0.0,0.125,0.2916666666666667,0.3333333333333333,0.125,0.0
S18,baseline,eeg,8.666666666666666,1.9927404479142845,1.0,0.0,8.666666666666666,1.9927404479142845,0.0,0.20833333333333334,0.6,2.8,2.090909090909091,0.6716974431818182,0.08333333333333333,0.5909090909090909,0.0,0.0,0.041666666666666664,0.0,0.041666666666666664,0.041666666666666664,0.08333333333333333,0.16666666666666666,0.25,0.20833333333333334,0.16666666666666666,0.0
S18,early_abrupt,gait,9.166666666666666,1.2740441145412122,1.0,0.0,9.166666666666666,1.2740441145412122,0.0,0.25,0.6666666666666666,2.0,1.5714285714285714,0.5241815476190477,0.125,0.42857142857142855,0.0,0.0,0.0,0.0,0.0,0.0,0.08333333333333333,0.2916666666666667,0.16666666666666666,0.2916666666666667,0.16666666666666666,0.0
S18,early_abrupt,eeg,8.833333333333334,1.857222485950146,1.0,0.0,8.833333333333334,1.857222485950146,0.0,0.2916666666666667,0.5714285714285714,2.4285714285714284,1.95,0.6189453125,0.16666666666666666,0.65,0.0,0.0,0.0,0.041666666666666664,0.041666666666666664,0.08333333333333333,0.0,0.08333333333333333,0.3333333333333333,0.2916666666666667,0.125,0.0
S18,late_abrupt,gait,8.75,1.6484511834894675,1.0,0.0,8.75,1.6484511834894675,0.0,0.25,0.8333333333333334,2.0,2.0454545454545454,0.703125,0.08333333333333333,0.6363636363636364,0.0,0.0,0.0,0.0,0.041666666666666664,0.041666666666666664,0.16666666666666666,0.16666666666666666,0.16666666666666666,0.2916666666666667,0.125,0.0
S18,late_abrupt,eeg,9.083333333333334,1.1764599317505433,1.0,0.0,9.083333333333334,1.1764599317505433,0.0,0.2916666666666667,0.42857142857142855,1.7142857142857142,2.0454545454545454,0.697265625,0.08333333333333333,0.5909090909090909,0.0,0.0,0.0,0.0,0.0,0.0,0.125,0.16666666666666666,0.2916666666666667,0.3333333333333333,0.08333333333333333,0.0
S18,early_gradual,gait,9.25,1.4521348601882378,1.0833333333333333,0.408248290463863,9.166666666666666,1.7362294645648624,0.041666666666666664,0.20833333333333334,0.6,2.2,1.4285714285714286,0.4856770833333333,0.125,0.47619047619047616,0.0,0.0,0.041666666666666664,0.041666666666666664,0.041666666666666664,0.0,0.08333333333333333,0.08333333333333333,0.2916666666666667,0.3333333333333333,0.16666666666666666,0.0
S18,early_gradual,eeg,9.375,1.2445533509971602,1.0,0.0,9.375,1.2445533509971602,0.0,0.16666666666666666,0.75,2.0,1.6363636363636365,0.5639204545454546,0.08333333333333333,0.36363636363636365,0.0,0.0,0.0,0.0,0.0,0.0,0.125,0.08333333333333333,0.25,0.375,0.16666666666666666,0.0
S18,late_gradual,gait,9.416666666666666,1.0598058340078627,1.0,0.0,9.416666666666666,1.0598058340078627,0.0,0.25,0.5,1.5,1.7272727272727273,0.58203125,0.08333333333333333,0.45454545454545453,0.0,0.0,0.0,0.0,0.0,0.0,0.041666666666666664,0.125,0.375,0.2916666666666667,0.16666666666666666,0.0
S18,late_gradual,eeg,9.416666666666666,1.0598058340078627,1.0,0.0,9.416666666666666,1.0598058340078627,0.0,0.20833333333333334,0.6,1.8,2.0952380952380953,0.6666666666666666,0.125,0.38095238095238093,0.0,0.0,0.0,0.0,0.0,0.0,0.08333333333333333,0.08333333333333333,0.25,0.5,0.08333333333333333,0.0
S19,baseline,gait,9.125,1.5126280039259057,1.0833333333333333,0.408248290463863,9.041666666666666,1.7810394294555534,0.041666666666666664,0.25,0.5,2.0,1.35,0.432421875,0.16666666666666666,0.4,0.0,0.0,0.041666666666666664,0.041666666666666664,0.041666666666666664,0.0,0.125,0.041666666666666664,0.4166666666666667,0.16666666666666666,0.20833333333333334,0.0
S19,baseline,eeg,9.083333333333334,1.316010660280157,1.0,0.0,9.083333333333334,1.316010660280157,0.0,0.25,0.3333333333333333,1.6666666666666667,2.4545454545454546,0.7776988636363636,0.08333333333333333,0.45454545454545453,0.0,0.0,0.0,0.0,0.0,0.041666666666666664,0.08333333333333333,0.16666666666666666,0.2916666666666667,0.2916666666666667,0.125,0.0
S19,early_abrupt,gait,9.041666666666666,1.458980187804412,1.0,0.0,9.041666666666666,1.458980187804412,0.0,0.2916666666666667,0.5714285714285714,2.142857142857143,1.7272727272727273,0.5642755681818182,0.08333333333333333,0.5454545454545454,0.0,0.0,0.0,0.0,0.041666666666666664,0.041666666666666664,0.08333333333333333,0.0,0.4166666666666667,0.3333333333333333,0.08333333333333333,0.0
S19,early_abrupt,eeg,9.333333333333334,1.2740441145412122,1.0,0.0,9.333333333333334,1.2740441145412122,0.0,0.3333333333333333,0.375,1.625,1.6363636363636365,0.5340909090909091,0.08333333333333333,0.5,0.0,0.0,0.0,0.0,0.041666666666666664,0.0,0.0,0.125,0.3333333333333333,0.375,0.125,0.0
S19,late_abrupt,gait,9.333333333333334,1.4345630047135447,1.0,0.0,9.333333333333334,1.4345630047135447,0.0,0.20833333333333334,0.6,2.2,2.0,0.6815476190476191,0.125,0.42857142857142855,0.0,0.0,0.0,0.0,0.0,0.08333333333333333,0.08333333333333333,0.0,0.20833333333333334,0.5,0.125,0.0
S19,late_abrupt,eeg,9.166666666666666,1.5788456616111677,1.0,0.0,9.166666666666666,1.5788456616111677,0.0,0.25,0.5,2.3333333333333335,1.8095238095238095,0.5719866071428571,0.125,0.5238095238095238,0.0,0.0,0.0,0.041666666666666664,0.0,0.041666666666666664,0.0,0.125,0.2916666666666667,0.375,0.125,0.0
S19,early_gradual,gait,9.125,1.2618998788920721,1.0833333333333333,0.408248290463863,9.041666666666666,1.5736738147920994,0.041666666666666664,0.25,0.5,1.8333333333333333,1.4,0.4595703125,0.16666666666666666,0.4,0.0,0.0,0.041666666666666664,0.041666666666666664,0.041666666666666664,0.0,0.041666666666666664,0.08333333333333333,0.4583333333333333,0.2916666666666667,0.08333333333333333,0.0
S19,early_gradual,eeg,9.25,1.3269776053940743,1.0,0.0,9.25,1.3269776053940743,0.0,0.3333333333333333,0.625,1.875,2.0,0.6981534090909091,0.08333333333333333,0.6363636363636364,0.0,0.0,0.0,0.0,0.0,0.041666666666666664,0.041666666666666664,0.20833333333333334,0.20833333333333334,0.3333333333333333,0.16666666666666666,0.0
S19,late_gradual,gait,9.166666666666666,1.5788456616111677,1.0416666666666667,0.2041241452319315,9.125,1.701980943029264,0.041666666666666664,0.20833333333333334,0.6,1.8,1.3636363636363635,0.45454545454545453,0.08333333333333333,0.4090909090909091,0.0,0.0,0.0,0.041666666666666664,0.041666666666666664,0.0,0.08333333333333333,0.25,0.08333333333333333,0.3333333333333333,0.20833333333333334,0.0
S19,late_gradual,eeg,9.083333333333334,1.6129008882638507,1.0,0.0,9.083333333333334,1.6129008882638507,0.0,0.20833333333333334,1.0,3.0,2.1363636363636362,0.6766690340909091,0.08333333333333333,0.45454545454545453,0.0,0.0,0.0,0.0,0.0,0.125,0.041666666666666664,0.125,0.25,0.25,0.20833333333333334,0.0
S20,baseline,gait,8.875,1.701980943029264,1.1666666666666667,0.5646597025732799,8.708333333333334,2.1362129568705104,0.08333333333333333,0.25,0.5,2.6666666666666665,1.55,0.5072265625,0.16666666666666666,0.5,0.0,0.0,0.08333333333333333,0.08333333333333333,0.08333333333333333,0.041666666666666664,0.0,0.20833333333333334,0.2916666666666667,0.20833333333333334,0.16666666666666666,0.0
S20,baseline,eeg,9.5,1.06321906614239,1.0,0.0,9.5,1.06321906614239,0.0,0.16666666666666666,0.25,1.25,1.4761904761904763,0.48995535714285715,0.125,0.2857142857142857,0.0,0.0,0.0,0.0,0.0,0.0,0.041666666666666664,0.08333333333333333,0.4166666666666667,0.25,0.20833333333333334,0.0
S20,early_abrupt,gait,9.166666666666666,1.3726099121798927,1.0,0.0,9.166666666666666,1.3726099121798927,0.0,0.20833333333333334,0.8,2.6,2.3636363636363638,0.7906605113636364,0.08333333333333333,0.4090909090909091,0.0,0.0,0.0,0.0,0.041666666666666664,0.0,0.08333333333333333,0.08333333333333333,0.2916666666666667,0.4166666666666667,0.08333333333333333,0.0
S20,early_abrupt,eeg,8.916666666666666,1.717345440591042,1.0416666666666667,0.2041241452319315,8.875,1.8252456654188867,0.041666666666666664,0.25,0.6666666666666666,2.8333333333333335,1.5238095238095237,0.5128348214285714,0.125,0.5238095238095238,0.0,0.0,0.0,0.041666666666666664,0.041666666666666664,0.08333333333333333,0.125,0.041666666666666664,0.20833333333333334,0.375,0.125,0.0
S20,late_abrupt,gait,8.958333333333334,1.545798419465872,1.0,0.0,8.958333333333334,1.545798419465872,0.0,0.20833333333333334,0.8,2.8,1.8636363636363635,0.6067116477272727,0.08333333333333333,0.5454545454545454,0.0,0.0,0.0,0.0,0.041666666666666664,0.041666666666666664,0.041666666666666664,0.20833333333333334,0.2916666666666667,0.20833333333333334,0.16666666666666666,0.0
S20,late_abrupt,eeg,9.541666666666666,1.2150922908825974,1.0,0.0,9.541666666666666,1.2150922908825974,0.0,0.25,0.16666666666666666,1.3333333333333333,1.5238095238095237,0.5591517857142857,0.125,0.42857142857142855,0.0,0.0,0.0,0.0,0.0,0.041666666666666664,0.041666666666666664,0.041666666666666664,0.25,0.4583333333333333,0.16666666666666666,0.0
S20,early_gradual,gait,9.25,1.224744871391589,1.0,0.0,9.25,1.224744871391589,0.0,0.20833333333333334,0.2,1.8,1.380952380952381,0.4373139880952381,0.125,0.42857142857142855,0.0,0.0,0.0,0.0,0.0,0.041666666666666664,0.041666666666666664,0.16666666666666666,0.20833333333333334,0.4583333333333333,0.08333333333333333,0.0
S20,early_gradual,eeg,9.0,1.5879984667608413,1.0,0.0,9.0,1.5879984667608413,0.0,0.25,0.5,2.1666666666666665,2.272727272727273,0.7389914772727273,0.08333333333333333,0.45454545454545453,0.0,0.0,0.0,0.0,0.041666666666666664,0.041666666666666664,0.08333333333333333,0.16666666666666666,0.16666666666666666,0.375,0.125,0.0
S20,late_gradual,gait,9.333333333333334,1.090140264874869,1.0,0.0,9.333333333333334,1.090140264874869,0.0,0.2916666666666667,0.42857142857142855,1.7142857142857142,2.0454545454545454,0.6924715909090909,0.08333333333333333,0.5454545454545454,0.0,0.0,0.0,0.0,0.0,0.0,0.08333333333333333,0.08333333333333333,0.375,0.3333333333333333,0.125,0.0
S20,late_gradual,eeg,8.875,1.7273377354107426,1.0,0.0,8.875,1.7273377354107426,0.0,0.25,0.6666666666666666,2.8333333333333335,2.6363636363636362,0.8299005681818182,0.08333333333333333,0.5454545454545454,0.0,0.0,0.0,0.0,0.08333333333333333,0.08333333333333333,0.0,0.08333333333333333,0.2916666666666667,0.375,0.08333333333333333,0.0
S21,baseline,gait,9.291666666666666,1.2676293062133797,1.0,0.0,9.291666666666666,1.2676293062133797,0.0,0.25,0.5,2.0,1.619047619047619,0.5472470238095238,0.125,0.5238095238095238,0.0,0.0,0.0,0.0,0.0,0.041666666666666664,0.08333333333333333,0.041666666666666664,0.3333333333333333,0.375,0.125,0.0
S21,baseline,eeg,9.083333333333334,1.5857152183236396,1.0,0.0,9.083333333333334,1.5857152183236396,0.0,0.25,0.6666666666666666,2.1666666666666665,1.8095238095238095,0.6422991071428571,0.125,0.5238095238095238,0.0,0.0,0.0,0.0,0.041666666666666664,0.041666666666666664,0.08333333333333333,0.08333333333333333,0.2916666666666667,0.2916666666666667,0.16666666666666666,0.0
S21,early_abrupt,gait,9.166666666666666,1.1671841502435296,1.0,0.0,9.166666666666666,1.1671841502435296,0.0,0.2916666666666667,0.5714285714285714,1.8571428571428572,1.8571428571428572,0.6261160714285714,0.125,0.5238095238095238,0.0,0.0,0.0,0.0,0.0,0.041666666666666664,0.0,0.25,0.25,0.375,0.08333333333333333,0.0
S21,early_abrupt,eeg,9.041666666666666,1.1970676733137329,1.0,0.0,9.041666666666666,1.1970676733137329,0.0,0.25,0.3333333333333333,1.8333333333333333,1.380952380952381,0.4497767857142857,0.125,0.42857142857142855,0.0,0.0,0.0,0.0,0.0,0.041666666666666664,0.041666666666666664,0.16666666666666666,0.4583333333333333,0.16666666666666666,0.125,0.0
S21,late_abrupt,gait,9.166666666666666,1.493949148388597,1.0416666666666667,0.2041241452319315,9.125,1.596531566702726,0.041666666666666664,0.16666666666666666,0.5,2.0,1.5,0.48579545454545453,0.08333333333333333,0.4090909090909091,0.0,0.0,0.0,0.0,0.041666666666666664,0.08333333333333333,0.08333333333333333,0.08333333333333333,0.25,0.3333333333333333,0.16666666666666666,0.0
S21,late_abrupt,eeg,9.166666666666666,1.3726099121798927,1.0416666666666667,0.2041241452319315,9.125,1.5126280039259057,0.041666666666666664,0.2916666666666667,0.42857142857142855,1.8571428571428572,1.8571428571428572,0.6369047619047619,0.125,0.5714285714285714,0.0,0.0,0.0,0.041666666666666664,0.041666666666666664,0.0,0.041666666666666664,0.16666666666666666,0.2916666666666667,0.3333333333333333,0.125,0.0
S21,early_gradual,gait,9.291666666666666,1.3014763077790332,1.0,0.0,9.291666666666666,1.3014763077790332,0.0,0.2916666666666667,0.5714285714285714,1.8571428571428572,1.5238095238095237,0.5347842261904762,0.125,0.42857142857142855,0.0,0.0,0.0,0.0,0.0,0.0,0.08333333333333333,0.25,0.16666666666666666,0.2916666666666667,0.20833333333333334,0.0
S21,early_gradual,eeg,9.416666666666666,1.1000658741803746,1.0,0.0,9.416666666666666,1.1000658741803746,0.0,0.20833333333333334,0.4,2.0,1.3333333333333333,0.42410714285714285,0.125,0.42857142857142855,0.0,0.0,0.0,0.0,0.0,0.041666666666666664,0.0,0.08333333333333333,0.375,0.375,0.125,0.0
S21,late_gradual,gait,8.833333333333334,1.5788456616111677,1.125,0.44842720314644063,8.708333333333334,1.899179838238342,0.08333333333333333,0.2916666666666667,0.8571428571428571,2.5714285714285716,2.272727272727273,0.7737926136363636,0.08333333333333333,0.6363636363636364,0.0,0.0,0.041666666666666664,0.041666666666666664,0.08333333333333333,0.041666666666666664,0.08333333333333333,0.25,0.16666666666666666,0.2916666666666667,0.125,0.0
S21,late_gradual,eeg,9.083333333333334,1.442120017518492,1.0,0.0,9.083333333333334,1.442120017518492,0.0,0.25,0.6666666666666666,2.3333333333333335,1.6818181818181819,0.6083096590909091,0.08333333333333333,0.5454545454545454,0.0,0.0,0.0,0.0,0.041666666666666664,0.041666666666666664,0.041666666666666664,0.08333333333333333,0.3333333333333333,0.375,0.08333333333333333,0.0
S22,baseline,gait,8.291666666666666,2.0319013727063124,1.3333333333333333,0.7613869876268811,7.958333333333333,2.6780779393578826,0.16666666666666666,0.3333333333333333,0.75,3.5,2.409090909090909,0.7977627840909091,0.08333333333333333,0.8181818181818182,0.0,0.08333333333333333,0.125,0.16666666666666666,0.08333333333333333,0.08333333333333333,0.08333333333333333,0.08333333333333333,0.3333333333333333,0.20833333333333334,0.08333333333333333,0.0
S22,baseline,eeg,9.208333333333334,1.350657381543832,1.0,0.0,9.208333333333334,1.350657381543832,0.0,0.20833333333333334,0.6,2.2,1.5238095238095237,0.5133928571428571,0.125,0.5714285714285714,0.0,0.0,0.0,0.0,0.0,0.041666666666666664,0.08333333333333333,0.125,0.2916666666666667,0.2916666666666667,0.16666666666666666,0.0
S22,early_abrupt,gait,9.0,1.5322617553657476,1.0833333333333333,0.28232985128663995,8.916666666666666,1.767254482466264,0.08333333333333333,0.25,0.3333333333333333,2.3333333333333335,2.0454545454545454,0.697265625,0.08333333333333333,0.5454545454545454,0.0,0.0,0.041666666666666664,0.041666666666666664,0.041666666666666664,0.041666666666666664,0.0,0.16666666666666666,0.3333333333333333,0.3333333333333333,0.08333333333333333,0.0
S22,early_abrupt,eeg,8.875,1.596531566702726,1.0,0.0,8.875,1.596531566702726,0.0,0.25,1.0,3.0,1.9523809523809523,0.6795014880952381,0.125,0.6190476190476191,0.0,0.0,0.0,0.0,0.0,0.125,0.08333333333333333,0.16666666666666666,0.16666666666666666,0.3333333333333333,0.125,0.0
S22,late_abrupt,gait,9.25,1.0733936430981312,1.0,0.0,9.25,1.0733936430981312,0.0,0.20833333333333334,0.6,1.6,1.6818181818181819,0.5504261363636364,0.08333333333333333,0.4090909090909091,0.0,0.0,0.0,0.0,0.0,0.0,0.08333333333333333,0.08333333333333333,0.4583333333333333,0.25,0.125,0.0
S22,late_abrupt,eeg,9.083333333333334,1.3160106602801567,1.0,0.0,9.083333333333334,1.3160106602801567,0.0,0.25,0.5,2.1666666666666665,1.35,0.423828125,0.16666666666666666,0.55,0.0,0.0,0.0,0.0,0.041666666666666664,0.0,0.08333333333333333,0.041666666666666664,0.4583333333333333,0.2916666666666667,0.08333333333333333,0.0
S22,early_gradual,gait,9.166666666666666,1.4939491483885972,1.0,0.0,9.166666666666666,1.4939491483885972,0.0,0.25,0.8333333333333334,2.6666666666666665,2.0952380952380953,0.7034970238095238,0.125,0.5714285714285714,0.0,0.0,0.0,0.0,0.041666666666666664,0.041666666666666664,0.041666666666666664,0.08333333333333333,0.2916666666666667,0.375,0.125,0.0
S22,early_gradual,eeg,9.125,1.4540049638094805,1.0,0.0,9.125,1.4540049638094805,0.0,0.25,0.8333333333333334,2.5,1.8181818181818181,0.5854048295454546,0.08333333333333333,0.4090909090909091,0.0,0.0,0.0,0.0,0.0,0.0,0.16666666666666666,0.25,0.08333333333333333,0.2916666666666667,0.20833333333333334,0.0
S22,late_gradual,gait,9.166666666666666,1.2740441145412122,1.0,0.0,9.166666666666666,1.2740441145412122,0.0,0.20833333333333334,0.8,2.4,1.380952380952381,0.44494047619047616,0.125,0.47619047619047616,0.0,0.0,0.0,0.0,0.0,0.041666666666666664,0.125,0.0,0.375,0.375,0.08333333333333333,0.0
S22,late_gradual,eeg,9.25,1.6746187106583268,1.0,0.0,9.25,1.6746187106583268,0.0,0.20833333333333334,0.6,2.6,1.2380952380952381,0.4142485119047619,0.125,0.47619047619047616,0.0,0.0,0.0,0.0,0.041666666666666664,0.041666666666666664,0.08333333333333333,0.125,0.08333333333333333,0.4166666666666667,0.20833333333333334,0.0
S23,baseline,gait,8.833333333333334,1.7362294645648622,1.25,0.6756639246921762,8.583333333333334,2.30154327555998,0.125,0.20833333333333334,0.8,3.6,1.619047619047619,0.5223214285714286,0.125,0.47619047619047616,0.0,0.0,0.08333333333333333,0.125,0.125,0.08333333333333333,0.0,0.041666666666666664,0.5,0.125,0.16666666666666666,0.0
S23,baseline,eeg,8.916666666666666,1.4719601443879744,1.0,0.0,8.916666666666666,1.4719601443879744,0.0,0.2916666666666667,0.7142857142857143,2.4285714285714284,2.227272727272727,0.7606534090909091,0.08333333333333333,0.6363636363636364,0.0,0.0,0.0,0.0,0.041666666666666664,0.041666666666666664,0.041666666666666664,0.16666666666666666,0.375,0.20833333333333334,0.125,0.0
S23,early_abrupt,gait,9.375,1.1726039399558574,1.0,0.0,9.375,1.1726039399558574,0.0,0.20833333333333334,0.2,1.6,1.3333333333333333,0.44754464285714285,0.125,0.38095238095238093,0.0,0.0,0.0,0.0,0.0,0.041666666666666664,0.0,0.125,0.375,0.2916666666666667,0.16666666666666666,0.0
S23,early_abrupt,eeg,9.291666666666666,1.1601786469133204,1.0,0.0,9.291666666666666,1.1601786469133204,0.0,0.20833333333333334,0.4,1.6,1.2857142857142858,0.42001488095238093,0.125,0.38095238095238093,0.0,0.0,0.0,0.0,0.0,0.0,0.041666666666666664,0.25,0.25,0.2916666666666667,0.16666666666666666,0.0
S23,late_abrupt,gait,9.166666666666666,1.203858530857692,1.0,0.0,9.166666666666666,1.203858530857692,0.0,0.25,0.6666666666666666,1.8333333333333333,1.9545454545454546,0.6432883522727273,0.08333333333333333,0.45454545454545453,0.0,0.0,0.0,0.0,0.0,0.0,0.125,0.16666666666666666,0.20833333333333334,0.4166666666666667,0.08333333333333333,0.0
S23,late_abrupt,eeg,8.875,2.07075915505905,1.0416666666666667,0.2041241452319315,8.833333333333334,2.180280529749738,0.041666666666666664,0.2916666666666667,0.5714285714285714,3.2857142857142856,1.619047619047619,0.5340401785714286,0.125,0.6190476190476191,0.0,0.0,0.041666666666666664,0.08333333333333333,0.0,0.08333333333333333,0.0,0.16666666666666666,0.16666666666666666,0.2916666666666667,0.20833333333333334,0.0
S23,early_gradual,gait,8.375,1.8371173070873836,1.25,0.6756639246921762,8.125,2.3277625009587135,0.125,0.3333333333333333,0.875,3.375,2.0,0.6579241071428571,0.125,0.6666666666666666,0.0,0.0,0.08333333333333333,0.125,0.125,0.08333333333333333,0.20833333333333334,0.08333333333333333,0.16666666666666666,0.2916666666666667,0.08333333333333333,0.0
S23,early_gradual,eeg,9.5,0.8846517369293828,1.0,0.0,9.5,0.8846517369293828,0.0,0.16666666666666666,0.25,1.5,1.9545454545454546,0.6306818181818182,0.08333333333333333,0.2727272727272727,0.0,0.0,0.0,0.0,0.0,0.0,0.0,0.16666666666666666,0.25,0.5,0.08333333333333333,0.0
S23,late_gradual,gait,8.625,1.6100904646471967,1.0,0.0,8.625,1.6100904646471967,0.0,0.2916666666666667,0.8571428571428571,2.857142857142857,2.05,0.70546875,0.16666666666666666,0.7,0.0,0.0,0.0,0.0,0.08333333333333333,0.041666666666666664,0.08333333333333333,0.125,0.3333333333333333,0.2916666666666667,0.041666666666666664,0.0
S23,late_gradual,eeg,8.583333333333334,1.665941871387048,1.0,0.0,8.583333333333334,1.665941871387048,0.0,0.25,0.6666666666666666,3.0,1.6,0.530078125,0.16666666666666666,0.5,0.0,0.0,0.0,0.0,0.08333333333333333,0.041666666666666664,0.041666666666666664,0.3333333333333333,0.125,0.2916666666666667,0.08333333333333333,0.0
S24,baseline,gait,9.333333333333334,1.1293194051465598,1.0,0.0,9.333333333333334,1.1293194051465598,0.0,0.25,0.5,1.5,1.6521739130434783,0.5506114130434783,0.041666666666666664,0.5217391304347826,0.0,0.0,0.0,0.0,0.0,0.0,0.041666666666666664,0.20833333333333334,0.2916666666666667,0.2916666666666667,0.16666666666666666,0.0
S24,baseline,eeg,8.833333333333334,1.685401943200769,1.0,0.0,8.833333333333334,1.685401943200769,0.0,0.2916666666666667,0.7142857142857143,2.5714285714285716,1.9047619047619047,0.66015625,0.125,0.5714285714285714,0.0,0.0,0.0,0.041666666666666664,0.041666666666666664,0.0,0.0,0.25,0.375,0.125,0.16666666666666666,0.0
S24,early_abrupt,gait,8.791666666666666,1.864523873636999,1.0833333333333333,0.28232985128663995,8.708333333333334,2.0319013727063124,0.08333333333333333,0.25,0.5,1.8333333333333333,1.8571428571428572,0.6344866071428571,0.125,0.5238095238095238,0.0,0.0,0.0,0.041666666666666664,0.125,0.08333333333333333,0.08333333333333333,0.041666666666666664,0.2916666666666667,0.25,0.16666666666666666,0.0
S24,early_abrupt,eeg,9.041666666666666,1.6279933411536363,1.0,0.0,9.041666666666666,1.6279933411536363,0.0,0.16666666666666666,0.25,1.5,1.7826086956521738,0.5721807065217391,0.041666666666666664,0.34782608695652173,0.0,0.0,0.0,0.0,0.0,0.125,0.125,0.0,0.20833333333333334,0.4166666666666667,0.125,0.0
S24,late_abrupt,gait,9.333333333333334,1.307725096316589,1.0,0.0,9.333333333333334,1.307725096316589,0.0,0.20833333333333334,0.6,1.8,2.0,0.6620244565217391,0.041666666666666664,0.43478260869565216,0.0,0.0,0.0,0.0,0.0,0.041666666666666664,0.041666666666666664,0.16666666666666666,0.20833333333333334,0.375,0.16666666666666666,0.0
S24,late_abrupt,eeg,9.25,1.4218787326754636,1.0,0.0,9.25,1.4218787326754636,0.0,0.25,0.5,2.0,1.9545454545454546,0.6686789772727273,0.08333333333333333,0.5454545454545454,0.0,0.0,0.0,0.0,0.0,0.08333333333333333,0.041666666666666664,0.08333333333333333,0.2916666666666667,0.3333333333333333,0.16666666666666666,0.0
S24,early_gradual,gait,8.958333333333334,1.5736738147920994,1.0,0.0,8.958333333333334,1.5736738147920994,0.0,0.25,0.5,2.1666666666666665,2.142857142857143,0.7447916666666666,0.125,0.6190476190476191,0.0,0.0,0.0,0.0,0.041666666666666664,0.08333333333333333,0.041666666666666664,0.08333333333333333,0.2916666666666667,0.375,0.08333333333333333,0.0
S24,early_gradual,eeg,9.083333333333334,1.6396358733271998,1.0,0.0,9.083333333333334,1.6396358733271998,0.0,0.3333333333333333,0.375,1.75,2.0869565217391304,0.7184103260869565,0.041666666666666664,0.6956521739130435,0.0,0.0,0.0,0.0,0.08333333333333333,0.0,0.041666666666666664,0.125,0.2916666666666667,0.2916666666666667,0.16666666666666666,0.0
S24,late_gradual,gait,8.916666666666666,1.5857152183236396,1.125,0.44842720314644063,8.791666666666666,1.910592138275613,0.08333333333333333,0.20833333333333334,0.8,2.8,1.7727272727272727,0.6058238636363636,0.08333333333333333,0.45454545454545453,0.0,0.0,0.041666666666666664,0.08333333333333333,0.041666666666666664,0.041666666666666664,0.0,0.2916666666666667,0.16666666666666666,0.375,0.08333333333333333,0.0
S24,late_gradual,eeg,9.041666666666666,1.4884823513044847,1.0,0.0,9.041666666666666,1.4884823513044847,0.0,0.16666666666666666,0.75,2.75,2.05,0.6576171875,0.16666666666666666,0.45,0.0,0.0,0.0,0.0,0.041666666666666664,0.041666666666666664,0.08333333333333333,0.041666666666666664,0.3333333333333333,0.375,0.08333333333333333,0.0
S25,baseline,gait,9.208333333333334,1.350657381543832,1.0,0.0,9.208333333333334,1.350657381543832,0.0,0.25,0.5,1.6666666666666667,1.9565217391304348,0.6234714673913043,0.041666666666666664,0.5652173913043478,0.0,0.0,0.0,0.0,0.0,0.041666666666666664,0.041666666666666664,0.20833333333333334,0.2916666666666667,0.20833333333333334,0.20833333333333334,0.0
S25,baseline,eeg,8.333333333333334,1.685401943200769,1.0,0.0,8.333333333333334,1.685401943200769,0.0,0.3333333333333333,1.0,3.25,2.0952380952380953,0.7395833333333334,0.125,0.7142857142857143,0.0,0.0,0.0,0.0,0.041666666666666664,0.16666666666666666,0.041666666666666664,0.2916666666666667,0.16666666666666666,0.20833333333333334,0.08333333333333333,0.0
S25,early_abrupt,gait,8.625,1.8132963018384143,1.0,0.0,8.625,1.8132963018384143,0.0,0.25,1.0,3.5,2.0,0.6968005952380952,0.125,0.6666666666666666,0.0,0.0,0.0,0.0,0.08333333333333333,0.08333333333333333,0.125,0.041666666666666664,0.25,0.3333333333333333,0.08333333333333333,0.0
S25,early_abrupt,eeg,9.041666666666666,1.1970676733137326,1.0416666666666667,0.2041241452319315,9.0,1.318760946791574,0.041666666666666664,0.25,0.6666666666666666,2.1666666666666665,1.9047619047619047,0.6460193452380952,0.125,0.5714285714285714,0.0,0.0,0.0,0.0,0.041666666666666664,0.041666666666666664,0.041666666666666664,0.16666666666666666,0.4583333333333333,0.16666666666666666,0.125,0.0
S25,late_abrupt,gait,9.125,1.541103500742244,1.0,0.0,9.125,1.541103500742244,0.0,0.20833333333333334,0.8,2.8,2.2857142857142856,0.7565104166666666,0.125,0.47619047619047616,0.0,0.0,0.0,0.0,0.041666666666666664,0.041666666666666664,0.0,0.25,0.16666666666666666,0.3333333333333333,0.16666666666666666,0.0
S25,late_abrupt,eeg,9.375,1.438976085247091,1.0,0.0,9.375,1.438976085247091,0.0,0.125,0.6666666666666666,3.0,1.8181818181818181,0.6038707386363636,0.08333333333333333,0.36363636363636365,0.0,0.0,0.0,0.0,0.041666666666666664,0.041666666666666664,0.0,0.08333333333333333,0.20833333333333334,0.5,0.125,0.0
S25,early_gradual,gait,8.916666666666666,1.1764599317505433,1.0,0.0,8.916666666666666,1.1764599317505433,0.0,0.16666666666666666,0.75,2.0,2.1818181818181817,0.7150213068181818,0.08333333333333333,0.45454545454545453,0.0,0.0,0.0,0.0,0.0,0.0,0.125,0.25,0.2916666666666667,0.25,0.08333333333333333,0.0
S25,early_gradual,eeg,9.208333333333334,1.141287094417552,1.0,0.0,9.208333333333334,1.141287094417552,0.0,0.20833333333333334,0.6,2.4,1.8636363636363635,0.6361860795454546,0.08333333333333333,0.5,0.0,0.0,0.0,0.0,0.0,0.0,0.125,0.08333333333333333,0.3333333333333333,0.375,0.08333333333333333,0.0
S25,late_gradual,gait,8.875,1.3613452426057167,1.0,0.0,8.875,1.3613452426057167,0.0,0.25,1.0,2.6666666666666665,1.6,0.5404296875,0.16666666666666666,0.55,0.0,0.0,0.0,0.0,0.0,0.08333333333333333,0.08333333333333333,0.125,0.375,0.25,0.08333333333333333,0.0
S25,late_gradual,eeg,9.375,1.0959411282189109,1.0,0.0,9.375,1.0959411282189109,0.0,0.25,0.6666666666666666,1.6666666666666667,1.7272727272727273,0.5887784090909091,0.08333333333333333,0.5909090909090909,0.0,0.0,0.0,0.0,0.0,0.0,0.041666666666666664,0.16666666666666666,0.3333333333333333,0.2916666666666667,0.16666666666666666,0.0
S26,baseline,gait,8.416666666666666,2.062431377865891,1.3333333333333333,0.7613869876268811,8.083333333333334,2.7173623186859888,0.16666666666666666,0.25,1.0,3.3333333333333335,2.0454545454545454,0.6667258522727273,0.08333333333333333,0.45454545454545453,0.0,0.041666666666666664,0.16666666666666666,0.16666666666666666,0.125,0.041666666666666664,0.041666666666666664,0.08333333333333333,0.4166666666666667,0.08333333333333333,0.16666666666666666,0.0
S26,baseline,eeg,8.791666666666666,1.793203755891931,1.0,0.0,8.791666666666666,1.793203755891931,0.0,0.20833333333333334,0.8,2.8,2.238095238095238,0.7185639880952381,0.125,0.5714285714285714,0.0,0.0,0.0,0.0,0.041666666666666664,0.08333333333333333,0.16666666666666666,0.08333333333333333,0.16666666666666666,0.2916666666666667,0.16666666666666666,0.0
S26,early_abrupt,gait,9.458333333333334,1.1787674722451362,1.0,0.0,9.458333333333334,1.1787674722451362,0.0,0.20833333333333334,0.6,2.2,1.3,0.4140625,0.16666666666666666,0.4,0.0,0.0,0.0,0.0,0.0,0.041666666666666664,0.041666666666666664,0.041666666666666664,0.2916666666666667,0.4583333333333333,0.125,0.0
S26,early_abrupt,eeg,9.083333333333334,1.717345440591042,1.0833333333333333,0.408248290463863,9.0,1.956038587687303,0.041666666666666664,0.20833333333333334,0.6,2.8,1.45,0.478515625,0.16666666666666666,0.4,0.0,0.0,0.041666666666666664,0.041666666666666664,0.08333333333333333,0.0,0.125,0.041666666666666664,0.16666666666666666,0.4583333333333333,0.125,0.0
S26,late_abrupt,gait,9.0,1.4446302370292303,1.0,0.0,9.0,1.4446302370292303,0.0,0.3333333333333333,0.5,2.0,2.1904761904761907,0.7234002976190477,0.125,0.5714285714285714,0.0,0.0,0.0,0.0,0.041666666666666664,0.0,0.08333333333333333,0.16666666666666666,0.375,0.16666666666666666,0.16666666666666666,0.0
S26,late_abrupt,eeg,9.291666666666666,1.1601786469133204,1.0,0.0,9.291666666666666,1.1601786469133204,0.0,0.2916666666666667,0.7142857142857143,1.8571428571428572,1.6363636363636365,0.5419034090909091,0.08333333333333333,0.5,0.0,0.0,0.0,0.0,0.0,0.041666666666666664,0.0,0.20833333333333334,0.20833333333333334,0.4583333333333333,0.08333333333333333,0.0
S26,early_gradual,gait,9.125,1.541103500742244,1.0,0.0,9.125,1.541103500742244,0.0,0.16666666666666666,0.75,2.75,1.1904761904761905,0.36941964285714285,0.125,0.42857142857142855,0.0,0.0,0.0,0.0,0.0,0.08333333333333333,0.08333333333333333,0.125,0.25,0.25,0.20833333333333334,0.0
S26,early_gradual,eeg,8.958333333333334,1.8528278426482998,1.0,0.0,8.958333333333334,1.8528278426482998,0.0,0.20833333333333334,1.0,3.8,2.0952380952380953,0.7167038690476191,0.125,0.47619047619047616,0.0,0.0,0.0,0.041666666666666664,0.041666666666666664,0.041666666666666664,0.041666666666666664,0.08333333333333333,0.2916666666666667,0.2916666666666667,0.16666666666666666,0.0
S26,late_gradual,gait,8.833333333333334,1.8336626845141695,1.0,0.0,8.833333333333334,1.8336626845141695,0.0,0.375,0.5555555555555556,2.5555555555555554,1.6818181818181819,0.5378196022727273,0.08333333333333333,0.5909090909090909,0.0,0.0,0.0,0.0,0.041666666666666664,0.16666666666666666,0.0,0.125,0.20833333333333334,0.2916666666666667,0.16666666666666666,0.0
S26,late_gradual,eeg,8.875,1.190998850070631,1.0,0.0,8.875,1.190998850070631,0.0,0.3333333333333333,0.5,1.875,1.619047619047619,0.4791666666666667,0.125,0.6190476190476191,0.0,0.0,0.0,0.0,0.0,0.041666666666666664,0.041666666666666664,0.3333333333333333,0.20833333333333334,0.3333333333333333,0.041666666666666664,0.0
S27,baseline,gait,9.166666666666666,1.5227739752537621,1.0,0.0,9.166666666666666,1.5227739752537621,0.0,0.16666666666666666,1.0,2.5,2.238095238095238,0.7686011904761905,0.125,0.47619047619047616,0.0,0.0,0.0,0.0,0.041666666666666664,0.041666666666666664,0.041666666666666664,0.125,0.20833333333333334,0.4166666666666667,0.125,0.0
S27,baseline,eeg,9.041666666666666,1.334465099374755,1.0,0.0,9.041666666666666,1.334465099374755,0.0,0.2916666666666667,0.5714285714285714,2.142857142857143,1.9545454545454546,0.6322798295454546,0.08333333333333333,0.6363636363636364,0.0,0.0,0.0,0.0,0.0,0.08333333333333333,0.041666666666666664,0.125,0.3333333333333333,0.3333333333333333,0.08333333333333333,0.0
S27,early_abrupt,gait,8.916666666666666,1.316010660280157,1.0,0.0,8.916666666666666,1.316010660280157,0.0,0.25,0.6666666666666666,2.1666666666666665,2.25,0.7638671875,0.16666666666666666,0.6,0.0,0.0,0.0,0.0,0.0,0.08333333333333333,0.08333333333333333,0.08333333333333333,0.375,0.3333333333333333,0.041666666666666664,0.0
S27,early_abrupt,eeg,8.916666666666666,1.5857152183236396,1.0416666666666667,0.2041241452319315,8.875,1.6762406177800526,0.041666666666666664,0.2916666666666667,0.8571428571428571,2.857142857142857,1.619047619047619,0.5472470238095238,0.125,0.5238095238095238,0.0,0.0,0.0,0.0,0.08333333333333333,0.08333333333333333,0.0,0.20833333333333334,0.25,0.2916666666666667,0.125,0.0
S27,late_abrupt,gait,8.875,1.3613452426057167,1.0,0.0,8.875,1.3613452426057167,0.0,0.2916666666666667,0.7142857142857143,2.142857142857143,1.5,0.512109375,0.16666666666666666,0.6,0.0,0.0,0.0,0.0,0.0,0.041666666666666664,0.125,0.25,0.16666666666666666,0.3333333333333333,0.08333333333333333,0.0
S27,late_abrupt,eeg,9.25,1.4521348601882378,1.0,0.0,9.25,1.4521348601882378,0.0,0.16666666666666666,0.75,3.0,1.6666666666666667,0.5626860119047619,0.125,0.5238095238095238,0.0,0.0,0.0,0.0,0.041666666666666664,0.0,0.08333333333333333,0.08333333333333333,0.2916666666666667,0.3333333333333333,0.16666666666666666,0.0
S27,early_gradual,gait,9.083333333333334,1.1000658741803746,1.0,0.0,9.083333333333334,1.1000658741803746,0.0,0.20833333333333334,0.6,1.6,2.0476190476190474,0.6999627976190477,0.125,0.42857142857142855,0.0,0.0,0.0,0.0,0.0,0.0,0.08333333333333333,0.20833333333333334,0.3333333333333333,0.2916666666666667,0.08333333333333333,0.0
S27,early_gradual,eeg,9.125,1.6235361299390263,1.0,0.0,9.125,1.6235361299390263,0.0,0.16666666666666666,0.25,1.25,1.9565217391304348,0.6567595108695652,0.041666666666666664,0.391304347826087,0.0,0.0,0.041666666666666664,0.0,0.0,0.0,0.0,0.20833333333333334,0.2916666666666667,0.3333333333333333,0.125,0.0
S27,late_gradual,gait,9.5,1.06321906614239,1.0,0.0,9.5,1.06321906614239,0.0,0.3333333333333333,0.25,1.375,1.5238095238095237,0.5061383928571429,0.125,0.5714285714285714,0.0,0.0,0.0,0.0,0.0,0.0,0.041666666666666664,0.125,0.2916666666666667,0.375,0.16666666666666666,0.0
S27,late_gradual,eeg,8.458333333333334,2.063748524170155,1.0416666666666667,0.2041241452319315,8.416666666666666,2.1450988964060187,0.041666666666666664,0.2916666666666667,0.7142857142857143,3.0,1.85,0.6181640625,0.16666666666666666,0.7,0.0,0.0,0.0,0.041666666666666664,0.125,0.125,0.041666666666666664,0.16666666666666666,0.125,0.25,0.16666666666666666,0.0
S28,baseline,gait,8.916666666666666,1.3805061033726997,1.0,0.0,8.916666666666666,1.3805061033726997,0.0,0.375,0.4444444444444444,1.6666666666666667,1.7142857142857142,0.5758928571428571,0.125,0.7142857142857143,0.0,0.0,0.0,0.0,0.0,0.08333333333333333,0.08333333333333333,0.125,0.3333333333333333,0.2916666666666667,0.08333333333333333,0.0
S28,baseline,eeg,8.791666666666666,1.2503622663458174,1.0416666666666667,0.2041241452319315,8.75,1.3593476696403028,0.041666666666666664,0.25,0.3333333333333333,1.8333333333333333,1.5,0.4786931818181818,0.08333333333333333,0.45454545454545453,0.0,0.0,0.0,0.0,0.041666666666666664,0.08333333333333333,0.08333333333333333,0.125,0.375,0.3333333333333333,0.0,0.0
S28,early_abrupt,gait,9.0,1.2510864843424485,1.0,0.0,9.0,1.2510864843424485,0.0,0.2916666666666667,0.7142857142857143,2.0,1.4,0.4869140625,0.16666666666666666,0.55,0.0,0.0,0.0,0.0,0.0,0.041666666666666664,0.041666666666666664,0.25,0.3333333333333333,0.20833333333333334,0.125,0.0
S28,early_abrupt,eeg,9.375,1.2445533509971602,1.0,0.0,9.375,1.2445533509971602,0.0,0.25,0.8333333333333334,2.0,1.5238095238095237,0.4791666666666667,0.125,0.5238095238095238,0.0,0.0,0.0,0.0,0.0,0.041666666666666664,0.0,0.16666666666666666,0.3333333333333333,0.25,0.20833333333333334,0.0
S28,late_abrupt,gait,9.0,1.4744195615489712,1.0,0.0,9.0,1.4744195615489712,0.0,0.2916666666666667,0.7142857142857143,2.2857142857142856,1.8571428571428572,0.6024925595238095,0.125,0.6190476190476191,0.0,0.0,0.0,0.0,0.0,0.041666666666666664,0.20833333333333334,0.041666666666666664,0.25,0.3333333333333333,0.125,0.0
S28,late_abrupt,eeg,8.791666666666666,1.5316704909195133,1.0,0.0,8.791666666666666,1.5316704909195133,0.0,0.375,0.6666666666666666,2.2222222222222223,1.5238095238095237,0.48344494047619047,0.125,0.6666666666666666,0.0,0.0,0.0,0.0,0.0,0.041666666666666664,0.25,0.125,0.16666666666666666,0.2916666666666667,0.125,0.0
S28,early_gradual,gait,9.25,1.2937979144666532,1.0,0.0,9.25,1.2937979144666532,0.0,0.25,0.5,1.5,1.8695652173913044,0.6285665760869565,0.041666666666666664,0.5217391304347826,0.0,0.0,0.0,0.0,0.041666666666666664,0.0,0.0,0.125,0.4583333333333333,0.20833333333333334,0.16666666666666666,0.0
S28,early_gradual,eeg,9.333333333333334,1.522773975253762,1.0833333333333333,0.408248290463863,9.25,1.7997584378973221,0.041666666666666664,0.20833333333333334,0.6,2.6,1.7619047619047619,0.5771949404761905,0.125,0.47619047619047616,0.0,0.0,0.041666666666666664,0.041666666666666664,0.041666666666666664,0.041666666666666664,0.041666666666666664,0.0,0.375,0.2916666666666667,0.20833333333333334,0.0
S28,late_gradual,gait,9.208333333333334,1.2846642825425558,1.0,0.0,9.208333333333334,1.2846642825425558,0.0,0.25,0.5,1.8333333333333333,1.5238095238095237,0.5018601190476191,0.125,0.47619047619047616,0.0,0.0,0.0,0.0,0.0,0.041666666666666664,0.0,0.2916666666666667,0.20833333333333334,0.2916666666666667,0.16666666666666666,0.0
S28,late_gradual,eeg,9.041666666666666,1.3666578295932035,1.0,0.0,9.041666666666666,1.3666578295932035,0.0,0.20833333333333334,0.6,2.4,1.8095238095238095,0.6454613095238095,0.125,0.5238095238095238,0.0,0.0,0.0,0.0,0.0,0.041666666666666664,0.125,0.125,0.2916666666666667,0.2916666666666667,0.125,0.0
S29,baseline,gait,8.75,1.6484511834894675,1.25,0.6756639246921762,8.5,2.226324715563845,0.125,0.25,0.6666666666666666,3.0,1.8181818181818181,0.5745738636363636,0.08333333333333333,0.5454545454545454,0.0,0.0,0.08333333333333333,0.125,0.125,0.041666666666666664,0.0,0.2916666666666667,0.16666666666666666,0.3333333333333333,0.08333333333333333,0.0
S29,baseline,eeg,8.833333333333334,1.6594044679962137,1.0,0.0,8.833333333333334,1.6594044679962137,0.0,0.25,0.8333333333333334,2.6666666666666665,1.6363636363636365,0.5522017045454546,0.08333333333333333,0.5,0.0,0.0,0.0,0.0,0.0,0.08333333333333333,0.20833333333333334,0.125,0.125,0.2916666666666667,0.16666666666666666,0.0
S29,early_abrupt,gait,9.083333333333334,1.3486439781165913,1.0,0.0,9.083333333333334,1.3486439781165913,0.0,0.25,0.6666666666666666,2.3333333333333335,1.8571428571428572,0.6190476190476191,0.125,0.5238095238095238,0.0,0.0,0.0,0.0,0.0,0.041666666666666664,0.125,0.08333333333333333,0.3333333333333333,0.2916666666666667,0.125,0.0
S29,early_abrupt,eeg,9.125,1.1539158284426272,1.0,0.0,9.125,1.1539158284426272,0.0,0.2916666666666667,0.8571428571428571,2.142857142857143,1.5,0.4986328125,0.16666666666666666,0.6,0.0,0.0,0.0,0.0,0.0,0.041666666666666664,0.041666666666666664,0.125,0.4166666666666667,0.2916666666666667,0.08333333333333333,0.0
S29,late_abrupt,gait,9.208333333333334,1.50301629100103,1.0,0.0,9.208333333333334,1.50301629100103,0.0,0.25,0.8333333333333334,2.3333333333333335,1.6666666666666667,0.5623139880952381,0.125,0.47619047619047616,0.0,0.0,0.0,0.0,0.041666666666666664,0.0,0.08333333333333333,0.125,0.2916666666666667,0.25,0.20833333333333334,0.0
S29,late_abrupt,eeg,9.166666666666666,1.522773975253762,1.0,0.0,9.166666666666666,1.522773975253762,0.0,0.25,0.8333333333333334,2.3333333333333335,1.9047619047619047,0.6026785714285714,0.125,0.5714285714285714,0.0,0.0,0.0,0.0,0.0,0.08333333333333333,0.08333333333333333,0.125,0.16666666666666666,0.375,0.16666666666666666,0.0
S29,early_gradual,gait,9.125,1.541103500742244,1.0,0.0,9.125,1.541103500742244,0.0,0.2916666666666667,0.5714285714285714,2.0,2.1818181818181817,0.7780539772727273,0.08333333333333333,0.5909090909090909,0.0,0.0,0.0,0.0,0.0,0.08333333333333333,0.125,0.041666666666666664,0.25,0.3333333333333333,0.16666666666666666,0.0
S29,early_gradual,eeg,9.583333333333334,1.1764599317505433,1.0,0.0,9.583333333333334,1.1764599317505433,0.0,0.16666666666666666,0.25,1.25,1.4761904761904763,0.4817708333333333,0.125,0.23809523809523808,0.0,0.0,0.0,0.0,0.0,0.0,0.041666666666666664,0.16666666666666666,0.20833333333333334,0.3333333333333333,0.25,0.0
S29,late_gradual,gait,9.083333333333334,1.1000658741803746,1.0,0.0,9.083333333333334,1.1000658741803746,0.0,0.25,0.6666666666666666,2.0,2.0,0.6661086309523809,0.125,0.47619047619047616,0.0,0.0,0.0,0.0,0.0,0.0,0.125,0.125,0.3333333333333333,0.375,0.041666666666666664,0.0
S29,late_gradual,eeg,9.041666666666666,1.4884823513044847,1.0,0.0,9.041666666666666,1.4884823513044847,0.0,0.20833333333333334,0.4,2.2,1.6818181818181819,0.5264559659090909,0.08333333333333333,0.5,0.0,0.0,0.0,0.0,0.041666666666666664,0.0,0.125,0.125,0.25,0.3333333333333333,0.125,0.0
S30,baseline,gait,8.708333333333334,1.756458063130524,1.1666666666666667,0.5646597025732799,8.541666666666666,2.2062986251159216,0.08333333333333333,0.25,0.5,2.1666666666666665,1.9545454545454546,0.6498579545454546,0.08333333333333333,0.5909090909090909,0.0,0.041666666666666664,0.08333333333333333,0.08333333333333333,0.041666666666666664,0.0,0.125,0.16666666666666666,0.20833333333333334,0.3333333333333333,0.08333333333333333,0.0
S30,baseline,eeg,9.625,0.8753881126826472,1.0,0.0,9.625,0.8753881126826472,0.0,0.16666666666666666,0.5,1.75,1.9090909090909092,0.6404474431818182,0.08333333333333333,0.36363636363636365,0.0,0.0,0.0,0.0,0.0,0.0,0.0,0.08333333333333333,0.375,0.375,0.16666666666666666,0.0
S30,early_abrupt,gait,9.041666666666666,1.3981094896064241,1.0,0.0,9.041666666666666,1.3981094896064241,0.0,0.25,0.5,2.3333333333333335,1.6666666666666667,0.5911458333333334,0.125,0.5714285714285714,0.0,0.0,0.0,0.0,0.041666666666666664,0.0,0.08333333333333333,0.125,0.375,0.25,0.125,0.0
S30,early_abrupt,eeg,9.125,1.034723235417589,1.0,0.0,9.125,1.034723235417589,0.0,0.16666666666666666,0.75,2.0,1.1428571428571428,0.39564732142857145,0.125,0.38095238095238093,0.0,0.0,0.0,0.0,0.0,0.0,0.08333333333333333,0.125,0.4583333333333333,0.25,0.08333333333333333,0.0
S30,late_abrupt,gait,9.166666666666666,1.6594044679962139,1.0416666666666667,0.2041241452319315,9.125,1.7769661492702031,0.041666666666666664,0.25,0.6666666666666666,2.0,2.090909090909091,0.65625,0.08333333333333333,0.5909090909090909,0.0,0.0,0.0,0.041666666666666664,0.08333333333333333,0.0,0.041666666666666664,0.125,0.20833333333333334,0.375,0.16666666666666666,0.0
S30,late_abrupt,eeg,9.5,1.103354568734741,1.0,0.0,9.5,1.103354568734741,0.0,0.20833333333333334,0.2,1.2,1.4761904761904763,0.5301339285714286,0.125,0.38095238095238093,0.0,0.0,0.0,0.0,0.0,0.0,0.041666666666666664,0.125,0.3333333333333333,0.2916666666666667,0.20833333333333334,0.0
S30,early_gradual,gait,9.416666666666666,1.316010660280157,1.0,0.0,9.416666666666666,1.316010660280157,0.0,0.20833333333333334,0.4,1.6,2.0869565217391304,0.7180706521739131,0.041666666666666664,0.391304347826087,0.0,0.0,0.0,0.0,0.0,0.08333333333333333,0.0,0.08333333333333333,0.20833333333333334,0.5,0.125,0.0
S30,early_gradual,eeg,9.041666666666666,1.6544844636864107,1.0,0.0,9.041666666666666,1.6544844636864107,0.0,0.20833333333333334,0.8,3.0,1.5238095238095237,0.5373883928571429,0.125,0.5238095238095238,0.0,0.0,0.0,0.0,0.041666666666666664,0.041666666666666664,0.125,0.08333333333333333,0.20833333333333334,0.3333333333333333,0.16666666666666666,0.0
S30,late_gradual,gait,9.041666666666666,1.3666578295932035,1.0833333333333333,0.28232985128663995,8.958333333333334,1.5736738147920994,0.08333333333333333,0.16666666666666666,0.75,2.5,2.0454545454545454,0.6619318181818182,0.08333333333333333,0.5,0.0,0.0,0.0,0.041666666666666664,0.041666666666666664,0.041666666666666664,0.08333333333333333,0.125,0.3333333333333333,0.3333333333333333,0.08333333333333333,0.0
S30,late_gradual,eeg,8.708333333333334,1.8528278426483,1.0,0.0,8.708333333333334,1.8528278426483,0.0,0.25,0.8333333333333334,2.8333333333333335,2.0,0.7042410714285714,0.125,0.6190476190476191,0.0,0.0,0.0,0.041666666666666664,0.0,0.125,0.08333333333333333,0.125,0.125,0.4166666666666667,0.08333333333333333,0.0
S31,baseline,gait,9.041666666666666,1.4288690166235205,1.0,0.0,9.041666666666666,1.4288690166235205,0.0,0.3333333333333333,0.625,1.875,1.9090909090909092,0.6262428977272727,0.08333333333333333,0.5909090909090909,0.0,0.0,0.0,0.0,0.0,0.041666666666666664,0.16666666666666666,0.08333333333333333,0.25,0.3333333333333333,0.125,0.0
S31,baseline,eeg,9.083333333333334,1.3805061033726997,1.0416666666666667,0.2041241452319315,9.041666666666666,1.5174110293140939,0.041666666666666664,0.16666666666666666,0.75,3.0,1.7727272727272727,0.6278409090909091,0.08333333333333333,0.45454545454545453,0.0,0.0,0.0,0.041666666666666664,0.041666666666666664,0.0,0.041666666666666664,0.20833333333333334,0.2916666666666667,0.2916666666666667,0.125,0.0
S31,early_abrupt,gait,8.958333333333334,1.458980187804412,1.0,0.0,8.958333333333334,1.458980187804412,0.0,0.25,0.8333333333333334,2.3333333333333335,1.7142857142857142,0.57421875,0.125,0.5714285714285714,0.0,0.0,0.0,0.0,0.0,0.041666666666666664,0.125,0.25,0.16666666666666666,0.25,0.16666666666666666,0.0
S31,early_abrupt,eeg,9.25,1.5673294928413855,1.0,0.0,9.25,1.5673294928413855,0.0,0.16666666666666666,0.75,3.0,1.3333333333333333,0.42931547619047616,0.125,0.47619047619047616,0.0,0.0,0.0,0.0,0.041666666666666664,0.041666666666666664,0.041666666666666664,0.08333333333333333,0.2916666666666667,0.2916666666666667,0.20833333333333334,0.0
S31,late_abrupt,gait,9.125,1.190998850070631,1.0,0.0,9.125,1.190998850070631,0.0,0.25,0.6666666666666666,2.1666666666666665,2.0476190476190474,0.6768973214285714,0.125,0.47619047619047616,0.0,0.0,0.0,0.0,0.0,0.0,0.125,0.16666666666666666,0.25,0.375,0.08333333333333333,0.0
S31,late_abrupt,eeg,9.5,1.06321906614239,1.0,0.0,9.5,1.06321906614239,0.0,0.25,0.16666666666666666,1.3333333333333333,1.2857142857142858,0.42615327380952384,0.125,0.38095238095238093,0.0,0.0,0.0,0.0,0.0,0.041666666666666664,0.0,0.041666666666666664,0.375,0.4166666666666667,0.125,0.0
S31,early_gradual,gait,9.0,1.3513278493843524,1.0833333333333333,0.408248290463863,8.916666666666666,1.5857152183236398,0.041666666666666664,0.2916666666666667,0.42857142857142855,1.8571428571428572,1.4,0.4498046875,0.16666666666666666,0.5,0.0,0.0,0.0,0.041666666666666664,0.041666666666666664,0.041666666666666664,0.041666666666666664,0.3333333333333333,0.20833333333333334,0.20833333333333334,0.16666666666666666,0.0
S31,early_gradual,eeg,9.458333333333334,1.4738050920238275,1.0,0.0,9.458333333333334,1.4738050920238275,0.0,0.20833333333333334,0.2,1.8,1.380952380952381,0.49460565476190477,0.125,0.3333333333333333,0.0,0.0,0.0,0.041666666666666664,0.0,0.0,0.0,0.08333333333333333,0.3333333333333333,0.3333333333333333,0.20833333333333334,0.0
S31,late_gradual,gait,8.875,1.0759222535351585,1.0,0.0,8.875,1.0759222535351585,0.0,0.25,1.0,2.3333333333333335,1.9545454545454546,0.6301491477272727,0.08333333333333333,0.5909090909090909,0.0,0.0,0.0,0.0,0.0,0.0,0.125,0.25,0.25,0.375,0.0,0.0
S31,late_gradual,eeg,9.5,1.06321906614239,1.0,0.0,9.5,1.06321906614239,0.0,0.16666666666666666,0.5,1.75,1.8181818181818181,0.6104403409090909,0.08333333333333333,0.36363636363636365,0.0,0.0,0.0,0.0,0.0,0.0,0.08333333333333333,0.041666666666666664,0.2916666666666667,0.4583333333333333,0.125,0.0
S32,baseline,gait,9.291666666666666,1.3981094896064243,1.0,0.0,9.291666666666666,1.3981094896064243,0.0,0.25,0.6666666666666666,2.0,2.0,0.673233695652174,0.041666666666666664,0.4782608695652174,0.0,0.0,0.0,0.0,0.0,0.08333333333333333,0.041666666666666664,0.08333333333333333,0.20833333333333334,0.4583333333333333,0.125,0.0
S32,baseline,eeg,9.208333333333334,1.3824731042801415,1.0,0.0,9.208333333333334,1.3824731042801415,0.0,0.25,0.8333333333333334,2.3333333333333335,2.142857142857143,0.7373511904761905,0.125,0.5714285714285714,0.0,0.0,0.0,0.0,0.0,0.041666666666666664,0.08333333333333333,0.16666666666666666,0.20833333333333334,0.3333333333333333,0.16666666666666666,0.0
S32,early_abrupt,gait,9.166666666666666,1.3726099121798927,1.0,0.0,9.166666666666666,1.3726099121798927,0.0,0.16666666666666666,0.75,2.75,2.227272727272727,0.7267400568181818,0.08333333333333333,0.4090909090909091,0.0,0.0,0.0,0.0,0.0,0.041666666666666664,0.08333333333333333,0.16666666666666666,0.25,0.2916666666666667,0.16666666666666666,0.0
S32,early_abrupt,eeg,8.958333333333334,1.2328534123049195,1.0416666666666667,0.2041241452319315,8.916666666666666,1.3486439781165913,0.041666666666666664,0.20833333333333334,1.0,2.6,1.35,0.4912109375,0.16666666666666666,0.45,0.0,0.0,0.0,0.0,0.041666666666666664,0.08333333333333333,0.0,0.16666666666666666,0.4583333333333333,0.20833333333333334,0.08333333333333333,0.0
S32,late_abrupt,gait,8.875,1.1539158284426272,1.0,0.0,8.875,1.1539158284426272,0.0,0.20833333333333334,0.6,1.8,1.7391304347826086,0.5920516304347826,0.041666666666666664,0.4782608695652174,0.0,0.0,0.0,0.0,0.0,0.041666666666666664,0.0,0.375,0.2916666666666667,0.20833333333333334,0.08333333333333333,0.0
S32,late_abrupt,eeg,9.0,1.5603789952109879,1.0,0.0,9.0,1.5603789952109879,0.0,0.25,0.8333333333333334,2.8333333333333335,1.95,0.6671875,0.16666666666666666,0.65,0.0,0.0,0.0,0.0,0.041666666666666664,0.041666666666666664,0.041666666666666664,0.20833333333333334,0.25,0.25,0.16666666666666666,0.0
S32,early_gradual,gait,8.791666666666666,1.062366786192884,1.0833333333333333,0.408248290463863,8.708333333333334,1.3344650993747553,0.041666666666666664,0.25,0.6666666666666666,1.8333333333333333,1.85,0.5931640625,0.16666666666666666,0.4,0.0,0.0,0.0,0.041666666666666664,0.041666666666666664,0.041666666666666664,0.08333333333333333,0.16666666666666666,0.4583333333333333,0.25,0.0,0.0
S32,early_gradual,eeg,9.375,1.1349200316590018,1.0,0.0,9.375,1.1349200316590018,0.0,0.25,0.5,1.6666666666666667,2.0,0.6830357142857143,0.125,0.47619047619047616,0.0,0.0,0.0,0.0,0.0,0.0,0.041666666666666664,0.20833333333333334,0.25,0.3333333333333333,0.16666666666666666,0.0
S32,late_gradual,gait,9.125,1.2618998788920721,1.0,0.0,9.125,1.2618998788920721,0.0,0.16666666666666666,0.75,2.5,1.619047619047619,0.5554315476190477,0.125,0.42857142857142855,0.0,0.0,0.0,0.0,0.0,0.041666666666666664,0.08333333333333333,0.125,0.2916666666666667,0.375,0.08333333333333333,0.0
S32,late_gradual,eeg,8.375,1.8132963018384143,1.0,0.0,8.375,1.8132963018384143,0.0,0.25,0.8333333333333334,3.3333333333333335,2.142857142857143,0.7682291666666666,0.125,0.47619047619047616,0.0,0.0,0.0,0.0,0.08333333333333333,0.041666666666666664,0.25,0.125,0.16666666666666666,0.20833333333333334,0.125,0.0
S33,baseline,gait,8.75,1.5673294928413855,1.1666666666666667,0.5646597025732799,8.583333333333334,1.9763089590064797,0.08333333333333333,0.2916666666666667,0.7142857142857143,2.857142857142857,1.95,0.6388671875,0.16666666666666666,0.75,0.0,0.0,0.041666666666666664,0.08333333333333333,0.08333333333333333,0.08333333333333333,0.08333333333333333,0.08333333333333333,0.375,0.25,0.08333333333333333,0.0
S33,baseline,eeg,8.916666666666666,1.5580552724098262,1.0,0.0,8.916666666666666,1.5580552724098262,0.0,0.25,0.6666666666666666,2.3333333333333335,1.6,0.55234375,0.16666666666666666,0.5,0.0,0.0,0.0,0.041666666666666664,0.0,0.041666666666666664,0.041666666666666664,0.08333333333333333,0.5,0.16666666666666666,0.125,0.0
S33,early_abrupt,gait,8.666666666666666,1.9261736493723072,1.0,0.0,8.666666666666666,1.9261736493723072,0.0,0.20833333333333334,0.6,3.4,1.9090909090909092,0.6321022727272727,0.08333333333333333,0.6818181818181818,0.0,0.0,0.0,0.041666666666666664,0.041666666666666664,0.08333333333333333,0.041666666666666664,0.16666666666666666,0.25,0.20833333333333334,0.16666666666666666,0.0
S33,early_abrupt,eeg,8.666666666666666,1.7856107630448046,1.0416666666666667,0.2041241452319315,8.625,1.8606333657491823,0.041666666666666664,0.20833333333333334,0.4,2.4,2.0476190476190474,0.6398809523809523,0.125,0.47619047619047616,0.0,0.0,0.0,0.0,0.08333333333333333,0.125,0.16666666666666666,0.041666666666666664,0.08333333333333333,0.5,0.041666666666666664,0.0
S33,late_abrupt,gait,8.875,1.5690623065191294,1.0,0.0,8.875,1.5690623065191294,0.0,0.25,0.3333333333333333,1.6666666666666667,2.4347826086956523,0.8101222826086957,0.041666666666666664,0.5217391304347826,0.0,0.0,0.0,0.041666666666666664,0.0,0.041666666666666664,0.041666666666666664,0.20833333333333334,0.20833333333333334,0.4166666666666667,0.041666666666666664,0.0
S33,late_abrupt,eeg,9.166666666666666,1.0072203103706698,1.0,0.0,9.166666666666666,1.0072203103706698,0.0,0.25,0.5,1.5,1.5909090909090908,0.5772372159090909,0.08333333333333333,0.45454545454545453,0.0,0.0,0.0,0.0,0.0,0.0,0.041666666666666664,0.20833333333333334,0.375,0.2916666666666667,0.08333333333333333,0.0
S33,early_gradual,gait,8.708333333333334,1.6010639578422372,1.25,0.6756639246921762,8.458333333333334,2.1865033961668745,0.125,0.25,0.5,3.0,1.8571428571428572,0.6060267857142857,0.125,0.5714285714285714,0.0,0.0,0.08333333333333333,0.125,0.125,0.041666666666666664,0.041666666666666664,0.125,0.4166666666666667,0.20833333333333334,0.08333333333333333,0.0
S33,early_gradual,eeg,7.958333333333333,1.966660525659781,1.0,0.0,7.958333333333333,1.966660525659781,0.0,0.2916666666666667,0.8571428571428571,3.857142857142857,1.7619047619047619,0.5918898809523809,0.125,0.6666666666666666,0.0,0.0,0.0,0.041666666666666664,0.16666666666666666,0.041666666666666664,0.041666666666666664,0.25,0.16666666666666666,0.2916666666666667,0.0,0.0
S33,late_gradual,gait,8.75,1.3593476696403028,1.0,0.0,8.75,1.3593476696403028,0.0,0.25,0.8333333333333334,2.6666666666666665,3.0476190476190474,1.0310639880952381,0.125,0.6190476190476191,0.0,0.0,0.0,0.0,0.0,0.08333333333333333,0.08333333333333333,0.25,0.20833333333333334,0.3333333333333333,0.041666666666666664,0.0
S33,late_gradual,eeg,9.125,1.226961606004318,1.0,0.0,9.125,1.226961606004318,0.0,0.25,0.5,2.0,1.8095238095238095,0.6127232142857143,0.125,0.47619047619047616,0.0,0.0,0.0,0.0,0.0,0.08333333333333333,0.0,0.08333333333333333,0.4583333333333333,0.2916666666666667,0.08333333333333333,0.0
S34,baseline,gait,9.333333333333334,1.203858530857692,1.0833333333333333,0.408248290463863,9.25,1.4817733206914758,0.041666666666666664,0.20833333333333334,0.6,2.2,1.8095238095238095,0.6034226190476191,0.125,0.42857142857142855,0.0,0.0,0.0,0.041666666666666664,0.041666666666666664,0.041666666666666664,0.041666666666666664,0.041666666666666664,0.4583333333333333,0.25,0.16666666666666666,0.0
S34,baseline,eeg,9.125,1.190998850070631,1.0,0.0,9.125,1.190998850070631,0.0,0.16666666666666666,1.0,2.75,1.65,0.540234375,0.16666666666666666,0.5,0.0,0.0,0.0,0.0,0.0,0.041666666666666664,0.08333333333333333,0.08333333333333333,0.3333333333333333,0.4166666666666667,0.041666666666666664,0.0
S34,early_abrupt,gait,9.5,0.9780192938436515,1.0,0.0,9.5,0.9780192938436515,0.0,0.20833333333333334,0.2,1.2,1.2727272727272727,0.4192116477272727,0.08333333333333333,0.3181818181818182,0.0,0.0,0.0,0.0,0.0,0.0,0.0,0.20833333333333334,0.20833333333333334,0.4583333333333333,0.125,0.0
S34,early_abrupt,eeg,9.25,1.7003835884370582,1.0416666666666667,0.2041241452319315,9.208333333333334,1.8410575095914814,0.041666666666666664,0.2916666666666667,0.5714285714285714,2.4285714285714284,1.7272727272727273,0.6051136363636364,0.08333333333333333,0.45454545454545453,0.0,0.0,0.041666666666666664,0.041666666666666664,0.0,0.08333333333333333,0.0,0.0,0.3333333333333333,0.375,0.16666666666666666,0.0
S34,late_abrupt,gait,9.375,1.1726039399558574,1.0,0.0,9.375,1.1726039399558574,0.0,0.20833333333333334,0.4,1.8,1.380952380952381,0.4544270833333333,0.125,0.38095238095238093,0.0,0.0,0.0,0.0,0.0,0.041666666666666664,0.041666666666666664,0.0,0.5,0.25,0.16666666666666666,0.0
S34,late_abrupt,eeg,9.583333333333334,1.2128538629008951,1.0,0.0,9.583333333333334,1.2128538629008951,0.0,0.25,0.5,1.6666666666666667,1.5238095238095237,0.5096726190476191,0.125,0.42857142857142855,0.0,0.0,0.0,0.0,0.0,0.041666666666666664,0.0,0.125,0.20833333333333334,0.4166666666666667,0.20833333333333334,0.0
S34,early_gradual,gait,9.25,1.3593476696403028,1.0,0.0,9.25,1.3593476696403028,0.0,0.20833333333333334,1.0,2.2,1.6666666666666667,0.5191592261904762,0.125,0.47619047619047616,0.0,0.0,0.0,0.0,0.0,0.0,0.125,0.20833333333333334,0.16666666666666666,0.2916666666666667,0.20833333333333334,0.0
S34,early_gradual,eeg,9.083333333333334,1.2128538629008951,1.0,0.0,9.083333333333334,1.2128538629008951,0.0,0.25,0.5,2.0,1.9047619047619047,0.6491815476190477,0.125,0.6190476190476191,0.0,0.0,0.0,0.0,0.0,0.041666666666666664,0.041666666666666664,0.16666666666666666,0.4166666666666667,0.20833333333333334,0.125,0.0
S34,late_gradual,gait,9.416666666666666,1.2481870911416901,1.0,0.0,9.416666666666666,1.2481870911416901,0.0,0.20833333333333334,0.2,1.6,1.8095238095238095,0.6015625,0.125,0.2857142857142857,0.0,0.0,0.0,0.0,0.0,0.041666666666666664,0.0,0.16666666666666666,0.2916666666666667,0.2916666666666667,0.20833333333333334,0.0
S34,late_gradual,eeg,8.916666666666666,1.909169331471644,1.0,0.0,8.916666666666666,1.909169331471644,0.0,0.2916666666666667,0.7142857142857143,3.142857142857143,2.0,0.6774553571428571,0.125,0.5238095238095238,0.0,0.0,0.0,0.08333333333333333,0.0,0.041666666666666664,0.0,0.16666666666666666,0.20833333333333334,0.375,0.125,0.0
S35,baseline,gait,8.833333333333334,1.3726099121798927,1.0,0.0,8.833333333333334,1.3726099121798927,0.0,0.25,0.8333333333333334,2.5,1.5714285714285714,0.5091145833333334,0.125,0.6190476190476191,0.0,0.0,0.0,0.0,0.0,0.041666666666666664,0.16666666666666666,0.16666666666666666,0.25,0.2916666666666667,0.08333333333333333,0.0
S35,baseline,eeg,9.416666666666666,0.7755316082290385,1.0,0.0,9.416666666666666,0.7755316082290385,0.0,0.16666666666666666,0.25,1.25,1.7391304347826086,0.5757472826086957,0.041666666666666664,0.34782608695652173,0.0,0.0,0.0,0.0,0.0,0.0,0.0,0.125,0.375,0.4583333333333333,0.041666666666666664,0.0
S35,early_abrupt,gait,9.375,1.4084373085707127,1.0416666666666667,0.2041241452319315,9.333333333333334,1.578845661611168,0.041666666666666664,0.16666666666666666,0.75,2.5,1.6363636363636365,0.5688920454545454,0.08333333333333333,0.36363636363636365,0.0,0.0,0.041666666666666664,0.041666666666666664,0.0,0.0,0.0,0.08333333333333333,0.3333333333333333,0.4166666666666667,0.125,0.0
S35,early_abrupt,eeg,9.083333333333334,1.5298953265321544,1.0416666666666667,0.2041241452319315,9.041666666666666,1.6544844636864109,0.041666666666666664,0.25,0.6666666666666666,2.1666666666666665,1.65,0.569921875,0.16666666666666666,0.55,0.0,0.0,0.0,0.041666666666666664,0.041666666666666664,0.041666666666666664,0.0,0.20833333333333334,0.3333333333333333,0.16666666666666666,0.20833333333333334,0.0
S35,late_abrupt,gait,9.083333333333334,1.501207243656184,1.0,0.0,9.083333333333334,1.501207243656184,0.0,0.20833333333333334,0.8,2.6,2.1818181818181817,0.73828125,0.08333333333333333,0.5909090909090909,0.0,0.0,0.0,0.0,0.0,0.08333333333333333,0.125,0.041666666666666664,0.25,0.375,0.125,0.0
S35,late_abrupt,eeg,9.166666666666666,1.2394482175782782,1.0,0.0,9.166666666666666,1.2394482175782782,0.0,0.25,0.6666666666666666,2.1666666666666665,1.5238095238095237,0.5247395833333334,0.125,0.42857142857142855,0.0,0.0,0.0,0.0,0.0,0.08333333333333333,0.0,0.125,0.2916666666666667,0.4583333333333333,0.041666666666666664,0.0
S35,early_gradual,gait,8.75,1.6218615177038684,1.25,0.6756639246921762,8.5,2.206709137469482,0.125,0.25,0.8333333333333334,3.1666666666666665,1.619047619047619,0.5172991071428571,0.125,0.5238095238095238,0.0,0.0,0.08333333333333333,0.125,0.125,0.041666666666666664,0.041666666666666664,0.125,0.375,0.25,0.08333333333333333,0.0
S35,early_gradual,eeg,9.083333333333334,1.4116492564332,1.0,0.0,9.083333333333334,1.4116492564332,0.0,0.20833333333333334,0.8,2.8,1.8571428571428572,0.6430431547619048,0.125,0.5238095238095238,0.0,0.0,0.0,0.0,0.0,0.08333333333333333,0.041666666666666664,0.16666666666666666,0.25,0.3333333333333333,0.125,0.0
S35,late_gradual,gait,9.5,1.179535649239177,1.0,0.0,9.5,1.179535649239177,0.0,0.16666666666666666,1.0,2.25,1.7272727272727273,0.5845170454545454,0.08333333333333333,0.4090909090909091,0.0,0.0,0.0,0.0,0.0,0.041666666666666664,0.041666666666666664,0.041666666666666664,0.25,0.5,0.125,0.0
S35,late_gradual,eeg,9.166666666666666,1.2394482175782784,1.0,0.0,9.166666666666666,1.2394482175782784,0.0,0.2916666666666667,0.8571428571428571,2.2857142857142856,1.8095238095238095,0.5859375,0.125,0.5238095238095238,0.0,0.0,0.0,0.0,0.0,0.0,0.08333333333333333,0.25,0.25,0.25,0.16666666666666666,0.0
S36,baseline,gait,9.083333333333334,1.2128538629008951,1.0,0.0,9.083333333333334,1.2128538629008951,0.0,0.25,0.5,1.8333333333333333,1.7272727272727273,0.5674715909090909,0.08333333333333333,0.5,0.0,0.0,0.0,0.0,0.0,0.0,0.125,0.16666666666666666,0.3333333333333333,0.25,0.125,0.0
S36,baseline,eeg,9.333333333333334,1.3405601251996728,1.0,0.0,9.333333333333334,1.3405601251996728,0.0,0.20833333333333334,0.2,1.4,1.6956521739130435,0.540421195652174,0.041666666666666664,0.43478260869565216,0.0,0.0,0.0,0.0,0.0,0.041666666666666664,0.08333333333333333,0.125,0.125,0.5,0.125,0.0
S36,early_abrupt,gait,9.333333333333334,1.551063216458077,1.0416666666666667,0.2041241452319315,9.291666666666666,1.6805580508625224,0.041666666666666664,0.25,0.6666666666666666,2.1666666666666665,1.9523809523809523,0.6908482142857143,0.125,0.42857142857142855,0.0,0.0,0.0,0.041666666666666664,0.041666666666666664,0.0,0.125,0.041666666666666664,0.20833333333333334,0.375,0.20833333333333334,0.0
S36,early_abrupt,eeg,9.166666666666666,1.372609912179893,1.0,0.0,9.166666666666666,1.372609912179893,0.0,0.3333333333333333,0.75,2.125,1.8095238095238095,0.5779389880952381,0.125,0.6190476190476191,0.0,0.0,0.0,0.0,0.041666666666666664,0.0,0.08333333333333333,0.08333333333333333,0.2916666666666667,0.4166666666666667,0.08333333333333333,0.0
S36,late_abrupt,gait,9.25,1.5108304655560048,1.0,0.0,9.25,1.5108304655560048,0.0,0.20833333333333334,0.8,2.6,1.5238095238095237,0.5182291666666666,0.125,0.47619047619047616,0.0,0.0,0.0,0.0,0.0,0.041666666666666664,0.125,0.125,0.20833333333333334,0.25,0.25,0.0
S36,late_abrupt,eeg,9.458333333333334,1.1025333147551268,1.0,0.0,9.458333333333334,1.1025333147551268,0.0,0.16666666666666666,0.5,2.0,1.3636363636363635,0.4357244318181818,0.08333333333333333,0.36363636363636365,0.0,0.0,0.0,0.0,0.0,0.0,0.08333333333333333,0.08333333333333333,0.25,0.4583333333333333,0.125,0.0
S36,early_gradual,gait,9.166666666666666,0.9168313422570847,1.0,0.0,9.166666666666666,0.9168313422570847,0.0,0.25,0.3333333333333333,1.3333333333333333,1.5909090909090908,0.5330255681818182,0.08333333333333333,0.4090909090909091,0.0,0.0,0.0,0.0,0.0,0.0,0.0,0.25,0.4166666666666667,0.25,0.08333333333333333,0.0
S36,early_gradual,eeg,9.333333333333334,1.4039282363260677,1.0,0.0,9.333333333333334,1.4039282363260677,0.0,0.25,0.5,2.0,2.3181818181818183,0.7590553977272727,0.08333333333333333,0.5454545454545454,0.0,0.0,0.0,0.0,0.0,0.08333333333333333,0.041666666666666664,0.041666666666666664,0.2916666666666667,0.375,0.16666666666666666,0.0
S36,late_gradual,gait,8.875,1.3929168644626095,1.0,0.0,8.875,1.3929168644626095,0.0,0.2916666666666667,0.5714285714285714,2.142857142857143,1.9047619047619047,0.6300223214285714,0.125,0.6666666666666666,0.0,0.0,0.0,0.0,0.0,0.08333333333333333,0.08333333333333333,0.16666666666666666,0.2916666666666667,0.2916666666666667,0.08333333333333333,0.0
S36,late_gradual,eeg,9.125,1.596531566702726,1.0,0.0,9.125,1.596531566702726,0.0,0.2916666666666667,0.2857142857142857,1.7142857142857142,2.0,0.5995163690476191,0.125,0.5714285714285714,0.0,0.0,0.0,0.041666666666666664,0.0,0.041666666666666664,0.0,0.16666666666666666,0.25,0.375,0.125,0.0
S37,baseline,gait,9.0,1.7693034738587656,1.0833333333333333,0.408248290463863,8.916666666666666,2.041241452319315,0.041666666666666664,0.25,0.8333333333333334,2.5,1.7619047619047619,0.6030505952380952,0.125,0.5714285714285714,0.0,0.041666666666666664,0.041666666666666664,0.041666666666666664,0.0,0.041666666666666664,0.16666666666666666,0.0,0.20833333333333334,0.4166666666666667,0.125,0.0
S37,baseline,eeg,9.125,1.2958965337120694,1.0,0.0,9.125,1.2958965337120694,0.0,0.25,0.5,1.5,1.826086956521739,0.6034307065217391,0.041666666666666664,0.4782608695652174,0.0,0.0,0.0,0.0,0.0,0.0,0.125,0.20833333333333334,0.25,0.25,0.16666666666666666,0.0
S37,early_abrupt,gait,9.208333333333334,1.141287094417552,1.0,0.0,9.208333333333334,1.141287094417552,0.0,0.2916666666666667,0.5714285714285714,1.7142857142857142,2.217391304347826,0.7333559782608695,0.041666666666666664,0.5217391304347826,0.0,0.0,0.0,0.0,0.0,0.0,0.08333333333333333,0.20833333333333334,0.20833333333333334,0.4166666666666667,0.08333333333333333,0.0
S37,early_abrupt,eeg,9.458333333333334,1.1787674722451364,1.0,0.0,9.458333333333334,1.1787674722451364,0.0,0.20833333333333334,0.6,2.0,1.8095238095238095,0.5576636904761905,0.125,0.42857142857142855,0.0,0.0,0.0,0.0,0.0,0.041666666666666664,0.041666666666666664,0.041666666666666664,0.2916666666666667,0.4583333333333333,0.125,0.0
S37,late_abrupt,gait,9.0,1.5879984667608413,1.0416666666666667,0.2041241452319315,8.958333333333334,1.7315277663950706,0.041666666666666664,0.20833333333333334,0.6,2.0,2.6666666666666665,0.8902529761904762,0.125,0.42857142857142855,0.0,0.0,0.041666666666666664,0.041666666666666664,0.0,0.0,0.08333333333333333,0.16666666666666666,0.3333333333333333,0.20833333333333334,0.16666666666666666,0.0
S37,late_abrupt,eeg,9.375,1.1349200316590018,1.0,0.0,9.375,1.1349200316590018,0.0,0.16666666666666666,0.5,1.5,1.434782608695652,0.4397078804347826,0.041666666666666664,0.43478260869565216,0.0,0.0,0.0,0.0,0.0,0.0,0.041666666666666664,0.16666666666666666,0.375,0.20833333333333334,0.20833333333333334,0.0
S37,early_gradual,gait,9.5,0.9780192938436515,1.0,0.0,9.5,0.9780192938436515,0.0,0.25,0.16666666666666666,1.1666666666666667,1.5,0.5062144886363636,0.08333333333333333,0.4090909090909091,0.0,0.0,0.0,0.0,0.0,0.0,0.041666666666666664,0.08333333333333333,0.3333333333333333,0.4166666666666667,0.125,0.0
S37,early_gradual,eeg,9.416666666666666,1.282547284209001,1.0,0.0,9.416666666666666,1.282547284209001,0.0,0.16666666666666666,0.5,1.5,1.7826086956521738,0.5514605978260869,0.041666666666666664,0.391304347826087,0.0,0.0,0.0,0.0,0.041666666666666664,0.0,0.0,0.125,0.25,0.4583333333333333,0.125,0.0
S37,late_gradual,gait,9.166666666666666,1.685401943200769,1.0416666666666667,0.2041241452319315,9.125,1.8252456654188867,0.041666666666666664,0.20833333333333334,0.4,1.8,1.7727272727272727,0.5990767045454546,0.08333333333333333,0.5,0.0,0.0,0.041666666666666664,0.041666666666666664,0.0,0.0,0.08333333333333333,0.20833333333333334,0.125,0.3333333333333333,0.20833333333333334,0.0
S37,late_gradual,eeg,8.958333333333334,1.334465099374755,1.0,0.0,8.958333333333334,1.334465099374755,0.0,0.2916666666666667,0.5714285714285714,1.7142857142857142,1.9130434782608696,0.6834239130434783,0.041666666666666664,0.5652173913043478,0.0,0.0,0.0,0.0,0.0,0.08333333333333333,0.041666666666666664,0.16666666666666666,0.3333333333333333,0.2916666666666667,0.08333333333333333,0.0
S38,baseline,gait,9.083333333333334,1.9091693314716438,1.1666666666666667,0.5646597025732799,8.916666666666666,2.320357293826641,0.08333333333333333,0.25,0.5,2.8333333333333335,1.8181818181818181,0.5887784090909091,0.08333333333333333,0.5,0.0,0.0,0.08333333333333333,0.08333333333333333,0.125,0.041666666666666664,0.0,0.041666666666666664,0.20833333333333334,0.4166666666666667,0.16666666666666666,0.0
S38,baseline,eeg,9.041666666666666,1.3666578295932035,1.0,0.0,9.041666666666666,1.3666578295932035,0.0,0.25,0.5,1.8333333333333333,2.0454545454545454,0.6770241477272727,0.08333333333333333,0.5454545454545454,0.0,0.0,0.0,0.0,0.041666666666666664,0.0,0.08333333333333333,0.125,0.3333333333333333,0.3333333333333333,0.08333333333333333,0.0
S38,early_abrupt,gait,9.083333333333334,1.4421200175184923,1.0,0.0,9.083333333333334,1.4421200175184923,0.0,0.20833333333333334,0.6,2.0,1.7142857142857142,0.5775669642857143,0.125,0.47619047619047616,0.0,0.0,0.0,0.0,0.0,0.041666666666666664,0.16666666666666666,0.08333333333333333,0.20833333333333334,0.375,0.125,0.0
S38,early_abrupt,eeg,8.875,1.701980943029264,1.0,0.0,8.875,1.701980943029264,0.0,0.2916666666666667,0.7142857142857143,2.857142857142857,1.5909090909090908,0.5239701704545454,0.08333333333333333,0.5,0.0,0.0,0.0,0.0,0.125,0.0,0.0,0.125,0.3333333333333333,0.3333333333333333,0.08333333333333333,0.0
S38,late_abrupt,gait,9.041666666666666,1.5174110293140939,1.0,0.0,9.041666666666666,1.5174110293140939,0.0,0.2916666666666667,0.5714285714285714,2.142857142857143,1.7142857142857142,0.5827752976190477,0.125,0.6190476190476191,0.0,0.0,0.0,0.0,0.0,0.08333333333333333,0.125,0.041666666666666664,0.3333333333333333,0.25,0.16666666666666666,0.0
S38,late_abrupt,eeg,9.0,1.5879984667608413,1.0,0.0,9.0,1.5879984667608413,0.0,0.25,0.8333333333333334,2.6666666666666665,2.1363636363636362,0.6908735795454546,0.08333333333333333,0.45454545454545453,0.0,0.0,0.0,0.0,0.0,0.125,0.08333333333333333,0.08333333333333333,0.20833333333333334,0.375,0.125,0.0
S38,early_gradual,gait,8.958333333333334,1.6805580508625224,1.1666666666666667,0.5646597025732799,8.791666666666666,2.1260121204339084,0.08333333333333333,0.2916666666666667,0.7142857142857143,2.2857142857142856,2.6363636363636362,0.8700284090909091,0.08333333333333333,0.5909090909090909,0.0,0.041666666666666664,0.041666666666666664,0.08333333333333333,0.041666666666666664,0.041666666666666664,0.08333333333333333,0.125,0.25,0.3333333333333333,0.125,0.0
S38,early_gradual,eeg,9.041666666666666,1.6805580508625224,1.0,0.0,9.041666666666666,1.6805580508625224,0.0,0.25,0.5,2.3333333333333335,1.5714285714285714,0.5329241071428571,0.125,0.5714285714285714,0.0,0.0,0.0,0.0,0.041666666666666664,0.08333333333333333,0.08333333333333333,0.041666666666666664,0.20833333333333334,0.4166666666666667,0.125,0.0
S38,late_gradual,gait,9.25,1.1887150534341144,1.0,0.0,9.25,1.1887150534341144,0.0,0.25,0.5,1.8333333333333333,1.7727272727272727,0.6042258522727273,0.08333333333333333,0.5454545454545454,0.0,0.0,0.0,0.0,0.0,0.041666666666666664,0.041666666666666664,0.125,0.2916666666666667,0.4166666666666667,0.08333333333333333,0.0
S38,late_gradual,eeg,8.916666666666666,1.5580552724098262,1.0,0.0,8.916666666666666,1.5580552724098262,0.0,0.25,0.8333333333333334,2.3333333333333335,2.857142857142857,0.9525669642857143,0.125,0.5238095238095238,0.0,0.0,0.0,0.0,0.0,0.125,0.08333333333333333,0.125,0.16666666666666666,0.4166666666666667,0.08333333333333333,0.0
S39,baseline,gait,9.208333333333334,1.7687914485336584,1.0833333333333333,0.408248290463863,9.125,2.0496553262736006,0.041666666666666664,0.25,0.5,2.1666666666666665,1.55,0.5244140625,0.16666666666666666,0.5,0.0,0.041666666666666664,0.041666666666666664,0.041666666666666664,0.0,0.041666666666666664,0.08333333333333333,0.08333333333333333,0.16666666666666666,0.375,0.20833333333333334,0.0
S39,baseline,eeg,9.0,1.4744195615489712,1.0,0.0,9.0,1.4744195615489712,0.0,0.2916666666666667,0.7142857142857143,2.142857142857143,1.7727272727272727,0.5930397727272727,0.08333333333333333,0.5909090909090909,0.0,0.0,0.0,0.0,0.041666666666666664,0.0,0.125,0.16666666666666666,0.16666666666666666,0.4166666666666667,0.08333333333333333,0.0
S39,early_abrupt,gait,9.083333333333334,1.316010660280157,1.0,0.0,9.083333333333334,1.316010660280157,0.0,0.25,0.5,2.0,1.8695652173913044,0.6136209239130435,0.041666666666666664,0.43478260869565216,0.0,0.0,0.0,0.0,0.0,0.0,0.16666666666666666,0.16666666666666666,0.20833333333333334,0.3333333333333333,0.125,0.0
S39,early_abrupt,eeg,9.166666666666666,1.4345630047135447,1.0,0.0,9.166666666666666,1.4345630047135447,0.0,0.25,0.6666666666666666,2.5,1.5714285714285714,0.5494791666666666,0.125,0.5238095238095238,0.0,0.0,0.0,0.0,0.041666666666666664,0.0,0.041666666666666664,0.20833333333333334,0.25,0.2916666666666667,0.16666666666666666,0.0
S39,late_abrupt,gait,9.041666666666666,1.3666578295932035,1.0,0.0,9.041666666666666,1.3666578295932035,0.0,0.2916666666666667,0.8571428571428571,2.2857142857142856,2.0,0.6787574404761905,0.125,0.5714285714285714,0.0,0.0,0.0,0.0,0.0,0.041666666666666664,0.125,0.125,0.2916666666666667,0.2916666666666667,0.125,0.0
S39,late_abrupt,eeg,9.041666666666666,1.5174110293140939,1.0,0.0,9.041666666666666,1.5174110293140939,0.0,0.2916666666666667,1.0,2.4285714285714284,2.090909090909091,0.6617542613636364,0.08333333333333333,0.5,0.0,0.0,0.0,0.0,0.041666666666666664,0.0,0.125,0.16666666666666666,0.16666666666666666,0.375,0.125,0.0
S39,early_gradual,gait,8.791666666666666,1.4440030912488493,1.0833333333333333,0.408248290463863,8.708333333333334,1.7564580631305242,0.041666666666666664,0.20833333333333334,0.4,1.8,2.090909090909091,0.6951349431818182,0.08333333333333333,0.4090909090909091,0.0,0.041666666666666664,0.041666666666666664,0.041666666666666664,0.0,0.0,0.08333333333333333,0.20833333333333334,0.3333333333333333,0.2916666666666667,0.041666666666666664,0.0
S39,early_gradual,eeg,8.791666666666666,1.8172881532338392,1.0833333333333333,0.408248290463863,8.708333333333334,2.0742555849952673,0.041666666666666664,0.20833333333333334,0.6,2.4,2.1739130434782608,0.6557404891304348,0.041666666666666664,0.5652173913043478,0.0,0.041666666666666664,0.041666666666666664,0.041666666666666664,0.041666666666666664,0.041666666666666664,0.08333333333333333,0.041666666666666664,0.375,0.25,0.125,0.0
S39,late_gradual,gait,9.166666666666666,1.307725096316589,1.0,0.0,9.166666666666666,1.307725096316589,0.0,0.16666666666666666,0.75,2.25,2.1739130434782608,0.7326766304347826,0.041666666666666664,0.5217391304347826,0.0,0.0,0.0,0.0,0.0,0.041666666666666664,0.08333333333333333,0.125,0.2916666666666667,0.3333333333333333,0.125,0.0
S39,late_gradual,eeg,9.208333333333334,1.5030162910010298,1.0416666666666667,0.2041241452319315,9.166666666666666,1.6594044679962139,0.041666666666666664,0.16666666666666666,1.0,3.25,1.2380952380952381,0.38374255952380953,0.125,0.42857142857142855,0.0,0.0,0.041666666666666664,0.041666666666666664,0.0,0.0,0.041666666666666664,0.08333333333333333,0.4166666666666667,0.25,0.16666666666666666,0.0
S40,baseline,gait,9.25,0.9890707100936805,1.0,0.0,9.25,0.9890707100936805,0.0,0.2916666666666667,0.42857142857142855,1.4285714285714286,2.0454545454545454,0.6882102272727273,0.08333333333333333,0.5,0.0,0.0,0.0,0.0,0.0,0.0,0.08333333333333333,0.08333333333333333,0.375,0.4166666666666667,0.041666666666666664,0.0
S40,baseline,eeg,8.958333333333334,1.6544844636864107,1.0,0.0,8.958333333333334,1.6544844636864107,0.0,0.16666666666666666,1.0,2.75,1.9047619047619047,0.6240699404761905,0.125,0.3333333333333333,0.0,0.0,0.0,0.041666666666666664,0.0,0.041666666666666664,0.0,0.2916666666666667,0.20833333333333334,0.25,0.16666666666666666,0.0
S40,early_abrupt,gait,8.875,1.6500988112705621,1.0,0.0,8.875,1.6500988112705621,0.0,0.2916666666666667,0.5714285714285714,2.4285714285714284,1.6363636363636365,0.5774147727272727,0.08333333333333333,0.7727272727272727,0.0,0.0,0.0,0.041666666666666664,0.041666666666666664,0.0,0.041666666666666664,0.125,0.375,0.2916666666666667,0.08333333333333333,0.0
S40,early_abrupt,eeg,8.708333333333334,1.6544844636864107,1.0,0.0,8.708333333333334,1.6544844636864107,0.0,0.25,0.8333333333333334,2.6666666666666665,2.0,0.6638671875,0.16666666666666666,0.65,0.0,0.0,0.0,0.0,0.08333333333333333,0.0,0.125,0.20833333333333334,0.16666666666666666,0.3333333333333333,0.08333333333333333,0.0
S40,late_abrupt,gait,9.0,1.179535649239177,1.0,0.0,9.0,1.179535649239177,0.0,0.20833333333333334,0.8,2.6,1.8571428571428572,0.6024925595238095,0.125,0.47619047619047616,0.0,0.0,0.0,0.0,0.0,0.0,0.16666666666666666,0.125,0.2916666666666667,0.375,0.041666666666666664,0.0
S40,late_abrupt,eeg,8.416666666666666,2.320357293826641,1.0416666666666667,0.2041241452319315,8.375,2.4103490636618696,0.041666666666666664,0.20833333333333334,1.0,5.2,2.0,0.6876775568181818,0.08333333333333333,0.5,0.0,0.0,0.08333333333333333,0.041666666666666664,0.125,0.0,0.041666666666666664,0.041666666666666664,0.3333333333333333,0.25,0.125,0.0
S40,early_gradual,gait,9.0,1.3831281496162493,1.0,0.0,9.0,1.3831281496162493,0.0,0.25,0.8333333333333334,2.8333333333333335,1.6,0.505859375,0.16666666666666666,0.6,0.0,0.0,0.0,0.0,0.0,0.041666666666666664,0.125,0.16666666666666666,0.25,0.2916666666666667,0.125,0.0
S40,early_gradual,eeg,9.166666666666666,1.493949148388597,1.0,0.0,9.166666666666666,1.493949148388597,0.0,0.20833333333333334,0.6,3.0,1.8571428571428572,0.6041666666666666,0.125,0.47619047619047616,0.0,0.0,0.0,0.0,0.041666666666666664,0.041666666666666664,0.0,0.16666666666666666,0.2916666666666667,0.2916666666666667,0.16666666666666666,0.0
S40,late_gradual,gait,9.041666666666666,1.4288690166235205,1.0,0.0,9.041666666666666,1.4288690166235205,0.0,0.25,0.6666666666666666,2.1666666666666665,1.6818181818181819,0.5891335227272727,0.08333333333333333,0.5454545454545454,0.0,0.0,0.0,0.0,0.041666666666666664,0.041666666666666664,0.041666666666666664,0.08333333333333333,0.375,0.3333333333333333,0.08333333333333333,0.0
S40,late_gradual,eeg,8.916666666666666,1.316010660280157,1.0,0.0,8.916666666666666,1.316010660280157,0.0,0.20833333333333334,1.0,2.4,2.1,0.6958984375,0.16666666666666666,0.5,0.0,0.0,0.0,0.0,0.0,0.041666666666666664,0.16666666666666666,0.08333333333333333,0.2916666666666667,0.375,0.041666666666666664,0.0
S41,baseline,gait,9.416666666666666,1.3486439781165913,1.0,0.0,9.416666666666666,1.3486439781165913,0.0,0.20833333333333334,0.8,2.4,1.9545454545454546,0.6550071022727273,0.08333333333333333,0.4090909090909091,0.0,0.0,0.0,0.0,0.041666666666666664,0.0,0.041666666666666664,0.041666666666666664,0.3333333333333333,0.375,0.16666666666666666,0.0
S41,baseline,eeg,9.083333333333334,1.3805061033726997,1.0,0.0,9.083333333333334,1.3805061033726997,0.0,0.2916666666666667,0.7142857142857143,2.2857142857142856,1.7619047619047619,0.5939360119047619,0.125,0.6666666666666666,0.0,0.0,0.0,0.0,0.0,0.041666666666666664,0.125,0.125,0.25,0.3333333333333333,0.125,0.0
S41,early_abrupt,gait,9.166666666666666,1.5227739752537621,1.0416666666666667,0.2041241452319315,9.125,1.6762406177800526,0.041666666666666664,0.20833333333333334,0.6,2.4,2.0454545454545454,0.6970880681818182,0.08333333333333333,0.45454545454545453,0.0,0.0,0.041666666666666664,0.041666666666666664,0.0,0.0,0.08333333333333333,0.041666666666666664,0.375,0.3333333333333333,0.125,0.0
S41,early_abrupt,eeg,8.958333333333334,1.4288690166235207,1.0,0.0,8.958333333333334,1.4288690166235207,0.0,0.2916666666666667,0.7142857142857143,2.4285714285714284,1.8095238095238095,0.5744047619047619,0.125,0.6190476190476191,0.0,0.0,0.0,0.0,0.0,0.041666666666666664,0.16666666666666666,0.125,0.25,0.2916666666666667,0.125,0.0
S41,late_abrupt,gait,8.916666666666666,1.316010660280157,1.0,0.0,8.916666666666666,1.316010660280157,0.0,0.16666666666666666,0.75,2.25,1.4545454545454546,0.47602982954545453,0.08333333333333333,0.36363636363636365,0.0,0.0,0.0,0.0,0.0,0.041666666666666664,0.125,0.16666666666666666,0.2916666666666667,0.2916666666666667,0.08333333333333333,0.0
S41,late_abrupt,eeg,8.791666666666666,1.9995470501583859,1.0,0.0,8.791666666666666,1.9995470501583859,0.0,0.20833333333333334,1.0,3.6,2.1363636363636362,0.6999289772727273,0.08333333333333333,0.5454545454545454,0.0,0.0,0.0,0.08333333333333333,0.041666666666666664,0.0,0.041666666666666664,0.125,0.25,0.3333333333333333,0.125,0.0
S41,early_gradual,gait,8.75,1.6746187106583268,1.0,0.0,8.75,1.6746187106583268,0.0,0.2916666666666667,0.8571428571428571,2.4285714285714284,2.1739130434782608,0.7175611413043478,0.041666666666666664,0.5652173913043478,0.0,0.0,0.0,0.0,0.041666666666666664,0.08333333333333333,0.125,0.08333333333333333,0.2916666666666667,0.25,0.125,0.0
S41,early_gradual,eeg,9.125,1.596531566702726,1.0,0.0,9.125,1.596531566702726,0.0,0.25,0.8333333333333334,2.6666666666666665,2.0454545454545454,0.6857244318181818,0.08333333333333333,0.5909090909090909,0.0,0.0,0.0,0.0,0.08333333333333333,0.0,0.041666666666666664,0.08333333333333333,0.2916666666666667,0.375,0.125,0.0
S41,late_gradual,gait,9.041666666666666,1.334465099374755,1.0,0.0,9.041666666666666,1.334465099374755,0.0,0.2916666666666667,0.5714285714285714,1.8571428571428572,2.0,0.6756036931818182,0.08333333333333333,0.6818181818181818,0.0,0.0,0.0,0.0,0.041666666666666664,0.0,0.041666666666666664,0.20833333333333334,0.2916666666666667,0.3333333333333333,0.08333333333333333,0.0
S41,late_gradual,eeg,9.458333333333334,1.141287094417552,1.0,0.0,9.458333333333334,1.141287094417552,0.0,0.25,0.16666666666666666,1.5,1.5238095238095237,0.5457589285714286,0.125,0.42857142857142855,0.0,0.0,0.0,0.0,0.0,0.041666666666666664,0.0,0.125,0.25,0.4583333333333333,0.125,0.0
S42,baseline,gait,9.166666666666666,1.3405601251996726,1.0416666666666667,0.2041241452319315,9.125,1.3290238326779873,0.041666666666666664,0.20833333333333334,0.8,2.2,1.7142857142857142,0.5271577380952381,0.125,0.5714285714285714,0.0,0.0,0.0,0.0,0.0,0.041666666666666664,0.041666666666666664,0.25,0.25,0.2916666666666667,0.16666666666666666,0.0
S42,baseline,eeg,9.416666666666666,1.1764599317505433,1.0,0.0,9.416666666666666,1.1764599317505433,0.0,0.16666666666666666,0.5,1.5,1.6818181818181819,0.5284090909090909,0.08333333333333333,0.36363636363636365,0.0,0.0,0.0,0.0,0.0,0.0,0.08333333333333333,0.125,0.25,0.375,0.16666666666666666,0.0
S42,early_abrupt,gait,9.291666666666666,1.4884823513044847,1.0,0.0,9.291666666666666,1.4884823513044847,0.0,0.20833333333333334,0.6,2.4,1.5714285714285714,0.5135788690476191,0.125,0.47619047619047616,0.0,0.0,0.0,0.0,0.041666666666666664,0.041666666666666664,0.041666666666666664,0.041666666666666664,0.25,0.4583333333333333,0.125,0.0
S42,early_abrupt,eeg,9.291666666666666,1.4288690166235205,1.0,0.0,9.291666666666666,1.4288690166235205,0.0,0.25,0.8333333333333334,2.1666666666666665,1.7727272727272727,0.5855823863636364,0.08333333333333333,0.45454545454545453,0.0,0.0,0.0,0.0,0.0,0.0,0.20833333333333334,0.041666666666666664,0.20833333333333334,0.3333333333333333,0.20833333333333334,0.0
S42,late_abrupt,gait,9.041666666666666,1.6544844636864109,1.0,0.0,9.041666666666666,1.6544844636864109,0.0,0.2916666666666667,0.5714285714285714,2.142857142857143,1.7619047619047619,0.6281622023809523,0.125,0.6666666666666666,0.0,0.0,0.0,0.0,0.041666666666666664,0.041666666666666664,0.08333333333333333,0.16666666666666666,0.20833333333333334,0.25,0.20833333333333334,0.0
S42,late_abrupt,eeg,9.166666666666666,1.307725096316589,1.0,0.0,9.166666666666666,1.307725096316589,0.0,0.25,0.8333333333333334,2.5,2.238095238095238,0.7090773809523809,0.125,0.5238095238095238,0.0,0.0,0.0,0.0,0.0,0.041666666666666664,0.08333333333333333,0.125,0.2916666666666667,0.3333333333333333,0.125,0.0
S42,early_gradual,gait,9.541666666666666,1.0206207261596576,1.0,0.0,9.541666666666666,1.0206207261596576,0.0,0.20833333333333334,0.6,1.8,2.0454545454545454,0.6819957386363636,0.08333333333333333,0.3181818181818182,0.0,0.0,0.0,0.0,0.0,0.0,0.0,0.16666666666666666,0.3333333333333333,0.2916666666666667,0.20833333333333334,0.0
S42,early_gradual,eeg,9.125,1.3613452426057167,1.0,0.0,9.125,1.3613452426057167,0.0,0.25,0.6666666666666666,2.3333333333333335,2.0476190476190474,0.6549479166666666,0.125,0.5238095238095238,0.0,0.0,0.0,0.0,0.0,0.08333333333333333,0.041666666666666664,0.08333333333333333,0.375,0.2916666666666667,0.125,0.0
S42,late_gradual,gait,9.041666666666666,1.4884823513044847,1.0,0.0,9.041666666666666,1.4884823513044847,0.0,0.20833333333333334,0.6,2.6,2.3181818181818183,0.7977627840909091,0.08333333333333333,0.45454545454545453,0.0,0.0,0.0,0.0,0.0,0.08333333333333333,0.08333333333333333,0.125,0.2916666666666667,0.25,0.16666666666666666,0.0
S42,late_gradual,eeg,9.25,1.1515584902738285,1.0,0.0,9.25,1.1515584902738285,0.0,0.3333333333333333,0.625,1.75,1.6363636363636365,0.5198863636363636,0.08333333333333333,0.6818181818181818,0.0,0.0,0.0,0.0,0.0,0.0,0.08333333333333333,0.16666666666666666,0.2916666666666667,0.3333333333333333,0.125,0.0
S43,baseline,gait,8.666666666666666,2.0359095108162064,1.1666666666666667,0.5646597025732799,8.5,2.359071298478354,0.08333333333333333,0.20833333333333334,1.0,3.6,1.9523809523809523,0.6400669642857143,0.125,0.5238095238095238,0.0,0.0,0.041666666666666664,0.08333333333333333,0.16666666666666666,0.08333333333333333,0.041666666666666664,0.16666666666666666,0.08333333333333333,0.3333333333333333,0.16666666666666666,0.0
S43,baseline,eeg,9.083333333333334,1.2128538629008951,1.0,0.0,9.083333333333334,1.2128538629008951,0.0,0.2916666666666667,0.7142857142857143,1.8571428571428572,2.1363636363636362,0.7230113636363636,0.08333333333333333,0.5454545454545454,0.0,0.0,0.0,0.0,0.0,0.041666666666666664,0.08333333333333333,0.08333333333333333,0.4166666666666667,0.2916666666666667,0.08333333333333333,0.0
S43,early_abrupt,gait,9.541666666666666,1.062366786192884,1.0,0.0,9.541666666666666,1.062366786192884,0.0,0.25,0.3333333333333333,1.3333333333333333,1.9545454545454546,0.6434659090909091,0.08333333333333333,0.45454545454545453,0.0,0.0,0.0,0.0,0.0,0.0,0.041666666666666664,0.125,0.25,0.4166666666666667,0.16666666666666666,0.0
S43,early_abrupt,eeg,9.166666666666666,1.9034674690672027,1.0,0.0,9.166666666666666,1.9034674690672027,0.0,0.16666666666666666,1.0,3.25,1.4285714285714286,0.4810267857142857,0.125,0.38095238095238093,0.0,0.0,0.0,0.0,0.08333333333333333,0.08333333333333333,0.0,0.08333333333333333,0.16666666666666666,0.3333333333333333,0.25,0.0
S43,late_abrupt,gait,9.333333333333334,1.203858530857692,1.0,0.0,9.333333333333334,1.203858530857692,0.0,0.25,0.3333333333333333,1.5,1.7142857142857142,0.5511532738095238,0.125,0.47619047619047616,0.0,0.0,0.0,0.0,0.0,0.041666666666666664,0.0,0.16666666666666666,0.3333333333333333,0.2916666666666667,0.16666666666666666,0.0
S43,late_abrupt,eeg,8.916666666666666,1.3805061033726997,1.0,0.0,8.916666666666666,1.3805061033726997,0.0,0.25,0.8333333333333334,2.3333333333333335,1.6818181818181819,0.5852272727272727,0.08333333333333333,0.5454545454545454,0.0,0.0,0.0,0.0,0.0,0.041666666666666664,0.16666666666666666,0.125,0.25,0.3333333333333333,0.08333333333333333,0.0
S43,early_gradual,gait,9.083333333333334,1.1764599317505433,1.0,0.0,9.083333333333334,1.1764599317505433,0.0,0.3333333333333333,0.5,1.5,1.5454545454545454,0.5454545454545454,0.08333333333333333,0.5,0.0,0.0,0.0,0.0,0.0,0.0,0.08333333333333333,0.25,0.2916666666666667,0.25,0.125,0.0
S43,early_gradual,eeg,8.791666666666666,1.5316704909195133,1.0,0.0,8.791666666666666,1.5316704909195133,0.0,0.20833333333333334,1.0,3.0,2.0476190476190474,0.7007068452380952,0.125,0.6666666666666666,0.0,0.0,0.0,0.0,0.0,0.125,0.08333333333333333,0.16666666666666666,0.20833333333333334,0.3333333333333333,0.08333333333333333,0.0
S43,late_gradual,gait,9.416666666666666,0.880546602310508,1.0,0.0,9.416666666666666,0.880546602310508,0.0,0.20833333333333334,0.2,1.4,2.130434782608696,0.7009171195652174,0.041666666666666664,0.34782608695652173,0.0,0.0,0.0,0.0,0.0,0.0,0.0,0.125,0.4583333333333333,0.2916666666666667,0.125,0.0
S43,late_gradual,eeg,9.166666666666666,1.632993161855452,1.0,0.0,9.166666666666666,1.632993161855452,0.0,0.25,1.0,2.3333333333333335,1.6666666666666667,0.5749627976190477,0.125,0.42857142857142855,0.0,0.0,0.0,0.0,0.0,0.08333333333333333,0.125,0.125,0.08333333333333333,0.375,0.20833333333333334,0.0
S44,baseline,gait,9.208333333333334,1.5316704909195136,1.1666666666666667,0.5646597025732799,9.041666666666666,2.031901372706313,0.08333333333333333,0.20833333333333334,0.6,2.6,2.142857142857143,0.7066592261904762,0.125,0.38095238095238093,0.0,0.041666666666666664,0.041666666666666664,0.08333333333333333,0.041666666666666664,0.041666666666666664,0.0,0.041666666666666664,0.4166666666666667,0.3333333333333333,0.125,0.0
S44,baseline,eeg,9.291666666666666,1.334465099374755,1.0,0.0,9.291666666666666,1.334465099374755,0.0,0.20833333333333334,0.2,1.8,1.5238095238095237,0.5872395833333334,0.125,0.42857142857142855,0.0,0.0,0.0,0.0,0.041666666666666664,0.0,0.041666666666666664,0.08333333333333333,0.3333333333333333,0.375,0.125,0.0
S44,early_abrupt,gait,8.833333333333334,1.7856107630448046,1.0,0.0,8.833333333333334,1.7856107630448046,0.0,0.2916666666666667,0.7142857142857143,2.4285714285714284,1.8571428571428572,0.6104910714285714,0.125,0.5714285714285714,0.0,0.0,0.0,0.041666666666666664,0.0,0.041666666666666664,0.16666666666666666,0.125,0.125,0.375,0.125,0.0
S44,early_abrupt,eeg,9.125,1.0759222535351585,1.0,0.0,9.125,1.0759222535351585,0.0,0.25,0.3333333333333333,1.6666666666666667,1.7619047619047619,0.5448288690476191,0.125,0.5238095238095238,0.0,0.0,0.0,0.0,0.0,0.041666666666666664,0.041666666666666664,0.08333333333333333,0.4583333333333333,0.3333333333333333,0.041666666666666664,0.0
S44,late_abrupt,gait,9.166666666666666,1.0494995356656043,1.0,0.0,9.166666666666666,1.0494995356656043,0.0,0.25,0.5,1.5,1.6956521739130435,0.5528192934782609,0.041666666666666664,0.5217391304347826,0.0,0.0,0.0,0.0,0.0,0.0,0.041666666666666664,0.25,0.2916666666666667,0.3333333333333333,0.08333333333333333,0.0
S44,late_abrupt,eeg,9.208333333333334,1.1025333147551268,1.0,0.0,9.208333333333334,1.1025333147551268,0.0,0.20833333333333334,0.8,1.8,2.0869565217391304,0.7238451086956522,0.041666666666666664,0.4782608695652174,0.0,0.0,0.0,0.0,0.0,0.0,0.08333333333333333,0.16666666666666666,0.2916666666666667,0.375,0.08333333333333333,0.0
S44,early_gradual,gait,9.333333333333334,0.9630868246861537,1.0,0.0,9.333333333333334,0.9630868246861537,0.0,0.20833333333333334,0.6,1.8,1.6666666666666667,0.5567336309523809,0.125,0.5238095238095238,0.0,0.0,0.0,0.0,0.0,0.0,0.041666666666666664,0.125,0.375,0.375,0.08333333333333333,0.0
S44,early_gradual,eeg,9.041666666666666,1.4288690166235207,1.0,0.0,9.041666666666666,1.4288690166235207,0.0,0.20833333333333334,0.8,2.6,1.8636363636363635,0.6225142045454546,0.08333333333333333,0.45454545454545453,0.0,0.0,0.0,0.0,0.041666666666666664,0.0,0.08333333333333333,0.20833333333333334,0.16666666666666666,0.4166666666666667,0.08333333333333333,0.0
S44,late_gradual,gait,9.333333333333334,1.2740441145412122,1.0,0.0,9.333333333333334,1.2740441145412122,0.0,0.20833333333333334,0.8,2.2,2.0,0.6685267857142857,0.125,0.47619047619047616,0.0,0.0,0.0,0.0,0.0,0.041666666666666664,0.08333333333333333,0.041666666666666664,0.2916666666666667,0.4166666666666667,0.125,0.0
S44,late_gradual,eeg,9.0,1.318760946791574,1.0,0.0,9.0,1.318760946791574,0.0,0.2916666666666667,0.7142857142857143,2.2857142857142856,1.9545454545454546,0.6161221590909091,0.08333333333333333,0.6818181818181818,0.0,0.0,0.0,0.0,0.0,0.041666666666666664,0.125,0.08333333333333333,0.4166666666666667,0.20833333333333334,0.125,0.0
S46,baseline,gait,8.541666666666666,2.126012120433909,1.4166666666666667,0.8297022339981068,8.125,2.878896225684571,0.20833333333333334,0.25,1.0,4.5,1.8181818181818181,0.5971235795454546,0.08333333333333333,0.5454545454545454,0.0,0.041666666666666664,0.16666666666666666,0.20833333333333334,0.16666666666666666,0.041666666666666664,0.08333333333333333,0.041666666666666664,0.16666666666666666,0.4166666666666667,0.08333333333333333,0.0
S46,baseline,eeg,9.291666666666666,1.6010639578422372,1.0,0.0,9.291666666666666,1.6010639578422372,0.0,0.125,1.0,3.3333333333333335,1.9047619047619047,0.6343005952380952,0.125,0.38095238095238093,0.0,0.0,0.0,0.0,0.041666666666666664,0.08333333333333333,0.0,0.041666666666666664,0.25,0.4166666666666667,0.16666666666666666,0.0
S46,early_abrupt,gait,9.0,1.4142135623730951,1.0,0.0,9.0,1.4142135623730951,0.0,0.20833333333333334,0.8,2.6,1.9047619047619047,0.6329985119047619,0.125,0.47619047619047616,0.0,0.0,0.0,0.0,0.0,0.08333333333333333,0.08333333333333333,0.08333333333333333,0.375,0.25,0.125,0.0
S46,early_abrupt,eeg,9.041666666666666,1.4288690166235205,1.0,0.0,9.041666666666666,1.4288690166235205,0.0,0.2916666666666667,0.5714285714285714,2.142857142857143,1.55,0.5140625,0.16666666666666666,0.55,0.0,0.0,0.0,0.0,0.041666666666666664,0.041666666666666664,0.0,0.16666666666666666,0.375,0.25,0.125,0.0
S46,late_abrupt,gait,8.833333333333334,1.5510632164580769,1.0,0.0,8.833333333333334,1.5510632164580769,0.0,0.25,1.0,3.0,1.4545454545454546,0.49378551136363635,0.08333333333333333,0.45454545454545453,0.0,0.0,0.0,0.0,0.0,0.125,0.125,0.041666666666666664,0.2916666666666667,0.3333333333333333,0.08333333333333333,0.0
S46,late_abrupt,eeg,8.833333333333334,1.7110044511584586,1.0,0.0,8.833333333333334,1.7110044511584586,0.0,0.2916666666666667,0.7142857142857143,2.5714285714285716,2.090909090909091,0.7022372159090909,0.08333333333333333,0.5909090909090909,0.0,0.0,0.0,0.0,0.0,0.16666666666666666,0.08333333333333333,0.125,0.125,0.375,0.125,0.0
S46,early_gradual,gait,9.166666666666666,1.3726099121798927,1.0,0.0,9.166666666666666,1.3726099121798927,0.0,0.3333333333333333,0.625,1.75,1.8571428571428572,0.6024925595238095,0.125,0.6190476190476191,0.0,0.0,0.0,0.0,0.0,0.041666666666666664,0.08333333333333333,0.16666666666666666,0.25,0.2916666666666667,0.16666666666666666,0.0
S46,early_gradual,eeg,8.958333333333334,1.4288690166235205,1.0,0.0,8.958333333333334,1.4288690166235205,0.0,0.16666666666666666,1.0,2.5,1.25,0.4146484375,0.16666666666666666,0.35,0.0,0.0,0.0,0.0,0.0,0.041666666666666664,0.125,0.25,0.125,0.3333333333333333,0.125,0.0
S46,late_gradual,gait,9.0,1.3831281496162493,1.0416666666666667,0.2041241452319315,8.958333333333334,1.5174110293140939,0.041666666666666664,0.25,0.5,2.1666666666666665,2.238095238095238,0.7524181547619048,0.125,0.6190476190476191,0.0,0.0,0.0,0.041666666666666664,0.041666666666666664,0.0,0.08333333333333333,0.125,0.4166666666666667,0.20833333333333334,0.125,0.0
S46,late_gradual,eeg,9.333333333333334,1.3405601251996728,1.0,0.0,9.333333333333334,1.3405601251996728,0.0,0.16666666666666666,0.5,1.5,2.1818181818181817,0.7336647727272727,0.08333333333333333,0.4090909090909091,0.0,0.0,0.0,0.0,0.0,0.041666666666666664,0.08333333333333333,0.08333333333333333,0.25,0.375,0.16666666666666666,0.0
S47,baseline,gait,8.75,1.6218615177038684,1.1666666666666667,0.5646597025732799,8.583333333333334,2.062431377865891,0.08333333333333333,0.2916666666666667,1.0,2.5714285714285716,2.590909090909091,0.8838778409090909,0.08333333333333333,0.6363636363636364,0.0,0.041666666666666664,0.041666666666666664,0.08333333333333333,0.041666666666666664,0.041666666666666664,0.08333333333333333,0.20833333333333334,0.25,0.2916666666666667,0.08333333333333333,0.0
S47,baseline,eeg,8.75,1.7507762253652943,1.0833333333333333,0.408248290463863,8.666666666666666,1.9261736493723074,0.041666666666666664,0.25,0.8333333333333334,2.8333333333333335,1.55,0.51796875,0.16666666666666666,0.7,0.0,0.0,0.0,0.041666666666666664,0.08333333333333333,0.125,0.041666666666666664,0.16666666666666666,0.25,0.20833333333333334,0.16666666666666666,0.0
S47,early_abrupt,gait,9.083333333333334,1.4719601443879746,1.0416666666666667,0.2041241452319315,9.041666666666666,1.6010639578422372,0.041666666666666664,0.2916666666666667,0.5714285714285714,2.142857142857143,1.5238095238095237,0.5158110119047619,0.125,0.5238095238095238,0.0,0.0,0.0,0.041666666666666664,0.041666666666666664,0.041666666666666664,0.041666666666666664,0.125,0.25,0.4166666666666667,0.08333333333333333,0.0
S47,early_abrupt,eeg,9.416666666666666,1.1000658741803746,1.0,0.0,9.416666666666666,1.1000658741803746,0.0,0.20833333333333334,0.4,1.4,1.9565217391304348,0.6530230978260869,0.041666666666666664,0.34782608695652173,0.0,0.0,0.0,0.0,0.0,0.0,0.0,0.25,0.2916666666666667,0.25,0.20833333333333334,0.0
S47,late_abrupt,gait,9.125,1.2958965337120694,1.0,0.0,9.125,1.2958965337120694,0.0,0.2916666666666667,0.7142857142857143,2.142857142857143,2.3181818181818183,0.7606534090909091,0.08333333333333333,0.5454545454545454,0.0,0.0,0.0,0.0,0.041666666666666664,0.0,0.041666666666666664,0.16666666666666666,0.25,0.4583333333333333,0.041666666666666664,0.0
S47,late_abrupt,eeg,8.916666666666666,1.6129008882638507,1.0833333333333333,0.408248290463863,8.833333333333334,1.9034674690672027,0.041666666666666664,0.2916666666666667,0.5714285714285714,2.2857142857142856,2.1363636363636362,0.7340198863636364,0.08333333333333333,0.5,0.0,0.041666666666666664,0.041666666666666664,0.041666666666666664,0.041666666666666664,0.0,0.0,0.16666666666666666,0.375,0.2916666666666667,0.08333333333333333,0.0
S47,early_gradual,gait,8.958333333333334,1.334465099374755,1.0833333333333333,0.408248290463863,8.875,1.5690623065191294,0.041666666666666664,0.2916666666666667,0.7142857142857143,2.142857142857143,1.5,0.4478515625,0.16666666666666666,0.65,0.0,0.0,0.0,0.041666666666666664,0.041666666666666664,0.08333333333333333,0.041666666666666664,0.16666666666666666,0.3333333333333333,0.2916666666666667,0.08333333333333333,0.0
S47,early_gradual,eeg,9.0,1.2510864843424485,1.0,0.0,9.0,1.2510864843424485,0.0,0.2916666666666667,0.42857142857142855,1.7142857142857142,1.8695652173913044,0.6350203804347826,0.041666666666666664,0.5652173913043478,0.0,0.0,0.0,0.0,0.0,0.0,0.16666666666666666,0.16666666666666666,0.25,0.3333333333333333,0.08333333333333333,0.0
S47,late_gradual,gait,8.916666666666666,1.8395809226599664,1.0416666666666667,0.2041241452319315,8.875,1.9406968716999795,0.041666666666666664,0.25,0.8333333333333334,3.0,1.7272727272727273,0.5759943181818182,0.08333333333333333,0.5909090909090909,0.0,0.0,0.0,0.041666666666666664,0.125,0.041666666666666664,0.0,0.041666666666666664,0.3333333333333333,0.3333333333333333,0.125,0.0
S47,late_gradual,eeg,9.166666666666666,1.4345630047135447,1.0,0.0,9.166666666666666,1.4345630047135447,0.0,0.125,0.3333333333333333,2.0,1.6,0.4857421875,0.16666666666666666,0.25,0.0,0.0,0.0,0.0,0.041666666666666664,0.0,0.08333333333333333,0.125,0.25,0.375,0.125,0.0
S48,baseline,gait,8.958333333333334,1.5736738147920994,1.0833333333333333,0.408248290463863,8.875,1.872280636712535,0.041666666666666664,0.25,0.5,2.1666666666666665,2.3636363636363638,0.7615411931818182,0.08333333333333333,0.5454545454545454,0.0,0.041666666666666664,0.041666666666666664,0.041666666666666664,0.0,0.0,0.125,0.125,0.25,0.375,0.08333333333333333,0.0
S48,baseline,eeg,8.833333333333334,1.3405601251996726,1.0,0.0,8.833333333333334,1.3405601251996726,0.0,0.20833333333333334,0.8,2.6,1.619047619047619,0.5318080357142857,0.125,0.6190476190476191,0.0,0.0,0.0,0.0,0.041666666666666664,0.0,0.08333333333333333,0.20833333333333334,0.375,0.20833333333333334,0.08333333333333333,0.0
S48,early_abrupt,gait,9.125,1.4836060651405207,1.0,0.0,9.125,1.4836060651405207,0.0,0.25,0.8333333333333334,2.5,2.3181818181818183,0.7601207386363636,0.08333333333333333,0.5909090909090909,0.0,0.0,0.0,0.0,0.041666666666666664,0.041666666666666664,0.041666666666666664,0.08333333333333333,0.3333333333333333,0.3333333333333333,0.125,0.0
S48,early_abrupt,eeg,9.208333333333334,1.6675722177612804,1.0,0.0,9.208333333333334,1.6675722177612804,0.0,0.20833333333333334,0.2,1.8,1.380952380952381,0.4655877976190476,0.125,0.38095238095238093,0.0,0.0,0.0,0.041666666666666664,0.041666666666666664,0.0,0.0,0.041666666666666664,0.4166666666666667,0.2916666666666667,0.16666666666666666,0.0
S48,late_abrupt,gait,9.041666666666666,1.6805580508625224,1.0,0.0,9.041666666666666,1.6805580508625224,0.0,0.20833333333333334,0.8,2.6,1.7142857142857142,0.5606398809523809,0.125,0.5238095238095238,0.0,0.0,0.0,0.0,0.041666666666666664,0.08333333333333333,0.041666666666666664,0.125,0.20833333333333334,0.3333333333333333,0.16666666666666666,0.0
S48,late_abrupt,eeg,8.916666666666666,1.282547284209001,1.0,0.0,8.916666666666666,1.282547284209001,0.0,0.25,0.3333333333333333,1.3333333333333333,1.6521739130434783,0.5546875,0.041666666666666664,0.4782608695652174,0.0,0.0,0.0,0.0,0.0,0.041666666666666664,0.125,0.125,0.375,0.25,0.08333333333333333,0.0
S48,early_gradual,gait,8.833333333333334,1.551063216458077,1.0833333333333333,0.408248290463863,8.75,1.7507762253652943,0.041666666666666664,0.16666666666666666,0.75,3.25,1.380952380952381,0.45033482142857145,0.125,0.47619047619047616,0.0,0.0,0.0,0.041666666666666664,0.041666666666666664,0.08333333333333333,0.16666666666666666,0.125,0.20833333333333334,0.2916666666666667,0.125,0.0
S48,early_gradual,eeg,9.041666666666666,1.4288690166235205,1.0,0.0,9.041666666666666,1.4288690166235205,0.0,0.2916666666666667,0.8571428571428571,2.4285714285714284,1.8571428571428572,0.6244419642857143,0.125,0.6666666666666666,0.0,0.0,0.0,0.0,0.041666666666666664,0.0,0.08333333333333333,0.16666666666666666,0.2916666666666667,0.2916666666666667,0.125,0.0
S48,late_gradual,gait,8.625,1.7891581697887247,1.0416666666666667,0.2041241452319315,8.583333333333334,1.909169331471644,0.041666666666666664,0.20833333333333334,1.0,3.4,1.5909090909090908,0.5472301136363636,0.08333333333333333,0.5909090909090909,0.0,0.0,0.041666666666666664,0.041666666666666664,0.0,0.041666666666666664,0.20833333333333334,0.16666666666666666,0.125,0.2916666666666667,0.125,0.0
S48,late_gradual,eeg,8.833333333333334,1.8336626845141692,1.0,0.0,8.833333333333334,1.8336626845141692,0.0,0.25,0.8333333333333334,3.0,1.5,0.4603515625,0.16666666666666666,0.6,0.0,0.0,0.0,0.041666666666666664,0.041666666666666664,0.0,0.125,0.125,0.25,0.25,0.16666666666666666,0.0
