record,group,duration_mean,duration_sd,duration_diff1,duration_acf1,RTO_mean,RTO_sd,RTO_diff1,RTO_acf1,RHS_mean,RHS_sd,RHS_diff1,RHS_acf1,LTO_mean,LTO_sd,LTO_diff1,LTO_acf1,D_16,D_16_order_null_mean,D_16_order_null_sd,D_16_order_z,D_16_order_perm_p,D_16_block_null_mean,D_16_block_null_sd,D_16_block_z,D_16_block_perm_p,H_16,H_16_order_null_mean,H_16_order_null_sd,H_16_order_z,H_16_order_perm_p,H_16_block_null_mean,H_16_block_null_sd,H_16_block_z,H_16_block_perm_p,lambda_16,lambda_16_order_null_mean,lambda_16_order_null_sd,lambda_16_order_z,lambda_16_order_perm_p,lambda_16_block_null_mean,lambda_16_block_null_sd,lambda_16_block_z,lambda_16_block_perm_p,multilevel_16,multilevel_16_order_null_mean,multilevel_16_order_null_sd,multilevel_16_order_z,multilevel_16_order_perm_p,multilevel_16_block_null_mean,multilevel_16_block_null_sd,multilevel_16_block_z,multilevel_16_block_perm_p,D_32,D_32_order_null_mean,D_32_order_null_sd,D_32_order_z,D_32_order_perm_p,D_32_block_null_mean,D_32_block_null_sd,D_32_block_z,D_32_block_perm_p,H_32,H_32_order_null_mean,H_32_order_null_sd,H_32_order_z,H_32_order_perm_p,H_32_block_null_mean,H_32_block_null_sd,H_32_block_z,H_32_block_perm_p,lambda_32,lambda_32_order_null_mean,lambda_32_order_null_sd,lambda_32_order_z,lambda_32_order_perm_p,lambda_32_block_null_mean,lambda_32_block_null_sd,lambda_32_block_z,lambda_32_block_perm_p,multilevel_32,multilevel_32_order_null_mean,multilevel_32_order_null_sd,multilevel_32_order_z,multilevel_32_order_perm_p,multilevel_32_block_null_mean,multilevel_32_block_null_sd,multilevel_32_block_z,multilevel_32_block_perm_p,D_48,D_48_order_null_mean,D_48_order_null_sd,D_48_order_z,D_48_order_perm_p,D_48_block_null_mean,D_48_block_null_sd,D_48_block_z,D_48_block_perm_p,H_48,H_48_order_null_mean,H_48_order_null_sd,H_48_order_z,H_48_order_perm_p,H_48_block_null_mean,H_48_block_null_sd,H_48_block_z,H_48_block_perm_p,lambda_48,lambda_48_order_null_mean,lambda_48_order_null_sd,lambda_48_order_z,lambda_48_order_perm_p,lambda_48_block_null_mean,lambda_48_block_null_sd,lambda_48_block_z,lambda_48_block_perm_p,multilevel_48,multilevel_48_order_null_mean,multilevel_48_order_null_sd,multilevel_48_order_z,multilevel_48_order_perm_p,multilevel_48_block_null_mean,multilevel_48_block_null_sd,multilevel_48_block_z,multilevel_48_block_perm_p,D_64,D_64_order_null_mean,D_64_order_null_sd,D_64_order_z,D_64_order_perm_p,D_64_block_null_mean,D_64_block_null_sd,D_64_block_z,D_64_block_perm_p,H_64,H_64_order_null_mean,H_64_order_null_sd,H_64_order_z,H_64_order_perm_p,H_64_block_null_mean,H_64_block_null_sd,H_64_block_z,H_64_block_perm_p,lambda_64,lambda_64_order_null_mean,lambda_64_order_null_sd,lambda_64_order_z,lambda_64_order_perm_p,lambda_64_block_null_mean,lambda_64_block_null_sd,lambda_64_block_z,lambda_64_block_perm_p,multilevel_64,multilevel_64_order_null_mean,multilevel_64_order_null_sd,multilevel_64_order_z,multilevel_64_order_perm_p,multilevel_64_block_null_mean,multilevel_64_block_null_sd,multilevel_64_block_z,multilevel_64_block_perm_p,D_zchange_order,D_zlinear_order,D_zchange_block,D_zlinear_block
GaCo01_01,control,1.2632812499999733,0.16253990657730058,0.07317460317460162,0.0800684455744887,0.2787066319054636,0.0896863436753167,0.040831229202425795,0.11232108352993102,0.9732108312500958,0.1470844107319036,0.09495625070320063,0.08067930834964775,1.2769811110390492,0.09272417849840393,0.05044528854687127,0.43408103778967994,1.921875,1.9889705882352942,0.07292983282120571,-0.9200019476225216,0.4,1.993828781512605,0.061405218547093084,-1.1717860992127564,0.275,7.109375,6.971901260504202,0.16555427805239137,0.8303846998885338,0.4083333333333333,6.9396008403361344,0.20294080193068842,0.8365698669203522,0.45,6.1875,5.982930672268908,0.18866595017847715,1.08429384071461,0.25833333333333336,5.945772058823529,0.23902366827474103,1.0113138289661825,0.3333333333333333,0.328125,0.35044642857142855,0.027859759511893362,-0.8012067929696057,0.6416666666666667,0.35307247899159666,0.023750498967764336,-1.050398100076,0.35,2.0625,2.024159663865546,0.06016382983694413,0.6372655503873965,0.6333333333333333,2.0371586134453783,0.061127393062317584,0.41456678070316044,0.7333333333333333,8.0,7.990677521008403,0.1830478589589021,0.05092918892697753,0.9666666666666667,7.970325630252101,0.19973949945518513,0.14856535551976227,0.925,6.9375,6.966517857142857,0.20956509476101043,-0.13846703419741221,0.9333333333333333,6.933167016806722,0.23554549150684906,0.018395525915433163,1.0,0.34375,0.34992121848739494,0.023654406556961608,-0.26089086075924894,1.0,0.35346638655462187,0.022833096387610673,-0.4255395934777387,0.7166666666666667,2.0,2.0580357142857144,0.06442811315355933,-0.9007824604049922,0.4,2.0349264705882355,0.047476101848822026,-0.7356642442855088,0.575,8.125,7.97531512605042,0.17066086716264015,0.8770896130917346,0.4166666666666667,8.025997899159664,0.16582521715304385,0.5970268125683466,0.6083333333333333,7.125,6.917279411764706,0.193477641200647,1.0736154676388505,0.2833333333333333,6.991071428571429,0.19246140900008452,0.6958723420159122,0.5583333333333333,0.34375,0.3542542016806723,0.025819881792053006,-0.40682609491672156,0.7666666666666667,0.3475577731092437,0.019823438005637132,-0.1920843956613822,1.0,2.125,2.031775210084034,0.07168743873076736,1.3004341006809503,0.25833333333333336,2.038340336134454,0.05950684719799377,1.456297349735373,0.14166666666666666,8.671875,8.961922268907562,0.1800083338698657,-1.6112991141690565,0.10833333333333334,8.965204831932773,0.1879786987649885,-1.5604418684666772,0.14166666666666666,7.546875,7.930147058823529,0.2169438099987751,-1.7666881522256523,0.09166666666666666,7.926864495798319,0.22604304467403183,-1.681049272479441,0.09166666666666666,0.390625,0.35162815126050423,0.02883074265392632,1.3526133963179399,0.275,0.35215336134453784,0.023352593022911768,1.647424704302291,0.16666666666666666,2.2204360483034717,0.03202037583823768,2.6280834489481295,0.04208762076159825
GaCo02_01,control,1.1021874999999763,0.023263074494155152,0.0177777777777774,0.27789120957302355,0.2754356288536702,0.017735624235043126,0.015903212270903525,0.39032697819581463,0.9950359576705737,0.016587693850917986,0.01700061216198056,0.1545591970825604,1.2805648391049655,0.01948286592803184,0.017516101539322013,0.29462900624231925,1.96875,2.0533088235294117,0.051678804562190386,-1.6362379943919447,0.13333333333333333,2.039390756302521,0.06752351001951366,-1.0461653471821382,0.44166666666666665,6.515625,6.732668067226891,0.13323306908703778,-1.6290480187400196,0.13333333333333333,6.692358193277311,0.12524386796574774,-1.411112545052065,0.18333333333333332,5.546875,5.679359243697479,0.16421500603879496,-0.8067730647355101,0.4583333333333333,5.65296743697479,0.15357716486286593,-0.6908086698274668,0.575,0.359375,0.4016544117647059,0.025839402281095186,-1.6362379943919474,0.13333333333333333,0.3946953781512605,0.03376175500975683,-1.0461653471821364,0.44166666666666665,2.109375,2.091780462184874,0.05468010777251072,0.32177218611795394,0.775,2.1020220588235294,0.05734946591971168,0.12821289716567824,1.0,7.71875,7.7430409663865545,0.1410319188963092,-0.17223736709144483,0.775,7.753939075630252,0.12809364422596248,-0.2747136740693958,0.8416666666666667,6.609375,6.651260504201681,0.1694495267113772,-0.24718572553480458,0.775,6.651917016806722,0.1474469958963699,-0.28852413403269406,0.875,0.40625,0.39745273109243695,0.02734005388625536,0.32177218611795394,0.775,0.4025735294117647,0.02867473295985584,0.12821289716567824,1.0,2.15625,2.103203781512605,0.05297595959396122,1.0013262410718424,0.3416666666666667,2.1176470588235294,0.060166430647574494,0.6416026472068403,0.6916666666666667,7.96875,7.769038865546219,0.12645079135579654,1.5793585181436383,0.15,7.7907037815126055,0.11201450546572762,1.5894925192690355,0.14166666666666666,6.8125,6.665835084033613,0.1529864315366396,0.958679240330284,0.39166666666666666,6.673056722689076,0.1309994276291626,1.0644571494286597,0.375,0.421875,0.3953518907563025,0.02648797979698061,1.0013262410718424,0.3416666666666667,0.4025735294117647,0.030083215323787247,0.6416026472068403,0.6916666666666667,2.109375,2.0954569327731094,0.05076504858755813,0.2741663332181216,1.0,2.08469012605042,0.06405299763907832,0.3853820251890894,0.8,8.796875,8.755252100840336,0.1271543253419882,0.32734159099753285,0.725,8.762998949579831,0.12794982288301163,0.2647604323074571,0.8833333333333333,7.6875,7.659795168067227,0.1591161513203121,0.1741170315073892,0.875,7.678308823529412,0.15531249153695834,0.05917860424253594,0.9666666666666667,0.40625,0.39929096638655465,0.025382524293779064,0.2741663332181238,1.0,0.3939075630252101,0.03202649881953916,0.3853820251890877,0.8,1.9104043276100664,0.040067293986150554,1.4315473723712275,0.030050199169717785
GaCo03_01,control,1.270468749999973,0.11312908328156131,0.058571428571427324,0.23961034094263214,0.3322523892422786,0.08138688356868612,0.04713656190416114,0.30667513359836046,1.0197794917492295,0.03939567999721502,0.02944347689002827,-0.012495050584594,1.3628076642821663,0.08974192957901826,0.053967503628990623,0.23866965517268335,1.96875,1.9649422268907564,0.057964627011804146,0.06569132427037266,1.0,1.9774159663865547,0.052955607580973396,-0.163645868349329,0.925,7.125,7.128545168067227,0.12115779598672693,-0.029260750728868423,1.0,7.119485294117647,0.12322609544078825,0.04475274382935507,1.0,6.15625,6.163602941176471,0.1665416691246833,-0.0441507594772942,1.0,6.142069327731092,0.16763342435879572,0.0845933460057226,0.9666666666666667,0.359375,0.35727415966386555,0.02758758335997887,0.07615166246066055,1.0,0.3599002100840336,0.025156157318136103,-0.020877993303650002,1.0,1.953125,2.02468487394958,0.05598660518321862,-1.2781606192302095,0.225,2.02219012605042,0.052516131623571764,-1.3151221142004352,0.2833333333333333,8.21875,8.153230042016807,0.11700245473032586,0.5599878919994249,0.5333333333333333,8.169117647058824,0.11277712488712674,0.4400923768082437,0.6916666666666667,7.265625,7.128545168067227,0.15968725868260353,0.8584268592476432,0.39166666666666666,7.146927521008403,0.1537716495504131,0.7719074311723659,0.45,0.328125,0.3602941176470588,0.025593307128343203,-1.256934771490835,0.25,0.3584558823529412,0.024604098224212972,-1.2327573267079734,0.38333333333333336,2.078125,2.035057773109244,0.05499747150851065,0.7830764889635273,0.4583333333333333,2.040047268907563,0.05172790046323024,0.7361159210299668,0.65,8.25,8.176601890756302,0.12086915547539591,0.6072526026595645,0.575,8.162158613445378,0.11584223603115042,0.7582846254020965,0.44166666666666665,7.171875,7.141544117647059,0.16320959848347946,0.1858400647680737,0.8916666666666667,7.1221113445378155,0.15768627989806897,0.31558646379604227,0.7416666666666667,0.375,0.3581932773109244,0.02574367799171461,0.6528485438049968,0.5416666666666666,0.3597689075630252,0.02402272405099734,0.6340285308460865,0.8083333333333333,2.0625,2.026654411764706,0.05009066120028319,0.7156141958671386,0.525,2.0223214285714284,0.05705097931074251,0.7042573486728233,0.4583333333333333,9.015625,9.139837184873949,0.12097684760925954,-1.0267434416471095,0.3333333333333333,9.158088235294118,0.11616657106629298,-1.2263703231183265,0.225,7.953125,8.113182773109244,0.1572000563943292,-1.0181788529881097,0.325,8.135766806722689,0.16442778517383913,-1.1107721637775103,0.2833333333333333,0.375,0.36173844537815125,0.025214146341699436,0.525956914905211,0.7583333333333333,0.359375,0.026678305634455567,0.5856818725331642,0.775,0.649922871596766,0.025068785768650223,0.8679032170221523,0.029093423039355377
GaCo04_01,control,1.2512499999999736,0.08034647195462463,0.057301587301586084,0.25658157605431614,0.29051575821304415,0.051197255551767976,0.03545002781055884,0.22860188486511684,0.9965077095529543,0.039666508085284685,0.030628953472092588,0.007648151529415519,1.2875256870709055,0.06833832295137697,0.04661006581069434,0.18718986428244766,1.90625,1.9968487394957983,0.05357254129310139,-1.6911413442218926,0.09166666666666666,1.9942226890756303,0.057925320309531556,-1.5187259838277398,0.175,6.953125,6.864101890756302,0.15672009027756018,0.5680389099191606,0.525,6.89968487394958,0.10828176013801065,0.4935284205050588,0.7,6.046875,5.867253151260504,0.19449643017601687,0.9235225992422589,0.36666666666666664,5.90546218487395,0.1453116277581092,0.9731693004048566,0.38333333333333336,0.328125,0.37644432773109243,0.02636560850487544,-1.832664993192074,0.06666666666666667,0.3746060924369748,0.028439725134846508,-1.6343720699333564,0.19166666666666668,2.09375,2.0581670168067228,0.05817690246326332,0.6116341999429524,0.525,2.0522584033613445,0.05379827042984467,0.771244062441792,0.4666666666666667,7.78125,7.90375525210084,0.1308544153543644,-0.9361950207724048,0.35,7.899816176470588,0.10953400527377813,-1.082459973724452,0.31666666666666665,6.6875,6.845588235294118,0.16423173362246132,-0.9625925015048167,0.30833333333333335,6.847557773109243,0.13994607749194077,-1.1437103202728982,0.275,0.40625,0.38353466386554624,0.028094667845104237,0.8085283748393601,0.5333333333333333,0.3798581932773109,0.026109825109696495,1.0107998277203274,0.38333333333333336,2.125,2.0575105042016806,0.06017018717557414,1.1216434411511442,0.31666666666666665,2.0733981092436973,0.050836920342519694,1.015047536487831,0.4083333333333333,7.984375,7.948135504201681,0.131279833756045,0.276047697208866,0.7666666666666667,7.921743697478991,0.11105504109556763,0.5639663170905665,0.5916666666666667,6.859375,6.890625,0.170132733419916,-0.18368011476586213,0.825,6.848345588235294,0.1373101681755463,0.08032479976723136,0.9333333333333333,0.40625,0.3748686974789916,0.02858728757313399,1.0977362731852949,0.31666666666666665,0.38222163865546216,0.024896328673164284,0.9651367340132353,0.38333333333333336,2.046875,2.0544905462184873,0.051295192867866865,-0.14846510545548425,1.0,2.0502888655462184,0.05451355750915366,-0.06262415630543143,1.0,8.90625,8.904149159663865,0.1359255420683544,0.015455817237637805,1.0,8.902048319327731,0.10125539207922464,0.04149587084687201,1.0,7.859375,7.849658613445378,0.1654219003353582,0.05873700238556208,0.9416666666666667,7.851759453781512,0.12781304950947295,0.05958347952509552,1.0,0.375,0.3807773109243697,0.02490261306816708,-0.23199617279340226,1.0,0.3789390756302521,0.026383407295007058,-0.14930124779590312,1.0,1.5426762387664084,0.03211273723442135,1.4561018275223083,0.028825680978831023
GaCo05_01,control,1.065624999999977,0.10333909354144631,0.04698412698412598,0.3231457252041917,0.35259156634939703,0.07938745449113294,0.042119992649182494,0.36127546761305684,0.9986720758031636,0.07750204282197183,0.04775212303613487,-0.14619604742371917,1.379685718916504,0.13066799725633996,0.060527069017287424,0.5124029734064381,2.03125,2.0148371848739495,0.05845804339488922,0.2807623069964987,0.7916666666666666,2.02796743697479,0.06412976875870302,0.05118626012142827,1.0,6.90625,6.896533613445378,0.1140240676458717,0.0852134707630204,0.9583333333333334,6.904280462184874,0.08209093172577961,0.023992148386191927,1.0,5.875,5.881696428571429,0.15948156421687282,-0.041988731451885,1.0,5.876313025210084,0.1345279577555877,-0.009760240413891398,1.0,0.390625,0.38327205882352944,0.028466000790801894,0.25830608347507983,1.0,0.38931197478991597,0.031682640218174275,0.04144304897073671,1.0,2.015625,2.0795693277310923,0.0588159310394365,-1.0871940068111332,0.31666666666666665,2.068014705882353,0.06215437523050262,-0.8428965087021301,0.48333333333333334,8.109375,7.93999474789916,0.10939359696009684,1.5483561817847928,0.125,7.934348739495798,0.07642698769119588,2.2901106767598605,0.025,7.09375,6.860425420168068,0.15629939754698602,1.4928053690148828,0.125,6.8663340336134455,0.12734001273162487,1.7858955838636865,0.08333333333333333,0.359375,0.390625,0.02855138190873263,-1.0945179501256288,0.425,0.3857668067226891,0.030495927087954757,-0.8654207050853455,0.4666666666666667,2.125,2.0867909663865545,0.05403850221580604,0.7070705524156725,0.5666666666666667,2.08718487394958,0.06668012126735927,0.5671124366855493,0.6916666666666667,7.828125,7.960346638655462,0.10512690630511094,-1.257733565103818,0.25,7.953781512605042,0.0817838900145559,-1.53644577902418,0.15833333333333333,6.703125,6.873555672268908,0.14356610722750507,-1.1871233089773143,0.25833333333333336,6.866596638655462,0.1374974406897551,-1.1889067740854498,0.24166666666666667,0.40625,0.3870798319327731,0.026164371694308932,0.7326821485033643,0.55,0.3872111344537815,0.033061859185657995,0.5758558657970875,0.6916666666666667,2.078125,2.0691964285714284,0.0646662278161931,0.13807162919646615,0.9083333333333333,2.0660451680672267,0.062116040369279445,0.19447202141280687,0.9666666666666667,8.890625,8.937893907563025,0.12401062014417245,-0.381168221786736,0.7416666666666667,8.941176470588236,0.07313813515913793,-0.6911780082749288,0.5083333333333333,7.8125,7.868697478991597,0.1700393029216545,-0.3304969970236211,0.7666666666666667,7.875131302521009,0.1244608306695667,-0.5032209907652775,0.625,0.390625,0.3858981092436975,0.029865699417414526,0.15827155728843503,1.0,0.38458508403361347,0.03079039965654599,0.1961623114269144,1.0,-0.14269067780003253,0.008538703286416932,0.1432857612913786,0.01149916393288635
GaCo06_01,control,1.1568749999999752,0.05338910774115544,0.04650793650793552,0.06151055175543106,0.24808242911965545,0.04441040499345895,0.025466896269814434,0.6298897853167126,0.9938222457443181,0.03628213470293358,0.035341096561152904,-0.24559227425885344,1.2488101038260377,0.06450161193751054,0.040758357913349905,0.5333753929363393,2.09375,2.1953781512605044,0.09374721812565408,-1.0840657812831,0.30833333333333335,2.200236344537815,0.09385954022805015,-1.1345287253601026,0.325,7.1875,7.0177258403361344,0.1527267549351346,1.1116202903412127,0.2833333333333333,7.00577731092437,0.1726660525993745,1.0524517491418481,0.26666666666666666,6.09375,5.82234768907563,0.20170282719335478,1.3455553137299379,0.19166666666666668,5.8055409663865545,0.193524094729301,1.4892669257365012,0.15,0.328125,0.3746060924369748,0.029789923177964223,-1.5602958141012302,0.16666666666666666,0.3759191176470588,0.03166397656862739,-1.5094161512996174,0.15833333333333333,2.203125,2.234768907563025,0.07882268410365725,-0.40145686388211704,0.675,2.245404411764706,0.10414939932489188,-0.4059496457854387,0.7,8.25,8.006696428571429,0.16750476575201315,1.45251730800768,0.14166666666666666,8.035189075630251,0.17462432350786353,1.2301317482846283,0.21666666666666667,7.046875,6.771927521008403,0.20989097471015067,1.309953795637406,0.225,6.789784663865547,0.1882350956946054,1.3657938504281875,0.19166666666666668,0.34375,0.3740808823529412,0.027913377986427238,-1.0866073739871056,0.4166666666666667,0.37683823529411764,0.032046036440103454,-1.0325219268835988,0.3416666666666667,2.25,2.2580094537815127,0.0879157784444138,-0.09110371224861363,0.9333333333333333,2.237263655462185,0.09194426189849073,0.13852245126374868,0.9083333333333333,7.859375,8.047137605042018,0.18421584440317068,-1.019253287632982,0.3,7.9978991596638656,0.19763109337117085,-0.7009229028739086,0.525,6.609375,6.789128151260504,0.22686478910940522,-0.792336051646246,0.44166666666666665,6.760635504201681,0.21318330107432668,-0.709532610853717,0.5333333333333333,0.390625,0.37749474789915966,0.029195096391787044,0.4497416937638217,0.8083333333333333,0.3752626050420168,0.0307146404929941,0.5001652212562052,0.8416666666666667,2.359375,2.2205882352941178,0.08544074625734471,1.6243627400896181,0.125,2.2251838235294117,0.08912059891124556,1.505725703260008,0.10833333333333334,8.765625,8.99343487394958,0.17191707639724305,-1.3251148677237117,0.19166666666666668,9.025472689075631,0.17972336997144814,-1.4458202576376784,0.16666666666666666,7.40625,7.772846638655462,0.22351045459860888,-1.6401766947045702,0.10833333333333334,7.800288865546219,0.20013030034314988,-1.9689115784595688,0.03333333333333333,0.4375,0.3738182773109244,0.029699321900871736,2.1442147030032506,0.03333333333333333,0.37198004201680673,0.03039599166186866,2.1555459914600226,0.025,2.708428521372718,0.05272274197344787,2.6402544286201106,0.052907721143184504
GaCo07_01,control,1.0579687499999773,0.13145316852732108,0.07634920634920472,0.07755867551925323,0.26291174127634037,0.0808526083098431,0.04327213073248038,0.39309137516643566,0.9857937925625699,0.12688905338144185,0.07451103479174243,0.1706754888513728,1.3089025160094623,0.12589073063158068,0.06396216179194449,0.3089532359305424,2.015625,2.0565913865546217,0.06666447477799237,-0.614516002579319,0.5666666666666667,2.054359243697479,0.07597270284099106,-0.5098442236358064,0.6916666666666667,7.015625,7.03532037815126,0.1339095423384941,-0.14707972118577245,0.9333333333333333,7.043067226890757,0.14068334457257564,-0.19506379361488463,0.9166666666666666,6.0,5.978728991596639,0.151963598276341,0.13997436652349138,0.9166666666666666,5.988707983193278,0.16216204531260026,0.06963415381789655,0.9416666666666667,0.34375,0.35622373949579833,0.023422473284296787,-0.532554326966023,0.75,0.3539915966386555,0.027172928498633578,-0.3769044120206069,0.7833333333333333,2.109375,2.09046743697479,0.06628732651343665,0.2852364700721094,0.8,2.0841649159663866,0.08177666162700264,0.30827969168759745,0.825,7.9375,8.056328781512605,0.14059878650741844,-0.8451622127359881,0.375,8.07405462184874,0.1314299327961991,-1.0389917954267491,0.325,6.828125,6.9658613445378155,0.1640904484184255,-0.8393928218575655,0.39166666666666666,6.989889705882353,0.14890840552263704,-1.0863369687869084,0.30833333333333335,0.359375,0.3556985294117647,0.025383209261984323,0.14483868254363808,1.0,0.35294117647058826,0.026787568776898522,0.24017944976627525,1.0,2.203125,2.099396008403361,0.06879485886135799,1.5078015030989957,0.16666666666666666,2.113314075630252,0.0874994913204739,1.0264165312779716,0.35833333333333334,8.34375,8.077205882352942,0.13807561582496622,1.930421356837886,0.075,8.083639705882353,0.14482299539012683,1.796056582153662,0.06666666666666667,7.140625,6.97780987394958,0.16012793386410026,1.0167815328748349,0.3333333333333333,6.970325630252101,0.16578925035887293,1.027203931372289,0.4166666666666667,0.359375,0.35241596638655465,0.027720242429887618,0.25104519309478374,1.0,0.3542542016806723,0.028268030529077875,0.18115157736440854,1.0,2.0625,2.099396008403361,0.0629857675764521,-0.5857832622040653,0.675,2.11843487394958,0.07566289295922113,-0.7392642781941516,0.5166666666666667,8.96875,9.051995798319327,0.14418615385371952,-0.5773494617505495,0.55,9.044511554621849,0.13084896762406267,-0.5790000180935059,0.6666666666666666,7.90625,7.952599789915967,0.1626971380635371,-0.28488386745847927,0.7583333333333333,7.926076680672269,0.14976888808511965,-0.13238183794888425,0.9166666666666666,0.359375,0.35753676470588236,0.024425373594875722,0.07525924985250952,1.0,0.36068802521008403,0.02609650376948768,-0.05031421916445499,1.0,0.02873274037525375,0.008179770338454045,-0.22942005455834524,0.00018672922447086137
GaCo08_01,control,1.2115624999999741,0.06573681894554362,0.04126984126984039,0.5710680329058636,0.28437679010254235,0.06838946233134294,0.03682225989349378,0.3812141483086693,0.9964186095947272,0.10416271767138817,0.05743533583660215,0.030221084656305488,1.2902169980002332,0.06665979622521029,0.0390538543546101,0.3081710987358054,2.03125,2.026391806722689,0.05866645909518838,0.082810405677092,1.0,2.0395220588235294,0.09896393588415403,-0.08358659899311814,0.95,6.671875,6.801995798319328,0.1422066951867073,-0.9150117591052122,0.38333333333333336,6.823398109243698,0.19180434778722086,-0.7899878756230837,0.525,5.640625,5.775603991596639,0.17590530688795997,-0.7673389392544678,0.425,5.783876050420168,0.2691481773891396,-0.5322386048078368,0.6583333333333333,0.390625,0.38090861344537813,0.02449432276772128,0.3966791262923245,0.7666666666666667,0.3849789915966387,0.04142641180649062,0.1362900660992492,1.0,2.0625,2.073923319327731,0.05940069272222519,-0.1923095304822429,0.9,2.063813025210084,0.08786197053925966,-0.014944181219987713,1.0,7.90625,7.8491334033613445,0.157456109982224,0.36274614332275645,0.6833333333333333,7.863970588235294,0.15902401090712695,0.26586810082030693,0.7833333333333333,6.84375,6.775210084033613,0.19436059604702696,0.3526430632565199,0.6833333333333333,6.80015756302521,0.2251069546065407,0.1936521110642015,0.85,0.375,0.38103991596638653,0.02629627646502603,-0.2296871184184424,1.0,0.3747373949579832,0.03564111810131912,0.007368036021493009,1.0,2.0625,2.0815388655462184,0.06614001853552864,-0.2878569732482188,0.7916666666666666,2.0789128151260505,0.08523884773875079,-0.19255087980957103,0.8833333333333333,8.078125,7.897715336134453,0.1597560548675236,1.129282167208935,0.26666666666666666,7.878151260504202,0.18472724530316575,1.082535167823297,0.3,7.015625,6.8161764705882355,0.2019369784770009,0.987677100628106,0.30833333333333335,6.799238445378151,0.25010457505163236,0.8651843117111206,0.38333333333333336,0.375,0.37762605042016806,0.02716396919458229,-0.09667403174245279,1.0,0.374343487394958,0.034485266975486824,0.01903748071629208,1.0,2.109375,2.064469537815126,0.06555543319669703,0.6849998542475719,0.55,2.0816701680672267,0.0916167284331037,0.30239927147150514,0.8333333333333334,8.765625,8.853728991596638,0.1740845443465055,-0.506098872403468,0.625,8.854648109243698,0.2064645077164756,-0.4311787542968277,0.7166666666666667,7.65625,7.789259453781512,0.21622775564028088,-0.6151358940375279,0.5,7.772977941176471,0.27506758012412874,-0.4243609556742224,0.7666666666666667,0.375,0.3760504201680672,0.029106227670873848,-0.036089189569501044,1.0,0.38156512605042014,0.03867636473035132,-0.16974516855944724,1.0,0.60218944857048,0.01069388064340915,0.3859858704646233,0.006127193205026791
GaCo09_01,control,1.0889062499999769,0.15819535027681847,0.09396825396825197,-0.048314847904858196,0.2739845691104747,0.06691341938668655,0.04379690095621172,0.27398883719221484,0.9953653521349982,0.1094803739228307,0.06944420621494907,-0.09185170513496727,1.286199181553697,0.1212856513849923,0.06984053254731518,0.27621772765599956,2.03125,2.074317226890756,0.05767836831133708,-0.7466790089880366,0.55,2.0694590336134455,0.07063390169872609,-0.540944683707521,0.6666666666666666,6.625,6.486213235294118,0.22105677329915885,0.6278331246519211,0.5,6.541754201680672,0.2894012791142413,0.2876483427236908,0.8166666666666667,5.59375,5.411896008403361,0.2588135506577259,0.7026447847668377,0.43333333333333335,5.472295168067227,0.34096059223676584,0.35621369360020955,0.7583333333333333,0.375,0.40414915966386555,0.02643870468120657,-1.1025184484391801,0.3416666666666667,0.39692752100840334,0.03338318591209509,-0.6568432703260584,0.6916666666666667,2.015625,2.1154149159663866,0.06955391293256022,-1.4347131851969765,0.20833333333333334,2.115021008403361,0.06983954316915453,-1.423205305948516,0.19166666666666668,7.984375,7.544642857142857,0.23115089738913291,1.9023596612600318,0.075,7.570640756302521,0.2540867695918592,1.6283187210497507,0.11666666666666667,6.96875,6.429227941176471,0.28193202035498854,1.9136601019784896,0.058333333333333334,6.45561974789916,0.30225515698580263,1.6976724474049008,0.125,0.34375,0.39666491596638653,0.030857522384416133,-1.7148141483034285,0.14166666666666666,0.39771533613445376,0.03042800670860544,-1.7735416141863691,0.14166666666666666,2.21875,2.125393907563025,0.06953466250653816,1.3425835270027655,0.25,2.144564075630252,0.06886962601990337,1.0771936578878476,0.36666666666666664,7.15625,7.59046743697479,0.242632382102757,-1.7896104106619,0.06666666666666667,7.561843487394958,0.2556822053902092,-1.5863187927996851,0.14166666666666666,5.9375,6.4650735294117645,0.29637771884487524,-1.7800714961568944,0.075,6.417279411764706,0.3056678528351558,-1.569610305155141,0.15833333333333333,0.453125,0.3957457983193277,0.031257231929174956,1.8357096306763985,0.08333333333333333,0.39994747899159666,0.030602354546017334,1.7376937754393802,0.11666666666666667,2.1875,2.1063550420168067,0.05931633583440781,1.3680035498100225,0.175,2.116202731092437,0.0670558381656405,1.0632522216998497,0.30833333333333335,8.453125,8.565782563025211,0.22396435408801482,-0.5030155958699485,0.6,8.536633403361344,0.25726369244409814,-0.32460236642016765,0.75,7.265625,7.459427521008403,0.26328039992987456,-0.7361069075404898,0.48333333333333334,7.420430672268908,0.29872992924986436,-0.518212797283612,0.65,0.421875,0.39719012605042014,0.02577067855290576,0.9578666661377655,0.375,0.39915966386554624,0.029319890264806477,0.774741512648826,0.5833333333333334,2.114682558798059,0.05700840242871201,1.6041969054073708,0.045706185500365475
GaCo10_01,control,1.0626562499999772,0.04811501390929826,0.02365079365079315,0.6934795702977844,0.27368193504678645,0.03797212889239639,0.027042857842434844,0.21221739243290985,0.9943643445300228,0.02493892071667823,0.019092771339358057,0.41530456337655197,1.273420668694709,0.048355082101281824,0.02638430761676616,0.4961442182979208,2.03125,2.004858193277311,0.05566238727443735,0.47414076210147066,0.7583333333333333,2.012736344537815,0.05109720347375103,0.3623222838740198,0.8666666666666667,6.46875,6.632090336134453,0.18263402462386297,-0.8943587399492229,0.43333333333333335,6.599002100840337,0.17285062696857775,-0.7535529556627809,0.5333333333333333,5.4375,5.627232142857143,0.21632743867076204,-0.8770599976728087,0.4,5.586265756302521,0.20611642538685182,-0.7217559494509401,0.49166666666666664,0.390625,0.37775735294117646,0.02816080721607279,0.4569345956631288,0.8333333333333334,0.38143382352941174,0.027398497304348478,0.33546279449163463,0.9,2.171875,2.0479254201680672,0.05330738463081727,2.3251859135530895,0.05,2.05593487394958,0.051199520015055906,2.2644768157265203,0.016666666666666666,7.546875,7.633009453781512,0.1681125351056748,-0.51236187549827,0.6333333333333333,7.673188025210084,0.16160807607491326,-0.7816009464250542,0.48333333333333334,6.375,6.5850840336134455,0.2019983573291546,-1.0400284259297978,0.3,6.617253151260504,0.19280835312148073,-1.2564453113080143,0.23333333333333334,0.4375,0.3759191176470588,0.0278391575648087,2.2120239166570608,0.06666666666666667,0.3793329831932773,0.02743717919637426,2.1200071767730884,0.05,2.03125,2.0770745798319328,0.05625335046360603,-0.8146106757068575,0.5333333333333333,2.0718224789915967,0.04832328865714237,-0.8396050872998664,0.43333333333333335,7.703125,7.6624212184873945,0.18243533279754734,0.22311347746313687,0.825,7.6632090336134455,0.1790986976895716,0.22287133799119005,0.7916666666666666,6.671875,6.585346638655462,0.21951279983056357,0.39418367134548354,0.7666666666666667,6.591386554621849,0.20861865602539562,0.38581614373142686,0.65,0.359375,0.38209033613445376,0.028241570684304457,-0.8043226911270214,0.575,0.3798581932773109,0.026581023822050742,-0.7705945946415624,0.5083333333333333,1.953125,2.055278361344538,0.06249304503034665,-1.6346356829777149,0.13333333333333333,2.0470063025210083,0.05337583318312184,-1.7588728254399386,0.075,8.875,8.663865546218487,0.19599051327113734,1.0772687425407443,0.25,8.658350840336135,0.1825453734498136,1.1868236130532612,0.2833333333333333,7.921875,7.60858718487395,0.2360975606497495,1.3269421939975579,0.2,7.611344537815126,0.2216865044180591,1.4007639436601529,0.18333333333333332,0.328125,0.3798581932773109,0.031693613701538156,-1.632290775185418,0.15833333333333333,0.375,0.028982913398549096,-1.6173322314224834,0.15,-2.1087764450791857,-0.059163287028109406,-2.1211951093139585,-0.05917292019355165
GaCo11_01,control,1.0162499999999783,0.07295356209412943,0.03809523809523728,0.4136187710470308,0.28884459249261285,0.0959498449490062,0.04721612271630918,0.4951407465135807,0.9311085020957841,0.16923843828573254,0.12942951411572423,-0.12759268309356459,1.3361148688313556,0.0715081548105935,0.04645949212270664,0.351420076030259,1.84375,1.9621848739495797,0.053142748402984955,-2.2286177796353384,0.041666666666666664,1.968487394957983,0.07154444510780249,-1.7434951766000837,0.14166666666666666,7.171875,6.992778361344538,0.16712412563075058,1.0716384482463297,0.36666666666666664,7.003019957983193,0.1696001872419315,0.9956064598910974,0.36666666666666664,6.328125,6.030593487394958,0.19072086795952617,1.5600364857199729,0.1,6.03453256302521,0.2023378852953408,1.4510008175001445,0.16666666666666666,0.296875,0.33442752100840334,0.023310862655491725,-1.610945144475658,0.19166666666666668,0.33469012605042014,0.03206664656975748,-1.179266624221447,0.35833333333333334,2.0,2.000919117647059,0.06011381460721079,-0.015289624407708532,1.0,2.0026260504201683,0.062675842668319,-0.041898924822843735,1.0,8.203125,8.023240546218487,0.15731713907160177,1.1434510876760864,0.26666666666666666,8.044642857142858,0.17081585393312634,0.9277952789978582,0.36666666666666664,7.203125,7.022321428571429,0.18356990163097622,0.9849303716032594,0.325,7.042016806722689,0.19852754174588907,0.8115155804604988,0.45,0.328125,0.3332457983193277,0.024839697570956998,-0.2061538110397543,1.0,0.33061974789915966,0.028258803164533327,-0.08828214997762995,1.0,2.109375,2.008140756302521,0.06647355261852825,1.522925129012313,0.15833333333333333,2.0111607142857144,0.06240534600050783,1.5738120531129873,0.11666666666666667,7.78125,8.070378151260504,0.1557044760493655,-1.856903273409028,0.041666666666666664,8.075892857142858,0.16400619133436653,-1.7965349645987234,0.06666666666666667,6.671875,7.062237394957983,0.19045585882770924,-2.049621352478918,0.03333333333333333,7.064732142857143,0.19169354535274044,-2.049402039772577,0.05,0.375,0.33035714285714285,0.02813424652953236,1.5867799088202272,0.175,0.3278623949579832,0.02729040599291151,1.7272592080257239,0.08333333333333333,2.03125,1.9989495798319328,0.05665648402456115,0.5701098598717257,0.625,2.0097163865546217,0.06966930378740835,0.3090832299844249,0.8083333333333333,8.984375,9.040047268907562,0.15842812690958513,-0.35140394571056516,0.7416666666666667,9.02468487394958,0.17989171564062656,-0.2240785452850305,0.8416666666666667,7.953125,8.041097689075631,0.18143056038450744,-0.4848835217682711,0.6083333333333333,8.014968487394958,0.20621222767789274,-0.2999021352485386,0.8083333333333333,0.328125,0.33009453781512604,0.022793466150390154,-0.08640799964915959,1.0,0.33495273109243695,0.030078591405019728,-0.22699637095696876,1.0,2.798727639507064,0.06208998544963259,2.0525784065845087,0.04858403873555848
GaCo12_01,control,0.9842187499999787,0.051603023397950344,0.03793650793650713,-0.22331655635173678,0.263374495994543,0.046842761995232775,0.02857036567693535,0.2704976753017672,1.0062440123084604,0.057177753143173006,0.02939426176793477,0.017081465338330618,1.269244298906425,0.12536573329046558,0.059492037149968736,0.16159105381293748,2.234375,2.2113970588235294,0.07133709486350216,0.3221036856131725,0.8333333333333334,2.215861344537815,0.06712762120847945,0.2757978776677753,0.7916666666666666,6.34375,6.3877363445378155,0.17547234966002706,-0.2506739359394105,0.8666666666666667,6.408613445378151,0.1666387300848754,-0.389245917471369,0.7333333333333333,5.109375,5.176339285714286,0.19992325536493818,-0.33494995663235655,0.7083333333333334,5.192752100840337,0.2034331645331944,-0.40985009023310864,0.7083333333333334,0.4375,0.4213497899159664,0.0260451529974174,0.620085053277861,0.5833333333333334,0.41938025210084034,0.02524240212796999,0.7178297773444455,0.5333333333333333,2.25,2.2628676470588234,0.06399325328191395,-0.2010781824474,0.9083333333333333,2.2573529411764706,0.0649934148535605,-0.11313363350791453,1.0,7.625,7.395089285714286,0.17408943808596536,1.3206471157209694,0.23333333333333334,7.41609768907563,0.14701052993213762,1.421002366434585,0.19166666666666668,6.375,6.132221638655462,0.1912884172925808,1.2691743952965104,0.20833333333333334,6.15874474789916,0.17982830234681058,1.2025651650971922,0.24166666666666667,0.40625,0.42410714285714285,0.02383453557884189,-0.7492129560516706,0.5083333333333333,0.42016806722689076,0.023704335208425662,-0.5871528184407218,0.7583333333333333,2.328125,2.2758665966386555,0.06356471856096135,0.8221290763873416,0.425,2.2925420168067228,0.07280408772840861,0.4887497983082691,0.6416666666666667,7.34375,7.429227941176471,0.16565727031886196,-0.5159926939031445,0.7,7.415441176470588,0.15717959390900843,-0.45610994842046754,0.65,6.015625,6.1533613445378155,0.1760726620081933,-0.7822699047476552,0.4583333333333333,6.1228991596638656,0.1903248145436309,-0.5636372741047572,0.5416666666666666,0.4375,0.4216123949579832,0.021138399589941577,0.7515992388362603,0.4583333333333333,0.42410714285714285,0.024854392098743093,0.5388527343436591,0.775,2.234375,2.2577468487394956,0.06912916525552786,-0.3380895552999129,0.7833333333333333,2.2786239495798317,0.06433737689418613,-0.6877642781832203,0.525,8.34375,8.405199579831933,0.18163418030571898,-0.3383150667374603,0.6916666666666667,8.413602941176471,0.1467986798167381,-0.47584175323425704,0.6666666666666666,7.109375,7.147452731092437,0.19081027672345902,-0.19955807279511845,0.9166666666666666,7.134978991596639,0.17720607327200436,-0.14448709981478863,0.8916666666666667,0.40625,0.42043067226890757,0.023546849135399013,-0.6022322641711387,0.8166666666666667,0.42384453781512604,0.024541834345608457,-0.716920241875662,0.5583333333333333,-0.6601932409130854,-0.005983577899403219,-0.9635621558509956,-0.01430501897335502
GaCo13_01,control,1.011874999999978,0.039955332202704856,0.026349206349205786,0.5932371938554324,0.3199098882278025,0.054836114494243776,0.04090831900174798,0.18817052630906864,1.0000740241221973,0.04009909328800023,0.03623036825772552,-0.13603950885151642,1.3146652233186396,0.07212943450902143,0.04985706035542895,0.2808938183771512,2.03125,2.056853991596639,0.051851442780949025,-0.4937951621675245,0.7583333333333333,2.0600052521008405,0.04227926662533995,-0.6801265583827828,0.5916666666666667,6.953125,6.8038340336134455,0.12329507107843424,1.2108429402792829,0.20833333333333334,6.798713235294118,0.0836048615147069,1.8469232758518441,0.08333333333333333,5.921875,5.746980042016807,0.1649118866095629,1.060535790226364,0.26666666666666666,5.738707983193278,0.10185084495443286,1.7983848527586548,0.08333333333333333,0.390625,0.40375525210084034,0.025729491354467844,-0.5103191477806,0.8166666666666667,0.4053308823529412,0.01932963927525461,-0.7607944537158194,0.6333333333333333,2.09375,2.1034663865546217,0.05533595559239838,-0.17558902616938749,0.85,2.118828781512605,0.04094856111256104,-0.6124459768846933,0.5166666666666667,7.8125,7.82234768907563,0.14545417998286353,-0.06770303250680208,0.9333333333333333,7.823923319327731,0.07795791133648985,-0.1465318802401544,0.9166666666666666,6.71875,6.718881302521009,0.19016789933833514,-0.0006904557575996884,1.0,6.705094537815126,0.10112979494402313,0.13502907024020813,0.9333333333333333,0.40625,0.40454306722689076,0.026893802237227513,0.06346937327985668,1.0,0.4099264705882353,0.018387415180333485,-0.19994493800126412,1.0,2.234375,2.1365546218487395,0.05471443740605284,1.787834852898242,0.05,2.1242121848739495,0.04251670146232794,2.591048019650834,0.016666666666666666,7.71875,7.833771008403361,0.12243682792546158,-0.9394314631655183,0.38333333333333336,7.840336134453781,0.08345582941231261,-1.4568920506809204,0.16666666666666666,6.484375,6.697216386554622,0.16433015894261027,-1.2952058704510452,0.18333333333333332,6.716123949579832,0.10509795987286391,-2.205075625256445,0.041666666666666664,0.453125,0.41228991596638653,0.02605916778871374,1.5670141258808423,0.11666666666666667,0.4063813025210084,0.019457838552317277,2.402306780031577,0.03333333333333333,2.046875,2.103860294117647,0.05524602183045153,-1.0314823082200097,0.325,2.102284663865546,0.045792040759502675,-1.210028270121323,0.275,8.8125,8.831407563025211,0.12309650304975613,-0.15359951385108306,0.9083333333333333,8.832983193277311,0.08020916763806456,-0.25537222091294265,0.9083333333333333,7.765625,7.727547268907563,0.16753029781604836,0.22728862533418787,0.8916666666666667,7.7306985294117645,0.10761496047064602,0.324550326789948,0.7916666666666666,0.375,0.40441176470588236,0.02653650823520399,-1.1083509723733729,0.36666666666666664,0.40336134453781514,0.02142839988151198,-1.323540007403202,0.3,-0.5376871460524852,0.0021897652556885816,-0.5299017117385402,0.010086180383249413
GaCo14_01,control,1.108124999999976,0.10795170878022696,0.07365079365079208,0.15224931789240592,0.2146283886016667,0.06169508250015708,0.03671233582784409,0.41701729301875023,0.9856814215014154,0.062208009645242916,0.05324483726189609,-0.1265936062821668,1.2362381136503042,0.14418524799938381,0.07431190432250373,0.1907725205815052,2.203125,2.257090336134454,0.07911836418938842,-0.6820835679220457,0.5416666666666666,2.272715336134454,0.08835903369720045,-0.7875859798663546,0.475,7.28125,7.355173319327731,0.08833443395260805,-0.8368573388650614,0.4166666666666667,7.336528361344538,0.08579388799570266,-0.6443158438897959,0.5833333333333334,6.078125,6.098082983193278,0.14379553744212964,-0.13879417642783076,0.8833333333333333,6.063813025210084,0.13190319691519425,0.10850362329820837,0.9583333333333334,0.328125,0.35294117647058826,0.02461398931937602,-1.0082143186376162,0.3416666666666667,0.3558298319327731,0.030677824258618806,-0.9030898573255098,0.5,2.28125,2.2853203781512605,0.08898236863339855,-0.04574364802571432,1.0,2.2823004201680672,0.09096615115855801,-0.011547373992291865,1.0,8.375,8.347163865546218,0.09239754654191214,0.3012648657413801,0.7833333333333333,8.371323529411764,0.07927401558901363,0.04637674225178288,1.0,7.09375,7.061843487394958,0.14348542917011925,0.22236761453466589,0.8416666666666667,7.089023109243698,0.12256896187382413,0.03856515290688579,1.0,0.34375,0.35215336134453784,0.026662007964336775,-0.3151811129821211,0.8,0.3475577731092437,0.028980513753454853,-0.1313908076867598,1.0,2.375,2.302127100840336,0.08466476918846179,0.8607228231786769,0.425,2.3194590336134455,0.08894132681602783,0.6244674818202243,0.575,8.34375,8.405199579831933,0.09440386150798376,-0.6509223123964735,0.6,8.403886554621849,0.08774553774387034,-0.6853517132391138,0.6,6.96875,7.103072478991597,0.1472278618287836,-0.9123441536344862,0.35,7.084427521008403,0.13679638878682462,-0.8456182362289426,0.475,0.375,0.34992121848739494,0.025667925320134354,0.9770474707175825,0.4,0.3549107142857143,0.028921660254914938,0.6946103901788186,0.6583333333333333,2.28125,2.2859768907563027,0.08427967145616522,-0.05608577578237516,1.0,2.2928046218487395,0.0820886019466721,-0.14075793197508443,0.95,9.46875,9.351102941176471,0.09521332211081532,1.2356155232836417,0.20833333333333334,9.383665966386555,0.0847727178648019,1.0036723577641953,0.3416666666666667,8.1875,8.065126050420169,0.14527560880883303,0.8423571622464315,0.43333333333333335,8.090861344537815,0.11701463922014615,0.8258680803208976,0.44166666666666665,0.359375,0.35123424369747897,0.026117814652450718,0.3116936240971892,0.7333333333333333,0.3479516806722689,0.02472182691398357,0.4620742377768877,0.7666666666666667,0.6259977921396706,0.017402874047646268,0.6468280478912701,0.01610311874678954
GaCo15_01,control,1.0553124999999777,0.062258262663208844,0.039047619047618214,0.4863818546183275,0.2381774810476948,0.03661240964345343,0.027046612615532803,-0.0609608363037948,0.9926665479056561,0.04009271551087907,0.03371111959895578,-0.061854335588045775,1.2575110080605847,0.037718032275835735,0.02888307302707921,0.0020613030951113524,2.1875,2.20640756302521,0.05691673003974847,-0.3321969307092255,0.825,2.2113970588235294,0.07378920720082999,-0.3238557470673115,0.8083333333333333,6.71875,6.703387605042017,0.17677649859122452,0.0869029259002753,0.95,6.684873949579832,0.15659812024662717,0.21632475770983886,0.875,5.53125,5.496980042016807,0.20983140742043505,0.1633213940872411,0.8916666666666667,5.473476890756302,0.2062940797570135,0.28005219205391946,0.8166666666666667,0.390625,0.39298844537815125,0.02816018981021639,-0.08392860254421314,1.0,0.3950892857142857,0.029767736767173106,-0.14997061245209503,1.0,2.265625,2.242515756302521,0.0557404214680882,0.41458681310311085,0.7666666666666667,2.2379201680672267,0.07968352678877196,0.34768581473827437,0.7916666666666666,7.953125,7.731748949579832,0.15553756179516212,1.4232963913354437,0.19166666666666668,7.7241334033613445,0.17831999639755985,1.2841610658634417,0.225,6.6875,6.489233193277311,0.17946856940929312,1.1047438968019232,0.2916666666666667,6.486213235294118,0.23378435879592574,0.8609932920345147,0.45,0.390625,0.39233193277310924,0.02422237329088337,-0.07046926214086874,1.0,0.3916754201680672,0.03290952993950099,-0.03191841907186933,1.0,2.296875,2.267200630252101,0.05949457455165528,0.498774383572314,0.7083333333333334,2.2670693277310923,0.07226404234520546,0.4124550924860525,0.7666666666666667,7.734375,7.706932773109243,0.16614542858630224,0.16516991845190648,0.9083333333333333,7.720063025210084,0.1821216146995478,0.07858471282239941,0.9833333333333333,6.4375,6.439732142857143,0.19844975808643397,-0.011247899108907137,1.0,6.452993697478991,0.23185880799645034,-0.06682384686126917,0.975,0.40625,0.39705882352941174,0.026476818808108496,0.3471405132618678,0.8166666666666667,0.3957457983193277,0.031257231929174956,0.3360566829613549,0.85,2.203125,2.249474789915966,0.06196583082291509,-0.7479894855024831,0.525,2.252363445378151,0.0776638576553478,-0.633994329726173,0.5416666666666666,8.421875,8.698529411764707,0.15371827279256361,-1.7997496767221688,0.10833333333333334,8.71467962184874,0.15561925372164334,-1.8815449556934676,0.058333333333333334,7.21875,7.44905462184874,0.18696363724581927,-1.2318150483237338,0.23333333333333334,7.462316176470588,0.2157444454375674,-1.128956882188059,0.26666666666666666,0.390625,0.3957457983193277,0.02660913494844849,-0.1924451256776498,1.0,0.3956144957983193,0.03335921982938124,-0.14956871964747795,1.0,-0.4157925547932576,-0.007269938086941061,-0.31013858265886146,-0.00541029043893004
GaCo16_01,control,1.0723437499999773,0.13075776935245956,0.07619047619047456,0.2827694594004872,0.2691606912882101,0.04538444233516404,0.030331228186270844,0.30797012997939505,1.0055127837491131,0.07516060046823313,0.04657634955034499,0.1388188717361996,1.259975266001447,0.05725001280204895,0.036547790046042174,0.3323296968277366,2.0625,2.086265756302521,0.06948663821573794,-0.34201908327662356,0.7,2.0749737394957983,0.06235350389152326,-0.20004873370867762,0.8333333333333334,6.90625,6.621454831932773,0.15648072180083553,1.8200016256935878,0.09166666666666666,6.616465336134453,0.17332243829834232,1.6719396906171848,0.09166666666666666,5.84375,5.535189075630252,0.1904258224960335,1.6203733313331234,0.11666666666666667,5.5414915966386555,0.20151370548600492,1.4999396821787698,0.15833333333333333,0.40625,0.4095325630252101,0.027508692107558512,-0.11932821132954295,1.0,0.40401785714285715,0.031268910743031814,0.07138537301432145,1.0,2.140625,2.120141806722689,0.058631181516941105,0.34935665199570615,0.8416666666666667,2.1316964285714284,0.05524539240754764,0.16161658084904462,0.9166666666666666,7.75,7.6253939075630255,0.16073363374413296,0.7752334687793546,0.5166666666666667,7.649553571428571,0.16809660743451285,0.5975517894408475,0.5583333333333333,6.609375,6.505252100840337,0.18086418462328954,0.5756966166437781,0.5666666666666667,6.517857142857143,0.18714971820662304,0.48900878943251347,0.625,0.40625,0.40769432773109243,0.02389573206631055,-0.06044291621133133,1.0,0.40940126050420167,0.026877635237126746,-0.1172447083383569,1.0,2.140625,2.13734243697479,0.06183016151038792,0.05308999596675034,1.0,2.1479779411764706,0.06338174137384721,-0.1160104001103472,1.0,7.640625,7.677914915966387,0.15127281041467958,-0.246507722466218,0.775,7.680672268907563,0.17225543719709105,-0.23248769129848731,0.85,6.5,6.540572478991597,0.17918672536367408,-0.22642569592837586,0.8166666666666667,6.532694327731092,0.20514187338126444,-0.15937422814857763,0.8666666666666667,0.390625,0.40309873949579833,0.024289751371777135,-0.5135392003349971,0.6916666666666667,0.4095325630252101,0.029749040640175688,-0.6355688324172598,0.5916666666666667,2.125,2.1143644957983194,0.06761794188360168,0.15728819756136117,0.9,2.115021008403361,0.0629529105006268,0.1585151745532001,0.875,8.3125,8.673975840336135,0.1471660866672951,-2.456244155987784,0.016666666666666666,8.663602941176471,0.17944638310272248,-1.9565896793555613,0.06666666666666667,7.1875,7.5596113445378155,0.17061807335999082,-2.180960886556781,0.025,7.548581932773109,0.20828268854289467,-1.7336147103687214,0.10833333333333334,0.421875,0.40467436974789917,0.02322867403165552,0.7404912664692009,0.5166666666666667,0.4020483193277311,0.02931633209765297,0.6763015443482506,0.6166666666666667,0.4993072808379847,0.00751034491553124,0.35856390826187773,0.004987904648914009
GaCo17_01,control,1.1117187499999766,0.10975520651496375,0.07095238095237943,0.3305666615016668,0.19848162523404114,0.017877646582813576,0.01936697214386874,-0.1260588386724358,0.9783086568055204,0.09713218983186533,0.07461146789506798,-0.09299956487988106,1.2080176285571353,0.044617177333274104,0.03391393132845295,0.0790515979181004,2.421875,2.3689600840336134,0.0858738989345029,0.6161932394236055,0.5833333333333334,2.3714548319327733,0.10598243694828376,0.47574078799329966,0.6333333333333333,7.21875,7.348345588235294,0.12016181236533607,-1.0785089346129049,0.31666666666666665,7.359112394957983,0.148566140640629,-0.9447805156190334,0.4166666666666667,5.796875,5.979385504201681,0.19232549361054616,-0.9489667790545739,0.35,5.98765756302521,0.242675014635485,-0.7861648357651442,0.4666666666666667,0.40625,0.3858981092436975,0.029865699417414526,0.6814469827696528,0.5833333333333334,0.3862920168067227,0.035052334047381305,0.5693767258493966,0.625,2.453125,2.387736344537815,0.08290380086944524,0.7887292835361956,0.48333333333333334,2.3986344537815127,0.09508376681524239,0.5730793808828382,0.6583333333333333,8.3125,8.386292016806722,0.12683903355674817,-0.5817768768610772,0.48333333333333334,8.375656512605042,0.15012346721095407,-0.42069713535389114,0.7,6.859375,6.998555672268908,0.19818587239059748,-0.7022734294329592,0.45,6.977022058823529,0.23027687924356957,-0.5108939256515231,0.625,0.40625,0.38156512605042014,0.027480235813495717,0.8982773698563735,0.44166666666666665,0.3853728991596639,0.0316628783642893,0.6593557477668288,0.6416666666666667,2.421875,2.392857142857143,0.07129247969043875,0.40702549930731163,0.775,2.4021796218487395,0.08479137945159838,0.23228043084855451,0.9166666666666666,8.375,8.41281512605042,0.10942220149622557,-0.3455891540596031,0.775,8.402573529411764,0.13610475601964284,-0.20259049145780803,0.9,6.953125,7.019957983193278,0.165995403114725,-0.4026194818605137,0.7666666666666667,7.0003939075630255,0.20829929946215278,-0.22692782781832674,0.8,0.390625,0.3789390756302521,0.024428932433003807,0.4783641037853982,0.8,0.38143382352941174,0.028290163924505177,0.3248894737802061,0.8,2.25,2.3973214285714284,0.08655693141457818,-1.7020176912904754,0.14166666666666666,2.374606092436975,0.08807088529422383,-1.4148386498068655,0.21666666666666667,9.625,9.383797268907562,0.10705465991557274,2.2530801674832186,0.03333333333333333,9.393907563025211,0.13930753427381987,1.6588653167929799,0.11666666666666667,8.375,7.9864758403361344,0.18164777237564356,2.1388875546483788,0.03333333333333333,8.019301470588236,0.2145644696953762,1.657769946332497,0.1,0.328125,0.3848476890756303,0.029044635978925083,-1.9529488721011519,0.075,0.37815126050420167,0.02937853780512495,-1.7028165539087796,0.14166666666666666,-2.318210930714081,-0.04585210360231955,-1.8905794378001652,-0.03757835789646738
GaCo22_01,control,1.094062499999977,0.1104495683235413,0.07650793650793487,0.11682437693930749,0.3008964707146779,0.09267164320042526,0.06792814092252006,0.019611608371473018,1.022367355311632,0.1148471524263901,0.08989339071737744,-0.09648065962474105,1.3422153008471835,0.17108373917934852,0.12292743912289159,0.008177015279245886,2.09375,2.001575630252101,0.06529739904998236,1.4116085952725839,0.18333333333333332,1.9891018907563025,0.0820405090075432,1.2755663087618783,0.25,6.984375,6.7882090336134455,0.16790111196050825,1.168342270613993,0.26666666666666666,6.751969537815126,0.16802253427738922,1.3831803167615304,0.21666666666666667,5.890625,5.7866334033613445,0.18470324324271703,0.5630198734626496,0.575,5.762867647058823,0.1925374580370865,0.6635454432797594,0.55,0.40625,0.36226365546218486,0.027364844054480746,1.6074034425426507,0.15,0.3585871848739496,0.030638126530591184,1.5556700269665846,0.16666666666666666,2.140625,2.0458245798319328,0.06026633226691922,1.5730245495643693,0.15,2.0590861344537816,0.08827497268127628,0.9236917675479871,0.39166666666666666,7.703125,7.773240546218488,0.17601271303009924,-0.3983550109047948,0.675,7.806197478991597,0.1539867781095952,-0.6693592804327531,0.55,6.5625,6.7274159663865545,0.20517924619508987,-0.8037653390623534,0.36666666666666664,6.7471113445378155,0.19870690609847394,-0.9290635547731135,0.38333333333333336,0.375,0.36108193277310924,0.026893802237227506,0.5175195052049874,0.7916666666666666,0.36554621848739494,0.029633682779406666,0.31902148588749757,0.8,1.953125,2.0845588235294117,0.06042680959368932,-2.1750912287637636,0.041666666666666664,2.0707720588235294,0.08214809649788195,-1.4321337175057096,0.2,7.953125,7.811318277310924,0.1610640760249733,0.8804366944438198,0.3333333333333333,7.813681722689076,0.1762745803780945,0.7910572075215273,0.525,7.0,6.726759453781512,0.18659147768427825,1.4643784893585754,0.15833333333333333,6.742909663865547,0.194239615724587,1.3235731298963371,0.2,0.3125,0.36712184873949577,0.027130025027520262,-2.0133357298450054,0.058333333333333334,0.36580882352941174,0.029296160987477306,-1.8196521910225265,0.10833333333333334,1.984375,2.0593487394957983,0.06412027907827313,-1.1692672049083899,0.25,2.048188025210084,0.08491616297011514,-0.7514826739467947,0.5,8.53125,8.818539915966387,0.15021597440101742,-1.9125124149541903,0.06666666666666667,8.7952993697479,0.1683650043420527,-1.568315047297201,0.125,7.546875,7.759191176470588,0.1768517224482878,-1.200532138060855,0.24166666666666667,7.7471113445378155,0.20318576326484067,-0.9854841270390544,0.3333333333333333,0.359375,0.3626575630252101,0.0261989033674101,-0.12529390941200189,1.0,0.3631827731092437,0.029193905314276326,-0.1304304123841087,1.0,-2.5808758001809737,-0.0718171448679441,-2.027048982708673,-0.05273107770737323
GaPt03_01,pd,1.5374999999999677,0.18374412851001065,0.1628571428571394,-0.20576688305069704,0.43770854289978195,0.12385735429951743,0.08482115241353445,0.27336787914420496,1.004500869365833,0.0932855803699829,0.07790482797748718,0.24756371852118592,1.425902791673895,0.14435699845435054,0.10469924355877608,0.3870065257797769,1.71875,1.862263655462185,0.06206703804204363,-2.3122362527589955,0.025,1.8606880252100841,0.07321939053925564,-1.9385305472323742,0.06666666666666667,7.40625,7.400735294117647,0.14057479440553533,0.039229691963441386,1.0,7.42108718487395,0.1667406354212864,-0.08898361719962461,0.9916666666666667,6.6875,6.538471638655462,0.16383584924271058,0.9096199765398316,0.3416666666666667,6.5603991596638656,0.1794936589141509,0.708107690851212,0.5083333333333333,0.25,0.3081670168067227,0.021712125345062724,-2.6790107316670277,0.016666666666666666,0.30527836134453784,0.024979294587660746,-2.2129672697740714,0.03333333333333333,1.9375,1.909795168067227,0.06421240518492148,0.43145606916588114,0.7333333333333333,1.9201680672268908,0.07406812927719021,0.23399987204006067,0.8333333333333334,8.203125,8.435267857142858,0.14453265594663334,-1.606161982026907,0.11666666666666667,8.444327731092438,0.18311927233450037,-1.3171892178112052,0.26666666666666666,7.265625,7.52547268907563,0.16624376673645402,-1.5630522225086863,0.13333333333333333,7.524159663865547,0.20424993965906948,-1.2657759620251943,0.24166666666666667,0.359375,0.3068539915966387,0.023699200351058047,2.21615107789983,0.05,0.3115808823529412,0.02677848054295523,1.7847957269417325,0.09166666666666666,1.984375,1.934611344537815,0.06361448039537466,0.7822693064990158,0.425,1.9200367647058822,0.07289644921018198,0.8825976572413236,0.325,8.59375,8.471507352941176,0.14927003731410982,0.8189362665032925,0.44166666666666665,8.434086134453782,0.1619096755837735,0.9861292413226189,0.4,7.609375,7.536896008403361,0.16763020909710938,0.4323742837703629,0.5916666666666667,7.514049369747899,0.1822671424961438,0.5229995321516484,0.6166666666666667,0.28125,0.3114495798319328,0.021788863822750592,-1.386009847856327,0.275,0.3092174369747899,0.028542246148424714,-0.9798611093658965,0.4166666666666667,1.984375,1.8979779411764706,0.0556651984035813,1.5520839106174993,0.16666666666666666,1.9196428571428572,0.07582105188068138,0.853748942431067,0.44166666666666665,9.578125,9.453387605042018,0.16101041720279236,0.774716301746339,0.5916666666666667,9.477284663865547,0.1616102277422534,0.6239724895090193,0.575,8.59375,8.555409663865547,0.17942244981896385,0.21368750774018852,0.8833333333333333,8.557641806722689,0.17968747581014557,0.200949972247717,0.8666666666666667,0.34375,0.3077731092436975,0.022148956234653013,1.6243154022768387,0.15833333333333333,0.3082983193277311,0.02554502873191015,1.387811344599649,0.23333333333333334,3.8643201633764948,0.07464858579664135,2.792279489663441,0.05640897658869742
GaPt04_01,pd,1.2832812499999724,0.07659530193019366,0.048888888888887844,0.5622440733567274,0.4124903476662424,0.04660514580442348,0.03556353639813308,0.5382157722400899,0.9862243497326196,0.0416016748795853,0.04177203976365119,0.13276299781295803,1.3786538701450486,0.04720598431580648,0.04138243196906454,0.3774131146392807,1.96875,1.8679096638655461,0.045292308985918205,2.2264339882916118,0.041666666666666664,1.8604254201680672,0.04389970850246757,2.467546676895222,0.016666666666666666,7.09375,7.209821428571429,0.11407086958082216,-1.0175378604367455,0.375,7.208639705882353,0.12968874813210968,-0.8858880013655377,0.425,6.125,6.341911764705882,0.14742246719166102,-1.4713616508932765,0.15,6.348214285714286,0.15209168571655757,-1.4676297699157212,0.16666666666666666,0.359375,0.3167016806722689,0.02253262764508571,1.893845671258763,0.08333333333333333,0.31381302521008403,0.0190368932203343,2.393351386834951,0.041666666666666664,1.84375,1.9162289915966386,0.04633030510834277,-1.5643970275427177,0.14166666666666666,1.9171481092436975,0.04703163368807552,-1.5606115179942595,0.14166666666666666,8.421875,8.235162815126051,0.13800898816473395,1.3528987304151574,0.20833333333333334,8.232930672268907,0.13612429932571588,1.3880279176239536,0.16666666666666666,7.578125,7.318933823529412,0.17306755672439977,1.4976300664100497,0.15833333333333333,7.31578256302521,0.1693266633621733,1.5493273874632782,0.13333333333333333,0.28125,0.31538865546218486,0.023101080104411944,-1.4777947744384867,0.19166666666666668,0.3169642857142857,0.020558812281092527,-1.7371765073769032,0.13333333333333333,1.96875,1.9386817226890756,0.04779983076275344,0.6290456855415107,0.6,1.933298319327731,0.04816796758183765,0.7360011736437974,0.5583333333333333,8.203125,8.268382352941176,0.13793098412197827,-0.4731159815655768,0.6416666666666667,8.265625,0.12956763273005797,-0.48237355798737863,0.7,7.234375,7.329700630252101,0.17385458321997424,-0.5483066853146328,0.575,7.332326680672269,0.1595869503822944,-0.6137825206736721,0.5833333333333334,0.328125,0.31853991596638653,0.023905916250429298,0.40095028917543957,0.7,0.3176207983193277,0.0207557612277994,0.5060860724589277,0.7333333333333333,1.84375,1.9134716386554622,0.04695393759371801,-1.4848943928568474,0.20833333333333334,1.9141281512605042,0.040217251199091475,-1.7499493168268558,0.06666666666666667,9.234375,9.251050420168067,0.12346332820250275,-0.13506375059577203,0.8916666666666667,9.24592962184874,0.12310638962708965,-0.09385883124134196,0.9666666666666667,8.390625,8.337578781512605,0.15902226158112448,0.33357731150323344,0.725,8.331801470588236,0.14586383757904203,0.40327699029506653,0.6833333333333333,0.296875,0.31499474789915966,0.0234580765323358,-0.7724311016797341,0.49166666666666664,0.3172268907563025,0.017207305356259524,-1.182747114375992,0.325,-3.7113283811484594,-0.05587839018975718,-4.217495993722078,-0.0647242205595511
GaPt05_01,pd,1.0701562499999768,0.0565542915862736,0.048888888888887844,0.20892677085959147,0.3139232305400571,0.0732371426589219,0.0311040998017031,0.5644368368076966,0.9548175661141153,0.06367742308867866,0.05647839625721426,0.16662031280749132,1.3016826234916181,0.08770384050378834,0.057101275577285754,0.41462936873267564,1.78125,1.8542542016806722,0.04589860766500547,-1.590553731248212,0.14166666666666666,1.8595063025210083,0.05107814522559885,-1.53208974553345,0.15,7.25,7.005120798319328,0.12594171953520567,1.9443850900592068,0.075,6.985425420168068,0.13434560510114002,1.969357908155994,0.016666666666666666,6.46875,6.1508665966386555,0.15649394324383745,2.0312824686514657,0.075,6.125919117647059,0.17620572122924455,1.945628552587781,0.025,0.265625,0.30330882352941174,0.023583739098696245,-1.5978731519928906,0.15833333333333333,0.3067226890756303,0.02563946036633928,-1.60290772459413,0.15,1.84375,1.9044117647058822,0.042726782626814785,-1.4197597145499015,0.19166666666666668,1.9009978991596639,0.04895953443914903,-1.169290104888892,0.2833333333333333,8.15625,8.024553571428571,0.12300734675100324,1.070638722400983,0.275,8.028623949579831,0.12599444421245015,1.0129498266206673,0.3,7.3125,7.120141806722689,0.148590714570816,1.2945505634918808,0.2,7.127626050420168,0.1665354051846974,1.110117991875639,0.275,0.28125,0.30540966386554624,0.022352896740303402,-1.0808292162861,0.2916666666666667,0.30409663865546216,0.02464575523934043,-0.9270009554827333,0.55,1.96875,1.9171481092436975,0.041066428224464366,1.256546843427739,0.25833333333333336,1.912421218487395,0.046884642696180034,1.2014335243551817,0.2833333333333333,7.828125,8.042410714285714,0.13469031505656343,-1.5909511696941527,0.15,8.049632352941176,0.13160588885970242,-1.6831112563459236,0.08333333333333333,6.859375,7.125262605042017,0.1627359250492368,-1.6338593028034263,0.14166666666666666,7.137211134453781,0.1709111996762103,-1.6256168991858884,0.09166666666666666,0.328125,0.30291491596638653,0.020251215782536237,1.2448676812457622,0.275,0.3018644957983193,0.023629402669266483,1.1113486265074461,0.3333333333333333,1.984375,1.9111081932773109,0.04404166076016179,1.6635795621259402,0.14166666666666666,1.9051995798319328,0.04413472884335192,1.7939482634885051,0.10833333333333334,8.84375,9.014837184873949,0.11169321296626868,-1.531759901343489,0.13333333333333333,9.014443277310924,0.12261292761361575,-1.3921311613145881,0.18333333333333332,7.859375,8.103728991596638,0.13592260006918544,-1.7977436531692321,0.06666666666666667,8.109243697478991,0.15880453891719945,-1.5734354898336536,0.14166666666666666,0.34375,0.3071165966386555,0.021855788967964345,1.6761418869408384,0.14166666666666666,0.30606617647058826,0.021853402313415274,1.7243916068061658,0.18333333333333332,3.254133293374152,0.07774191523812561,3.3260380090219552,0.07718023535193712
GaPt06_01,pd,1.1501562499999753,0.05783095747830052,0.0312698412698406,0.4962490231970721,0.38024411526473767,0.035776107462426855,0.02521053155006524,0.5626721069260023,1.037528595411044,0.03143997651110788,0.026146024585397838,0.346313269213095,1.3983448147275517,0.05413868760602467,0.034110886092509625,0.611071141464997,1.75,1.818408613445378,0.03783788000836298,-1.8079399118094963,0.10833333333333334,1.8080357142857142,0.04382479122561251,-1.3242667600386968,0.26666666666666666,7.15625,7.051864495798319,0.11141656924101793,0.9368939010846115,0.35833333333333334,7.0497636554621845,0.12959902898173045,0.821660049264928,0.4666666666666667,6.40625,6.233455882352941,0.12521984966051902,1.3799259311963517,0.16666666666666666,6.241727941176471,0.15245420579360058,1.0791572326070584,0.2916666666666667,0.25,0.2865021008403361,0.019327840248839503,-1.8885762904899734,0.10833333333333334,0.28125,0.02246849253465085,-1.3908365214892067,0.30833333333333335,1.875,1.853860294117647,0.03550181712521801,0.5954541934513223,0.65,1.8537289915966386,0.046016641930585564,0.4622459942958881,0.8166666666666667,8.0625,8.098870798319327,0.11338935416949833,-0.3207602564254714,0.7833333333333333,8.090861344537815,0.1465891329022766,-0.19347508219945958,0.8833333333333333,7.1875,7.245010504201681,0.1288620281284898,-0.44629519678470875,0.625,7.237132352941177,0.16900589534876317,-0.2936723173990738,0.8,0.296875,0.2800682773109244,0.018098642055495637,0.9286178840125897,0.39166666666666666,0.2801995798319328,0.023523948305710914,0.7088699546248759,0.4083333333333333,1.8125,1.8633140756302522,0.03429416097682521,-1.4817121685697623,0.15833333333333333,1.870798319327731,0.046149823109074437,-1.2632403636725513,0.3,8.109375,8.12001050420168,0.09558438344764099,-0.11126821995463337,0.8833333333333333,8.13563550420168,0.13603217853270524,-0.19304626658880208,0.8583333333333333,7.296875,7.256696428571429,0.10751620095134352,0.373697834122264,0.6583333333333333,7.26483718487395,0.15841781068497243,0.2022361941976339,0.8583333333333333,0.25,0.2777048319327731,0.01743216825944929,-1.5892935130290191,0.15833333333333333,0.2808560924369748,0.02350028533147788,-1.3130092678340397,0.325,1.953125,1.8546481092436975,0.03883965150762462,2.5354730779953183,0.03333333333333333,1.8580619747899159,0.045284630891813976,2.0992337430593593,0.05,9.046875,9.103860294117647,0.1112986898027984,-0.5120032789120393,0.65,9.09873949579832,0.13086942865676085,-0.3963071920665904,0.6416666666666667,8.09375,8.249212184873949,0.13124698498819298,-1.184500999302456,0.25833333333333336,8.240677521008404,0.15183540278236227,-0.9676763015474533,0.375,0.328125,0.2807247899159664,0.019610039503272236,2.417139959158377,0.041666666666666664,0.28269432773109243,0.023192718629466022,1.9588334164149492,0.1,4.343412989804815,0.06845670379620851,3.4235005030980563,0.053406344695785826
GaPt07_01,pd,1.38968749999997,0.15812360796802077,0.18365079365078973,-0.1439547441177156,0.4904370591424476,0.1501693792595829,0.09635261458647229,0.5467521036212285,1.0932017670125003,0.13010564385272574,0.11911576852939368,0.2792054776187813,1.4814605946678656,0.14481739644287606,0.11216501437560512,0.4390724495306895,1.828125,1.749737394957983,0.036896135120095076,2.1245478635328383,0.058333333333333334,1.7723214285714286,0.04131840941295374,1.3505740472932244,0.20833333333333334,7.375,7.29280462184874,0.14756675058725527,0.557004730565362,0.6083333333333333,7.313550420168068,0.14678328214478256,0.4186415437373879,0.7666666666666667,6.546875,6.543067226890757,0.15412976712450735,0.024704981914151953,1.0,6.541228991596639,0.15988529415789796,0.03531286872315679,1.0,0.3125,0.28374474789915966,0.017731798639358445,1.6216771172335365,0.16666666666666666,0.28387605042016806,0.02107332145308928,1.3583027072192155,0.23333333333333334,1.765625,1.816045168067227,0.039309966912989484,-1.2826306412017412,0.25,1.8462447478991597,0.043103155223140496,-1.8703908677172185,0.075,8.15625,8.342962184873949,0.13410078599195624,-1.3923272969119553,0.18333333333333332,8.344931722689076,0.15356754171919498,-1.228656267963763,0.225,7.390625,7.526917016806722,0.1473768187856881,-0.9247859868987602,0.35,7.498686974789916,0.16620286931814418,-0.6501811625349517,0.55,0.265625,0.2859768907563025,0.020499528249962616,-0.9927980053072499,0.45,0.28715861344537813,0.021908229588370826,-0.9829006656388362,0.5333333333333333,1.859375,1.8331144957983194,0.0407822074935714,0.6439206167498434,0.5833333333333334,1.8609506302521008,0.044539029668307,-0.035376393779454486,1.0,8.484375,8.350446428571429,0.1410447394643593,0.9495467320311771,0.35,8.381302521008404,0.14994315174153128,0.6874103804972024,0.4666666666666667,7.625,7.517331932773109,0.15286034499945161,0.7043557779964273,0.525,7.520351890756302,0.1617741006185126,0.6468780159716265,0.5333333333333333,0.296875,0.2853203781512605,0.018018731710099233,0.6412561125078141,0.6583333333333333,0.2855829831932773,0.021424342625036816,0.527064797476058,0.7,1.875,1.826155462184874,0.040200819933199426,1.2150134722697123,0.2833333333333333,1.8454569327731092,0.04547657665900722,0.6496326108363619,0.6,9.40625,9.332589285714286,0.14252690530165463,0.5168197129504248,0.6333333333333333,9.378939075630251,0.16017602693356783,0.17050569234730584,0.8416666666666667,8.53125,8.506433823529411,0.1533822068668656,0.1617930591657804,0.9,8.533482142857142,0.17526375348431752,-0.012735906956038575,1.0,0.265625,0.2855829831932773,0.019290021936787655,-1.0346272937728382,0.4166666666666667,0.28400735294117646,0.022892413107650448,-0.8029888703621741,0.6333333333333333,-0.909534391263126,-0.005012824473986201,-0.7009414364568625,-0.0016738114714551383
GaPt08_01,pd,1.1468749999999757,0.06057593948461953,0.04920634920634816,0.36357047263030895,0.2795733422184315,0.04879159239539295,0.026182255680457123,0.4982634487267388,0.931784394148062,0.09213018043354089,0.09486039108650177,-0.013336134670861036,1.3006293236600166,0.0790834657867887,0.05946559521716045,0.4401241022558699,1.765625,1.7778361344537814,0.025009901364996496,-0.48825200369930066,0.6916666666666667,1.7714023109243697,0.02335929273574804,-0.2473238804669965,1.0,7.1875,7.019564075630252,0.1484300913544059,1.1314142761575745,0.30833333333333335,7.039522058823529,0.1806415068164574,0.8191801750570286,0.45,6.421875,6.241727941176471,0.15113206517728375,1.191984365542875,0.25,6.26811974789916,0.1836759495628572,0.8371006245878819,0.45,0.25,0.26247373949579833,0.010874864527083082,-1.147024817158261,0.5,0.2605042016806723,0.010591384170019813,-0.9917685462119006,0.5666666666666667,1.828125,1.8228728991596639,0.022494013935310617,0.23348882309046148,1.0,1.819327731092437,0.02333918782761087,0.3769312356771751,0.8,8.125,8.041097689075631,0.1452691459927171,0.5775645637000951,0.5416666666666666,8.035845588235293,0.17829581440040002,0.5000364818687886,0.6916666666666667,7.296875,7.218224789915967,0.15214323332980903,0.5169484594397906,0.5583333333333333,7.216517857142857,0.17957849164788714,0.4474764328386578,0.7083333333333334,0.265625,0.2611607142857143,0.010597948400070502,0.42124055956490597,1.0,0.2615546218487395,0.011410073960300108,0.3567354747587833,1.0,1.796875,1.8390231092436975,0.025775400743170133,-1.635206748623132,0.11666666666666667,1.8350840336134453,0.024637994018792346,-1.5508175537465347,0.20833333333333334,7.96875,8.054096638655462,0.14832650728723218,-0.575397076465838,0.6166666666666667,8.046612394957982,0.18733422219057963,-0.41563358818001295,0.725,7.171875,7.2150735294117645,0.1476962967837181,-0.2924821431035816,0.8416666666666667,7.211528361344538,0.1901493387770108,-0.20853799229372819,0.85,0.25,0.2619485294117647,0.01215525026677182,-0.9829932868126786,0.6083333333333333,0.2618172268907563,0.010948161146920142,-1.0793800650331726,0.525,1.859375,1.8232668067226891,0.024809581619614093,1.455413228281296,0.15833333333333333,1.8241859243697478,0.024087773517629314,1.4608687517133156,0.225,8.875,9.054490546218487,0.15801264193254982,-1.1359252273948128,0.325,9.034269957983193,0.1820727294492736,-0.8747600943037807,0.38333333333333336,8.015625,8.231223739495798,0.16210660487388123,-1.3299812161480618,0.23333333333333334,8.210084033613445,0.1854551440733125,-1.0485502280625485,0.325,0.28125,0.2612920168067227,0.011672200936909008,1.7098731679787635,0.13333333333333333,0.26299894957983194,0.01156445523777877,1.5782023489135497,0.175,1.9436652319805967,0.024764375776426237,1.708192632180312,0.019980181919482667
GaPt09_01,pd,1.0139062499999785,0.1476226118041274,0.08095238095237922,0.014755043756497587,0.33002441069198907,0.11004516587352131,0.055174707968135756,0.18890235276446615,1.0215673621076444,0.06807463005743783,0.05031226856849998,0.21772773552288535,1.3395116531810947,0.12488687123094672,0.06863835713541772,0.4740482120226038,1.984375,1.933954831932773,0.05561363845855288,0.9066151660766364,0.4166666666666667,1.9294905462184875,0.05484298214529319,1.0007561885695686,0.35833333333333334,6.75,6.961265756302521,0.12186292481969077,-1.7336343815406643,0.08333333333333333,6.983849789915967,0.13231591443541182,-1.767359511618817,0.10833333333333334,5.765625,6.027310924369748,0.1531636183276663,-1.708538406359122,0.10833333333333334,6.054359243697479,0.16397544526885138,-1.7608382963929452,0.11666666666666667,0.375,0.34164915966386555,0.02490749983472176,1.3389878774441435,0.225,0.33587184873949577,0.02839689880616253,1.3779022676945578,0.15,1.90625,1.9692752100840336,0.05503381467216992,-1.1452088222389727,0.30833333333333335,1.9852941176470589,0.05656742028003915,-1.397343510730169,0.18333333333333332,8.359375,8.001050420168067,0.11899177919827536,3.011338953381468,0.016666666666666666,8.014705882352942,0.14778855858195453,2.3321772737632154,0.008333333333333333,7.453125,7.031775210084033,0.15284874299837833,2.756645436858038,0.025,7.029411764705882,0.18074859954516215,2.3442131023994355,0.008333333333333333,0.28125,0.33600315126050423,0.026668528227564117,-2.053099848379047,0.05,0.3382352941176471,0.03055288628418136,-1.86513619654818,0.08333333333333333,1.96875,1.9745273109243697,0.05052301707289727,-0.11435007762964589,1.0,2.0066964285714284,0.05591544476057037,-0.6786394838477058,0.6,8.046875,8.056985294117647,0.12684986201714485,-0.07970283890636201,0.9416666666666667,8.039128151260504,0.13683502092224228,0.05661451788645408,1.0,7.078125,7.082457983193278,0.15582469088543732,-0.0278067818948109,1.0,7.032431722689076,0.17347053701069348,0.2634065593980821,0.8166666666666667,0.328125,0.33022584033613445,0.02397635928102089,-0.08762132363429427,1.0,0.3404674369747899,0.029399243791911528,-0.4198215798389223,0.7916666666666666,2.03125,1.9696691176470589,0.04971507959194574,1.2386761292225257,0.21666666666666667,1.9673056722689075,0.05731944454414496,1.1155782865593773,0.2916666666666667,8.921875,9.015625,0.12750729561214147,-0.735252046166627,0.5083333333333333,9.038602941176471,0.12494741229306754,-0.9342165558633776,0.36666666666666664,7.890625,8.045955882352942,0.15441579831115335,-1.0059261037523164,0.3333333333333333,8.071297268907562,0.1598711569020979,-1.130111725019934,0.25833333333333336,0.359375,0.33587184873949577,0.02327129891804191,1.009963016816503,0.2916666666666667,0.3291754201680672,0.03008494911010414,1.003810234858936,0.44166666666666665,0.3320609631458893,0.012669010212793722,0.11482209798980869,0.006644814505324314
GaPt12_01,pd,1.0101562499999783,0.11071903791644121,0.05492063492063375,0.028381943215536495,0.32775648091945014,0.045901555818559314,0.03327842115021445,0.2850822463367784,0.9996504750128985,0.07375071679335062,0.03971647291168466,-0.009984300865097986,1.3140884498726035,0.07766661054496625,0.04886605234002183,0.20050944625492834,2.125,2.05265231092437,0.053428901849814234,1.3540927582415134,0.2,2.053046218487395,0.07458112880423955,0.9647719559390044,0.44166666666666665,6.640625,6.820246848739496,0.12529549866937534,-1.4335858083256001,0.175,6.826943277310924,0.15000992617924921,-1.2420396573510062,0.2833333333333333,5.515625,5.767594537815126,0.16738099425221742,-1.5053652832020241,0.13333333333333333,5.773897058823529,0.21052586099587817,-1.2267949296195284,0.25,0.4375,0.4050682773109244,0.027227899547054322,1.1911209909169906,0.275,0.4058560924369748,0.03430886024911172,0.9223246512202191,0.45,2.15625,2.107405462184874,0.04926610757412152,0.991443006566712,0.4083333333333333,2.095982142857143,0.06365737556149895,0.9467537203859882,0.38333333333333336,7.9375,7.864889705882353,0.13651279486239218,0.5318936894584825,0.65,7.858455882352941,0.14470445441740995,0.5462452276627966,0.6083333333333333,6.78125,6.757484243697479,0.16959495892836757,0.14013244528429125,0.8833333333333333,6.762473739495798,0.19336240267845275,0.09710398838716146,0.9833333333333333,0.421875,0.40808823529411764,0.02416991818696345,0.5704100692123376,0.8,0.40401785714285715,0.0287884980163735,0.6202874094711913,0.6333333333333333,2.078125,2.1172531512605044,0.055106744599611,-0.7100428730602353,0.4,2.120141806722689,0.06473582628303336,-0.6490502884598405,0.5583333333333333,7.953125,7.876050420168068,0.13893361201865723,0.5547583389797861,0.6916666666666667,7.875656512605042,0.13573469185397163,0.5707346171920533,0.625,6.875,6.758797268907563,0.18463828084698594,0.629353406884982,0.6,6.755514705882353,0.18284733474174167,0.6534702531289881,0.5416666666666666,0.390625,0.40625,0.028406081312079542,-0.5500582719713454,0.7416666666666667,0.40782563025210083,0.028796348135014888,-0.5973198466504768,0.5666666666666667,2.015625,2.100840336134454,0.05076333611505576,-1.6786787996224717,0.125,2.1049107142857144,0.06339216442345659,-1.4084660951042807,0.23333333333333334,8.890625,8.863839285714286,0.13750275145827315,0.1948012967132659,0.8416666666666667,8.859900210084033,0.14824478420297862,0.20725713947478813,0.8666666666666667,7.875,7.762998949579832,0.17672190437870097,0.6337700513919231,0.5583333333333333,7.754989495798319,0.19873779049204227,0.603863532469364,0.5916666666666667,0.375,0.405593487394958,0.02739722812091737,-1.116663600417311,0.4,0.4073004201680672,0.02987792216458183,-1.081079868611382,0.31666666666666665,-3.032771557863985,-0.06749875345761816,-2.373238051043285,-0.05447198851234804
GaPt13_01,pd,0.9592187499999794,0.05713544718820957,0.032857142857142155,0.564691890003024,0.42982256876350367,0.07631539568609678,0.031587696877783164,0.7855834858268393,1.0390372404017665,0.04084983136370286,0.04571144102214437,-0.008557071860472101,1.460723685454146,0.1178145911470014,0.04356586949312655,0.7994169635270638,1.875,1.8814338235294117,0.04879590630711763,-0.13185170675830268,1.0,1.890362394957983,0.05578251454308479,-0.2753980361734611,0.9,6.9375,7.042279411764706,0.11858459120680453,-0.8835836991837878,0.38333333333333336,7.054096638655462,0.11169212332270535,-1.0439110224325,0.35833333333333334,6.0625,6.160845588235294,0.1523392062715559,-0.6455697823447111,0.5666666666666667,6.163734243697479,0.14617758289184127,-0.6925428762383044,0.5583333333333333,0.3125,0.31525735294117646,0.023691862909985855,-0.11638396489345999,1.0,0.3164390756302521,0.024681707191784995,-0.15959494210202607,1.0,1.9375,1.9338235294117647,0.0483398363739269,0.07605467589497804,1.0,1.9361869747899159,0.056026651388161194,0.023435725276302895,1.0,7.984375,8.068539915966387,0.12286493002856869,-0.6850198502275346,0.5,8.092568277310924,0.10450254151567803,-1.0353171869479623,0.3333333333333333,7.046875,7.134716386554622,0.15714773349412597,-0.5589732960285143,0.5916666666666667,7.156381302521009,0.1407793379507089,-0.777857774550341,0.49166666666666664,0.328125,0.3182773109243697,0.026434100983885104,0.3725373176728678,0.8083333333333333,0.31446953781512604,0.023331737168896645,0.5852741305125769,0.7083333333333334,2.015625,1.9418329831932772,0.04830637535265484,1.5275833938690924,0.13333333333333333,1.9653361344537814,0.05927733883481698,0.8483657757706399,0.5166666666666667,8.171875,8.1077993697479,0.11388614177675144,0.5626288611805487,0.625,8.09375,0.1251323451932366,0.6243389739028296,0.6,7.15625,7.165966386554622,0.14425619579697582,-0.06735507269508795,0.95,7.128413865546219,0.16593600457200586,0.16775222788796296,0.875,0.3125,0.31394432773109243,0.02457864570199555,-0.05876351970748194,1.0,0.31880252100840334,0.023487704679960305,-0.2683327764155961,1.0,1.90625,1.9420955882352942,0.053292705646033535,-0.6726171584039676,0.5916666666666667,1.9392069327731092,0.05957780359666024,-0.5531746855964433,0.6583333333333333,9.234375,9.074317226890756,0.12346727117910312,1.296357905870152,0.21666666666666667,9.084427521008404,0.12942894201733338,1.1585312887090935,0.275,8.328125,8.132221638655462,0.1624280458662992,1.2060931983740875,0.25,8.145220588235293,0.1705378570119471,1.0725150120298104,0.30833333333333335,0.3125,0.3181460084033613,0.02688927645700577,-0.20997249265479234,1.0,0.3159138655462185,0.026845272028234408,-0.12716822323975543,1.0,-0.5407654516456649,-0.0010672977310180046,-0.27777664942298225,-5.2499361091311786e-05
GaPt14_01,pd,1.0279687499999781,0.18411676494800575,0.1084126984126961,-0.06192561387934717,0.2962712835108889,0.06835992285568847,0.05159103579250315,0.24185105673910537,0.9999023096179054,0.18178828991587498,0.11326398448373565,-0.011374877875311655,1.342932929321776,0.12681524032748298,0.08929336114672613,0.19237257688810375,1.90625,1.861344537815126,0.04259963385590839,1.0541278907880967,0.36666666666666664,1.8630514705882353,0.047476101848822005,0.909900512668914,0.425,7.03125,7.051470588235294,0.10085934353576076,-0.20048304427169858,0.9083333333333333,7.081932773109243,0.12494977782397873,-0.4056251558977725,0.7583333333333333,6.125,6.190126050420168,0.10662243362276769,-0.6108100163103115,0.5666666666666667,6.218881302521009,0.1524361858084881,-0.6158728127647838,0.55,0.34375,0.30619747899159666,0.02037447030479139,1.8431164318206719,0.125,0.3073792016806723,0.02525273171146408,1.4402718381083628,0.23333333333333334,1.828125,1.8918067226890756,0.04287099646494146,-1.485426697304609,0.19166666666666668,1.906512605042017,0.04571223780461199,-1.7148056802003302,0.09166666666666666,8.0,8.087053571428571,0.12482726791237285,-0.6973922676067994,0.4666666666666667,8.093224789915967,0.12114918552576896,-0.7695040582516941,0.55,7.171875,7.195246848739496,0.1377843078241138,-0.16962634648737024,0.9,7.18671218487395,0.14369369434733686,-0.1032556434806765,0.9333333333333333,0.265625,0.3016018907563025,0.023596268548294216,-1.524685595210489,0.20833333333333334,0.30422794117647056,0.02370726891328942,-1.6283166702019893,0.2,1.9375,1.92515756302521,0.04717742964769666,0.2616174104218621,0.8916666666666667,1.9193802521008403,0.042620443724121305,0.425142169247401,0.7583333333333333,8.28125,8.125787815126051,0.11167468757974357,1.3920986773563895,0.20833333333333334,8.116202731092438,0.11301521500190614,1.460398663178039,0.14166666666666666,7.34375,7.20063025210084,0.12159326126519265,1.17703683913057,0.25833333333333336,7.196822478991597,0.13098615479442072,1.1217026810123725,0.31666666666666665,0.296875,0.30488445378151263,0.022730831930441182,-0.352360784947178,0.7666666666666667,0.3022584033613445,0.021182768340039626,-0.2541406899667982,1.0,1.921875,1.9063813025210083,0.047292272277244134,0.32761583939469185,0.8916666666666667,1.9108455882352942,0.04858093431033008,0.22703169301461104,0.8583333333333333,9.0625,9.101628151260504,0.12111401979033451,-0.32306871927990466,0.725,9.08967962184874,0.11879567769872,-0.22879301987460066,0.8666666666666667,8.140625,8.195246848739496,0.13396224592080566,-0.4077406165001619,0.6833333333333333,8.178834033613445,0.1411638903467504,-0.27067144097254053,0.7916666666666666,0.3125,0.30606617647058826,0.022228879851482506,0.2894353459282678,1.0,0.30488445378151263,0.024228832494850507,0.3143175066361924,1.0,-0.7265120513934048,-0.0027030752903358917,-0.682868819654303,0.000570883690530142
GaPt15_01,pd,1.0851562499999767,0.07970166968635838,0.05222222222222111,0.23822024588734675,0.29830748908854904,0.08894595319571719,0.039734925037959105,0.5876234968245292,1.0525562530023758,0.04861686521436127,0.042288317027427046,0.18243152286632489,1.308137514417101,0.10470959328233355,0.05495616154570851,0.564931576059996,1.8125,1.8529411764705883,0.04600228215924102,-0.8791123955676277,0.4,1.8710609243697478,0.05714689587402455,-1.0247437498414675,0.4083333333333333,7.328125,7.067226890756302,0.15808711608754775,1.6503439097416,0.09166666666666666,7.052127100840337,0.1658002614306272,1.6646409165955642,0.125,6.515625,6.214285714285714,0.1832379164967508,1.644524733065435,0.09166666666666666,6.181066176470588,0.20679350821051168,1.6178400686971175,0.13333333333333333,0.265625,0.30344012605042014,0.023415049126994585,-1.6149923856800323,0.19166666666666668,0.3085609243697479,0.033500683277666185,-1.2816432433296636,0.3333333333333333,1.984375,1.9080882352941178,0.04767053006512442,1.6002919330174044,0.16666666666666666,1.912158613445378,0.05670249658556271,1.2736015326176886,0.2,8.203125,8.08469012605042,0.16642574807089963,0.711637924554349,0.43333333333333335,8.095063025210084,0.17629124853445888,0.6129741305269231,0.6,7.21875,7.176601890756302,0.18506266543904315,0.22775047113746813,0.8,7.182904411764706,0.2167389487448919,0.1653860021139333,0.85,0.3125,0.30554096638655465,0.023870252596397253,0.2915358178696309,1.0,0.30435924369747897,0.035691328212783716,0.2280877935947821,0.8083333333333333,1.921875,1.9209558823529411,0.04996415714292588,0.01839553991533725,1.0,1.9271271008403361,0.058825980851078374,-0.08928199350610294,1.0,8.046875,8.077074579831933,0.1758700175165245,-0.17171533987648413,0.9,8.119091386554622,0.1751776252738292,-0.41224663504678166,0.6833333333333333,7.125,7.156118697478991,0.2035675569062323,-0.15286668441634424,0.95,7.191964285714286,0.21335996053686027,-0.3138559153544499,0.775,0.296875,0.30514705882352944,0.02506476065007729,-0.33002744127556355,0.7666666666666667,0.3026523109243697,0.03469286456327723,-0.166527353595502,1.0,1.90625,1.900735294117647,0.04632392504855656,0.11904660230264466,1.0,1.904280462184874,0.052675795180308335,0.037389806995497744,1.0,8.78125,9.088103991596638,0.16498029568989037,-1.8599432757316927,0.075,9.082720588235293,0.1663120461397083,-1.8126804115081778,0.1,7.875,8.187368697478991,0.18210929914461155,-1.7152814213564225,0.13333333333333333,8.17844012605042,0.20573107990161324,-1.474935756889694,0.15,0.34375,0.30462184873949577,0.02264039567826614,1.7282450278934687,0.125,0.30317752100840334,0.0342398711354222,1.1849483554166529,0.26666666666666666,0.9981589978702723,0.00882862875317968,1.0621335568369652,0.011396982152419398
GaPt16_01,pd,1.0582812499999774,0.018478188557890032,0.014126984126983827,0.45132934115307943,0.33481386178594463,0.02384769738474729,0.021025780722448387,0.3580870961164085,1.0202489939459538,0.017110349310880766,0.016827956079038465,0.21950140770786328,1.2998613531541123,0.013848391105070865,0.013753796776088885,0.17904410367523932,1.875,1.9595588235294117,0.05215701833230167,-1.621235765255451,0.15,1.956670168067227,0.0688160848238258,-1.1867889357017116,0.3,7.21875,7.048713235294118,0.11291517359600238,1.50588055874806,0.15833333333333333,7.064469537815126,0.1066075936156607,1.447180795967338,0.15,6.34375,6.089154411764706,0.15455051583677665,1.6473292687303418,0.13333333333333333,6.107799369747899,0.16884358376379338,1.3974509720321278,0.16666666666666666,0.3125,0.3547794117647059,0.026078509166150832,-1.6212357652554534,0.15,0.35333508403361347,0.0344080424119129,-1.1867889357017116,0.3,1.984375,1.9954044117647058,0.05344777246859251,-0.2063586797969373,1.0,1.999343487394958,0.05949457455165528,-0.25159415808515234,1.0,8.078125,8.103072478991596,0.10244623111180999,-0.24351778216582756,0.8,8.092305672268907,0.09368358339112488,-0.15136773974265222,0.9166666666666666,7.09375,7.107668067226891,0.14731876473143343,-0.09447586159349149,0.9666666666666667,7.09296218487395,0.1446694861069193,0.005445620546877746,1.0,0.34375,0.3492647058823529,0.026723886234296255,-0.2063586797969373,1.0,0.35123424369747897,0.02974728727582764,-0.2515941580851505,1.0,2.09375,2.025735294117647,0.05172588374163789,1.3149065992197417,0.24166666666666667,2.0215336134453783,0.06531630117776284,1.1056410919240482,0.3416666666666667,8.046875,8.10031512605042,0.10810965631400109,-0.49431408694154827,0.6333333333333333,8.10031512605042,0.10339461013445943,-0.5168560138765829,0.7166666666666667,6.953125,7.074579831932773,0.1509075675491974,-0.804829299850571,0.48333333333333334,7.078781512605042,0.1631347984089536,-0.7702618560268228,0.525,0.390625,0.35661764705882354,0.025862941870818945,1.314906599219744,0.24166666666666667,0.3545168067226891,0.03265815058888142,1.10564109192405,0.3416666666666667,2.046875,2.0193014705882355,0.06212499661478334,0.4438395318190338,0.8166666666666667,2.022452731092437,0.05939864380174347,0.41115869562742413,0.8416666666666667,8.984375,9.076024159663865,0.11915152153469806,-0.7691816141615577,0.5166666666666667,9.071034663865547,0.10333960838988208,-0.8385909838035671,0.4583333333333333,7.9375,8.056722689075631,0.1744186007695352,-0.6835434325789808,0.5416666666666666,8.048581932773109,0.1550508796318891,-0.716422461045251,0.525,0.375,0.36121323529411764,0.031062498307391658,0.4438395318190375,0.8166666666666667,0.3627888655462185,0.029699321900871736,0.4111586956274279,0.8416666666666667,2.065075297074485,0.048228069814000844,1.5979476313291356,0.038444238399978806
GaPt17_01,pd,1.1795312499999746,0.07539166910104211,0.06793650793650649,-0.07715731277367836,0.37255165107941224,0.0702480694741482,0.04743213597200444,0.5202288354267147,0.9728282302408393,0.05721903992683818,0.060590102481282264,0.023745320905380615,1.3456454967939748,0.11208053800072358,0.07512581545047738,0.39176625348157673,1.90625,1.8535976890756303,0.04944681850311983,1.064827071150142,0.36666666666666664,1.8521533613445378,0.06019965333713059,0.8986204347807416,0.43333333333333335,7.125,7.1788340336134455,0.11745110674644563,-0.45835271462926996,0.6583333333333333,7.173188025210084,0.13970360562363854,-0.34493043321947525,0.75,6.21875,6.3252363445378155,0.14595261194569323,-0.7295953331581173,0.49166666666666664,6.321034663865547,0.1921620691968674,-0.5322833184147145,0.6416666666666667,0.328125,0.30370273109243695,0.023427668794556038,1.0424540794787969,0.35,0.3012079831932773,0.030098238153849086,0.8943053965197111,0.425,1.90625,1.8960084033613445,0.05341230321090401,0.19174602147777697,0.8333333333333334,1.9025735294117647,0.06023112575298245,0.06103938025852412,1.0,8.171875,8.190388655462185,0.12070491643318843,-0.15337946464203928,0.9333333333333333,8.172531512605042,0.1324325472079306,-0.0049573357825051815,1.0,7.265625,7.29438025210084,0.1532144648668246,-0.1876797476389347,0.8416666666666667,7.269957983193278,0.1846975011110349,-0.023459890725174553,1.0,0.296875,0.29923844537815125,0.02488375512178526,-0.09497945011048996,1.0,0.30317752100840334,0.029779999721644804,-0.21163603315357046,1.0,1.875,1.909138655462185,0.043816459176741644,-0.7791285764210318,0.4166666666666667,1.9112394957983194,0.05544581590178661,-0.6536019933859731,0.575,8.21875,8.2015493697479,0.10703062093838075,0.16070756295063304,0.8833333333333333,8.216517857142858,0.1275768185061745,0.017496461216692887,1.0,7.34375,7.292410714285714,0.12993666170400903,0.3951100870302071,0.7083333333333334,7.305278361344538,0.175905998765651,0.21870566623890791,0.85,0.28125,0.2980567226890756,0.019207826821431618,-0.8749934516445713,0.45,0.29923844537815125,0.027415625529946648,-0.6561384258222416,0.575,1.875,1.900341386554622,0.051098224250732266,-0.4959347790693288,0.6416666666666667,1.8957457983193278,0.059170772614294466,-0.35060888007259183,0.7583333333333333,9.25,9.191439075630251,0.13358091032862085,0.43839291277236875,0.675,9.202599789915967,0.12308068287419241,0.38511494230564003,0.7333333333333333,8.375,8.291097689075631,0.1645801904188375,0.5097959281177608,0.6916666666666667,8.306853991596638,0.17459484980437365,0.39030938472536186,0.7333333333333333,0.296875,0.3021271008403361,0.024092825559290952,-0.21799439121040498,1.0,0.29950105042016806,0.029289632065916397,-0.08965802008909242,1.0,-1.5607618502194707,-0.035332250928482634,-1.2492293148533333,-0.027889558238778117
GaPt18_01,pd,1.1479687499999753,0.057270721279488665,0.04809523809523707,0.035369863755834036,0.376540660471867,0.10623750772864818,0.054387027073784996,0.5225542361960213,0.9845249453885656,0.07308857249191689,0.06845990261854308,-0.12709958789784373,1.3485768146493684,0.12601642221336481,0.06492736159398474,0.6353837523255348,1.8125,1.8432247899159664,0.04642852221149868,-0.6617654073934096,0.675,1.8508403361344539,0.06476777888149314,-0.5919662028955157,0.75,7.296875,7.102547268907563,0.11949335688177912,1.6262638874953952,0.1,7.1072741596638656,0.14368038409856643,1.3196014301163481,0.21666666666666667,6.484375,6.259322478991597,0.15050782637017718,1.4952878294506886,0.175,6.256433823529412,0.19711206726457933,1.1564039667070574,0.25833333333333336,0.28125,0.29858193277310924,0.02150776759674147,-0.8058452693963045,0.5,0.3004201680672269,0.032953878156671244,-0.5817272242158252,0.725,1.875,1.8931197478991597,0.04620742828539007,-0.39213928520858277,0.75,1.9049369747899159,0.06192064074697797,-0.48347327205875096,0.7166666666666667,8.03125,8.141018907563025,0.1086816359718848,-1.0100041886691977,0.325,8.141281512605042,0.14319674874184474,-0.7683939305312519,0.5166666666666667,7.15625,7.2478991596638656,0.13373115687528883,-0.6853239125818159,0.5833333333333334,7.236344537815126,0.1915884868570731,-0.41805506755151195,0.7583333333333333,0.28125,0.29936974789915966,0.021526352315329764,-0.8417472516351908,0.5166666666666667,0.3018644957983193,0.03037253067590649,-0.6787217047630508,0.625,1.90625,1.9149159663865547,0.04725733372051095,-0.18337823368975725,0.8833333333333333,1.9184611344537814,0.06576356385979315,-0.18568237086139908,0.9333333333333333,8.046875,8.149947478991596,0.11220092012386308,-0.9186420118285121,0.4583333333333333,8.130646008403362,0.1498384090057729,-0.5590756666412185,0.6916666666666667,7.140625,7.235031512605042,0.14368716037928417,-0.6570281739568226,0.5416666666666666,7.21218487394958,0.2038519403200022,-0.3510384734982011,0.775,0.296875,0.3023897058823529,0.021964503193752295,-0.2510735541663221,1.0,0.3017331932773109,0.03322343435197953,-0.14622790726093146,1.0,1.984375,1.900341386554622,0.05028189522760471,1.6712499213681926,0.13333333333333333,1.8985031512605042,0.0653442450063623,1.3141455491778173,0.26666666666666666,9.15625,9.111213235294118,0.12495325646455441,0.3604288994153415,0.775,9.146664915966387,0.14984363047685548,0.06396724374009242,0.9583333333333334,8.171875,8.210871848739496,0.15904379881754557,-0.24519565697894727,0.8166666666666667,8.248161764705882,0.19907318513146074,-0.3832096455155687,0.75,0.34375,0.30278361344537813,0.024239594009895536,1.6900607550562858,0.1,0.29910714285714285,0.0334430259797586,1.3348928763167918,0.25,2.3330153287616024,0.04504879398627272,1.906111752073333,0.037600788483858456
GaPt19_01,pd,0.9818749999999792,0.19440487125648973,0.08857142857142668,0.0036708125485811734,0.36443921742715246,0.042541086339465836,0.034638751312676186,-0.01829036192578408,0.9964610605387534,0.12385320156733509,0.0796404370740346,-0.19509157662143856,1.3757354723499435,0.07649202056564121,0.03758240013369888,0.49683505317446636,1.90625,1.8876050420168067,0.04771828463331091,0.3907298455187502,0.7333333333333333,1.8915441176470589,0.046932085545647845,0.31334389217878783,0.8666666666666667,6.953125,7.037158613445378,0.13595700468630897,-0.6180896206066544,0.5416666666666666,7.040441176470588,0.14108639826467717,-0.6188844392127956,0.5,6.046875,6.149553571428571,0.16571655893594037,-0.6196035694191716,0.5333333333333333,6.148897058823529,0.17298877774712917,-0.5897611403016119,0.49166666666666664,0.328125,0.31433823529411764,0.02329817971892555,0.5917528696322619,0.7833333333333333,0.3167016806722689,0.023255604102052543,0.49120716355516575,0.7166666666666667,1.890625,1.9445903361344539,0.053230356457710015,-1.0138075287421338,0.35833333333333334,1.94984243697479,0.05153697162653772,-1.149028262737452,0.26666666666666666,8.109375,8.034795168067227,0.13222995019099829,0.5640161841174951,0.6166666666666667,8.021271008403362,0.15757818825255468,0.5591128605656475,0.6,7.21875,7.090204831932773,0.17297219341771156,0.7431551021429337,0.5166666666666667,7.071428571428571,0.19414184581228108,0.758833974999271,0.5,0.28125,0.32050945378151263,0.026745347288937873,-1.4678984481817035,0.16666666666666666,0.32116596638655465,0.024637994018792336,-1.6200980630204398,0.16666666666666666,2.0625,1.9662552521008403,0.050445873186476566,1.9078814939605568,0.03333333333333333,1.9579831932773109,0.04881015661590431,2.141292181157095,0.041666666666666664,7.78125,8.042279411764707,0.15097495188923268,-1.7289584033530183,0.09166666666666666,8.064863445378151,0.1533447955488776,-1.849514646799678,0.08333333333333333,6.71875,7.0760241596638656,0.18605913058337234,-1.9202183657618053,0.041666666666666664,7.10688025210084,0.1870468481682642,-2.075042995387362,0.05,0.375,0.3230042016806723,0.024504258173569472,2.1219086883197664,0.041666666666666664,0.31840861344537813,0.024409708543003828,2.31839665168152,0.025,1.890625,1.9482668067226891,0.04965068904625002,-1.1609467628736296,0.31666666666666665,1.9569327731092436,0.05335530783762834,-1.2427587019276962,0.275,9.28125,9.00748424369748,0.13514585905204304,2.0257058427302335,0.03333333333333333,9.004726890756302,0.15212449076414578,1.817742217933994,0.09166666666666666,8.390625,8.059217436974789,0.16822336645907543,1.9700447684586917,0.058333333333333334,8.047794117647058,0.19252291891700854,1.7807276363845657,0.09166666666666666,0.296875,0.3233981092436975,0.025695005483091456,-1.0322281994121765,0.38333333333333336,0.32497373949579833,0.025777424274182704,-1.0900522564599493,0.425,-1.5516766083923799,-0.010833380015465306,-1.556102594106484,-0.008612420865155656
GaPt20_01,pd,1.1499999999999757,0.09977753031396965,0.04666666666666567,0.22853573256780516,0.35705940863284846,0.10308051109682419,0.033900463126216696,0.4132742352302576,0.9970935165873306,0.041358437063001255,0.03651668015592554,-0.06783787403442924,1.3340109796255089,0.054866637582624514,0.03368768349882443,0.39976769220581493,1.9375,1.9536502100840336,0.04881799251263785,-0.33082495311237337,0.7583333333333333,1.9516806722689075,0.05032302618458803,-0.28179291557093394,0.9416666666666667,6.96875,6.941045168067227,0.11077413548261468,0.2501019918780715,0.85,6.934086134453781,0.12205481058544791,0.28400245250433115,0.7583333333333333,6.03125,5.987394957983193,0.14560220504577923,0.3011976501524691,0.8,5.982405462184874,0.16607802288049658,0.29410596879680057,0.7916666666666666,0.34375,0.35779936974789917,0.02511188532462354,-0.5594709264669591,0.75,0.35766806722689076,0.02497929458766075,-0.5571841581853956,0.8833333333333333,2.015625,2.001969537815126,0.05095886968915656,0.26797027226409653,0.9166666666666666,1.997373949579832,0.04896131000152296,0.37276474872915677,0.825,7.953125,7.969012605042017,0.11182529242620873,-0.1420752380549383,0.925,7.989233193277311,0.12208173027805047,-0.295770654585841,0.775,6.9375,6.967043067226891,0.15072034611242666,-0.19601246937725325,0.8833333333333333,6.991859243697479,0.1652323948885617,-0.3289865993538411,0.7416666666666667,0.359375,0.358718487394958,0.025922703398877898,0.02532577698167208,1.0,0.3556985294117647,0.0245545829833971,0.14972645191006398,1.0,2.046875,2.0215336134453783,0.04800852264082278,0.5278518304804765,0.55,2.022846638655462,0.05540315320261162,0.4337002490934961,0.7583333333333333,7.90625,7.963760504201681,0.10390237251250174,-0.5535052069649443,0.5583333333333333,7.970456932773109,0.13100938137276052,-0.4900941604358943,0.6166666666666667,6.859375,6.942226890756302,0.13888630021454448,-0.5965447321176883,0.5583333333333333,6.947610294117647,0.17913208924229929,-0.4925711216280022,0.6416666666666667,0.375,0.3599002100840336,0.021996933649894558,0.6864497641487758,0.675,0.36108193277310924,0.026584294084956297,0.5235447359411667,0.85,1.96875,2.003939075630252,0.05297595959396122,-0.664246120314986,0.5666666666666667,2.011817226890756,0.056298766031339216,-0.7649763916101179,0.5583333333333333,9.0,8.966649159663865,0.11139784177366374,0.2993849773489958,0.8083333333333333,8.949317226890756,0.13237897193781376,0.3828612079949752,0.7583333333333333,8.03125,7.962710084033613,0.15341858912319656,0.4467510512128908,0.625,7.9375,0.18268218863504873,0.5131863193695801,0.6833333333333333,0.359375,0.36081932773109243,0.02667765391881417,-0.05413998305427574,1.0,0.3630514705882353,0.02764613239840664,-0.13298317953679376,1.0,-0.3334211672026126,-0.004627387146196615,-0.48318347603918393,-0.008678843298457578
GaPt21_01,pd,1.0301562499999783,0.06290562817073991,0.031587301587300914,0.4786335018135787,0.29315709527978023,0.043258129413982126,0.028588854493310892,0.21488638700727278,1.0246044209865468,0.036191773780142496,0.03111006828904737,-0.11288041779357072,1.2925759688279153,0.05974382893546172,0.032325158438075055,0.5152606521831358,1.84375,1.9071691176470589,0.048150638636695525,-1.3170981619904678,0.225,1.9078256302521008,0.039149530061656786,-1.6366896397271644,0.14166666666666666,7.28125,7.1024159663865545,0.12550707331724328,1.4248920709146653,0.19166666666666668,7.100840336134453,0.1255408700126382,1.4370592130465938,0.19166666666666668,6.4375,6.195246848739496,0.1626836726502599,1.4891054972757118,0.15,6.193014705882353,0.15620481649795095,1.5651584861395988,0.13333333333333333,0.296875,0.3400735294117647,0.025219662151738997,-1.712890884574598,0.14166666666666666,0.34230567226890757,0.022651144281384306,-2.005667868454861,0.1,1.96875,1.9676995798319328,0.05112815797540095,0.02054484670800397,1.0,1.9565388655462186,0.04291923012580653,0.284514293895479,0.875,8.203125,8.098608193277311,0.12803757447660494,0.8162979277757739,0.4583333333333333,8.109637605042018,0.12321593625752013,0.7587281142156374,0.5416666666666666,7.234375,7.130908613445378,0.16718850977635738,0.618860630392757,0.5916666666666667,7.153098739495798,0.15798271037698614,0.5144630087068179,0.675,0.34375,0.3488707983193277,0.0261384430013582,-0.19591061024796416,1.0,0.3446691176470588,0.02392191120850084,-0.03842158091165411,1.0,2.015625,1.9733455882352942,0.04706673978663248,0.8982863898449518,0.4583333333333333,1.9831932773109244,0.042140867189383924,0.7696026411446447,0.4583333333333333,7.859375,8.13813025210084,0.12863786090082224,-2.1669767372434463,0.03333333333333333,8.109112394957982,0.1393091567461584,-1.7926847078188863,0.09166666666666666,6.84375,7.164784663865547,0.16503066205566203,-1.945303132561312,0.05,7.125919117647059,0.17612350881428024,-1.6021093353562599,0.11666666666666667,0.375,0.3433560924369748,0.024869077943894875,1.2724198152587112,0.20833333333333334,0.3484768907563025,0.02242744284062096,1.1826185192927299,0.3416666666666667,1.96875,1.9565388655462186,0.04975108791688854,0.24544457146707366,0.8416666666666667,1.9493172268907564,0.040324753557189716,0.4819068040101848,0.7,9.109375,9.121848739495798,0.13158910981745492,-0.09479309885979091,0.9583333333333334,9.133534663865547,0.12487990621286321,-0.1934631807327384,0.7833333333333333,8.140625,8.16530987394958,0.1709636832724342,-0.1443866526333789,0.8583333333333333,8.184217436974789,0.15750126568480619,-0.2767751534265567,0.7583333333333333,0.359375,0.3426995798319328,0.027573084314880737,0.6047716670952105,0.55,0.3395483193277311,0.024042980522506783,0.8246348930703086,0.5333333333333333,1.5625427334575415,0.03478356089693482,2.1185964437373492,0.04275548549038258
GaPt22_01,pd,1.2448437499999734,0.08464664531741206,0.06460317460317323,0.13427481845094247,0.313059731524512,0.050832581908418925,0.03783591178295757,-0.003974325534894405,1.0068822927117487,0.09240828606815257,0.061530283971439996,0.10132389410283775,1.3119218777161894,0.12946421416402232,0.0747720745563003,0.059246074655761406,2.015625,1.966123949579832,0.05696924696292606,0.8689082805040746,0.475,1.9617909663865547,0.039165514536784324,1.3745263977799724,0.25,6.8125,7.098345588235294,0.10549161006919,-2.7096523415256772,0.025,7.073004201680672,0.12689097433540925,-2.05297660487723,0.05,5.796875,6.132221638655462,0.13936568187002546,-2.406235410007261,0.016666666666666666,6.111213235294118,0.13844796236141907,-2.270443204310485,0.05,0.390625,0.3487394957983193,0.027960676172649364,1.4980147097677254,0.15833333333333333,0.3493960084033613,0.021788863822750592,1.8922047488125515,0.09166666666666666,1.921875,2.010766806722689,0.059680438561726015,-1.4894630278353318,0.15,2.016150210084034,0.044841704811721776,-2.102400220506112,0.058333333333333334,8.21875,8.115414915966387,0.11824836277933355,0.8738817316773319,0.36666666666666664,8.123555672268907,0.13266039390323386,0.717579112576211,0.45,7.296875,7.104648109243698,0.1565615884445084,1.2278036564788373,0.24166666666666667,7.107405462184874,0.13454294881503043,1.408245764522437,0.14166666666666666,0.296875,0.34663865546218486,0.028693523147820747,-1.734316668114155,0.08333333333333333,0.34676995798319327,0.021935195525740293,-2.274652985182787,0.03333333333333333,2.0625,2.0245535714285716,0.059011888281388765,0.6430302380850261,0.5583333333333333,2.025997899159664,0.039980076417880636,0.9130072803965669,0.4,8.265625,8.141938025210084,0.11363488293284055,1.0884595609872365,0.325,8.138786764705882,0.13266327718949217,0.9560915272200452,0.375,7.203125,7.117384453781512,0.151160017672358,0.5672170957556504,0.625,7.112788865546219,0.14137569848384599,0.6389792264340485,0.575,0.34375,0.3478203781512605,0.027925832644367352,-0.14575673367008757,1.0,0.3483455882352941,0.020070979093449598,-0.2289668189029167,1.0,2.015625,2.0126050420168067,0.05768952044222721,0.052348467452032976,1.0,2.00905987394958,0.04283894580563594,0.1532513447041061,1.0,9.171875,9.111475840336135,0.11764871052532153,0.5133856494828727,0.5916666666666667,9.130777310924369,0.14021045221711514,0.2931143037181806,0.7833333333333333,8.15625,8.098870798319327,0.14877664261898077,0.3856734543178402,0.725,8.121717436974789,0.1497160584662009,0.23065370127284504,0.8166666666666667,0.359375,0.3474264705882353,0.02838465084406327,0.42095037481370984,0.7416666666666667,0.34611344537815125,0.02261888314866978,0.5863045728068436,0.7416666666666667,-0.8165598130520417,-0.001982413582723542,-1.2212750530758663,-0.0040526103645307475
GaPt23_01,pd,1.6307812499999654,0.09907996910464478,0.06920634920634773,0.48050676394006037,0.5525667069017952,0.07684039438475879,0.07696169623066886,-0.05996014841274749,1.0902275531165668,0.05750843472130776,0.06838892120400085,-0.21017539584113323,1.5975462236220261,0.0608084530644936,0.0574431281262256,0.17770536329643755,1.703125,1.713235294117647,0.03181352570051781,-0.31779860593956133,0.7666666666666667,1.7182247899159664,0.029683511461916494,-0.5086928457011967,0.7916666666666666,7.34375,7.298450630252101,0.16032032802813426,0.282555370894385,0.775,7.264443277310924,0.19925999867777408,0.3980062391615464,0.7166666666666667,6.640625,6.585215336134453,0.16676419933284042,0.3322635438974275,0.75,6.546218487394958,0.2027620102260603,0.46560256775807224,0.6833333333333333,0.28125,0.2816439075630252,0.017903539196081324,-0.02200165892961689,1.0,0.2824317226890756,0.018661477104654167,-0.06332417752616724,1.0,1.78125,1.7937237394957983,0.028520917994134986,-0.4373540675781691,0.775,1.7996323529411764,0.031226623859089992,-0.588675644992129,0.6083333333333333,8.5,8.31657037815126,0.17183240738713254,1.0674914274783989,0.3416666666666667,8.324448529411764,0.225866990991692,0.7772338481929516,0.5083333333333333,7.71875,7.522846638655462,0.18014794446616722,1.0874582106671193,0.3,7.524816176470588,0.22525890460935738,0.8609374349295136,0.4166666666666667,0.265625,0.28715861344537813,0.0185315215987399,-1.161999209327871,0.44166666666666665,0.2866334033613445,0.019129823330325875,-1.0982016403696,0.48333333333333334,1.84375,1.8107930672268908,0.03169635647877119,1.0397703848132283,0.275,1.808298319327731,0.031885583608688386,1.111840420026334,0.2916666666666667,8.515625,8.318802521008404,0.14490484850656069,1.3582877386099643,0.15,8.329438025210084,0.1954060139683726,0.9528211082594976,0.4166666666666667,7.671875,7.508009453781512,0.15233258659417004,1.0757090776318443,0.375,7.521139705882353,0.19847376215217086,0.7594721462581902,0.5,0.28125,0.2851890756302521,0.018997580588224806,-0.20734617294865582,1.0,0.2847951680672269,0.01966316414324145,-0.18029489259211673,1.0,1.796875,1.7929359243697478,0.031528058971781465,0.12493872945929801,1.0,1.8014705882352942,0.03237852013567746,-0.14193323895091606,1.0,8.90625,9.31748949579832,0.14160634477399697,-2.904103601110925,0.008333333333333333,9.349921218487395,0.19553978816794662,-2.268956219315999,0.03333333333333333,8.109375,8.524553571428571,0.15121073307645247,-2.745695116884699,0.008333333333333333,8.5484506302521,0.20216931058547905,-2.1718213757594773,0.03333333333333333,0.3125,0.2866334033613445,0.01987249298688735,1.3016281679265542,0.2916666666666667,0.2867647058823529,0.02070376061285622,1.2430251005542672,0.24166666666666667,0.44273733539885934,0.01753335286617485,0.36675960675028063,0.017504968032933155
GaPt24_01,pd,1.0209374999999778,0.07830990024377642,0.06936507936507788,-0.13692563300154806,0.2729577237972445,0.04045678072537216,0.03188514822581752,0.3343386020735156,1.0182069450908768,0.06252790390068232,0.05606692475244708,0.00043694701013606395,1.2767932258896084,0.09844307097654743,0.07320882868538114,0.12384662420040075,2.140625,2.04359243697479,0.07801565307372167,1.2437576204549377,0.225,2.042279411764706,0.084666617376367,1.1615627419968846,0.30833333333333335,6.890625,6.885504201680672,0.1336411593152666,0.038317523924254,1.0,6.866859243697479,0.1534959718963537,0.1548298369586443,0.9,5.75,5.841911764705882,0.17104451310764782,-0.5373558206338783,0.6916666666666667,5.824579831932773,0.18134582704321722,-0.41125750257820864,0.7083333333333334,0.390625,0.3648897058823529,0.02625525157552518,0.9801960588196078,0.4083333333333333,0.3639705882352941,0.03301133643349846,0.8074320716582127,0.45,2.046875,2.080357142857143,0.07802657237938898,-0.4291120554974837,0.725,2.101234243697479,0.08401644082609175,-0.6470072186228265,0.65,7.5,7.910189075630252,0.14670555847002767,-2.796002277678217,0.008333333333333333,7.949579831932773,0.14918393632275284,-3.0135941108305873,0.008333333333333333,6.453125,6.829831932773109,0.1905840762108184,-1.9765918552209316,0.05,6.848345588235294,0.18070482716833877,-2.1871058699894035,0.025,0.390625,0.3631827731092437,0.027060723998932272,1.0140980297437385,0.39166666666666666,0.3637079831932773,0.032287105334762055,0.8336769904777552,0.48333333333333334,2.1875,2.094669117647059,0.06866128827423477,1.3520119515114897,0.225,2.0978203781512605,0.08561699151997845,1.047451215659838,0.36666666666666664,8.140625,7.928308823529412,0.13806239361077438,1.537827723522959,0.125,7.967699579831932,0.13757177279265353,1.256983294303394,0.20833333333333334,6.953125,6.833639705882353,0.17043148924288712,0.7010752217705767,0.5916666666666667,6.869879201680672,0.17398204381826107,0.4784735050375947,0.625,0.359375,0.3631827731092437,0.02499390704308938,-0.1523480543749763,1.0,0.3596376050420168,0.03098291541145755,-0.008475801535438912,1.0,1.953125,2.0756302521008405,0.08026680614149441,-1.52622557181219,0.11666666666666667,2.0902048319327733,0.0806898105872026,-1.6988493458493028,0.11666666666666667,9.15625,8.929621848739496,0.12940583483993678,1.7512977798939495,0.08333333333333333,8.906775210084033,0.13868322715692366,1.7988822082549278,0.08333333333333333,8.203125,7.8539915966386555,0.16933354278040938,2.0618088869380022,0.03333333333333333,7.81657037815126,0.17459166316002292,2.214049713785252,0.025,0.3125,0.36186974789915966,0.027062008964103063,-1.8243193978927112,0.09166666666666666,0.36580882352941174,0.031409271340586055,-1.6972320991263425,0.11666666666666667,-2.7699831922671274,-0.04080515981120256,-2.8604120878461874,-0.04304236143284936
GaPt25_01,pd,0.9953124999999783,0.14719567745119602,0.07063492063491913,0.05167352483604574,0.3254953969016538,0.04937939423011398,0.03305050921347381,0.2961468766858101,0.9733481163213105,0.1633557532678413,0.09707321749180378,-0.06101370341421644,1.400765695936597,0.1202030676775583,0.0631593068178497,0.27743644279252977,1.921875,1.9610031512605042,0.0586356294395612,-0.6673101599571912,0.48333333333333334,1.9774159663865547,0.059574593404863395,-0.9322928317630883,0.325,6.984375,6.9428834033613445,0.1230555359103842,0.33717781432337995,0.7666666666666667,6.912158613445378,0.12470157034527722,0.5791136900254534,0.6666666666666666,6.0625,5.98188025210084,0.16588392169031824,0.4860009763313021,0.6083333333333333,5.934742647058823,0.17315403162789197,0.737824881927827,0.49166666666666664,0.328125,0.35175945378151263,0.028830139594936473,-0.8197828423162968,0.38333333333333336,0.3599002100840336,0.029543779367574106,-1.0755296297300616,0.30833333333333335,2.0625,2.022846638655462,0.05863266419530594,0.6763015443482506,0.5416666666666666,2.007090336134454,0.07279907251321517,0.7611314533641572,0.48333333333333334,7.921875,7.982930672268908,0.11979344057607118,-0.5096745863154017,0.7083333333333334,7.997373949579832,0.13619006174210901,-0.5543646035112151,0.5833333333333334,6.859375,6.9600840336134455,0.15897644425404625,-0.6334839987521125,0.5833333333333334,6.990283613445378,0.194156980090247,-0.674241087724632,0.5083333333333333,0.390625,0.35622373949579833,0.027411185906568217,1.2550081058681413,0.31666666666666665,0.35044642857142855,0.033951761063276534,1.1834016902301443,0.25833333333333336,2.0625,2.040047268907563,0.059224226478796854,0.37911396108272655,0.775,2.035451680672269,0.07339205564567029,0.36854560196975217,0.7666666666666667,8.03125,7.973608193277311,0.1381722884045021,0.41717342448538886,0.6583333333333333,7.991465336134453,0.1418080517808705,0.28055292605686455,0.7583333333333333,6.96875,6.933560924369748,0.17918556100198454,0.1963834330929291,0.8333333333333334,6.9560136554621845,0.2003556159076138,0.06356869249768542,0.95,0.359375,0.35806197478991597,0.028520917994134986,0.04603727027138601,1.0,0.35806197478991597,0.03630806962656971,0.03616345411883799,1.0,1.984375,2.0219275210084033,0.0579415263026922,-0.6481106626743883,0.6083333333333333,2.009978991596639,0.07225658347689964,-0.3543482180391827,0.7,8.921875,8.974527310924369,0.13893561427929563,-0.37896914479051164,0.7583333333333333,8.957064075630251,0.13914918990514083,-0.2528873912542358,0.8416666666666667,7.9375,7.952599789915967,0.179620505808627,-0.08406495599146331,0.9666666666666667,7.947085084033613,0.19820797862195072,-0.048358719463535496,0.9833333333333333,0.34375,0.3558298319327731,0.028655323712883755,-0.421556289288817,0.825,0.35346638655462187,0.034759954286532814,-0.2795281741318724,0.8,0.019199497282802902,-0.0014974318213569749,0.5779446137239056,0.008382799936108194
GaPt26_01,pd,1.1426562499999762,0.15035663622053597,0.08761904761904575,0.0787763143557345,0.3824753220372602,0.12548937876123295,0.058029632410165476,0.15275822363038175,1.0065577932631353,0.10626450489298289,0.07200818324566442,0.35552151186521463,1.3676191376360174,0.11488114713854951,0.05357628504333615,0.5265779623164053,2.0625,1.8982405462184875,0.051295192867866865,3.202238740083001,0.016666666666666666,1.906906512605042,0.06911482787985605,2.251231641138279,0.03333333333333333,6.84375,7.051076680672269,0.12121346220103431,-1.7104261928300881,0.08333333333333333,7.072478991596639,0.12353034168826124,-1.8516017074886335,0.11666666666666667,5.78125,6.152836134453781,0.1577281730547373,-2.355864061931584,0.03333333333333333,6.165572478991597,0.18460108193977745,-2.0819080525052094,0.058333333333333334,0.40625,0.328125,0.026755746452310745,2.919933485662583,0.025,0.32970063025210083,0.03394100540815438,2.255365415000584,0.03333333333333333,1.890625,1.9583771008403361,0.04160314609037234,-1.6285331088461859,0.15,1.9561449579831933,0.06545191659057491,-1.001039563028292,0.36666666666666664,8.234375,8.086528361344538,0.1128531033871647,1.3100803984826659,0.21666666666666667,8.111475840336135,0.12344980846948389,0.9955394924265488,0.35833333333333334,7.34375,7.128151260504202,0.1381547966882581,1.560559203617733,0.13333333333333333,7.155330882352941,0.1815722373612192,1.0377088501267875,0.3,0.28125,0.3337710084033613,0.023169467777877383,-2.2668198038415586,0.03333333333333333,0.32996323529411764,0.03132779449428847,-1.5549525933911115,0.11666666666666667,1.90625,1.9671743697478992,0.04819791751494438,-1.2640456868081238,0.3,1.9797794117647058,0.06720113865490268,-1.0941691351734482,0.325,8.234375,8.119485294117647,0.12243441384235576,0.9383775547803338,0.375,8.111607142857142,0.11946992885165036,1.027604672764997,0.3416666666666667,7.328125,7.152310924369748,0.1565439302018338,1.1230973657271361,0.275,7.131827731092437,0.17898245818168212,1.0967402666260464,0.275,0.296875,0.33114495798319327,0.025019632033155298,-1.3697227016680222,0.23333333333333334,0.33429621848739494,0.03249750995002323,-1.1515103324822027,0.35,1.953125,1.9575892857142858,0.04869960765462373,-0.09166984970282308,1.0,1.966780462184874,0.05762770446240773,-0.23696002317395387,0.9666666666666667,9.0625,9.086790966386555,0.11233689106704453,-0.21623320848409552,0.875,9.0765493697479,0.10839441943104972,-0.12961340465351828,0.9666666666666667,8.109375,8.129201680672269,0.1462037474931806,-0.13560993484926692,0.95,8.109768907563025,0.15551285578794408,-0.0025329581983995386,1.0,0.34375,0.33482142857142855,0.023859324494100206,0.37421727638514063,0.7833333333333333,0.33416491596638653,0.028703822222177485,0.3339305810711065,0.7666666666666667,-3.2939085897858242,-0.059482739670746305,-2.488191664312233,-0.047235653531761596
GaPt27_01,pd,1.1068749999999765,0.05742835426003197,0.04396825396825303,-0.013493276340334263,0.3674483046781786,0.04891213200591543,0.028495531714025288,0.4980078235372724,0.9991738769442282,0.17200299755374973,0.10119545713009545,0.089763687760504,1.3639677154917274,0.08214175074946575,0.041350212808606054,0.004494251410265525,1.84375,1.8071165966386555,0.03629992810571378,1.0091866643553542,0.35,1.8134191176470589,0.03441915726328661,0.8812209468386297,0.575,7.0625,7.286108193277311,0.14367784291090302,-1.5563164698677594,0.11666666666666667,7.274553571428571,0.13241968061609008,-1.6013750406433538,0.13333333333333333,6.21875,6.4789915966386555,0.15153692906873123,-1.7173477002468496,0.1,6.461134453781512,0.14891225853312548,-1.627699802347662,0.11666666666666667,0.328125,0.28728991596638653,0.018206871874856888,2.242839094726943,0.05,0.28781512605042014,0.020392382680360862,1.9767123136817544,0.058333333333333334,1.828125,1.8667279411764706,0.042661217921916586,-0.9048719904604237,0.45,1.862920168067227,0.03758800665721766,-0.9256986778931932,0.425,8.5,8.294117647058824,0.13766071625684995,1.4955781034658906,0.13333333333333333,8.288209033613445,0.10927464901175811,1.9381527948331947,0.058333333333333334,7.671875,7.427389705882353,0.15096447185625,1.6194889506880021,0.09166666666666666,7.425288865546219,0.12950629417077064,1.9040474907623082,0.075,0.265625,0.2912289915966387,0.021405669340310487,-1.1961313234163642,0.3,0.29070378151260506,0.022396412119650207,-1.1197678172121772,0.35833333333333334,1.84375,1.8727678571428572,0.037247878756411085,-0.7790472400488757,0.5166666666666667,1.8801207983193278,0.03386253966207732,-1.0740717820423684,0.39166666666666666,8.3125,8.316045168067227,0.13067172622536702,-0.027130337752731822,1.0,8.327731092436975,0.10730220722562693,-0.14194575145084032,0.95,7.46875,7.44327731092437,0.14198473893701632,0.1794044153360003,0.8083333333333333,7.447610294117647,0.1171316645812833,0.18047814788530897,0.875,0.265625,0.2867647058823529,0.017568277643580037,-1.2032884674997146,0.4166666666666667,0.28860294117647056,0.01927920307898947,-1.191851192309499,0.39166666666666666,1.890625,1.865546218487395,0.04344906752313362,0.5771995336666844,0.5916666666666667,1.8641018907563025,0.035089515395263095,0.755869921397603,0.5333333333333333,9.3125,9.297137605042018,0.14528506315150191,0.10573967223294424,0.9416666666666667,9.311318277310924,0.12186820357831449,0.009696726909707637,1.0,8.421875,8.431591386554622,0.16577173600472067,-0.05861304700546452,0.975,8.447216386554622,0.13810104928620567,-0.1834988704691427,0.8916666666666667,0.296875,0.29096638655462187,0.021623056990444738,0.27325523157938103,1.0,0.28912815126050423,0.01960383225101865,0.3951701198164064,1.0,-0.4319871306886698,-0.0073133540103403815,-0.12535102544102672,-0.0032776636279515923
GaPt28_01,pd,1.124999999999976,0.09747608579332113,0.056031746031744836,-0.020508045647710464,0.4049508112355115,0.060982488916730034,0.04122240261878805,0.47177521508749326,1.0074834571451077,0.0812695932805514,0.05249458306387564,0.22582066025136974,1.4189583192231499,0.07123911579661377,0.0441461645719854,0.41639991774696117,1.96875,1.866202731092437,0.052718356420764265,1.9451909329095205,0.058333333333333334,1.8676470588235294,0.049612154783814026,2.037866357892107,0.041666666666666664,7.09375,7.172531512605042,0.1507286514967034,-0.5226711167568909,0.6083333333333333,7.173581932773109,0.10393934686916531,-0.7680626747981993,0.525,6.125,6.3063287815126055,0.1861513388052012,-0.9740933515517589,0.36666666666666664,6.30593487394958,0.13622312249354276,-1.3282243912604237,0.18333333333333332,0.359375,0.31486344537815125,0.026572519254940707,1.675097276054192,0.14166666666666666,0.3136817226890756,0.020959155875551555,2.180110572307193,0.06666666666666667,1.828125,1.917673319327731,0.0454723709803561,-1.9692907450639787,0.058333333333333334,1.927783613445378,0.04813763783401861,-2.070284665587597,0.075,8.3125,8.166491596638656,0.1404253080565185,1.0397584693392936,0.30833333333333335,8.190913865546218,0.10272536812973002,1.1836037842203997,0.2833333333333333,7.484375,7.248818277310924,0.17000085271151666,1.3856208303190343,0.19166666666666668,7.26313025210084,0.12862177607405512,1.7201188993983128,0.13333333333333333,0.28125,0.3177521008403361,0.0233957352923797,-1.5602031902038715,0.18333333333333332,0.3168329831932773,0.021520697795607946,-1.6534307359001739,0.15,1.90625,1.9314600840336134,0.0440586327271908,-0.5721939713770314,0.5333333333333333,1.9364495798319328,0.05149107037352975,-0.5865013023201323,0.7666666666666667,8.1875,8.196034663865547,0.13622695140570693,-0.06265033297360449,0.9666666666666667,8.203387605042018,0.10975236039863334,-0.14475866381654073,0.8416666666666667,7.28125,7.264574579831932,0.1630375709918015,0.10227961608251761,0.9333333333333333,7.266938025210084,0.13643686636959088,0.10489814938395198,0.9583333333333334,0.296875,0.3163077731092437,0.022465397061393118,-0.8650091096159164,0.44166666666666665,0.3169642857142857,0.02105598836159864,-0.9540889446407564,0.4666666666666667,1.953125,1.9197741596638656,0.049239632279290166,0.6773170064911628,0.575,1.9201680672268908,0.04251383883916977,0.7752048197243621,0.5166666666666667,9.15625,9.193802521008404,0.1421369888357199,-0.2641994973722635,0.875,9.177914915966387,0.09892808969826926,-0.2189966068531663,0.8666666666666667,8.203125,8.274028361344538,0.17273702736876892,-0.4104699636469326,0.7583333333333333,8.257746848739496,0.11875059150408535,-0.459971171912996,0.6666666666666666,0.328125,0.3167016806722689,0.024042980522506783,0.4751207662060728,0.775,0.3181460084033613,0.018834894810798045,0.529814033838815,0.7416666666666667,-1.2678739264183578,-0.015040781284800778,-1.2626615381677446,-0.014401257820223553
GaPt29_01,pd,1.0237499999999782,0.06632052999194527,0.03984126984126899,0.11093795408985338,0.34191538557669027,0.05477130561398683,0.027275691449234432,0.6600125483953841,0.9709435317324242,0.07330696884571591,0.040956072018863816,0.2752226564089039,1.3122352869117258,0.05990544363149992,0.03227291807820798,0.5377175060035377,1.90625,1.9507615546218486,0.052757587894080714,-0.8436995776079205,0.5,1.9482668067226891,0.07173980639137868,-0.5856833024257856,0.6666666666666666,6.953125,6.948792016806722,0.11946367089848733,0.03627030008946886,1.0,6.969931722689076,0.11948506301129143,-0.14065961272069064,0.8916666666666667,6.046875,5.998030462184874,0.15531439459028126,0.3144881576751295,0.825,6.021664915966387,0.17824656269177694,0.14143377382938097,0.9166666666666666,0.34375,0.35779936974789917,0.024359084430717128,-0.5767609939469943,0.7333333333333333,0.35714285714285715,0.03453866771013733,-0.3877641504662398,0.8416666666666667,1.96875,1.9893644957983194,0.056444343133546376,-0.36521810076779293,0.6833333333333333,2.0027573529411766,0.07400824738976654,-0.4595076108487739,0.7666666666666667,7.9375,8.012079831932773,0.12494101122016454,-0.5969203482862212,0.575,7.976102941176471,0.11628489845118153,-0.33196865363112654,0.8166666666666667,6.96875,7.022715336134453,0.16476717484965536,-0.3275248008815774,0.7916666666666666,6.973345588235294,0.1778426730051036,-0.025840751028087045,1.0,0.34375,0.3542542016806723,0.027825414459148438,-0.37750387136529123,0.7916666666666666,0.3602941176470588,0.03477795633564954,-0.47570701071069216,0.6916666666666667,2.09375,2.0086659663865545,0.05204923544382758,1.6346836392106021,0.11666666666666667,1.999737394957983,0.06455132055932594,1.456400957058881,0.16666666666666666,7.96875,8.003413865546218,0.12828637496255252,-0.27020691446255685,0.8,8.005646008403362,0.122925905148596,-0.3001483565141229,0.85,6.875,6.994747899159663,0.1653629266375698,-0.7241520308969737,0.475,7.005908613445378,0.17430143465030457,-0.7510472516076282,0.575,0.390625,0.3556985294117647,0.027345140881161464,1.2772459553242501,0.275,0.35215336134453784,0.03176156467688983,1.2112639615470417,0.36666666666666664,1.953125,1.991859243697479,0.05193587288804817,-0.7458090437985628,0.5666666666666667,1.9855567226890756,0.07703583105194052,-0.4209952985021847,0.6833333333333333,9.078125,8.991990546218487,0.112744436847967,0.7639796356219625,0.475,9.000262605042018,0.11623435104594296,0.66987421753838,0.625,8.125,8.000131302521009,0.1508535231515318,0.8277479694893242,0.375,8.014705882352942,0.1818682621416577,0.6064506052251689,0.6,0.34375,0.3541228991596639,0.02542974381603298,-0.40790419418712215,0.775,0.35228466386554624,0.037050844461493516,-0.23035004976516024,0.8083333333333333,0.09789053380935764,0.014334833383790423,0.1646880039236009,0.015062328622990359
GaPt30_01,pd,1.0878124999999765,0.03726646860838336,0.03317460317460247,0.2705030027984451,0.411107376595175,0.08799442201971353,0.03480055875530104,0.6428372580692269,0.9776313237689719,0.09270609370432334,0.06996367803478595,0.15818713609504143,1.4298762095941933,0.08203926239585689,0.03549844929456898,0.6485348709679799,1.90625,1.8559611344537814,0.04349386203742916,1.1562290215327833,0.2833333333333333,1.8543855042016806,0.0428600451380438,1.2100896214941923,0.2916666666666667,6.90625,7.0497636554621845,0.13551458032396474,-1.0590274132797888,0.325,7.073529411764706,0.10124835176766087,-1.6521692338120149,0.11666666666666667,6.0,6.193802521008403,0.16132283410922127,-1.20133347568883,0.25833333333333336,6.2191439075630255,0.13579667397539422,-1.6137649115230424,0.13333333333333333,0.359375,0.3228728991596639,0.024602684886002073,1.483663307865408,0.23333333333333334,0.31985294117647056,0.02431050053354364,1.625719666651737,0.125,1.90625,1.897452731092437,0.0469913217499618,0.1872105014277493,0.8916666666666667,1.9038865546218486,0.04061474444084159,0.058191807204250615,1.0,8.046875,8.115677521008404,0.11650701665578489,-0.5905440117111436,0.55,8.101628151260504,0.09440699236362961,-0.5799692362787113,0.6416666666666667,7.140625,7.218224789915967,0.14779749926555052,-0.5250412916428419,0.6333333333333333,7.1977415966386555,0.12327391701096284,-0.46333075174025756,0.7083333333333334,0.3125,0.31433823529411764,0.02606450477464626,-0.0705263848291393,1.0,0.3167016806722689,0.023783418221964957,-0.1766642890881206,1.0,1.90625,1.9230567226890756,0.04567494870924256,-0.3679636904698843,0.7666666666666667,1.9222689075630253,0.044028236433651134,-0.3638325960923996,0.7333333333333333,8.15625,8.092043067226891,0.13733181879152648,0.4675313655503017,0.75,8.100840336134453,0.10878221435536024,0.5093632648857388,0.6666666666666666,7.25,7.1689863445378155,0.16163862706680387,0.5012023235553855,0.6833333333333333,7.178571428571429,0.14157183933108292,0.5045394039242987,0.6,0.328125,0.3235294117647059,0.02639394906240205,0.17411521953114917,1.0,0.32182247899159666,0.026312800663558178,0.23952300209274163,1.0,1.859375,1.9045430672268908,0.04619877327095607,-0.9776897529720074,0.375,1.9109768907563025,0.04794655439093138,-1.0762377278577184,0.36666666666666664,9.234375,9.089154411764707,0.1287081239553614,1.128293877437441,0.275,9.081144957983193,0.10416776084859503,1.4709929518358595,0.15833333333333333,8.375,8.184611344537815,0.1593179523938108,1.1950232387595057,0.25,8.170168067226891,0.14031259313251862,1.4598257234092658,0.14166666666666666,0.28125,0.32050945378151263,0.02498555811499437,-1.57128584443956,0.13333333333333333,0.3228728991596639,0.02607250820516487,-1.5964286532056222,0.15,-2.1339187745047905,-0.04348081572132504,-2.286327349351911,-0.045506290320952394
GaPt31_01,pd,1.1174999999999757,0.056904263795387953,0.04222222222222132,0.2398568944693064,0.3437325443430544,0.055726087330548284,0.03534001547596995,0.2267542969768107,1.0055266719742528,0.031041691625069773,0.03187230406246577,0.1322721575144302,1.3637299758685952,0.0602348117521822,0.04240611956722923,0.2993359504733897,1.96875,1.9197741596638656,0.04237415402545043,1.1557951176256867,0.3333333333333333,1.9164915966386555,0.04468011815613396,1.169612022482311,0.35,6.890625,6.9930409663865545,0.10514476641246136,-0.9740472101559259,0.31666666666666665,7.014443277310924,0.11210573539213899,-1.1044776333504767,0.325,5.921875,6.073266806722689,0.13067664914786103,-1.1585222586430772,0.3,6.097951680672269,0.1483810033958578,-1.1866524463547619,0.25833333333333336,0.359375,0.33547794117647056,0.021606969601125653,1.105988450239893,0.3416666666666667,0.3335084033613445,0.022416586974418815,1.153904323979994,0.3416666666666667,1.921875,1.9578518907563025,0.05295002582381053,-0.6794499189861479,0.5416666666666666,1.9579831932773109,0.04323565980414333,-0.8351484270363917,0.5083333333333333,8.171875,8.051733193277311,0.12469752696861892,0.9634658332311876,0.38333333333333336,8.048188025210084,0.12112607776403626,1.0211424085808196,0.375,7.25,7.093881302521009,0.162907630718706,0.9583264871647583,0.36666666666666664,7.090204831932773,0.15564550672451433,1.026660977435456,0.35833333333333334,0.3125,0.33114495798319327,0.02623073840932084,-0.7108056850038182,0.5333333333333333,0.33075105042016806,0.02146245055544436,-0.8503712273218647,0.5166666666666667,2.0625,1.9669117647058822,0.05313031467169811,1.799127972133703,0.09166666666666666,1.974658613445378,0.047662505521584485,1.842987178146604,0.125,7.921875,8.080751050420169,0.12989169471478457,-1.2231424862769544,0.24166666666666667,8.050026260504202,0.11829158269519119,-1.0833506288813206,0.2916666666666667,6.859375,7.113839285714286,0.17145488497037875,-1.484147189846751,0.15,7.075367647058823,0.1557811697648822,-1.3865131927357928,0.16666666666666666,0.375,0.3273371848739496,0.026821298113141483,1.777051018373243,0.09166666666666666,0.3314075630252101,0.02379876495750042,1.8317100510315067,0.13333333333333333,1.859375,1.9642857142857142,0.048784503063002665,-2.150492629805564,0.058333333333333334,1.962578781512605,0.048447258764200654,-2.13022953506847,0.03333333333333333,9.171875,9.027048319327731,0.13078663476019697,1.1073507697312877,0.3416666666666667,9.04280462184874,0.1278874364765446,1.0092498661894163,0.325,8.3125,8.062762605042018,0.16503361191013602,1.5132517071369027,0.13333333333333333,8.080225840336135,0.1675338263318472,1.386431413580809,0.18333333333333332,0.28125,0.33416491596638653,0.023905916250429298,-2.2134652950370097,0.058333333333333334,0.3324579831932773,0.02380314792170914,-2.151311387960337,0.03333333333333333,-3.3062877474312504,-0.04650178344483689,-3.299841557550781,-0.045133681671683426
GaPt32_01,pd,0.9887499999999787,0.042370250120078556,0.028730158730158117,-0.17330123940273223,0.29540823518813636,0.05174406267528206,0.028371189170093857,0.3897217014997855,0.9857804780946612,0.034520026571154695,0.02494938746855867,0.067734913264412,1.284269298141082,0.028597387208919068,0.02312424814576207,0.3226633940366606,2.09375,2.0139180672268906,0.05614507029731425,1.4218867720774453,0.18333333333333332,2.010110294117647,0.06395901092507963,1.3077079315739695,0.25,6.9375,6.836134453781512,0.1258719841673121,0.8053066525411259,0.48333333333333334,6.841123949579832,0.14180179875905147,0.6796532291098033,0.49166666666666664,5.84375,5.822216386554622,0.16827400200384993,0.1279675599852031,0.925,5.8310136554621845,0.1797360424777117,0.0708613829604869,0.9416666666666667,0.421875,0.38366596638655465,0.0274954161686452,1.389651037797987,0.275,0.38209033613445376,0.030154795397735277,1.3193478297827947,0.20833333333333334,2.078125,2.042279411764706,0.052589246948081515,0.6816144043797076,0.5916666666666667,2.0480567226890756,0.06759428198110465,0.44483462845762217,0.8,7.953125,7.876838235294118,0.11597048973620845,0.6578118698938623,0.6083333333333333,7.882746848739496,0.14899571596028963,0.4723501666266807,0.6083333333333333,6.875,6.834558823529412,0.15168669782313,0.2666099074669235,0.8166666666666667,6.83469012605042,0.1901570192290052,0.21198204574838744,0.8083333333333333,0.390625,0.3747373949579832,0.025568159338712766,0.6213824324053462,0.5333333333333333,0.37775735294117646,0.03188231178233852,0.40359830700707483,0.8166666666666667,1.953125,2.0577731092436973,0.054528545544822005,-1.9191436008077165,0.03333333333333333,2.0702468487394956,0.06727871067831376,-1.7408456190473343,0.13333333333333333,7.96875,7.945640756302521,0.12662556527161237,0.18250061626899344,0.9333333333333333,7.898240546218488,0.13772410392838683,0.5119616085371337,0.7416666666666667,7.015625,6.887867647058823,0.16683737220518668,0.7657598010118075,0.44166666666666665,6.827993697478991,0.18053463947686965,1.039309149007099,0.36666666666666664,0.328125,0.3744747899159664,0.026439362286815024,-1.7530600554265428,0.15,0.3807773109243697,0.031831555470001695,-1.6540916756012654,0.15833333333333333,2.046875,2.0606617647058822,0.059243011980060496,-0.2327154586691588,0.9833333333333333,2.0434611344537816,0.06034964935175742,0.056568109059260845,1.0,8.671875,8.875393907563025,0.12127770480993592,-1.678123014299912,0.09166666666666666,8.909138655462185,0.1509970612208378,-1.5713130675780451,0.14166666666666666,7.625,7.814732142857143,0.16468600893072327,-1.152084163609526,0.2833333333333333,7.865677521008403,0.1874704175080019,-1.2838159972526353,0.225,0.375,0.38274684873949577,0.029258154113792248,-0.26477571720233434,1.0,0.375,0.02855138190873263,0.0,1.0,-1.6546022307466042,-0.04727852935892023,-1.2511398225147086,-0.03711937321905676
GaPt33_01,pd,1.2337499999999737,0.06663094280949615,0.0533333333333322,0.14751448345360843,0.5002230914530743,0.0712793873653126,0.05977577476619414,0.03584067067796879,1.0280718815981718,0.05051706438056249,0.039910532498569615,0.11575475862331443,1.4777500475532466,0.09072286544390526,0.07047304685726784,-0.007189179733723868,1.875,1.789390756302521,0.05256940669022375,1.6284993323578736,0.14166666666666666,1.7861081932773109,0.0485977520611245,1.8291341256049094,0.06666666666666667,7.375,7.015625,0.14132945024429952,2.5428175046233528,0.025,7.035714285714286,0.15537550378892884,2.183649970632565,0.05,6.5,6.226234243697479,0.1543025987794798,1.7742135159613937,0.075,6.2496060924369745,0.17441381595091365,1.4356311522562832,0.13333333333333333,0.3125,0.3232668067226891,0.02472604625582866,-0.4354439286932515,0.7333333333333333,0.31959033613445376,0.023874622436726108,-0.29698212624073833,1.0,1.84375,1.8407300420168067,0.05811829737004632,0.05196225835669066,1.0,1.8528098739495797,0.05302582180162995,-0.17085777535844346,0.9,7.9375,8.048188025210084,0.1463011100338151,-0.7565767968848673,0.4083333333333333,8.035057773109244,0.18951912468194548,-0.5147647936479633,0.6333333333333333,7.09375,7.207457983193278,0.17342001517248073,-0.6556796981028146,0.525,7.182247899159663,0.21118773715331793,-0.41904847484310037,0.65,0.34375,0.32024684873949577,0.027583801735137366,0.8520635221418722,0.43333333333333335,0.32523634453781514,0.028621325859219202,0.6468482820554394,0.5916666666666667,1.78125,1.8612132352941178,0.04899751742927701,-1.6319854451715161,0.125,1.858718487394958,0.05083042184122657,-1.5240575346184986,0.2,7.921875,8.084033613445378,0.13161130525909182,-1.2321024635851014,0.26666666666666666,8.078650210084033,0.1710173707444767,-0.9167209705163633,0.375,7.140625,7.22282037815126,0.14830798577187854,-0.5542208514495623,0.625,7.219931722689076,0.1897939614808436,-0.4178569332253503,0.6583333333333333,0.3125,0.32195378151260506,0.023741712791139215,-0.39819290190947665,0.725,0.32077205882352944,0.026036473393772935,-0.3177104171683958,0.8,1.8125,1.834952731092437,0.05267909573077182,-0.4262170939149488,0.775,1.8327205882352942,0.054748110373615225,-0.3693385597658741,0.75,8.984375,9.08469012605042,0.14459291083798895,-0.6937762402668514,0.5,9.08718487394958,0.1709031629742487,-0.6015680000321066,0.5583333333333333,8.171875,8.249737394957982,0.15951284948619998,-0.48812616167776857,0.6916666666666667,8.254464285714286,0.19788447287119545,-0.4173611224567603,0.6666666666666666,0.3125,0.3157825630252101,0.023885543539916888,-0.13742886025282783,1.0,0.31565126050420167,0.027335601989155623,-0.11528045021477172,1.0,-2.0547164262728224,-0.04905060613966672,-2.1984726853707834,-0.049678861346077546
