subject,task,key,tr,n_volumes,n_anchors,n_peaks,n_frames,n_events,mean_H,sd_H,mean_D,sd_D,mean_lambda,sd_lambda,multilevel,pivot_rate,compound_pivot_fraction,pivot_depth,tree_span_events,tree_span_time,tree_root_fraction,projection_depth_mean,projection_error_ms_mean,projection_error_ms_max,surz_mean_H,surrmean_mean_H,surz_mean_D,surrmean_mean_D,surz_mean_lambda,surrmean_mean_lambda,surz_multilevel,surrmean_multilevel,surz_pivot_rate,surrmean_pivot_rate,surz_tree_span_events,surrmean_tree_span_events,surz_tree_span_time,surrmean_tree_span_time
sub-0001,faces,ds005256/sub-0001/ses-02/func/sub-0001_ses-02_task-faces_acq-mb8_run-01_bold.nii.gz,0.4600000083446502,914,96,135,95,121,5.694214876033058,1.5750289690807362,1.0909090909090908,0.3872983346207417,5.603305785123967,1.6954809486935911,0.0661157024793388,0.2727272727272727,0.6666666666666666,2.333333333333333,2.7142857142857144,4.233193277310924,0.0165289256198347,1.56198347107438,98.43319459918628,225.015631429976,-1.077741015552515,5.780854835941686,-0.2783212898438848,1.1005428781037787,-0.8326020273749531,5.680311957837907,-0.0993089625387946,0.0680911319418155,0.2102344168225036,0.2687678450892185,0.1091347172352535,2.681238333007582,0.3888547919372364,4.050595269462429
sub-0002,faces,ds005256/sub-0002/ses-02/func/sub-0002_ses-02_task-faces_acq-mb8_run-01_bold.nii.gz,0.4600000083446502,914,96,86,95,79,5.873417721518988,1.6042179068014528,1.0506329113924051,0.2206478908203439,5.822784810126582,1.6852261026942963,0.050632911392405,0.240506329113924,0.6842105263157895,2.789473684210526,2.1818181818181817,5.233766233766234,0.0253164556962025,1.6962025316455696,98.29365673719596,224.03947393448243,0.4897383765879274,5.806359315894426,-0.578419935189584,1.0723031156961391,0.5942010421852215,5.734056200198286,-0.125512510162292,0.053548303729624,-0.8705531618155848,0.2627086250950022,-1.476811149651543,2.61918295063216,-1.54079838595964,6.154863323481558
sub-0003,faces,ds005256/sub-0003/ses-02/func/sub-0003_ses-02_task-faces_acq-mb8_run-01_bold.nii.gz,0.4600000083446502,914,96,128,95,119,5.949579831932773,1.6252704572626735,1.050420168067227,0.2866740751315226,5.899159663865547,1.699426413619713,0.0336134453781512,0.2436974789915966,0.7241379310344828,2.5172413793103448,2.8559322033898304,4.504237288135593,0.0084033613445378,1.7478991596638656,99.77492552313744,229.8059013436811,1.675125943360833,5.811015438047623,-1.4917686567653266,1.1049340523350248,1.8561537121866607,5.706081385712598,-1.909438328622436,0.0701531300568025,-1.0199287073893253,0.2656136869875781,0.4335623348039705,2.722965619306512,0.374730273815747,4.324094861916683
sub-0004,faces,ds005256/sub-0004/ses-02/func/sub-0004_ses-02_task-faces_acq-mb8_run-01_bold.nii.gz,0.4600000083446502,914,96,125,95,119,5.8655462184873945,1.4017203095609263,1.0420168067226891,0.2014758253233289,5.823529411764706,1.4476577155583956,0.042016806722689,0.2436974789915966,0.6896551724137931,2.1724137931034484,2.440677966101695,3.909957627118644,0.0084033613445378,1.6974789915966386,96.09052252805228,226.56787911167345,0.803407387700454,5.792917974490029,-1.574204116010734,1.090834202610936,1.171168881297792,5.702083771879092,-1.0905626736610812,0.0620455868211089,-1.2045024435670093,0.2719228661427501,-0.8863169217174872,2.731331882520947,-0.9782163299918786,4.453202915914483
sub-0005,faces,ds005256/sub-0005/ses-02/func/sub-0005_ses-02_task-faces_acq-mb8_run-01_bold.nii.gz,0.4600000083446502,914,96,123,95,112,5.9375,1.3707448491391243,1.125,0.5714687888035326,5.8125,1.5277095261849998,0.0625,0.25,0.7142857142857143,2.1785714285714284,3.108108108108108,5.262387387387387,0.0089285714285714,1.7232142857142858,93.42176741485166,228.78965410348508,1.2851666781623892,5.801374593884597,0.282588062910675,1.1120635383845054,0.9302346575240532,5.68931105550009,-0.5275385607330163,0.0737977881388513,-0.5189062687594483,0.2615114079528791,1.885818312800544,2.657085449263494,2.0480572795727747,4.427047006580863
sub-0006,faces,ds005256/sub-0006/ses-02/func/sub-0006_ses-02_task-faces_acq-mb8_run-01_bold.nii.gz,0.4600000083446502,914,96,43,95,42,5.833333333333333,1.7238169031098272,1.2142857142857142,0.5196487690792454,5.619047619047619,1.93746604630996,0.1666666666666666,0.2619047619047619,0.8181818181818182,3.1818181818181817,2.225,9.725,0.0476190476190476,1.5714285714285714,87.30451643738299,225.8852713426052,0.5323150781522633,5.715308648482589,2.219212738773189,1.0804234706994655,-0.0686605441271289,5.634885177783123,3.342729809089024,0.0560572617504581,-0.0015865558764043,0.2619532860386518,0.0825894804261038,2.202581101876768,-0.5864373963278765,10.543194818923345
sub-0007,faces,ds005256/sub-0007/ses-02/func/sub-0007_ses-02_task-faces_acq-mb8_run-01_bold.nii.gz,0.4600000083446502,914,96,119,95,109,5.73394495412844,1.3651902718754545,1.1192660550458715,0.4456532999367091,5.614678899082569,1.4587428433334488,0.0825688073394495,0.2752293577981651,0.7666666666666667,2.1,3.0462962962962963,5.267361111111111,0.0091743119266055,1.5963302752293578,86.95330884857295,227.64197409910912,-0.5311907687184727,5.789430656467975,0.7933739575594753,1.081068572976796,-0.7720648317556627,5.70836208349118,0.7292221417878118,0.0630026021935987,0.2085998538028307,0.2712559573394773,1.2941593057258436,2.703639987582346,1.3611316221681629,4.630780786152105
sub-0008,faces,ds005256/sub-0008/ses-02/func/sub-0008_ses-02_task-faces_acq-mb8_run-01_bold.nii.gz,0.4600000083446502,914,96,119,95,113,5.761061946902655,1.465522434170453,1.0884955752212389,0.3421967407139444,5.672566371681416,1.6060292531810636,0.0707964601769911,0.2389380530973451,0.5925925925925926,2.111111111111111,2.6607142857142856,4.524553571428571,0.0088495575221238,1.6283185840707963,98.82223654846298,228.14361186628676,-0.4283953016355354,5.794442104353719,-0.4516531022910046,1.1082983708866032,-0.1385458518973051,5.686143733467116,-0.0240803577534758,0.0713517048705502,-1.5647528110392308,0.272935231813425,-0.2577061588042825,2.738915860867857,-0.2378146438454556,4.653095944593217
sub-0009,faces,ds005256/sub-0009/ses-02/func/sub-0009_ses-02_task-faces_acq-mb8_run-01_bold.nii.gz,0.4600000083446502,914,96,133,95,125,5.84,1.4446787788963844,1.104,0.3980598107109354,5.736,1.5405487082791782,0.08,0.288,0.6111111111111112,2.111111111111111,2.346774193548387,3.559475806451613,0.008,1.672,101.82960090803704,222.7754946274628,0.2945375620378969,5.81451870083598,0.0829779121708931,1.1001733542479175,0.1992534570819165,5.714345346588062,0.4259560343284383,0.0691754911382463,0.6978321132954779,0.2716898379890447,-1.9724163712579343,2.7861784408494654,-1.9957352287659424,4.264072271970426
sub-0010,faces,ds005256/sub-0010/ses-02/func/sub-0010_ses-02_task-faces_acq-mb8_run-01_bold.nii.gz,0.4600000083446502,914,96,119,95,110,5.836363636363636,1.3648757225898245,1.0636363636363635,0.2801465123650931,5.7727272727272725,1.4441218461711685,0.0545454545454545,0.2636363636363636,0.6896551724137931,1.9655172413793105,2.611111111111111,4.524305555555555,0.0181818181818181,1.6454545454545455,99.22743628733352,216.99447189102727,0.2932879357232607,5.807239154292384,-0.8030352719949613,1.09629725909971,0.6135048180149696,5.710941895192672,-0.4553054373322679,0.0659006043647181,-0.4899379506581797,0.2739097012313592,-0.1437887071431944,2.6621615721139884,-0.0373267493268251,4.548144899892159
sub-0011,faces,ds005256/sub-0011/ses-02/func/sub-0011_ses-02_task-faces_acq-mb8_run-01_bold.nii.gz,0.4600000083446502,914,96,124,95,116,5.724137931034483,1.2620632306667123,1.1293103448275863,0.4850848856920163,5.594827586206897,1.432410241673025,0.0862068965517241,0.25,0.6896551724137931,2.034482758620689,2.429824561403509,3.893092105263158,0.0172413793103448,1.5689655172413792,100.84701707296855,229.7042616256525,-0.8000768856563263,5.8057488388297696,0.7177469416056221,1.0995293585093515,-1.0097687062900893,5.706219480320416,0.3971893528640022,0.0751191071899981,-0.615508280003981,0.2641640159832439,-1.083253475728914,2.752142923692376,-1.2303851978023497,4.479996778302873
sub-0013,faces,ds005256/sub-0013/ses-02/func/sub-0013_ses-02_task-faces_acq-mb8_run-01_bold.nii.gz,0.4600000083446502,914,96,133,95,125,6.008,1.439623606722347,1.168,0.6442800432991453,5.84,1.652954344353203,0.104,0.248,0.6774193548387096,2.193548387096774,2.5284552845528454,3.927845528455285,0.016,1.744,97.39446489930174,229.50776553963925,2.0927950811795344,5.839711385572519,2.280902619802568,1.0942274093757949,0.986121113649476,5.745483976196725,1.5090083702260642,0.0689013843501639,-0.887679759208056,0.2664485936335884,-0.945771214246946,2.859357283782052,-0.7104743434534799,4.343151693525512
sub-0014,faces,ds005256/sub-0014/ses-02/func/sub-0014_ses-02_task-faces_acq-mb8_run-01_bold.nii.gz,0.4600000083446502,914,96,118,95,109,5.7889908256880735,1.509681070657057,1.1192660550458715,0.4243681717871405,5.669724770642202,1.6333052484635295,0.091743119266055,0.2660550458715596,0.7241379310344828,2.206896551724138,2.703703703703704,4.643518518518518,0.0091743119266055,1.6605504587155964,110.72453202686444,226.602901009187,-0.0588833669814641,5.794848802587497,0.8958132674590031,1.0901440394269009,-0.3449696364240968,5.704704763160596,1.4092346670165372,0.0623512113450867,-0.0538901919006985,0.2675254445154277,0.0898131165851347,2.6750990961518557,0.0279028694848419,4.627188400956277
sub-0016,faces,ds005256/sub-0016/ses-02/func/sub-0016_ses-02_task-faces_acq-mb8_run-01_bold.nii.gz,0.4600000083446502,914,96,118,95,111,5.7207207207207205,1.4344537837301197,1.0810810810810811,0.4292728552741068,5.63963963963964,1.5123298870093411,0.054054054054054,0.2252252252252252,0.8,2.52,2.6666666666666665,4.582175925925926,0.027027027027027,1.5585585585585586,115.26670408783232,229.13330125786047,-1.3365288884439706,5.820693760476408,-0.1910611077583305,1.089496330378809,-1.0356418287185911,5.731197430097599,-0.4094187946214702,0.0652755781620497,-2.6063141036172603,0.2739376739369691,-0.4380109672007322,2.7775277777740754,-0.3416758268929182,4.727145655932458
sub-0017,faces,ds005256/sub-0017/ses-02/func/sub-0017_ses-02_task-faces_acq-mb8_run-01_bold.nii.gz,0.4600000083446502,914,96,103,95,99,5.727272727272728,1.376317045064226,1.0707070707070707,0.3572149999285931,5.656565656565657,1.4719251323131295,0.0505050505050505,0.2525252525252525,0.64,2.28,2.979591836734694,5.762755102040816,0.0101010101010101,1.5757575757575757,104.35867420779084,227.0350470927447,-0.5128054903027393,5.7999467731124446,-0.666116159252295,1.1038455925356998,-0.2304275152961903,5.696101180576747,-0.7782253568027632,0.0716754442859602,-0.5665754138828234,0.2671586256236375,1.3447501948688294,2.617329106403787,1.1857017575380255,5.098523282180456
sub-0018,faces,ds005256/sub-0018/ses-02/func/sub-0018_ses-02_task-faces_acq-mb8_run-01_bold.nii.gz,0.4600000083446502,914,96,123,95,115,5.678260869565217,1.4958880838553028,1.1217391304347826,0.5484879708408673,5.556521739130435,1.6659189779788006,0.0782608695652174,0.2695652173913043,0.6774193548387096,2.2580645161290325,2.7787610619469025,4.533738938053097,0.017391304347826,1.5217391304347827,90.91841277574156,226.9705853433805,-1.531415919046737,5.825644178683651,0.4757012838736831,1.1003970414793756,-1.4527357922080346,5.725247137204274,0.3320868157862782,0.0700540922396977,-0.0037687105326942,0.2696687843335953,0.4394015702671509,2.6745918805500257,0.3348117968819616,4.39680268290067
sub-0019,faces,ds005256/sub-0019/ses-02/func/sub-0019_ses-02_task-faces_acq-mb8_run-01_bold.nii.gz,0.4600000083446502,914,96,124,95,117,5.948717948717949,1.437467563928828,1.1196581196581197,0.476379904220056,5.829059829059829,1.5717911937450382,0.0854700854700854,0.2649572649572649,0.5161290322580645,2.064516129032258,2.7304347826086954,4.383695652173913,0.017094017094017,1.7692307692307692,95.84621817014904,227.25266375858575,1.4978185455962385,5.79947417019864,0.3711194895040272,1.104783257195577,1.0917943256821236,5.694690913003061,0.4117549085570792,0.074655282294679,-0.1497379705228723,0.2681521245141434,0.1272477042296546,2.69213453213762,-0.0090035923048076,4.388731627380127
sub-0020,faces,ds005256/sub-0020/ses-02/func/sub-0020_ses-02_task-faces_acq-mb8_run-01_bold.nii.gz,0.4600000083446502,914,96,117,95,110,5.854545454545455,1.4515816342990135,1.1090909090909091,0.4562603181279833,5.745454545454545,1.5470383877410046,0.0727272727272727,0.2909090909090909,0.65625,2.1875,2.908256880733945,5.021788990825688,0.009090909090909,1.6363636363636365,97.7613533259834,226.95633423838868,0.7108464374089865,5.799125506649102,0.1306124153428723,1.103321394845356,0.460119751313429,5.695804111803748,0.1270209795271166,0.0696914783464827,0.8541001208188322,0.2690025739704157,0.8804438725949651,2.6844408853320343,0.7643667095243546,4.659928408464939
sub-0021,faces,ds005256/sub-0021/ses-02/func/sub-0021_ses-02_task-faces_acq-mb8_run-01_bold.nii.gz,0.4600000083446502,914,96,83,95,82,5.487804878048781,1.4075975719005611,1.0365853658536586,0.1888968593886662,5.451219512195122,1.4242384928630616,0.0365853658536585,0.2682926829268293,0.6818181818181818,2.090909090909091,2.7875,6.084375,0.024390243902439,1.5853658536585369,102.66238279784451,228.976880846636,-1.915117172684608,5.816276293675695,-1.1439512040608355,1.1013423378193532,-1.4724416012464892,5.71493395585634,-1.166121275566825,0.0695380227850247,0.3628199085728941,0.2580168298084687,0.7898068722459712,2.5744804767501237,-0.3036092298504466,6.337278045974559
sub-0023,faces,ds005256/sub-0023/ses-02/func/sub-0023_ses-02_task-faces_acq-mb8_run-01_bold.nii.gz,0.4600000083446502,914,96,127,95,121,5.628099173553719,1.4727085670342173,1.115702479338843,0.4121100711506594,5.512396694214876,1.597475625684363,0.0909090909090909,0.256198347107438,0.7096774193548387,2.290322580645161,2.655462184873949,4.19327731092437,0.0165289256198347,1.43801652892562,110.2873628465051,226.95813564536124,-2.1934633807155537,5.838668888723321,0.7215884904770962,1.0868430904113344,-2.19829271022295,5.7518257983119865,1.384941356105065,0.0622930837721931,-0.781216182569156,0.2732763908478948,-0.2180307332111426,2.7262907344103526,-0.3684392131738147,4.37954087788428
sub-0024,faces,ds005256/sub-0024/ses-02/func/sub-0024_ses-02_task-faces_acq-mb8_run-01_bold.nii.gz,0.4600000083446502,914,96,122,95,118,5.771186440677966,1.4465462371541498,1.076271186440678,0.41667753136639,5.694915254237288,1.521967207528126,0.0508474576271186,0.288135593220339,0.7647058823529411,2.294117647058824,2.8034188034188032,4.352564102564102,0.0084745762711864,1.652542372881356,98.21163517520974,229.37549713973488,-0.2792198924705536,5.796581749421896,-0.618473407484206,1.10261885695463,0.0087962297328466,5.693962892467267,-0.8890688456314616,0.0695237502911869,0.7653174753627983,0.2698858513761079,0.3230406995158857,2.721121785328528,-0.3950648362168145,4.526596554491762
sub-0025,faces,ds005256/sub-0025/ses-02/func/sub-0025_ses-02_task-faces_acq-mb8_run-01_bold.nii.gz,0.4600000083446502,914,96,99,95,91,5.956043956043956,1.3491733099452496,1.0769230769230769,0.3409388746378392,5.87912087912088,1.4285592185070386,0.0549450549450549,0.2637362637362637,0.6666666666666666,1.9166666666666667,2.6666666666666665,5.623611111111111,0.0109890109890109,1.7912087912087913,91.85783274702904,215.3559439593593,1.668216145763023,5.786191962603567,-0.4253586738367355,1.0973034484651178,1.5985468538509748,5.6888885141384495,-0.3783056117843109,0.0661474010854494,-0.0799103457574159,0.265841438789499,-0.0191142073493023,2.671755810441728,0.2068586446369341,5.501598322285938
sub-0026,faces,ds005256/sub-0026/ses-02/func/sub-0026_ses-02_task-faces_acq-mb8_run-01_bold.nii.gz,0.4600000083446502,914,96,128,95,121,5.570247933884297,1.4538824246421014,1.1239669421487604,0.4755741781237409,5.446280991735537,1.5649835634021874,0.0909090909090909,0.2892561983471074,0.5428571428571428,2.0285714285714285,3.0672268907563027,4.832983193277311,0.0165289256198347,1.5041322314049588,101.374133841892,226.74445613232325,-2.794205726123115,5.817037790459187,0.1705493376804666,1.1168228013297672,-2.718254975968008,5.700214989129421,0.6966578299929101,0.0752685767768372,1.1994921936873284,0.2710684802877279,1.7008855330448007,2.6417765270262854,1.6191019352005145,4.215665246662296
sub-0029,faces,ds005256/sub-0029/ses-02/func/sub-0029_ses-02_task-faces_acq-mb8_run-01_bold.nii.gz,0.4600000083446502,914,96,132,95,120,5.666666666666667,1.485692738477666,1.15,0.6169864414292775,5.516666666666667,1.6499724129770876,0.075,0.25,0.7333333333333333,2.4,2.680672268907563,4.28046218487395,0.0083333333333333,1.5083333333333333,100.49202776145356,227.6163538609525,-1.5473804115678282,5.81179031186217,1.2549733424927516,1.103256370543792,-1.76508104342685,5.70853394131838,0.1734957874795746,0.0717390586659373,-0.965009339948927,0.2708521714534563,-0.0207206845262864,2.684940244624115,0.5398155509380009,4.104515386311349
sub-0031,faces,ds005256/sub-0031/ses-02/func/sub-0031_ses-02_task-faces_acq-mb8_run-01_bold.nii.gz,0.4600000083446502,914,96,125,95,114,5.868421052631579,1.454399233663267,1.0526315789473684,0.2242827412452721,5.815789473684211,1.514331474180447,0.0526315789473684,0.2456140350877192,0.6428571428571429,2.2857142857142856,2.5535714285714284,4.204241071428571,0.0175438596491228,1.7017543859649122,97.80061857762009,228.5376018709613,0.6507538449941475,5.804542487540468,-1.3578740629806427,1.0891844181183643,0.8904311889518369,5.715358069422104,-0.6663464272797075,0.0655455574533088,-1.0730904312028156,0.2710281247541705,-0.824359741011001,2.7468284749465064,-0.7192000249539658,4.469704978324182
sub-0032,faces,ds005256/sub-0032/ses-02/func/sub-0032_ses-02_task-faces_acq-mb8_run-01_bold.nii.gz,0.4600000083446502,914,96,108,95,98,5.908163265306122,1.4649635630659477,1.1122448979591837,0.5539483965177883,5.795918367346939,1.6306294001673376,0.0510204081632653,0.2653061224489796,0.6538461538461539,2.1153846153846154,2.208333333333333,4.384114583333333,0.0204081632653061,1.7755102040816326,95.28514963689057,229.9827328493116,0.6100334924770094,5.855586357135094,0.574939483856963,1.0880922416659693,0.2980697624261875,5.7674941154691215,-0.5091708874260945,0.0622288368970219,-0.3345055646533348,0.2721125517085497,-1.6256866318338925,2.615604239893939,-0.959312260391744,4.901234687364746
sub-0033,faces,ds005256/sub-0033/ses-02/func/sub-0033_ses-02_task-faces_acq-mb8_run-01_bold.nii.gz,0.4600000083446502,914,96,112,95,106,5.915094339622642,1.4872020679837945,1.0754716981132075,0.2991452333231236,5.839622641509434,1.5924631562028153,0.0660377358490566,0.3018867924528302,0.84375,2.40625,2.8846153846153846,5.1766826923076925,0.0188679245283018,1.7358490566037736,95.27581266863416,222.47069705196773,0.8844685207846791,5.807899153103855,-0.4212621220502555,1.0898401524139203,0.9017700794387338,5.718059000689933,0.2517605397274362,0.0614225640251214,1.0637991182382418,0.2800254988799639,0.8462712068687926,2.648022773416267,0.7565116021184519,4.784969256864713
sub-0034,faces,ds005256/sub-0034/ses-02/func/sub-0034_ses-02_task-faces_acq-mb8_run-01_bold.nii.gz,0.4600000083446502,914,96,100,95,95,5.989473684210527,1.3328479893063516,1.1263157894736842,0.6230007216818655,5.863157894736842,1.491896738738761,0.0631578947368421,0.2736842105263158,0.7692307692307693,2.076923076923077,2.139784946236559,4.297043010752688,0.0210526315789473,1.736842105263158,95.09114928559384,210.8910449936339,1.8436573307477624,5.78686498171845,0.4972848587670271,1.098886009659252,1.323754059714887,5.687978972059198,-0.1667606931275112,0.0683742629205437,0.1120112330224637,0.2705122416002906,-1.5966445042703306,2.648993955122908,-1.5888067047664518,5.409295330274194
sub-0035,faces,ds005256/sub-0035/ses-02/func/sub-0035_ses-02_task-faces_acq-mb8_run-01_bold.nii.gz,0.4600000083446502,914,96,121,95,116,5.801724137931035,1.384509504018171,1.2413793103448276,0.7870770323625026,5.560344827586207,1.6220694945893537,0.1206896551724138,0.2586206896551724,0.7666666666666667,2.333333333333333,2.789473684210526,4.577302631578948,0.0172413793103448,1.6637931034482758,100.13123833784904,228.38356417212668,-0.1023975665309537,5.812074508185079,3.683366820940912,1.099570998706209,-1.4458818049474054,5.712503509478868,2.568581281387926,0.0684221298621719,-0.2071635254930809,0.2640021405133982,0.8147595595856313,2.665642003504234,0.2839092002867713,4.49016501254813
sub-0036,faces,ds005256/sub-0036/ses-02/func/sub-0036_ses-02_task-faces_acq-mb8_run-01_bold.nii.gz,0.4600000083446502,914,96,123,95,114,5.780701754385965,1.4919178838693783,1.0964912280701755,0.4406210067663458,5.684210526315789,1.6472867983427817,0.0614035087719298,0.2631578947368421,0.7333333333333333,2.433333333333333,2.4864864864864864,4.114864864864865,0.0263157894736842,1.6403508771929824,84.98480120320616,228.41217231341207,-0.0355917071179709,5.784413021137852,0.0295895424330545,1.0950772604356058,-0.04480344347507,5.689335760702247,-0.1006350566794105,0.0637818769389641,-0.0446689650670777,0.2639548917470106,-0.8732300488618571,2.726213101478508,-0.8549851053428241,4.49941295623672
sub-0037,faces,ds005256/sub-0037/ses-02/func/sub-0037_ses-02_task-faces_acq-mb8_run-01_bold.nii.gz,0.4600000083446502,914,96,138,95,130,5.953846153846154,1.391343884740666,1.0692307692307692,0.3563044934731685,5.884615384615385,1.439393796737731,0.0461538461538461,0.2769230769230769,0.6666666666666666,2.111111111111111,2.578125,3.775390625,0.0153846153846153,1.7461538461538462,104.461545108395,226.3023343186248,1.6749161729124675,5.785021577463512,-1.0523546503731087,1.1006816639865264,1.859396817461892,5.684339913476985,-1.6114863519700715,0.0713329274569991,0.3304372983098513,0.269671459663069,-0.4380152254652752,2.6810306140396,-0.3963551904706324,3.927868759388376
sub-0038,faces,ds005256/sub-0038/ses-02/func/sub-0038_ses-02_task-faces_acq-mb8_run-01_bold.nii.gz,0.4600000083446502,914,96,135,95,125,5.72,1.5376983218538862,1.064,0.2766154895016873,5.656,1.6417142889222875,0.056,0.224,0.7857142857142857,2.392857142857143,2.4715447154471546,3.676829268292683,0.016,1.672,102.61486412756425,228.6462569764459,-0.7112870167675467,5.78602588614601,-0.8343042302248271,1.1014794792181404,-0.2388817537786503,5.68454640692787,-0.5163411826611716,0.0714566689411258,-2.395159268204108,0.2667493837460782,-0.8404287332534315,2.688597564191668,-0.8616521169524087,4.033849716963858
sub-0039,faces,ds005256/sub-0039/ses-02/func/sub-0039_ses-02_task-faces_acq-mb8_run-01_bold.nii.gz,0.4600000083446502,914,96,107,95,104,5.701923076923077,1.487030060823379,1.1442307692307692,0.5104399250669125,5.557692307692308,1.6120114858833563,0.1057692307692307,0.2788461538461538,0.6896551724137931,2.103448275862069,2.257425742574257,4.138613861386139,0.0288461538461538,1.4423076923076923,97.49412690774795,229.86955977840395,-0.9064706184497656,5.787977593887861,1.00545959952224,1.1017095870301896,-1.130974871655738,5.686268006857671,1.478980155037528,0.0680834789224234,0.5263246905770618,0.2658343691103387,-1.7214621294326635,2.638608351726778,-1.9441430186553703,5.049439923201482
sub-0040,faces,ds005256/sub-0040/ses-02/func/sub-0040_ses-02_task-faces_acq-mb8_run-01_bold.nii.gz,0.4600000083446502,914,96,123,95,112,5.901785714285714,1.470183057968709,1.0625,0.3364159266082325,5.839285714285714,1.533726377916414,0.0446428571428571,0.2678571428571428,0.5666666666666667,2.1333333333333333,2.4054054054054053,4.003378378378378,0.0089285714285714,1.7410714285714286,98.585913278137,229.35167285824323,1.3274711935510732,5.789949754919545,-0.7362636522602861,1.0985672786143716,1.3782936382473825,5.691382476305174,-0.7893383329542316,0.0650016054710369,0.1170269432031636,0.2651507823125693,-0.9770610837807712,2.6706835741135992,-0.8246511466539491,4.418137664466314
sub-0041,faces,ds005256/sub-0041/ses-02/func/sub-0041_ses-02_task-faces_acq-mb8_run-01_bold.nii.gz,0.4600000083446502,914,96,133,95,122,5.795081967213115,1.493448638621716,1.0737704918032789,0.319297596538289,5.721311475409836,1.5548500237631129,0.0573770491803278,0.3114754098360656,0.7105263157894737,2.236842105263158,2.325,3.503125,0.0163934426229508,1.6311475409836065,95.43626871067146,227.77134660085352,-0.2162868099746324,5.812713846719904,-0.644648332724965,1.0998418147859983,0.0779129202656105,5.712872031933906,-0.4959226016443746,0.0706165378511428,1.9758471511134272,0.2751819867510406,-1.879878974837976,2.8668060709182326,-2.0041278060456205,4.3719039187895214
sub-0043,faces,ds005256/sub-0043/ses-02/func/sub-0043_ses-02_task-faces_acq-mb8_run-01_bold.nii.gz,0.4600000083446502,914,96,114,95,104,5.586538461538462,1.5679470030366431,1.0865384615384617,0.3715769837019343,5.5,1.6310101700349025,0.0673076923076923,0.2980769230769231,0.6129032258064516,2.129032258064516,2.8058252427184467,5.131067961165049,0.0096153846153846,1.4326923076923077,103.27257283652972,227.2557786431014,-2.222215897056228,5.805011009977217,-0.1758655709650753,1.0926289879356408,-2.0308222487043066,5.712382022041577,-0.0755803144132811,0.0686085514462459,0.8641295736984242,0.2776113138124732,0.3606129792114885,2.705183433205068,0.5899839503345365,4.820504900674575
sub-0044,faces,ds005256/sub-0044/ses-02/func/sub-0044_ses-02_task-faces_acq-mb8_run-01_bold.nii.gz,0.4600000083446502,914,96,127,95,119,5.756302521008403,1.6972878992057303,1.0756302521008403,0.2957227247346949,5.680672268907563,1.7942127923477942,0.0672268907563025,0.2941176470588235,0.6857142857142857,2.3714285714285714,2.5811965811965814,4.094017094017094,0.0168067226890756,1.5630252100840336,95.50498131362532,229.81274965208164,-0.3897250820142888,5.793345718202928,-0.5260066577993193,1.0992293550838608,-0.1229283043890346,5.6941163631190665,-0.0690173728590455,0.069001706688039,0.9218190491567728,0.2730721068949304,-0.4463169701862457,2.724703951679199,-0.4761355534883149,4.342604471703621
sub-0046,faces,ds005256/sub-0046/ses-02/func/sub-0046_ses-02_task-faces_acq-mb8_run-01_bold.nii.gz,0.4600000083446502,914,96,122,95,114,5.815789473684211,1.4668356735979473,1.0789473684210529,0.2708471417544467,5.7368421052631575,1.5574691950188604,0.0789473684210526,0.2719298245614035,0.6774193548387096,2.129032258064516,2.6785714285714284,4.371651785714286,0.0175438596491228,1.6578947368421053,87.4091614174424,220.2564015499036,0.0078822371872681,5.81500513047829,-0.702627056595142,1.1095086569061192,0.2736547071675519,5.70549647357217,0.1694856581135313,0.0751953196340675,0.2422206180976868,0.2660572077172045,-0.1986056233176309,2.731061110707364,-0.3960647851596825,4.545652594968972
sub-0050,faces,ds005256/sub-0050/ses-02/func/sub-0050_ses-02_task-faces_acq-mb8_run-01_bold.nii.gz,0.4600000083446502,914,96,114,95,106,5.726415094339623,1.558589220862585,1.0754716981132075,0.3829239190267476,5.650943396226415,1.662141205566389,0.0471698113207547,0.2452830188679245,0.7307692307692307,2.3461538461538463,2.9047619047619047,5.126190476190477,0.0094339622641509,1.5849056603773586,97.11437080357076,223.4303775496329,-0.6531386388317298,5.80082085271572,-0.1335262315848238,1.0799590920536606,-0.5602396005873392,5.720861760662058,-0.4269110177402878,0.0579857499981281,-1.1457136678573592,0.2691349105772319,1.1204252216154464,2.579201593815979,0.8920281073816004,4.607224692460164
sub-0051,faces,ds005256/sub-0051/ses-02/func/sub-0051_ses-02_task-faces_acq-mb8_run-01_bold.nii.gz,0.4600000083446502,914,96,111,95,105,5.857142857142857,1.4373357526806554,1.1904761904761905,0.708400664759359,5.666666666666667,1.662173430427918,0.1238095238095238,0.2857142857142857,0.7666666666666667,2.3,3.048076923076923,5.524639423076923,0.0095238095238095,1.6666666666666667,100.45240205280082,223.43754767828727,0.6495240562676353,5.785417478604061,2.306252621826294,1.104093739215588,-0.1189707046343099,5.681323739388471,2.1824676064612625,0.0741755273730881,0.4896485180570698,0.2742951175461677,1.345802934382595,2.6762854766066173,1.1874461769538822,4.885185575098932
sub-0052,faces,ds005256/sub-0052/ses-02/func/sub-0052_ses-02_task-faces_acq-mb8_run-01_bold.nii.gz,0.4600000083446502,914,96,113,95,105,5.733333333333333,1.5080977999980552,1.1238095238095238,0.4089206735005179,5.609523809523809,1.6437248862968226,0.0952380952380952,0.238095238095238,0.72,2.36,2.343137254901961,4.259803921568627,0.0285714285714285,1.5142857142857142,115.16374825564374,226.44875539468973,-0.776768236332003,5.8095376447885645,0.8725550451720353,1.0903124459124798,-0.9457271171033684,5.719225198876086,1.189470308214838,0.0639787959470829,-1.5036834971715043,0.271324785222496,-1.2271415921705109,2.650052211221143,-1.09413397079733,4.739748685012774
sub-0053,faces,ds005256/sub-0053/ses-02/func/sub-0053_ses-02_task-faces_acq-mb8_run-01_bold.nii.gz,0.4600000083446502,914,96,126,95,120,5.741666666666666,1.4809481027075748,1.175,0.6438134810015458,5.566666666666666,1.673989515008545,0.1,0.275,0.6666666666666666,2.1515151515151514,2.9237288135593222,4.588983050847458,0.0166666666666666,1.5333333333333334,102.33838453018772,227.33335507121225,-0.9783633844852916,5.841417246873144,1.8651280321601944,1.0953217049194133,-1.5078721797899934,5.746095541953732,1.477357172455869,0.0656252955766474,0.7003388056839177,0.2634925046844891,0.7956476941169095,2.706345017949056,0.6169470569674246,4.321707067171839
sub-0055,faces,ds005256/sub-0055/ses-02/func/sub-0055_ses-02_task-faces_acq-mb8_run-01_bold.nii.gz,0.4600000083446502,914,96,122,95,114,5.780701754385965,1.4189536961008666,1.149122807017544,0.4255648228099802,5.631578947368421,1.5242184005746058,0.1228070175438596,0.2719298245614035,0.6451612903225806,2.290322580645161,2.6785714285714284,4.483258928571429,0.0175438596491228,1.5614035087719298,105.57011690793227,229.29198069196843,-0.0238307348258578,5.78248337670538,1.2021948649530971,1.1034423751516889,-0.4971782917754654,5.679041001553689,1.9725138844215484,0.0746588133625411,0.0717148518924751,0.2703167699362986,0.1859921852146726,2.6358325388996224,0.2004899974318309,4.397824631944074
sub-0056,faces,ds005256/sub-0056/ses-02/func/sub-0056_ses-02_task-faces_acq-mb8_run-01_bold.nii.gz,0.4600000083446502,914,96,121,95,114,5.701754385964913,1.5164573560081445,1.149122807017544,0.583435903773088,5.552631578947368,1.6621348105829044,0.0789473684210526,0.2368421052631578,0.6666666666666666,2.3703703703703702,2.517857142857143,4.213169642857143,0.0175438596491228,1.5263157894736843,101.68972537582064,229.5576005811384,-0.8857751023338847,5.802911877034701,1.2063487616607285,1.0989580874287674,-1.2178559102845925,5.703953789605934,0.416102578523036,0.0680181842060942,-1.5300537563349974,0.2724963314962343,-0.4919805844208663,2.659469352442549,-0.4834494008358878,4.452006005399972
sub-0057,faces,ds005256/sub-0057/ses-02/func/sub-0057_ses-02_task-faces_acq-mb8_run-01_bold.nii.gz,0.4600000083446502,914,96,127,95,118,5.762711864406779,1.3816747307407176,1.1016949152542372,0.3554179075873265,5.661016949152542,1.4919747653914834,0.0847457627118644,0.2711864406779661,0.71875,2.25,2.9741379310344827,4.672413793103448,0.0169491525423728,1.5677966101694916,112.53840257892313,229.30232973345724,-0.218254398573885,5.785114177260604,0.1344520755952207,1.0955966325481874,-0.2617753793749633,5.689517544712417,0.5214025588414979,0.0706018091186867,0.229465753996377,0.266946574601168,1.1104314036631018,2.67101170355657,0.7633624701917527,4.301994748884253
sub-0058,faces,ds005256/sub-0058/ses-02/func/sub-0058_ses-02_task-faces_acq-mb8_run-01_bold.nii.gz,0.4600000083446502,914,96,110,95,109,5.81651376146789,1.5585198201824255,1.1192660550458715,0.4456532999367092,5.697247706422019,1.7400754940836418,0.0825688073394495,0.3027522935779816,0.7878787878787878,2.4242424242424243,2.75,4.697337962962963,0.0091743119266055,1.6697247706422018,97.64725907581168,228.74960094554808,0.5169269677318198,5.748778083910865,0.3427602123327724,1.107328229352539,0.4345982334426357,5.641449854558326,0.3220625098934968,0.0751667096796965,1.5090873604610753,0.2767285338825813,0.4604805554843004,2.6278176249982645,-0.3391549721391537,4.872400320216807
sub-0059,faces,ds005256/sub-0059/ses-02/func/sub-0059_ses-02_task-faces_acq-mb8_run-01_bold.nii.gz,0.4600000083446502,914,96,124,95,116,5.724137931034483,1.535584901431779,1.112068965517241,0.4122378318216408,5.612068965517241,1.65645799025006,0.0862068965517241,0.2586206896551724,0.5,2.066666666666667,2.9478260869565216,4.848913043478261,0.0086206896551724,1.5603448275862069,106.91575644730167,229.8159572933117,-1.0022406379911857,5.793182751247495,0.3781000093282578,1.0967939872897654,-1.0213566449171836,5.696388763957729,0.8822530824108598,0.0681859609391384,-0.3784675031073816,0.2690618078077206,0.7663110392048829,2.7102934960924228,0.8432599636926993,4.436751772713748
sub-0060,faces,ds005256/sub-0060/ses-02/func/sub-0060_ses-02_task-faces_acq-mb8_run-01_bold.nii.gz,0.4600000083446502,914,96,116,95,107,5.700934579439252,1.4934760849891406,1.074766355140187,0.2978202123049147,5.626168224299065,1.587233052795474,0.0654205607476635,0.2710280373831775,0.6206896551724138,2.1379310344827585,2.780952380952381,4.922619047619048,0.0186915887850467,1.5981308411214954,97.1091472467207,225.38731758776004,-1.4138836639324763,5.828497554812642,-0.684707332274926,1.0993452244455038,-1.007311876051848,5.729152330367138,-0.2346181556755565,0.070578842850216,0.1762912448719832,0.2662688091012405,0.5385345702028439,2.6347098474898285,0.6261388610485522,4.628766571115282
sub-0061,faces,ds005256/sub-0061/ses-02/func/sub-0061_ses-02_task-faces_acq-mb8_run-01_bold.nii.gz,0.4600000083446502,914,96,128,95,117,5.897435897435898,1.56681433546024,1.0854700854700854,0.595567674324971,5.811965811965812,1.6657380259917514,0.0341880341880341,0.2393162393162393,0.6785714285714286,2.2857142857142856,2.1578947368421053,3.5098684210526314,0.0256410256410256,1.7777777777777777,104.47447064991752,227.7648785424125,1.4811716601434388,5.772135122257207,-0.2193866494755531,1.094455239672335,1.3515024672872444,5.677679882584871,-1.5248958628731577,0.0694997902986218,-1.4244120946547485,0.2745844489303435,-1.6350504273331674,2.6947054001574284,-1.3769426901502906,4.283795529321917
sub-0062,faces,ds005256/sub-0062/ses-02/func/sub-0062_ses-02_task-faces_acq-mb8_run-01_bold.nii.gz,0.4600000083446502,914,96,124,95,113,5.610619469026549,1.4786192178526854,1.0884955752212389,0.3909128995946951,5.522123893805309,1.5589450710378714,0.0619469026548672,0.247787610619469,0.7857142857142857,2.5,2.954954954954955,4.875,0.0176991150442477,1.5044247787610618,93.98780797259953,228.23811787595105,-2.004257015997923,5.82319917822377,-0.2545344344435503,1.0964729570892309,-1.686621008115013,5.72672622113454,-0.2983602884004755,0.0678379850256073,-1.0005278897942511,0.2707310084891888,0.941551492746425,2.6904298868024443,0.9904121977437572,4.375052184457238
sub-0064,faces,ds005256/sub-0064/ses-02/func/sub-0064_ses-02_task-faces_acq-mb8_run-01_bold.nii.gz,0.4600000083446502,914,96,121,95,112,5.776785714285714,1.4376521238963302,1.0357142857142858,0.18641092980036,5.741071428571429,1.481085161668044,0.0357142857142857,0.2678571428571428,0.6666666666666666,1.9,2.7363636363636363,4.7943181818181815,0.0178571428571428,1.75,87.52314905854051,229.94302139456136,-0.0706609569465384,5.782790180683079,-1.446986706374669,1.0928201315661206,0.5809320884973905,5.689970049116957,-1.1207410525106611,0.06733827752641,-0.0828677293700437,0.2698009602146661,0.289980648404501,2.655642750621916,0.7020967047351203,4.453116862457248
sub-0065,faces,ds005256/sub-0065/ses-02/func/sub-0065_ses-02_task-faces_acq-mb8_run-01_bold.nii.gz,0.4600000083446502,914,96,121,95,108,5.787037037037037,1.434233820832937,1.0740740740740742,0.2965125552085964,5.712962962962963,1.5042054811283465,0.0648148148148148,0.2314814814814814,0.72,2.4,2.5700934579439254,4.536214953271028,0.0092592592592592,1.6851851851851851,89.88958525980313,229.38090632217725,-0.1434564167092294,5.80000143035466,-0.6053907784372273,1.098449562666103,0.1051314937778549,5.701551867688559,-0.1805385161419227,0.0686105028046288,-1.401841474219774,0.2664987976005125,-0.8098431977654375,2.777253447274278,-0.3472123609431028,4.682076505380261
sub-0066,faces,ds005256/sub-0066/ses-02/func/sub-0066_ses-02_task-faces_acq-mb8_run-01_bold.nii.gz,0.4600000083446502,914,96,114,95,105,5.809523809523809,1.4812627026085528,1.0476190476190477,0.2549868918558658,5.761904761904762,1.5224209561634283,0.0380952380952381,0.2571428571428571,0.7407407407407407,2.4074074074074074,2.7596153846153846,4.806490384615385,0.0095238095238095,1.6285714285714286,99.72559272193836,228.7476259920708,-0.0238837725865802,5.812109829418219,-1.0002423927216548,1.083449919726236,0.2901345095350784,5.728659909691982,-0.9258918301511104,0.0586996118132305,-0.5372544979256384,0.2676121229009858,0.3501523364651431,2.6504598038913185,0.1402585109378846,4.725690008655328
sub-0069,faces,ds005256/sub-0069/ses-02/func/sub-0069_ses-02_task-faces_acq-mb8_run-01_bold.nii.gz,0.4600000083446502,914,96,125,95,114,5.771929824561403,1.43924198165475,1.105263157894737,0.4283828626797845,5.666666666666667,1.5778705638372843,0.0701754385964912,0.2982456140350877,0.6176470588235294,2.0588235294117645,2.4017857142857144,3.8627232142857135,0.0175438596491228,1.631578947368421,104.64861978417508,229.21385323264332,-0.5780896439791604,5.8140864330895,0.2204577468926141,1.0961964794024188,-0.5297958331144746,5.717889953687081,-0.0230152278878385,0.0708396584210895,1.339748099831674,0.2645536352458923,-1.118986757881187,2.7145869356492014,-1.1545564417074898,4.402559791099487
sub-0070,faces,ds005256/sub-0070/ses-02/func/sub-0070_ses-02_task-faces_acq-mb8_run-01_bold.nii.gz,0.4600000083446502,914,96,133,95,126,5.873015873015873,1.5491113684128826,1.1031746031746033,0.5341065823127829,5.76984126984127,1.6354214058166092,0.0555555555555555,0.2222222222222222,0.75,2.357142857142857,2.672,3.968,0.0079365079365079,1.619047619047619,98.07170608943628,221.1222391640816,0.7289316873816643,5.8202402096510655,-0.0289689248043216,1.1041278809869894,0.6108795461338604,5.716112328664077,-0.9069650356031425,0.0736940891113789,-2.452778397805847,0.2693263958107502,-0.4733379318255008,2.7709157616478994,-0.6608335315724871,4.200830354207558
sub-0073,faces,ds005256/sub-0073/ses-02/func/sub-0073_ses-02_task-faces_acq-mb8_run-01_bold.nii.gz,0.4600000083446502,914,96,126,95,115,5.817391304347826,1.4604890354709068,1.0434782608695652,0.2048236018055488,5.773913043478261,1.5047344555920554,0.0434782608695652,0.2956521739130435,0.7058823529411765,2.264705882352941,2.456140350877193,3.883771929824561,0.008695652173913,1.6869565217391305,99.86018008116991,224.85512147179057,-0.1075457317946844,5.82685035619702,-1.1183108913352249,1.0809927234848111,0.2808418705030849,5.745857632712208,-0.6865973713930207,0.0567887156532719,1.2086514123195986,0.2726984615880792,-0.7975597514751437,2.646505951738552,-0.950049642363148,4.255884744762096
sub-0074,faces,ds005256/sub-0074/ses-02/func/sub-0074_ses-02_task-faces_acq-mb8_run-01_bold.nii.gz,0.4600000083446502,914,96,125,95,117,5.632478632478633,1.51201105290552,1.0854700854700854,0.3613349189690528,5.547008547008547,1.6108239832764883,0.0683760683760683,0.2905982905982906,0.5882352941176471,2.235294117647059,2.739130434782609,4.467391304347826,0.017094017094017,1.547008547008547,104.89964713736684,228.89557144517292,-1.729165073231827,5.795822025729774,-0.090014378854983,1.0893758966406866,-1.6988949414706127,5.706446129089087,0.19255936706218,0.0639747141761333,0.6266313348598251,0.2759317935113468,0.2714882336670847,2.672117182093635,0.3366531407106076,4.330698675449076
sub-0075,faces,ds005256/sub-0075/ses-02/func/sub-0075_ses-02_task-faces_acq-mb8_run-01_bold.nii.gz,0.4600000083446502,914,96,131,95,120,5.766666666666667,1.351832452781097,1.1,0.3974709967749986,5.666666666666667,1.4743369586994404,0.075,0.25,0.6333333333333333,2.066666666666667,3.117647058823529,4.802521008403361,0.0083333333333333,1.625,100.18267731875312,228.27679908422817,-0.2636632593016136,5.786350583528983,0.3249589450844051,1.0889265945947306,-0.3799184099943019,5.697423988934251,0.8694802863667507,0.0611256918897412,-0.9013157245792112,0.2705148616797805,1.56488665728623,2.743550732512983,1.4454207233166845,4.263037542847516
sub-0076,faces,ds005256/sub-0076/ses-02/func/sub-0076_ses-02_task-faces_acq-mb8_run-01_bold.nii.gz,0.4600000083446502,914,96,125,95,119,5.73109243697479,1.4940417199243534,1.092436974789916,0.4316228076837513,5.638655462184874,1.6298647777797488,0.0588235294117647,0.2773109243697479,0.6666666666666666,2.242424242424242,2.452991452991453,4.011752136752137,0.0168067226890756,1.546218487394958,112.09028225625556,228.50605217786264,-0.4995079894084934,5.777977660243177,0.3304635274951262,1.0795713102580748,-0.5556496032732856,5.698406349985102,-0.0207706163622742,0.0593561728518351,0.6855801371615765,0.2648483175933833,-0.9159132694545464,2.751225411548873,-0.746184334829908,4.41931758614824
sub-0077,faces,ds005256/sub-0077/ses-02/func/sub-0077_ses-02_task-faces_acq-mb8_run-01_bold.nii.gz,0.4600000083446502,914,96,130,95,125,5.936,1.4410121890644292,1.112,0.4953981780736679,5.824,1.5557593312508826,0.072,0.264,0.6060606060606061,2.0,3.1463414634146343,4.777439024390244,0.016,1.736,90.27222631180466,224.04422703982615,1.2276860517323205,5.806071913915324,0.2947983103699808,1.1026006433138025,1.0434600520924946,5.703471270601521,-0.121715847976624,0.0747516859929442,-0.4280827613173054,0.2727922215920143,1.136016837986457,2.768920590699357,0.8739602212410315,4.333303972047317
sub-0078,faces,ds005256/sub-0078/ses-02/func/sub-0078_ses-02_task-faces_acq-mb8_run-01_bold.nii.gz,0.4600000083446502,914,96,121,95,110,5.890909090909091,1.4921535114563311,1.0909090909090908,0.4602642748127328,5.8,1.5958662195891256,0.0545454545454545,0.2181818181818181,0.625,2.333333333333333,2.1666666666666665,3.71412037037037,0.0181818181818181,1.7181818181818185,98.29853012097072,222.440911683982,0.9601921388001732,5.807275282285831,-0.0555080398888712,1.093273372095328,0.7681524947291728,5.714001910190502,-0.3875689861823215,0.0639160908752881,-2.2357095642062625,0.268300222548735,-1.99120161046042,2.747298132990633,-1.7680627909019224,4.613660604738174
sub-0079,faces,ds005256/sub-0079/ses-02/func/sub-0079_ses-02_task-faces_acq-mb8_run-01_bold.nii.gz,0.4600000083446502,914,96,108,95,104,5.75,1.492700686609953,1.1346153846153846,0.5755148359190729,5.615384615384615,1.6088812509818788,0.0673076923076923,0.2980769230769231,0.6451612903225806,2.2580645161290325,2.7745098039215685,5.125,0.0192307692307692,1.5961538461538465,108.28042108908866,229.9212690422292,-0.5246112583251985,5.825878413848501,0.9287919546266856,1.0915343394553705,-0.6882054744553018,5.734344074393132,0.0577146406230397,0.0655688528714796,1.0896148301831017,0.2718534404702116,0.7018008232825057,2.627015611515619,0.368269993822464,4.961826801718129
sub-0080,faces,ds005256/sub-0080/ses-02/func/sub-0080_ses-02_task-faces_acq-mb8_run-01_bold.nii.gz,0.4600000083446502,914,96,123,95,114,6.078947368421052,1.5235306970376483,1.0964912280701755,0.3984327314808519,5.982456140350878,1.6292810518283571,0.0701754385964912,0.2894736842105263,0.6363636363636364,2.121212121212121,2.911504424778761,4.768805309734513,0.0087719298245614,1.7982456140350878,97.7595836768396,229.23989729323316,2.7649150168515275,5.832775588167369,0.1449062838350256,1.0914856770968029,3.0272744899006625,5.741289911070566,0.6523027848531929,0.0587070274922954,0.8392803960764743,0.2720557800021002,0.9648511949730728,2.623189647319925,0.9148302995716382,4.303437367314947
sub-0081,faces,ds005256/sub-0081/ses-02/func/sub-0081_ses-02_task-faces_acq-mb8_run-01_bold.nii.gz,0.4600000083446502,914,96,125,95,116,5.706896551724138,1.3832365409921152,1.0948275862068966,0.4564217781616144,5.612068965517241,1.4848308451405026,0.0603448275862069,0.293103448275862,0.6764705882352942,2.2058823529411766,2.773913043478261,4.613043478260869,0.0086206896551724,1.543103448275862,101.75060356825648,226.7721542844758,-1.2810368225568431,5.827931459784794,0.0529263963336997,1.092600191589561,-1.246100058802052,5.7353312681952335,-0.0930387062034201,0.0625082679622271,0.9473912972280596,0.2759092692301588,0.2520783907898818,2.706473512130253,0.5239436025413514,4.389091097347246
sub-0082,faces,ds005256/sub-0082/ses-02/func/sub-0082_ses-02_task-faces_acq-mb8_run-01_bold.nii.gz,0.4600000083446502,914,96,115,95,109,5.715596330275229,1.4599070437129569,1.091743119266055,0.3480443884970051,5.623853211009174,1.5262456407902565,0.073394495412844,0.2844036697247706,0.8064516129032258,2.3225806451612905,2.851851851851852,5.006944444444445,0.0091743119266055,1.5963302752293578,97.62669860179048,225.2553408293496,-1.095821555618101,5.843688097763348,-0.060383344819469,1.0940680472662017,-0.9392600896468708,5.749620050497145,0.4357482853727465,0.0628369511585333,0.442189905316299,0.2725843422144049,0.8222701346948241,2.652227550274884,0.8123517531200544,4.638288140179987
sub-0083,faces,ds005256/sub-0083/ses-02/func/sub-0083_ses-02_task-faces_acq-mb8_run-01_bold.nii.gz,0.4600000083446502,914,96,124,95,107,5.803738317757009,1.4303928233144894,1.102803738317757,0.6132896056213993,5.700934579439252,1.5794371655215402,0.0560747663551401,0.2429906542056074,0.7307692307692307,2.3846153846153846,2.981132075471698,5.352594339622642,0.0093457943925233,1.5794392523364489,107.6669558606756,229.46703755360787,-0.1271683027800611,5.8142906640305245,0.4985029486397362,1.0860010419705786,-0.2875773112709681,5.728289622059944,-0.356951826149987,0.0637300772185851,-1.7509240202788665,0.2767357165955507,0.8950302044228362,2.7680113579151047,2.188480687282333,4.525748681950239
sub-0084,faces,ds005256/sub-0084/ses-02/func/sub-0084_ses-02_task-faces_acq-mb8_run-01_bold.nii.gz,0.4600000083446502,914,96,110,95,101,5.732673267326732,1.4483859230806608,1.108910891089109,0.4219239291391257,5.623762376237623,1.535262095855394,0.0792079207920792,0.2475247524752475,0.72,2.32,2.69,4.96375,0.0099009900990099,1.5742574257425743,91.984520511622,224.0472314200873,-0.9310270021735408,5.831829723805076,0.2614077847334203,1.0963992869170778,-0.9558698188464184,5.735430436887998,0.4695708879598925,0.0664430701519963,-0.7992307980285763,0.2653147087720912,0.0941984621823601,2.6656449088066307,0.0547898747110476,4.934210379459847
sub-0085,faces,ds005256/sub-0085/ses-02/func/sub-0085_ses-02_task-faces_acq-mb8_run-01_bold.nii.gz,0.4600000083446502,914,96,96,95,91,5.87912087912088,1.4593390043681862,1.175824175824176,0.7392700092118889,5.703296703296704,1.636354386328242,0.0989010989010989,0.2527472527472527,0.782608695652174,2.4347826086956523,1.9545454545454544,4.073863636363637,0.0329670329670329,1.7032967032967032,95.87479689900914,228.053441063878,0.6716258759678458,5.797456690820427,2.025042842253346,1.0947030804808917,0.0042677847759641,5.702753610339537,1.0852235882355816,0.067828613376724,-0.5459861419274636,0.2703275231297192,-2.386319686418091,2.586616478926867,-2.325224589573823,5.442769782158741
sub-0086,faces,ds005256/sub-0086/ses-02/func/sub-0086_ses-02_task-faces_acq-mb8_run-01_bold.nii.gz,0.4600000083446502,914,96,124,95,117,5.871794871794871,1.447580987779396,1.1025641025641026,0.6072069377502115,5.769230769230769,1.5557713209797333,0.0512820512820512,0.2649572649572649,0.6129032258064516,2.129032258064516,2.1043478260869564,3.4391304347826086,0.017094017094017,1.7435897435897436,103.6066897073529,229.7054940216109,0.7294530495765289,5.811051416287681,0.2896337440336448,1.091033361389943,0.505565998883116,5.720018054897738,-0.5822034063378726,0.0634873484033283,-0.5662879909817009,0.2760005783892365,-1.9567478023594715,2.705185950098717,-1.9435160645030527,4.395402333337649
sub-0087,faces,ds005256/sub-0087/ses-02/func/sub-0087_ses-02_task-faces_acq-mb8_run-01_bold.nii.gz,0.4600000083446502,914,96,138,95,129,5.705426356589148,1.4705605902554315,1.1085271317829457,0.3799734792867,5.596899224806202,1.5935386126722877,0.0852713178294573,0.2635658914728682,0.7058823529411765,2.235294117647059,3.171875,4.65234375,0.0077519379844961,1.558139534883721,97.8717633235062,229.65487262639803,-1.4961716972072483,5.816640342532244,0.1648226540893853,1.1036278824244157,-1.3588017200726756,5.713012460107828,0.5510617147281701,0.0731586883620989,-0.1789921655112934,0.267494103900985,1.8837438303453948,2.7484220969162925,1.6943228528052756,4.027621943096865
sub-0088,faces,ds005256/sub-0088/ses-02/func/sub-0088_ses-02_task-faces_acq-mb8_run-01_bold.nii.gz,0.4600000083446502,914,96,135,95,124,5.629032258064516,1.4226263467714184,1.1370967741935485,0.5309092893192249,5.491935483870968,1.57467750081602,0.0887096774193548,0.2580645161290322,0.59375,2.125,2.67479674796748,4.073170731707317,0.0080645161290322,1.5161290322580645,106.391356410463,227.06984598212208,-2.414325811898532,5.830745824659356,0.9819653503237654,1.1016588213181024,-2.633966526146366,5.729087003341253,1.0883751180050756,0.0690355586642432,-0.3341269238788067,0.2661256941089829,-0.378309629244119,2.77077219446389,-0.2412222530229044,4.1699514469319725
sub-0089,faces,ds005256/sub-0089/ses-02/func/sub-0089_ses-02_task-faces_acq-mb8_run-01_bold.nii.gz,0.4600000083446502,914,96,131,95,122,5.795081967213115,1.4485017884843563,1.098360655737705,0.3728344871425821,5.69672131147541,1.5687513814806473,0.0737704918032786,0.2540983606557377,0.6774193548387096,2.290322580645161,2.908333333333333,4.415625,0.0163934426229508,1.5573770491803278,104.88321696897364,229.03818267275253,-0.2178517533574654,5.8140626849483805,0.3592765344461499,1.0871921769299524,-0.3314731408762247,5.726870508018428,0.6923629654115204,0.0609479714159221,-0.5271011533307035,0.2642320526476118,0.534104692944716,2.74557569923945,0.3090064838604254,4.261029472780045
sub-0090,faces,ds005256/sub-0090/ses-02/func/sub-0090_ses-02_task-faces_acq-mb8_run-01_bold.nii.gz,0.4600000083446502,914,96,108,95,102,5.96078431372549,1.273659797493626,1.068627450980392,0.3227298143964528,5.892156862745098,1.378094988356258,0.0490196078431372,0.284313725490196,0.6551724137931034,1.9310344827586208,2.48,4.62125,0.0196078431372549,1.7549019607843137,98.34859470646911,229.7812548711133,0.995213765073064,5.843945659634843,-0.547931935406044,1.0885207822496812,1.0613709922170953,5.755424877385163,-0.6322556919002444,0.0599063214716465,1.7038848817357022,0.2563082746140524,-0.4696214638071311,2.6150052920565,-0.5109806614086595,4.907517990502123
sub-0091,faces,ds005256/sub-0091/ses-02/func/sub-0091_ses-02_task-faces_acq-mb8_run-01_bold.nii.gz,0.4600000083446502,914,96,103,95,91,5.593406593406593,1.429669907340867,1.1428571428571428,0.3821410028140739,5.450549450549451,1.5934849039743486,0.1318681318681318,0.2747252747252747,0.64,2.04,2.6704545454545454,5.529829545454546,0.0329670329670329,1.4505494505494505,108.54811026191796,225.74047121208096,-1.6173244270121907,5.805517885836348,0.9386174470014704,1.098936793593796,-1.8874745315944848,5.706581092242553,2.0977148091358666,0.0711999450606608,0.4626149979003727,0.2649518542953476,0.4116180448677658,2.57311042481926,0.9056377253596936,5.036641833920202
sub-0092,faces,ds005256/sub-0092/ses-02/func/sub-0092_ses-02_task-faces_acq-mb8_run-01_bold.nii.gz,0.4600000083446502,914,96,117,95,113,5.716814159292035,1.4606079125088427,1.079646017699115,0.3030085135636214,5.6371681415929205,1.5472437873675269,0.0707964601769911,0.2920353982300885,0.7272727272727273,2.121212121212121,2.446428571428572,4.074776785714286,0.0088495575221238,1.6371681415929205,96.37160444037582,226.12181728738537,-0.763377305558646,5.792248617594842,-0.8877089954321465,1.11183748111253,-0.4077015157000756,5.680411136482312,-0.1546512479163725,0.0742097153305756,1.2210071845365744,0.2625603845463135,-0.8883547960263523,2.741788210200084,-1.2406736784485124,4.774215393244587
sub-0093,faces,ds005256/sub-0093/ses-02/func/sub-0093_ses-02_task-faces_acq-mb8_run-01_bold.nii.gz,0.4600000083446502,914,96,105,95,94,5.925531914893617,1.553624701793921,1.1170212765957446,0.5652363285116416,5.808510638297872,1.7368652750736246,0.0531914893617021,0.2553191489361702,0.7916666666666666,2.25,2.880434782608696,5.862771739130435,0.0212765957446808,1.7659574468085106,100.15658042296069,225.99339635513616,0.7996377540385028,5.834959073856246,0.4816245280426333,1.0963215736917096,0.5704913378167304,5.738637500164537,-0.4085709390475585,0.0633084764047182,-0.5939752956760826,0.2705155039307456,0.7370725299956064,2.6483354841057225,1.2037603643597947,5.109205218952163
sub-0094,faces,ds005256/sub-0094/ses-02/func/sub-0094_ses-02_task-faces_acq-mb8_run-01_bold.nii.gz,0.4600000083446502,914,96,113,95,107,5.869158878504673,1.3109417049452534,1.0654205607476634,0.3703906157727444,5.803738317757009,1.41046795617791,0.0373831775700934,0.2897196261682243,0.5161290322580645,1.903225806451613,2.326923076923077,4.117788461538462,0.02803738317757,1.6355140186915889,85.32000585777989,220.755314834058,0.4560347822696074,5.819148683766146,-0.8306349042894704,1.1005726748793827,0.7636030512395966,5.718576008886763,-1.265802449018665,0.0722107080916718,0.9885638617585346,0.2685431258975471,-1.811655951448201,2.6831969497742563,-1.8864198109525605,4.840664611616543
sub-0095,faces,ds005256/sub-0095/ses-02/func/sub-0095_ses-02_task-faces_acq-mb8_run-01_bold.nii.gz,0.4600000083446502,914,96,122,95,116,5.827586206896552,1.5451233921119616,1.1551724137931034,0.5533054550035919,5.672413793103448,1.7434391901913446,0.0948275862068965,0.293103448275862,0.6764705882352942,2.147058823529412,3.208695652173913,5.301086956521739,0.0086206896551724,1.7155172413793105,106.05011510256062,227.3765087486908,0.1703817010870205,5.810367099067919,1.836942640706171,1.0924082464809317,-0.4359448460089042,5.717958852586987,1.5473789043064856,0.0657391836352669,1.3650679420008591,0.2651049738189608,1.7504558687127307,2.7519234153023477,1.4681672531520238,4.629841228816687
sub-0098,faces,ds005256/sub-0098/ses-02/func/sub-0098_ses-02_task-faces_acq-mb8_run-01_bold.nii.gz,0.4600000083446502,914,96,86,95,80,5.4375,1.5331257885588854,1.0625,0.2435886759231116,5.375,1.6020161348134203,0.0625,0.225,0.7777777777777778,2.2777777777777777,2.1392405063291138,4.897151898734177,0.0125,1.4875,98.53687212609252,229.42164268984484,-2.0852501563001,5.7876353973672,-0.9256989586724372,1.101927529704466,-1.7542896185707504,5.685707867662736,-0.2679163765945925,0.0705787585567108,-1.7070633817192855,0.2689731785894494,-1.1457687979999394,2.5006695288012666,-1.2790862660058888,5.901117389505726
sub-0099,faces,ds005256/sub-0099/ses-02/func/sub-0099_ses-02_task-faces_acq-mb8_run-01_bold.nii.gz,0.4600000083446502,914,96,121,95,116,5.758620689655173,1.478075656445539,1.0948275862068966,0.493055218282762,5.663793103448276,1.5656306717421735,0.0517241379310344,0.2672413793103448,0.7419354838709677,2.3548387096774195,3.008695652173913,4.978260869565218,0.0086206896551724,1.5775862068965518,92.83865774478862,229.7685759342018,-0.6718996677535919,5.819490897050723,0.0129860625547138,1.0943443056730808,-0.6010570946176402,5.725146591377639,-0.7391123859869472,0.0695299981203203,0.0048383408643179,0.2671247542441785,1.3159171149226307,2.721582926385685,1.217471875710377,4.531093458181847
sub-0100,faces,ds005256/sub-0100/ses-02/func/sub-0100_ses-02_task-faces_acq-mb8_run-01_bold.nii.gz,0.4600000083446502,914,96,131,95,124,5.741935483870968,1.4753859505637508,1.1209677419354838,0.5035280719842345,5.620967741935484,1.6209639906899718,0.0725806451612903,0.282258064516129,0.7142857142857143,2.1714285714285717,3.15702479338843,4.724173553719008,0.0241935483870967,1.5725806451612905,102.66761578644682,229.78613050869964,-1.1098040704134196,5.850804586603102,0.5886098235813388,1.0958814916965536,-1.1504510902707494,5.754923094906548,0.0050325843097851,0.0724495675248402,0.3961693083142129,0.2727528398130021,1.4269754675267825,2.7759347586451013,0.8402719136240989,4.360713890804228
sub-0101,faces,ds005256/sub-0101/ses-02/func/sub-0101_ses-02_task-faces_acq-mb8_run-01_bold.nii.gz,0.4600000083446502,914,96,122,95,114,5.868421052631579,1.5022882716823294,1.105263157894737,0.4678783037566743,5.7631578947368425,1.6685674613508183,0.0614035087719298,0.2456140350877192,0.8214285714285714,2.571428571428572,2.508928571428572,4.255580357142857,0.0175438596491228,1.6578947368421053,100.06243140289276,225.95781380348976,0.8074261605887122,5.797867947175827,0.5029351056575255,1.0875259463853018,0.5348266647689299,5.710342000790527,-0.0140666891895757,0.061703734773305,-1.0051144626856308,0.2687558931136935,-0.3832123422413937,2.6230750361126103,-0.1533843478584062,4.339143751383864
sub-0102,faces,ds005256/sub-0102/ses-02/func/sub-0102_ses-02_task-faces_acq-mb8_run-01_bold.nii.gz,0.4600000083446502,914,96,104,95,98,5.642857142857143,1.4087356325706493,1.0816326530612246,0.3709411098328449,5.561224489795919,1.4995966916956645,0.0612244897959183,0.2653061224489796,0.8076923076923077,2.3461538461538463,2.9368421052631577,5.492105263157895,0.0306122448979591,1.5918367346938775,99.77570523081606,229.0245977669072,-1.3145961032327556,5.814305496586106,-0.2704451730048578,1.095395656674062,-0.9596707870757692,5.718909839912043,-0.1165050418505101,0.0646143770863964,-0.3223529337099716,0.2735533753925386,1.4541254429148869,2.5813142423779785,0.7667996825142991,5.089515083897142
sub-0103,faces,ds005256/sub-0103/ses-02/func/sub-0103_ses-02_task-faces_acq-mb8_run-01_bold.nii.gz,0.4600000083446502,914,96,122,95,112,5.866071428571429,1.5156572368833463,1.0535714285714286,0.2261820089182629,5.8125,1.5741793228665342,0.0535714285714285,0.3035714285714285,0.5294117647058824,2.176470588235294,2.324324324324324,3.9076576576576576,0.0089285714285714,1.6607142857142858,104.6075924907117,226.65524535840663,0.1837435534815863,5.851161542113752,-1.1895955429285905,1.0937847182396931,0.584819182739549,5.75737682387406,-0.4052316366073151,0.0622785530120669,1.8894787474044985,0.2687671292437902,-1.2343368560658816,2.719037336487116,-1.0809473283917397,4.533166753914675
sub-0104,faces,ds005256/sub-0104/ses-02/func/sub-0104_ses-02_task-faces_acq-mb8_run-01_bold.nii.gz,0.4600000083446502,914,96,123,95,113,5.778761061946903,1.468323346993922,1.0619469026548674,0.276560050334848,5.716814159292035,1.5610723566365745,0.0530973451327433,0.2654867256637168,0.6666666666666666,2.2666666666666666,2.5765765765765765,4.396396396396397,0.0176991150442477,1.6814159292035398,103.27541981924767,229.8603589086916,-0.1618496913614052,5.790503554620459,-1.001853969219508,1.1050516198190468,0.3482808539479854,5.685451934801412,-0.8132700125623601,0.071467793041122,-0.0825580340724011,0.2674669062318455,-0.5183833515720407,2.7156367547847533,-0.1735009000247025,4.468419284554121
sub-0105,faces,ds005256/sub-0105/ses-02/func/sub-0105_ses-02_task-faces_acq-mb8_run-01_bold.nii.gz,0.4600000083446502,914,96,118,95,108,5.842592592592593,1.3053594558984494,1.1296296296296295,0.6426084779524077,5.712962962962963,1.479144270960873,0.0648148148148148,0.25,0.7407407407407407,2.259259259259259,2.685714285714285,4.435714285714286,0.0277777777777777,1.6203703703703705,90.3948505786002,229.47448741371807,0.8657911989227101,5.771682749890378,0.910828816750292,1.0966064227743622,0.4177431268279728,5.675076327116016,0.0820951481797884,0.0634134743718116,-0.9788352362180794,0.2701714069074569,-0.2784704181793938,2.7465310870795028,-0.8714512332343941,4.742013334052079
sub-0106,faces,ds005256/sub-0106/ses-02/func/sub-0106_ses-02_task-faces_acq-mb8_run-01_bold.nii.gz,0.4600000083446502,914,96,128,95,119,5.7899159663865545,1.4664262426327133,1.1260504201680672,0.5757032817543283,5.663865546218488,1.6533341297151174,0.0588235294117647,0.2016806722689075,0.625,2.333333333333333,2.7288135593220337,4.391949152542373,0.0084033613445378,1.588235294117647,104.81620185959392,229.4230293450712,0.0071128735271957,5.789216670212954,0.4789792616272832,1.1077493507565896,-0.1665843464722087,5.681467319456363,-0.6223139844640362,0.0713987620246168,-3.479340626489257,0.2728987562185464,-0.1504520353452588,2.7699170499909185,-0.0076943237913122,4.395672810095152
sub-0107,faces,ds005256/sub-0107/ses-02/func/sub-0107_ses-02_task-faces_acq-mb8_run-01_bold.nii.gz,0.4600000083446502,914,96,121,95,113,5.849557522123894,1.434406540661958,1.1415929203539823,0.5152540399295447,5.707964601769912,1.6129023082253415,0.0973451327433628,0.2920353982300885,0.6666666666666666,2.212121212121212,3.2612612612612613,5.32545045045045,0.0176991150442477,1.7256637168141593,88.84959641137952,218.0968509547724,0.485824113439992,5.802440249006878,1.1843317844337709,1.0936112625840524,-0.0074434965254661,5.708828986422824,1.4755915284861074,0.0642525525486007,1.0536101887889042,0.2719291715415354,1.991692310531924,2.6233396762675563,1.7810551661043166,4.376258446396864
sub-0109,faces,ds005256/sub-0109/ses-02/func/sub-0109_ses-02_task-faces_acq-mb8_run-01_bold.nii.gz,0.4600000083446502,914,96,134,95,126,5.7936507936507935,1.5300586149162276,1.0793650793650793,0.2713867971195239,5.714285714285714,1.609258924385472,0.0793650793650793,0.2539682539682539,0.78125,2.34375,2.5609756097560976,3.6930894308943087,0.0238095238095238,1.6031746031746033,111.6032493828692,226.2871096697125,-0.1192481569167541,5.804331105164692,-0.5843486868405925,1.0986266981278874,0.0892266142349444,5.705704407036804,0.4428508440399503,0.0692256187449899,-0.8029478069568626,0.2687296314449027,-0.482174649096329,2.691871368239474,-0.8475277793059679,4.033134331973527
sub-0111,faces,ds005256/sub-0111/ses-02/func/sub-0111_ses-02_task-faces_acq-mb8_run-01_bold.nii.gz,0.4600000083446502,914,96,129,95,119,5.689075630252101,1.587813223655302,1.0420168067226891,0.201475825323329,5.647058823529412,1.644653563510594,0.042016806722689,0.226890756302521,0.8148148148148148,2.703703703703704,2.788135593220339,4.401483050847458,0.0084033613445378,1.5630252100840336,94.10043313567564,228.89036580638583,-1.1713565320609898,5.802942379176489,-1.4204537277085083,1.0990195682086503,-0.4765542082879476,5.703922810967841,-0.994163466098139,0.0644114597939916,-2.061083488797614,0.2757388244800157,0.1664301863065173,2.7476153460001957,0.1634089169936428,4.337456748892637
sub-0112,faces,ds005256/sub-0112/ses-02/func/sub-0112_ses-02_task-faces_acq-mb8_run-01_bold.nii.gz,0.4600000083446502,914,96,110,95,101,5.683168316831683,1.4760128256170872,1.0891089108910892,0.349256636328935,5.594059405940594,1.5759328527686842,0.0693069306930693,0.2772277227722772,0.7857142857142857,2.321428571428572,2.757575757575758,5.070707070707071,0.0198019801980198,1.5643564356435644,95.2101008735102,226.12997918557213,-1.02822318394186,5.824728576413959,0.36032000030002,1.0764672741413048,-1.0307294476085649,5.748261302272654,0.8299267460225682,0.053665032422163,0.1436632774114165,0.2736426158816565,0.4681502890374422,2.656816145066297,0.3810218782866945,4.903209591927088
sub-0114,faces,ds005256/sub-0114/ses-02/func/sub-0114_ses-02_task-faces_acq-mb8_run-01_bold.nii.gz,0.4600000083446502,914,96,119,95,113,5.752212389380531,1.5671344040005872,1.079646017699115,0.3030085135636215,5.672566371681416,1.6553079012037644,0.0707964601769911,0.247787610619469,0.6785714285714286,2.392857142857143,2.455357142857143,4.077008928571429,0.0088495575221238,1.584070796460177,99.0239288001323,228.9337702060197,-0.7250046523492081,5.823098495733105,-0.4615346231316915,1.0977022363025692,-0.4970236118593698,5.725396259430535,0.1035665003617189,0.0683523286416932,-1.045699172856413,0.2705124684109548,-0.7802825138396934,2.659299675481847,-0.9355688445308518,4.559338128354434
sub-0115,faces,ds005256/sub-0115/ses-02/func/sub-0115_ses-02_task-faces_acq-mb8_run-01_bold.nii.gz,0.4600000083446502,914,96,119,95,110,5.736363636363636,1.5425302264730456,1.1,0.4482381411623297,5.636363636363637,1.6408057582420394,0.0727272727272727,0.2545454545454545,0.6071428571428571,2.25,3.201834862385321,5.360091743119266,0.009090909090909,1.6363636363636365,111.54109939605628,229.2088391779644,-0.7334170448493911,5.80118963534583,0.5809465797852993,1.0792043499486206,-0.8048424666911351,5.721985285397209,0.9037728329479152,0.0540119121875581,-0.7321631236318007,0.2686719698189316,1.8651451568559991,2.662056864486357,1.564404075493727,4.548318848252446
sub-0116,faces,ds005256/sub-0116/ses-02/func/sub-0116_ses-02_task-faces_acq-mb8_run-01_bold.nii.gz,0.4600000083446502,914,96,107,95,100,5.75,1.4590366269521402,1.12,0.5555959581268285,5.63,1.63085774048412,0.08,0.28,0.75,2.321428571428572,2.724489795918368,5.088010204081633,0.02,1.6,100.18798690159689,226.27860751360623,-0.094986958888987,5.759185220781651,0.4830293902932896,1.098455252511329,-0.2888267664367718,5.660729968270323,0.4479346618457311,0.0680855489184619,0.4625478092167543,0.2701974065622179,0.1426538266340357,2.677915552947998,0.0222570391990651,5.073585732568261
sub-0118,faces,ds005256/sub-0118/ses-02/func/sub-0118_ses-02_task-faces_acq-mb8_run-01_bold.nii.gz,0.4600000083446502,914,96,124,95,118,5.8474576271186445,1.5000120719973924,1.0254237288135593,0.2051417857303669,5.822033898305085,1.53940467976158,0.0169491525423728,0.2627118644067797,0.6451612903225806,2.193548387096774,2.5811965811965814,4.1875,0.0084745762711864,1.6271186440677967,109.24164969375671,227.6680361193257,0.8838995239375488,5.779571251664989,-1.6524533090437417,1.09590132750575,1.4891721428741351,5.683669924159238,-2.0151106681986355,0.0683421568376886,-0.2759143034637693,0.2686393051595122,-0.4691895845046842,2.722176530241728,-0.5541441960777878,4.469233041047256
sub-0122,faces,ds005256/sub-0122/ses-02/func/sub-0122_ses-02_task-faces_acq-mb8_run-01_bold.nii.gz,0.4600000083446502,914,96,124,95,115,5.6173913043478265,1.4484269064859625,1.173913043478261,0.740564857498456,5.443478260869565,1.6553544399589128,0.0782608695652174,0.2869565217391304,0.6060606060606061,2.0303030303030303,2.7610619469026547,4.411504424778761,0.017391304347826,1.417391304347826,104.69247843342644,229.641940111982,-1.8459005901347407,5.807820075488531,2.13850033108044,1.0898970750769188,-2.166217875052937,5.717923000411614,0.6082212050762373,0.063038769576142,1.0493481054781388,0.2676423512909464,-0.1601030711296427,2.804357765770561,-0.4626604080889463,4.626347355253824
sub-0123,faces,ds005256/sub-0123/ses-02/func/sub-0123_ses-02_task-faces_acq-mb8_run-01_bold.nii.gz,0.4600000083446502,914,96,125,95,120,5.775,1.2465919928503697,1.0666666666666669,0.2820493232189918,5.708333333333333,1.3434924595231337,0.0583333333333333,0.2583333333333333,0.6451612903225806,2.064516129032258,2.7203389830508478,4.189618644067797,0.0166666666666666,1.6333333333333333,96.96147086672435,228.94331618703143,-0.7223420512056692,5.830936134247116,-0.8203379235839802,1.0942229163301087,-0.3445764869492304,5.736713217917008,-0.4207505978774561,0.0671658425672226,-1.1063621753096529,0.2796395497335955,-0.1252804613499499,2.752345691171572,-0.6635981620660718,4.489698888905996
sub-0124,faces,ds005256/sub-0124/ses-02/func/sub-0124_ses-02_task-faces_acq-mb8_run-01_bold.nii.gz,0.4600000083446502,914,96,127,95,119,6.050420168067227,1.5450782410982382,1.0588235294117647,0.326618983097494,5.991596638655462,1.64417718497181,0.0336134453781512,0.2605042016806723,0.6774193548387096,2.3870967741935485,2.52991452991453,3.9284188034188032,0.0168067226890756,1.831932773109244,86.45144974563397,221.7479357961097,2.0344358703361447,5.787964939372518,-0.8121658143650451,1.0939544267075445,2.0530616831561943,5.694010512664974,-1.3346564940316057,0.0642442533577587,-0.840660167654061,0.2770511557521023,-0.5710666160302758,2.675207821751448,-0.8908871975187439,4.310393793444289
sub-0126,faces,ds005256/sub-0126/ses-02/func/sub-0126_ses-02_task-faces_acq-mb8_run-01_bold.nii.gz,0.4600000083446502,914,96,128,95,116,5.870689655172414,1.429686328710165,1.103448275862069,0.4448607079471757,5.767241379310345,1.545584221162874,0.0603448275862069,0.293103448275862,0.5588235294117647,2.0294117647058822,2.6956521739130435,4.385869565217392,0.0086206896551724,1.706896551724138,99.7816217099056,221.15444326965417,0.7060101144751776,5.79207409025577,0.1132236827418285,1.0994334077234849,0.6655137970306042,5.692640682532286,-0.4278790713634819,0.0693694720850272,1.656742818895233,0.2658548965560292,-0.086641710703864,2.7148385691556003,0.2556771581281546,4.294556918796284
sub-0127,faces,ds005256/sub-0127/ses-02/func/sub-0127_ses-02_task-faces_acq-mb8_run-01_bold.nii.gz,0.4600000083446502,914,96,112,95,107,5.626168224299065,1.5328070469343893,1.074766355140187,0.3279707355628643,5.551401869158879,1.6439347922373777,0.0560747663551401,0.2336448598130841,0.76,2.52,3.1904761904761907,5.817857142857143,0.0186915887850467,1.4953271028037385,102.70434165125276,228.94216543093663,-1.976818343679686,5.8130725462287725,-0.4617682141623982,1.0901146771898382,-1.601989488177597,5.722957869038934,-0.2881426287222568,0.0623090503896249,-2.4119265164146797,0.2809025814448229,1.762564883107533,2.7677096740369747,1.8638610814111705,5.000053847936489
sub-0128,faces,ds005256/sub-0128/ses-02/func/sub-0128_ses-02_task-faces_acq-mb8_run-01_bold.nii.gz,0.4600000083446502,914,96,128,95,117,5.948717948717949,1.419362131175989,1.0427350427350428,0.203129073674266,5.905982905982906,1.473811069530553,0.0427350427350427,0.282051282051282,0.5757575757575758,2.060606060606061,2.7758620689655173,4.424568965517241,0.0085470085470085,1.7606837606837606,86.74826943152841,227.0500732958673,1.947305709695197,5.785807426558469,-1.2133540120699624,1.1065648531842092,2.03895318962212,5.679242573374261,-1.1478956269590042,0.0708282444075216,0.7604204135702539,0.2656149450532262,0.153266438694243,2.733315618408295,0.2515016239737297,4.313270174321215
sub-0129,faces,ds005256/sub-0129/ses-02/func/sub-0129_ses-02_task-faces_acq-mb8_run-01_bold.nii.gz,0.4600000083446502,914,96,130,95,120,5.808333333333334,1.4040507624076015,1.0833333333333333,0.3063291285757944,5.725,1.4892471731909187,0.075,0.2666666666666666,0.59375,2.125,2.73728813559322,4.190677966101695,0.0166666666666666,1.6,102.06132030259138,228.77987763873443,-0.1542589102385643,5.8216912620000025,-0.4074591952037741,1.096263143581695,-0.0045161264947061,5.725428118418309,0.3783986699817634,0.0668735043921562,-0.3429411113451598,0.2765067645616467,0.1818709538026347,2.687088266929129,0.0092893956699869,4.1865308298454265
sub-0130,faces,ds005256/sub-0130/ses-02/func/sub-0130_ses-02_task-faces_acq-mb8_run-01_bold.nii.gz,0.4600000083446502,914,96,141,95,134,5.731343283582089,1.5076954435307128,1.1417910447761197,0.5224722185602995,5.58955223880597,1.6598427616768976,0.0970149253731343,0.291044776119403,0.5897435897435898,2.076923076923077,3.2706766917293235,4.6118421052631575,0.0074626865671641,1.537313432835821,110.08332369923431,227.2285804647396,-1.4733822602218407,5.865817197261716,1.0720672151422388,1.103968744735251,-1.514526339358225,5.761848452526466,1.2781965507663102,0.0692876250924506,1.4270621029546529,0.2685443496282046,0.9558874622047748,2.936408489388432,0.7682452779501713,4.224313804791369
sub-0131,faces,ds005256/sub-0131/ses-02/func/sub-0131_ses-02_task-faces_acq-mb8_run-01_bold.nii.gz,0.4600000083446502,914,96,129,95,119,5.873949579831932,1.5045390185878238,1.100840336134454,0.3772100521512567,5.773109243697479,1.6178924080101498,0.0756302521008403,0.2941176470588235,0.6857142857142857,2.342857142857143,2.47008547008547,3.91025641025641,0.0168067226890756,1.6134453781512603,99.60993013331054,228.4051559439035,0.7784966950129655,5.800950681526672,0.1806246874791502,1.094257411191596,0.5831027415076846,5.706693270335077,0.3067596642802866,0.0682296423956921,1.3417858487544865,0.2696231646023728,-1.128274193097184,2.740692582248068,-0.9200444009105364,4.263934563191133
sub-0132,faces,ds005256/sub-0132/ses-02/func/sub-0132_ses-02_task-faces_acq-mb8_run-01_bold.nii.gz,0.4600000083446502,914,96,124,95,113,5.79646017699115,1.4587133030969832,1.0973451327433628,0.4218285401912112,5.699115044247788,1.5804890503993896,0.0619469026548672,0.3274336283185841,0.5945945945945946,2.054054054054054,2.732142857142857,4.616071428571429,0.0088495575221238,1.6814159292035398,101.04134075188377,229.58376574526105,-0.0920306321593056,5.807024081511868,0.1964347871611977,1.0894859222241873,-0.151638619485124,5.717538159287681,-0.0827720844089305,0.0639384312536788,2.6833016786785704,0.2660817909830665,0.064289950405244,2.7140894682301098,0.3844168403687739,4.433907956859192
sub-0133,faces,ds005256/sub-0133/ses-02/func/sub-0133_ses-02_task-faces_acq-mb8_run-01_bold.nii.gz,0.4600000083446502,914,96,95,95,84,5.869047619047619,1.454364117288691,1.1666666666666667,0.5560907729779058,5.7023809523809526,1.655802225434336,0.1071428571428571,0.2619047619047619,0.6818181818181818,2.1818181818181817,2.469879518072289,5.707831325301205,0.0119047619047619,1.5357142857142858,116.47790088388018,216.58171462500772,0.4303980517407021,5.821913578459834,2.1364582563801453,1.0859695866824204,-0.2788882671205158,5.735943991777416,1.7408553559043167,0.0643369008472135,-0.277243085536186,0.2686432222757181,-0.2994875866451782,2.550957698775628,0.3549244799655369,5.495373862813755
sub-0001,fractional,ds005256/sub-0001/ses-04/func/sub-0001_ses-04_task-fractional_acq-mb8_run-01_bold.nii.gz,0.4600000083446502,1323,20,183,19,169,7.177514792899408,1.3815850029280072,1.183431952662722,0.5633319745023885,6.994082840236686,1.6920579236261892,0.1183431952662721,0.2662721893491124,0.6222222222222222,1.8444444444444448,2.988095238095238,0.6712239583333334,0.0059171597633136,4.059171597633136,116.66138993296354,229.79656968419164,-0.6268409700678218,7.2079343744496125,0.0445263168814827,1.1817224579712078,-0.4309418771013308,7.026211916478406,0.3544875510575846,0.1109811607247856,-0.8369076807275687,0.2795823600058182,-0.8132671598354361,3.2573591471996832,-0.8783572857176352,0.7392292905129677
sub-0002,fractional,ds005256/sub-0002/ses-04/func/sub-0002_ses-04_task-fractional_acq-mb8_run-01_bold.nii.gz,0.4600000083446502,1323,20,90,19,83,7.120481927710843,1.4848633866818972,1.1325301204819278,0.4881794036819388,6.987951807228916,1.749522414996722,0.072289156626506,0.2409638554216867,0.7,2.3,2.962962962962963,1.3566743827160497,0.0240963855421686,4.024096385542169,108.44025584884744,229.63710522765987,0.3106951286025963,7.077289974336789,0.9132421917988556,1.0923283069127965,0.0189998298388586,6.984961667423993,0.3502225682631283,0.0634942307553778,-0.6126185566657142,0.25510569824391,0.505838995928173,2.780430176113259,0.3751649489080187,1.2945441932727406
sub-0004,fractional,ds005256/sub-0004/ses-04/func/sub-0004_ses-04_task-fractional_acq-mb8_run-01_bold.nii.gz,0.4600000083446502,1323,20,174,19,160,7.24375,1.3258289207299805,1.15,0.5040714734186665,7.09375,1.5813252741423915,0.1,0.28125,0.6666666666666666,1.8,2.9177215189873418,0.6828520569620253,0.0125,4.1625,122.56056569462076,225.77724531418224,0.6944971297148473,7.205161501995357,-0.7632091871345058,1.189474502694568,0.9021747713865916,7.015686999300788,-0.163219823980952,0.1037631631921314,-0.5968360748821289,0.2926934651204945,-0.893839137922723,3.2401906910709504,-1.072778230548309,0.7740834619133276
sub-0008,fractional,ds005256/sub-0008/ses-04/func/sub-0008_ses-04_task-fractional_acq-mb8_run-01_bold.nii.gz,0.4600000083446502,1323,20,173,19,158,7.2215189873417724,1.3573269803125252,1.1645569620253164,0.6063439512195374,7.056962025316456,1.6365400463751267,0.0886075949367088,0.2468354430379747,0.4871794871794871,1.7179487179487178,3.448717948717949,0.8371394230769231,0.0126582278481012,4.1265822784810124,110.31790916196312,229.98936880264483,0.3654550802407121,7.192410934141038,-0.7273521957385425,1.1945771987132632,0.5515956390707085,6.997833735427775,-1.0146408148384534,0.1074377099983687,-0.1142912358055541,0.2493699161594421,0.7572037085080343,3.180848767304914,0.865390964437923,0.7627011267372718
sub-0013,fractional,ds005256/sub-0013/ses-04/func/sub-0013_ses-04_task-fractional_acq-mb8_run-01_bold.nii.gz,0.4600000083446502,1234,19,181,18,170,7.135294117647059,1.268387214536908,1.223529411764706,0.7277503731628759,6.911764705882353,1.601915404152343,0.1117647058823529,0.3352941176470588,0.6140350877192983,1.7017543859649122,2.463855421686747,0.5094126506024096,0.0235294117647058,4.011764705882353,115.08998474305456,228.47689070341528,-1.067958810778574,7.208756450151266,0.6950264766088503,1.1893969390328454,-1.0263999025408452,7.019359511118419,0.1612171465419759,0.107799775590463,1.7211264954890615,0.3057586558804049,-2.19215761410974,3.244755046508872,-2.370729152261509,0.6986525053291833
sub-0017,fractional,ds005256/sub-0017/ses-04/func/sub-0017_ses-04_task-fractional_acq-mb8_run-01_bold.nii.gz,0.4600000083446502,1323,20,88,19,81,7.074074074074074,1.4210715831528138,1.148148148148148,0.6146362971528591,6.925925925925926,1.730446313655655,0.0617283950617283,0.2222222222222222,0.8888888888888888,2.333333333333333,2.9615384615384617,1.3125,0.037037037037037,4.024691358024692,100.30466574754452,227.23695918603,-0.3862886733094111,7.131081323485591,0.6153351411391907,1.1158608396206,-0.5116973158749457,7.015220483864989,-0.3880289554386147,0.0746666110926002,-0.9446309341805283,0.2421284272361049,0.5829100416876776,2.766959014437861,-0.0035451209556535,1.3131256497430246
sub-0021,fractional,ds005256/sub-0021/ses-04/func/sub-0021_ses-04_task-fractional_acq-mb8_run-01_bold.nii.gz,0.4600000083446502,1322,20,174,19,163,7.263803680981595,1.2463686555022415,1.147239263803681,0.5798374488516698,7.116564417177914,1.5005868729991627,0.0736196319018405,0.2515337423312883,0.4634146341463415,1.6585365853658536,2.7169811320754715,0.6300117924528302,0.0245398773006134,4.171779141104294,114.93273994461153,228.1862551269945,1.044154078601614,7.194408568222669,-1.4070319727353282,1.2012928452465383,1.280725868112937,6.993115722976128,-2.101477256544164,0.1161894626181068,-0.5482598550913779,0.2616551321324576,-1.5299682947066793,3.4041100637909456,-1.7217183676737664,0.8142820119242482
sub-0023,fractional,ds005256/sub-0023/ses-04/func/sub-0023_ses-04_task-fractional_acq-mb8_run-01_bold.nii.gz,0.4600000083446502,1322,20,176,19,164,7.237804878048781,1.3193361636118732,1.274390243902439,0.7539362514929744,6.963414634146342,1.7120656052966376,0.1524390243902439,0.2865853658536585,0.6382978723404256,1.8085106382978724,3.9254658385093166,0.8996506211180124,0.0182926829268292,3.9939024390243913,114.69491759026188,229.33776522573336,0.5428958810340039,7.183467739900406,1.198046124745266,1.1982006219890606,-0.1487234409842274,6.985267117911346,1.0575128877000808,0.1162656976035141,1.1974673311002284,0.2645964106266228,1.8573088803867717,3.2052695370066604,1.5790439865741766,0.7562817432346468
sub-0024,fractional,ds005256/sub-0024/ses-04/func/sub-0024_ses-04_task-fractional_acq-mb8_run-01_bold.nii.gz,0.4600000083446502,1322,20,180,19,166,7.168674698795181,1.199184340048091,1.210843373493976,0.7532574992444114,6.957831325301205,1.562253266389964,0.108433734939759,0.2469879518072289,0.6097560975609756,1.804878048780488,3.265432098765432,0.7463348765432098,0.0240963855421686,4.030120481927711,125.59167232461976,229.413038321212,-0.4709284233376144,7.214496664856614,0.5176660264962771,1.1899578086470468,-0.5291731692140059,7.024538856209569,0.0307340821818421,0.1078837531159032,-0.7897998471490709,0.2616139055331199,-0.1017714793570404,3.29777003264466,-0.1843696080207582,0.7594225897218474
sub-0029,fractional,ds005256/sub-0029/ses-04/func/sub-0029_ses-04_task-fractional_acq-mb8_run-01_bold.nii.gz,0.4600000083446502,1322,20,179,19,161,7.267080745341615,1.2930475821443854,1.1677018633540373,0.5726694601242556,7.099378881987578,1.6209756666283557,0.1055900621118012,0.3291925465838509,0.5283018867924528,1.6037735849056605,3.974522292993631,0.950437898089172,0.0248447204968944,4.130434782608695,118.14001144572391,228.70518945037645,1.492295441568137,7.188322074022232,-0.550199954064147,1.1872537571854669,1.3704547167217178,7.001068316836765,-0.1513565250684037,0.1077152680255737,0.1449666199481569,0.3265778490915487,2.2840914486425627,3.202141749029979,2.3385940789087782,0.7499008555064262
sub-0032,fractional,ds005256/sub-0032/ses-04/func/sub-0032_ses-04_task-fractional_acq-mb8_run-01_bold.nii.gz,0.4600000083446502,1322,20,170,19,157,7.159235668789809,1.322921951203469,1.1592356687898089,0.5127796815363348,7.0,1.540063268763615,0.10828025477707,0.2547770700636942,0.725,1.875,2.8774193548387097,0.6925403225806451,0.0127388535031847,4.063694267515924,110.54213088043583,225.8839341325486,-0.3053405202069422,7.177436584500192,-0.2848800165890363,1.1740379406184476,-0.0403783554321393,7.0033986438817415,0.303581285438882,0.1019597021047785,0.2220042581575398,0.2511511362625281,-0.7795932861249071,3.2846841044230954,-0.8762992649806265,0.802928859732743
sub-0034,fractional,ds005256/sub-0034/ses-04/func/sub-0034_ses-04_task-fractional_acq-mb8_run-01_bold.nii.gz,0.4600000083446502,1322,20,157,19,146,7.116438356164384,1.278524332419068,1.1712328767123288,0.5676277196834618,6.945205479452055,1.5075937526416894,0.0958904109589041,0.273972602739726,0.6,1.725,3.430555555555556,0.8860677083333334,0.0136986301369863,4.013698630136986,109.5940251418848,228.28701914048168,-0.5528378483456248,7.187722742808992,-0.0216228149721804,1.1722475760704607,-0.4675033527104881,7.015475166738529,0.0039446664253768,0.0957982857322989,1.3755281118694151,0.2454308898223439,0.8732898245474289,3.1237822406809093,0.6759804880211935,0.8257289349951941
sub-0036,fractional,ds005256/sub-0036/ses-04/func/sub-0036_ses-04_task-fractional_acq-mb8_run-01_bold.nii.gz,0.4600000083446502,1322,20,197,19,182,7.230769230769231,1.2400046611650326,1.1813186813186811,0.6351424928934565,7.049450549450549,1.54589984354434,0.0989010989010989,0.3571428571428571,0.5230769230769231,1.6153846153846154,3.877094972067039,0.8135474860335196,0.0164835164835164,4.0989010989010985,118.2934330604081,229.95479275471328,0.6876206893965783,7.20015531882412,-0.3457346980765343,1.1951845577049878,0.6472924000559785,7.004970761119133,-0.7902986971938103,0.1109093582490318,0.2157251491424436,0.3546651515017735,1.7141106759701084,3.209186075481403,1.7369886515188473,0.6768401872872837
sub-0073,fractional,ds005256/sub-0073/ses-04/func/sub-0073_ses-04_task-fractional_acq-mb8_run-01_bold.nii.gz,0.4600000083446502,1322,20,164,19,153,7.189542483660131,1.3116463840037478,1.169934640522876,0.5354640102064284,7.019607843137255,1.5579616754090404,0.1111111111111111,0.2679738562091503,0.6829268292682927,1.8780487804878048,3.1,0.7779166666666667,0.0196078431372549,4.045751633986928,120.85524129316806,227.12651486970503,-0.0999953449160078,7.194205094182745,-0.0918912382946213,1.1736476893742596,-0.0129628909338619,7.0205574048084864,0.3456482609657281,0.1025512598873536,-0.5054032832118298,0.2781499124318506,-0.0058983103951545,3.102148522756899,-0.0984737624989607,0.7871389382734958
sub-0074,fractional,ds005256/sub-0074/ses-04/func/sub-0074_ses-04_task-fractional_acq-mb8_run-01_bold.nii.gz,0.4600000083446502,1322,20,169,19,158,7.158227848101266,1.3041929046226064,1.2215189873417722,0.673647904796849,6.936708860759493,1.6186947021912066,0.1329113924050632,0.2531645569620253,0.625,1.775,2.941935483870968,0.7028225806451613,0.0189873417721519,4.006329113924051,114.06290967752058,223.90440139349968,-0.6186545695278018,7.190853511101861,0.8010314462414896,1.1799069728868394,-0.8904668614659189,7.0109465382150224,1.1572341395106445,0.1007486031456706,-0.8953863850383544,0.2663523243431561,-0.6334370778929023,3.10610763887344,-1.005078666682283,0.7641639447551796
sub-0076,fractional,ds005256/sub-0076/ses-04/func/sub-0076_ses-04_task-fractional_acq-mb8_run-01_bold.nii.gz,0.4600000083446502,1322,20,202,19,188,7.148936170212766,1.2056679583743173,1.2872340425531914,0.8543357857252241,6.861702127659575,1.639101513561669,0.1489361702127659,0.3297872340425531,0.532258064516129,1.6290322580645162,2.9891891891891893,0.6074324324324324,0.0159574468085106,3.9095744680851054,111.54228669385006,229.38936014421847,-0.6695085034848096,7.200003670737605,1.972121826851728,1.1962269760979825,-1.375183506228672,7.003776694639623,1.9097139153883016,0.1122231182945242,1.7086293286321743,0.2949789375786552,-0.9012367466823336,3.297355489207619,-1.0187317923072146,0.6792544468404699
sub-0079,fractional,ds005256/sub-0079/ses-04/func/sub-0079_ses-04_task-fractional_acq-mb8_run-01_bold.nii.gz,0.4600000083446502,1322,20,180,19,165,7.066666666666666,1.2500406497455434,1.2484848484848483,0.6382718723245911,6.818181818181818,1.5628020772299462,0.1575757575757575,0.2909090909090909,0.5625,1.6875,3.177914110429448,0.7331288343558282,0.0121212121212121,3.8848484848484848,120.59257306518394,229.1269380675175,-1.8478110417958653,7.195172901016334,1.129931175073948,1.1942504391643094,-1.9323399799931376,7.000922461852024,1.7553540273833577,0.1114963374255728,0.1717021668518031,0.2882418192186622,-0.090028568253871,3.209973493317177,-0.0926233367094425,0.7409687721058199
sub-0080,fractional,ds005256/sub-0080/ses-04/func/sub-0080_ses-04_task-fractional_acq-mb8_run-01_bold.nii.gz,0.4600000083446502,1322,20,166,19,151,7.105960264900662,1.2604354690915078,1.1920529801324504,0.5503360402285071,6.913907284768212,1.5403047202896505,0.1324503311258278,0.2251655629139073,0.7352941176470589,2.0,2.9932885906040267,0.7449664429530202,0.0132450331125827,3.9735099337748334,108.21778926687844,229.24639532326177,-0.8051370678007955,7.17486268276845,0.8580881208340211,1.1520704215246071,-0.9813068784027428,7.0227922612438425,1.2055529976478254,0.094953711358833,-0.3667942556639811,0.2321283537920201,-0.9003553881488976,3.294014796218903,-0.9666954822635844,0.826685516800153
sub-0081,fractional,ds005256/sub-0081/ses-04/func/sub-0081_ses-04_task-fractional_acq-mb8_run-01_bold.nii.gz,0.4600000083446502,1322,20,164,19,150,7.133333333333334,1.2077305061111518,1.14,0.5437873646808807,6.993333333333333,1.4353946989711408,0.0733333333333333,0.2933333333333333,0.5681818181818182,1.681818181818182,2.857142857142857,0.7257653061224489,0.02,4.066666666666666,110.84950898088584,229.8122103997929,-1.4633466110179525,7.201484292368455,-0.3441668461472401,1.1579639962933252,-0.6352619021241027,7.043520296075132,-0.9436853403251176,0.0934148819428013,0.7261300978331201,0.281029478075624,-0.9380495304059056,3.20180952810515,-0.8768224060238692,0.8069513350781293
sub-0087,fractional,ds005256/sub-0087/ses-04/func/sub-0087_ses-04_task-fractional_acq-mb8_run-01_bold.nii.gz,0.4600000083446502,1322,20,173,19,156,7.1923076923076925,1.2397470325492377,1.2564102564102564,0.7172689680582094,6.935897435897436,1.6759378200009425,0.1474358974358974,0.2756410256410256,0.4883720930232558,1.6744186046511629,3.07843137254902,0.7489787581699346,0.0192307692307692,3.993589743589744,105.84990116074655,228.084857195062,-0.1141026905076379,7.202070106368761,1.318807717694059,1.185855001969038,-0.6688513408624538,7.016215104399722,1.7541703571975011,0.1060778208463112,0.3184479777803782,0.2697886654636596,-0.3790378244336724,3.2540370911869574,-0.2615091726212583,0.776483611074491
sub-0089,fractional,ds005256/sub-0089/ses-04/func/sub-0089_ses-04_task-fractional_acq-mb8_run-01_bold.nii.gz,0.4600000083446502,1322,20,173,19,158,7.1835443037974684,1.3106064507415291,1.139240506329114,0.522955277287699,7.044303797468355,1.5240949562877195,0.0822784810126582,0.3037974683544304,0.6458333333333334,1.7708333333333333,2.793548387096774,0.6794354838709677,0.0189873417721519,4.082278481012659,115.7515255257251,228.61491234284787,-0.1769793699415852,7.191880824119136,-1.02223298838255,1.174325825349476,0.3806930976597082,7.01755499876966,-1.065498247008544,0.1070250039550457,2.246814632571514,0.2766049598949792,-1.2207217962583647,3.2212059262857595,-1.093492484838032,0.7690254962093398
sub-0093,fractional,ds005256/sub-0093/ses-04/func/sub-0093_ses-04_task-fractional_acq-mb8_run-01_bold.nii.gz,0.4600000083446502,1322,20,166,19,149,7.161073825503356,1.3052239845782696,1.1208053691275168,0.4637210204808948,7.040268456375839,1.5061997760197885,0.0805369127516778,0.2818791946308724,0.6190476190476191,1.761904761904762,3.333333333333333,0.853515625,0.0335570469798657,4.12751677852349,122.44466005903722,228.17606657247487,-0.0524517283402831,7.164201843404635,-1.483696787013677,1.1746412839641889,0.6855392636797584,6.989560559440448,-1.4027731992523984,0.105001223830593,1.261706030643045,0.2628420673556282,0.5001898097078455,3.1762942389185755,0.8251570640573562,0.790160704906679
sub-0095,fractional,ds005256/sub-0095/ses-04/func/sub-0095_ses-04_task-fractional_acq-mb8_run-01_bold.nii.gz,0.4600000083446502,1322,20,188,19,172,7.156976744186046,1.2012703507522176,1.2093023255813953,0.5847232377714107,6.947674418604652,1.5034639725542698,0.1395348837209302,0.2906976744186046,0.64,1.74,3.526627218934911,0.7760724852071006,0.0174418604651162,4.011627906976744,118.23972564427082,227.71075626899616,-0.5752010011503258,7.186434582736879,0.352293282797997,1.1925773522043353,-0.5611541503131239,6.993857230532543,1.5132876250278142,0.1084453946278629,0.4185452429531977,0.2838996795935912,1.2397915296786768,3.2452884103079773,1.0292399713694058,0.7198136899634265
sub-0100,fractional,ds005256/sub-0100/ses-04/func/sub-0100_ses-04_task-fractional_acq-mb8_run-01_bold.nii.gz,0.4600000083446502,1322,20,192,19,177,7.242937853107344,1.2120457732045813,1.192090395480226,0.6460937104564012,7.050847457627119,1.5272940511388329,0.1016949152542373,0.2768361581920904,0.5306122448979592,1.673469387755102,2.655172413793104,0.5686961206896551,0.0169491525423728,4.11864406779661,112.36012153889163,229.3384369161158,0.8152094994042245,7.188247525100372,-0.2808759100816204,1.204486846117746,0.6925792544106133,6.983760678982626,-0.5054952452052617,0.1122100822740987,0.2141091531135016,0.2723159218647037,-2.4255506191508878,3.4401891132697866,-2.546031450540844,0.7448880727469267
sub-0101,fractional,ds005256/sub-0101/ses-04/func/sub-0101_ses-04_task-fractional_acq-mb8_run-01_bold.nii.gz,0.4600000083446502,1322,20,180,19,166,7.240963855421687,1.2941861740998108,1.1987951807228916,0.7565462153607233,7.042168674698795,1.674595960816362,0.0903614457831325,0.2590361445783132,0.6511627906976745,1.7906976744186047,3.4875,0.78955078125,0.036144578313253,4.096385542168675,114.06522393380804,227.2539634319271,1.2419097118296123,7.172776861407795,0.4428157920265162,1.1810117526208228,0.6116866583925781,6.991765108786973,-0.6914687713320016,0.1048816262390982,0.6665336525900993,0.2501605098004081,0.819735090140876,3.1912008365920377,0.6103776003831871,0.737637626969157
sub-0102,fractional,ds005256/sub-0102/ses-04/func/sub-0102_ses-04_task-fractional_acq-mb8_run-01_bold.nii.gz,0.4600000083446502,1322,20,175,19,156,7.282051282051282,1.28412074497524,1.2243589743589745,0.6869635661909445,7.057692307692308,1.6548672478300024,0.1153846153846153,0.282051282051282,0.5227272727272727,1.681818181818182,2.7254901960784315,0.6583946078431373,0.0192307692307692,4.102564102564102,111.06783624717808,228.10439887823225,1.129803525324084,7.211632037137448,1.0641187323072168,1.1778688759124758,0.2742671386112241,7.03376316122497,0.4833265826875583,0.1041433825848844,-0.8930328635286625,0.298096011635137,-1.2912196037051658,3.267082927976349,-1.1751726131803544,0.7761354796353351
sub-0104,fractional,ds005256/sub-0104/ses-04/func/sub-0104_ses-04_task-fractional_acq-mb8_run-01_bold.nii.gz,0.4600000083446502,1322,20,183,19,167,7.131736526946108,1.2493415046431495,1.2035928143712575,0.6261271489841689,6.92814371257485,1.5775872315653996,0.1137724550898203,0.2934131736526946,0.5102040816326531,1.6326530612244898,4.067073170731708,0.924733231707317,0.0179640718562874,4.011976047904192,112.153013599133,228.4352473431584,-0.8850336951711547,7.198884239212679,0.7514918741459471,1.173597385939347,-0.9863056853789848,7.025286853273332,0.777577267154508,0.1000594918564817,1.7323790830590553,0.2522128149592729,1.3508190437159058,3.4252471894988203,1.3521329052670847,0.7773907473930188
sub-0106,fractional,ds005256/sub-0106/ses-04/func/sub-0106_ses-04_task-fractional_acq-mb8_run-01_bold.nii.gz,0.4600000083446502,1322,20,177,19,165,7.242424242424242,1.2932824336034483,1.1515151515151516,0.5365433699886598,7.090909090909091,1.5134284363421506,0.0969696969696969,0.2545454545454545,0.5476190476190477,1.738095238095238,3.037037037037037,0.7071759259259259,0.0181818181818181,4.133333333333334,112.822877147786,222.5635062177954,0.923057105572504,7.202884607982024,-0.6451317501084601,1.1755987794039562,1.1233873196558026,7.027285828578067,-0.2495900974735031,0.1018682854683875,0.0337034165591596,0.2538710653786614,-0.334998341224477,3.1288031601310218,-0.4821752885002668,0.7382312106662869
sub-0001,narratives,ds005256/sub-0001/ses-02/func/sub-0001_ses-02_task-narratives_acq-mb8_run-01_bold.nii.gz,0.4600000083446502,937,18,127,16,102,6.852941176470588,1.471828248317424,1.107843137254902,0.3956912173739668,6.745098039215686,1.663149073829011,0.088235294117647,0.2549019607843137,0.6153846153846154,1.9230769230769231,2.316326530612245,0.7169961734693877,0.0392156862745098,3.784313725490196,104.83587113846444,228.48304176975168,0.2061604570178388,6.827006423408885,-1.0725950923571477,1.172762167658018,0.6312511411740477,6.654244255750865,-0.6555296618524591,0.1072534586762866,-0.1731360780473802,0.2581506642161225,-1.456629930613151,2.724509705826918,-1.716363336943165,0.8724463015845327
sub-0002,narratives,ds005256/sub-0002/ses-02/func/sub-0002_ses-02_task-narratives_acq-mb8_run-01_bold.nii.gz,0.4600000083446502,967,18,127,16,102,6.8431372549019605,1.419420450965158,1.1470588235294117,0.4313703429110033,6.696078431372549,1.6337360190453742,0.1176470588235294,0.2450980392156862,0.68,2.08,3.0303030303030303,0.966540404040404,0.0294117647058823,3.676470588235294,107.1874611801681,229.5616348431664,-0.1253174477170712,6.858903648536009,-0.4202123398462421,1.177046058438614,0.0786738702290925,6.681857590097396,0.3939268651232509,0.1029032878402112,-0.966971962377102,0.2696091345258873,1.0437336433621789,2.7414332297392705,1.0307810255272705,0.8747214237733487
sub-0003,narratives,ds005256/sub-0003/ses-02/func/sub-0003_ses-02_task-narratives_acq-mb8_run-01_bold.nii.gz,0.4600000083446502,967,18,134,16,105,6.733333333333333,1.5080977999980552,1.1714285714285717,0.5452089023968218,6.561904761904762,1.7809019404817668,0.1047619047619047,0.2476190476190476,0.7307692307692307,2.0384615384615383,3.1650485436893203,0.9405339805825242,0.019047619047619,3.619047619047619,106.06427140974633,227.24432040093183,-2.082510601420895,6.936979209461872,-0.0994172585475755,1.177960758975771,-1.294829803523664,6.7590184504861,-0.0076782991945845,0.1050451659403726,-0.7503386064962327,0.2620923365030814,1.4172777217444918,2.790634568119712,1.1786831501499777,0.834592687222711
sub-0004,narratives,ds005256/sub-0004/ses-02/func/sub-0004_ses-02_task-narratives_acq-mb8_run-01_bold.nii.gz,0.4600000083446502,967,18,112,16,89,6.842696629213483,1.3047019548583638,1.1910112359550562,0.6721134322280797,6.651685393258427,1.5674322052579095,0.0898876404494382,0.3033707865168539,0.5555555555555556,1.8148148148148149,2.9529411764705884,1.089705882352941,0.0449438202247191,3.764044943820225,98.52004951569047,225.71182691430903,-0.6313750564255818,6.890856119527992,1.0329660745231464,1.1333741816492306,-1.1037389634876142,6.7574819378787625,0.3112964733174464,0.0806980009450987,2.030451486199184,0.2549444808744698,1.2815075577684016,2.5447823901141104,1.209224715539349,0.9346512182849528
sub-0005,narratives,ds005256/sub-0005/ses-02/func/sub-0005_ses-02_task-narratives_acq-mb8_run-01_bold.nii.gz,0.4600000083446502,967,18,119,16,93,6.741935483870968,1.3744819245846114,1.2150537634408602,0.6732378345433973,6.526881720430108,1.671964464526829,0.1290322580645161,0.2903225806451613,0.7037037037037037,1.962962962962963,2.49438202247191,0.8397120786516854,0.043010752688172,3.5806451612903225,103.9031238480082,226.9618122074682,-1.3108763224181148,6.871837217288207,1.022126573651703,1.1638864847123558,-1.572462955651185,6.707950732575851,1.256075887857211,0.0985178937594316,0.9205616271282868,0.264672344235138,-0.9233492437890752,2.735980393787476,-0.9695105035347492,0.9221335478426808
sub-0006,narratives,ds005256/sub-0006/ses-02/func/sub-0006_ses-02_task-narratives_acq-mb8_run-01_bold.nii.gz,0.4600000083446502,967,18,92,16,72,6.694444444444445,1.2742176709363466,1.1111111111111112,0.4909191022411197,6.583333333333333,1.4216633780763224,0.0555555555555555,0.2638888888888889,0.7894736842105263,2.1052631578947367,2.550724637681159,1.0672554347826086,0.0416666666666666,3.736111111111111,85.87001057400391,226.537328093008,-1.6536028194471442,6.850872462078531,-0.4694756051173571,1.1311922836006696,-1.195281743964781,6.71968017847786,-1.18378593743733,0.0835843370519285,-0.0402552523997488,0.2648851781971302,0.0216904562615603,2.541822787100537,-0.3164580656973046,1.121295103011573
sub-0007,narratives,ds005256/sub-0007/ses-02/func/sub-0007_ses-02_task-narratives_acq-mb8_run-01_bold.nii.gz,0.4600000083446502,967,18,128,16,100,7.01,1.507523221256065,1.23,0.7895146188218009,6.78,1.8563568100073344,0.11,0.25,0.68,2.08,2.8421052631578947,0.9023026315789474,0.05,3.84,88.8527405519116,229.5641467155349,1.1534087198751972,6.880034688185422,1.1514085198947477,1.160944053214476,0.4068372592933788,6.719090634970947,0.3128516918044131,0.0993804630535898,-0.2769183622847759,0.2564362357633449,0.6306261515480044,2.655847959584688,0.7091748169645976,0.832576020184587
sub-0008,narratives,ds005256/sub-0008/ses-02/func/sub-0008_ses-02_task-narratives_acq-mb8_run-01_bold.nii.gz,0.4600000083446502,967,18,129,16,103,6.737864077669903,1.41394431657106,1.1650485436893203,0.5618088325107341,6.572815533980583,1.6124633557020205,0.0970873786407767,0.2621359223300971,0.7037037037037037,2.0,2.93,0.908125,0.029126213592233,3.650485436893204,101.69284105287409,229.9055261210873,-1.4218683511146812,6.891953780089653,0.1558474987959947,1.1560916183578067,-1.121383662646006,6.735862161731847,0.0566515761921622,0.0955339972216721,-0.2077070920636188,0.2680716380323568,0.7328113062546749,2.7195049270689315,0.5041349584114437,0.8618022017104007
sub-0010,narratives,ds005256/sub-0010/ses-02/func/sub-0010_ses-02_task-narratives_acq-mb8_run-01_bold.nii.gz,0.4600000083446502,967,18,124,16,101,6.900990099009901,1.4248154301175258,1.1683168316831682,0.6938199612391253,6.732673267326732,1.708163277376673,0.0693069306930693,0.2475247524752475,0.56,1.88,2.806122448979592,0.8909438775510204,0.0297029702970297,3.8217821782178216,92.35643948794012,226.2089551184621,0.1854125976580385,6.882334966809252,0.20401008945386,1.1590850750396318,0.0848971641595844,6.723249891769622,-0.9415348827463954,0.0945784088856508,-0.2906422157531826,0.254090501314214,0.2732951522181743,2.7379085481833108,-0.0716058215989928,0.8974868407831955
sub-0011,narratives,ds005256/sub-0011/ses-02/func/sub-0011_ses-02_task-narratives_acq-mb8_run-01_bold.nii.gz,0.4600000083446502,967,18,127,16,102,6.823529411764706,1.4516072669776166,1.156862745098039,0.6092536911521249,6.666666666666667,1.7138534737173237,0.0784313725490196,0.2352941176470588,0.7916666666666666,2.0416666666666665,2.83,0.88578125,0.0196078431372549,3.686274509803922,96.27166550786934,229.77086124496805,-0.6232216333867755,6.8852682336905655,-0.3295309017479584,1.1697076063095575,-0.4394576361733627,6.7155606273810085,-1.126259508123807,0.1046963665355709,-0.9412701739329165,0.2564440756044611,0.078523659811138,2.811455895911898,-0.033539998702058,0.8881501665301939
sub-0013,narratives,ds005256/sub-0013/ses-02/func/sub-0013_ses-02_task-narratives_acq-mb8_run-01_bold.nii.gz,0.4600000083446502,967,18,135,16,108,6.87962962962963,1.4255190403642397,1.25,0.8217260156888141,6.62962962962963,1.7804367446586535,0.1388888888888889,0.25,0.6666666666666666,1.9259259259259256,2.792452830188679,0.8408018867924528,0.0185185185185185,3.685185185185185,103.06956582226049,228.29715390289863,-0.4256245847417796,6.91955327986159,1.246713575031008,1.179828445011862,-0.8753179888147145,6.739724834849729,1.0527111175080717,0.1073809746528045,-0.6813689399869984,0.2646724750677839,0.1253147297054902,2.758586485518907,0.2431297130729421,0.8211525827891435
sub-0016,narratives,ds005256/sub-0016/ses-02/func/sub-0016_ses-02_task-narratives_acq-mb8_run-01_bold.nii.gz,0.4600000083446502,967,18,117,16,97,6.783505154639175,1.4593577648783225,1.1958762886597938,0.5887694663754927,6.587628865979381,1.6940617936854436,0.1237113402061855,0.2783505154639175,0.5555555555555556,1.8148148148148149,2.436170212765957,0.8011968085106383,0.0309278350515463,3.5876288659793816,99.14512984375337,225.5302789093912,-0.5688133438982936,6.851791070994893,0.5283077109925018,1.168448012189927,-0.6254671507344893,6.683343058804964,0.5705292403768513,0.1052876045879789,1.0957910003573696,0.2573101939281625,-0.8286392893205595,2.6577788090822563,-1.1384155421499371,0.939991761152551
sub-0017,narratives,ds005256/sub-0017/ses-02/func/sub-0017_ses-02_task-narratives_acq-mb8_run-01_bold.nii.gz,0.4600000083446502,967,18,130,16,101,6.732673267326732,1.4134432362773603,1.2178217821782178,0.5404435288915875,6.514851485148514,1.706539547658586,0.1683168316831683,0.2871287128712871,0.6206896551724138,2.0,2.3434343434343434,0.7256944444444444,0.0198019801980198,3.485148514851485,98.90039732833613,229.13560993017427,-1.636050861982287,6.918817905350384,1.0870628890965188,1.1594919652912568,-1.6934458102347338,6.759325940059127,2.756627706130059,0.0971918727635687,1.1141367373348918,0.2608481954819013,-1.4140891018672868,2.799421800690137,-1.3999782395119251,0.8621381718061107
sub-0018,narratives,ds005256/sub-0018/ses-02/func/sub-0018_ses-02_task-narratives_acq-mb8_run-01_bold.nii.gz,0.4600000083446502,967,18,131,16,103,6.825242718446602,1.451349503629865,1.174757281553398,0.5675400040494584,6.650485436893204,1.6786358716206795,0.1067961165048543,0.2524271844660194,0.6923076923076923,2.0,2.727272727272727,0.8315972222222222,0.0388349514563106,3.70873786407767,94.7660913769188,225.05452698486167,-0.6975404575230241,6.891947715995803,0.3687103574558648,1.159031741055634,-0.7198016879130774,6.732915974940171,0.3310128386450301,0.0972513636960221,-0.2433615346511426,0.2588403590110834,-0.0450156989961306,2.741522493537377,-0.1120707307630934,0.8425413423212788
sub-0019,narratives,ds005256/sub-0019/ses-02/func/sub-0019_ses-02_task-narratives_acq-mb8_run-01_bold.nii.gz,0.4600000083446502,967,18,137,16,109,6.871559633027523,1.4851170139157677,1.146788990825688,0.4679681865056422,6.724770642201835,1.6825441474205154,0.1009174311926605,0.2752293577981651,0.7666666666666667,1.9333333333333331,2.4814814814814814,0.7152777777777778,0.0091743119266055,3.761467889908257,104.97042246128822,229.18518192120956,-0.5628655194918017,6.919826038019314,-0.6511826072775478,1.1888671859519948,-0.0472117243373433,6.730958852067318,-0.324759444895127,0.1112946779031901,0.6675986144602775,0.2616355945301592,-0.8969300195795489,2.810858525746244,-0.9779161290486108,0.81865471004117
sub-0020,narratives,ds005256/sub-0020/ses-02/func/sub-0020_ses-02_task-narratives_acq-mb8_run-01_bold.nii.gz,0.4600000083446502,967,18,133,16,105,6.895238095238096,1.3150300488217104,1.1428571428571428,0.5081749287811809,6.752380952380952,1.5303402863224218,0.0857142857142857,0.2285714285714285,0.7083333333333334,2.083333333333333,2.872549019607843,0.8512561274509803,0.0285714285714285,3.8666666666666663,96.14008731919704,229.63112660900364,-0.0305094655307493,6.899000738148581,-0.7409629543643571,1.1862945962446751,0.2566187933745515,6.712706141903906,-0.8808705277844545,0.1104420597559888,-2.540491348639787,0.2693340950041853,0.6077122470936468,2.7163021850995563,0.2855107994886607,0.8302178991109239
sub-0021,narratives,ds005256/sub-0021/ses-02/func/sub-0021_ses-02_task-narratives_acq-mb8_run-01_bold.nii.gz,0.4600000083446502,967,18,134,16,106,6.877358490566038,1.4781122464541383,1.150943396226415,0.5484602313175744,6.726415094339623,1.7045207055297142,0.0849056603773584,0.2735849056603773,0.7241379310344828,1.9310344827586208,2.519607843137255,0.7588848039215687,0.0377358490566037,3.7547169811320753,98.41482524345346,227.3963890766784,-0.226365176787719,6.8902993869434335,-0.3021657732989041,1.168399876820271,0.0515712198680869,6.721899510123162,-0.5517810287723391,0.0989712635601604,0.8834630365172231,0.2550638955969538,-0.9719630202716556,2.7310879787296525,-0.9007766970869416,0.8198126494363666
sub-0023,narratives,ds005256/sub-0023/ses-02/func/sub-0023_ses-02_task-narratives_acq-mb8_run-01_bold.nii.gz,0.4600000083446502,967,18,134,16,102,6.813725490196078,1.440093452391561,1.1470588235294117,0.4954657539499738,6.666666666666667,1.6430672436016427,0.0980392156862745,0.2745098039215686,0.6428571428571429,1.9642857142857144,2.459183673469388,0.7643494897959183,0.0392156862745098,3.696078431372549,108.18631783504576,225.4710345011225,-0.6608187234256198,6.888806210946281,-0.2223372462294943,1.1618606193746663,-0.3862583531868065,6.726945591571615,0.0258016111970604,0.0973054457290341,0.8226570794377447,0.2570887042165702,-0.9503915765431414,2.734429654499019,-0.5839044774628073,0.8149004558430071
sub-0024,narratives,ds005256/sub-0024/ses-02/func/sub-0024_ses-02_task-narratives_acq-mb8_run-01_bold.nii.gz,0.4600000083446502,967,18,136,16,108,6.87962962962963,1.4057132595539683,1.1574074074074074,0.5496309218239012,6.722222222222222,1.6339467345859762,0.1018518518518518,0.2685185185185185,0.5862068965517241,1.862068965517241,2.961904761904762,0.8526785714285714,0.0277777777777777,3.7777777777777777,86.86425441017705,222.32904777207955,0.0652909003169999,6.872273042563865,-0.3757505155781163,1.1778377424176063,0.1919759370060817,6.6944353001462575,-0.1802623068428137,0.1063188870414604,0.4582540251311763,0.2598400641960207,0.8538932232791034,2.719332605919668,0.4887672805677491,0.811074449128385
sub-0025,narratives,ds005256/sub-0025/ses-02/func/sub-0025_ses-02_task-narratives_acq-mb8_run-01_bold.nii.gz,0.4600000083446502,967,18,133,16,105,6.942857142857143,1.498900696078061,1.161904761904762,0.5211638145647888,6.780952380952381,1.7319450625333646,0.1047619047619047,0.1809523809523809,0.8947368421052632,2.3684210526315788,2.5,0.75078125,0.0476190476190476,3.8190476190476192,88.69502629987937,224.63521718187917,0.1961484508677937,6.923144000847598,0.1978942995994909,1.152202569668794,0.0766177820506233,6.770941431178804,0.4046127293920508,0.0944275564157211,-2.6983060252394324,0.2654757311587906,-1.063583002543619,2.8066940681281483,-0.9442609541534044,0.8444123093124735
sub-0026,narratives,ds005256/sub-0026/ses-02/func/sub-0026_ses-02_task-narratives_acq-mb8_run-01_bold.nii.gz,0.4600000083446502,967,18,133,16,105,6.914285714285715,1.3736131867498895,1.1523809523809525,0.5147992958603527,6.761904761904762,1.6203264718746884,0.0952380952380952,0.2571428571428571,0.7777777777777778,2.0,2.6732673267326734,0.8213180693069307,0.0380952380952381,3.8285714285714287,89.13032195031724,225.78753577721457,0.4173215257823083,6.87347935251511,-0.8204260716612289,1.202456187819429,0.6407140163577435,6.671023164695681,-0.7562568098175717,0.1203832305754688,0.0308810482725301,0.2562204714946106,0.0523761307537927,2.6591860395859337,0.0674018951162419,0.8155555108240641
sub-0029,narratives,ds005256/sub-0029/ses-02/func/sub-0029_ses-02_task-narratives_acq-mb8_run-01_bold.nii.gz,0.4600000083446502,967,18,139,16,110,6.890909090909091,1.4293480553103048,1.190909090909091,0.5980926034502669,6.7,1.683977380048129,0.1181818181818181,0.2636363636363636,0.6896551724137931,2.034482758620689,3.564814814814815,0.9942129629629628,0.0181818181818181,3.763636363636364,99.14303124359716,229.53278202501747,-0.2245578949415481,6.912913416420291,0.512073721778395,1.168001291205793,-0.3633268766990378,6.744912125214498,0.6363887437030141,0.1052979348301928,0.0001323228244887,0.2636336975633753,2.7648123021198323,2.767483628107591,2.238828736937838,0.8070179812990769
sub-0031,narratives,ds005256/sub-0031/ses-02/func/sub-0031_ses-02_task-narratives_acq-mb8_run-01_bold.nii.gz,0.4600000083446502,967,18,134,16,107,6.869158878504673,1.3181183855379113,1.1495327102803738,0.4719237689831529,6.719626168224299,1.5283138601602162,0.102803738317757,0.2523364485981308,0.6666666666666666,1.962962962962963,2.6476190476190475,0.7982142857142858,0.0186915887850467,3.747663551401869,96.6019133951646,228.9647670172528,-0.2792519027251691,6.889041002831617,-0.3472748775212064,1.1688891246052096,-0.0055116899409936,6.720151878226408,0.0431657254615613,0.101575456983104,-0.56588225566932,0.263784106138218,-0.4661141375616216,2.771675564353449,-0.3605939080887028,0.8271872368667232
sub-0032,narratives,ds005256/sub-0032/ses-02/func/sub-0032_ses-02_task-narratives_acq-mb8_run-01_bold.nii.gz,0.4600000083446502,967,18,131,16,102,6.931372549019608,1.3369079437014546,1.1764705882352942,0.680881267995075,6.754901960784314,1.6735346746108457,0.088235294117647,0.2549019607843137,0.6153846153846154,1.8461538461538465,2.212121212121212,0.6851325757575758,0.0294117647058823,3.852941176470588,92.1902454763845,224.6406908918653,0.5384098791719555,6.871310179642359,-0.0156063716620268,1.177532891473601,0.4063344642986654,6.693777288168757,-0.4530060368187167,0.1034732199153629,-0.4657760374508615,0.265610365213243,-1.7528764381777364,2.763048285374585,-1.7005683491172825,0.855535777362323
sub-0033,narratives,ds005256/sub-0033/ses-02/func/sub-0033_ses-02_task-narratives_acq-mb8_run-01_bold.nii.gz,0.4600000083446502,967,18,131,16,104,6.932692307692308,1.3091494539416757,1.1634615384615383,0.5416726508162198,6.769230769230769,1.5779473530955177,0.1057692307692307,0.2692307692307692,0.5714285714285714,1.8214285714285716,3.25,1.0015625,0.0384615384615384,3.7596153846153846,101.70163395484924,226.9503344252196,0.9854263082413244,6.849979070264897,-0.0788208043679454,1.1667745365390343,0.7382175779124407,6.683204533725862,0.2040449985465794,0.1002709535668034,0.2916445400496304,0.2611952587272745,2.6739656371846987,2.694215822077612,2.559207600641312,0.8291332987976061
sub-0034,narratives,ds005256/sub-0034/ses-02/func/sub-0034_ses-02_task-narratives_acq-mb8_run-01_bold.nii.gz,0.4600000083446502,967,18,135,16,109,6.825688073394495,1.4197289562477375,1.146788990825688,0.5581996203635149,6.678899082568807,1.6379794121222,0.0825688073394495,0.2752293577981651,0.7,1.8333333333333333,2.952830188679245,0.8492040094339622,0.0275229357798165,3.706422018348624,96.4743143130119,229.96104959103656,-0.8249600135195935,6.904071602932829,-0.4246307750702755,1.1711819410673918,-0.4426000900242989,6.732889661865436,-0.6951535314724007,0.1024588687840924,0.8761071844443606,0.2559695119838401,0.7299384978494131,2.7420262134219007,0.2675726522312526,0.8252755368257971
sub-0035,narratives,ds005256/sub-0035/ses-02/func/sub-0035_ses-02_task-narratives_acq-mb8_run-01_bold.nii.gz,0.4600000083446502,967,18,135,16,109,6.981651376146789,1.4075303521241973,1.1743119266055049,0.558503899274291,6.807339449541284,1.7131142543689009,0.110091743119266,0.2018348623853211,0.6818181818181818,2.0,2.8796296296296298,0.8440393518518519,0.0091743119266055,3.871559633027523,100.26413330307784,228.6933875057029,0.6329652198674214,6.923880819980872,0.1552235509216001,1.1643312184917225,0.3527085547764723,6.759549601489151,0.3999242944015858,0.0960769714636931,-3.2704461314627684,0.2586482206120066,0.7366717326884537,2.644658072447511,0.5725771328187276,0.7871220264913
sub-0036,narratives,ds005256/sub-0036/ses-02/func/sub-0036_ses-02_task-narratives_acq-mb8_run-01_bold.nii.gz,0.4600000083446502,967,18,140,16,113,6.911504424778761,1.319885831939735,1.1238938053097345,0.4842657063392815,6.787610619469026,1.4787260892501617,0.0707964601769911,0.2654867256637168,0.5666666666666667,1.8,2.361111111111111,0.6579861111111112,0.0442477876106194,3.84070796460177,92.0558040033303,220.15472221818132,0.2584822403681739,6.883615419281454,-1.011656893463596,1.1834076919160794,0.5808136819420981,6.700207727365375,-1.0710907358009645,0.1057295955872529,0.3796690130374592,0.2575188313721797,-1.140984763624987,2.712758175872527,-1.318193865651906,0.785191636550958
sub-0037,narratives,ds005256/sub-0037/ses-02/func/sub-0037_ses-02_task-narratives_acq-mb8_run-01_bold.nii.gz,0.4600000083446502,967,18,132,16,107,6.925233644859813,1.336716157755458,1.2149532710280373,0.7400667662789083,6.710280373831775,1.6597871299884603,0.1121495327102803,0.2710280373831775,0.6206896551724138,1.862068965517241,2.5533980582524274,0.7550060679611651,0.0373831775700934,3.7570093457943927,105.59188685442152,229.7863839953889,0.1368253305798163,6.9119194985710095,0.665367764824905,1.1798489132460233,-0.1685549527695212,6.732070585324985,0.1871114973538694,0.1065694388511107,0.1754254383645511,0.2672898600955452,-0.4906168957532908,2.6937353176749523,-0.797154968512049,0.8253189944305219
sub-0038,narratives,ds005256/sub-0038/ses-02/func/sub-0038_ses-02_task-narratives_acq-mb8_run-01_bold.nii.gz,0.4600000083446502,967,18,139,16,111,6.900900900900901,1.4010058396799647,1.207207207207207,0.604785718883776,6.693693693693693,1.6991591117790257,0.1351351351351351,0.2702702702702703,0.6,1.9333333333333331,2.308411214953271,0.6641355140186916,0.036036036036036,3.720720720720721,107.05445291798758,229.09551956341568,-0.1864696306915848,6.920227287026643,0.5010711192950976,1.1829013043477616,-0.3619186795581019,6.737325982678882,0.9449281477453751,0.1100577461783066,0.8164409840390746,0.2519588579639114,-1.5416968001401383,2.7613605906091125,-1.5603582436057155,0.8085713302589386
sub-0039,narratives,ds005256/sub-0039/ses-02/func/sub-0039_ses-02_task-narratives_acq-mb8_run-01_bold.nii.gz,0.4600000083446502,967,18,119,16,94,6.98936170212766,1.248609384333841,1.1702127659574468,0.5415687661206363,6.819148936170213,1.4807929142857403,0.1170212765957446,0.2659574468085106,0.68,1.84,2.912087912087912,0.9845467032967034,0.0319148936170212,3.882978723404255,96.54307993819548,229.15207149828407,0.992852953586327,6.898762733265167,-0.0271086299923298,1.171657772187839,0.7972708200295415,6.727104961077329,0.5609575697071181,0.1018384678612703,0.4277353143992268,0.2544723193278433,0.405511922744289,2.7954388643441352,0.4011090007339993,0.9449278029645805
sub-0040,narratives,ds005256/sub-0040/ses-02/func/sub-0040_ses-02_task-narratives_acq-mb8_run-01_bold.nii.gz,0.4600000083446502,967,18,135,16,109,6.706422018348624,1.396442253872172,1.201834862385321,0.6636015163311972,6.504587155963303,1.6921597705573672,0.110091743119266,0.2844036697247706,0.6774193548387096,1.967741935483871,2.7641509433962264,0.8076356132075472,0.0275229357798165,3.559633027522936,102.17076687887588,227.21314753996225,-2.215853091717854,6.903081524216805,0.5183852527250636,1.1700754363787609,-1.8419326381533776,6.733006087838047,0.2731168014219692,0.1017817327788563,0.7459045029142823,0.2649137627411684,0.0227517480201108,2.756633206506053,-0.2279737789680185,0.830931883361911
sub-0041,narratives,ds005256/sub-0041/ses-02/func/sub-0041_ses-02_task-narratives_acq-mb8_run-01_bold.nii.gz,0.4600000083446502,967,18,142,16,113,6.95575221238938,1.3322200894088505,1.168141592920354,0.6668510069623691,6.787610619469026,1.5666805640864443,0.079646017699115,0.2743362831858407,0.6451612903225806,1.8387096774193548,2.690909090909091,0.766903409090909,0.0265486725663716,3.814159292035398,100.16534207365584,229.3980927623811,0.5290802006988493,6.8975248274912895,-0.2550207117739401,1.1814379842464533,0.4865656712415437,6.716086843244834,-1.00322051235786,0.1073604999688665,0.9369135315154298,0.2519213054694059,0.0418606958153369,2.6763093057561704,0.1007007965368942,0.7571437648151441
sub-0043,narratives,ds005256/sub-0043/ses-02/func/sub-0043_ses-02_task-narratives_acq-mb8_run-01_bold.nii.gz,0.4600000083446502,967,18,128,16,100,6.95,1.3132964154171267,1.13,0.4416452253228886,6.82,1.479694208103468,0.09,0.27,0.6666666666666666,1.8148148148148149,2.6122448979591835,0.8574617346938775,0.02,3.79,96.4246677028634,228.10549721896103,0.6138070371025036,6.891810906238604,-0.8162623380155056,1.1711395272027063,0.7832474829684648,6.720671379035896,-0.4303124198624988,0.1026989140157242,0.267920757423466,0.2635554729067961,-0.2828449100554215,2.6802289514350237,0.1550235190694276,0.8459935002824591
sub-0044,narratives,ds005256/sub-0044/ses-02/func/sub-0044_ses-02_task-narratives_acq-mb8_run-01_bold.nii.gz,0.4600000083446502,967,18,99,16,76,6.842105263157895,1.36677363723427,1.2763157894736843,0.7229326240718207,6.565789473684211,1.8281905540053487,0.1578947368421052,0.2763157894736842,0.7142857142857143,2.0,2.3972602739726026,1.0316780821917808,0.0394736842105263,3.710526315789474,93.63638165770308,229.83316304800704,-0.2318442155181407,6.865479559781205,3.018951899094835,1.1386240048907346,-1.3465563596984689,6.726855554890471,2.8572393945562755,0.0874353593325496,0.3014684033026415,0.266062964018621,-0.7526131603822344,2.597676746750825,-0.2455128543958293,1.057896573793139
sub-0046,narratives,ds005256/sub-0046/ses-02/func/sub-0046_ses-02_task-narratives_acq-mb8_run-01_bold.nii.gz,0.4600000083446502,967,18,137,16,108,7.027777777777778,1.2931041644284909,1.212962962962963,0.6842818177418375,6.814814814814815,1.6752633948192923,0.1018518518518518,0.287037037037037,0.6451612903225806,1.870967741935484,2.961904761904762,0.8748511904761904,0.0277777777777777,3.8333333333333335,89.84083324368541,226.22544165549755,1.2821115549630486,6.908610768755482,0.6227993213282419,1.1778713277398714,0.7098096705283475,6.730739441015612,-0.1464660527347736,0.1062073001396654,0.7317979413843235,0.2683434107835524,0.8514019926751777,2.775294001716751,0.7799932667182728,0.8214063794849333
sub-0050,narratives,ds005256/sub-0050/ses-02/func/sub-0050_ses-02_task-narratives_acq-mb8_run-01_bold.nii.gz,0.4600000083446502,967,18,136,16,105,7.0,1.4675987714106855,1.1523809523809525,0.4553306571339198,6.847619047619047,1.7084684570879467,0.1142857142857142,0.2571428571428571,0.7037037037037037,2.074074074074074,2.794117647058824,0.8458946078431373,0.0285714285714285,3.876190476190476,104.58677314912644,228.56650698711837,1.334527435131503,6.8872942462000974,-0.4395744213581177,1.1771385626775883,1.2190587837760145,6.710155683522509,0.1632856648891866,0.1090432682961971,0.1306987440265467,0.2542473561719175,0.4153219092259068,2.6730404481852816,0.6383000504319982,0.79092401588025
sub-0051,narratives,ds005256/sub-0051/ses-02/func/sub-0051_ses-02_task-narratives_acq-mb8_run-01_bold.nii.gz,0.4600000083446502,967,18,132,16,105,6.885714285714286,1.2581601777862124,1.1714285714285717,0.6272213272893337,6.714285714285714,1.554857684028483,0.0857142857142857,0.2571428571428571,0.5925925925925926,1.851851851851852,3.5728155339805827,1.0664441747572817,0.019047619047619,3.733333333333333,114.79319377879722,226.21045752615413,-0.6181504691014634,6.946893707370291,-0.0465700055053456,1.1739553063522292,-0.4608435794019398,6.772938401018061,-0.6107112322414853,0.1027402340978138,-0.2490528445856271,0.2616331164777844,2.434372960934325,2.79065142450397,2.2702117005149494,0.8460042668690717
sub-0052,narratives,ds005256/sub-0052/ses-02/func/sub-0052_ses-02_task-narratives_acq-mb8_run-01_bold.nii.gz,0.4600000083446502,967,18,138,16,108,6.814814814814815,1.3544536999096837,1.25,0.7986554121082006,6.564814814814815,1.7254182651418213,0.1388888888888889,0.2685185185185185,0.6206896551724138,1.862068965517241,2.6634615384615383,0.7642728365384616,0.037037037037037,3.592592592592593,99.45378007377806,228.1803096544701,-0.591358425542556,6.8905929182519,1.2047810635720484,1.1792115429308845,-0.8733910379050982,6.711381375321015,0.8979832059100552,0.1103777455468418,0.4826055524920339,0.2583496299871581,-0.0540609706059496,2.682971534847893,-0.3472074746134446,0.8003322801729181
sub-0053,narratives,ds005256/sub-0053/ses-02/func/sub-0053_ses-02_task-narratives_acq-mb8_run-01_bold.nii.gz,0.4600000083446502,967,18,126,16,100,6.83,1.3930201184853903,1.15,0.575159178669767,6.68,1.581969109251588,0.09,0.23,0.7391304347826086,2.130434782608696,2.561224489795918,0.8104272959183674,0.02,3.65,88.69621559271519,218.2666138132419,-0.3247413309901665,6.86876551524252,-0.3835777651192636,1.172454632127284,-0.1049146559020017,6.696310883115234,-0.4153988054080328,0.1040106877552667,-1.8437319805714496,0.2650274047182409,-0.2795521956847975,2.647562193793831,-0.3666704533232289,0.8435536099016548
sub-0055,narratives,ds005256/sub-0055/ses-02/func/sub-0055_ses-02_task-narratives_acq-mb8_run-01_bold.nii.gz,0.4600000083446502,967,18,130,16,103,6.854368932038835,1.3677501706164754,1.1650485436893203,0.4664653777085706,6.689320388349515,1.571992155680625,0.1359223300970873,0.2621359223300971,0.6666666666666666,1.962962962962963,2.29,0.71234375,0.029126213592233,3.718446601941748,106.48401098607992,221.58571356183649,-0.6130867204282244,6.920051813997607,0.1251110249926985,1.1579906644323357,-0.5304124532378512,6.762061149565271,1.1897492549689055,0.0983418737712465,0.2957942897694566,0.2544624783491145,-1.58395168373184,2.761887912964298,-1.6759831859927747,0.8541648252230452
sub-0056,narratives,ds005256/sub-0056/ses-02/func/sub-0056_ses-02_task-narratives_acq-mb8_run-01_bold.nii.gz,0.4600000083446502,967,18,133,16,105,7.047619047619048,1.375478604683254,1.276190476190476,0.7002092832096989,6.771428571428571,1.7445362115492455,0.1714285714285714,0.2952380952380952,0.5806451612903226,1.7096774193548387,3.284313725490196,1.0,0.0285714285714285,3.7142857142857135,93.26066205037858,226.47353000315195,1.88997192757753,6.904856802752635,2.116926590951893,1.1761453704699527,0.3807320471934659,6.72871143228268,3.057097808111315,0.1090113833880112,1.6230016767715023,0.254465796001836,2.0768613436803656,2.8041685243541545,2.104186266519337,0.8550631164644087
sub-0057,narratives,ds005256/sub-0057/ses-02/func/sub-0057_ses-02_task-narratives_acq-mb8_run-01_bold.nii.gz,0.4600000083446502,967,18,130,16,107,6.775700934579439,1.4556876817151514,1.2523364485981308,0.7781625423638765,6.5233644859813085,1.834397718200221,0.1214953271028037,0.2616822429906542,0.6785714285714286,2.0357142857142856,2.8773584905660377,0.8586379716981132,0.0093457943925233,3.514018691588785,100.779444592888,228.6396440378924,-1.4711036583145114,6.91237875263978,1.9164776190307449,1.1561176537025637,-1.852860943940754,6.756261098937217,1.009932562908962,0.0952363483961108,0.1307868409929633,0.2589913591377786,0.3663841200370884,2.76292785509434,-0.0251672224920766,0.8610603125149499
sub-0058,narratives,ds005256/sub-0058/ses-02/func/sub-0058_ses-02_task-narratives_acq-mb8_run-01_bold.nii.gz,0.4600000083446502,967,18,123,16,99,6.888888888888889,1.3619380615309609,1.202020202020202,0.654338706210214,6.686868686868687,1.724058244236455,0.101010101010101,0.2323232323232323,0.6521739130434783,1.826086956521739,3.25,1.0677083333333333,0.0303030303030303,3.717171717171717,95.4410322711458,229.7311432483397,0.1852326680640059,6.8717063280967805,0.7322872618907534,1.1579628894257885,-0.2105306769079477,6.713743438670993,0.1530624880649071,0.0960766788309937,-1.2000199481001548,0.2652339431039561,1.62336962270824,2.7120145776178424,1.61310679265987,0.8983687153142056
sub-0059,narratives,ds005256/sub-0059/ses-02/func/sub-0059_ses-02_task-narratives_acq-mb8_run-01_bold.nii.gz,0.4600000083446502,967,18,133,16,101,6.881188118811881,1.3585810885837568,1.1386138613861383,0.4249635977421367,6.742574257425742,1.5662277315035296,0.1089108910891089,0.2475247524752475,0.56,1.84,2.77,0.8778125,0.0099009900990099,3.782178217821782,93.21688473081336,228.6665073419583,-0.3586318902828335,6.920951891959836,-0.8360437724016517,1.1746755643886322,-0.0283806746323634,6.746276327571208,0.1896432554548735,0.1044704697513587,-0.5720730014756079,0.2613293712096716,-0.0280433255754038,2.7784885166145856,0.409250892129044,0.8388818099961539
sub-0060,narratives,ds005256/sub-0060/ses-02/func/sub-0060_ses-02_task-narratives_acq-mb8_run-01_bold.nii.gz,0.4600000083446502,967,18,127,16,99,6.6767676767676765,1.4971284270588854,1.1919191919191918,0.6336928966628653,6.484848484848484,1.7749023334075134,0.101010101010101,0.2626262626262626,0.6923076923076923,2.0,2.778947368421053,0.9039473684210526,0.0404040404040404,3.525252525252525,103.63714777462368,229.2416014842724,-2.458750446842072,6.89935508601174,0.3557775359542948,1.1720466124462658,-2.042947628720237,6.727308473565475,-0.1200924529103869,0.1042204241155604,0.1511925370268876,0.2596568638103729,0.4013757862994991,2.670016882118345,0.5541106089167348,0.8571130934348689
sub-0061,narratives,ds005256/sub-0061/ses-02/func/sub-0061_ses-02_task-narratives_acq-mb8_run-01_bold.nii.gz,0.4600000083446502,967,18,137,16,109,6.990825688073395,1.3158254193276655,1.128440366972477,0.492554141246547,6.862385321100917,1.499801776459617,0.073394495412844,0.2477064220183486,0.5555555555555556,1.7777777777777777,2.6666666666666665,0.7730034722222222,0.0091743119266055,3.926605504587156,103.7219962763702,229.767191317718,1.0487100058489145,6.899418987937408,-0.7644780406521915,1.1650719513672725,1.1828923524541843,6.734347036570136,-0.9819169415417356,0.1002470236100037,-0.421235872865329,0.2594731853100952,-0.379765219092921,2.8004896711341423,-0.4351158266339304,0.8178941201718746
sub-0062,narratives,ds005256/sub-0062/ses-02/func/sub-0062_ses-02_task-narratives_acq-mb8_run-01_bold.nii.gz,0.4600000083446502,967,18,132,16,103,6.786407766990291,1.3978308506389123,1.1844660194174756,0.7105310471274556,6.601941747572815,1.6647428455084066,0.0970873786407767,0.2427184466019417,0.56,2.0,2.606060606060606,0.7992424242424242,0.0388349514563106,3.699029126213592,110.7353028526379,229.44095223090267,-1.147535687546276,6.906941252733708,0.2034664213057789,1.1727212548216892,-0.9895043798152082,6.734219997912017,-0.2705054800815645,0.1044854688469078,-0.5010568508756349,0.2563208397267643,-0.3171514651241551,2.695710513780036,-0.3133672591245884,0.8250838112946646
sub-0064,narratives,ds005256/sub-0064/ses-02/func/sub-0064_ses-02_task-narratives_acq-mb8_run-01_bold.nii.gz,0.4600000083446502,967,18,138,16,108,6.787037037037037,1.3468615365416885,1.212962962962963,0.6272760564152648,6.574074074074074,1.5838183112528663,0.1296296296296296,0.3055555555555556,0.7272727272727273,1.9696969696969695,2.466019417475728,0.725121359223301,0.0462962962962962,3.583333333333333,102.60895764724582,224.2844265843274,-0.9384546257286198,6.901424267620289,0.3450341427805665,1.1910292643999305,-0.892232176626742,6.710395003220358,0.4969580179035595,0.1131637071018214,1.92248939729836,0.2644016785776116,-0.9996181203009384,2.737400385298967,-0.9994025620934784,0.8015110444801014
sub-0065,narratives,ds005256/sub-0065/ses-02/func/sub-0065_ses-02_task-narratives_acq-mb8_run-01_bold.nii.gz,0.4600000083446502,967,18,126,16,101,6.98019801980198,1.240807785434972,1.1287128712871286,0.5597028914814298,6.851485148514851,1.4517998389162423,0.0693069306930693,0.297029702970297,0.5333333333333333,1.7333333333333334,2.571428571428572,0.7941645408163265,0.0297029702970297,3.900990099009901,101.40333889460769,229.31181402870368,0.7970889197573098,6.900037276516768,-0.61635592854745,1.1704604936684144,0.8144462091252271,6.729576782848353,-0.9329332315204164,0.101007662671029,1.6399547681984326,0.2604433443344335,-0.5938185847408126,2.723004889904355,-0.9040447151656228,0.8667885539456466
sub-0066,narratives,ds005256/sub-0066/ses-02/func/sub-0066_ses-02_task-narratives_acq-mb8_run-01_bold.nii.gz,0.4600000083446502,967,18,129,16,101,6.861386138613861,1.4214760143618117,1.198019801980198,0.6327685513708471,6.663366336633663,1.710422332190341,0.1188118811881188,0.297029702970297,0.6333333333333333,1.9,2.653061224489796,0.8662308673469388,0.0297029702970297,3.693069306930693,97.15010897930308,229.68213668976563,-0.0852911990785037,6.8695899351526295,0.3412748259355209,1.1789887097230471,-0.1969353773887021,6.690601225429584,0.6008369083334438,0.101440576059057,1.6984483195741868,0.2576989103836998,-0.2674844766219852,2.726127644425844,0.111960639872426,0.8567485677870408
sub-0069,narratives,ds005256/sub-0069/ses-02/func/sub-0069_ses-02_task-narratives_acq-mb8_run-01_bold.nii.gz,0.4600000083446502,967,18,135,16,109,6.935779816513762,1.4419330476944132,1.1376146788990826,0.5352031443372327,6.798165137614679,1.698473260584784,0.0825688073394495,0.2844036697247706,0.6774193548387096,1.870967741935484,2.8679245283018866,0.8157429245283019,0.0275229357798165,3.81651376146789,94.00924583225073,223.5752957006501,0.4076859801935833,6.896215033066449,-0.5138119144155983,1.1699887846868116,0.504161233498564,6.7262262483796365,-0.5898233395975858,0.100859184203194,0.9602169649955749,0.2638778276456164,0.2952064267834818,2.7840338125939854,-0.2002835543893319,0.832274696312281
sub-0070,narratives,ds005256/sub-0070/ses-02/func/sub-0070_ses-02_task-narratives_acq-mb8_run-01_bold.nii.gz,0.4600000083446502,967,18,139,16,109,6.871559633027523,1.3478440770850306,1.1743119266055049,0.7050615509937926,6.697247706422019,1.669467575117795,0.073394495412844,0.2018348623853211,0.6818181818181818,2.0,1.923809523809524,0.5754464285714286,0.036697247706422,3.779816513761468,105.69182296695048,225.8841849845054,-0.3815752116851756,6.908184480392318,-0.0154052350867233,1.1750657339058697,-0.2954386444671731,6.733118746486448,-0.9606809672390588,0.1007776676702982,-2.927009566314277,0.269704338249631,-2.4793362332317743,2.803215577146651,-2.2912011212781,0.8205125980075697
sub-0073,narratives,ds005256/sub-0073/ses-02/func/sub-0073_ses-02_task-narratives_acq-mb8_run-01_bold.nii.gz,0.4600000083446502,967,18,135,16,107,6.91588785046729,1.4414451299912614,1.1775700934579438,0.6978820264706249,6.738317757009346,1.6897942746177033,0.0934579439252336,0.2897196261682243,0.6129032258064516,1.967741935483871,2.621359223300971,0.7847390776699029,0.0373831775700934,3.7850467289719623,96.90545333684544,224.4173471240882,0.0272643324533909,6.913335712466378,0.3160853682444133,1.1629300556455209,-0.1057163569762127,6.750405656820857,-0.2345953220177008,0.0994246702210175,1.349677236950556,0.2631423885119952,-0.1313117621361324,2.664741662345691,-0.092322207360718,0.7937434975161122
sub-0074,narratives,ds005256/sub-0074/ses-02/func/sub-0074_ses-02_task-narratives_acq-mb8_run-01_bold.nii.gz,0.4600000083446502,967,18,136,16,106,6.858490566037736,1.4305422165191373,1.2547169811320755,0.7045609339252757,6.60377358490566,1.7764557828012435,0.1415094339622641,0.2358490566037736,0.6,1.88,3.038095238095238,0.9336309523809524,0.0094339622641509,3.650943396226415,101.46591090430938,228.55773222864505,-0.3325659341484802,6.889123067644517,1.7233846249674327,1.164271243980689,-1.034753181879983,6.724851823663828,1.5409764139848257,0.0988305170522365,-1.0390057130885502,0.2577910368447903,0.8299636632473196,2.777833778600849,1.0705147913577089,0.8287666734909512
sub-0075,narratives,ds005256/sub-0075/ses-02/func/sub-0075_ses-02_task-narratives_acq-mb8_run-01_bold.nii.gz,0.4600000083446502,967,18,127,16,101,7.00990099009901,1.2766757576217265,1.2277227722772277,0.8231790585141472,6.782178217821782,1.5912508312396234,0.1089108910891089,0.2574257425742574,0.5769230769230769,1.7692307692307692,2.4791666666666665,0.8014322916666666,0.0495049504950495,3.792079207920792,91.73470370938952,228.42599210091063,1.2652042579016234,6.874240057425792,0.9956654220027772,1.1646564961365315,0.495429649447114,6.709583561289261,0.1685317082094762,0.1031265703823163,0.1342765943680857,0.2540461196934058,-0.5235582410574807,2.603679619842909,-0.2330622282643641,0.8189781470655536
sub-0076,narratives,ds005256/sub-0076/ses-02/func/sub-0076_ses-02_task-narratives_acq-mb8_run-01_bold.nii.gz,0.4600000083446502,967,18,136,16,108,6.888888888888889,1.518320107933687,1.1759259259259258,0.5264713020145819,6.712962962962963,1.7564350360883303,0.1203703703703703,0.2407407407407407,0.6538461538461539,2.1153846153846154,2.943396226415094,0.8434551886792453,0.0185185185185185,3.787037037037037,84.90242158264697,228.699381079686,-0.1484976022959325,6.902967116790003,0.4820578552179571,1.154218326036574,-0.2900007047019748,6.74874879075343,0.9269829026717556,0.0967714919612797,-0.5692543415929654,0.2519621381646623,0.4445042735465885,2.8140235195659984,0.0247168299109311,0.84126789022932
sub-0077,narratives,ds005256/sub-0077/ses-02/func/sub-0077_ses-02_task-narratives_acq-mb8_run-01_bold.nii.gz,0.4600000083446502,967,18,138,16,111,6.90990990990991,1.4619386229471254,1.2432432432432432,0.6904045746216322,6.666666666666667,1.8207557538427597,0.1351351351351351,0.2702702702702703,0.7333333333333333,2.0,2.568807339449541,0.7535837155963303,0.018018018018018,3.6666666666666665,97.6711475862198,229.647957338363,0.0839828717473742,6.901271154767295,1.2376940640416656,1.17661876441601,-0.4154504623393095,6.724652390351284,0.9491312355022098,0.1057825693123282,0.7024037270595388,0.2568348598952638,-0.4624525203927968,2.732126981028585,-0.4778526574520543,0.8024393915065233
sub-0078,narratives,ds005256/sub-0078/ses-02/func/sub-0078_ses-02_task-narratives_acq-mb8_run-01_bold.nii.gz,0.4600000083446502,967,18,135,16,105,6.742857142857143,1.421189719840465,1.2190476190476192,0.6647867266585518,6.523809523809524,1.819209666180292,0.1142857142857142,0.2952380952380952,0.5806451612903226,1.8387096774193548,2.75,0.8327824519230769,0.0095238095238095,3.628571428571429,101.02847965973226,229.43653039460696,-1.460109193135736,6.904253340948345,0.9676273379400367,1.1625815428106174,-1.5400374142386837,6.7416717981377285,0.4090245670672488,0.1017650634288302,1.076395619544156,0.2673563151241716,0.0394060051252472,2.7398606026125143,0.1997605428756335,0.8176653795121834
sub-0079,narratives,ds005256/sub-0079/ses-02/func/sub-0079_ses-02_task-narratives_acq-mb8_run-01_bold.nii.gz,0.4600000083446502,967,18,123,16,102,6.823529411764706,1.2460771292330466,1.0980392156862746,0.3590362214984632,6.725490196078432,1.4222897641374834,0.0784313725490196,0.2941176470588235,0.7,1.8333333333333333,3.2525252525252526,1.026199494949495,0.0294117647058823,3.8333333333333335,101.07448890259036,228.82409801267343,-0.5200132962341832,6.882426495334727,-1.0175500967901838,1.153375831696217,-0.0252612942309182,6.729050663638509,-0.6200475928193135,0.0955080314042431,1.7317413824452592,0.2543079671432391,2.040425110156112,2.7033238624080456,1.5487656543614448,0.8901017834333979
sub-0080,narratives,ds005256/sub-0080/ses-02/func/sub-0080_ses-02_task-narratives_acq-mb8_run-01_bold.nii.gz,0.4600000083446502,967,18,128,16,103,6.766990291262136,1.3001046978589887,1.145631067961165,0.4932439039960254,6.621359223300971,1.560018255639594,0.0970873786407767,0.2135922330097087,0.6363636363636364,1.8636363636363635,3.147058823529412,0.9659926470588236,0.0097087378640776,3.728155339805826,92.1414205394595,228.87145167373683,-1.269961275384568,6.903054270215373,-0.706638212396147,1.181600815401562,-0.7717755748208625,6.72145345481381,-0.4156447322786056,0.1077766530677455,-1.967510848409536,0.25835216732239,1.6480670933422892,2.680858729007824,1.263895641074381,0.8561743641535139
sub-0081,narratives,ds005256/sub-0081/ses-02/func/sub-0081_ses-02_task-narratives_acq-mb8_run-01_bold.nii.gz,0.4600000083446502,967,18,134,16,106,6.886792452830188,1.4496026037831466,1.2641509433962264,0.7211351738085332,6.622641509433962,1.7965725579488414,0.1509433962264151,0.320754716981132,0.6470588235294118,1.911764705882353,2.951456310679612,0.8945691747572816,0.0283018867924528,3.641509433962264,99.09840348648672,229.5183861620772,-0.4376730942768867,6.925006773071512,1.7905186805022495,1.1811976869125065,-1.1593743640746954,6.743809086159005,2.05746123464223,0.1065659749942404,2.120152860980603,0.2649129320477446,0.6098389020853305,2.785957117699063,0.6919605082217808,0.837572832958868
sub-0082,narratives,ds005256/sub-0082/ses-02/func/sub-0082_ses-02_task-narratives_acq-mb8_run-01_bold.nii.gz,0.4600000083446502,967,18,136,16,110,6.918181818181818,1.3888931516939496,1.1727272727272726,0.5561844276838378,6.745454545454545,1.6503342093352138,0.109090909090909,0.2363636363636363,0.6538461538461539,1.7692307692307692,2.981651376146789,0.8572247706422018,0.009090909090909,3.763636363636364,101.3713843153245,228.46671721017333,0.3529859700112729,6.8838303258402815,-0.0271540672482631,1.1742924056091857,0.2873354513965155,6.709537920231098,0.2002457096598901,0.1029521355201549,-1.1455417985077183,0.2646853022867863,0.7283655820506304,2.7560189506063804,0.4394242893839715,0.816457439962018
sub-0083,narratives,ds005256/sub-0083/ses-02/func/sub-0083_ses-02_task-narratives_acq-mb8_run-01_bold.nii.gz,0.4600000083446502,967,18,125,16,100,6.89,1.4557097612817291,1.18,0.5001009999000303,6.71,1.671477904083205,0.13,0.27,0.7037037037037037,2.1481481481481484,2.670103092783505,0.8559922680412371,0.03,3.67,94.86591639164764,224.279321957856,-0.0667427420166461,6.898678835476344,0.617460314986133,1.1477392854536288,-0.2605632693026855,6.750939550022715,1.3025542210700871,0.0917891454665179,0.7087458026223241,0.2514155257277611,-0.1950372942692287,2.729030199088456,-0.2740140180128173,0.8841044063553934
sub-0084,narratives,ds005256/sub-0084/ses-02/func/sub-0084_ses-02_task-narratives_acq-mb8_run-01_bold.nii.gz,0.4600000083446502,967,18,125,16,95,6.821052631578947,1.398927760886591,1.1578947368421053,0.5708483696588939,6.663157894736842,1.615157763954842,0.0842105263157894,0.2421052631578947,0.5217391304347826,1.8695652173913044,2.21978021978022,0.756353021978022,0.0421052631578947,3.684210526315789,105.49235682718655,220.03649901521896,-0.712087459280201,6.916945616027224,-0.2906014291594846,1.1751540681501156,-0.4545291504622961,6.74179154787711,-0.582353889114734,0.102287498256146,-0.7715979318575622,0.2587467124561338,-1.5692790493872086,2.7285379969342105,-1.2159763489467412,0.8807668071789698
sub-0085,narratives,ds005256/sub-0085/ses-02/func/sub-0085_ses-02_task-narratives_acq-mb8_run-01_bold.nii.gz,0.4600000083446502,967,18,130,16,103,6.747572815533981,1.5257171030271128,1.116504854368932,0.4270503224649063,6.631067961165049,1.7206376568924644,0.087378640776699,0.3203883495145631,0.6060606060606061,1.9090909090909087,2.603960396039604,0.8064665841584159,0.0194174757281553,3.6601941747572817,91.90656079571922,226.72049288812337,-1.5285009421285265,6.900976397658976,-0.8617829408290423,1.1624458384658511,-0.8467809807939977,6.738530559193126,-0.186157610513374,0.0926340976942017,2.528964198370017,0.2614019194973843,-0.7772226901030274,2.8626533209966625,-0.7284461258863095,0.8830098138828416
sub-0086,narratives,ds005256/sub-0086/ses-02/func/sub-0086_ses-02_task-narratives_acq-mb8_run-01_bold.nii.gz,0.4600000083446502,967,18,141,16,114,6.921052631578948,1.4763308790586342,1.236842105263158,0.732345384678053,6.684210526315789,1.844944249217324,0.131578947368421,0.2807017543859649,0.71875,2.09375,2.7410714285714284,0.7738560267857143,0.0175438596491228,3.684210526315789,96.02556431292176,228.696032833374,0.6272303229945617,6.849949667464122,0.9150554344317166,1.186046381716846,0.1351740221131489,6.663903285747277,0.6897050288556957,0.1117750485878729,0.4991225660232649,0.2666338557205514,-0.3338846891007825,2.8314597055722603,-0.4513552919967068,0.8052877566562134
sub-0087,narratives,ds005256/sub-0087/ses-02/func/sub-0087_ses-02_task-narratives_acq-mb8_run-01_bold.nii.gz,0.4600000083446502,967,18,145,16,113,7.04424778761062,1.2563366567906686,1.15929203539823,0.5272294783890857,6.884955752212389,1.4805417227040614,0.1061946902654867,0.247787610619469,0.6428571428571429,1.8928571428571428,2.675675675675676,0.7416948198198198,0.0176991150442477,3.8672566371681416,99.78906420310904,227.18923825792163,1.5165271483967568,6.931355731113765,-0.8321797006543117,1.2012452714416413,1.406236720389018,6.7301104596721215,-0.5007107725904041,0.119912504972763,-0.5364597105633543,0.2577815779699898,0.1165303566449715,2.6491336069187152,0.0842724004328913,0.7365462504999734
sub-0088,narratives,ds005256/sub-0088/ses-02/func/sub-0088_ses-02_task-narratives_acq-mb8_run-01_bold.nii.gz,0.4600000083446502,967,18,143,16,114,6.991228070175438,1.3336729112677292,1.1754385964912282,0.5836354486357108,6.815789473684211,1.6161014462248298,0.1052631578947368,0.2017543859649122,0.6521739130434783,2.0,3.0090909090909093,0.8535511363636363,0.0350877192982456,3.8596491228070176,102.35590180506296,228.86575081451127,0.8464219658869069,6.911321897206291,-0.5683303519744488,1.204512053076654,0.907080937923214,6.706809844129636,-0.5262878852992406,0.1197552731791574,-3.1558972778984105,0.2597811435116685,1.0775908942245398,2.701266216475149,1.0824766376781836,0.7679867621299309
sub-0089,narratives,ds005256/sub-0089/ses-02/func/sub-0089_ses-02_task-narratives_acq-mb8_run-01_bold.nii.gz,0.4600000083446502,967,18,133,16,108,6.87037037037037,1.3746203730321336,1.1944444444444444,0.7032412719716906,6.675925925925926,1.695671805794513,0.1111111111111111,0.25,0.7407407407407407,1.962962962962963,2.3904761904761904,0.7050595238095239,0.0277777777777777,3.7222222222222223,105.35273004070912,228.78579279654284,-0.369493422193416,6.911757241670098,0.3285321453971715,1.1761657404621362,-0.4135900800619774,6.735591501207963,0.2211038995097675,0.1037054375121879,-0.5621755087054852,0.2614970174412793,-1.480458874051629,2.789118341496112,-1.813789042389233,0.8552273972273821
sub-0090,narratives,ds005256/sub-0090/ses-02/func/sub-0090_ses-02_task-narratives_acq-mb8_run-01_bold.nii.gz,0.4600000083446502,967,18,114,16,89,6.707865168539326,1.4397146749443988,1.2134831460674158,0.5735041830781809,6.49438202247191,1.732861503053272,0.146067415730337,0.2584269662921348,0.7391304347826086,2.130434782608696,2.7142857142857144,0.9637276785714286,0.0561797752808988,3.595505617977528,101.8589356436242,227.30444350237644,-1.4287937166015798,6.881956916919657,0.8669308426346316,1.172289631171733,-1.513269274160987,6.709667285747922,1.4538912280103078,0.1028665337486016,0.2793760152625344,0.2512583681148793,0.3355652127445107,2.599657589795259,0.1952398906748596,0.9348584318570372
sub-0091,narratives,ds005256/sub-0091/ses-02/func/sub-0091_ses-02_task-narratives_acq-mb8_run-01_bold.nii.gz,0.4600000083446502,967,18,123,16,96,6.739583333333333,1.4010882361985757,1.25,0.6324555320336759,6.489583333333333,1.7651288407822825,0.1666666666666666,0.28125,0.8518518518518519,2.2222222222222223,2.936170212765957,0.971908244680851,0.0208333333333333,3.6145833333333335,104.48682958343905,227.1478018289416,-1.8596329981987911,6.930272195566962,2.944224304468942,1.1463444584214066,-2.7660701858891383,6.783927737145556,3.968481990545999,0.0902337327260399,0.6057931125773309,0.2685389748585917,0.426765755231493,2.7911487707104907,0.3302531067708936,0.9299108883785387
sub-0092,narratives,ds005256/sub-0092/ses-02/func/sub-0092_ses-02_task-narratives_acq-mb8_run-01_bold.nii.gz,0.4600000083446502,967,18,128,16,101,7.138613861386139,1.3040682725248478,1.1386138613861383,0.5836043689058028,7.0,1.5748015748023625,0.0693069306930693,0.2277227722772277,0.6956521739130435,1.826086956521739,2.7142857142857144,0.860969387755102,0.0297029702970297,4.00990099009901,87.53384265901569,222.63872517205945,2.066367462061937,6.914481544633403,-0.1827666105438569,1.150480043713088,1.536130258882921,6.764001500920315,-0.5421716842383926,0.090710652911267,-1.82212717236184,0.2546356346466963,0.300151440375169,2.627617344404226,0.2448417648544456,0.8381426510317745
sub-0093,narratives,ds005256/sub-0093/ses-02/func/sub-0093_ses-02_task-narratives_acq-mb8_run-01_bold.nii.gz,0.4600000083446502,967,18,122,16,98,6.846938775510204,1.459784201085452,1.1224489795918366,0.5791089159608405,6.724489795918367,1.6670278029388388,0.0714285714285714,0.2653061224489796,0.7307692307692307,2.1153846153846154,2.1578947368421053,0.6883223684210527,0.0306122448979591,3.76530612244898,103.23869958859824,228.38523273820488,-0.165247080079876,6.864525369855895,-0.807436210054544,1.1687367395349288,0.2113114924433727,6.6957886303209655,-0.9889199089081736,0.0998984201336014,0.3189550668076885,0.257740896862432,-1.7686618429953436,2.680800505774328,-2.001482638810172,0.8903890849701793
sub-0094,narratives,ds005256/sub-0094/ses-02/func/sub-0094_ses-02_task-narratives_acq-mb8_run-01_bold.nii.gz,0.4600000083446502,967,18,146,16,116,6.956896551724138,1.4042930536429157,1.2155172413793105,0.7319543164974712,6.741379310344827,1.73014545583625,0.1034482758620689,0.2413793103448276,0.5714285714285714,1.75,2.3628318584070795,0.6245851769911505,0.0258620689655172,3.818965517241379,97.32149466793511,223.623171005472,0.829479309756792,6.867776777577316,0.2815754171099497,1.2003113390366076,0.52293140300804,6.667465438540707,-0.4684925807042928,0.118543055566876,-1.3249938926302676,0.2664134227992438,-2.0995422889718567,2.9135363357657087,-2.649837082685698,0.8102812642501597
sub-0095,narratives,ds005256/sub-0095/ses-02/func/sub-0095_ses-02_task-narratives_acq-mb8_run-01_bold.nii.gz,0.4600000083446502,967,18,131,16,102,6.862745098039215,1.3203601045430002,1.1764705882352942,0.5700749421965875,6.686274509803922,1.56686223722219,0.1078431372549019,0.2549019607843137,0.6153846153846154,1.9615384615384612,2.787878787878788,0.8609532828282829,0.0294117647058823,3.735294117647059,103.0375684489632,226.7558135245052,-0.3197050107586762,6.907898489109623,0.0193599736764684,1.175038722228476,-0.2397334962719891,6.732859766881146,0.0845434317192675,0.1046114401122214,0.285720130776286,0.2493450159760561,0.3478336041861125,2.693576920161276,0.4470388696609416,0.823820511875508
sub-0098,narratives,ds005256/sub-0098/ses-02/func/sub-0098_ses-02_task-narratives_acq-mb8_run-01_bold.nii.gz,0.4600000083446502,967,18,129,16,106,7.09433962264151,1.3418416760400431,1.1132075471698113,0.4213528035807461,6.981132075471698,1.5734773869210328,0.0754716981132075,0.2169811320754717,0.6521739130434783,2.0434782608695654,2.638095238095238,0.7985119047619048,0.0094339622641509,4.009433962264151,91.0525205111816,228.10917155617545,2.297786332751437,6.854606818927296,-1.1246264731387472,1.1736585284767684,2.2776986327073123,6.680948290450527,-1.0900284730024483,0.1039814194314433,-2.1171922767786238,0.2595701829910487,-0.1174514986777043,2.6728773280878584,-0.4537554626942693,0.8431400767671862
sub-0099,narratives,ds005256/sub-0099/ses-02/func/sub-0099_ses-02_task-narratives_acq-mb8_run-01_bold.nii.gz,0.4600000083446502,967,18,134,16,108,7.12037037037037,1.2052656479401271,1.0925925925925926,0.3495534410772072,7.027777777777778,1.3146076016885972,0.074074074074074,0.2777777777777778,0.4666666666666667,1.6666666666666667,2.9716981132075477,0.8752948113207547,0.0185185185185185,4.00925925925926,94.50365287090048,228.4570204432837,1.846692136543659,6.897748869005853,-1.3658184166952705,1.1652818966712373,2.009793995209388,6.732466972334617,-0.95153363977873,0.1030111469151339,0.5042207952104764,0.2627688150701107,0.7228166909263514,2.756615494587406,0.5892269511661304,0.8237153657554874
sub-0100,narratives,ds005256/sub-0100/ses-02/func/sub-0100_ses-02_task-narratives_acq-mb8_run-01_bold.nii.gz,0.4600000083446502,967,18,141,16,112,7.0,1.308324008688869,1.2410714285714286,0.6744438578373424,6.758928571428571,1.6453348503045724,0.1428571428571428,0.2321428571428571,0.7692307692307693,2.076923076923077,2.891891891891892,0.8043355855855856,0.0089285714285714,3.794642857142857,99.52897373076908,228.7446544791987,1.1274772722629278,6.9005986755095226,1.2102354029774711,1.1794950153470083,0.2976715504665158,6.721103660162514,1.3906277646359857,0.1061419278219231,-1.016955228066476,0.2608781517538235,0.3669982191392455,2.776654784942394,0.0204411966804628,0.8025670503203267
sub-0101,narratives,ds005256/sub-0101/ses-02/func/sub-0101_ses-02_task-narratives_acq-mb8_run-01_bold.nii.gz,0.4600000083446502,967,18,131,16,105,6.961904761904762,1.4272338060024845,1.1714285714285717,0.5272778944939547,6.79047619047619,1.685316896103828,0.1142857142857142,0.2761904761904762,0.6206896551724138,2.0,2.9019607843137254,0.8808210784313726,0.0285714285714285,3.8285714285714287,95.40182654733256,229.42528259386984,0.3374500025904505,6.932009801829619,-0.0930012729181804,1.1773821573438936,0.2807878680083481,6.754627644485725,0.2759748834112712,0.1056196717173302,0.5181221660522738,0.2645593758040931,0.2220811237920477,2.8245497573199425,0.1323119936475331,0.8671174520901929
sub-0102,narratives,ds005256/sub-0102/ses-02/func/sub-0102_ses-02_task-narratives_acq-mb8_run-01_bold.nii.gz,0.4600000083446502,967,18,129,16,103,6.932038834951456,1.3809781694000138,1.135922330097087,0.5058199262878159,6.796116504854369,1.604889729893327,0.0970873786407767,0.2621359223300971,0.7777777777777778,2.185185185185185,2.272727272727273,0.7201704545454546,0.0388349514563106,3.8932038834951457,82.9560967266267,227.9940087570013,0.1870324076784271,6.912312631818176,-0.1766940412528904,1.1457520274525328,0.2192212312276472,6.766560604365643,0.291751547275511,0.0887428475123992,0.1022381720392801,0.2599236490953388,-1.1961202737510357,2.6803582387836418,-1.1311711258860877,0.8405559930184783
sub-0103,narratives,ds005256/sub-0103/ses-02/func/sub-0103_ses-02_task-narratives_acq-mb8_run-01_bold.nii.gz,0.4600000083446502,967,18,133,16,104,6.990384615384615,1.3328937226491544,1.1730769230769231,0.5650381496237635,6.8173076923076925,1.6355541389081183,0.1057692307692307,0.2403846153846154,0.68,1.92,2.5,0.76046875,0.0384615384615384,3.894230769230769,90.58666272052596,225.24997225057336,0.9384691821528598,6.907648211836882,-0.0298170566940337,1.1748147688308832,0.763623522668249,6.732833443005998,0.0464388786641808,0.1045555343356028,-0.9021912342759824,0.261027774803116,-1.1497972394697331,2.829559412615836,-1.0949204046248795,0.8548844500024871
sub-0104,narratives,ds005256/sub-0104/ses-02/func/sub-0104_ses-02_task-narratives_acq-mb8_run-01_bold.nii.gz,0.4600000083446502,967,18,127,16,100,6.85,1.520067781582802,1.13,0.5056249258655725,6.72,1.787046544870993,0.07,0.27,0.5555555555555556,1.851851851851852,2.808080808080808,0.9226641414141414,0.01,3.8,106.39550436716884,229.88538244472915,-0.7055402376778617,6.921584938977742,-0.1375889729531066,1.1379139520962376,-0.560013640060217,6.783670986881504,-0.4613178255724504,0.0838907955833248,0.6608418000859364,0.2565324171474227,0.5479998064028155,2.6524447056798333,0.8553385126347843,0.8465972514916528
sub-0105,narratives,ds005256/sub-0105/ses-02/func/sub-0105_ses-02_task-narratives_acq-mb8_run-01_bold.nii.gz,0.4600000083446502,967,18,131,16,103,7.048543689320389,1.3312138112669294,1.1262135922330097,0.4986179261559177,6.922330097087379,1.5255299329223757,0.0679611650485436,0.2427184466019417,0.6,1.88,2.7,0.8278125,0.029126213592233,3.9805825242718447,88.36107219189029,223.8405204795689,1.5140119872902025,6.894478267362241,-0.811844487177202,1.1829061705411643,1.398958304868555,6.711572096821079,-1.0605154339352514,0.1065471434511199,-0.4488424930683513,0.2538858817373336,-0.0390205284606344,2.711280162819313,-0.0127294300448274,0.8290498498588441
sub-0106,narratives,ds005256/sub-0106/ses-02/func/sub-0106_ses-02_task-narratives_acq-mb8_run-01_bold.nii.gz,0.4600000083446502,967,18,129,16,103,6.951456310679611,1.605008342637282,1.2427184466019416,0.6926224591585928,6.70873786407767,1.9834168772707492,0.145631067961165,0.2718446601941747,0.5,1.9285714285714288,2.646464646464646,0.8525883838383839,0.0388349514563106,3.728155339805826,98.224824090451,224.8969431128842,0.5034524420228426,6.899506939160191,1.5287674136051883,1.168663691079724,-0.173674423744687,6.7308432480804665,1.7506865406001169,0.0959983737886771,0.675251713404332,0.2593946919538786,-0.2577050155921347,2.7422734814921403,-0.1011646827713803,0.864687364108578
sub-0107,narratives,ds005256/sub-0107/ses-02/func/sub-0107_ses-02_task-narratives_acq-mb8_run-01_bold.nii.gz,0.4600000083446502,967,18,142,16,110,6.945454545454545,1.4001072281109426,1.2181818181818185,0.7088149844883331,6.727272727272728,1.7129249136491165,0.109090909090909,0.2363636363636363,0.6538461538461539,1.8461538461538465,2.3714285714285714,0.6833333333333333,0.0454545454545454,3.7545454545454544,97.57386623763196,225.1418898087873,0.0957965518705203,6.938141758658122,0.7261513264868035,1.1816108713718485,-0.2979273417299113,6.7565308872862735,0.0275674649512623,0.1082867245838848,-1.1427895691682246,0.2587798345622859,-1.279959083577615,2.786516892165634,-1.0601603422208856,0.7858213320105828
sub-0109,narratives,ds005256/sub-0109/ses-02/func/sub-0109_ses-02_task-narratives_acq-mb8_run-01_bold.nii.gz,0.4600000083446502,967,18,141,16,110,6.9,1.3609899257458342,1.2272727272727273,0.630408210680517,6.672727272727273,1.676108921758368,0.1363636363636363,0.2818181818181818,0.6129032258064516,1.870967741935484,2.830188679245283,0.8185436320754716,0.0363636363636363,3.7,104.82480137367044,229.6766186158017,-0.2601018197093463,6.927110793645946,0.944007156327388,1.16989016745204,-0.553393259247097,6.757220626193904,1.211448696892118,0.0994248720477831,0.8985227537426995,0.2589703270226434,0.3024180508738672,2.730337925989895,0.4675491294947266,0.7753682897002145
sub-0111,narratives,ds005256/sub-0111/ses-02/func/sub-0111_ses-02_task-narratives_acq-mb8_run-01_bold.nii.gz,0.4600000083446502,967,18,139,16,111,6.693693693693693,1.3934443446679676,1.2702702702702702,0.6868365684385711,6.423423423423423,1.7814679827681927,0.1621621621621621,0.2342342342342342,0.8076923076923077,2.1538461538461537,2.787037037037037,0.7991898148148148,0.027027027027027,3.414414414414414,90.110149242877,227.40370245762537,-2.338805021713184,6.909714088405696,2.84529758670731,1.148122891191634,-2.847969431480128,6.761591197214062,2.9553413381617943,0.0944174478872429,-0.355882487117252,0.2433274312578564,0.1167242177480698,2.754842039948256,0.0056636148920229,0.7987266397781209
sub-0112,narratives,ds005256/sub-0112/ses-02/func/sub-0112_ses-02_task-narratives_acq-mb8_run-01_bold.nii.gz,0.4600000083446502,967,18,65,16,52,6.538461538461538,1.2904101561289434,1.1923076923076923,0.5953565923852115,6.346153846153846,1.607392424779904,0.1153846153846153,0.2692307692307692,0.7142857142857143,2.142857142857143,1.9166666666666667,1.2083333333333333,0.0769230769230769,3.6346153846153846,93.68998968653676,226.96001237785464,-1.8182737117501733,6.844821668422042,1.22900537319416,1.1119719178873266,-2.031500487485589,6.732849750534714,1.3340164886068973,0.0722612719389349,0.1533641946534304,0.2638722032388317,-1.118082280550268,2.2447805701187105,-0.8854402764112824,1.4242254922690778
sub-0114,narratives,ds005256/sub-0114/ses-02/func/sub-0114_ses-02_task-narratives_acq-mb8_run-01_bold.nii.gz,0.4600000083446502,967,18,124,16,99,6.888888888888889,1.4134116266338883,1.1111111111111112,0.4259177099999599,6.777777777777778,1.587936381003149,0.0707070707070707,0.2525252525252525,0.56,1.76,2.614583333333333,0.8548177083333334,0.0303030303030303,3.787878787878788,103.49830860565204,220.69038459684447,0.0501740201830629,6.882867391176204,-0.925236786052164,1.1764227608478732,0.4034907607606951,6.706444630328332,-0.9036084018835092,0.1029764871866743,-0.2105219523925249,0.2583371857366897,-0.6296319436975757,2.7776210997651583,-0.7055409517555673,0.913059297550971
sub-0115,narratives,ds005256/sub-0115/ses-02/func/sub-0115_ses-02_task-narratives_acq-mb8_run-01_bold.nii.gz,0.4600000083446502,967,18,130,16,101,6.861386138613861,1.3418621611052084,1.198019801980198,0.6327685513708471,6.663366336633663,1.6141699273792227,0.1188118811881188,0.2574257425742574,0.6538461538461539,1.9615384615384612,2.938775510204082,0.9459502551020408,0.0297029702970297,3.693069306930693,91.27393405464689,226.9281218668296,-0.0511334012589283,6.867141462896977,1.080569290510199,1.1486819783862603,-0.4332970286009052,6.718459484510718,1.0186123961111655,0.0927155217437969,-0.0593074347926484,0.2589812267983921,0.7344637053950653,2.732511188127475,1.0634841902770884,0.8493074028703851
sub-0116,narratives,ds005256/sub-0116/ses-02/func/sub-0116_ses-02_task-narratives_acq-mb8_run-01_bold.nii.gz,0.4600000083446502,967,18,134,16,105,6.809523809523809,1.3235677171310511,1.2952380952380953,0.7328003391076843,6.514285714285714,1.7711050750345634,0.1809523809523809,0.2571428571428571,0.8148148148148148,2.111111111111111,3.0098039215686274,0.8877144607843137,0.0285714285714285,3.552380952380952,88.4456033240404,228.29715683296592,-0.5557915806988948,6.860160909231502,1.9954656174890968,1.1885191815961798,-1.2944544419109916,6.671641727635322,2.2100625337355084,0.1098842145862459,0.2084361434183001,0.2519859095655226,0.7323039511078739,2.802304085884891,0.3883982674435217,0.8547432920198118
sub-0118,narratives,ds005256/sub-0118/ses-02/func/sub-0118_ses-02_task-narratives_acq-mb8_run-01_bold.nii.gz,0.4600000083446502,967,18,137,16,105,7.171428571428572,1.4308224024150402,1.1047619047619048,0.3903600291794133,7.066666666666666,1.6187998086585078,0.0857142857142857,0.2476190476190476,0.6153846153846154,1.807692307692308,2.66990291262136,0.7850424757281553,0.019047619047619,4.047619047619048,82.75129578403889,228.9856418503929,2.734541033579521,6.891810202939452,-1.1938702750551025,1.1848374294371369,2.4347704853659646,6.706972773502315,-0.6064843506578784,0.1052420364851684,-0.6497934191335466,0.2613140475166532,-0.1890330205270839,2.719549789904842,-0.1937242346501139,0.7996600357578181
sub-0122,narratives,ds005256/sub-0122/ses-02/func/sub-0122_ses-02_task-narratives_acq-mb8_run-01_bold.nii.gz,0.4600000083446502,967,18,145,16,114,6.798245614035087,1.242177823199891,1.1666666666666667,0.4962989868675753,6.631578947368421,1.4589556083594468,0.1228070175438596,0.2894736842105263,0.6666666666666666,1.878787878787879,2.8545454545454545,0.7951704545454545,0.0350877192982456,3.692982456140351,99.70566845612778,226.2236667994128,-0.9128701087418312,6.883720587406163,-0.8736544148659804,1.21653432725737,-0.2672751410214721,6.667186260148793,-0.1498567084863427,0.1262714083427629,1.24907186152329,0.2581144536300863,0.3463200404361959,2.7433594611814964,0.3568878034404298,0.7636408701806535
sub-0123,narratives,ds005256/sub-0123/ses-02/func/sub-0123_ses-02_task-narratives_acq-mb8_run-01_bold.nii.gz,0.4600000083446502,967,18,132,16,105,6.819047619047619,1.4262710416498976,1.161904761904762,0.6220902964974916,6.6571428571428575,1.719953998873737,0.0857142857142857,0.2761904761904762,0.6896551724137931,1.9655172413793105,2.264705882352941,0.6770833333333334,0.0285714285714285,3.723809523809524,109.58456361502948,229.3873449284986,-0.7836873831123121,6.906434508276141,-0.2421273013207178,1.1761239855409713,-0.4940042138962313,6.730310522735169,-0.514298225918592,0.103249687322616,0.7178827142960996,0.2611076853595253,-1.7123758082877112,2.786637634347096,-1.7906321819542874,0.8590637043234671
sub-0124,narratives,ds005256/sub-0124/ses-02/func/sub-0124_ses-02_task-narratives_acq-mb8_run-01_bold.nii.gz,0.4600000083446502,967,18,138,16,112,6.973214285714286,1.4423443218791907,1.0982142857142858,0.3541217134011805,6.875,1.6058732293767242,0.0803571428571428,0.2142857142857142,0.7083333333333334,1.9583333333333333,2.462962962962963,0.6999421296296297,0.0357142857142857,3.928571428571429,103.35517615486164,228.71356619094843,0.8037983940905263,6.900329967857983,-1.352605378562342,1.1692941371215653,1.1476708018840902,6.731035830736416,-0.7669581102138281,0.1006876599326934,-1.980868940913042,0.2598215850153869,-0.8941766288802999,2.69887749059611,-1.2605132535574433,0.7958292023064465
sub-0126,narratives,ds005256/sub-0126/ses-02/func/sub-0126_ses-02_task-narratives_acq-mb8_run-01_bold.nii.gz,0.4600000083446502,967,18,143,16,114,6.991228070175438,1.4844063444054958,1.219298245614035,0.6619730755402804,6.771929824561403,1.775123516676123,0.1228070175438596,0.2631578947368421,0.7333333333333333,2.1,3.6486486486486487,1.025760135135135,0.0263157894736842,3.763157894736842,97.3103040539366,229.846868773506,0.8230256876423022,6.89167153897484,0.8645501544459949,1.1788175954398652,0.3957514056464551,6.712853943534973,0.5319849032157842,0.1084009535433064,0.4692517532618362,0.2515552899775695,4.219260142908375,2.73761997642044,3.8742801354145455,0.7814724233692698
sub-0127,narratives,ds005256/sub-0127/ses-02/func/sub-0127_ses-02_task-narratives_acq-mb8_run-01_bold.nii.gz,0.4600000083446502,967,18,93,16,72,6.986111111111111,1.3161302169784792,1.1527777777777777,0.6203071075428942,6.833333333333333,1.5922346773028258,0.0694444444444444,0.25,0.6666666666666666,2.111111111111111,2.0,0.8363970588235294,0.0555555555555555,3.861111111111111,94.40218040738736,224.0501706607077,0.6216945597017519,6.906783667601829,0.1650894603934396,1.1446687850374315,0.4566314807181768,6.762114882564396,-0.6392760542820815,0.0890208328324403,-0.2861814597241695,0.2561555790045112,-1.818162009971405,2.645474237924842,-1.7948119818201445,1.1455384011008811
sub-0128,narratives,ds005256/sub-0128/ses-02/func/sub-0128_ses-02_task-narratives_acq-mb8_run-01_bold.nii.gz,0.4600000083446502,967,18,130,16,101,6.821782178217822,1.4518680353528026,1.1485148514851484,0.5174193389091942,6.673267326732673,1.7035780633190194,0.0891089108910891,0.2277227722772277,0.5652173913043478,1.9565217391304348,2.8484848484848486,0.8988320707070707,0.0198019801980198,3.702970297029703,107.78358379103474,229.80957181276148,-0.567506827204382,6.874025445394883,-0.635361329463484,1.175030721687068,-0.2264368006199046,6.698994723707816,-0.5875367939410033,0.1048116967852451,-1.302355071971678,0.2589979997867994,0.470770970201716,2.72546533076319,0.5461635249451661,0.8535497140373526
sub-0129,narratives,ds005256/sub-0129/ses-02/func/sub-0129_ses-02_task-narratives_acq-mb8_run-01_bold.nii.gz,0.4600000083446502,967,18,133,16,104,6.884615384615385,1.450193775520062,1.1538461538461535,0.5706278397006004,6.730769230769231,1.6792900096528267,0.0865384615384615,0.2307692307692307,0.7916666666666666,2.25,2.79,0.8471875,0.0384615384615384,3.807692307692308,102.76786088526327,228.90682206647287,-0.3451165893730806,6.930785555568199,0.0472708132109216,1.1508134097361515,-0.2784739099461016,6.779972145832047,-0.1574770855616765,0.0920416382991884,-1.1236274128058172,0.2571193301561298,0.2365420855728169,2.7068979874951373,0.279539660194709,0.8180256155449186
sub-0130,narratives,ds005256/sub-0130/ses-02/func/sub-0130_ses-02_task-narratives_acq-mb8_run-01_bold.nii.gz,0.4600000083446502,967,18,143,16,115,6.956521739130435,1.333714667055797,1.2173913043478262,0.7467192419105804,6.739130434782608,1.6863068570609745,0.1043478260869565,0.2347826086956521,0.6296296296296297,1.8888888888888888,2.675675675675676,0.7446509009009009,0.0347826086956521,3.834782608695652,111.60133630163467,227.8669237878908,0.3067071841802402,6.929360883818999,0.5271339558476532,1.1849101287128314,-0.0411844805542656,6.744450755106168,-0.1610955482032266,0.1094114747741416,-1.131021688858496,0.2677588473790896,-0.1139692357020807,2.712084098456842,-0.2720731547323488,0.770792768124029
sub-0131,narratives,ds005256/sub-0131/ses-02/func/sub-0131_ses-02_task-narratives_acq-mb8_run-01_bold.nii.gz,0.4600000083446502,967,18,132,16,104,6.865384615384615,1.2926806069581442,1.2307692307692308,0.6570124975650647,6.634615384615385,1.6073719267266606,0.1442307692307692,0.2884615384615384,0.6666666666666666,1.8666666666666667,2.742574257425743,0.8324566831683168,0.0288461538461538,3.682692307692308,104.3854042787394,228.27372714734489,-0.4147685732341789,6.9170538239656505,1.058029142793459,1.1752530046956076,-0.676221492610738,6.741800819270043,1.227376027310058,0.1057313941126887,0.9153219519159072,0.2632341941399947,0.1681854075607187,2.68460848902289,0.1627457649525139,0.8148214693972543
sub-0132,narratives,ds005256/sub-0132/ses-02/func/sub-0132_ses-02_task-narratives_acq-mb8_run-01_bold.nii.gz,0.4600000083446502,967,18,133,16,108,7.101851851851852,1.3460903221615923,1.25,0.7748982447519327,6.851851851851852,1.7444963647517449,0.1296296296296296,0.25,0.6296296296296297,1.7037037037037035,2.601941747572816,0.7686589805825242,0.0462962962962962,3.861111111111111,94.28534552736306,225.20287382832177,1.9595835138709263,6.8890975198802336,1.00544355243373,1.1924673199231293,1.1297818381226856,6.696630199957102,0.609960891306295,0.1119575497495407,-0.2666371096501013,0.2572207653627809,-0.3115310972345597,2.7019714452179806,-0.6108529004051347,0.830621542502675
sub-0133,narratives,ds005256/sub-0133/ses-02/func/sub-0133_ses-02_task-narratives_acq-mb8_run-01_bold.nii.gz,0.4600000083446502,967,18,129,16,104,6.971153846153846,1.3179620246546049,1.0961538461538465,0.327367575516615,6.875,1.459402058698027,0.0865384615384615,0.2788461538461538,0.5862068965517241,1.827586206896552,2.862745098039216,0.8699448529411765,0.0192307692307692,3.865384615384616,103.6087258722194,225.42029525999345,0.3908235600006342,6.938988575847947,-1.590166969767218,1.1696805584952814,0.9868936235911968,6.769308017352667,-0.5283401706956278,0.0992137937079138,0.7106988636556618,0.2590831117490549,0.297957628906962,2.783203881069064,0.0126067333729862,0.8689202739976447
sub-0001,shortvideo,ds005256/sub-0001/ses-03/func/sub-0001_ses-03_task-shortvideo_acq-mb8_run-01_bold.nii.gz,0.4600000083446502,1616,63,217,62,209,6.885167464114833,1.4859017256087617,1.1770334928229664,0.5479409041582503,6.708133971291866,1.7197889129315629,0.1196172248803827,0.2631578947368421,0.7454545454545455,2.2,2.990338164251208,1.7560386473429952,0.0095693779904306,2.8086124401913874,97.17293063364546,227.9981518937045,-0.1960046251933235,6.902941202220224,0.7420768247876622,1.1466940066177636,-0.4058039145168703,6.75624719560246,1.1297445755661268,0.0943045705014147,0.2193084661117794,0.2597924547513313,-0.5983496255124954,3.1556692091622605,-0.7564266050042588,1.8764134572774085
sub-0002,shortvideo,ds005256/sub-0002/ses-03/func/sub-0002_ses-03_task-shortvideo_acq-mb8_run-01_bold.nii.gz,0.4600000083446502,1616,63,130,62,127,6.834645669291339,1.7582629393607512,1.078740157480315,0.3474692909258068,6.755905511811024,1.850424813657968,0.0551181102362204,0.2755905511811024,0.6571428571428571,2.4571428571428573,2.555555555555556,2.508928571428572,0.0078740157480314,2.811023622047244,102.23609342340944,228.25127762001844,0.2815135588839184,6.802425674217576,-0.5022354208492572,1.0960904854755424,0.3783306938734064,6.706335188742033,-0.648147216443995,0.0674513946491069,0.7167094664024825,0.2610908843015591,-0.872688983472559,2.8015050976799745,-0.8370602250320647,2.756345086534097
sub-0003,shortvideo,ds005256/sub-0003/ses-03/func/sub-0003_ses-03_task-shortvideo_acq-mb8_run-01_bold.nii.gz,0.4600000083446502,1616,63,216,62,209,6.889952153110048,1.523010839400179,1.167464114832536,0.5421589497841603,6.722488038277512,1.7151815140264757,0.1196172248803827,0.2631578947368421,0.7272727272727273,2.2,3.0776699029126213,1.7994538834951457,0.0143540669856459,2.8421052631578947,98.218105402338,229.06868428707867,-0.6453624210643761,6.9273976245628,0.5204341739729582,1.151516423550259,-0.7433289870141704,6.775881201012542,1.153559438749863,0.0976956255135555,0.1706659701797785,0.2607277464653612,-0.3912225647941301,3.1989977792208446,-0.5795525026261705,1.9083612507348
sub-0004,shortvideo,ds005256/sub-0004/ses-03/func/sub-0004_ses-03_task-shortvideo_acq-mb8_run-01_bold.nii.gz,0.4600000083446502,1616,63,223,62,214,7.032710280373832,1.5117241781442263,1.0794392523364489,0.3332126498218762,6.953271028037383,1.6294425877754068,0.0607476635514018,0.2570093457943925,0.6909090909090909,2.0545454545454547,2.834123222748816,1.6048578199052133,0.014018691588785,3.032710280373832,97.70792586913444,229.50820449459167,1.4484458455473643,6.918721432941597,-1.75903058097346,1.146551090172276,1.6920867944614375,6.77217034276932,-1.6317702576148878,0.0932110448620299,-0.0862541336501591,0.2583269254573943,-1.2560723727432823,3.133792188360708,-1.5122107240137224,1.8156342916825603
sub-0005,shortvideo,ds005256/sub-0005/ses-03/func/sub-0005_ses-03_task-shortvideo_acq-mb8_run-01_bold.nii.gz,0.4600000083446502,1616,63,204,62,199,6.909547738693467,1.5014670591725328,1.1557788944723617,0.4828935003534631,6.7537688442211055,1.7099451721478347,0.1105527638190954,0.2562814070351759,0.6666666666666666,2.07843137254902,3.0913705583756346,1.923540609137056,0.0100502512562814,2.869346733668342,98.76017915078278,226.5290181247366,-0.3011708646752192,6.9324907314710655,0.1590619159608396,1.1494256375037788,-0.2923931837038309,6.783065093967289,0.6052639563141132,0.0968905725057828,-0.2276758554719209,0.2610485879480241,0.3515350334689155,3.0283157033319714,0.0050369975232173,1.9230003783468064
sub-0006,shortvideo,ds005256/sub-0006/ses-03/func/sub-0006_ses-03_task-shortvideo_acq-mb8_run-01_bold.nii.gz,0.4600000083446502,1616,63,165,62,158,6.949367088607595,1.583342704269899,1.1139240506329111,0.4065496192607582,6.835443037974684,1.7625284367536411,0.0822784810126582,0.2784810126582278,0.6818181818181818,2.2954545454545454,2.871794871794872,2.2475961538461537,0.0126582278481012,2.981012658227848,95.14971112613551,229.60425670714824,0.5034755591071142,6.903547120508464,-0.4715504868054525,1.130084942964231,0.5931095586903712,6.773462177544234,-0.2756764293949852,0.0875230226380066,0.5761909653097717,0.2663979710366496,-0.3630887872898034,2.9664713100841698,-0.2103834709749277,2.289536377960553
sub-0007,shortvideo,ds005256/sub-0007/ses-03/func/sub-0007_ses-03_task-shortvideo_acq-mb8_run-01_bold.nii.gz,0.4600000083446502,1616,63,217,62,209,6.913875598086125,1.428504060139269,1.1483253588516746,0.4823914479106139,6.76555023923445,1.6253874711459158,0.1052631578947368,0.2488038277511961,0.6538461538461539,2.0576923076923075,3.63768115942029,2.1394927536231885,0.0095693779904306,2.8373205741626792,103.30109627376844,229.6183721138761,0.2422071856905498,6.8998649984437375,-0.5061425542001543,1.1646870740398647,0.4026565722823382,6.735177924403873,-0.1568193362875295,0.108045127102835,-0.6855730902823796,0.2593277790638396,2.666073079647522,3.056229393265046,2.620807036827096,1.822598416308459
sub-0008,shortvideo,ds005256/sub-0008/ses-03/func/sub-0008_ses-03_task-shortvideo_acq-mb8_run-01_bold.nii.gz,0.4600000083446502,1616,63,212,62,203,6.931034482758621,1.4090135633049563,1.0935960591133005,0.3931446895420127,6.83743842364532,1.556900112498709,0.0591133004926108,0.2364532019704433,0.6458333333333334,2.083333333333333,2.755,1.6790625,0.0147783251231527,2.911330049261084,103.8158335142085,229.35181208138317,0.167614799302005,6.920760257848721,-1.8406631051656044,1.1543293505606895,0.8536514073760323,6.766430907288031,-2.2713011110232757,0.0981153683197836,-1.7668691977063289,0.2645643425384707,-1.187071006084331,3.0849300402313538,-1.172888446244266,1.875845106719148
sub-0009,shortvideo,ds005256/sub-0009/ses-03/func/sub-0009_ses-03_task-shortvideo_acq-mb8_run-01_bold.nii.gz,0.4600000083446502,1616,63,207,62,200,6.965,1.4540793422878755,1.115,0.4503209352490932,6.85,1.634274845721118,0.08,0.255,0.7450980392156863,2.176470588235294,3.308080808080808,2.040719696969697,0.01,2.965,102.13176447787497,226.16587521918063,0.556883478055515,6.9237644262208375,-0.8855352839123679,1.1387432524655758,0.7127841924235069,6.785021173755263,-0.6654655449673497,0.0921825311624957,-0.0242980659392275,0.2553948504441037,0.819248731669352,3.0730284392912903,0.7068199612087311,1.9142609139571007
sub-0010,shortvideo,ds005256/sub-0010/ses-03/func/sub-0010_ses-03_task-shortvideo_acq-mb8_run-01_bold.nii.gz,0.4600000083446502,1616,63,202,62,191,6.858638743455497,1.5579731199513822,1.162303664921466,0.5427444217145737,6.696335078534031,1.768715612728736,0.0994764397905759,0.2670157068062827,0.6470588235294118,2.196078431372549,2.914438502673797,1.8786764705882355,0.0209424083769633,2.738219895287958,95.51213204521662,229.9645053301519,-0.7498340502477407,6.918984539998474,0.6064718233286337,1.14340812458972,-0.7928484093024819,6.775576415408754,0.2759317042526029,0.0949506826524587,0.4826498484882349,0.2590307872901738,-0.3044164284327372,2.9910577810094217,-0.1964086289031883,1.9085987136829503
sub-0011,shortvideo,ds005256/sub-0011/ses-03/func/sub-0011_ses-03_task-shortvideo_acq-mb8_run-01_bold.nii.gz,0.4600000083446502,1616,63,226,62,217,6.972350230414746,1.4685500870764543,1.1244239631336406,0.4983331149915525,6.847926267281106,1.6859736812292108,0.0691244239631336,0.2442396313364055,0.6981132075471698,2.207547169811321,2.8511627906976744,1.6375,0.0092165898617511,2.9723502304147464,96.70741757135173,220.0597868880154,0.8493140052139256,6.922308095594649,-0.5310571771071838,1.138329234947371,0.9345616922942992,6.783978860647277,-1.4057653379619686,0.0910828399678529,-0.1772304028565457,0.2468028392526207,-1.1958810314760149,3.1484984351670504,-1.16254830356979,1.8004542687858585
sub-0013,shortvideo,ds005256/sub-0013/ses-03/func/sub-0013_ses-03_task-shortvideo_acq-mb8_run-01_bold.nii.gz,0.4600000083446502,1616,63,235,62,227,7.066079295154185,1.4512869030968294,1.1277533039647578,0.5035060886917406,6.938325991189427,1.630918851549386,0.0748898678414096,0.2422907488986784,0.6181818181818182,2.018181818181818,3.102222222222222,1.6848611111111111,0.0088105726872246,3.0088105726872247,104.6800835460994,227.54996944253307,1.5321901715365316,6.956058393227716,-0.7613371324068331,1.156381484223609,1.463703746080929,6.7996769090041065,-1.1090932963751354,0.0992500099564584,-1.430326361029377,0.2636969961643852,-0.2655661716780836,3.1706548587765537,-0.3944845112397674,1.7419243826293391
sub-0014,shortvideo,ds005256/sub-0014/ses-03/func/sub-0014_ses-03_task-shortvideo_acq-mb8_run-01_bold.nii.gz,0.4600000083446502,1616,63,208,62,202,6.821782178217822,1.5414410754659225,1.1336633663366336,0.4426912781002403,6.688118811881188,1.715239688729714,0.094059405940594,0.2623762376237624,0.7547169811320755,2.207547169811321,2.855721393034826,1.769278606965174,0.0049504950495049,2.8217821782178216,105.9195347574406,226.68290459063235,-1.6844677913093744,6.919153111334571,-0.3605138761128367,1.1438559532327088,-1.2067825501597116,6.775297158101862,-0.0943766342537694,0.0957366556201091,-0.3191289857208682,0.2688962545301632,-0.8052842407071734,3.022121901043069,-0.7477814308043703,1.869949894698172
sub-0016,shortvideo,ds005256/sub-0016/ses-03/func/sub-0016_ses-03_task-shortvideo_acq-mb8_run-01_bold.nii.gz,0.4600000083446502,1616,63,213,62,203,6.940886699507389,1.6248238905242194,1.1428571428571428,0.4917998005766592,6.798029556650246,1.8221943194225856,0.0985221674876847,0.2315270935960591,0.7021276595744681,2.25531914893617,3.455,2.1090625,0.0147783251231527,2.8866995073891624,100.74020676227885,229.8237147098158,0.2075698322013406,6.920811687071757,0.0485831061049906,1.1406363559920154,0.1437394908860274,6.780175331079741,0.137610046773611,0.0949209789796317,-1.0988718208518689,0.255349654625958,1.015125926841978,3.196186776857865,1.062988948722949,1.9416615237359145
sub-0017,shortvideo,ds005256/sub-0017/ses-03/func/sub-0017_ses-03_task-shortvideo_acq-mb8_run-01_bold.nii.gz,0.4600000083446502,1616,63,183,62,172,6.872093023255814,1.4493112833254391,1.0988372093023255,0.3847971094609163,6.773255813953488,1.5860447268904476,0.0755813953488372,0.2441860465116279,0.6904761904761905,2.142857142857143,2.8757396449704142,2.097263313609468,0.0174418604651162,2.9011627906976742,104.33922826417434,229.32086369734603,-0.5285496810454176,6.901821510733856,-1.551731437153839,1.1419255609730932,0.1880525106493093,6.759895949760763,-1.3539038164218318,0.0948379658607533,-0.6230384431256978,0.254574728775201,-0.8517632015750106,3.0828591021362257,-0.5048762164576828,2.185594722873385
sub-0018,shortvideo,ds005256/sub-0018/ses-03/func/sub-0018_ses-03_task-shortvideo_acq-mb8_run-01_bold.nii.gz,0.4600000083446502,1616,63,229,62,220,6.818181818181818,1.3288634082022046,1.2,0.5621225268211703,6.618181818181818,1.575971502545925,0.1272727272727272,0.2590909090909091,0.7543859649122807,2.087719298245614,3.146788990825688,1.7508600917431192,0.009090909090909,2.777272727272728,102.31383287572486,229.4239978164964,-1.838571083870439,6.941219655012452,0.7785902895166358,1.1743281173204236,-1.7659289255684942,6.766891537692029,0.8706804678875785,0.110680864094084,-0.2812023431014978,0.2633121984039533,-0.0123517787229069,3.150356082754927,-0.1756297649370051,1.7794473905329804
sub-0019,shortvideo,ds005256/sub-0019/ses-03/func/sub-0019_ses-03_task-shortvideo_acq-mb8_run-01_bold.nii.gz,0.4600000083446502,1616,63,211,62,201,6.865671641791045,1.5286810235107229,1.1791044776119404,0.5174564658305574,6.686567164179104,1.762460966012132,0.1243781094527363,0.2437810945273631,0.673469387755102,2.224489795918368,3.095,1.91125,0.0049751243781094,2.7860696517412937,101.65333546746484,226.25260401820017,-0.6983986990957146,6.919562644984628,0.8611155685137001,1.1466473807753144,-0.8624655191062155,6.772915264209316,1.5237302729056197,0.0935944339457314,-0.6488427259690643,0.2555521259108027,-0.3580724294001255,3.1893219073419017,-0.2159695745483462,1.9493484059687247
sub-0020,shortvideo,ds005256/sub-0020/ses-03/func/sub-0020_ses-03_task-shortvideo_acq-mb8_run-01_bold.nii.gz,0.4600000083446502,1616,63,194,62,186,6.849462365591398,1.5347945478080771,1.1290322580645162,0.3952640294889564,6.720430107526882,1.694924642495142,0.1075268817204301,0.2795698924731182,0.6730769230769231,2.0384615384615383,2.994565217391304,1.9568614130434785,0.010752688172043,2.8870967741935485,100.59131689536132,227.000509568832,-0.8793668482766595,6.911527434906068,-0.5676428446491073,1.149369770787631,-0.4701142054207167,6.762157664118438,0.3433218343913719,0.0997246202959068,1.5214288659198876,0.2603922368311505,-0.3122921949989624,3.068983693218498,-0.5365458168775599,2.044255890750084
sub-0021,shortvideo,ds005256/sub-0021/ses-03/func/sub-0021_ses-03_task-shortvideo_acq-mb8_run-01_bold.nii.gz,0.4600000083446502,1616,63,226,62,215,6.841860465116279,1.4766456933887429,1.186046511627907,0.6359852887812624,6.655813953488372,1.767476463587875,0.1023255813953488,0.2697674418604651,0.6551724137931034,2.0517241379310347,3.2347417840375585,1.8615023474178405,0.0093023255813953,2.841860465116279,103.91520662704484,227.9962225243614,-0.5684102648557041,6.879838312423659,0.7679454777095251,1.1624942747250464,-0.6910817382064111,6.71734403769861,-0.0197869936978721,0.1026816492400936,-0.5703494829016976,0.2797720912093351,0.3708098108707664,3.1275467063055364,0.4513729851370665,1.7853404227952243
sub-0024,shortvideo,ds005256/sub-0024/ses-03/func/sub-0024_ses-03_task-shortvideo_acq-mb8_run-01_bold.nii.gz,0.4600000083446502,1616,63,219,62,210,6.890476190476191,1.5193818819698175,1.1238095238095238,0.407941221379074,6.766666666666667,1.6767002606176642,0.0952380952380952,0.2714285714285714,0.6666666666666666,2.1052631578947367,3.0913461538461537,1.8371394230769231,0.0095238095238095,2.847619047619048,100.60835639726136,229.74192079556468,-0.0965565507132122,6.896711629501598,-0.887835451327522,1.1502357262570535,0.263840888973107,6.746475903244544,0.1200408251493332,0.0932243612679864,0.3493263213742431,0.2647656267809455,-0.206061994032575,3.1594352521954217,-0.1418996866810268,1.8649997346508376
sub-0025,shortvideo,ds005256/sub-0025/ses-03/func/sub-0025_ses-03_task-shortvideo_acq-mb8_run-01_bold.nii.gz,0.4600000083446502,1616,63,225,62,221,6.95475113122172,1.5008293333296778,1.1131221719457014,0.427316923591833,6.841628959276018,1.647942261751497,0.0814479638009049,0.2850678733031674,0.5396825396825397,1.9365079365079363,3.182648401826484,1.7579908675799087,0.0090497737556561,2.923076923076923,107.83078507706205,226.4903684973089,0.4203641914060757,6.925910161434839,-0.7025471333877951,1.1371291807799409,0.5842220313467722,6.788780980654898,-0.4535754190167714,0.0906767389038127,2.1837259057931044,0.253157382285562,0.3257045271580619,3.102769101044079,0.0087246953383064,1.7567872236756523
sub-0026,shortvideo,ds005256/sub-0026/ses-03/func/sub-0026_ses-03_task-shortvideo_acq-mb8_run-01_bold.nii.gz,0.4600000083446502,1616,63,219,62,213,7.042253521126761,1.4119097837010184,1.1267605633802815,0.4320719322796055,6.915492957746479,1.58780564319547,0.0985915492957746,0.2582159624413145,0.6363636363636364,2.0545454545454547,2.966666666666667,1.7058035714285715,0.0140845070422535,2.976525821596244,101.11544319906044,227.9519528927099,0.9487046774333364,6.981800047089523,-1.2402975883962253,1.1720627384851323,1.3409922632803493,6.809737308604392,-0.2677631840516574,0.1034362427613311,-0.005662059805471,0.2582965835125689,-0.5237692580701623,3.1021603432355445,-0.6144166848877085,1.802402390527462
sub-0029,shortvideo,ds005256/sub-0029/ses-03/func/sub-0029_ses-03_task-shortvideo_acq-mb8_run-01_bold.nii.gz,0.4600000083446502,1616,63,232,62,222,6.95045045045045,1.5551039233652069,1.1261261261261262,0.427919667623225,6.824324324324325,1.7019401341203608,0.09009009009009,0.2882882882882883,0.546875,1.875,3.0045662100456623,1.6809360730593608,0.0135135135135135,2.9414414414414414,103.248760252407,226.9225098070721,0.7320838442631291,6.911434446386071,-0.6115643429358394,1.1434306242412469,0.8445198855485819,6.768003822144824,-0.2733610952330667,0.0949539517876137,2.124242131938074,0.2613814573308712,-0.6244446408883783,3.177253444685222,-0.6198169545921759,1.7765989196107097
sub-0031,shortvideo,ds005256/sub-0031/ses-03/func/sub-0031_ses-03_task-shortvideo_acq-mb8_run-01_bold.nii.gz,0.4600000083446502,1640,63,241,62,229,6.899563318777292,1.528515442380598,1.148471615720524,0.5254570486123609,6.751091703056769,1.702439203482364,0.0960698689956331,0.2925764192139738,0.582089552238806,1.8955223880597012,3.1008771929824563,1.652138157894737,0.0043668122270742,2.8995633187772927,93.60926510350058,228.0500461582594,-0.5543018354956782,6.935039380625971,-0.4733062309395052,1.1624142240846629,-0.2786229282692142,6.772625156541309,-0.658000406766905,0.1072670297968098,1.6107329042897025,0.2705735321219114,0.3788237667246125,2.9997782047356147,0.1339242494802946,1.6330297952187771
sub-0032,shortvideo,ds005256/sub-0032/ses-03/func/sub-0032_ses-03_task-shortvideo_acq-mb8_run-01_bold.nii.gz,0.4600000083446502,1640,63,230,62,217,6.921658986175115,1.502572181610244,1.1336405529953917,0.5231865680753927,6.788018433179723,1.6502649169012054,0.0875576036866359,0.2672811059907834,0.7241379310344828,2.1206896551724137,2.727699530516432,1.5793720657276995,0.0184331797235023,2.921658986175115,98.3934471613888,229.28110302181585,-0.355610720290794,6.952118242458946,-0.7424247335702858,1.16476558769049,0.0063231727135704,6.787352654768455,-0.822052662928396,0.1060697119001501,0.3159255942236003,0.260970660239348,-1.5277376666490623,3.08521321966628,-1.2331706459905691,1.7522463688141354
sub-0033,shortvideo,ds005256/sub-0033/ses-03/func/sub-0033_ses-03_task-shortvideo_acq-mb8_run-01_bold.nii.gz,0.4600000083446502,1640,63,211,62,201,6.746268656716418,1.5492896783567258,1.1592039800995024,0.5239535887691577,6.587064676616915,1.738859350492736,0.1094527363184079,0.2686567164179104,0.7222222222222222,2.185185185185185,2.5,1.5375631313131313,0.0149253731343283,2.6517412935323383,109.56891515609638,229.0835070945365,-2.7385841537791262,6.907440125269663,0.7934986401122778,1.131245563880556,-2.6918840996474582,6.776194561389107,1.2219899258975455,0.0883909883484877,0.3926623198173201,0.2621627104777251,-2.687054999535267,3.1013041659006046,-2.812505224893884,1.922082369601412
sub-0034,shortvideo,ds005256/sub-0034/ses-03/func/sub-0034_ses-03_task-shortvideo_acq-mb8_run-01_bold.nii.gz,0.4600000083446502,1640,63,237,62,222,7.0,1.4458553653656236,1.1576576576576576,0.5010485926795551,6.842342342342342,1.6387308602994135,0.1081081081081081,0.2387387387387387,0.6415094339622641,2.0754716981132075,3.2181818181818183,1.7917613636363636,0.009009009009009,2.963963963963964,95.35309206921475,229.50844747143896,1.382671515724595,6.911274846093225,-0.0731520239744167,1.160306849896318,1.017143043273625,6.750967996196908,0.134630242120766,0.105129484633714,-1.0898137639326986,0.2562472402146661,0.4465235526288617,3.1134552888751705,0.5343402434199485,1.7234497910152706
sub-0035,shortvideo,ds005256/sub-0035/ses-03/func/sub-0035_ses-03_task-shortvideo_acq-mb8_run-01_bold.nii.gz,0.4600000083446502,1640,63,199,62,185,7.0,1.4670289407654773,1.0918918918918918,0.3861588842708304,6.908108108108108,1.620919354399382,0.0594594594594594,0.254054054054054,0.6808510638297872,2.234042553191489,3.3131868131868134,2.160885989010989,0.0162162162162162,3.0324324324324325,86.75856634889186,223.37029240783608,0.7340464292833736,6.931437388144404,-1.0436335772311751,1.13561690081915,0.9252222527897276,6.795820487325255,-1.1075770591231118,0.0852907403046422,-0.1326731315261836,0.2568747851199776,1.2570941281096937,2.9776505390694994,1.130318905021014,1.9427366405806248
sub-0036,shortvideo,ds005256/sub-0036/ses-03/func/sub-0036_ses-03_task-shortvideo_acq-mb8_run-01_bold.nii.gz,0.4600000083446502,1640,63,236,62,219,6.899543378995434,1.5822843119211645,1.1506849315068493,0.5334129218819268,6.748858447488584,1.7857581519115848,0.0958904109589041,0.2557077625570776,0.5714285714285714,1.9642857142857144,3.476851851851852,1.9704861111111112,0.0136986301369863,2.8310502283105023,100.44715962639386,229.1677626348797,-0.2672301607960528,6.918307433109898,-0.4023261605661871,1.164731318777528,-0.0514015652633688,6.753576114332369,-0.4383076160763329,0.1048244578733982,0.2238356062000037,0.2521350655068464,1.1947684518375503,3.1191252060424994,1.4208456908667964,1.734703083550122
sub-0037,shortvideo,ds005256/sub-0037/ses-03/func/sub-0037_ses-03_task-shortvideo_acq-mb8_run-01_bold.nii.gz,0.4600000083446502,1640,63,240,62,230,6.969565217391304,1.475841787064005,1.173913043478261,0.5724515511654631,6.795652173913044,1.6968962833339678,0.1,0.2869565217391304,0.6515151515151515,1.9393939393939397,3.303964757709251,1.7725770925110131,0.0130434782608695,2.9217391304347826,102.58373059067256,228.65976295597784,0.5591829451867117,6.93597721132566,0.1791981058401999,1.1682776749077846,0.3486030276448377,6.767699536417876,-0.606557441032906,0.109768546982205,1.4285624489480964,0.2687750126657235,0.6506568664185968,3.140231039786946,0.4930103899041234,1.7071302485182551
sub-0038,shortvideo,ds005256/sub-0038/ses-03/func/sub-0038_ses-03_task-shortvideo_acq-mb8_run-01_bold.nii.gz,0.4600000083446502,1640,63,228,62,215,6.855813953488372,1.6010076157800432,1.162790697674419,0.4896228072414584,6.693023255813953,1.7900811014934297,0.1116279069767441,0.2651162790697674,0.7017543859649122,2.1578947368421053,3.0754716981132075,1.7747641509433962,0.013953488372093,2.772093023255814,103.56321667204224,228.42102914532316,-1.052442486617675,6.937038928957218,0.7178139273567204,1.1371432444957958,-1.0729209715298995,6.79989568446142,1.1514940429352862,0.0893577582627543,0.9849270734460712,0.2466946872555891,-0.2764340890293028,3.143899575937037,-0.2004918442403142,1.8030273459704884
sub-0040,shortvideo,ds005256/sub-0040/ses-03/func/sub-0040_ses-03_task-shortvideo_acq-mb8_run-01_bold.nii.gz,0.4600000083446502,1640,63,219,62,210,6.942857142857143,1.4694891956869236,1.119047619047619,0.4589555936646011,6.823809523809524,1.6051367190959789,0.0714285714285714,0.2714285714285714,0.5614035087719298,1.824561403508772,3.114832535885168,1.8047248803827751,0.0047619047619047,2.9285714285714284,101.71053816865935,227.1163401621408,0.3985790913524675,6.913247517848286,-1.1091330654415796,1.1646787039122437,0.7426813122859482,6.748568813936042,-1.4333712918945585,0.1014332050498357,1.3436341826329867,0.2513376439090505,0.1249515883147513,3.079399673994145,-0.2294048162487899,1.8439090759776469
sub-0041,shortvideo,ds005256/sub-0041/ses-03/func/sub-0041_ses-03_task-shortvideo_acq-mb8_run-01_bold.nii.gz,0.4600000083446502,1640,63,208,62,194,6.984536082474227,1.5916778520484829,1.1082474226804124,0.3721301524761519,6.876288659793815,1.7291031066855125,0.0927835051546391,0.2525773195876288,0.6326530612244898,2.163265306122449,3.177083333333333,2.01953125,0.0103092783505154,2.9587628865979383,100.0042445873915,229.2800626706964,1.5299570303334022,6.890866414556249,-0.9872852132696348,1.141080300683889,1.6286412912733674,6.749786113872361,0.0708120975150452,0.0914832034086486,-0.4375955076214129,0.2618441068591999,0.427434263826141,3.076785053240047,0.4868738825729525,1.9487831188661375
sub-0043,shortvideo,ds005256/sub-0043/ses-03/func/sub-0043_ses-03_task-shortvideo_acq-mb8_run-01_bold.nii.gz,0.4600000083446502,1640,63,232,62,219,6.922374429223744,1.5380202413587976,1.187214611872146,0.5127914293947815,6.735159817351598,1.7695685336946316,0.1324200913242009,0.2602739726027397,0.6842105263157895,2.12280701754386,3.08294930875576,1.7466877880184333,0.0091324200913242,2.8401826484018264,103.38093721759672,229.2082721152756,-0.1852799117350575,6.935143719078037,0.9426864167316936,1.1538713921122188,-0.5281786493467778,6.781272326965818,1.5855206115805645,0.1007715268812118,0.3248214651980429,0.2561326682031888,-0.3287963289794682,3.145544344384819,-0.360285438760053,1.7862842038688915
sub-0044,shortvideo,ds005256/sub-0044/ses-03/func/sub-0044_ses-03_task-shortvideo_acq-mb8_run-01_bold.nii.gz,0.4600000083446502,1640,63,206,62,194,6.845360824742268,1.5726958221231686,1.1030927835051547,0.3665985954783785,6.742268041237113,1.702046013609752,0.0824742268041237,0.2577319587628865,0.7,2.32,3.068062827225131,1.93619109947644,0.0154639175257731,2.865979381443299,102.7664498109296,228.56686977906887,-1.0048857243118745,6.909609088927742,-0.8474596697201447,1.1392400714437687,-0.321100518408329,6.770369017483973,-0.4115364730570867,0.0927969603928973,-0.0706392730534783,0.2590422925574853,-0.0838041135474076,3.088577281614861,-0.1886446512284179,1.966599377727068
sub-0046,shortvideo,ds005256/sub-0046/ses-03/func/sub-0046_ses-03_task-shortvideo_acq-mb8_run-01_bold.nii.gz,0.4600000083446502,1640,63,181,62,170,6.976470588235294,1.6279836193310735,1.1294117647058823,0.4293447682670507,6.847058823529411,1.8429837035173589,0.1,0.2705882352941176,0.6086956521739131,2.152173913043478,3.136904761904762,2.3392857142857144,0.0117647058823529,2.9176470588235293,95.8656111289769,226.18915427156568,0.3499226492918652,6.934865198561462,-0.0542446921472617,1.1315559095974248,0.3058198127094337,6.803309288964039,0.6900126306883088,0.0837342499887595,0.8054540794120255,0.259869444032407,0.0293664152023791,3.1286702062213,0.4180669996932166,2.2508223616750143
sub-0050,shortvideo,ds005256/sub-0050/ses-03/func/sub-0050_ses-03_task-shortvideo_acq-mb8_run-01_bold.nii.gz,0.4600000083446502,1640,63,218,62,210,6.923809523809524,1.5167027830020885,1.1523809523809525,0.5318731435067741,6.771428571428571,1.712644463823957,0.0952380952380952,0.2571428571428571,0.6296296296296297,2.111111111111111,2.5410628019323678,1.502415458937198,0.0142857142857142,2.933333333333333,94.24493305472224,228.2764612937101,0.2107488403896429,6.904925817981304,0.2151534295761452,1.1444231496021466,0.1006897936103407,6.760502668379159,0.2370007524894725,0.0909228634749568,0.0319305367735009,0.2567057923902116,-2.3024534779243377,3.1320272051577223,-2.5729509994121744,1.8901583364394847
sub-0051,shortvideo,ds005256/sub-0051/ses-03/func/sub-0051_ses-03_task-shortvideo_acq-mb8_run-01_bold.nii.gz,0.4600000083446502,1640,63,191,62,179,6.826815642458101,1.44103443829015,1.106145251396648,0.3265691611064202,6.720670391061453,1.532482599848196,0.1005586592178771,0.3016759776536313,0.6296296296296297,2.074074074074074,3.1977401129943503,2.18944209039548,0.0111731843575419,2.782122905027933,104.61899939175316,229.7735266698668,-1.369471209233209,6.926475866616309,-1.0829197235809152,1.1433579043898114,-0.7551061887139892,6.7831179622264965,0.4512206287615949,0.0925995439690046,3.262301334909608,0.256871199706009,0.5812315942384236,3.0394363842982743,0.499369994811733,2.095436384903738
sub-0052,shortvideo,ds005256/sub-0052/ses-03/func/sub-0052_ses-03_task-shortvideo_acq-mb8_run-01_bold.nii.gz,0.4600000083446502,1640,63,232,62,216,6.916666666666667,1.504257523722058,1.1388888888888888,0.4814384132331301,6.777777777777778,1.6751720957524323,0.0925925925925925,0.2685185185185185,0.5517241379310345,1.9482758620689653,3.353488372093023,1.9177325581395348,0.0046296296296296,2.8981481481481484,103.96111499610164,228.5637923410386,-0.3215727655897871,6.940109185023974,-0.6810120911064423,1.1650860852070852,0.0311437793010097,6.775023099816889,-0.5992708709145702,0.1056578363157463,-0.1735811169065948,0.2712682096035463,1.0906183552054525,3.0488542213201857,1.287234562767653,1.720006269675653
sub-0053,shortvideo,ds005256/sub-0053/ses-03/func/sub-0053_ses-03_task-shortvideo_acq-mb8_run-01_bold.nii.gz,0.4600000083446502,1640,63,231,62,218,6.944954128440367,1.4800352616631427,1.1376146788990826,0.4597713298241175,6.807339449541284,1.6347441024687557,0.0963302752293578,0.2660550458715596,0.6206896551724138,2.0517241379310347,3.2685185185185186,1.8408564814814812,0.0091743119266055,2.876146788990826,98.20923703025724,229.14892406671316,-0.5677903598151809,6.974980781363337,-0.75179119082134,1.154554507732312,-0.233439020444902,6.820426273631025,-0.2002211139744661,0.0989548700120786,0.135705934261055,0.2637932779109273,0.6870339671122686,3.125957790670223,0.4606683673750225,1.7818113936545603
sub-0055,shortvideo,ds005256/sub-0055/ses-03/func/sub-0055_ses-03_task-shortvideo_acq-mb8_run-01_bold.nii.gz,0.4600000083446502,1640,63,235,62,224,7.035714285714286,1.423244392089999,1.1741071428571428,0.5448899235879432,6.861607142857143,1.643999581885662,0.1160714285714285,0.2455357142857142,0.6363636363636364,2.090909090909091,3.3076923076923075,1.8252262443438916,0.0133928571428571,2.919642857142857,96.1960967054046,229.6480717007903,0.997761383002454,6.967652979869715,0.579997850953459,1.1565781280576957,0.5999469227913928,6.811074851812022,0.9784173331125652,0.0974979939128991,0.356867316246483,0.2413988683883565,0.4814713623079297,3.184841744018939,0.3414621041912012,1.7762580489571769
sub-0056,shortvideo,ds005256/sub-0056/ses-03/func/sub-0056_ses-03_task-shortvideo_acq-mb8_run-01_bold.nii.gz,0.4600000083446502,1640,63,216,62,208,6.995192307692308,1.4429491946350814,1.1009615384615383,0.3985469240722813,6.894230769230769,1.5752817046178609,0.0721153846153846,0.2451923076923076,0.5490196078431373,1.862745098039216,2.7135922330097086,1.5843446601941749,0.0096153846153846,2.9663461538461537,106.64108147221653,227.9146149403601,0.4861153679595465,6.959648925131892,-1.5848640161345184,1.1430823867633306,0.8453249811582658,6.816566538368559,-1.096363880760036,0.0900334761499382,-0.5407867961659111,0.2539284622046226,-1.4804523050172904,3.169616662417168,-1.7132283582199872,1.91102590513056
sub-0057,shortvideo,ds005256/sub-0057/ses-03/func/sub-0057_ses-03_task-shortvideo_acq-mb8_run-01_bold.nii.gz,0.4600000083446502,1640,63,225,62,213,6.826291079812207,1.4643125277835427,1.15962441314554,0.6463714757662238,6.666666666666667,1.700906158788982,0.0892018779342723,0.2629107981220657,0.625,1.9642857142857144,2.9,1.6946428571428571,0.0140845070422535,2.7981220657276995,103.71895362450876,229.9594292562452,-1.9800293176130288,6.963626118519518,0.2319790157574751,1.1515401781913324,-1.584542510877572,6.812085940328187,-0.4021415762735719,0.0974647784387589,0.2270839353672473,0.2600934844093727,-0.9648222367541848,3.1814144118739938,-0.9186599629415872,1.848152371545695
sub-0058,shortvideo,ds005256/sub-0058/ses-03/func/sub-0058_ses-03_task-shortvideo_acq-mb8_run-01_bold.nii.gz,0.4600000083446502,1640,63,195,62,183,6.737704918032787,1.5324508777340915,1.1584699453551912,0.4219549711973173,6.579234972677596,1.7424895239822176,0.1366120218579235,0.2786885245901639,0.7450980392156863,2.176470588235294,3.379120879120879,2.2819368131868134,0.0054644808743169,2.6939890710382515,99.752983019242,229.6805277567765,-1.9861898476313904,6.942618161634071,0.5603414834258597,1.1406366087691888,-1.8861219579015565,6.801981552864882,2.2268743763157954,0.0917284685097748,1.1097891325793403,0.257219087896692,1.5639689705727695,2.9713514875428246,1.5972336662573197,1.9924906769027777
sub-0059,shortvideo,ds005256/sub-0059/ses-03/func/sub-0059_ses-03_task-shortvideo_acq-mb8_run-01_bold.nii.gz,0.4600000083446502,1640,63,215,62,204,6.926470588235294,1.3643906574459386,1.0980392156862746,0.4213467481758897,6.828431372549019,1.5004024058576837,0.0686274509803921,0.2549019607843137,0.5576923076923077,1.9038461538461535,3.417910447761194,2.0792910447761197,0.0147058823529411,2.9019607843137254,103.52694929862116,228.8731271354368,-0.0633009513885588,6.930903390685498,-1.0847006263560923,1.139311917982998,0.3946183315673271,6.791591472702501,-1.005613477820703,0.0901017905211787,-0.5077530334763749,0.2647255612738595,1.2974338004255248,3.069503229500224,1.2710311643091654,1.86172965228466
sub-0060,shortvideo,ds005256/sub-0060/ses-03/func/sub-0060_ses-03_task-shortvideo_acq-mb8_run-01_bold.nii.gz,0.4600000083446502,1640,63,218,62,209,6.832535885167464,1.5113970167416897,1.1626794258373203,0.5301890968974178,6.669856459330144,1.701554854127457,0.1148325358851674,0.2870813397129186,0.7166666666666667,2.1166666666666667,3.2427184466019416,1.922633495145631,0.0143540669856459,2.7416267942583734,102.00046775708635,229.83608974961808,-2.236916462576957,6.963290644822781,0.1445586516183317,1.1572088690962874,-1.7578699542045897,6.806081775726493,0.7647688948426761,0.0997355676471251,1.0242910562175953,0.2705081875720695,0.3960600989401447,3.1435771729898514,0.1879011244393253,1.8931391740554349
sub-0061,shortvideo,ds005256/sub-0061/ses-03/func/sub-0061_ses-03_task-shortvideo_acq-mb8_run-01_bold.nii.gz,0.4600000083446502,1640,63,233,62,221,7.108597285067873,1.429230029768685,1.104072398190045,0.4700403021484094,7.004524886877828,1.5968655022676057,0.0588235294117647,0.2352941176470588,0.6730769230769231,2.0384615384615383,3.150684931506849,1.7508561643835616,0.0090497737556561,3.085972850678733,99.403595202274,221.91438004813327,2.588142472013641,6.940016979734837,-1.6837976298178228,1.1520863080075057,2.744596251467038,6.7879306717273336,-2.154761640858992,0.09434881215425,-1.300552462727348,0.2585045544381793,-0.2095546856201615,3.200790172564925,-0.2933582415247239,1.790159769368686
sub-0062,shortvideo,ds005256/sub-0062/ses-03/func/sub-0062_ses-03_task-shortvideo_acq-mb8_run-01_bold.nii.gz,0.4600000083446502,1640,63,202,62,192,6.932291666666667,1.5110756746734684,1.1354166666666667,0.4488447455241536,6.796875,1.6768802449849969,0.0989583333333333,0.2864583333333333,0.5818181818181818,1.9272727272727272,3.0894736842105264,1.9707236842105265,0.0104166666666666,2.9166666666666665,99.26136677200827,226.10052827297477,0.2896673909322662,6.915052751792332,-0.4830765424980083,1.1517520936233836,0.4038711105890277,6.76330065816895,-0.0449766261823148,0.0998127120292668,1.548962917885566,0.2598507717016768,-0.0566781005060128,3.1048869505646417,-0.2504272743359607,2.0152305155158023
sub-0064,shortvideo,ds005256/sub-0064/ses-03/func/sub-0064_ses-03_task-shortvideo_acq-mb8_run-01_bold.nii.gz,0.4600000083446502,1640,63,149,62,142,6.809859154929577,1.602007156780701,1.176056338028169,0.5748795220640778,6.633802816901408,1.7804249761208264,0.0915492957746478,0.2535211267605634,0.75,2.2777777777777777,2.9057971014492754,2.573369565217391,0.028169014084507,2.73943661971831,108.15387125727024,228.2831310784886,-0.8164941468503623,6.89366393806909,1.9275204656144476,1.1253573633031888,-1.2149665260110185,6.7683065747659015,0.5824275782961928,0.0812962628522924,-0.2810213001523854,0.2598445162192566,-0.2896650982982799,2.975875871617072,-0.1528877131455688,2.608794189846456
sub-0065,shortvideo,ds005256/sub-0065/ses-03/func/sub-0065_ses-03_task-shortvideo_acq-mb8_run-01_bold.nii.gz,0.4600000083446502,1640,63,254,62,237,6.890295358649789,1.4745692840319746,1.1645569620253164,0.4809166674396304,6.725738396624473,1.6171393918365915,0.1181434599156118,0.3037974683544304,0.6527777777777778,2.0,2.7574468085106383,1.4414893617021276,0.0084388185654008,2.810126582278481,94.77352388430246,229.680249182792,-0.9407065511410382,6.949431975608579,-0.6669687130324895,1.187515926893584,-0.4369331496040582,6.761916048714995,-0.2129566848393462,0.1226330160647638,1.9318000787954943,0.2718835176415428,-1.5956138327525269,3.167483518115888,-1.4153531816157463,1.6328303401932898
sub-0066,shortvideo,ds005256/sub-0066/ses-03/func/sub-0066_ses-03_task-shortvideo_acq-mb8_run-01_bold.nii.gz,0.4600000083446502,1640,63,215,62,205,6.897560975609756,1.480011891327104,1.151219512195122,0.5614764985651112,6.746341463414634,1.6785990834118731,0.0926829268292682,0.2585365853658536,0.660377358490566,2.188679245283019,3.341584158415841,2.005414603960396,0.0146341463414634,2.8390243902439023,97.64544217102836,229.34499054716264,-0.3856953084346713,6.92752199798414,0.4107546679643984,1.1354843174035445,-0.4808741342325462,6.792037680580595,0.1261887058965139,0.0900454409424938,0.2345178644387957,0.2549527660211196,1.0839709181773205,3.053751500172214,0.9001952051581232,1.857451820303363
sub-0069,shortvideo,ds005256/sub-0069/ses-03/func/sub-0069_ses-03_task-shortvideo_acq-mb8_run-01_bold.nii.gz,0.4600000083446502,1640,63,223,62,212,6.929245283018868,1.5081746904444049,1.1179245283018868,0.4671781112616007,6.811320754716981,1.6442529962223444,0.080188679245283,0.2641509433962264,0.625,2.0,2.942857142857143,1.7029761904761904,0.0094339622641509,2.900943396226415,103.40710357861944,229.69680955718283,-0.0609447350179524,6.933457809234122,-0.7785825291418936,1.1492247890241238,0.279891810584316,6.784233020209997,-0.7769191847714321,0.0976319840165304,0.4823241406520867,0.2564970441508685,-1.0194022605226356,3.1554516291037924,-1.0510701521577008,1.8385074477062768
sub-0070,shortvideo,ds005256/sub-0070/ses-03/func/sub-0070_ses-03_task-shortvideo_acq-mb8_run-01_bold.nii.gz,0.4600000083446502,1640,63,224,62,212,7.023584905660377,1.343550639079555,1.0613207547169812,0.3094317539828248,6.962264150943396,1.4170560785987223,0.0424528301886792,0.2358490566037736,0.68,1.96,3.123222748815166,1.8139810426540284,0.0047169811320754,3.099056603773585,97.87991289091973,229.21005298924575,1.3104686669300565,6.909058369155014,-2.562592552063581,1.1503435172658585,1.9866663305031924,6.758714851889155,-2.660071644551238,0.0962535120708511,-1.320558774109997,0.2584406703692957,0.0647468271279564,3.1093361567798303,0.0277090898221208,1.810175610139079
sub-0073,shortvideo,ds005256/sub-0073/ses-03/func/sub-0073_ses-03_task-shortvideo_acq-mb8_run-01_bold.nii.gz,0.4600000083446502,1640,63,209,62,199,6.889447236180905,1.4865862174115156,1.135678391959799,0.4342454469157946,6.7537688442211055,1.6589741770246202,0.1055276381909547,0.2814070351758794,0.6428571428571429,2.0357142857142856,3.081218274111675,1.9486040609137056,0.0100502512562814,2.778894472361809,102.91308816736704,229.63129246456404,-0.3002257881320985,6.9126099431633685,-0.1580623737938714,1.1420090120665385,-0.1558350276377768,6.770600931096828,0.46875070031913,0.0950764357002929,0.99545117308436,0.2633472977365496,-0.1529066612523527,3.1275486011279923,-0.0709935558597437,1.961887410981329
sub-0074,shortvideo,ds005256/sub-0074/ses-03/func/sub-0074_ses-03_task-shortvideo_acq-mb8_run-01_bold.nii.gz,0.4600000083446502,1640,63,219,62,205,7.024390243902439,1.5353323214077317,1.1170731707317074,0.4383024512108576,6.907317073170732,1.7024190176677665,0.0780487804878048,0.2439024390243902,0.64,2.18,3.386138613861386,2.045173267326733,0.0146341463414634,2.995121951219512,93.79731773434204,229.88892144873373,2.0062172101126388,6.875057299424265,-0.6931478949457934,1.1433214450057594,1.8531835858786807,6.731735854418506,-0.7139940195919308,0.0946310029641928,-0.3882192500644351,0.251753966793417,0.9263851638053574,3.1237553438262653,1.061976438320421,1.865288190311489
sub-0075,shortvideo,ds005256/sub-0075/ses-03/func/sub-0075_ses-03_task-shortvideo_acq-mb8_run-01_bold.nii.gz,0.4600000083446502,1640,63,220,62,206,6.849514563106796,1.505007821803369,1.087378640776699,0.3451912475646169,6.762135922330097,1.6459035033715097,0.0679611650485436,0.2378640776699029,0.6326530612244898,2.0408163265306123,3.0588235294117645,1.7798713235294117,0.0097087378640776,2.8980582524271843,101.58175543238124,229.7524981469228,-1.1415915716999978,6.948671558890398,-1.830565554808273,1.1453256219728152,-0.4294499563982623,6.803345936917583,-1.4655065728560543,0.0938969412565773,-0.96278640558288,0.2557852364620582,0.1620689967083513,3.0161945295626915,-0.0799382699929913,1.7928053554940957
sub-0076,shortvideo,ds005256/sub-0076/ses-03/func/sub-0076_ses-03_task-shortvideo_acq-mb8_run-01_bold.nii.gz,0.4600000083446502,1640,63,245,62,233,6.927038626609442,1.5111078042003976,1.1630901287553648,0.5077102719958201,6.763948497854077,1.7295818302933583,0.111587982832618,0.2403433476394849,0.6607142857142857,2.125,3.034782608695652,1.6192934782608697,0.0128755364806866,2.841201716738197,108.36936906648758,228.88405244522383,0.2941353979438096,6.906414878373848,0.3940978489286783,1.1510036600917164,0.09674095400459,6.755411218282131,0.6859958049557446,0.100085477476243,-0.80561890858517,0.2513480772368364,-0.424436679710286,3.1370370957484783,-0.4362919042926927,1.675071089878048
sub-0077,shortvideo,ds005256/sub-0077/ses-03/func/sub-0077_ses-03_task-shortvideo_acq-mb8_run-01_bold.nii.gz,0.4600000083446502,1640,63,219,62,206,6.912621359223301,1.492137416783705,1.1893203883495145,0.6757705804031313,6.723300970873787,1.7575317439312106,0.1067961165048543,0.2718446601941747,0.5714285714285714,1.9285714285714288,2.8613861386138613,1.7413366336633664,0.0194174757281553,2.8300970873786406,101.26310783529784,229.4597978624035,-0.1363445629268009,6.923671050623886,1.0177503394261669,1.1464131230052292,-0.5294003982767194,6.777257927618655,0.7276848057668506,0.093703583651895,1.2306218534237354,0.2543256732713803,-1.1561918011686436,3.1471067819925924,-0.9313292059939786,1.88226114071088
sub-0078,shortvideo,ds005256/sub-0078/ses-03/func/sub-0078_ses-03_task-shortvideo_acq-mb8_run-01_bold.nii.gz,0.4600000083446502,1640,63,214,62,201,6.9950248756218905,1.4439442940702767,1.1194029850746268,0.46440461000193,6.875621890547263,1.5967005781668673,0.0746268656716417,0.2487562189054726,0.6,2.06,3.365,2.05125,0.0049751243781094,2.9751243781094527,103.98093815534128,224.6869979410489,0.9994382237352504,6.931416554662345,-0.3809261264632928,1.133592758994896,1.0089830822604495,6.797823795667449,-0.5839125530852736,0.0859032307095909,-1.077072034205654,0.2629670861435064,0.9388042368350784,3.04674843307384,0.8587053841702411,1.8714770828713656
sub-0079,shortvideo,ds005256/sub-0079/ses-03/func/sub-0079_ses-03_task-shortvideo_acq-mb8_run-01_bold.nii.gz,0.4600000083446502,1640,63,213,62,202,6.920792079207921,1.4467886436654929,1.1534653465346534,0.5474616879638134,6.767326732673268,1.666265160248192,0.094059405940594,0.2623762376237624,0.6792452830188679,2.0943396226415096,2.955,1.8215625,0.0099009900990099,2.891089108910891,104.84637335409656,227.70776667361744,0.0491878997574245,6.9163457056119455,0.3620612360568607,1.1413479406484703,-0.0690734337505282,6.774997764963475,0.0113746860233056,0.0938225634018596,0.3702213518912189,0.2575567270892421,-0.8092196316240958,3.152553002083688,-0.7830449456465889,1.9342026114711657
sub-0080,shortvideo,ds005256/sub-0080/ses-03/func/sub-0080_ses-03_task-shortvideo_acq-mb8_run-01_bold.nii.gz,0.4600000083446502,1640,63,218,62,206,6.956310679611651,1.5086850939687306,1.1310679611650485,0.4497216757091569,6.825242718446602,1.6523578686731977,0.0922330097087378,0.2766990291262136,0.7719298245614035,2.175438596491228,3.2549019607843137,1.9707414215686276,0.0097087378640776,2.907766990291262,98.21046351640122,226.66743607894847,0.325730525310617,6.9322036090772885,-0.3472508627265744,1.1449930789167124,0.4304356759535442,6.787210530160577,0.053061366979099,0.0912631412369682,0.9622917686831258,0.2617243878699147,0.5642540613881933,3.1050421205200367,0.6953786978884471,1.8571752581627143
sub-0082,shortvideo,ds005256/sub-0082/ses-03/func/sub-0082_ses-03_task-shortvideo_acq-mb8_run-01_bold.nii.gz,0.4600000083446502,1640,63,190,62,181,7.027624309392265,1.4735857220720685,1.1546961325966851,0.5146115486855262,6.87292817679558,1.6866754743944905,0.0939226519337016,0.2651933701657458,0.6458333333333334,2.083333333333333,3.1340782122905027,2.155377094972067,0.011049723756906,2.889502762430939,92.73385541318136,223.20097893858565,1.8317994648893527,6.894104732249772,0.4209656172963904,1.1410199729595507,1.402691413360911,6.753084759290222,0.0697608950064539,0.0926082322862777,0.0825012010393081,0.2639605938593441,0.4468232866477691,2.998389331042532,0.4807341749095281,2.050465750917556
sub-0083,shortvideo,ds005256/sub-0083/ses-03/func/sub-0083_ses-03_task-shortvideo_acq-mb8_run-01_bold.nii.gz,0.4600000083446502,1640,63,228,62,213,7.131455399061033,1.4862883503887707,1.1408450704225352,0.5036407444483708,6.990610328638498,1.6597073233937296,0.0845070422535211,0.2300469483568075,0.7346938775510204,2.122448979591837,3.108490566037736,1.806014150943396,0.0046948356807511,3.028169014084507,95.79961064765956,228.278480279414,2.5707879761017067,6.9488330998575885,-0.4360722110750708,1.1528621038523617,2.3160298844082523,6.795970996005227,-1.2653613366996552,0.1025822991089572,-1.796594373908186,0.2617858088838444,0.2963425825495677,3.040654331846739,0.443942223478556,1.745804941454835
sub-0084,shortvideo,ds005256/sub-0084/ses-03/func/sub-0084_ses-03_task-shortvideo_acq-mb8_run-01_bold.nii.gz,0.4600000083446502,1640,63,192,62,182,6.956043956043956,1.7170711792238784,1.1428571428571428,0.4946437653677705,6.813186813186813,1.9177109277670288,0.1043956043956044,0.2857142857142857,0.75,2.1923076923076925,2.9060773480662982,1.9554558011049723,0.0054945054945054,2.879120879120879,95.55072747098572,229.3326847200488,0.415189066244259,6.917275939510289,0.3040272068367591,1.1322740125402455,0.2559653852274759,6.785001926970044,0.9489578782126452,0.0870402177952189,1.6843141889474498,0.2562491652670787,-0.3706479751190674,3.0190500861509406,-0.5001142877717282,2.056336278137636
sub-0086,shortvideo,ds005256/sub-0086/ses-03/func/sub-0086_ses-03_task-shortvideo_acq-mb8_run-01_bold.nii.gz,0.4600000083446502,1640,63,191,62,183,6.983606557377049,1.5280361951155277,1.0765027322404372,0.3391080879633574,6.907103825136612,1.6230157200787214,0.0546448087431694,0.273224043715847,0.68,2.14,3.176795580110497,2.138466850828729,0.0109289617486338,2.918032786885246,102.37679593870216,229.7002415028237,0.7397010773804857,6.930847218295757,-2.012313913178308,1.145991022891525,1.3633787525564216,6.78485619540423,-1.9535819951780544,0.0931542937154959,0.8833393071077771,0.2567873941347396,0.312355888360782,3.079334879850948,0.1692117113627131,2.101485011078557
sub-0087,shortvideo,ds005256/sub-0087/ses-03/func/sub-0087_ses-03_task-shortvideo_acq-mb8_run-01_bold.nii.gz,0.4600000083446502,1640,63,212,62,204,7.004901960784314,1.4772413012985206,1.1715686274509804,0.6840732036678764,6.833333333333333,1.71394358928694,0.088235294117647,0.25,0.6666666666666666,2.117647058823529,3.381188118811881,2.0383663366336635,0.0098039215686274,2.92156862745098,100.81223808719236,229.7187665268233,1.070615211116501,6.936323395962479,0.5928168809822469,1.1485347203794671,0.5369412219296456,6.787788675583012,-0.3817308927481695,0.0956570792598099,-0.3984320616415841,0.2571503826492792,1.2207443768254502,3.140985292519846,0.7953369167594951,1.941148534961532
sub-0088,shortvideo,ds005256/sub-0088/ses-03/func/sub-0088_ses-03_task-shortvideo_acq-mb8_run-01_bold.nii.gz,0.4600000083446502,1640,63,234,62,223,7.004484304932736,1.4030139945477025,1.1704035874439462,0.5985141650394233,6.834080717488789,1.63418021786042,0.0941704035874439,0.2331838565022421,0.5961538461538461,1.9615384615384612,3.136363636363636,1.7085227272727272,0.0134529147982062,2.9417040358744395,99.68733590721338,229.611736342626,1.5715179606968894,6.918450147592319,0.1321497964459947,1.163846653784103,0.9165721680307108,6.754603493808216,-0.4235714911387471,0.1051253938118034,-1.9378102004481776,0.258319764236971,0.1714313377555234,3.0948265766163905,-0.2511388107798112,1.7451791779389825
sub-0089,shortvideo,ds005256/sub-0089/ses-03/func/sub-0089_ses-03_task-shortvideo_acq-mb8_run-01_bold.nii.gz,0.4600000083446502,1640,63,231,62,218,6.935779816513762,1.4289645592751703,1.211009174311927,0.6998801015870303,6.724770642201835,1.7538453322504606,0.1146788990825688,0.2660550458715596,0.6551724137931034,1.9482758620689653,3.4558139534883723,1.970058139534884,0.0137614678899082,2.834862385321101,102.30537042076617,227.80402563546767,0.2601544635277067,6.921577782837796,1.6869930671520603,1.1551413507197377,-0.5961281637713092,6.766436432118059,0.5798661164261238,0.1033386024030302,0.180198657175744,0.2631692753710647,1.431312772164194,3.0844792054020824,1.4974731557987346,1.7482287141240769
sub-0090,shortvideo,ds005256/sub-0090/ses-03/func/sub-0090_ses-03_task-shortvideo_acq-mb8_run-01_bold.nii.gz,0.4600000083446502,1640,63,237,62,223,6.9058295964125564,1.4658614008518998,1.1524663677130045,0.4493044850212053,6.753363228699552,1.6568652937715982,0.1210762331838565,0.2556053811659193,0.7017543859649122,2.087719298245614,3.0495495495495497,1.6987612612612613,0.0044843049327354,2.8430493273542603,98.15074571621706,226.3621078993907,-0.645654582108559,6.952718090030497,-0.1383486883105699,1.1576644283671482,-0.4860014674282059,6.795053661663348,0.9204505424992672,0.100748240243775,-0.6052086428007036,0.2622075082987926,-0.3801000086159665,3.158863950124858,-0.2557956584114159,1.7397513457734843
sub-0091,shortvideo,ds005256/sub-0091/ses-03/func/sub-0091_ses-03_task-shortvideo_acq-mb8_run-01_bold.nii.gz,0.4600000083446502,1640,63,159,62,149,6.926174496644295,1.632002416745791,1.080536912751678,0.427386440164344,6.845637583892618,1.7348760848917304,0.046979865771812,0.2684563758389262,0.725,2.375,3.2905405405405403,2.746621621621621,0.0067114093959731,2.953020134228188,99.74842452750993,227.1321758194524,0.5588387074945136,6.884798556979681,-0.8142500845231392,1.112378203534214,0.8071669144994401,6.772420353445468,-1.335696622690537,0.0760563765043293,0.3968838791187046,0.2625940303048378,0.905572367793264,3.0099809050899817,1.0365209446306085,2.4851415658270017
sub-0092,shortvideo,ds005256/sub-0092/ses-03/func/sub-0092_ses-03_task-shortvideo_acq-mb8_run-01_bold.nii.gz,0.4600000083446502,1640,63,220,62,209,6.84688995215311,1.4953461113196969,1.15311004784689,0.5594488980791873,6.69377990430622,1.6704471906377667,0.0956937799043062,0.277511961722488,0.6206896551724138,1.9827586206896552,3.415458937198068,2.0392512077294684,0.0095693779904306,2.813397129186603,98.7979529218544,228.69614788865184,-1.0155290160371555,6.915155510497475,-0.0077670639246065,1.1534176246325378,-0.7800428651073416,6.76173788586494,-0.0740088437497628,0.0972668875410515,0.752982345514452,0.2637576597840944,1.6610947608038076,3.077398042126603,1.63508075146406,1.839568875580769
sub-0093,shortvideo,ds005256/sub-0093/ses-03/func/sub-0093_ses-03_task-shortvideo_acq-mb8_run-01_bold.nii.gz,0.4600000083446502,1640,63,231,62,218,7.027522935779817,1.4683054943768168,1.1238532110091743,0.4274884497469625,6.903669724770642,1.613561570286934,0.091743119266055,0.2522935779816513,0.7272727272727273,2.0727272727272728,3.0185185185185186,1.673900462962963,0.0091743119266055,2.977064220183486,106.10740995259393,228.96197187044723,1.3532905460296487,6.916011538503783,-1.0553610209991495,1.156162888019125,1.4496533123372763,6.759848650484658,-0.5718553789306651,0.1024304290230899,-0.7318915920024976,0.2662690029769926,-0.3424033448156794,3.080133703847696,-0.7504060269703032,1.7488289059976398
sub-0094,shortvideo,ds005256/sub-0094/ses-03/func/sub-0094_ses-03_task-shortvideo_acq-mb8_run-01_bold.nii.gz,0.4600000083446502,1640,63,219,62,204,6.911764705882353,1.4895560298420565,1.1519607843137254,0.4977249506839816,6.759803921568627,1.6862679113216317,0.1029411764705882,0.2352941176470588,0.6458333333333334,2.2291666666666665,3.0295566502463056,1.827586206896552,0.0049019607843137,2.872549019607843,104.35927373941986,227.14220877641367,0.0261737674553006,6.909995064553587,0.2385564975536352,1.1450122809224763,-0.0648504504768935,6.764982783631108,0.4715812810234314,0.095052910177404,-1.010040705636856,0.2481085783947496,-0.4090983142585918,3.14829528660073,-0.3323709795024346,1.8846489663248696
sub-0095,shortvideo,ds005256/sub-0095/ses-03/func/sub-0095_ses-03_task-shortvideo_acq-mb8_run-01_bold.nii.gz,0.4600000083446502,1640,63,233,62,219,7.004566210045662,1.444692014716324,1.2054794520547945,0.6627487404171123,6.799086757990867,1.730937881945542,0.1232876712328767,0.2465753424657534,0.6296296296296297,2.0,3.2995391705069124,1.8649193548387095,0.0091324200913242,2.922374429223744,92.15020669873728,229.96236870300768,0.7161402335932034,6.954083168832844,1.6008347978211197,1.1595985597495568,0.0564681016365158,6.794484609083287,1.046499330759208,0.1051311213579296,-0.9692689543264726,0.2609357686398724,0.8023755201873386,3.126839620477741,0.8894344470428294,1.7554093541039355
sub-0098,shortvideo,ds005256/sub-0098/ses-03/func/sub-0098_ses-03_task-shortvideo_acq-mb8_run-01_bold.nii.gz,0.4600000083446502,1640,63,224,62,208,6.947115384615385,1.4946252648320408,1.1634615384615383,0.6076894853384074,6.783653846153846,1.7156067124128294,0.1057692307692307,0.2548076923076923,0.660377358490566,2.0943396226415096,2.621359223300971,1.5552184466019416,0.0096153846153846,2.9038461538461537,104.72653422447635,229.90914215029767,0.2182857281074264,6.929736485537729,-0.0315732451285779,1.1644571250255875,0.1987804383531141,6.7652793605121415,0.0280234562083742,0.1051992491628715,-0.516086070862879,0.2638814472699258,-2.0588136125955074,3.1088527750689368,-1.8484620038940789,1.8305917148848003
sub-0099,shortvideo,ds005256/sub-0099/ses-03/func/sub-0099_ses-03_task-shortvideo_acq-mb8_run-01_bold.nii.gz,0.4600000083446502,1640,63,207,62,189,6.804232804232805,1.5259399157125968,1.1164021164021165,0.3957161125069646,6.687830687830688,1.689425828722698,0.0899470899470899,0.2645502645502645,0.68,2.2,3.10752688172043,2.071908602150537,0.0158730158730158,2.7883597883597884,111.38250058272236,229.72578193706684,-1.6655574124893284,6.93160543840069,-0.4075005168140869,1.1339225133429636,-1.073184165537066,6.797682925057727,0.1949878636937276,0.0852900299887722,-0.0227203225624303,0.2649833650196477,0.4598899979482351,2.9914526693684165,1.0939139040391508,1.8998204105022836
sub-0100,shortvideo,ds005256/sub-0100/ses-03/func/sub-0100_ses-03_task-shortvideo_acq-mb8_run-01_bold.nii.gz,0.4600000083446502,1640,63,235,62,225,7.0,1.3855117672336303,1.16,0.5519446141986143,6.84,1.584297951775486,0.0933333333333333,0.2355555555555555,0.6415094339622641,2.056603773584906,3.46875,1.8970424107142856,0.0044444444444444,2.92,102.3692237043998,226.18309570064116,0.8063445637160618,6.942069759171961,0.1724966924170634,1.1534574103452404,0.5493551532701971,6.788612348826721,-0.1918108058231161,0.0977764845123615,-1.35521501961355,0.2593475774668469,1.2800618187515025,3.1285389108756743,1.0238013213452697,1.7443838852060138
sub-0101,shortvideo,ds005256/sub-0101/ses-03/func/sub-0101_ses-03_task-shortvideo_acq-mb8_run-01_bold.nii.gz,0.4600000083446502,1640,63,224,62,214,6.911214953271028,1.49068009829611,1.1308411214953271,0.5142862714532725,6.780373831775701,1.6567936255942264,0.0841121495327102,0.2383177570093458,0.7450980392156863,2.0980392156862746,2.9056603773584904,1.6706957547169812,0.0093457943925233,2.8598130841121496,98.80824583156686,228.88113984977224,-0.3713412610081315,6.932793854593422,-0.4775545219597356,1.148938188110345,-0.0462265106536919,6.783855666483076,-0.6330054070399582,0.0977101714363756,-1.557432044459694,0.2652303991431626,-0.7856274601324565,3.140299639361872,-0.967550290457904,1.838381496572148
sub-0102,shortvideo,ds005256/sub-0102/ses-03/func/sub-0102_ses-03_task-shortvideo_acq-mb8_run-01_bold.nii.gz,0.4600000083446502,1640,63,218,62,203,6.901477832512315,1.585874460731126,1.1280788177339902,0.4596056787025428,6.773399014778325,1.734302089037152,0.0935960591133004,0.2413793103448276,0.6530612244897959,2.204081632653061,2.582089552238806,1.5805348258706469,0.0098522167487684,2.8916256157635467,98.46965627208073,229.5722604196776,-0.310649594680349,6.919572734836818,-0.3326158978116318,1.1391526439561055,-0.0911177771453285,6.78042009088071,0.040165945117868,0.0927615188655722,-1.232592299187153,0.2630230735557246,-2.318443462699295,3.1749910834577566,-2.239820547313234,1.907793261956988
sub-0103,shortvideo,ds005256/sub-0103/ses-03/func/sub-0103_ses-03_task-shortvideo_acq-mb8_run-01_bold.nii.gz,0.4600000083446502,1640,63,231,62,220,6.9,1.5046351520017305,1.1727272727272726,0.5549131473296394,6.727272727272728,1.7063357140714763,0.1045454545454545,0.2818181818181818,0.5483870967741935,1.935483870967742,3.315068493150685,1.8638698630136987,0.0045454545454545,2.827272727272727,103.1136095148543,228.15583760448936,-0.3122185754321477,6.922724943910548,0.1243578725262663,1.1678499963506148,-0.2774999842788622,6.754874947559933,0.1149457753921801,0.102337848448005,1.6066663645156272,0.2600370384643991,0.4454798965133417,3.204566816498575,0.2985451367744984,1.819383625718808
sub-0104,shortvideo,ds005256/sub-0104/ses-03/func/sub-0104_ses-03_task-shortvideo_acq-mb8_run-01_bold.nii.gz,0.4600000083446502,1640,63,239,62,225,6.906666666666666,1.4439529078193651,1.1733333333333331,0.5519446141986142,6.733333333333333,1.679710859472121,0.1155555555555555,0.2666666666666666,0.6833333333333333,1.9333333333333331,3.2387387387387387,1.787162162162162,0.0133333333333333,2.853333333333333,101.91619705146984,229.41782009139143,-0.5269842235884341,6.946123208484576,0.2045444812391064,1.1663700747540071,-0.4919671883653352,6.779753133730568,0.4867741018468914,0.1073776135194596,-0.3186658353058689,0.2722052786573321,0.4507476045668787,3.1341057508342027,0.466637993113264,1.7265663287813804
sub-0105,shortvideo,ds005256/sub-0105/ses-03/func/sub-0105_ses-03_task-shortvideo_acq-mb8_run-01_bold.nii.gz,0.4600000083446502,1640,63,172,62,165,7.151515151515151,1.4081905904735694,1.121212121212121,0.5154666224660629,7.03030303030303,1.6320877039749948,0.0787878787878787,0.2727272727272727,0.6444444444444445,1.9777777777777776,3.158536585365854,2.341844512195122,0.006060606060606,3.0303030303030303,100.1321015874154,228.8130096429136,2.723575010076207,6.909963465086567,0.2419580161291256,1.113617812378783,2.3472022918853903,6.796345652707784,0.0982464926696304,0.0772223083692085,0.3358368049814805,0.2674116757293315,0.82225903855081,2.916570804224667,0.6181528498621752,2.2113624008540502
sub-0106,shortvideo,ds005256/sub-0106/ses-03/func/sub-0106_ses-03_task-shortvideo_acq-mb8_run-01_bold.nii.gz,0.4600000083446502,1640,63,211,62,200,7.05,1.416876031430489,1.155,0.5679682558897922,6.895,1.6362645901703143,0.1,0.27,0.5555555555555556,1.9074074074074077,3.239795918367347,2.013711734693877,0.02,2.965,86.28879530662638,229.8985717491212,1.5035699330359362,6.93871223766307,0.507813696696999,1.1366470103259336,1.0619909571678767,6.8020652273371365,0.2523805702746531,0.0942067678393427,0.429059844473815,0.2635588423998161,0.3367586675827747,3.160160574513338,0.3574276115197917,1.9638918579639424
sub-0107,shortvideo,ds005256/sub-0107/ses-03/func/sub-0107_ses-03_task-shortvideo_acq-mb8_run-01_bold.nii.gz,0.4600000083446502,1640,63,224,62,212,6.721698113207547,1.4742339784187537,1.1179245283018868,0.4017254656195753,6.60377358490566,1.6214161809682208,0.0896226415094339,0.2547169811320754,0.6111111111111112,2.111111111111111,2.7416267942583734,1.588516746411483,0.0141509433962264,2.759433962264151,103.14440423547056,224.9111232971896,-3.4373885237390467,6.929792488587842,-0.8627578196429803,1.142195826801088,-2.708526440165623,6.787596661786754,-0.1700499652297216,0.0924578421450143,-0.0809840170339514,0.2561695719351389,-2.431526184215462,3.2760779310348616,-2.3981209563289987,1.924647415511468
sub-0109,shortvideo,ds005256/sub-0109/ses-03/func/sub-0109_ses-03_task-shortvideo_acq-mb8_run-01_bold.nii.gz,0.4600000083446502,1640,63,230,62,220,6.959090909090909,1.490658611728598,1.1863636363636365,0.6803138240020328,6.7727272727272725,1.7525407044385557,0.109090909090909,0.2545454545454545,0.6785714285714286,2.0892857142857144,3.5458715596330275,1.9840883027522933,0.009090909090909,2.909090909090909,99.43841120219112,229.07459836525845,0.4108773611546505,6.930512180542408,1.5956840019805805,1.1440959419108745,-0.1672938026993995,6.7864162386315305,1.018574170177072,0.0913082483556783,-0.5198052546330532,0.2632811294046461,1.7816297389396905,3.1105473772864616,1.4639887835142262,1.7772820777997866
sub-0111,shortvideo,ds005256/sub-0111/ses-03/func/sub-0111_ses-03_task-shortvideo_acq-mb8_run-01_bold.nii.gz,0.4600000083446502,1640,63,191,62,181,6.850828729281768,1.572281385069705,1.198895027624309,0.6618147567506453,6.651933701657459,1.83040952188365,0.1160220994475138,0.2707182320441988,0.6326530612244898,2.183673469387755,3.4134078212290504,2.337639664804469,0.011049723756906,2.7845303867403315,103.41536017897998,228.85109756544625,-0.6837920716026096,6.908747213498139,1.691870078870536,1.1335984379192292,-1.1777438168472496,6.775148775578909,0.9856465937614376,0.0914276511052442,0.4871546702751828,0.2624229447640248,1.7186247920344824,3.028733222030214,1.7724556386879011,2.0711928372043062
sub-0112,shortvideo,ds005256/sub-0112/ses-03/func/sub-0112_ses-03_task-shortvideo_acq-mb8_run-01_bold.nii.gz,0.4600000083446502,1640,63,191,62,180,6.833333333333333,1.558899482893417,1.1111111111111112,0.4078679938834533,6.722222222222222,1.7013158087397118,0.0833333333333333,0.2666666666666666,0.6666666666666666,2.0625,2.8125,1.9186789772727275,0.0222222222222222,2.833333333333333,99.20600750884252,221.14245800207743,-1.2114297829063307,6.927176954729085,-0.5454830848499681,1.128005254857425,-0.8450897686287622,6.799171699871661,-0.186950039030097,0.0863539986299904,1.0953423252321994,0.2496677113513185,-0.86480725996956,2.996125155737737,-0.8780861673443171,2.049196716159714
sub-0115,shortvideo,ds005256/sub-0115/ses-03/func/sub-0115_ses-03_task-shortvideo_acq-mb8_run-01_bold.nii.gz,0.4600000083446502,1640,63,197,62,187,7.016042780748663,1.5742413630468837,1.1283422459893049,0.4690403500551682,6.887700534759358,1.7759469853530705,0.0855614973262032,0.2834224598930481,0.6226415094339622,2.018867924528302,3.1559139784946235,2.102318548387097,0.0053475935828877,2.9411764705882355,93.64724641166067,222.41046520061695,0.8174204355047242,6.94997106103115,-0.2707633128417058,1.1372603346474512,0.7812092731773448,6.812710726383697,-0.1879270677790598,0.0887855419212548,2.357677820801884,0.2494878281428097,0.152149583511799,3.111035900332769,0.3733766936318072,2.0272169777736395
sub-0116,shortvideo,ds005256/sub-0116/ses-03/func/sub-0116_ses-03_task-shortvideo_acq-mb8_run-01_bold.nii.gz,0.4600000083446502,1640,63,226,62,212,6.90566037735849,1.479902019856454,1.160377358490566,0.4990377936438607,6.745283018867925,1.669698277109464,0.1132075471698113,0.25,0.7358490566037735,2.188679245283019,3.085714285714286,1.7940476190476191,0.0094339622641509,2.8820754716981134,99.35663371516456,224.84194098600847,-0.2417989064056596,6.923118895288431,0.3184244956656711,1.1502457041203955,-0.30402975326742,6.7728731911680375,0.6188869143667998,0.1000515446327985,-0.4403045861458347,0.2571606586834633,-0.3394914477649396,3.161218213222741,-0.3274597894561061,1.840186409768373
sub-0122,shortvideo,ds005256/sub-0122/ses-03/func/sub-0122_ses-03_task-shortvideo_acq-mb8_run-01_bold.nii.gz,0.4600000083446502,1640,63,235,62,222,6.833333333333333,1.549826049695167,1.117117117117117,0.4408699490931206,6.716216216216216,1.7085380769180505,0.081081081081081,0.2657657657657657,0.5932203389830508,2.016949152542373,3.209090909090909,1.8017045454545453,0.009009009009009,2.824324324324324,100.38757817271171,226.6149844665593,-1.5453461497119387,6.938590611141736,-1.0066308807920743,1.1510282374279603,-0.8029221850592074,6.787562373713777,-0.9478035584392556,0.1006542810418592,0.2297395985337681,0.2623738320729883,0.7064813901669332,3.0829041941695348,0.7744739817934878,1.7269236357712667
sub-0124,shortvideo,ds005256/sub-0124/ses-03/func/sub-0124_ses-03_task-shortvideo_acq-mb8_run-01_bold.nii.gz,0.4600000083446502,1640,63,230,62,218,6.972477064220183,1.5537005956574066,1.165137614678899,0.4897805672098515,6.807339449541284,1.7882208763674003,0.1146788990825688,0.2889908256880734,0.5714285714285714,1.9047619047619049,3.199074074074074,1.828993055555556,0.0091743119266055,2.8623853211009176,100.60695661389263,229.60750576932284,0.7750573426119223,6.921549223352397,-0.0612604323908404,1.167245523311386,0.6159883227315806,6.75430370004101,0.5554339018693151,0.1044450271744063,2.0181873719986463,0.2549837283537403,0.269705576810816,3.113951771011946,0.2758512389929932,1.7775594864523598
sub-0126,shortvideo,ds005256/sub-0126/ses-03/func/sub-0126_ses-03_task-shortvideo_acq-mb8_run-01_bold.nii.gz,0.4600000083446502,1640,63,238,62,229,6.991266375545852,1.407970003093124,1.1746724890829694,0.5000574547545705,6.816593886462882,1.630704485624586,0.1266375545851528,0.2838427947598253,0.6923076923076923,1.984615384615385,3.3230088495575223,1.790929203539823,0.0131004366812227,2.8951965065502185,104.25026162153502,229.5886437047733,1.2504391882001813,6.9087727361249405,1.004185789571629,1.1438512867297843,0.642149131401076,6.764921449395155,1.8463546241745528,0.0920409472224383,2.5794427675113143,0.2551935216183297,0.8425191358301508,3.118693981183037,0.528160996200888,1.716355809325308
sub-0127,shortvideo,ds005256/sub-0127/ses-03/func/sub-0127_ses-03_task-shortvideo_acq-mb8_run-01_bold.nii.gz,0.4600000083446502,1640,63,138,62,134,6.858208955223881,1.371859969369432,1.126865671641791,0.4492540482459061,6.731343283582089,1.5373259622972113,0.0895522388059701,0.2686567164179104,0.75,2.361111111111111,2.7251908396946565,2.4790076335877864,0.0223880597014925,2.873134328358209,95.26854109129027,229.9000164274644,-0.2548741336111702,6.8919210741751975,0.5067411764372954,1.1085807984239822,-0.3495686069671755,6.7833402757512165,0.6573240457670434,0.0754644320844902,0.3664216257909773,0.2634338633859246,-0.2638589788296625,2.809146126518685,-0.640243906726465,2.672313603018085
sub-0128,shortvideo,ds005256/sub-0128/ses-03/func/sub-0128_ses-03_task-shortvideo_acq-mb8_run-01_bold.nii.gz,0.4600000083446502,1640,63,222,62,211,6.876777251184834,1.487721505765821,1.2274881516587677,0.6585719352557984,6.649289099526066,1.7647978345906514,0.1421800947867298,0.2796208530805687,0.6610169491525424,2.1186440677966103,3.076923076923077,1.7953725961538465,0.0142180094786729,2.758293838862559,94.39976433230817,229.77352464508292,-0.7845391296070081,6.92697426773861,2.388409696433213,1.1514611296155204,-1.904779630855488,6.775513138123089,2.278694413776764,0.1020553522377034,0.7761805861466101,0.2651071812768292,-0.1116171130866775,3.1008811554221447,-0.3313624477416164,1.839928167541288
sub-0129,shortvideo,ds005256/sub-0129/ses-03/func/sub-0129_ses-03_task-shortvideo_acq-mb8_run-01_bold.nii.gz,0.4600000083446502,1640,63,206,62,194,6.865979381443299,1.4619801036289344,1.231958762886598,0.669706670264994,6.634020618556701,1.7880076385840329,0.1391752577319587,0.2474226804123711,0.6666666666666666,2.208333333333333,3.2460732984293195,2.080170157068063,0.0154639175257731,2.783505154639175,103.37445573390268,229.1004741930749,-0.8123603795175097,6.939769981981666,2.683288889111696,1.1391153410595032,-1.605128077901712,6.800654640922163,2.2536557569658555,0.092062373961731,-0.6571023122599504,0.2610428989019764,0.5005537784823442,3.1273348083403083,0.665893011953661,1.9747437407808772
sub-0130,shortvideo,ds005256/sub-0130/ses-03/func/sub-0130_ses-03_task-shortvideo_acq-mb8_run-01_bold.nii.gz,0.4600000083446502,1640,63,212,62,203,7.0492610837438425,1.4983611330260724,1.2216748768472907,0.7480159583656373,6.827586206896552,1.800667529195742,0.1182266009852216,0.270935960591133,0.6181818181818182,2.018181818181818,2.7185929648241207,1.667713567839196,0.0197044334975369,2.950738916256157,95.45754995520969,226.66553755232144,2.1044208764627794,6.897343886607086,2.566012193941347,1.1331195051812344,0.7250295556158819,6.764224381425852,1.4767907959322393,0.0879278732472187,0.3591785300562763,0.2639943907495865,-1.4117815941457978,3.085472954633855,-1.490175248752398,1.904049384092328
sub-0131,shortvideo,ds005256/sub-0131/ses-03/func/sub-0131_ses-03_task-shortvideo_acq-mb8_run-01_bold.nii.gz,0.4600000083446502,1640,63,239,62,228,7.1535087719298245,1.3596241916993062,1.131578947368421,0.4695702017340924,7.021929824561403,1.5436245904075845,0.0921052631578947,0.2807017543859649,0.53125,1.765625,3.44,1.8369444444444445,0.0131578947368421,3.1271929824561404,90.64300753017432,229.78747130944552,3.208958414307612,6.958645450711949,-0.9126053454495494,1.1648186168156969,3.034513615640334,6.793826833896252,-0.8106256785052575,0.1088899439790908,1.2292052243048888,0.2620538638838171,1.247239972951251,3.157737959435914,0.7510573277009985,1.7425393694444389
sub-0132,shortvideo,ds005256/sub-0132/ses-03/func/sub-0132_ses-03_task-shortvideo_acq-mb8_run-01_bold.nii.gz,0.4600000083446502,1640,63,225,62,216,6.717592592592593,1.5667669988214703,1.2638888888888888,0.6539978427292965,6.453703703703703,1.8894284075214411,0.1666666666666666,0.25,0.7592592592592593,2.2777777777777777,2.9953271028037385,1.704731308411215,0.0092592592592592,2.611111111111111,102.58583365240833,228.78543801363776,-3.1568868028027937,6.937889387784981,2.5786019424962423,1.1627927037008523,-3.750319934767037,6.775096684084129,3.887280364352052,0.1013303949490761,-0.928405676716356,0.2653285064181843,-0.441322395947521,3.0935570826067864,-0.7706233585373321,1.8084480675093888
sub-0133,shortvideo,ds005256/sub-0133/ses-03/func/sub-0133_ses-03_task-shortvideo_acq-mb8_run-01_bold.nii.gz,0.4600000083446502,1640,63,179,62,170,6.988235294117647,1.5422577597676472,1.1,0.3713082580352975,6.888235294117648,1.6762815826432873,0.0764705882352941,0.2352941176470588,0.6,2.175,3.0297619047619047,2.214657738095238,0.0117647058823529,2.994117647058824,101.2216014973873,229.94110988846109,0.707341552762655,6.934057335185178,-0.961514657922843,1.1311621894356625,0.970944728054414,6.802895145749516,-0.5876981742142379,0.0853035136045618,-0.7297192898319413,0.2528502638246867,0.1851074997182127,2.9727419248700904,0.1820827823972144,2.1730037938014743
