frontend,condition,change,feature,n,rho,p,q_global
theta_global,baseline,False,mean_H,30,-0.13840491209107397,0.465766328834109,0.9894404911404886
theta_global,baseline,False,sd_H,30,-0.18896061006639983,0.3172869626992282,0.9894404911404886
theta_global,baseline,False,mean_D,30,0.004997540390313813,0.9790901179462488,0.9980258640805014
theta_global,baseline,False,sd_D,30,0.004997540390313813,0.9790901179462488,0.9980258640805014
theta_global,baseline,False,mean_lambda,30,-0.15525758539097748,0.41265408091008837,0.9894404911404886
theta_global,baseline,False,sd_lambda,30,-0.13374875564383173,0.48104694470962,0.9894404911404886
theta_global,baseline,False,multilevel,30,-0.029996174520934626,0.8749692000598507,0.989854645308112
theta_global,baseline,False,pivot_rate,30,0.014852086244773037,0.9379109896903628,0.9920481792692906
theta_global,baseline,False,compound_pivot_fraction,30,-0.059719021816900114,0.753919291636397,0.989854645308112
theta_global,baseline,False,pivot_depth,30,-0.16283229029904805,0.3899372695579474,0.9894404911404886
theta_global,baseline,False,tree_span_events,30,0.011700469181028557,0.9510685642908688,0.9920481792692906
theta_global,baseline,False,tree_span_time,30,-0.06473859844271414,0.7339486010716714,0.989854645308112
theta_global,baseline,False,tree_root_fraction,30,0.019895169626282436,0.9168915020101869,0.9920481792692906
theta_global,baseline,False,tree_ascending_fraction,30,0.01845019384491507,0.9229091409131149,0.9920481792692906
theta_global,baseline,False,occ_L2,30,0.3892494720807615,0.033496842800407815,0.9894404911404886
theta_global,baseline,False,occ_L3,30,-0.06131393394849658,0.7475562673295105,0.989854645308112
theta_global,baseline,False,occ_L4,30,-0.0005385151164768835,0.997746593078749,1.0
theta_global,baseline,False,occ_L5,30,-0.20373551687539834,0.28020223509418213,0.9894404911404886
theta_global,baseline,False,occ_L6,30,0.2047293310029672,0.2778122087548275,0.9894404911404886
theta_global,baseline,False,occ_L7,30,0.15494150533269832,0.4136178295660762,0.9894404911404886
theta_global,baseline,False,occ_L8,30,0.07381112486934198,0.6982889970452917,0.989854645308112
theta_global,baseline,False,occ_L9,30,0.16522700045999358,0.3829080319340533,0.9894404911404886
theta_global,baseline,False,occ_L10,30,0.130493868891678,0.49188000375587393,0.9894404911404886
theta_global,baseline,False,occ_L11,30,0.29003585487930456,0.12001175579692196,0.9894404911404886
theta_global,early_abrupt,False,mean_H,30,0.006719682554642268,0.9718870735809242,0.9980258640805014
theta_global,early_abrupt,False,sd_H,30,-0.35466281759812507,0.054471819480056534,0.9894404911404886
theta_global,early_abrupt,False,mean_D,30,-0.10878565864408425,0.567167573977079,0.989854645308112
theta_global,early_abrupt,False,sd_D,30,-0.10871930568966823,0.5674054390812844,0.989854645308112
theta_global,early_abrupt,False,mean_lambda,30,-0.011952638967097752,0.9500152800929383,0.9920481792692906
theta_global,early_abrupt,False,sd_lambda,30,-0.3602270287308223,0.05053349605310247,0.9894404911404886
theta_global,early_abrupt,False,multilevel,30,-0.09711427209723061,0.6096842031632346,0.989854645308112
theta_global,early_abrupt,False,pivot_rate,30,-0.004119331139784896,0.9827639779059683,0.9995337664977442
theta_global,early_abrupt,False,compound_pivot_fraction,30,0.33325830056648115,0.07192216809164594,0.9894404911404886
theta_global,early_abrupt,False,pivot_depth,30,-0.13428162269821475,0.47928521221064607,0.9894404911404886
theta_global,early_abrupt,False,tree_span_events,30,-0.021860363540611338,0.9087146820356474,0.9920481792692906
theta_global,early_abrupt,False,tree_span_time,30,-0.07853170189098999,0.6799753297839526,0.989854645308112
theta_global,early_abrupt,False,tree_root_fraction,30,0.08094756096500101,0.6706707143197469,0.989854645308112
theta_global,early_abrupt,False,tree_ascending_fraction,30,0.24662293913293673,0.188908890437786,0.9894404911404886
theta_global,early_abrupt,False,occ_L2,30,,,
theta_global,early_abrupt,False,occ_L3,30,0.196116135138184,0.29896351505458707,0.9894404911404886
theta_global,early_abrupt,False,occ_L4,30,0.09869275424396533,0.6038564090845008,0.989854645308112
theta_global,early_abrupt,False,occ_L5,30,-0.20053536964718757,0.2879877226720113,0.9894404911404886
theta_global,early_abrupt,False,occ_L6,30,-0.19671052631578947,0.2974721080092572,0.9894404911404886
theta_global,early_abrupt,False,occ_L7,30,0.0726762288421793,0.7027172096958108,0.989854645308112
theta_global,early_abrupt,False,occ_L8,30,0.23889966851862948,0.20358210588608816,0.9894404911404886
theta_global,early_abrupt,False,occ_L9,30,0.23639292964885003,0.20850865163595067,0.9894404911404886
theta_global,early_abrupt,False,occ_L10,30,0.017089210251272476,0.928580815097943,0.9920481792692906
theta_global,early_abrupt,False,occ_L11,30,-0.06958290602366476,0.7148350841470221,0.989854645308112
theta_global,late_abrupt,False,mean_H,30,-0.0878728531204873,0.6442654469938304,0.989854645308112
theta_global,late_abrupt,False,sd_H,30,0.09768580329327994,0.607571367320524,0.989854645308112
theta_global,late_abrupt,False,mean_D,30,0.016062624967394648,0.9328612248589623,0.9920481792692906
theta_global,late_abrupt,False,sd_D,30,0.016062624967394648,0.9328612248589623,0.9920481792692906
theta_global,late_abrupt,False,mean_lambda,30,-0.05516326004916337,0.7721807364114799,0.989854645308112
theta_global,late_abrupt,False,sd_lambda,30,0.13727889727844458,0.4694381447214409,0.9894404911404886
theta_global,late_abrupt,False,multilevel,30,0.024246432248443597,0.8987990307388148,0.9918654087973819
theta_global,late_abrupt,False,pivot_rate,30,-0.013229508529063516,0.9446832461194348,0.9920481792692906
theta_global,late_abrupt,False,compound_pivot_fraction,30,0.22717897316271088,0.2273161538084328,0.9894404911404886
theta_global,late_abrupt,False,pivot_depth,30,0.16567714422518923,0.3815949627847859,0.9894404911404886
theta_global,late_abrupt,False,tree_span_events,30,0.1399755037329124,0.4606700911457837,0.9894404911404886
theta_global,late_abrupt,False,tree_span_time,30,0.05740349351351491,0.7631853460231462,0.989854645308112
theta_global,late_abrupt,False,tree_root_fraction,30,-0.02046542699703964,0.9145178703490604,0.9920481792692906
theta_global,late_abrupt,False,tree_ascending_fraction,30,0.4000674559477017,0.02848381034658765,0.9894404911404886
theta_global,late_abrupt,False,occ_L2,30,,,
theta_global,late_abrupt,False,occ_L3,30,-0.08304547985373997,0.6626291283867577,0.989854645308112
theta_global,late_abrupt,False,occ_L4,30,-0.16609095970747992,0.38039017042693035,0.9894404911404886
theta_global,late_abrupt,False,occ_L5,30,0.21653385350190565,0.2504285676138484,0.9894404911404886
theta_global,late_abrupt,False,occ_L6,30,-0.12990031361161813,0.49386874772933165,0.9894404911404886
theta_global,late_abrupt,False,occ_L7,30,-0.1545272391155282,0.41488285916277645,0.9894404911404886
theta_global,late_abrupt,False,occ_L8,30,0.01427446698904817,0.9403213736695463,0.9920481792692906
theta_global,late_abrupt,False,occ_L9,30,-0.1970479287130064,0.29662761533880244,0.9894404911404886
theta_global,late_abrupt,False,occ_L10,30,-0.1936964900762719,0.30508331724822935,0.9894404911404886
theta_global,late_abrupt,False,occ_L11,30,0.09809085815203213,0.606075833758456,0.989854645308112
theta_global,early_gradual,False,mean_H,30,0.14784166095584933,0.4355951885351002,0.9894404911404886
theta_global,early_gradual,False,sd_H,30,-0.09893167148898288,0.6029763864798261,0.989854645308112
theta_global,early_gradual,False,mean_D,30,0.0589058901536178,0.7571694610516934,0.989854645308112
theta_global,early_gradual,False,sd_D,30,0.05885919502923319,0.7573562300709201,0.989854645308112
theta_global,early_gradual,False,mean_lambda,30,0.13275929966747385,0.4843270427633656,0.9894404911404886
theta_global,early_gradual,False,sd_lambda,30,-0.06265301735417143,0.7422264004916377,0.989854645308112
theta_global,early_gradual,False,multilevel,30,0.0878740672345368,0.6442608535657528,0.989854645308112
theta_global,early_gradual,False,pivot_rate,30,-0.08641071623946699,0.649806511327634,0.989854645308112
theta_global,early_gradual,False,compound_pivot_fraction,30,-0.0796635800915824,0.6756100938302407,0.989854645308112
theta_global,early_gradual,False,pivot_depth,30,-0.1392680128046113,0.46296209312417475,0.9894404911404886
theta_global,early_gradual,False,tree_span_events,30,-0.03963924060366895,0.8352531131369155,0.989854645308112
theta_global,early_gradual,False,tree_span_time,30,-0.11857619577308119,0.5325753200749617,0.989854645308112
theta_global,early_gradual,False,tree_root_fraction,30,-0.12658873013631095,0.5050386090176584,0.989854645308112
theta_global,early_gradual,False,tree_ascending_fraction,30,-0.21746422726162323,0.24834895379452743,0.9894404911404886
theta_global,early_gradual,False,occ_L2,30,-0.049629166698546515,0.7945243850399184,0.989854645308112
theta_global,early_gradual,False,occ_L3,30,-0.18231392314274825,0.3349169067266376,0.9894404911404886
theta_global,early_gradual,False,occ_L4,30,0.155340233628856,0.4124022886909402,0.9894404911404886
theta_global,early_gradual,False,occ_L5,30,-0.1773386389157806,0.34849593457215655,0.9894404911404886
theta_global,early_gradual,False,occ_L6,30,-0.1034885421529223,0.5862973734074995,0.989854645308112
theta_global,early_gradual,False,occ_L7,30,0.5034706177621738,0.004565123843982333,0.6630842383384339
theta_global,early_gradual,False,occ_L8,30,0.3150083306392093,0.08997428748255241,0.9894404911404886
theta_global,early_gradual,False,occ_L9,30,-0.19697031559214567,0.2968217407327421,0.9894404911404886
theta_global,early_gradual,False,occ_L10,30,-0.07526121162241857,0.6926450653456612,0.989854645308112
theta_global,early_gradual,False,occ_L11,30,0.0886232159105309,0.6414290100107736,0.989854645308112
theta_global,late_gradual,False,mean_H,30,-0.11441057821604664,0.5471692950536141,0.989854645308112
theta_global,late_gradual,False,sd_H,30,-0.07122190073447587,0.7084057560978994,0.989854645308112
theta_global,late_gradual,False,mean_D,30,0.09888344821943362,0.6031539670786691,0.989854645308112
theta_global,late_gradual,False,sd_D,30,0.09288605270778273,0.6254098332263177,0.989854645308112
theta_global,late_gradual,False,mean_lambda,30,-0.13376664564255786,0.48098774387107857,0.9894404911404886
theta_global,late_gradual,False,sd_lambda,30,-0.13708690415343897,0.47006571992076157,0.9894404911404886
theta_global,late_gradual,False,multilevel,30,0.11103762674648844,0.559121525303959,0.989854645308112
theta_global,late_gradual,False,pivot_rate,30,-0.22555942580557084,0.23073635089802957,0.9894404911404886
theta_global,late_gradual,False,compound_pivot_fraction,30,-0.040860346772089697,0.8302499910247525,0.989854645308112
theta_global,late_gradual,False,pivot_depth,30,-0.05563610784121851,0.7702796181172038,0.989854645308112
theta_global,late_gradual,False,tree_span_events,30,-0.24137931184782108,0.19878819143598506,0.9894404911404886
theta_global,late_gradual,False,tree_span_time,30,-0.2503059310182336,0.1821778649265574,0.9894404911404886
theta_global,late_gradual,False,tree_root_fraction,30,0.03787073586359961,0.8425101772078604,0.989854645308112
theta_global,late_gradual,False,tree_ascending_fraction,30,-0.15833061625943018,0.40334999925250775,0.9894404911404886
theta_global,late_gradual,False,occ_L2,30,,,
theta_global,late_gradual,False,occ_L3,30,0.19611613513818402,0.29896351505458696,0.9894404911404886
theta_global,late_gradual,False,occ_L4,30,0.011818701787381793,0.9505747101218786,0.9920481792692906
theta_global,late_gradual,False,occ_L5,30,-0.37212395876325355,0.042869280282692594,0.9894404911404886
theta_global,late_gradual,False,occ_L6,30,-0.17262462282417237,0.3616621744085859,0.9894404911404886
theta_global,late_gradual,False,occ_L7,30,0.02499328883616329,0.8956983572053451,0.9917264923863099
theta_global,late_gradual,False,occ_L8,30,0.21314935404108185,0.25809049084331553,0.9894404911404886
theta_global,late_gradual,False,occ_L9,30,0.02269635454669574,0.9052389948069773,0.9920481792692906
theta_global,late_gradual,False,occ_L10,30,-0.2643418088646169,0.15807006219937286,0.9894404911404886
theta_global,late_gradual,False,occ_L11,30,-0.37777769807060463,0.039568270496239545,0.9894404911404886
theta_global,early_abrupt,True,mean_H,30,0.0014497613227932307,0.9939335471741475,1.0
theta_global,early_abrupt,True,sd_H,30,-0.2387096774193548,0.2039526687241901,0.9982245823548548
theta_global,early_abrupt,True,mean_D,30,0.030094872039214772,0.87456102212972,0.9982245823548548
theta_global,early_abrupt,True,sd_D,30,-0.0011785062905074382,0.995068584883023,1.0
theta_global,early_abrupt,True,mean_lambda,30,-0.049782826904129746,0.793901744576745,0.9982245823548548
theta_global,early_abrupt,True,sd_lambda,30,-0.09054505005561733,0.6341869117475186,0.9982245823548548
theta_global,early_abrupt,True,multilevel,30,0.0,1.0,1.0
theta_global,early_abrupt,True,pivot_rate,30,-0.10140049569294944,0.5939149263399615,0.9982245823548548
theta_global,early_abrupt,True,compound_pivot_fraction,30,0.18293237734053666,0.33325179644367514,0.9982245823548548
theta_global,early_abrupt,True,pivot_depth,30,-0.2238307405179226,0.23442498245663468,0.9982245823548548
theta_global,early_abrupt,True,tree_span_events,30,0.2276115266059138,0.22640848872145106,0.9982245823548548
theta_global,early_abrupt,True,tree_span_time,30,0.12124582869855395,0.5233214598378129,0.9982245823548548
theta_global,early_abrupt,True,tree_root_fraction,30,-0.06527485624615277,0.7318248351025813,0.9982245823548548
theta_global,early_abrupt,True,tree_ascending_fraction,30,0.10815622632884958,0.5694258071118311,0.9982245823548548
theta_global,early_abrupt,True,occ_L2,30,0.3892494720807615,0.033496842800407815,0.9982245823548548
theta_global,early_abrupt,True,occ_L3,30,0.204132436843518,0.27924610256746923,0.9982245823548548
theta_global,early_abrupt,True,occ_L4,30,0.2271896455629676,0.2272937295133934,0.9982245823548548
theta_global,early_abrupt,True,occ_L5,30,-0.27249122956113336,0.14516876986599161,0.9982245823548548
theta_global,early_abrupt,True,occ_L6,30,-0.11432494678031706,0.5474712491531841,0.9982245823548548
theta_global,early_abrupt,True,occ_L7,30,0.056724457206626736,0.7659088033394902,0.9982245823548548
theta_global,early_abrupt,True,occ_L8,30,0.12359555160228143,0.5152416012997085,0.9982245823548548
theta_global,early_abrupt,True,occ_L9,30,0.024601387167063168,0.8973252037161557,0.9982245823548548
theta_global,early_abrupt,True,occ_L10,30,0.09283565096819436,0.6255982813938449,0.9982245823548548
theta_global,early_abrupt,True,occ_L11,30,0.017746728591214785,0.9258402708610519,0.9982245823548548
theta_global,late_abrupt,True,mean_H,30,-0.1129553309893477,0.5523113548701283,0.9982245823548548
theta_global,late_abrupt,True,sd_H,30,-0.07363737486095662,0.6989663216022933,0.9982245823548548
theta_global,late_abrupt,True,mean_D,30,0.016991928626911405,0.9289863548214717,0.9982245823548548
theta_global,late_abrupt,True,sd_D,30,0.003009787187026744,0.9874060776286866,1.0
theta_global,late_abrupt,True,mean_lambda,30,-0.09677779557990278,0.6109295305967156,0.9982245823548548
theta_global,late_abrupt,True,sd_lambda,30,-0.02202447163515017,0.908032259576345,0.9982245823548548
theta_global,late_abrupt,True,multilevel,30,-0.026982207202222754,0.8874485628117501,0.9982245823548548
theta_global,late_abrupt,True,pivot_rate,30,-0.058824145756670124,0.7574964273454577,0.9982245823548548
theta_global,late_abrupt,True,compound_pivot_fraction,30,0.11130939380205446,0.5581540846093554,0.9982245823548548
theta_global,late_abrupt,True,pivot_depth,30,-0.01736227313906819,0.9274425867405046,0.9982245823548548
theta_global,late_abrupt,True,tree_span_events,30,0.11946607341490545,0.5294820243344484,0.9982245823548548
theta_global,late_abrupt,True,tree_span_time,30,0.04471635150166852,0.8144946781880171,0.9982245823548548
theta_global,late_abrupt,True,tree_root_fraction,30,-0.20592742498629812,0.27494840458385145,0.9982245823548548
theta_global,late_abrupt,True,tree_ascending_fraction,30,-0.024922118997067526,0.8959937639752188,0.9982245823548548
theta_global,late_abrupt,True,occ_L2,30,0.13181859647311672,0.4874561166106519,0.9982245823548548
theta_global,late_abrupt,True,occ_L3,30,0.0684148867861663,0.7194286355456512,0.9982245823548548
theta_global,late_abrupt,True,occ_L4,30,-0.0568937288950313,0.7652296364733443,0.9982245823548548
theta_global,late_abrupt,True,occ_L5,30,-0.0401203712574173,0.8332810585753049,0.9982245823548548
theta_global,late_abrupt,True,occ_L6,30,-0.163389319471796,0.3882956299453495,0.9982245823548548
theta_global,late_abrupt,True,occ_L7,30,0.11700825098211205,0.538046585870543,0.9982245823548548
theta_global,late_abrupt,True,occ_L8,30,0.024556355576092793,0.8975121633148828,0.9982245823548548
theta_global,late_abrupt,True,occ_L9,30,0.12396626926719102,0.5139724534884315,0.9982245823548548
theta_global,late_abrupt,True,occ_L10,30,-0.19805091783885584,0.2941261695466329,0.9982245823548548
theta_global,late_abrupt,True,occ_L11,30,0.12222914859909217,0.5199327113320927,0.9982245823548548
theta_global,early_gradual,True,mean_H,30,0.1269807870573383,0.5037096827729547,0.9982245823548548
theta_global,early_gradual,True,sd_H,30,-0.020689655172413793,0.9135847422192583,0.9982245823548548
theta_global,early_gradual,True,mean_D,30,0.08495790859688186,0.65533041509885,0.9982245823548548
theta_global,early_gradual,True,sd_D,30,0.0945051529896154,0.6193685078010527,0.9982245823548548
theta_global,early_gradual,True,mean_lambda,30,0.11526896734260834,0.5441467503400861,0.9982245823548548
theta_global,early_gradual,True,sd_lambda,30,-0.047385984427141266,0.8036278011377227,0.9982245823548548
theta_global,early_gradual,True,multilevel,30,0.08069115748223235,0.6716560131240986,0.9982245823548548
theta_global,early_gradual,True,pivot_rate,30,-0.08048509105539435,0.6724482652014245,0.9982245823548548
theta_global,early_gradual,True,compound_pivot_fraction,30,-0.15545161830192378,0.4120630856380008,0.9982245823548548
theta_global,early_gradual,True,pivot_depth,30,-0.08782280478670394,0.6444548089297192,0.9982245823548548
theta_global,early_gradual,True,tree_span_events,30,0.013349649654305795,0.9441816701223542,0.9982245823548548
theta_global,early_gradual,True,tree_span_time,30,-0.0896551724137931,0.6375361975693831,0.9982245823548548
theta_global,early_gradual,True,tree_root_fraction,30,-0.05435859118096424,0.7754189334586472,0.9982245823548548
theta_global,early_gradual,True,tree_ascending_fraction,30,-0.035154077423005255,0.8536824660147805,0.9982245823548548
theta_global,early_gradual,True,occ_L2,30,0.3343092532148913,0.07097520108851721,0.9982245823548548
theta_global,early_gradual,True,occ_L3,30,-0.08457137743228911,0.6568031167195625,0.9982245823548548
theta_global,early_gradual,True,occ_L4,30,0.23150102471415426,0.21835656450641733,0.9982245823548548
theta_global,early_gradual,True,occ_L5,30,-0.20503222326450626,0.2770863991268293,0.9982245823548548
theta_global,early_gradual,True,occ_L6,30,0.12911261989928915,0.49651423085617913,0.9982245823548548
theta_global,early_gradual,True,occ_L7,30,0.386374013930586,0.03494283643268576,0.9982245823548548
theta_global,early_gradual,True,occ_L8,30,-0.003709959748970196,0.9844766458166653,1.0
theta_global,early_gradual,True,occ_L9,30,-0.08779563569321562,0.6445576145356885,0.9982245823548548
theta_global,early_gradual,True,occ_L10,30,0.13584140916893497,0.4741475347715432,0.9982245823548548
theta_global,early_gradual,True,occ_L11,30,0.21852423422756428,0.24599353276990035,0.9982245823548548
theta_global,late_gradual,True,mean_H,30,-0.3271735520662035,0.07759844082053513,0.9982245823548548
theta_global,late_gradual,True,sd_H,30,-0.22447163515016688,0.2330528785134067,0.9982245823548548
theta_global,late_gradual,True,mean_D,30,-0.036072344674088354,0.8499028661172704,0.9982245823548548
theta_global,late_gradual,True,sd_D,30,-0.03609155943613685,0.8498238124270354,0.9982245823548548
theta_global,late_gradual,True,mean_lambda,30,-0.29337785379254094,0.11561070183683074,0.9982245823548548
theta_global,late_gradual,True,sd_lambda,30,-0.14260289210233593,0.45221109012212063,0.9982245823548548
theta_global,late_gradual,True,multilevel,30,-0.03889674738436405,0.8382983569232709,0.9982245823548548
theta_global,late_gradual,True,pivot_rate,30,-0.1000574304769402,0.5988371543697335,0.9982245823548548
theta_global,late_gradual,True,compound_pivot_fraction,30,-0.0508738731862045,0.7894843497796187,0.9982245823548548
theta_global,late_gradual,True,pivot_depth,30,-0.2668595857531825,0.15399964760918397,0.9982245823548548
theta_global,late_gradual,True,tree_span_events,30,-0.08277703809740286,0.6636560736928572,0.9982245823548548
theta_global,late_gradual,True,tree_span_time,30,-0.08031145717463849,0.6731160927086494,0.9982245823548548
theta_global,late_gradual,True,tree_root_fraction,30,0.02112403592284782,0.9117773831413435,0.9982245823548548
theta_global,late_gradual,True,tree_ascending_fraction,30,-0.30810332528465967,0.09763672882642868,0.9982245823548548
theta_global,late_gradual,True,occ_L2,30,0.3892494720807615,0.033496842800407815,0.9982245823548548
theta_global,late_gradual,True,occ_L3,30,0.02720647808954716,0.8865190208380749,0.9982245823548548
theta_global,late_gradual,True,occ_L4,30,0.000265373941285807,0.998889546408811,1.0
theta_global,late_gradual,True,occ_L5,30,-0.14627632552535252,0.44052477928420813,0.9982245823548548
theta_global,late_gradual,True,occ_L6,30,-0.12611250061483548,0.5066551942476716,0.9982245823548548
theta_global,late_gradual,True,occ_L7,30,0.03862405681576919,0.8394173408815578,0.9982245823548548
theta_global,late_gradual,True,occ_L8,30,0.2473059483735919,0.18764772178009345,0.9982245823548548
theta_global,late_gradual,True,occ_L9,30,0.10642101044664645,0.5756722036810075,0.9982245823548548
theta_global,late_gradual,True,occ_L10,30,-0.33419819285893704,0.07107481375180419,0.9982245823548548
theta_global,late_gradual,True,occ_L11,30,-0.23342842293625815,0.21443949423563494,0.9982245823548548
alpha_global,baseline,False,mean_H,30,-0.19776667125296044,0.29483371627867244,0.9894404911404886
alpha_global,baseline,False,sd_H,30,0.024034716961966577,0.8996782623687095,0.9918654087973819
alpha_global,baseline,False,mean_D,30,0.2089754060186236,0.2677489902513494,0.9894404911404886
alpha_global,baseline,False,sd_D,30,0.2089754060186236,0.2677489902513494,0.9894404911404886
alpha_global,baseline,False,mean_lambda,30,-0.15416450042861352,0.4159923138811751,0.9894404911404886
alpha_global,baseline,False,sd_lambda,30,0.05162438935106845,0.7864493829634075,0.989854645308112
alpha_global,baseline,False,multilevel,30,0.17981148603372676,0.34170599954188974,0.9894404911404886
alpha_global,baseline,False,pivot_rate,30,0.21758339556663672,0.2480834108558995,0.9894404911404886
alpha_global,baseline,False,compound_pivot_fraction,30,0.20434581810851085,0.27873296046010765,0.9894404911404886
alpha_global,baseline,False,pivot_depth,30,0.2788001295582809,0.13571793518123798,0.9894404911404886
alpha_global,baseline,False,tree_span_events,30,0.058082497212931995,0.7604647871061588,0.989854645308112
alpha_global,baseline,False,tree_span_time,30,0.08698553948832036,0.647625896626907,0.989854645308112
alpha_global,baseline,False,tree_root_fraction,30,-0.23765229479891886,0.20602348650376404,0.9894404911404886
alpha_global,baseline,False,tree_ascending_fraction,30,-0.167598494737572,0.3760198172230423,0.9894404911404886
alpha_global,baseline,False,occ_L2,30,,,
alpha_global,baseline,False,occ_L3,30,-0.1975671205007112,0.29533108157818827,0.9894404911404886
alpha_global,baseline,False,occ_L4,30,0.001977273329850952,0.991726264713273,1.0
alpha_global,baseline,False,occ_L5,30,0.3582788233733299,0.051885917509325356,0.9894404911404886
alpha_global,baseline,False,occ_L6,30,0.0,1.0,1.0
alpha_global,baseline,False,occ_L7,30,0.029861118992302992,0.8755277927654433,0.989854645308112
alpha_global,baseline,False,occ_L8,30,0.10033470264028994,0.5978195424336666,0.989854645308112
alpha_global,baseline,False,occ_L9,30,0.1904123761431865,0.31351426744967953,0.9894404911404886
alpha_global,baseline,False,occ_L10,30,-0.034318185363449084,0.8571257733534529,0.989854645308112
alpha_global,baseline,False,occ_L11,30,-0.2044496701603191,0.2784834351736393,0.9894404911404886
alpha_global,early_abrupt,False,mean_H,30,0.4636886415885913,0.009855908648871146,0.8360892454489866
alpha_global,early_abrupt,False,sd_H,30,0.10494102196267081,0.5810238793215087,0.989854645308112
alpha_global,early_abrupt,False,mean_D,30,0.16675701949563157,0.37845563415938915,0.9894404911404886
alpha_global,early_abrupt,False,sd_D,30,0.16675701949563157,0.37845563415938915,0.9894404911404886
alpha_global,early_abrupt,False,mean_lambda,30,0.44397226012231683,0.013982652327609741,0.9894404911404886
alpha_global,early_abrupt,False,sd_lambda,30,0.08091263266584872,0.6708049041820076,0.989854645308112
alpha_global,early_abrupt,False,multilevel,30,0.1771924779845835,0.3488997817850392,0.9894404911404886
alpha_global,early_abrupt,False,pivot_rate,30,-0.0463260108153577,0.8079383033006334,0.989854645308112
alpha_global,early_abrupt,False,compound_pivot_fraction,30,0.13039082178371836,0.4922249778435377,0.9894404911404886
alpha_global,early_abrupt,False,pivot_depth,30,0.10782670426559907,0.57060965868214,0.989854645308112
alpha_global,early_abrupt,False,tree_span_events,30,-0.03534791156869881,0.852884374882488,0.989854645308112
alpha_global,early_abrupt,False,tree_span_time,30,-0.019799777530589546,0.9172886297292693,0.9920481792692906
alpha_global,early_abrupt,False,tree_root_fraction,30,-0.050570387283535,0.7907124585093931,0.989854645308112
alpha_global,early_abrupt,False,tree_ascending_fraction,30,0.06905433324853776,0.716912641165278,0.989854645308112
alpha_global,early_abrupt,False,occ_L2,30,,,
alpha_global,early_abrupt,False,occ_L3,30,-0.06189844605901729,0.7452283522560338,0.989854645308112
alpha_global,early_abrupt,False,occ_L4,30,0.060406698024395813,0.7511737903787146,0.989854645308112
alpha_global,early_abrupt,False,occ_L5,30,-0.2526875326778796,0.1779158238337885,0.9894404911404886
alpha_global,early_abrupt,False,occ_L6,30,-0.07241899528617805,0.7037222338919356,0.989854645308112
alpha_global,early_abrupt,False,occ_L7,30,-0.049855998624319484,0.7936052919405499,0.989854645308112
alpha_global,early_abrupt,False,occ_L8,30,0.27781260501618144,0.137166815152727,0.9894404911404886
alpha_global,early_abrupt,False,occ_L9,30,0.07715215878994704,0.6853094471668724,0.989854645308112
alpha_global,early_abrupt,False,occ_L10,30,-0.007529105537500278,0.9685022898712208,0.9976947347786866
alpha_global,early_abrupt,False,occ_L11,30,0.46523026306057086,0.00958191894920535,0.8360892454489866
alpha_global,late_abrupt,False,mean_H,30,0.07450168271100155,0.6955992646550425,0.989854645308112
alpha_global,late_abrupt,False,sd_H,30,-0.3339639521844911,0.0712852648521668,0.9894404911404886
alpha_global,late_abrupt,False,mean_D,30,0.09208243668497165,0.6284172404837193,0.989854645308112
alpha_global,late_abrupt,False,sd_D,30,0.09206136277768459,0.6284961850614562,0.989854645308112
alpha_global,late_abrupt,False,mean_lambda,30,0.027908625531683887,0.8836097698873141,0.9898591441129636
alpha_global,late_abrupt,False,sd_lambda,30,-0.3203516209884341,0.08436573005406883,0.9894404911404886
alpha_global,late_abrupt,False,multilevel,30,0.10150003093234886,0.5935508350469691,0.989854645308112
alpha_global,late_abrupt,False,pivot_rate,30,0.03649662626020089,0.848157613164089,0.989854645308112
alpha_global,late_abrupt,False,compound_pivot_fraction,30,0.1478971456871533,0.4354210086227924,0.9894404911404886
alpha_global,late_abrupt,False,pivot_depth,30,-0.08745404120675868,0.6458507275941494,0.989854645308112
alpha_global,late_abrupt,False,tree_span_events,30,0.007799445269188638,0.9673719202872014,0.9976947347786866
alpha_global,late_abrupt,False,tree_span_time,30,0.05028368036455183,0.7918731196045842,0.989854645308112
alpha_global,late_abrupt,False,tree_root_fraction,30,-0.12586146314235194,0.5075083873316305,0.989854645308112
alpha_global,late_abrupt,False,tree_ascending_fraction,30,-0.006514658021551017,0.9727445079028375,0.9980258640805014
alpha_global,late_abrupt,False,occ_L2,30,,,
alpha_global,late_abrupt,False,occ_L3,30,-0.06189844605901729,0.7452283522560338,0.989854645308112
alpha_global,late_abrupt,False,occ_L4,30,-0.25143267648537193,0.18015264428162775,0.9894404911404886
alpha_global,late_abrupt,False,occ_L5,30,0.0315043327086448,0.8687354839069678,0.989854645308112
alpha_global,late_abrupt,False,occ_L6,30,0.15741145370891813,0.4061203755971807,0.9894404911404886
alpha_global,late_abrupt,False,occ_L7,30,-0.054373995511027395,0.7753569075641052,0.989854645308112
alpha_global,late_abrupt,False,occ_L8,30,-0.043141581882641535,0.8209208539174362,0.989854645308112
alpha_global,late_abrupt,False,occ_L9,30,-0.03479883905084685,0.8551454885559039,0.989854645308112
alpha_global,late_abrupt,False,occ_L10,30,-0.3224957259461661,0.08219191393302464,0.9894404911404886
alpha_global,late_abrupt,False,occ_L11,30,-0.328069705187705,0.07674146219195783,0.9894404911404886
alpha_global,early_gradual,False,mean_H,30,-0.1007726208089711,0.5962138608679766,0.989854645308112
alpha_global,early_gradual,False,sd_H,30,-0.23873122017640372,0.20391062795225365,0.9894404911404886
alpha_global,early_gradual,False,mean_D,30,-0.3305942814743856,0.07436642272389055,0.9894404911404886
alpha_global,early_gradual,False,sd_D,30,-0.3305942814743856,0.07436642272389055,0.9894404911404886
alpha_global,early_gradual,False,mean_lambda,30,-0.13592626297382066,0.47386886348653345,0.9894404911404886
alpha_global,early_gradual,False,sd_lambda,30,-0.3092163846838825,0.09636936055710905,0.9894404911404886
alpha_global,early_gradual,False,multilevel,30,-0.3305942814743856,0.07436642272389055,0.9894404911404886
alpha_global,early_gradual,False,pivot_rate,30,0.24213780407182237,0.19733750225459867,0.9894404911404886
alpha_global,early_gradual,False,compound_pivot_fraction,30,0.040394977138824305,0.8321559496605784,0.989854645308112
alpha_global,early_gradual,False,pivot_depth,30,-0.056411987648452004,0.7671629679096781,0.989854645308112
alpha_global,early_gradual,False,tree_span_events,30,-0.268485530044135,0.15141137365627785,0.9894404911404886
alpha_global,early_gradual,False,tree_span_time,30,-0.3187986651835373,0.08596746042826955,0.9894404911404886
alpha_global,early_gradual,False,tree_root_fraction,30,-0.16938657292078246,0.37087434134446823,0.9894404911404886
alpha_global,early_gradual,False,tree_ascending_fraction,30,-0.015754196237750137,0.9341476011836416,0.9920481792692906
alpha_global,early_gradual,False,occ_L2,30,-0.049629166698546515,0.7945243850399184,0.989854645308112
alpha_global,early_gradual,False,occ_L3,30,-0.18231392314274825,0.3349169067266376,0.9894404911404886
alpha_global,early_gradual,False,occ_L4,30,-0.1707306333945323,0.36703394213305135,0.9894404911404886
alpha_global,early_gradual,False,occ_L5,30,-0.2471859283682286,0.18786891081459522,0.9894404911404886
alpha_global,early_gradual,False,occ_L6,30,-0.16667472553474755,0.37869434219509623,0.9894404911404886
alpha_global,early_gradual,False,occ_L7,30,-0.11644916483310337,0.5400039167744977,0.989854645308112
alpha_global,early_gradual,False,occ_L8,30,0.3253024683621798,0.07941146092105167,0.9894404911404886
alpha_global,early_gradual,False,occ_L9,30,0.04986378566028678,0.7935737446985495,0.989854645308112
alpha_global,early_gradual,False,occ_L10,30,0.3448887386303871,0.06197180230548847,0.9894404911404886
alpha_global,early_gradual,False,occ_L11,30,0.1853147871774941,0.32688477008848493,0.9894404911404886
alpha_global,late_gradual,False,mean_H,30,-0.10453281564689508,0.5825038257489015,0.989854645308112
alpha_global,late_gradual,False,sd_H,30,-0.042060754683441504,0.825338005622473,0.989854645308112
alpha_global,late_gradual,False,mean_D,30,0.1748664320087376,0.35536448327381176,0.9894404911404886
alpha_global,late_gradual,False,sd_D,30,0.17481069768636293,0.3555202545980441,0.9894404911404886
alpha_global,late_gradual,False,mean_lambda,30,-0.07420657293860636,0.696748280608936,0.989854645308112
alpha_global,late_gradual,False,sd_lambda,30,-0.04183355585224745,0.8262671974791677,0.989854645308112
alpha_global,late_gradual,False,multilevel,30,0.2037681309934213,0.2801235924291188,0.9894404911404886
alpha_global,late_gradual,False,pivot_rate,30,-0.019920140735884915,0.9167875477856553,0.9920481792692906
alpha_global,late_gradual,False,compound_pivot_fraction,30,0.10655004655762564,0.5752066510254923,0.989854645308112
alpha_global,late_gradual,False,pivot_depth,30,-0.17740867407682043,0.34830252477986556,0.9894404911404886
alpha_global,late_gradual,False,tree_span_events,30,0.18334835837774224,0.33213466576187545,0.9894404911404886
alpha_global,late_gradual,False,tree_span_time,30,0.14838709677419354,0.4338845839552422,0.9894404911404886
alpha_global,late_gradual,False,tree_root_fraction,30,0.007938308210532796,0.9667913176209999,0.9976947347786866
alpha_global,late_gradual,False,tree_ascending_fraction,30,0.34034933999507017,0.0657187158488211,0.9894404911404886
alpha_global,late_gradual,False,occ_L2,30,,,
alpha_global,late_gradual,False,occ_L3,30,-0.10482848367219183,0.5814317192473232,0.989854645308112
alpha_global,late_gradual,False,occ_L4,30,0.11300599700149926,0.5521319525001223,0.989854645308112
alpha_global,late_gradual,False,occ_L5,30,0.028582924546033867,0.8808173005581651,0.989854645308112
alpha_global,late_gradual,False,occ_L6,30,-0.15186683522332683,0.42305818235814474,0.9894404911404886
alpha_global,late_gradual,False,occ_L7,30,-0.07450006733125117,0.695605552374019,0.989854645308112
alpha_global,late_gradual,False,occ_L8,30,0.16103336565856008,0.3952661104539351,0.9894404911404886
alpha_global,late_gradual,False,occ_L9,30,-0.0015009836620118902,0.993719214003686,1.0
alpha_global,late_gradual,False,occ_L10,30,-0.26083510546987065,0.16386673562517862,0.9894404911404886
alpha_global,late_gradual,False,occ_L11,30,0.12388814034056488,0.5142397990871606,0.989854645308112
alpha_global,early_abrupt,True,mean_H,30,-0.13669786435589643,0.4713387311644656,0.9982245823548548
alpha_global,early_abrupt,True,sd_H,30,-0.055394883203559515,0.7712493167085641,0.9982245823548548
alpha_global,early_abrupt,True,mean_D,30,0.08311669730733572,0.6623567808522127,0.9982245823548548
alpha_global,early_abrupt,True,sd_D,30,0.1097999174761114,0.5635372467029555,0.9982245823548548
alpha_global,early_abrupt,True,mean_lambda,30,-0.11726057906458796,0.5371643025170019,0.9982245823548548
alpha_global,early_abrupt,True,sd_lambda,30,-0.026918798665183537,0.8877114005855589,0.9982245823548548
alpha_global,early_abrupt,True,multilevel,30,0.09692585184047794,0.6103814307736524,0.9982245823548548
alpha_global,early_abrupt,True,pivot_rate,30,0.24242711136345302,0.19678610868117746,0.9982245823548548
alpha_global,early_abrupt,True,compound_pivot_fraction,30,0.1990416297187148,0.2916685084523921,0.9982245823548548
alpha_global,early_abrupt,True,pivot_depth,30,0.26598351525952324,0.15540733034947182,0.9982245823548548
alpha_global,early_abrupt,True,tree_span_events,30,-0.22847608453837595,0.22460164252039563,0.9982245823548548
alpha_global,early_abrupt,True,tree_span_time,30,-0.20578420467185762,0.27528973779277127,0.9982245823548548
alpha_global,early_abrupt,True,tree_root_fraction,30,-0.08550013823533617,0.6532666298167196,0.9982245823548548
alpha_global,early_abrupt,True,tree_ascending_fraction,30,0.01379617301623381,0.9423176689936031,0.9982245823548548
alpha_global,early_abrupt,True,occ_L2,30,,,
alpha_global,early_abrupt,True,occ_L3,30,-0.29106935355943997,0.11863771477803031,0.9982245823548548
alpha_global,early_abrupt,True,occ_L4,30,-0.14326482386268277,0.450093138339066,0.9982245823548548
alpha_global,early_abrupt,True,occ_L5,30,0.15916645060938317,0.4008400914306934,0.9982245823548548
alpha_global,early_abrupt,True,occ_L6,30,-0.024996040813283993,0.8956869347662539,0.9982245823548548
alpha_global,early_abrupt,True,occ_L7,30,-0.07250304170259238,0.7033938064864727,0.9982245823548548
alpha_global,early_abrupt,True,occ_L8,30,0.0499221485113655,0.7933373122713263,0.9982245823548548
alpha_global,early_abrupt,True,occ_L9,30,0.3002617258626045,0.1069249223650903,0.9982245823548548
alpha_global,early_abrupt,True,occ_L10,30,0.07138059165578285,0.7077842885010996,0.9982245823548548
alpha_global,early_abrupt,True,occ_L11,30,-0.19122922573735,0.3114038472802703,0.9982245823548548
alpha_global,late_abrupt,True,mean_H,30,-0.10410867967536647,0.5840432843408399,0.9982245823548548
alpha_global,late_abrupt,True,sd_H,30,0.16662958843159065,0.37882530745394066,0.9982245823548548
alpha_global,late_abrupt,True,mean_D,30,0.20044352381256758,0.2882131854483105,0.9982245823548548
alpha_global,late_abrupt,True,sd_D,30,0.18142440122346967,0.3373206992844302,0.9982245823548548
alpha_global,late_abrupt,True,mean_lambda,30,-0.11762087723526682,0.535905686647132,0.9982245823548548
alpha_global,late_abrupt,True,sd_lambda,30,0.14927697441601778,0.43110163086919145,0.9982245823548548
alpha_global,late_abrupt,True,multilevel,30,0.24815929734796735,0.18608029228982131,0.9982245823548548
alpha_global,late_abrupt,True,pivot_rate,30,0.37720668706172134,0.03989210910114618,0.9982245823548548
alpha_global,late_abrupt,True,compound_pivot_fraction,30,0.1889695012628284,0.31726377193710814,0.9982245823548548
alpha_global,late_abrupt,True,pivot_depth,30,0.40956618464961064,0.024602214878570925,0.9982245823548548
alpha_global,late_abrupt,True,tree_span_events,30,-0.17777283456317217,0.34729789533172956,0.9982245823548548
alpha_global,late_abrupt,True,tree_span_time,30,-0.06829810901001113,0.7198884259266681,0.9982245823548548
alpha_global,late_abrupt,True,tree_root_fraction,30,-0.277763385550925,0.13723932295644709,0.9982245823548548
alpha_global,late_abrupt,True,tree_ascending_fraction,30,0.3068105942577343,0.09912443089020553,0.9982245823548548
alpha_global,late_abrupt,True,occ_L2,30,0.12080156030092597,0.5248560171519988,0.9982245823548548
alpha_global,late_abrupt,True,occ_L3,30,-0.19726529328274225,0.2960843719196195,0.9982245823548548
alpha_global,late_abrupt,True,occ_L4,30,-0.10613106512446026,0.5767189179627722,0.9982245823548548
alpha_global,late_abrupt,True,occ_L5,30,0.49282210080282923,0.005659406317207761,0.5353798376078542
alpha_global,late_abrupt,True,occ_L6,30,0.14351292476557254,0.44930067287119524,0.9982245823548548
alpha_global,late_abrupt,True,occ_L7,30,0.029263067540185986,0.8780020480740196,0.9982245823548548
alpha_global,late_abrupt,True,occ_L8,30,0.027677774083382563,0.8845661091297896,0.9982245823548548
alpha_global,late_abrupt,True,occ_L9,30,0.307482280148267,0.09834932163469906,0.9982245823548548
alpha_global,late_abrupt,True,occ_L10,30,-0.05340349439742398,0.7792672840781456,0.9982245823548548
alpha_global,late_abrupt,True,occ_L11,30,-0.25842080293703196,0.16794463080826305,0.9982245823548548
alpha_global,early_gradual,True,mean_H,30,-0.33169971040320784,0.07334451557157862,0.9982245823548548
alpha_global,early_gradual,True,sd_H,30,-0.04961067853170189,0.7945993085612236,0.9982245823548548
alpha_global,early_gradual,True,mean_D,30,0.06397563942049236,0.7369734978916976,0.9982245823548548
alpha_global,early_gradual,True,sd_D,30,0.07985212190582885,0.6748839538854772,0.9982245823548548
alpha_global,early_gradual,True,mean_lambda,30,-0.29264220593555745,0.11656901950861144,0.9982245823548548
alpha_global,early_gradual,True,sd_lambda,30,-0.1243604004449388,0.5126248379279993,0.9982245823548548
alpha_global,early_gradual,True,multilevel,30,-0.04782463972412701,0.801845602547829,0.9982245823548548
alpha_global,early_gradual,True,pivot_rate,30,0.07845859595433699,0.6802576231017097,0.9982245823548548
alpha_global,early_gradual,True,compound_pivot_fraction,30,-0.06512062413826263,0.7324354493382368,0.9982245823548548
alpha_global,early_gradual,True,pivot_depth,30,0.024265363046262936,0.8987204188021702,0.9982245823548548
alpha_global,early_gradual,True,tree_span_events,30,-0.10924463300440242,0.5655234596631515,0.9982245823548548
alpha_global,early_gradual,True,tree_span_time,30,-0.2053392658509455,0.27635189180534453,0.9982245823548548
alpha_global,early_gradual,True,tree_root_fraction,30,0.10596256091077626,0.5773276143733584,0.9982245823548548
alpha_global,early_gradual,True,tree_ascending_fraction,30,-0.13397129269540628,0.48031080127447484,0.9982245823548548
alpha_global,early_gradual,True,occ_L2,30,0.09350192732038962,0.623108997781993,0.9982245823548548
alpha_global,early_gradual,True,occ_L3,30,-0.14565070557783127,0.44250341829036566,0.9982245823548548
alpha_global,early_gradual,True,occ_L4,30,0.12405028298709543,0.5136850472833705,0.9982245823548548
alpha_global,early_gradual,True,occ_L5,30,0.10619444536072978,0.5764900403338966,0.9982245823548548
alpha_global,early_gradual,True,occ_L6,30,-0.14405262404589006,0.4475793921533006,0.9982245823548548
alpha_global,early_gradual,True,occ_L7,30,-0.21861270822076365,0.24579760807775267,0.9982245823548548
alpha_global,early_gradual,True,occ_L8,30,0.004514762867822,0.981109699928233,1.0
alpha_global,early_gradual,True,occ_L9,30,0.07120500727634602,0.7084719253121343,0.9982245823548548
alpha_global,early_gradual,True,occ_L10,30,-0.06881829733625272,0.7178410220405063,0.9982245823548548
alpha_global,early_gradual,True,occ_L11,30,0.09624393989276217,0.6129075584082354,0.9982245823548548
alpha_global,late_gradual,True,mean_H,30,-0.1758021783137828,0.35275525710897715,0.9982245823548548
alpha_global,late_gradual,True,sd_H,30,0.00867630700778643,0.9637059421012134,1.0
alpha_global,late_gradual,True,mean_D,30,-0.04275342479884634,0.8225065736878949,0.9982245823548548
alpha_global,late_gradual,True,sd_D,30,-0.05919332002187752,0.7560201077699438,0.9982245823548548
alpha_global,late_gradual,True,mean_lambda,30,-0.1681140224598266,0.37453205021553543,0.9982245823548548
alpha_global,late_gradual,True,sd_lambda,30,0.03136818687430478,0.869297908673841,0.9982245823548548
alpha_global,late_gradual,True,multilevel,30,0.11598461148776423,0.541632850931948,0.9982245823548548
alpha_global,late_gradual,True,pivot_rate,30,0.17952419393971691,0.3424907094706518,0.9982245823548548
alpha_global,late_gradual,True,compound_pivot_fraction,30,0.17861917139490185,0.34496979997976585,0.9982245823548548
alpha_global,late_gradual,True,pivot_depth,30,0.09632925472747497,0.6125912726882877,0.9982245823548548
alpha_global,late_gradual,True,tree_span_events,30,0.12550067066380435,0.5087358488575255,0.9982245823548548
alpha_global,late_gradual,True,tree_span_time,30,0.20489432703003335,0.2774166832456208,0.9982245823548548
alpha_global,late_gradual,True,tree_root_fraction,30,-0.11777535112291687,0.5353664991991103,0.9982245823548548
alpha_global,late_gradual,True,tree_ascending_fraction,30,0.10731382096832413,0.5724544612656701,0.9982245823548548
alpha_global,late_gradual,True,occ_L2,30,,,
alpha_global,late_gradual,True,occ_L3,30,-0.2402716005142701,0.2009200062546381,0.9982245823548548
alpha_global,late_gradual,True,occ_L4,30,-0.005800535431895961,0.9757312706861602,1.0
alpha_global,late_gradual,True,occ_L5,30,0.3425873895221572,0.06384992902182693,0.9982245823548548
alpha_global,late_gradual,True,occ_L6,30,0.13653523374300075,0.4718714212309298,0.9982245823548548
alpha_global,late_gradual,True,occ_L7,30,0.10269899572918476,0.589172737633957,0.9982245823548548
alpha_global,late_gradual,True,occ_L8,30,0.19221279041983488,0.30887448125434486,0.9982245823548548
alpha_global,late_gradual,True,occ_L9,30,0.16221954267251265,0.39174771775178335,0.9982245823548548
alpha_global,late_gradual,True,occ_L10,30,-0.058930032087177904,0.7570729045073417,0.9982245823548548
alpha_global,late_gradual,True,occ_L11,30,-0.20737580510894527,0.27151186915208014,0.9982245823548548
beta_global,baseline,False,mean_H,30,-0.008160998528244022,0.9658602574722396,0.9976947347786866
beta_global,baseline,False,sd_H,30,0.03182728767902848,0.8674015934952514,0.989854645308112
beta_global,baseline,False,mean_D,30,-0.15197720796720968,0.4227172490908815,0.9894404911404886
beta_global,baseline,False,sd_D,30,-0.15197720796720968,0.4227172490908815,0.9894404911404886
beta_global,baseline,False,mean_lambda,30,-0.013072630920686284,0.9453382240778505,0.9920481792692906
beta_global,baseline,False,sd_lambda,30,-0.013128616257383787,0.9451044762908616,0.9920481792692906
beta_global,baseline,False,multilevel,30,-0.16678011573116946,0.37838865522672466,0.9894404911404886
beta_global,baseline,False,pivot_rate,30,-0.23002093188188164,0.2213973580536953,0.9894404911404886
beta_global,baseline,False,compound_pivot_fraction,30,0.15845709105631156,0.4029696407593388,0.9894404911404886
beta_global,baseline,False,pivot_depth,30,-0.01683765165932634,0.9296295278055688,0.9920481792692906
beta_global,baseline,False,tree_span_events,30,-0.09260085608985458,0.6264764657506341,0.989854645308112
beta_global,baseline,False,tree_span_time,30,-0.11813125695216908,0.5341252028753447,0.989854645308112
beta_global,baseline,False,tree_root_fraction,30,-0.2148351093182019,0.25425524940080196,0.9894404911404886
beta_global,baseline,False,tree_ascending_fraction,30,-0.0810962151321016,0.670099715954136,0.989854645308112
beta_global,baseline,False,occ_L2,30,,,
beta_global,baseline,False,occ_L3,30,0.05692855849765747,0.7650899112018811,0.989854645308112
beta_global,baseline,False,occ_L4,30,-0.15118578920369094,0.4251652467870076,0.9894404911404886
beta_global,baseline,False,occ_L5,30,-0.043027121745430184,0.8213883808728453,0.989854645308112
beta_global,baseline,False,occ_L6,30,0.25797575141899637,0.1687041393081721,0.9894404911404886
beta_global,baseline,False,occ_L7,30,-0.13510259897578086,0.4765774795618146,0.9894404911404886
beta_global,baseline,False,occ_L8,30,0.11672542756656226,0.539036314799095,0.989854645308112
beta_global,baseline,False,occ_L9,30,0.1077832971457823,0.5707656870688235,0.989854645308112
beta_global,baseline,False,occ_L10,30,0.20980801974783314,0.2658038342768375,0.9894404911404886
beta_global,baseline,False,occ_L11,30,-0.18391221174920674,0.3306240749845836,0.9894404911404886
beta_global,early_abrupt,False,mean_H,30,0.3268759950176408,0.07788461338981059,0.9894404911404886
beta_global,early_abrupt,False,sd_H,30,-0.03772954948242465,0.8430900894188692,0.989854645308112
beta_global,early_abrupt,False,mean_D,30,-0.13007996710807096,0.4932663786003417,0.9894404911404886
beta_global,early_abrupt,False,sd_D,30,-0.13007996710807096,0.4932663786003417,0.9894404911404886
beta_global,early_abrupt,False,mean_lambda,30,0.291708774974088,0.11779345885227958,0.9894404911404886
beta_global,early_abrupt,False,sd_lambda,30,-0.0807923456467646,0.6712671067773242,0.989854645308112
beta_global,early_abrupt,False,multilevel,30,-0.12493754683597165,0.5106546020132453,0.989854645308112
beta_global,early_abrupt,False,pivot_rate,30,-0.02488727505533346,0.8961383967346174,0.9917264923863099
beta_global,early_abrupt,False,compound_pivot_fraction,30,0.042378778121441626,0.8240377503136543,0.989854645308112
beta_global,early_abrupt,False,pivot_depth,30,0.13498725137847403,0.47695743848730693,0.9894404911404886
beta_global,early_abrupt,False,tree_span_events,30,0.0277592083644956,0.8842287363074495,0.9898591441129636
beta_global,early_abrupt,False,tree_span_time,30,0.04872080088987764,0.798207654785929,0.989854645308112
beta_global,early_abrupt,False,tree_root_fraction,30,-0.005657155972523743,0.9763309842928147,0.9980258640805014
beta_global,early_abrupt,False,tree_ascending_fraction,30,0.06317926262554636,0.7401349993882981,0.989854645308112
beta_global,early_abrupt,False,occ_L2,30,,,
beta_global,early_abrupt,False,occ_L3,30,-0.0890870806374748,0.6396780287996932,0.989854645308112
beta_global,early_abrupt,False,occ_L4,30,-0.14547859349066158,0.4430485961188508,0.9894404911404886
beta_global,early_abrupt,False,occ_L5,30,-0.03539525928067838,0.8526894474009756,0.989854645308112
beta_global,early_abrupt,False,occ_L6,30,0.177210898925998,0.3488488686807079,0.9894404911404886
beta_global,early_abrupt,False,occ_L7,30,0.017665350018091112,0.9261794132478504,0.9920481792692906
beta_global,early_abrupt,False,occ_L8,30,0.11218085484501157,0.5550570444840067,0.989854645308112
beta_global,early_abrupt,False,occ_L9,30,-0.10064036393226007,0.5966986014138097,0.989854645308112
beta_global,early_abrupt,False,occ_L10,30,0.2506305442017206,0.18159277362841772,0.9894404911404886
beta_global,early_abrupt,False,occ_L11,30,-0.003811828629873547,0.9840504551406362,0.9995337664977442
beta_global,late_abrupt,False,mean_H,30,0.29060885927776803,0.1192484968053646,0.9894404911404886
beta_global,late_abrupt,False,sd_H,30,-0.2632398753894082,0.15987553765172338,0.9894404911404886
beta_global,late_abrupt,False,mean_D,30,0.18486562466203627,0.3280794128743129,0.9894404911404886
beta_global,late_abrupt,False,sd_D,30,0.18486562466203627,0.3280794128743129,0.9894404911404886
beta_global,late_abrupt,False,mean_lambda,30,0.26004070662713025,0.16520065751044197,0.9894404911404886
beta_global,late_abrupt,False,sd_lambda,30,-0.2556742323097464,0.17267071247383917,0.9894404911404886
beta_global,late_abrupt,False,multilevel,30,0.196116135138184,0.29896351505458707,0.9894404911404886
beta_global,late_abrupt,False,pivot_rate,30,0.38441543622039576,0.035956274940470836,0.9894404911404886
beta_global,late_abrupt,False,compound_pivot_fraction,30,0.054121489211793924,0.7763738007152172,0.989854645308112
beta_global,late_abrupt,False,pivot_depth,30,0.20470473120868463,0.27787121001170584,0.9894404911404886
beta_global,late_abrupt,False,tree_span_events,30,-0.182507827184372,0.33439430010394283,0.9894404911404886
beta_global,late_abrupt,False,tree_span_time,30,-0.04561130298554479,0.8108478656044329,0.989854645308112
beta_global,late_abrupt,False,tree_root_fraction,30,-0.040396974963659585,0.8321477654066836,0.989854645308112
beta_global,late_abrupt,False,tree_ascending_fraction,30,-0.0921629288597292,0.6281157472030396,0.989854645308112
beta_global,late_abrupt,False,occ_L2,30,,,
beta_global,late_abrupt,False,occ_L3,30,-0.06182216944833071,0.7455320120788225,0.989854645308112
beta_global,late_abrupt,False,occ_L4,30,-0.16574838603294895,0.38138739011902834,0.9894404911404886
beta_global,late_abrupt,False,occ_L5,30,-0.02993181318435645,0.8752353926675808,0.989854645308112
beta_global,late_abrupt,False,occ_L6,30,0.342321647329148,0.06406963040541777,0.9894404911404886
beta_global,late_abrupt,False,occ_L7,30,0.2123810245202958,0.25985101907729435,0.9894404911404886
beta_global,late_abrupt,False,occ_L8,30,0.19403274862291803,0.30422818076557046,0.9894404911404886
beta_global,late_abrupt,False,occ_L9,30,-0.18719252483520146,0.32191949932039315,0.9894404911404886
beta_global,late_abrupt,False,occ_L10,30,-0.1804427750958623,0.3399855199388822,0.9894404911404886
beta_global,late_abrupt,False,occ_L11,30,0.21683496010743755,0.24975426654944452,0.9894404911404886
beta_global,early_gradual,False,mean_H,30,0.13700471487370047,0.47033450898513507,0.9894404911404886
beta_global,early_gradual,False,sd_H,30,0.24724602356245243,0.18775813657409252,0.9894404911404886
beta_global,early_gradual,False,mean_D,30,0.03606483070629662,0.8499337805952477,0.989854645308112
beta_global,early_gradual,False,sd_D,30,0.03606483070629662,0.8499337805952477,0.989854645308112
beta_global,early_gradual,False,mean_lambda,30,0.11742346864058684,0.5365951126801748,0.989854645308112
beta_global,early_gradual,False,sd_lambda,30,0.14177609966112686,0.45486399932855337,0.9894404911404886
beta_global,early_gradual,False,multilevel,30,0.03606483070629662,0.8499337805952477,0.989854645308112
beta_global,early_gradual,False,pivot_rate,30,-0.1074954988142049,0.5718006735801596,0.989854645308112
beta_global,early_gradual,False,compound_pivot_fraction,30,0.17727820365520375,0.34866288502431403,0.9894404911404886
beta_global,early_gradual,False,pivot_depth,30,0.18516865819074751,0.3272731376088255,0.9894404911404886
beta_global,early_gradual,False,tree_span_events,30,-0.09625668688141362,0.6128602974586892,0.989854645308112
beta_global,early_gradual,False,tree_span_time,30,-0.1670745272525028,0.37753546837128815,0.9894404911404886
beta_global,early_gradual,False,tree_root_fraction,30,0.00025887335684796146,0.998916747998589,1.0
beta_global,early_gradual,False,tree_ascending_fraction,30,-0.07434321267749176,0.69621618904043,0.989854645308112
beta_global,early_gradual,False,occ_L2,30,0.6948083337796512,2.041418412505189e-05,0.011860640976655148
beta_global,early_gradual,False,occ_L3,30,0.052089692326499494,0.784569308458409,0.989854645308112
beta_global,early_gradual,False,occ_L4,30,0.21121801550973945,0.2625308201705051,0.9894404911404886
beta_global,early_gradual,False,occ_L5,30,0.078129709584612,0.6815281176590229,0.989854645308112
beta_global,early_gradual,False,occ_L6,30,-0.29084364846218785,0.11893679109137627,0.9894404911404886
beta_global,early_gradual,False,occ_L7,30,-0.10255376615565842,0.5897023024544132,0.989854645308112
beta_global,early_gradual,False,occ_L8,30,-0.150619042784228,0.4269230909754377,0.9894404911404886
beta_global,early_gradual,False,occ_L9,30,-0.0905468082512455,0.6341803012981185,0.989854645308112
beta_global,early_gradual,False,occ_L10,30,0.2200309038417049,0.2426711422582179,0.9894404911404886
beta_global,early_gradual,False,occ_L11,30,0.31591247000165446,0.08900585137222074,0.9894404911404886
beta_global,late_gradual,False,mean_H,30,-0.03377704349494347,0.8593562855740638,0.989854645308112
beta_global,late_gradual,False,sd_H,30,-0.07254923823704724,0.703213306987938,0.989854645308112
beta_global,late_gradual,False,mean_D,30,-0.15927535283667163,0.4005137257687566,0.9894404911404886
beta_global,late_gradual,False,sd_D,30,-0.15927535283667163,0.4005137257687566,0.9894404911404886
beta_global,late_gradual,False,mean_lambda,30,0.0006709908969251861,0.997192252482564,1.0
beta_global,late_gradual,False,sd_lambda,30,-0.03115264797507789,0.8701884376023065,0.989854645308112
beta_global,late_gradual,False,multilevel,30,-0.15936381457791918,0.4002487286879286,0.9894404911404886
beta_global,late_gradual,False,pivot_rate,30,0.08144267412411203,0.6687696252940261,0.989854645308112
beta_global,late_gradual,False,compound_pivot_fraction,30,0.031095682767693176,0.87042382332134,0.989854645308112
beta_global,late_gradual,False,pivot_depth,30,-0.021644568969562007,0.9096121329330917,0.9920481792692906
beta_global,late_gradual,False,tree_span_events,30,-0.07831326080894202,0.6808189501029563,0.989854645308112
beta_global,late_gradual,False,tree_span_time,30,-0.012235817575083427,0.9488325740980202,0.9920481792692906
beta_global,late_gradual,False,tree_root_fraction,30,-0.02496921720183342,0.8957982705265911,0.9917264923863099
beta_global,late_gradual,False,tree_ascending_fraction,30,0.03436311498029476,0.8569406279040188,0.989854645308112
beta_global,late_gradual,False,occ_L2,30,,,
beta_global,late_gradual,False,occ_L3,30,-0.07283570407292297,0.7020943785533923,0.989854645308112
beta_global,late_gradual,False,occ_L4,30,0.05022995939095888,0.7920906440982783,0.989854645308112
beta_global,late_gradual,False,occ_L5,30,0.14629512379048595,0.4404654005960913,0.9894404911404886
beta_global,late_gradual,False,occ_L6,30,-0.19851418881945912,0.292975303476782,0.9894404911404886
beta_global,late_gradual,False,occ_L7,30,0.03648171777603613,0.8482189263040393,0.989854645308112
beta_global,late_gradual,False,occ_L8,30,-0.15065557201102805,0.42680966984536256,0.9894404911404886
beta_global,late_gradual,False,occ_L9,30,-0.3507781003132862,0.057361969823898434,0.9894404911404886
beta_global,late_gradual,False,occ_L10,30,-0.10196281470219984,0.5918592821430795,0.989854645308112
beta_global,late_gradual,False,occ_L11,30,0.15934629365248748,0.40030120667506164,0.9894404911404886
beta_global,early_abrupt,True,mean_H,30,-0.06135857613202753,0.7473783954603839,0.9982245823548548
beta_global,early_abrupt,True,sd_H,30,-0.0353726362625139,0.8527825838498352,0.9982245823548548
beta_global,early_abrupt,True,mean_D,30,-0.037957254823721864,0.8421548471020605,0.9982245823548548
beta_global,early_abrupt,True,sd_D,30,-0.0964746893436264,0.6120522635553487,0.9982245823548548
beta_global,early_abrupt,True,mean_lambda,30,-0.04376391982182627,0.8183798918925977,0.9982245823548548
beta_global,early_abrupt,True,sd_lambda,30,-0.016240266963292546,0.9321204011287032,0.9982245823548548
beta_global,early_abrupt,True,multilevel,30,-0.06520023121658193,0.7321202600845993,0.9982245823548548
beta_global,early_abrupt,True,pivot_rate,30,-0.15731972637472308,0.4063974317960757,0.9982245823548548
beta_global,early_abrupt,True,compound_pivot_fraction,30,0.08857943172343959,0.6415943827161307,0.9982245823548548
beta_global,early_abrupt,True,pivot_depth,30,-0.07458533939516854,0.6952736656606698,0.9982245823548548
beta_global,early_abrupt,True,tree_span_events,30,-0.18665183537263624,0.3233444401582555,0.9982245823548548
beta_global,early_abrupt,True,tree_span_time,30,-0.20222469410456062,0.28386083333448403,0.9982245823548548
beta_global,early_abrupt,True,tree_root_fraction,30,-0.01829916568317792,0.9235383481082078,0.9982245823548548
beta_global,early_abrupt,True,tree_ascending_fraction,30,-0.13506898420732133,0.4766881915733779,0.9982245823548548
beta_global,early_abrupt,True,occ_L2,30,,,
beta_global,early_abrupt,True,occ_L3,30,-0.05281557393798828,0.781638731174392,0.9982245823548548
beta_global,early_abrupt,True,occ_L4,30,-0.20147141788594597,0.28569632901653597,0.9982245823548548
beta_global,early_abrupt,True,occ_L5,30,-0.1559153540415602,0.41065253954344905,0.9982245823548548
beta_global,early_abrupt,True,occ_L6,30,-0.35545169423111594,0.05389918607280943,0.9982245823548548
beta_global,early_abrupt,True,occ_L7,30,-0.03982876082552326,0.8344761915560426,0.9982245823548548
beta_global,early_abrupt,True,occ_L8,30,0.07165319013215261,0.7067171641250571,0.9982245823548548
beta_global,early_abrupt,True,occ_L9,30,-0.0015922139910122574,0.9933374737099036,1.0
beta_global,early_abrupt,True,occ_L10,30,0.25064300673431156,0.1815703371339399,0.9982245823548548
beta_global,early_abrupt,True,occ_L11,30,-0.18705161843111243,0.322290472274081,0.9982245823548548
beta_global,late_abrupt,True,mean_H,30,0.0466540500363407,0.806603699581204,0.9982245823548548
beta_global,late_abrupt,True,sd_H,30,-0.03759733036707453,0.8436332422166453,0.9982245823548548
beta_global,late_abrupt,True,mean_D,30,-0.047856569058205484,0.8017159158051631,0.9982245823548548
beta_global,late_abrupt,True,sd_D,30,-0.047862169920657595,0.8016931674255544,0.9982245823548548
beta_global,late_abrupt,True,mean_lambda,30,0.012810517749579267,0.9464326475941597,0.9982245823548548
beta_global,late_abrupt,True,sd_lambda,30,-0.010011123470522802,0.9581267661503258,0.9982245823548548
beta_global,late_abrupt,True,multilevel,30,-0.043640981992231,0.8188816963377921,0.9982245823548548
beta_global,late_abrupt,True,pivot_rate,30,-0.1305106155967049,0.49182395186477534,0.9982245823548548
beta_global,late_abrupt,True,compound_pivot_fraction,30,-0.0374790855650084,0.844119048446523,0.9982245823548548
beta_global,late_abrupt,True,pivot_depth,30,0.10191366518443686,0.5920388325915406,0.9982245823548548
beta_global,late_abrupt,True,tree_span_events,30,-0.3219132369299221,0.08277818094857309,0.9982245823548548
beta_global,late_abrupt,True,tree_span_time,30,-0.2640711902113459,0.15851210221673634,0.9982245823548548
beta_global,late_abrupt,True,tree_root_fraction,30,0.0029716041168577362,0.9875658356297324,1.0
beta_global,late_abrupt,True,tree_ascending_fraction,30,0.031156114580327042,0.8701741136065132,0.9982245823548548
beta_global,late_abrupt,True,occ_L2,30,-0.2684479117798355,0.15147090040714356,0.9982245823548548
beta_global,late_abrupt,True,occ_L3,30,-0.008451532280609818,0.9646456127078178,1.0
beta_global,late_abrupt,True,occ_L4,30,-0.0663113996559898,0.7277252777745121,0.9982245823548548
beta_global,late_abrupt,True,occ_L5,30,0.09138877136916311,0.6310178730777171,0.9982245823548548
beta_global,late_abrupt,True,occ_L6,30,0.30560554516701677,0.1005265632559835,0.9982245823548548
beta_global,late_abrupt,True,occ_L7,30,0.1574414491806186,0.4060297994418297,0.9982245823548548
beta_global,late_abrupt,True,occ_L8,30,0.14129057970501233,0.45642572853960567,0.9982245823548548
beta_global,late_abrupt,True,occ_L9,30,0.024871163519241055,0.8962052747701448,0.9982245823548548
beta_global,late_abrupt,True,occ_L10,30,0.5314720953924347,0.0025087944211114473,0.41979866880406097
beta_global,late_abrupt,True,occ_L11,30,-0.0536130654907002,0.7784224222840728,0.9982245823548548
beta_global,early_gradual,True,mean_H,30,-0.2163456305981145,0.2508506855013362,0.9982245823548548
beta_global,early_gradual,True,sd_H,30,-0.19510567296996661,0.3015097053133121,0.9982245823548548
beta_global,early_gradual,True,mean_D,30,0.03519675537113551,0.8535067319976453,0.9982245823548548
beta_global,early_gradual,True,sd_D,30,-0.010141437988293282,0.957582186001763,0.9982245823548548
beta_global,early_gradual,True,mean_lambda,30,-0.18042099236234346,0.3400447977922215,0.9982245823548548
beta_global,early_gradual,True,sd_lambda,30,-0.11724137931034483,0.5372314116750956,0.9982245823548548
beta_global,early_gradual,True,multilevel,30,-0.06075326939652563,0.7497912527129612,0.9982245823548548
beta_global,early_gradual,True,pivot_rate,30,-0.29545308323259856,0.11293888356407976,0.9982245823548548
beta_global,early_gradual,True,compound_pivot_fraction,30,-0.20874744676946946,0.26828315783516393,0.9982245823548548
beta_global,early_gradual,True,pivot_depth,30,-0.06343907493121068,0.7391031228877059,0.9982245823548548
beta_global,early_gradual,True,tree_span_events,30,-0.14152202937249667,0.45568088967755194,0.9982245823548548
beta_global,early_gradual,True,tree_span_time,30,-0.19955506117908786,0.29039998578440523,0.9982245823548548
beta_global,early_gradual,True,tree_root_fraction,30,-0.20515566603415245,0.27679094833887324,0.9982245823548548
beta_global,early_gradual,True,tree_ascending_fraction,30,-0.04785221574119666,0.8017335972825098,0.9982245823548548
beta_global,early_gradual,True,occ_L2,30,0.09350192732038962,0.623108997781993,0.9982245823548548
beta_global,early_gradual,True,occ_L3,30,0.1233862876963014,0.5159586925226542,0.9982245823548548
beta_global,early_gradual,True,occ_L4,30,-0.0599237432571543,0.7531016458657163,0.9982245823548548
beta_global,early_gradual,True,occ_L5,30,0.048383615251150605,0.7995759713096122,0.9982245823548548
beta_global,early_gradual,True,occ_L6,30,-0.021791535404421206,0.9090009139942843,0.9982245823548548
beta_global,early_gradual,True,occ_L7,30,-0.10965565128227395,0.5640529708546207,0.9982245823548548
beta_global,early_gradual,True,occ_L8,30,0.05323323390823963,0.7799538512695097,0.9982245823548548
beta_global,early_gradual,True,occ_L9,30,0.01484375,0.9379457727601962,0.9982245823548548
beta_global,early_gradual,True,occ_L10,30,0.199394942927903,0.2907952089595653,0.9982245823548548
beta_global,early_gradual,True,occ_L11,30,0.1516806631145809,0.42363359895577934,0.9982245823548548
beta_global,late_gradual,True,mean_H,30,-0.11103686999089904,0.5591242202885753,0.9982245823548548
beta_global,late_gradual,True,sd_H,30,-0.16129032258064516,0.39450240707300044,0.9982245823548548
beta_global,late_gradual,True,mean_D,30,-0.047077517471939834,0.8048816404306297,0.9982245823548548
beta_global,late_gradual,True,sd_D,30,-0.09736079746210083,0.6087724698931398,0.9982245823548548
beta_global,late_gradual,True,mean_lambda,30,-0.11635677117787893,0.5403277060183208,0.9982245823548548
beta_global,late_gradual,True,sd_lambda,30,-0.11679644048943269,0.538787726926442,0.9982245823548548
beta_global,late_gradual,True,multilevel,30,-0.09184024832506164,0.6293247398644538,0.9982245823548548
beta_global,late_gradual,True,pivot_rate,30,0.09732227162812064,0.6089149134866918,0.9982245823548548
beta_global,late_gradual,True,compound_pivot_fraction,30,0.14712804933161994,0.43783877039788044,0.9982245823548548
beta_global,late_gradual,True,pivot_depth,30,-0.12059183521056235,0.5255811891084083,0.9982245823548548
beta_global,late_gradual,True,tree_span_events,30,0.03382663868721222,0.8591518165908485,0.9982245823548548
beta_global,late_gradual,True,tree_span_time,30,0.07452725250278086,0.6954997391980633,0.9982245823548548
beta_global,late_gradual,True,tree_root_fraction,30,-0.06113148291644097,0.7482833553938538,0.9982245823548548
beta_global,late_gradual,True,tree_ascending_fraction,30,0.011800067450873815,0.9506525440185938,0.9982245823548548
beta_global,late_gradual,True,occ_L2,30,,,
beta_global,late_gradual,True,occ_L3,30,0.0,1.0,1.0
beta_global,late_gradual,True,occ_L4,30,-0.02521375370053924,0.8947833540619626,0.9982245823548548
beta_global,late_gradual,True,occ_L5,30,-0.060665278645977525,0.7501421924083436,0.9982245823548548
beta_global,late_gradual,True,occ_L6,30,-0.004005838462349748,0.983238784698913,1.0
beta_global,late_gradual,True,occ_L7,30,-0.04310344827586206,0.8210766088013071,0.9982245823548548
beta_global,late_gradual,True,occ_L8,30,-0.14284958487799004,0.45142113723519667,0.9982245823548548
beta_global,late_gradual,True,occ_L9,30,-0.020462938170604763,0.9145282282561494,0.9982245823548548
beta_global,late_gradual,True,occ_L10,30,0.05258447606466672,0.7825714189067309,0.9982245823548548
beta_global,late_gradual,True,occ_L11,30,0.05834942476989813,0.7593960549213515,0.9982245823548548
mu_central,baseline,False,mean_H,30,0.0668456244615115,0.7256152687365183,0.989854645308112
mu_central,baseline,False,sd_H,30,0.02536997901540916,0.8941350466337884,0.9917264923863099
mu_central,baseline,False,mean_D,30,-0.2410522128025111,0.19941606782083296,0.9894404911404886
mu_central,baseline,False,sd_D,30,-0.2410522128025111,0.19941606782083296,0.9894404911404886
mu_central,baseline,False,mean_lambda,30,0.07185967831253598,0.7059092000304462,0.989854645308112
mu_central,baseline,False,sd_lambda,30,-0.04539385960180157,0.8117335657722274,0.989854645308112
mu_central,baseline,False,multilevel,30,-0.22017886155183247,0.24234649358015017,0.9894404911404886
mu_central,baseline,False,pivot_rate,30,0.33663755577780424,0.06891169147727583,0.9894404911404886
mu_central,baseline,False,compound_pivot_fraction,30,-0.014537516071630499,0.9392236141421089,0.9920481792692906
mu_central,baseline,False,pivot_depth,30,-0.07319259077226861,0.7007012416859806,0.989854645308112
mu_central,baseline,False,tree_span_events,30,-0.12933055062588653,0.4957815928157971,0.989854645308112
mu_central,baseline,False,tree_span_time,30,-0.06295884315906564,0.7410107692024196,0.989854645308112
mu_central,baseline,False,tree_root_fraction,30,0.38161594999222054,0.03744580767294696,0.9894404911404886
mu_central,baseline,False,tree_ascending_fraction,30,0.2883803490866599,0.12223724804562855,0.9894404911404886
mu_central,baseline,False,occ_L2,30,,,
mu_central,baseline,False,occ_L3,30,-0.19355709889203537,0.3054382433982008,0.9894404911404886
mu_central,baseline,False,occ_L4,30,-0.16247209048715922,0.3910009467976186,0.9894404911404886
mu_central,baseline,False,occ_L5,30,-0.4108388738263622,0.024116741644912485,0.9894404911404886
mu_central,baseline,False,occ_L6,30,0.18600595228571123,0.3250516943424139,0.9894404911404886
mu_central,baseline,False,occ_L7,30,0.08514874660510215,0.6546037799882894,0.989854645308112
mu_central,baseline,False,occ_L8,30,0.01846000024613334,0.9228682874680606,0.9920481792692906
mu_central,baseline,False,occ_L9,30,0.04570297486873577,0.8104745320822917,0.989854645308112
mu_central,baseline,False,occ_L10,30,-0.3359933865217155,0.0694778808236528,0.9894404911404886
mu_central,baseline,False,occ_L11,30,-0.09767981665821909,0.6075934826941629,0.989854645308112
mu_central,early_abrupt,False,mean_H,30,0.290532302245353,0.119350264463733,0.9894404911404886
mu_central,early_abrupt,False,sd_H,30,0.18715208658124008,0.3220259366340308,0.9894404911404886
mu_central,early_abrupt,False,mean_D,30,-0.16554413655790867,0.3819826739707267,0.9894404911404886
mu_central,early_abrupt,False,sd_D,30,-0.16554413655790867,0.3819826739707267,0.9894404911404886
mu_central,early_abrupt,False,mean_lambda,30,0.2897886595615926,0.12034214128512825,0.9894404911404886
mu_central,early_abrupt,False,sd_lambda,30,0.0413048329099584,0.8284304433426222,0.989854645308112
mu_central,early_abrupt,False,multilevel,30,-0.16574838603294897,0.3813873901190282,0.9894404911404886
mu_central,early_abrupt,False,pivot_rate,30,-0.18276518874694997,0.3337014318299886,0.9894404911404886
mu_central,early_abrupt,False,compound_pivot_fraction,30,0.17974781785335822,0.34187980901204723,0.9894404911404886
mu_central,early_abrupt,False,pivot_depth,30,0.2731948331346902,0.14409178451110993,0.9894404911404886
mu_central,early_abrupt,False,tree_span_events,30,0.1365309613532622,0.4718854194991597,0.9894404911404886
mu_central,early_abrupt,False,tree_span_time,30,0.07764182424916574,0.6834144011145574,0.989854645308112
mu_central,early_abrupt,False,tree_root_fraction,30,-0.09022553486075233,0.6353886799596616,0.989854645308112
mu_central,early_abrupt,False,tree_ascending_fraction,30,0.1443898113850125,0.44650579054954637,0.9894404911404886
mu_central,early_abrupt,False,occ_L2,30,,,
mu_central,early_abrupt,False,occ_L3,30,-0.0890870806374748,0.6396780287996932,0.989854645308112
mu_central,early_abrupt,False,occ_L4,30,-0.017197979012252743,0.928127409499871,0.9920481792692906
mu_central,early_abrupt,False,occ_L5,30,0.017549719733213773,0.9266613202530071,0.9920481792692906
mu_central,early_abrupt,False,occ_L6,30,0.08141568815237707,0.6688731919153925,0.989854645308112
mu_central,early_abrupt,False,occ_L7,30,0.17682059668760114,0.34992856762734736,0.9894404911404886
mu_central,early_abrupt,False,occ_L8,30,0.10699551415706625,0.5736007315408391,0.989854645308112
mu_central,early_abrupt,False,occ_L9,30,0.07729358001466577,0.6847619424106729,0.989854645308112
mu_central,early_abrupt,False,occ_L10,30,-0.15628339235624142,0.40953500886193983,0.9894404911404886
mu_central,early_abrupt,False,occ_L11,30,0.309127005661358,0.0964706689377682,0.9894404911404886
mu_central,late_abrupt,False,mean_H,30,-0.015334429925776834,0.9358985982896002,0.9920481792692906
mu_central,late_abrupt,False,sd_H,30,0.04061422079221204,0.8312579027982224,0.989854645308112
mu_central,late_abrupt,False,mean_D,30,-0.14843920329164606,0.43372135896117836,0.9894404911404886
mu_central,late_abrupt,False,sd_D,30,-0.14843920329164606,0.43372135896117836,0.9894404911404886
mu_central,late_abrupt,False,mean_lambda,30,-0.048961265438205157,0.7972321949499226,0.989854645308112
mu_central,late_abrupt,False,sd_lambda,30,0.04817534490431688,0.8004214339534286,0.989854645308112
mu_central,late_abrupt,False,multilevel,30,-0.14867525836251316,0.4329823309193521,0.9894404911404886
mu_central,late_abrupt,False,pivot_rate,30,-0.2557362541405205,0.17256296390057532,0.9894404911404886
mu_central,late_abrupt,False,compound_pivot_fraction,30,-0.11495952966926587,0.5452354317340544,0.989854645308112
mu_central,late_abrupt,False,pivot_depth,30,0.0967354587245257,0.6110862982769345,0.989854645308112
mu_central,late_abrupt,False,tree_span_events,30,-0.09751478166106557,0.6082032760963679,0.989854645308112
mu_central,late_abrupt,False,tree_span_time,30,-0.07498053222501753,0.693736260198617,0.989854645308112
mu_central,late_abrupt,False,tree_root_fraction,30,0.12584720386027037,0.5075568712930261,0.989854645308112
mu_central,late_abrupt,False,tree_ascending_fraction,30,-0.1804494564271648,0.33996733913325383,0.9894404911404886
mu_central,late_abrupt,False,occ_L2,30,,,
mu_central,late_abrupt,False,occ_L3,30,-0.06182216944833071,0.7455320120788225,0.989854645308112
mu_central,late_abrupt,False,occ_L4,30,0.04165625390462311,0.8269924822371001,0.989854645308112
mu_central,late_abrupt,False,occ_L5,30,0.3494601312936323,0.05836942492752446,0.9894404911404886
mu_central,late_abrupt,False,occ_L6,30,-0.07747122768178284,0.6840744107287036,0.989854645308112
mu_central,late_abrupt,False,occ_L7,30,-0.029198937407421095,0.8782674342272672,0.989854645308112
mu_central,late_abrupt,False,occ_L8,30,0.2612277129790265,0.16321032528199864,0.9894404911404886
mu_central,late_abrupt,False,occ_L9,30,0.24077741769490235,0.1999446026226594,0.9894404911404886
mu_central,late_abrupt,False,occ_L10,30,0.46249058226095696,0.010073364402999838,0.8360892454489866
mu_central,late_abrupt,False,occ_L11,30,0.02598859701465933,0.8915685516924852,0.9917264923863099
mu_central,early_gradual,False,mean_H,30,0.048837759599655084,0.7977331669978188,0.989854645308112
mu_central,early_gradual,False,sd_H,30,0.3167148898286224,0.08815303370700153,0.9894404911404886
mu_central,early_gradual,False,mean_D,30,-0.05912872714081428,0.7562783526459941,0.989854645308112
mu_central,early_gradual,False,sd_D,30,-0.06369116748867334,0.7381023306025157,0.989854645308112
mu_central,early_gradual,False,mean_lambda,30,0.03696259280560221,0.8462417028211386,0.989854645308112
mu_central,early_gradual,False,sd_lambda,30,0.25681541433108457,0.17069577491660248,0.9894404911404886
mu_central,early_gradual,False,multilevel,30,-0.05454216000411254,0.7746798775052746,0.989854645308112
mu_central,early_gradual,False,pivot_rate,30,0.21262899437981198,0.25928197146042054,0.9894404911404886
mu_central,early_gradual,False,compound_pivot_fraction,30,0.20475712859427928,0.2777455474608904,0.9894404911404886
mu_central,early_gradual,False,pivot_depth,30,0.23700980594900858,0.2072887869325668,0.9894404911404886
mu_central,early_gradual,False,tree_span_events,30,0.14874652641564715,0.4327593443173441,0.9894404911404886
mu_central,early_gradual,False,tree_span_time,30,0.11902113459399331,0.5310275921265403,0.989854645308112
mu_central,early_gradual,False,tree_root_fraction,30,-0.2121698238596078,0.26033633170848886,0.9894404911404886
mu_central,early_gradual,False,tree_ascending_fraction,30,-0.010280481410799975,0.9570011486851447,0.9960140231547012
mu_central,early_gradual,False,occ_L2,30,-0.049629166698546515,0.7945243850399184,0.989854645308112
mu_central,early_gradual,False,occ_L3,30,-0.014869341052158973,0.9378389941792091,0.9920481792692906
mu_central,early_gradual,False,occ_L4,30,0.19715247883845535,0.2963662422257502,0.9894404911404886
mu_central,early_gradual,False,occ_L5,30,-0.2059314954051796,0.2749387076545547,0.9894404911404886
mu_central,early_gradual,False,occ_L6,30,-0.18521224717351978,0.3271572613941486,0.9894404911404886
mu_central,early_gradual,False,occ_L7,30,0.17530756500681038,0.35413300146704957,0.9894404911404886
mu_central,early_gradual,False,occ_L8,30,-0.13460018972540547,0.4782335775579937,0.9894404911404886
mu_central,early_gradual,False,occ_L9,30,0.028758998723212782,0.8800883551424825,0.989854645308112
mu_central,early_gradual,False,occ_L10,30,-0.0894681757952262,0.638240901280853,0.989854645308112
mu_central,early_gradual,False,occ_L11,30,-0.05226855504301179,0.7838469222614303,0.989854645308112
mu_central,late_gradual,False,mean_H,30,-0.09984335782216687,0.5996233263184841,0.989854645308112
mu_central,late_gradual,False,sd_H,30,-0.5548013832053951,0.0014633614925706417,0.28340434239451423
mu_central,late_gradual,False,mean_D,30,-0.23330408102266664,0.21469074057709034,0.9894404911404886
mu_central,late_gradual,False,sd_D,30,-0.23330408102266664,0.21469074057709034,0.9894404911404886
mu_central,late_gradual,False,mean_lambda,30,-0.16834452322829613,0.3738679601960674,0.9894404911404886
mu_central,late_gradual,False,sd_lambda,30,-0.5963506898086338,0.0005053129644758212,0.14679341618022607
mu_central,late_gradual,False,multilevel,30,-0.23343365841728456,0.21442891977556616,0.9894404911404886
mu_central,late_gradual,False,pivot_rate,30,-0.08462500767870912,0.6565987075340379,0.989854645308112
mu_central,late_gradual,False,compound_pivot_fraction,30,-0.12615174502778534,0.5065218799604796,0.989854645308112
mu_central,late_gradual,False,pivot_depth,30,-0.28879286087480144,0.12167987983406407,0.9894404911404886
mu_central,late_gradual,False,tree_span_events,30,-0.21708116626623736,0.24920380189690805,0.9894404911404886
mu_central,late_gradual,False,tree_span_time,30,-0.16974416017797553,0.36985030900798976,0.9894404911404886
mu_central,late_gradual,False,tree_root_fraction,30,0.15020725097606616,0.42820282875460464,0.9894404911404886
mu_central,late_gradual,False,tree_ascending_fraction,30,-0.09162105605775073,0.6301465274702466,0.989854645308112
mu_central,late_gradual,False,occ_L2,30,,,
mu_central,late_gradual,False,occ_L3,30,-0.07283570407292297,0.7020943785533923,0.989854645308112
mu_central,late_gradual,False,occ_L4,30,-0.3902242428384402,0.03301777959095196,0.9894404911404886
mu_central,late_gradual,False,occ_L5,30,-0.15442345653518322,0.41520011449326133,0.9894404911404886
mu_central,late_gradual,False,occ_L6,30,0.0908767983115516,0.6329400963675178,0.989854645308112
mu_central,late_gradual,False,occ_L7,30,-0.052980806590611995,0.7809720507121983,0.989854645308112
mu_central,late_gradual,False,occ_L8,30,0.3664389459015268,0.04640673670995137,0.9894404911404886
mu_central,late_gradual,False,occ_L9,30,-0.06976748809681965,0.7141100530961262,0.989854645308112
mu_central,late_gradual,False,occ_L10,30,-0.055845303640103906,0.7694389469242311,0.989854645308112
mu_central,late_gradual,False,occ_L11,30,0.20348693473708196,0.28080210885015777,0.9894404911404886
mu_central,early_abrupt,True,mean_H,30,0.09125348699207116,0.6315255750193065,0.9982245823548548
mu_central,early_abrupt,True,sd_H,30,0.04382647385984427,0.8181245874258031,0.9982245823548548
mu_central,early_abrupt,True,mean_D,30,-0.3552175682629815,0.054068636754282993,0.9982245823548548
mu_central,early_abrupt,True,sd_D,30,-0.33949482343822657,0.0664433775612372,0.9982245823548548
mu_central,early_abrupt,True,mean_lambda,30,0.05459002324579012,0.7744872097290102,0.9982245823548548
mu_central,early_abrupt,True,sd_lambda,30,-0.08209121245828699,0.6662824640597909,0.9982245823548548
mu_central,early_abrupt,True,multilevel,30,-0.32479029464603026,0.07991336987933172,0.9982245823548548
mu_central,early_abrupt,True,pivot_rate,30,0.06733499039479336,0.7236841630250699,0.9982245823548548
mu_central,early_abrupt,True,compound_pivot_fraction,30,0.3632412760532607,0.04849619513138942,0.9982245823548548
mu_central,early_abrupt,True,pivot_depth,30,0.26962043584343015,0.14962342049559813,0.9982245823548548
mu_central,early_abrupt,True,tree_span_events,30,0.03181666500942881,0.867445462306553,0.9982245823548548
mu_central,early_abrupt,True,tree_span_time,30,0.041156840934371525,0.829036166887799,0.9982245823548548
mu_central,early_abrupt,True,tree_root_fraction,30,0.29299505660365327,0.11610863292572057,0.9982245823548548
mu_central,early_abrupt,True,tree_ascending_fraction,30,0.0465116281949168,0.807183067335709,0.9982245823548548
mu_central,early_abrupt,True,occ_L2,30,,,
mu_central,early_abrupt,True,occ_L3,30,-0.11944788029857265,0.5295451786754463,0.9982245823548548
mu_central,early_abrupt,True,occ_L4,30,-0.21123433525197183,0.26249309196429427,0.9982245823548548
mu_central,early_abrupt,True,occ_L5,30,-0.5402208496117162,0.0020588601310975157,0.41979866880406097
mu_central,early_abrupt,True,occ_L6,30,0.391827839565366,0.03224173985954124,0.9982245823548548
mu_central,early_abrupt,True,occ_L7,30,0.41593371136144947,0.022251217797681428,0.9982245823548548
mu_central,early_abrupt,True,occ_L8,30,0.10723765078166583,0.572728667848747,0.9982245823548548
mu_central,early_abrupt,True,occ_L9,30,0.1135910880606648,0.5500621760696545,0.9982245823548548
mu_central,early_abrupt,True,occ_L10,30,-0.2794892760225935,0.1347134695675924,0.9982245823548548
mu_central,early_abrupt,True,occ_L11,30,-0.17400375861811498,0.3577801206776906,0.9982245823548548
mu_central,late_abrupt,True,mean_H,30,0.020489978236466547,0.9144156946318269,0.9982245823548548
mu_central,late_abrupt,True,sd_H,30,0.03848720800889878,0.8399790148573765,0.9982245823548548
mu_central,late_abrupt,True,mean_D,30,-0.04652623793551754,0.8071236307434012,0.9982245823548548
mu_central,late_abrupt,True,sd_D,30,-0.016752305650258807,0.9299853497546229,0.9982245823548548
mu_central,late_abrupt,True,mean_lambda,30,0.028173730556390553,0.8825117275301506,0.9982245823548548
mu_central,late_abrupt,True,sd_lambda,30,0.040266963292547274,0.8326804047464437,0.9982245823548548
mu_central,late_abrupt,True,multilevel,30,-0.14265952859934936,0.45202966499480784,0.9982245823548548
mu_central,late_abrupt,True,pivot_rate,30,-0.0368230157038396,0.846815511067909,0.9982245823548548
mu_central,late_abrupt,True,compound_pivot_fraction,30,0.14115288178428886,0.45686916732658756,0.9982245823548548
mu_central,late_abrupt,True,pivot_depth,30,-0.07743658402660268,0.6842084691324897,0.9982245823548548
mu_central,late_abrupt,True,tree_span_events,30,-0.010011123470522802,0.9581267661503258,0.9982245823548548
mu_central,late_abrupt,True,tree_span_time,30,-0.10834260289210233,0.5687567157299825,0.9982245823548548
mu_central,late_abrupt,True,tree_root_fraction,30,-0.06794681347667735,0.7212721625646602,0.9982245823548548
mu_central,late_abrupt,True,tree_ascending_fraction,30,-0.26148881879917335,0.1627748146661834,0.9982245823548548
mu_central,late_abrupt,True,occ_L2,30,,,
mu_central,late_abrupt,True,occ_L3,30,0.19317788069965297,0.3064051409113631,0.9982245823548548
mu_central,late_abrupt,True,occ_L4,30,-0.13140819457338454,0.4888244663878958,0.9982245823548548
mu_central,late_abrupt,True,occ_L5,30,-0.33102889185197204,0.07396334631795679,0.9982245823548548
mu_central,late_abrupt,True,occ_L6,30,0.0,1.0,1.0
mu_central,late_abrupt,True,occ_L7,30,0.1042406627095522,0.5835640422988911,0.9982245823548548
mu_central,late_abrupt,True,occ_L8,30,0.13654755256989967,0.47183106043075057,0.9982245823548548
mu_central,late_abrupt,True,occ_L9,30,0.31459622615817695,0.09041834825458846,0.9982245823548548
mu_central,late_abrupt,True,occ_L10,30,-0.19024723423697829,0.3139420081269215,0.9982245823548548
mu_central,late_abrupt,True,occ_L11,30,-0.0943188931100371,0.6200622707797959,0.9982245823548548
mu_central,early_gradual,True,mean_H,30,0.06385825130490351,0.737439248918832,0.9982245823548548
mu_central,early_gradual,True,sd_H,30,0.2004449388209121,0.2882097110386694,0.9982245823548548
mu_central,early_gradual,True,mean_D,30,-0.06660644621763,0.7265597003400803,0.9982245823548548
mu_central,early_gradual,True,sd_D,30,-0.06505038266145277,0.732713592688345,0.9982245823548548
mu_central,early_gradual,True,mean_lambda,30,0.08208041442657231,0.6663238464983454,0.9982245823548548
mu_central,early_gradual,True,sd_lambda,30,0.13370411568409346,0.4811946817578922,0.9982245823548548
mu_central,early_gradual,True,multilevel,30,-0.060014828370335664,0.7527379411822609,0.9982245823548548
mu_central,early_gradual,True,pivot_rate,30,0.2930171924619065,0.11607979595255706,0.9982245823548548
mu_central,early_gradual,True,compound_pivot_fraction,30,0.04115557863458557,0.8290413338296923,0.9982245823548548
mu_central,early_gradual,True,pivot_depth,30,-0.004008908685968819,0.983225940068517,1.0
mu_central,early_gradual,True,tree_span_events,30,-0.13015908412948152,0.4930012212365314,0.9982245823548548
mu_central,early_gradual,True,tree_span_time,30,-0.11635150166852058,0.540346175533803,0.9982245823548548
mu_central,early_gradual,True,tree_root_fraction,30,0.1963200774321379,0.2984512659026169,0.9982245823548548
mu_central,early_gradual,True,tree_ascending_fraction,30,-0.010234731401634443,0.9571923273298819,0.9982245823548548
mu_central,early_gradual,True,occ_L2,30,0.09350192732038962,0.623108997781993,0.9982245823548548
mu_central,early_gradual,True,occ_L3,30,0.057799474430107266,0.7615984340181089,0.9982245823548548
mu_central,early_gradual,True,occ_L4,30,0.02064213070671099,0.9137825064673383,0.9982245823548548
mu_central,early_gradual,True,occ_L5,30,-0.340227698231654,0.06582149509063644,0.9982245823548548
mu_central,early_gradual,True,occ_L6,30,0.1285048838543201,0.4985601925338801,0.9982245823548548
mu_central,early_gradual,True,occ_L7,30,0.08592624697181538,0.6516465700912876,0.9982245823548548
mu_central,early_gradual,True,occ_L8,30,-0.011503502590170918,0.9518913273928576,0.9982245823548548
mu_central,early_gradual,True,occ_L9,30,0.028807506222920578,0.879887551405953,0.9982245823548548
mu_central,early_gradual,True,occ_L10,30,-0.11170044736033276,0.5567633576354466,0.9982245823548548
mu_central,early_gradual,True,occ_L11,30,-0.19781479795317872,0.2947138435322057,0.9982245823548548
mu_central,late_gradual,True,mean_H,30,-0.04630454255434375,0.8080256638257313,0.9982245823548548
mu_central,late_gradual,True,sd_H,30,-0.4189098998887653,0.021217465299098882,0.9982245823548548
mu_central,late_gradual,True,mean_D,30,-0.19701645824327743,0.2967063193793675,0.9982245823548548
mu_central,late_gradual,True,sd_D,30,-0.20332244498024618,0.28119950523654713,0.9982245823548548
mu_central,late_gradual,True,mean_lambda,30,-0.06702294140451365,0.7249153602952877,0.9982245823548548
mu_central,late_gradual,True,sd_lambda,30,-0.3681868743047831,0.04529523534428923,0.9982245823548548
mu_central,late_gradual,True,multilevel,30,-0.1896402448128436,0.31551731193567284,0.9982245823548548
mu_central,late_gradual,True,pivot_rate,30,0.06867815481922135,0.7183924197212865,0.9982245823548548
mu_central,late_gradual,True,compound_pivot_fraction,30,-0.06059257312119804,0.750432205854086,0.9982245823548548
mu_central,late_gradual,True,pivot_depth,30,-0.28097886540600664,0.13256089263982188,0.9982245823548548
mu_central,late_gradual,True,tree_span_events,30,-0.3360035686211783,0.06946890333003879,0.9982245823548548
mu_central,late_gradual,True,tree_span_time,30,-0.3014460511679644,0.10548125098955911,0.9982245823548548
mu_central,late_gradual,True,tree_root_fraction,30,0.2451466520349915,0.19165498992869012,0.9982245823548548
mu_central,late_gradual,True,tree_ascending_fraction,30,-0.01157484875937879,0.9515932966115037,0.9982245823548548
mu_central,late_gradual,True,occ_L2,30,,,
mu_central,late_gradual,True,occ_L3,30,-0.2513226791792273,0.18034965489202426,0.9982245823548548
mu_central,late_gradual,True,occ_L4,30,-0.3306921339393979,0.07427552251071344,0.9982245823548548
mu_central,late_gradual,True,occ_L5,30,-0.4978705637064809,0.00511557094973335,0.5353798376078542
mu_central,late_gradual,True,occ_L6,30,-0.10590497036989155,0.5775357171976412,0.9982245823548548
mu_central,late_gradual,True,occ_L7,30,0.1479635304342692,0.435212660857636,0.9982245823548548
mu_central,late_gradual,True,occ_L8,30,0.21721591255579445,0.2489028774870161,0.9982245823548548
mu_central,late_gradual,True,occ_L9,30,0.026345176837568977,0.8900896751490409,0.9982245823548548
mu_central,late_gradual,True,occ_L10,30,-0.46040919307441297,0.01046074728630727,0.8246555777372232
mu_central,late_gradual,True,occ_L11,30,-0.09912395715550518,0.6022685221168146,0.9982245823548548
beta_central,baseline,False,mean_H,30,0.19697305150058148,0.2968148963324651,0.9894404911404886
beta_central,baseline,False,sd_H,30,0.028943564541408683,0.8793243575270961,0.989854645308112
beta_central,baseline,False,mean_D,30,-0.24524185944281854,0.19147705837081383,0.9894404911404886
beta_central,baseline,False,sd_D,30,-0.24524185944281854,0.19147705837081383,0.9894404911404886
beta_central,baseline,False,mean_lambda,30,0.14536346940046088,0.44341346268992926,0.9894404911404886
beta_central,baseline,False,sd_lambda,30,0.07546751460416884,0.6918434071409302,0.989854645308112
beta_central,baseline,False,multilevel,30,-0.2590495119835603,0.16687583911607476,0.9894404911404886
beta_central,baseline,False,pivot_rate,30,-0.037151043771608355,0.8454670940695157,0.989854645308112
beta_central,baseline,False,compound_pivot_fraction,30,0.062477058774595355,0.7429260965032528,0.989854645308112
beta_central,baseline,False,pivot_depth,30,0.11090037439240116,0.5596104106934462,0.989854645308112
beta_central,baseline,False,tree_span_events,30,-0.3984392419175028,0.02919666224069813,0.9894404911404886
beta_central,baseline,False,tree_span_time,30,-0.23470522803114574,0.21187116054334765,0.9894404911404886
beta_central,baseline,False,tree_root_fraction,30,0.1891794454409443,0.3167164832621245,0.9894404911404886
beta_central,baseline,False,tree_ascending_fraction,30,0.17051317625984755,0.36765369082935606,0.9894404911404886
beta_central,baseline,False,occ_L2,30,-0.17386314243495604,0.3581747944409739,0.9894404911404886
beta_central,baseline,False,occ_L3,30,-0.10218988991416098,0.5910300498835757,0.989854645308112
beta_central,baseline,False,occ_L4,30,0.1820168540848663,0.33571852594979784,0.9894404911404886
beta_central,baseline,False,occ_L5,30,0.0026087436612910243,0.989084066777634,1.0
beta_central,baseline,False,occ_L6,30,0.1429923602493232,0.4509642831875145,0.9894404911404886
beta_central,baseline,False,occ_L7,30,0.15312197807542607,0.4191901215235627,0.9894404911404886
beta_central,baseline,False,occ_L8,30,0.24884275926652163,0.18483152485808252,0.9894404911404886
beta_central,baseline,False,occ_L9,30,0.053063943634980716,0.7806366669980705,0.989854645308112
beta_central,baseline,False,occ_L10,30,0.12513497508718258,0.509981490470332,0.989854645308112
beta_central,baseline,False,occ_L11,30,-0.07053161614937555,0.7111111896269957,0.989854645308112
beta_central,early_abrupt,False,mean_H,30,0.43081245743670743,0.017470159627360798,0.9894404911404886
beta_central,early_abrupt,False,sd_H,30,0.21302170415740643,0.258382441257488,0.9894404911404886
beta_central,early_abrupt,False,mean_D,30,-0.0293040293040293,0.8778325450710022,0.989854645308112
beta_central,early_abrupt,False,sd_D,30,-0.0293040293040293,0.8778325450710022,0.989854645308112
beta_central,early_abrupt,False,mean_lambda,30,0.43859070280409707,0.01533122967263488,0.9894404911404886
beta_central,early_abrupt,False,sd_lambda,30,0.22921999719325567,0.2230547496877254,0.9894404911404886
beta_central,early_abrupt,False,multilevel,30,-0.0293040293040293,0.8778325450710022,0.989854645308112
beta_central,early_abrupt,False,pivot_rate,30,-0.175968621034926,0.35229235308343737,0.9894404911404886
beta_central,early_abrupt,False,compound_pivot_fraction,30,0.025112628536033816,0.8952030410596604,0.9917264923863099
beta_central,early_abrupt,False,pivot_depth,30,0.09508348429590019,0.6172164381266549,0.989854645308112
beta_central,early_abrupt,False,tree_span_events,30,0.13140890908694555,0.4888220823792424,0.9894404911404886
beta_central,early_abrupt,False,tree_span_time,30,0.13592880978865407,0.4738605007204884,0.9894404911404886
beta_central,early_abrupt,False,tree_root_fraction,30,-0.08328294159933423,0.6617211989812863,0.989854645308112
beta_central,early_abrupt,False,tree_ascending_fraction,30,0.16243997618658773,0.3910958617629646,0.9894404911404886
beta_central,early_abrupt,False,occ_L2,30,,,
beta_central,early_abrupt,False,occ_L3,30,-0.13049338211437855,0.4918816330674114,0.9894404911404886
beta_central,early_abrupt,False,occ_L4,30,-0.0049879189271842435,0.9791303657932631,0.9980258640805014
beta_central,early_abrupt,False,occ_L5,30,0.030500786524125172,0.8728826365934029,0.989854645308112
beta_central,early_abrupt,False,occ_L6,30,-0.2544356293449444,0.1748324636182969,0.9894404911404886
beta_central,early_abrupt,False,occ_L7,30,0.3996026689295585,0.028685839490717437,0.9894404911404886
beta_central,early_abrupt,False,occ_L8,30,-0.02914718952553554,0.8784815890309008,0.989854645308112
beta_central,early_abrupt,False,occ_L9,30,0.3177792652480903,0.08703143201484975,0.9894404911404886
beta_central,early_abrupt,False,occ_L10,30,0.15438325513868628,0.4153230434561508,0.9894404911404886
beta_central,early_abrupt,False,occ_L11,30,0.31311049992234524,0.09203312617259203,0.9894404911404886
beta_central,late_abrupt,False,mean_H,30,0.15643963283806184,0.409061109631689,0.9894404911404886
beta_central,late_abrupt,False,sd_H,30,0.23631508678237653,0.2086629335515484,0.9894404911404886
beta_central,late_abrupt,False,mean_D,30,-0.13049338211437855,0.4918816330674114,0.9894404911404886
beta_central,late_abrupt,False,sd_D,30,-0.13049338211437855,0.4918816330674114,0.9894404911404886
beta_central,late_abrupt,False,mean_lambda,30,0.14848907980666412,0.4335651509435945,0.9894404911404886
beta_central,late_abrupt,False,sd_lambda,30,0.24318611786927058,0.19534458197815394,0.9894404911404886
beta_central,late_abrupt,False,multilevel,30,-0.13074409009212268,0.49104284099652973,0.9894404911404886
beta_central,late_abrupt,False,pivot_rate,30,0.10683144315527403,0.5741919770174494,0.989854645308112
beta_central,late_abrupt,False,compound_pivot_fraction,30,0.21485206170427787,0.2542168726475759,0.9894404911404886
beta_central,late_abrupt,False,pivot_depth,30,0.08297932484990991,0.662882154044718,0.989854645308112
beta_central,late_abrupt,False,tree_span_events,30,-0.1124623626958089,0.5540583077024321,0.989854645308112
beta_central,late_abrupt,False,tree_span_time,30,-0.10234731401634443,0.5904554658445356,0.989854645308112
beta_central,late_abrupt,False,tree_root_fraction,30,-0.22409136274629401,0.23386636018177945,0.9894404911404886
beta_central,late_abrupt,False,tree_ascending_fraction,30,0.11102431213022937,0.5591689426538164,0.989854645308112
beta_central,late_abrupt,False,occ_L2,30,,,
beta_central,late_abrupt,False,occ_L3,30,-0.04962916669854652,0.7945243850399184,0.989854645308112
beta_central,late_abrupt,False,occ_L4,30,0.007993811987068809,0.9665592542917439,0.9976947347786866
beta_central,late_abrupt,False,occ_L5,30,0.38345092566461697,0.036463977205508306,0.9894404911404886
beta_central,late_abrupt,False,occ_L6,30,0.07071549351324552,0.7103901810279657,0.989854645308112
beta_central,late_abrupt,False,occ_L7,30,0.048131104219825194,0.8006010552133416,0.989854645308112
beta_central,late_abrupt,False,occ_L8,30,-0.07443716917949428,0.6958503930963778,0.989854645308112
beta_central,late_abrupt,False,occ_L9,30,-0.009969860544675364,0.9582992064431635,0.9960140231547012
beta_central,late_abrupt,False,occ_L10,30,0.16517387884475232,0.38306316008352465,0.9894404911404886
beta_central,late_abrupt,False,occ_L11,30,0.044472490028413476,0.8154890449807206,0.989854645308112
beta_central,early_gradual,False,mean_H,30,-0.18067055345695443,0.33936603654113895,0.9894404911404886
beta_central,early_gradual,False,sd_H,30,-0.04873706495065445,0.7981416691740534,0.989854645308112
beta_central,early_gradual,False,mean_D,30,-0.05239136779033467,0.7833510111642525,0.989854645308112
beta_central,early_gradual,False,sd_D,30,-0.05239136779033467,0.7833510111642525,0.989854645308112
beta_central,early_gradual,False,mean_lambda,30,-0.22967845077731638,0.22210503785461838,0.9894404911404886
beta_central,early_gradual,False,sd_lambda,30,-0.22835522488589666,0.22485364067743258,0.9894404911404886
beta_central,early_gradual,False,multilevel,30,-0.058902083046349855,0.7571846880432225,0.989854645308112
beta_central,early_gradual,False,pivot_rate,30,0.05776208803331087,0.7617482213476654,0.989854645308112
beta_central,early_gradual,False,compound_pivot_fraction,30,0.12564462901726572,0.5082459080930614,0.989854645308112
beta_central,early_gradual,False,pivot_depth,30,-0.040832400101321185,0.8303644223254844,0.989854645308112
beta_central,early_gradual,False,tree_span_events,30,0.20704258798429578,0.2723000110085716,0.9894404911404886
beta_central,early_gradual,False,tree_span_time,30,-0.0006674082313681868,0.9972072440143904,1.0
beta_central,early_gradual,False,tree_root_fraction,30,0.22700455621853077,0.22768284091460647,0.9894404911404886
beta_central,early_gradual,False,tree_ascending_fraction,30,-0.07644045208803357,0.6880671489417276,0.989854645308112
beta_central,early_gradual,False,occ_L2,30,,,
beta_central,early_gradual,False,occ_L3,30,0.2528368212053525,0.17765101897845123,0.9894404911404886
beta_central,early_gradual,False,occ_L4,30,-0.11908957778031434,0.5307897028014136,0.989854645308112
beta_central,early_gradual,False,occ_L5,30,0.0847916326639668,0.6559637792097854,0.989854645308112
beta_central,early_gradual,False,occ_L6,30,-0.24724446167782724,0.18776101503917614,0.9894404911404886
beta_central,early_gradual,False,occ_L7,30,-0.0030770976170134464,0.9871244518933349,1.0
beta_central,early_gradual,False,occ_L8,30,0.15717903579977127,0.4068225852942977,0.9894404911404886
beta_central,early_gradual,False,occ_L9,30,0.11990968389580588,0.5279432264887521,0.989854645308112
beta_central,early_gradual,False,occ_L10,30,-0.15848131477169497,0.40289681389375837,0.9894404911404886
beta_central,early_gradual,False,occ_L11,30,-0.031256160247202534,0.8697607427702191,0.989854645308112
beta_central,late_gradual,False,mean_H,30,-0.23664467815955575,0.20801022974485234,0.9894404911404886
beta_central,late_gradual,False,sd_H,30,-0.27283854625343534,0.14463641651538311,0.9894404911404886
beta_central,late_gradual,False,mean_D,30,-0.2658107557720484,0.15568600890852796,0.9894404911404886
beta_central,late_gradual,False,sd_D,30,-0.2658107557720484,0.15568600890852796,0.9894404911404886
beta_central,late_gradual,False,mean_lambda,30,-0.28899348256439383,0.1214094882236664,0.9894404911404886
beta_central,late_gradual,False,sd_lambda,30,-0.30373831775700944,0.10272860810272266,0.9894404911404886
beta_central,late_gradual,False,multilevel,30,-0.26595838741673883,0.15544784184889887,0.9894404911404886
beta_central,late_gradual,False,pivot_rate,30,-0.08663884577473654,0.6489407522644609,0.989854645308112
beta_central,late_gradual,False,compound_pivot_fraction,30,0.14136182211656265,0.4561963911504361,0.9894404911404886
beta_central,late_gradual,False,pivot_depth,30,-0.015508222096748039,0.9351736122733384,0.9920481792692906
beta_central,late_gradual,False,tree_span_events,30,-0.10047956669280442,0.5972881748056493,0.989854645308112
beta_central,late_gradual,False,tree_span_time,30,-0.18665183537263624,0.3233444401582555,0.9894404911404886
beta_central,late_gradual,False,tree_root_fraction,30,-0.11089580580500366,0.5596266871225535,0.989854645308112
beta_central,late_gradual,False,tree_ascending_fraction,30,-0.04805645823811307,0.8009041473778266,0.989854645308112
beta_central,late_gradual,False,occ_L2,30,,,
beta_central,late_gradual,False,occ_L3,30,-0.13058297593345672,0.4915817961771887,0.9894404911404886
beta_central,late_gradual,False,occ_L4,30,-0.20221139430284854,0.28389317514315676,0.9894404911404886
beta_central,late_gradual,False,occ_L5,30,0.07027240736984428,0.7121279980708927,0.989854645308112
beta_central,late_gradual,False,occ_L6,30,-0.16458998692660262,0.3847706648954626,0.9894404911404886
beta_central,late_gradual,False,occ_L7,30,0.058657281836097724,0.7581639872540892,0.989854645308112
beta_central,late_gradual,False,occ_L8,30,-0.2076021731208162,0.27097729541048643,0.9894404911404886
beta_central,late_gradual,False,occ_L9,30,-0.0938257305761428,0.6219006984325434,0.989854645308112
beta_central,late_gradual,False,occ_L10,30,0.04572376116444533,0.8103898856082302,0.989854645308112
beta_central,late_gradual,False,occ_L11,30,-0.14474395065895188,0.4453797075667661,0.9894404911404886
beta_central,early_abrupt,True,mean_H,30,0.4204077111970396,0.020712361535430473,0.9982245823548548
beta_central,early_abrupt,True,sd_H,30,0.1239154616240267,0.5141463019358127,0.9982245823548548
beta_central,early_abrupt,True,mean_D,30,-0.17883262678198714,0.3443841181090275,0.9982245823548548
beta_central,early_abrupt,True,sd_D,30,-0.11829178433005079,0.5335657798326493,0.9982245823548548
beta_central,early_abrupt,True,mean_lambda,30,0.4024296332106826,0.02747486213871091,0.9982245823548548
beta_central,early_abrupt,True,sd_lambda,30,0.1546162402669633,0.4146108974372142,0.9982245823548548
beta_central,early_abrupt,True,multilevel,30,-0.14655356968694747,0.4396494791406636,0.9982245823548548
beta_central,early_abrupt,True,pivot_rate,30,-0.024723554102345117,0.8968180251469658,0.9982245823548548
beta_central,early_abrupt,True,compound_pivot_fraction,30,0.1918663917330352,0.309763822398648,0.9982245823548548
beta_central,early_abrupt,True,pivot_depth,30,0.12590450575512777,0.507362049139399,0.9982245823548548
beta_central,early_abrupt,True,tree_span_events,30,-0.17508342602892102,0.3547583966059868,0.9982245823548548
beta_central,early_abrupt,True,tree_span_time,30,-0.17018909899888765,0.3685784472672135,0.9982245823548548
beta_central,early_abrupt,True,tree_root_fraction,30,-0.06992519429924962,0.7134907825951328,0.9982245823548548
beta_central,early_abrupt,True,tree_ascending_fraction,30,0.23990208226851822,0.201634645763143,0.9982245823548548
beta_central,early_abrupt,True,occ_L2,30,-0.07219274046195033,0.7046066272974617,0.9982245823548548
beta_central,early_abrupt,True,occ_L3,30,-0.1131468045668444,0.5516335116034284,0.9982245823548548
beta_central,early_abrupt,True,occ_L4,30,0.06955376715604107,0.714949562715052,0.9982245823548548
beta_central,early_abrupt,True,occ_L5,30,0.09098419600194968,0.6325366726441364,0.9982245823548548
beta_central,early_abrupt,True,occ_L6,30,-0.1438022300542274,0.44837754099729543,0.9982245823548548
beta_central,early_abrupt,True,occ_L7,30,0.35061742520793443,0.05748405331346768,0.9982245823548548
beta_central,early_abrupt,True,occ_L8,30,0.04916021328652179,0.7964253764308624,0.9982245823548548
beta_central,early_abrupt,True,occ_L9,30,0.11355362502574991,0.5501945942913454,0.9982245823548548
beta_central,early_abrupt,True,occ_L10,30,-0.14996456425966917,0.42895802065432836,0.9982245823548548
beta_central,early_abrupt,True,occ_L11,30,0.1828334888999353,0.3335177013885448,0.9982245823548548
beta_central,late_abrupt,True,mean_H,30,0.19465479324643217,0.30265023404148084,0.9982245823548548
beta_central,late_abrupt,True,sd_H,30,0.1243604004449388,0.5126248379279993,0.9982245823548548
beta_central,late_abrupt,True,mean_D,30,-0.27215902829218114,0.14567928060285623,0.9982245823548548
beta_central,late_abrupt,True,sd_D,30,-0.2795275616554281,0.1346578260137715,0.9982245823548548
beta_central,late_abrupt,True,mean_lambda,30,0.11137101056751895,0.5579348473183182,0.9982245823548548
beta_central,late_abrupt,True,sd_lambda,30,0.1421579532814238,0.4536377262539489,0.9982245823548548
beta_central,late_abrupt,True,multilevel,30,-0.2699344744732694,0.14913137820946898,0.9982245823548548
beta_central,late_abrupt,True,pivot_rate,30,0.37815890861276474,0.03935324989326887,0.9982245823548548
beta_central,late_abrupt,True,compound_pivot_fraction,30,0.036771665600079266,0.8470266331758534,0.9982245823548548
beta_central,late_abrupt,True,pivot_depth,30,0.08766269939660805,0.6450607271094639,0.9982245823548548
beta_central,late_abrupt,True,tree_span_events,30,-0.17176549221873455,0.3640930575304401,0.9982245823548548
beta_central,late_abrupt,True,tree_span_time,30,-0.11768631813125695,0.5356772351954263,0.9982245823548548
beta_central,late_abrupt,True,tree_root_fraction,30,0.20048716125292385,0.28810605041628634,0.9982245823548548
beta_central,late_abrupt,True,tree_ascending_fraction,30,0.35625279030629564,0.05332255246375169,0.9982245823548548
beta_central,late_abrupt,True,occ_L2,30,-0.17386314243495604,0.3581747944409739,0.9982245823548548
beta_central,late_abrupt,True,occ_L3,30,0.09167200671659138,0.6299554664865897,0.9982245823548548
beta_central,late_abrupt,True,occ_L4,30,0.09965955484254346,0.6002986865105995,0.9982245823548548
beta_central,late_abrupt,True,occ_L5,30,0.12996248670487565,0.4936602423826087,0.9982245823548548
beta_central,late_abrupt,True,occ_L6,30,-0.013410616871517997,0.9439271466789632,0.9982245823548548
beta_central,late_abrupt,True,occ_L7,30,0.2276404701741964,0.2263478412420092,0.9982245823548548
beta_central,late_abrupt,True,occ_L8,30,-0.032326906298587206,0.8653387391641992,0.9982245823548548
beta_central,late_abrupt,True,occ_L9,30,-0.18721308860483052,0.3218653818572742,0.9982245823548548
beta_central,late_abrupt,True,occ_L10,30,-0.021695378845838012,0.9094008139206029,0.9982245823548548
beta_central,late_abrupt,True,occ_L11,30,0.12448242272683777,0.5122079718803882,0.9982245823548548
beta_central,early_gradual,True,mean_H,30,-0.1724445960260939,0.3621707564684275,0.9982245823548548
beta_central,early_gradual,True,sd_H,30,-0.11635150166852058,0.540346175533803,0.9982245823548548
beta_central,early_gradual,True,mean_D,30,-0.2803502225844705,0.1334662406157697,0.9982245823548548
beta_central,early_gradual,True,sd_D,30,-0.29715855040910505,0.11077777689551448,0.9982245823548548
beta_central,early_gradual,True,mean_lambda,30,-0.2391934046345811,0.2030101086267547,0.9982245823548548
beta_central,early_gradual,True,sd_lambda,30,-0.2507230255839822,0.18142632424948238,0.9982245823548548
beta_central,early_gradual,True,multilevel,30,-0.29463422571900744,0.11398759806950416,0.9982245823548548
beta_central,early_gradual,True,pivot_rate,30,0.15530076961790545,0.4125225071422101,0.9982245823548548
beta_central,early_gradual,True,compound_pivot_fraction,30,0.3117265453094054,0.09355689986384129,0.9982245823548548
beta_central,early_gradual,True,pivot_depth,30,-0.22751560580991487,0.2266095565883139,0.9982245823548548
beta_central,early_gradual,True,tree_span_events,30,0.02269692923898532,0.9052366060690024,0.9982245823548548
beta_central,early_gradual,True,tree_span_time,30,-0.001557285873192436,0.9934836252691013,1.0
beta_central,early_gradual,True,tree_root_fraction,30,0.17693824392114196,0.34960290752066053,0.9982245823548548
beta_central,early_gradual,True,tree_ascending_fraction,30,-0.10583129574390239,0.5778019883571258,0.9982245823548548
beta_central,early_gradual,True,occ_L2,30,-0.346042952719588,0.06104626243643368,0.9982245823548548
beta_central,early_gradual,True,occ_L3,30,-0.051879529733729175,0.7854183319975169,0.9982245823548548
beta_central,early_gradual,True,occ_L4,30,-0.1373735439216874,0.46912893087606156,0.9982245823548548
beta_central,early_gradual,True,occ_L5,30,-0.07684442659162072,0.686501355678851,0.9982245823548548
beta_central,early_gradual,True,occ_L6,30,-0.010046375195331086,0.957979448501424,0.9982245823548548
beta_central,early_gradual,True,occ_L7,30,0.22681726882527994,0.22807702969648905,0.9982245823548548
beta_central,early_gradual,True,occ_L8,30,0.5287926240301039,0.002662570838080725,0.41979866880406097
beta_central,early_gradual,True,occ_L9,30,-0.006510377187840607,0.9727624111236398,1.0
beta_central,early_gradual,True,occ_L10,30,0.03673239459937248,0.8471880999605229,0.9982245823548548
beta_central,early_gradual,True,occ_L11,30,-0.17738873090495927,0.3483575934720562,0.9982245823548548
beta_central,late_gradual,True,mean_H,30,-0.15017828667108948,0.42829292135025165,0.9982245823548548
beta_central,late_gradual,True,sd_H,30,-0.17864293659621802,0.34490456300229666,0.9982245823548548
beta_central,late_gradual,True,mean_D,30,-0.16396245346705277,0.38661068821306777,0.9982245823548548
beta_central,late_gradual,True,sd_D,30,-0.20291374396545467,0.28218846108370144,0.9982245823548548
beta_central,late_gradual,True,mean_lambda,30,-0.17447948367056104,0.3564468011679847,0.9982245823548548
beta_central,late_gradual,True,sd_lambda,30,-0.13370411568409346,0.4811946817578922,0.9982245823548548
beta_central,late_gradual,True,multilevel,30,-0.13476732559391955,0.4776823156971108,0.9982245823548548
beta_central,late_gradual,True,pivot_rate,30,-0.011778488998338147,0.9507426757711431,0.9982245823548548
beta_central,late_gradual,True,compound_pivot_fraction,30,0.06139278852781788,0.7472420885389105,0.9982245823548548
beta_central,late_gradual,True,pivot_depth,30,0.013125695216907676,0.9451166719944469,0.9982245823548548
beta_central,late_gradual,True,tree_span_events,30,-0.09991099490788678,0.5993748845069539,0.9982245823548548
beta_central,late_gradual,True,tree_span_time,30,-0.10122358175750834,0.5945623004709505,0.9982245823548548
beta_central,late_gradual,True,tree_root_fraction,30,0.12686576991623602,0.5040993668880769,0.9982245823548548
beta_central,late_gradual,True,tree_ascending_fraction,30,0.03540020235262145,0.8526690975821314,0.9982245823548548
beta_central,late_gradual,True,occ_L2,30,-0.12080156030092597,0.5248560171519988,0.9982245823548548
beta_central,late_gradual,True,occ_L3,30,0.11805493428961929,0.5343912784383966,0.9982245823548548
beta_central,late_gradual,True,occ_L4,30,-0.11766554737680261,0.5357497400133838,0.9982245823548548
beta_central,late_gradual,True,occ_L5,30,-0.2952692213728316,0.11317372828829356,0.9982245823548548
beta_central,late_gradual,True,occ_L6,30,-0.2135729145282544,0.2571233071656866,0.9982245823548548
beta_central,late_gradual,True,occ_L7,30,0.3029259361131911,0.10369789949499952,0.9982245823548548
beta_central,late_gradual,True,occ_L8,30,0.07345519839843322,0.6996767380825407,0.9982245823548548
beta_central,late_gradual,True,occ_L9,30,0.14475903118281985,0.4453317888956217,0.9982245823548548
beta_central,late_gradual,True,occ_L10,30,-0.0017913121810456682,0.9925043808631165,1.0
beta_central,late_gradual,True,occ_L11,30,-0.38162087129923894,0.037443146314643405,0.9982245823548548
