subject,condition,frontend,mean_H,sd_H,mean_D,sd_D,mean_lambda,sd_lambda,multilevel,pivot_rate,compound_pivot_fraction,pivot_depth,tree_span_events,tree_span_time,tree_root_fraction,tree_ascending_fraction,occ_L1,occ_L2,occ_L3,occ_L4,occ_L5,occ_L6,occ_L7,occ_L8,occ_L9,occ_L10,occ_L11,occ_L12
S18,baseline,gait,-0.2105146999942318,0.7861484778494701,0.1406828469864306,0.41244183866477335,-0.23506396880600014,1.169248019285244,0.03302456495388465,1.102843819661901,-0.2777894844443453,-0.02245237294935397,-0.8340028445208486,-0.4945670690525782,0.49773820195989416,1.4036101169669302,0.0,-0.16757895168880968,2.543107111116947,1.222930053204031,0.40620962341966627,0.8507211022074099,-1.5099688543557923,-0.39900229695265366,-0.06273603581263132,0.18592062742476867,-0.03692147288162578,0.0
S18,baseline,theta_global,0.46241454878858923,0.3789676468368189,-0.3641599053572222,-0.27682823362134923,0.5331189357887809,0.31343900078244014,0.03302456495388465,1.102843819661901,-0.2777894844443453,0.25488324918050975,-1.1212799459292262,-0.6058577399075756,0.49773820195989416,0.936358848131304,0.0,-0.16757895168880968,-0.35337023639665954,-0.5632384763052636,0.40620962341966627,0.8507211022074099,-1.5099688543557923,1.3175467817155535,-1.4534363370778514,-0.3068018834182583,1.5454273649023829,0.0
S18,baseline,alpha_global,0.2941822365928804,0.5786216527620944,-0.8690026577008777,-0.9660983059074718,0.5331189357887809,0.12177281082413971,-1.0438634226727688,0.27488299408990324,1.0040947108222136,0.34732845655713157,-0.22680351654404982,-0.005871351130409505,-0.6083466912843126,-0.23176932395776295,0.0,-0.16757895168880968,-0.35337023639665954,-0.5632384763052636,0.40620962341966627,-0.11820953811993556,-1.5099688543557923,0.17318072927008196,0.4008307312757749,-1.2922469051043133,1.5454273649023829,0.0
S18,baseline,beta_global,-1.7246055097555684,2.4947504825060847,-0.8690026577008777,-0.9660983059074718,-1.310520035238704,1.7282285654955414,-1.0438634226727688,-0.5530778314820941,-0.13794757223344795,1.2532914888480196,0.7329631631612126,0.5118226401835552,-0.6083466912843126,0.6602558256375246,0.0,-0.16757895168880968,2.543107111116947,-0.5632384763052636,0.40620962341966627,-0.11820953811993556,0.02924506445745227,0.17318072927008196,-0.5263028029010381,-1.2922469051043133,0.7542529460103783,0.0
S18,baseline,mu_central,0.7988791731799926,0.19575604648022552,-0.8690026577008777,-0.9660983059074718,0.9940286785456521,-0.19921638725574087,-1.0438634226727688,-0.5530778314820941,0.8409458132428335,0.8650216178662107,1.6927298428664757,2.0918366714770404,-0.6083466912843126,0.2142432508398803,0.0,-0.16757895168880968,-0.35337023639665954,-0.5632384763052636,-0.8272204072068484,0.8507211022074099,-0.74036189494917,-0.9711853231753894,-0.5263028029010381,0.6786431382677963,0.7542529460103783,0.0
S18,baseline,beta_central,-0.37874701218993345,0.6173048569062741,-0.8690026577008777,-0.9660983059074718,-0.08142738788704525,0.15420427103803822,-1.0438634226727688,0.27488299408990324,1.0040947108222136,0.6708866823753058,1.8951296188587419,1.8644816582258894,0.49773820195989416,0.936358848131304,0.0,-0.16757895168880968,-0.35337023639665954,-0.5632384763052636,-0.8272204072068484,0.8507211022074099,0.02924506445745227,0.745363755492818,-1.4534363370778514,-0.3068018834182583,0.7542529460103783,0.0
S18,early_abrupt,gait,0.2941822365928804,-0.43548995871405455,-0.8690026577008777,-0.9660983059074718,0.5331189357887809,-0.7284442564450857,-1.0438634226727688,0.27488299408990324,0.1883502229253123,-0.2997879950792177,-0.8340028445208486,-0.7312556788991216,0.49773820195989416,-0.9326462272112032,0.0,-0.16757895168880968,-0.35337023639665954,-0.5632384763052636,-0.8272204072068484,-1.087140178447281,0.02924506445745227,1.8897298079382896,-1.4534363370778514,-0.3068018834182583,0.7542529460103783,0.0
S18,early_abrupt,theta_global,0.46241454878858923,0.6148941767464363,0.1406828469864306,0.41244183866477335,0.379482354869826,1.0737296500438216,0.03302456495388465,0.27488299408990324,1.0040947108222136,0.6708866823753058,-0.5467257431124704,-0.593317946008421,0.49773820195989416,0.46910757929567676,0.0,-0.16757895168880968,2.543107111116947,1.222930053204031,0.40620962341966627,-0.11820953811993556,-1.5099688543557923,0.17318072927008196,-0.06273603581263132,-0.799524394261286,1.5454273649023829,0.0
S18,early_abrupt,alpha_global,-0.715211636581344,2.516959334032528,-0.8690026577008777,-0.9660983059074718,-0.3887005497249616,1.7468481576573398,-1.0438634226727688,-0.5530778314820941,1.8198391987191143,2.029831230811639,0.1845250604724916,0.2260435871749795,-0.6083466912843126,-0.23176932395776295,0.0,-0.16757895168880968,-0.35337023639665954,1.222930053204031,0.40620962341966627,0.8507211022074099,-1.5099688543557923,0.17318072927008196,-0.9898695699894446,-1.2922469051043133,2.3366017837943867,0.0
S18,early_abrupt,beta_global,-1.0516762609727472,1.942221974679514,-0.8690026577008777,-0.9660983059074718,-0.6959737115628714,1.2649963510224733,-1.0438634226727688,1.102843819661901,-0.2777894844443453,0.5322188713103735,0.3079236335774535,0.06729407134141939,1.6038230952041006,1.2400721728744613,0.0,-0.16757895168880968,-0.35337023639665954,1.222930053204031,0.40620962341966627,0.8507211022074099,-1.5099688543557923,-0.9711853231753894,0.4008307312757749,-0.3068018834182583,-0.03692147288162578,0.0
S18,early_abrupt,mu_central,-0.8834439487770457,0.418927789189372,-0.8690026577008777,-0.9660983059074718,-0.5423371306439164,-0.012112302817402588,-1.0438634226727688,0.27488299408990324,1.0040947108222136,0.023770230738956507,-0.22680351654404982,-0.10312600267782998,-0.6083466912843126,-0.6777818987554067,0.0,-0.16757895168880968,-0.35337023639665954,-0.5632384763052636,0.40620962341966627,-1.087140178447281,1.5684589832706968,-0.9711853231753894,0.8643974983641817,-1.2922469051043133,-0.03692147288162578,0.0
S18,early_abrupt,beta_central,0.12594992439717873,2.097716656777567,-0.8690026577008777,-0.9660983059074718,0.379482354869826,1.3953609293324778,-1.0438634226727688,-1.381038657054092,1.8198391987191143,0.6708866823753058,-0.5904418237615715,-0.5171250678602969,-1.7144315845285194,-0.4450796858175054,0.0,-0.16757895168880968,-0.35337023639665954,1.222930053204031,-0.8272204072068484,0.8507211022074099,-0.74036189494917,0.17318072927008196,-2.380569871254665,0.18592062742476867,2.3366017837943867,0.0
S18,late_abrupt,gait,-1.388140885364158,1.09102782628955,-0.8690026577008777,-0.9660983059074718,-1.0032468734007878,0.5513670183818405,-1.0438634226727688,0.27488299408990324,1.0040947108222136,-0.2997879950792177,0.5958536374890323,0.7766545374742242,-0.6083466912843126,1.106268400435168,0.0,-0.16757895168880968,-0.35337023639665954,-0.5632384763052636,0.40620962341966627,-0.11820953811993556,1.5684589832706968,0.17318072927008196,-1.4534363370778514,-0.3068018834182583,-0.03692147288162578,0.0
S18,late_abrupt,theta_global,1.1353437975714031,-0.41523848781367556,-0.8690026577008777,-0.9660983059074718,1.3013018403835686,-0.71146570497012,-1.0438634226727688,-0.5530778314820941,0.8409458132428335,-0.2997879950792177,-0.5010225678884103,-0.3769352524190304,-0.6083466912843126,-0.6777818987554067,0.0,-0.16757895168880968,-0.35337023639665954,-0.5632384763052636,-0.8272204072068484,-0.11820953811993556,-0.74036189494917,-0.9711853231753894,0.8643974983641817,-0.799524394261286,1.5454273649023829,0.0
S18,late_abrupt,alpha_global,0.6306468609842909,-0.7833902527003473,-0.8690026577008777,-0.9660983059074718,0.8403920976266972,-1.0201190231155626,-1.0438634226727688,-1.381038657054092,0.5962224668737629,0.6708866823753058,0.17146701040847384,0.30797974049331917,0.49773820195989416,-0.9326462272112032,0.0,-0.16757895168880968,-0.35337023639665954,-0.5632384763052636,-0.8272204072068484,-0.11820953811993556,-0.74036189494917,-0.39900229695265366,-0.06273603581263132,1.171365649110824,-0.8280958917736301,0.0
S18,late_abrupt,beta_global,-0.042282387798522954,-0.8333563531265659,-0.8690026577008777,-0.9660983059074718,0.2258457739508711,-1.062009906610548,-1.0438634226727688,1.102843819661901,-0.9769990454988318,-0.8544592393389455,0.5958536374890323,0.7272790989963027,-0.6083466912843126,0.6602558256375246,0.0,-0.16757895168880968,-0.35337023639665954,-0.5632384763052636,-0.8272204072068484,-1.087140178447281,0.7988520238640747,0.17318072927008196,-0.06273603581263132,0.18592062742476867,-0.8280958917736301,0.0
S18,late_abrupt,mu_central,-0.2105146999942318,-1.3827824346734665,-0.8690026577008777,-0.9660983059074718,0.07220919303190965,-1.5226410900500789,-1.0438634226727688,0.27488299408990324,1.0040947108222136,-0.2997879950792177,-0.5467257431124704,-0.7422279985608823,0.49773820195989416,-0.9326462272112032,0.0,-0.16757895168880968,-0.35337023639665954,-0.5632384763052636,-0.8272204072068484,-1.087140178447281,0.02924506445745227,0.745363755492818,0.4008307312757749,0.18592062742476867,-1.6192703106656343,0.0
S18,late_abrupt,beta_central,0.9671114853757015,-0.576542989978722,-0.8690026577008777,-0.9660983059074718,1.1476652594646135,-0.8467011556011017,-1.0438634226727688,0.27488299408990324,-0.6273942649715883,-1.2704626725337411,-0.6381320935605905,-0.6238124448086375,-0.6083466912843126,-1.12379447355305,0.0,-0.16757895168880968,-0.35337023639665954,-0.5632384763052636,-0.8272204072068484,-1.087140178447281,0.7988520238640747,-0.9711853231753894,-0.06273603581263132,0.18592062742476867,0.7542529460103783,0.0
S18,early_gradual,gait,0.6306468609842909,0.2906146293708191,0.1406828469864306,0.41244183866477335,0.5331189357887809,0.8514137939963875,0.03302456495388465,-0.5530778314820941,-0.13794757223344795,0.08848187590259203,-1.2649184966334153,-1.0557228460397488,0.49773820195989416,-0.46539495837557654,0.0,-0.16757895168880968,2.543107111116947,1.222930053204031,0.40620962341966627,-1.087140178447281,0.02924506445745227,-0.9711853231753894,-0.06273603581263132,0.18592062742476867,0.7542529460103783,0.0
S18,early_gradual,theta_global,0.46241454878858923,-1.1347670501672495,-0.8690026577008777,-0.9660983059074718,0.6867555167077424,-1.3147084419408777,-1.0438634226727688,-0.5530778314820941,-0.13794757223344795,0.08848187590259203,-0.8340028445208486,-0.18263969581110615,0.49773820195989416,-0.46539495837557654,0.0,-0.16757895168880968,-0.35337023639665954,-0.5632384763052636,-0.8272204072068484,-0.11820953811993556,-1.5099688543557923,0.17318072927008196,0.8643974983641817,0.18592062742476867,-0.8280958917736301,0.0
S18,early_gradual,alpha_global,2.481202295137038,-1.2158902049279698,-0.8690026577008777,-0.9660983059074718,2.530394487735227,-1.3827209663492024,-1.0438634226727688,-0.5530778314820941,-2.09573434318601,-1.4645976080246461,-1.3236797219214924,-0.7869010143266209,-0.6083466912843126,-2.0158196231483374,0.0,-0.16757895168880968,-0.35337023639665954,-0.5632384763052636,-0.8272204072068484,-0.11820953811993556,-1.5099688543557923,-2.115551375620861,0.4008307312757749,1.171365649110824,1.5454273649023829,0.0
S18,early_gradual,beta_global,1.1353437975714031,-0.5557285406665577,-0.8690026577008777,-0.9660983059074718,1.3013018403835686,-0.8292506108575576,-1.0438634226727688,-1.381038657054092,0.5962224668737629,-0.2997879950792177,-0.6381320935605905,-0.39638618272851467,-0.6083466912843126,-1.5698070483506938,0.0,-0.16757895168880968,-0.35337023639665954,-0.5632384763052636,-0.8272204072068484,-1.087140178447281,0.7988520238640747,-0.9711853231753894,-0.5263028029010381,0.6786431382677963,0.7542529460103783,0.0
S18,early_gradual,mu_central,2.6494346073327395,-0.9348835315348482,-0.8690026577008777,-0.9660983059074718,2.684031068654182,-1.1471288805948423,-1.0438634226727688,-2.2089994826260893,0.1883502229253123,-0.2997879950792177,-1.0494606705771319,-0.703112391454997,-0.6083466912843126,-2.461832197945981,0.0,-0.16757895168880968,-0.35337023639665954,-0.5632384763052636,-0.8272204072068484,-0.11820953811993556,-1.5099688543557923,-1.5433683493981252,-0.5263028029010381,1.171365649110824,2.3366017837943867,0.0
S18,early_gradual,beta_central,0.6306468609842909,-0.7833902527003473,-0.8690026577008777,-0.9660983059074718,0.8403920976266972,-1.0201190231155626,-1.0438634226727688,-0.5530778314820941,0.8409458132428335,-0.2997879950792177,-0.40308719240828195,-0.30960510904004707,0.49773820195989416,-0.9326462272112032,0.0,-0.16757895168880968,-0.35337023639665954,-0.5632384763052636,-0.8272204072068484,-1.087140178447281,0.7988520238640747,-0.9711853231753894,0.4008307312757749,0.18592062742476867,-0.03692147288162578,0.0
S18,late_gradual,gait,1.3035761097671048,-1.3089738552158803,-0.8690026577008777,-0.9660983059074718,1.4549384213025234,-1.4607610038193408,-1.0438634226727688,0.27488299408990324,-0.6273942649715883,-1.2704626725337411,-0.36391304221623005,-0.2437711910694852,-0.6083466912843126,-0.6777818987554067,0.0,-0.16757895168880968,-0.35337023639665954,-0.5632384763052636,-0.8272204072068484,-1.087140178447281,-0.74036189494917,-0.39900229695265366,0.8643974983641817,-0.3068018834182583,0.7542529460103783,0.0
S18,late_gradual,theta_global,-0.715211636581344,0.6076565462812293,-0.8690026577008777,-0.9660983059074718,-0.3887005497249616,0.14611526163227126,-1.0438634226727688,2.758765470805896,-0.8993090942705555,-0.7311989628367839,0.6023826625210406,0.5556406700016233,0.49773820195989416,1.4036101169669302,0.0,-0.16757895168880968,-0.35337023639665954,-0.5632384763052636,-0.8272204072068484,1.8196517425347556,-0.74036189494917,0.17318072927008196,-0.5263028029010381,-0.3068018834182583,-0.03692147288162578,0.0
S18,late_gradual,alpha_global,0.2941822365928804,-0.576542989978722,-0.8690026577008777,-0.9660983059074718,0.5331189357887809,-0.8467011556011017,-1.0438634226727688,-3.0369603081980867,1.8198391987191143,1.6415613598298293,-0.45929358181426866,-0.4927951416537844,-1.7144315845285194,-3.004804028134417,0.0,-0.16757895168880968,-0.35337023639665954,-0.5632384763052636,-0.8272204072068484,-1.087140178447281,2.3380659426773196,-2.115551375620861,-0.5263028029010381,2.1568106707968786,-1.6192703106656343,0.0
S18,late_gradual,beta_global,1.3035761097671048,-1.3089738552158803,-0.8690026577008777,-0.9660983059074718,1.4549384213025234,-1.4607610038193408,-1.0438634226727688,-0.5530778314820941,-0.13794757223344795,-0.688057866061027,0.7460212132252303,0.46942958694493503,0.49773820195989416,-1.3998974960468298,0.0,-0.16757895168880968,-0.35337023639665954,-0.5632384763052636,-0.8272204072068484,-1.087140178447281,0.02924506445745227,-0.9711853231753894,-0.5263028029010381,2.1568106707968786,-0.8280958917736301,0.0
S18,late_gradual,mu_central,-0.2105146999942318,0.7861484778494701,-0.8690026577008777,-0.9660983059074718,0.07220919303190965,0.29576041397232816,-1.0438634226727688,-0.5530778314820941,0.8409458132428335,1.6415613598298293,0.45874411181685204,0.36220009934136854,-0.6083466912843126,-0.23176932395776295,0.0,-0.16757895168880968,-0.35337023639665954,-0.5632384763052636,-0.8272204072068484,1.8196517425347556,0.02924506445745227,-1.5433683493981252,-0.5263028029010381,0.6786431382677963,-0.03692147288162578,0.0
S18,late_gradual,beta_central,-2.397534758538382,1.8783204564820875,-0.3641599053572222,-0.27682823362134923,-2.078702939833485,1.524755373707944,0.03302456495388465,0.27488299408990324,1.8198391987191143,1.9651195856480035,0.0278284597042854,0.20609391506268745,0.49773820195989416,1.4036101169669302,0.0,-0.16757895168880968,-0.35337023639665954,1.222930053204031,1.6396396540461808,1.8196517425347556,-0.74036189494917,0.17318072927008196,-0.5263028029010381,-1.2922469051043133,-0.03692147288162578,0.0
S19,baseline,gait,0.12594992439717873,0.537254897263549,0.1406828469864306,0.41244183866477335,0.07220919303190965,1.0045847756576094,0.03302456495388465,0.27488299408990324,-0.6273942649715883,-0.2997879950792177,-1.5019221052953269,-1.5044907202057454,1.6038230952041006,-1.2129969885125789,0.0,-0.16757895168880968,2.543107111116947,1.222930053204031,0.40620962341966627,-1.087140178447281,0.7988520238640747,-1.5433683493981252,1.3279642654525885,-1.7849694159473408,1.5454273649023829,0.0
S19,baseline,theta_global,0.2941822365928804,-0.1642934945477702,-0.8690026577008777,-0.9660983059074718,0.5331189357887809,-0.5010769136319866,-1.0438634226727688,-0.5530778314820941,-0.13794757223344795,0.08848187590259203,-1.5019221052953269,-1.0074446395280032,1.6038230952041006,-1.2129969885125789,0.0,-0.16757895168880968,-0.35337023639665954,-0.5632384763052636,-0.8272204072068484,-0.11820953811993556,0.02924506445745227,-0.39900229695265366,0.4008307312757749,-0.799524394261286,0.7542529460103783,0.0
S19,baseline,alpha_global,1.976505358549926,-1.4796074278767264,-0.8690026577008777,-0.9660983059074718,2.069484744978356,-1.603817817372833,-1.0438634226727688,-0.5530778314820941,-2.09573434318601,-1.8528674790064554,-0.22680351654404982,-0.8258028749455893,-0.6083466912843126,-2.0158196231483374,0.0,-0.16757895168880968,-0.35337023639665954,-0.5632384763052636,-0.8272204072068484,-1.087140178447281,-1.5099688543557923,0.17318072927008196,-0.06273603581263132,0.18592062742476867,1.5454273649023829,0.0
S19,baseline,beta_global,-0.042282387798522954,-0.2643856079718948,-0.8690026577008777,-0.9660983059074718,0.2258457739508711,-0.5849927490974396,-1.0438634226727688,0.27488299408990324,-1.4431387528684894,-0.9469044467155665,1.8298393685386558,1.405069209011406,-0.6083466912843126,-0.6777818987554067,0.0,-0.16757895168880968,-0.35337023639665954,-0.5632384763052636,-0.8272204072068484,-0.11820953811993556,0.02924506445745227,0.17318072927008196,-0.06273603581263132,-0.3068018834182583,-0.03692147288162578,0.0
S19,baseline,mu_central,-0.042282387798522954,0.4906906223983156,-0.8690026577008777,-0.9660983059074718,0.2258457739508711,0.048052658217829204,-1.0438634226727688,0.27488299408990324,0.1883502229253123,0.34732845655713157,-1.1288398696504998,-1.2797891633430645,2.7099079884483075,0.02644848250403046,0.0,-0.16757895168880968,-0.35337023639665954,-0.5632384763052636,0.40620962341966627,-0.11820953811993556,-0.74036189494917,0.17318072927008196,-1.4534363370778514,1.6640881599538508,-0.8280958917736301,0.0
S19,baseline,beta_central,-0.2105146999942318,0.5567560603738058,-0.8690026577008777,-0.9660983059074718,0.07220919303190965,0.10344100234852764,-1.0438634226727688,-0.5530778314820941,-0.13794757223344795,0.8650216178662107,0.047415534800310674,0.0943757512338557,-0.6083466912843126,0.6602558256375246,0.0,-0.16757895168880968,-0.35337023639665954,-0.5632384763052636,0.40620962341966627,-0.11820953811993556,-0.74036189494917,0.17318072927008196,-0.5263028029010381,0.18592062742476867,-0.03692147288162578,0.0
S19,early_abrupt,gait,-0.2105146999942318,0.3185241300637945,-0.8690026577008777,-0.9660983059074718,0.07220919303190965,-0.09628933386489222,-1.0438634226727688,1.102843819661901,-0.2777894844443453,-0.02245237294935397,-0.36391304221623005,-0.3933937319116709,-0.6083466912843126,0.2142432508398803,0.0,-0.16757895168880968,-0.35337023639665954,-0.5632384763052636,0.40620962341966627,-0.11820953811993556,0.02924506445745227,-2.115551375620861,1.3279642654525885,0.18592062742476867,-0.8280958917736301,0.0
S19,early_abrupt,theta_global,1.976505358549926,-1.4796074278767264,-0.8690026577008777,-0.9660983059074718,2.069484744978356,-1.603817817372833,-1.0438634226727688,-0.5530778314820941,-0.13794757223344795,-1.0763277370428364,-0.36391304221623005,-0.2437711910694852,-0.6083466912843126,-1.12379447355305,0.0,-0.16757895168880968,-0.35337023639665954,-0.5632384763052636,-0.8272204072068484,-1.087140178447281,-0.74036189494917,-1.5433683493981252,1.3279642654525885,-0.3068018834182583,1.5454273649023829,0.0
S19,early_abrupt,alpha_global,1.4718084219628136,-1.46873783671762,-0.8690026577008777,-0.9660983059074718,1.6085750022214849,-1.5947049033571272,-1.0438634226727688,-1.381038657054092,0.5962224668737629,-0.7851253338064794,-0.08969399087186956,-0.1375391870715333,-0.6083466912843126,-1.12379447355305,0.0,-0.16757895168880968,-0.35337023639665954,-0.5632384763052636,-0.8272204072068484,-1.087140178447281,0.02924506445745227,-1.5433683493981252,-0.06273603581263132,2.1568106707968786,-0.8280958917736301,0.0
S19,early_abrupt,beta_global,0.9671114853757015,-0.43548995871405455,-0.8690026577008777,-0.9660983059074718,1.1476652594646135,-0.7284442564450857,-1.0438634226727688,1.9308046452338978,-1.239202630894264,-1.0277940031701103,-0.6381320935605905,-0.647752051343388,-0.6083466912843126,-0.23176932395776295,0.0,-0.16757895168880968,-0.35337023639665954,-0.5632384763052636,0.40620962341966627,-1.087140178447281,-1.5099688543557923,-0.39900229695265366,0.4008307312757749,0.6786431382677963,-0.03692147288162578,0.0
S19,early_abrupt,mu_central,0.6306468609842909,0.6461607952248121,-0.8690026577008777,-0.9660983059074718,0.8403920976266972,0.17839668829552072,-1.0438634226727688,-1.381038657054092,1.8198391987191143,2.126898698557091,-0.2594486417040928,-0.4428404192185649,0.49773820195989416,-0.9326462272112032,0.0,-0.16757895168880968,-0.35337023639665954,-0.5632384763052636,0.40620962341966627,-0.11820953811993556,0.02924506445745227,-2.115551375620861,-0.5263028029010381,1.6640881599538508,-0.03692147288162578,0.0
S19,early_abrupt,beta_central,0.6306468609842909,0.041213781158955416,-0.8690026577008777,-0.9660983059074718,0.8403920976266972,-0.3287824725896164,-1.0438634226727688,1.102843819661901,-0.9769990454988318,-0.02245237294935397,0.1845250604724916,-0.30810888363162564,-0.6083466912843126,0.6602558256375246,0.0,-0.16757895168880968,-0.35337023639665954,-0.5632384763052636,0.40620962341966627,-1.087140178447281,-0.74036189494917,-0.39900229695265366,0.4008307312757749,-0.3068018834182583,0.7542529460103783,0.0
S19,late_abrupt,gait,0.9671114853757015,0.2189713509119417,-0.8690026577008777,-0.9660983059074718,1.1476652594646135,-0.17975299897940988,-1.0438634226727688,-0.5530778314820941,-0.13794757223344795,0.08848187590259203,0.45874411181685204,0.594827525936482,0.49773820195989416,-0.9326462272112032,0.0,-0.16757895168880968,-0.35337023639665954,-0.5632384763052636,-0.8272204072068484,0.8507211022074099,0.02924506445745227,-2.115551375620861,-0.9898695699894446,2.1568106707968786,-0.03692147288162578,0.0
S19,late_abrupt,theta_global,0.7988791731799926,-0.8997377677097536,-0.8690026577008777,-0.9660983059074718,0.9940286785456521,-1.117663161133438,-1.0438634226727688,1.9308046452338978,-0.6273942649715883,-1.2704626725337411,-0.5467257431124704,-0.5196466568508874,0.49773820195989416,0.0018563104600506516,0.0,-0.16757895168880968,-0.35337023639665954,-0.5632384763052636,-0.8272204072068484,-1.087140178447281,-0.74036189494917,1.3175467817155535,-0.5263028029010381,-0.3068018834182583,0.7542529460103783,0.0
S19,late_abrupt,alpha_global,0.7988791731799926,-0.8997377677097536,-0.8690026577008777,-0.9660983059074718,0.9940286785456521,-1.117663161133438,-1.0438634226727688,1.9308046452338978,-0.6273942649715883,-0.7851253338064794,-0.6903642938166595,-0.14345283987624838,0.49773820195989416,0.936358848131304,0.0,-0.16757895168880968,-0.35337023639665954,-0.5632384763052636,-0.8272204072068484,-1.087140178447281,-0.74036189494917,1.3175467817155535,-0.5263028029010381,-0.3068018834182583,0.7542529460103783,0.0
S19,late_abrupt,beta_global,0.2941822365928804,0.8072349284146252,-0.8690026577008777,-0.9660983059074718,0.5331189357887809,0.31343900078244014,-1.0438634226727688,0.27488299408990324,-0.6273942649715883,0.34732845655713157,-0.1158100909999037,-0.3284147998887795,0.49773820195989416,0.0018563104600506516,0.0,-0.16757895168880968,-0.35337023639665954,1.222930053204031,-0.8272204072068484,-0.11820953811993556,-1.5099688543557923,-0.39900229695265366,-0.06273603581263132,0.6786431382677963,-0.03692147288162578,0.0
S19,late_abrupt,mu_central,1.4718084219628136,0.4980663991259784,-0.8690026577008777,-0.9660983059074718,1.6085750022214849,0.05423640681833865,-1.0438634226727688,-1.381038657054092,0.5962224668737629,0.18554934364804404,-0.22680351654404982,-0.1809297239157671,-0.6083466912843126,-2.0158196231483374,0.0,-0.16757895168880968,-0.35337023639665954,-0.5632384763052636,0.40620962341966627,-0.11820953811993556,-1.5099688543557923,-0.9711853231753894,-0.9898695699894446,1.171365649110824,1.5454273649023829,0.0
S19,late_abrupt,beta_central,0.6306468609842909,-0.9348835315348482,-0.8690026577008777,-0.9660983059074718,0.8403920976266972,-1.1471288805948423,-1.0438634226727688,-1.381038657054092,-0.6273942649715883,-1.2704626725337411,-0.5010225678884103,-0.32007868689899993,-0.6083466912843126,-2.0158196231483374,0.0,-0.16757895168880968,-0.35337023639665954,-0.5632384763052636,-0.8272204072068484,-1.087140178447281,-0.74036189494917,0.745363755492818,1.3279642654525885,-2.2776919267903684,1.5454273649023829,0.0
S19,early_gradual,gait,0.12594992439717873,-0.4850039589591976,0.1406828469864306,0.41244183866477335,0.07220919303190965,0.29576041397232816,0.03302456495388465,0.27488299408990324,-0.6273942649715883,-0.6233462208973923,-1.351101627055929,-1.2757178552580426,1.6038230952041006,-1.2129969885125789,0.0,-0.16757895168880968,2.543107111116947,1.222930053204031,0.40620962341966627,-1.087140178447281,-0.74036189494917,-0.9711853231753894,1.7915310325409948,-0.3068018834182583,-0.8280958917736301,0.0
S19,early_gradual,theta_global,-0.37874701218993345,2.956088988423547,-0.8690026577008777,-0.9660983059074718,-0.08142738788704525,2.115008350955809,-1.0438634226727688,-1.381038657054092,0.5962224668737629,2.6122360372843527,-0.5904418237615715,-0.42696122368322253,-1.7144315845285194,-1.298321133256476,0.0,-0.16757895168880968,-0.35337023639665954,3.009098582713326,-0.8272204072068484,1.8196517425347556,-1.5099688543557923,-2.115551375620861,-1.9170031041662579,2.6495331816399057,-0.03692147288162578,0.0
S19,early_gradual,alpha_global,0.7988791731799926,-0.3236444986995783,-0.8690026577008777,-0.9660983059074718,0.9940286785456521,-0.634674578704716,-1.0438634226727688,1.9308046452338978,-1.239202630894264,-1.513131341897372,1.176936865337797,1.0885819107156962,0.49773820195989416,0.0018563104600506516,0.0,-0.16757895168880968,-0.35337023639665954,-0.5632384763052636,-0.8272204072068484,-1.087140178447281,0.7988520238640747,0.17318072927008196,-1.4534363370778514,0.6786431382677963,0.7542529460103783,0.0
S19,early_gradual,beta_global,0.6306468609842909,-0.21967161042216646,-0.8690026577008777,-0.9660983059074718,0.8403920976266972,-0.5475051555895849,-1.0438634226727688,1.9308046452338978,-0.015585899048912718,-0.5424566644428486,0.45874411181685204,0.7347602260384118,-0.6083466912843126,1.106268400435168,0.0,-0.16757895168880968,-0.35337023639665954,-0.5632384763052636,-0.8272204072068484,-0.11820953811993556,-0.74036189494917,0.745363755492818,-0.9898695699894446,0.18592062742476867,0.7542529460103783,0.0
S19,early_gradual,mu_central,0.46241454878858923,-0.123125357865955,-0.8690026577008777,-0.9660983059074718,0.6867555167077424,-0.4665621205476213,-1.0438634226727688,-0.5530778314820941,-1.1168409577097287,-0.2997879950792177,-1.9831112501543602,-2.148252389503597,0.49773820195989416,-0.46539495837557654,0.0,-0.16757895168880968,-0.35337023639665954,-0.5632384763052636,-0.8272204072068484,-0.11820953811993556,0.02924506445745227,0.17318072927008196,-1.4534363370778514,1.171365649110824,-0.03692147288162578,0.0
S19,early_gradual,beta_central,-0.715211636581344,0.6076565462812302,0.1406828469864306,0.41244183866477335,-0.6959737115628714,1.02021066724388,0.03302456495388465,1.102843819661901,1.1206296376646276,0.8095544934402381,-0.1158100909999037,0.0023222642014249302,0.49773820195989416,1.4036101169669302,0.0,-0.16757895168880968,2.543107111116947,1.222930053204031,0.40620962341966627,-1.087140178447281,0.7988520238640747,0.745363755492818,-0.5263028029010381,-1.2922469051043133,0.7542529460103783,0.0
S19,late_gradual,gait,0.2941822365928804,0.8072349284146252,-0.3641599053572222,-0.27682823362134923,0.379482354869826,0.7343443056169647,0.03302456495388465,-0.5530778314820941,-0.13794757223344795,-0.688057866061027,-1.4607892475936732,-1.3180610343163817,-0.6083466912843126,-1.12379447355305,0.0,-0.16757895168880968,-0.35337023639665954,1.222930053204031,0.40620962341966627,-1.087140178447281,0.02924506445745227,1.3175467817155535,-2.380569871254665,0.18592062742476867,1.5454273649023829,0.0
S19,late_gradual,theta_global,0.2941822365928804,-0.5765429899787229,-0.8690026577008777,-0.9660983059074718,0.5331189357887809,-0.8467011556011025,-1.0438634226727688,-0.5530778314820941,-1.1168409577097287,-1.0763277370428364,0.31510556111266297,0.26095551337148964,0.49773820195989416,-0.9326462272112032,0.0,-0.16757895168880968,-0.35337023639665954,-0.5632384763052636,-0.8272204072068484,-0.11820953811993556,-1.5099688543557923,1.3175467817155535,0.4008307312757749,-1.2922469051043133,0.7542529460103783,0.0
S19,late_gradual,alpha_global,-0.37874701218993345,1.0640898406491444,-0.3641599053572222,-0.27682823362134923,-0.23506396880600014,1.0045847756576094,0.03302456495388465,1.102843819661901,0.4214200766101414,0.5322188713103735,0.32163458614467183,0.9951034471038156,-0.6083466912843126,1.552280975232811,0.0,-0.16757895168880968,2.543107111116947,1.222930053204031,-0.8272204072068484,-0.11820953811993556,-0.74036189494917,0.17318072927008196,-0.5263028029010381,0.18592062742476867,-0.03692147288162578,0.0
S19,late_gradual,beta_global,-0.042282387798522954,0.9460835599420232,-0.8690026577008777,-0.9660983059074718,0.2258457739508711,0.42984776186519014,-1.0438634226727688,-0.5530778314820941,1.8198391987191143,1.6415613598298293,0.8700726888333928,0.5537169516193666,-0.6083466912843126,-0.6777818987554067,0.0,-0.16757895168880968,-0.35337023639665954,-0.5632384763052636,-0.8272204072068484,1.8196517425347556,-0.74036189494917,-0.39900229695265366,-0.5263028029010381,-0.799524394261286,1.5454273649023829,0.0
S19,late_gradual,mu_central,1.6400407341585153,-1.8280005937581014,-0.8690026577008777,-0.9660983059074718,1.7622115831404397,-1.89590580098357,-1.0438634226727688,0.27488299408990324,-2.2588832407653903,-1.91757912417009,-0.6381320935605905,-1.0711838419267745,-0.6083466912843126,-1.12379447355305,0.0,-0.16757895168880968,-0.35337023639665954,-0.5632384763052636,-0.8272204072068484,-1.087140178447281,-1.5099688543557923,-0.39900229695265366,1.3279642654525885,-0.3068018834182583,0.7542529460103783,0.0
S19,late_gradual,beta_central,1.4718084219628136,-2.2338161866094093,-0.8690026577008777,-0.9660983059074718,1.6085750022214849,-2.2361359485350123,-1.0438634226727688,-0.5530778314820941,-3.074627728662291,-2.2411373499882647,-0.36391304221623005,-0.12706560921258045,-0.6083466912843126,-2.0158196231483374,0.0,-0.16757895168880968,-0.35337023639665954,-0.5632384763052636,-0.8272204072068484,-1.087140178447281,-1.5099688543557923,-0.9711853231753894,2.2550977996294015,-0.3068018834182583,-0.03692147288162578,0.0
S20,baseline,gait,-0.8834439487770457,1.3092772578347625,1.1503683516737415,0.9405993734264544,-1.1568834543197426,2.218651289365805,1.109912552580538,0.27488299408990324,-0.6273942649715883,0.99444490819348,-0.8986401923377334,-0.8741309556376156,1.6038230952041006,-0.23176932395776295,0.0,-0.16757895168880968,5.439584458630554,3.009098582713326,1.6396396540461808,-0.11820953811993556,-1.5099688543557923,0.745363755492818,-0.06273603581263132,-1.2922469051043133,0.7542529460103783,0.0
S20,baseline,theta_global,1.3035761097671048,-0.2643856079718948,-0.8690026577008777,-0.9660983059074718,1.4549384213025234,-0.5849927490974396,-1.0438634226727688,-0.5530778314820941,-0.13794757223344795,-0.2997879950792177,0.8521888376587613,0.9183405783239121,-1.7144315845285194,-0.8717004095369909,0.0,-0.16757895168880968,-0.35337023639665954,-0.5632384763052636,-0.8272204072068484,-1.087140178447281,0.7988520238640747,-0.39900229695265366,-1.4534363370778514,0.6786431382677963,1.5454273649023829,0.0
S20,baseline,alpha_global,-0.715211636581344,0.9460835599420232,-0.8690026577008777,-0.9660983059074718,-0.3887005497249616,0.42984776186519014,-1.0438634226727688,1.102843819661901,-0.9769990454988318,-0.5771236172090815,2.688264224921003,1.5595056924719932,-1.7144315845285194,0.8347824853409505,0.0,-0.16757895168880968,-0.35337023639665954,1.222930053204031,-0.8272204072068484,-0.11820953811993556,-0.74036189494917,0.17318072927008196,0.4008307312757749,-0.799524394261286,-0.03692147288162578,0.0
S20,baseline,beta_global,1.6400407341585153,-1.2950575593181075,-0.8690026577008777,-0.9660983059074718,1.7622115831404397,-1.4490937749349062,-1.0438634226727688,-1.381038657054092,-1.8510109968169397,-1.7558000112610028,-1.1212799459292262,-1.019670938579679,0.49773820195989416,-2.334400033718083,0.0,-0.16757895168880968,-0.35337023639665954,-0.5632384763052636,-0.8272204072068484,-1.087140178447281,-0.74036189494917,-0.9711853231753894,1.3279642654525885,-0.799524394261286,1.5454273649023829,0.0
S20,baseline,mu_central,-0.042282387798522954,0.722469170753728,-0.8690026577008777,-0.9660983059074718,0.2258457739508711,0.2423725687766008,-1.0438634226727688,2.758765470805896,0.1883502229253123,0.1316229726783485,1.3205754160419854,0.8879452083292216,0.49773820195989416,2.3381126546381834,0.0,-0.16757895168880968,-0.35337023639665954,-0.5632384763052636,0.40620962341966627,-0.11820953811993556,-0.74036189494917,0.17318072927008196,-0.5263028029010381,-0.3068018834182583,0.7542529460103783,0.0
S20,baseline,beta_central,0.2941822365928804,-0.72164786178121,-0.8690026577008777,-0.9660983059074718,0.5331189357887809,-0.9683550614969321,-1.0438634226727688,0.27488299408990324,1.0040947108222136,0.023770230738956507,1.8951296188587419,1.4788829958268848,0.49773820195989416,0.936358848131304,0.0,-0.16757895168880968,-0.35337023639665954,-0.5632384763052636,-0.8272204072068484,-0.11820953811993556,0.02924506445745227,-0.9711853231753894,-0.06273603581263132,1.6640881599538508,-1.6192703106656343,0.0
S20,early_abrupt,gait,0.2941822365928804,-0.03362136282676217,-0.8690026577008777,-0.9660983059074718,0.5331189357887809,-0.3915232162397087,-1.0438634226727688,-0.5530778314820941,0.8409458132428335,0.8650216178662107,1.5556203171942953,1.5142936638262017,-0.6083466912843126,-1.12379447355305,0.0,-0.16757895168880968,-0.35337023639665954,-0.5632384763052636,0.40620962341966627,-1.087140178447281,0.02924506445745227,-0.9711853231753894,-0.06273603581263132,1.171365649110824,-0.8280958917736301,0.0
S20,early_abrupt,theta_global,1.3035761097671048,0.24978250648295588,-0.8690026577008777,-0.9660983059074718,1.4549384213025234,-0.15392135477741503,-1.0438634226727688,-1.381038657054092,-0.6273942649715883,-0.2997879950792177,-1.4607892475936732,-1.8956040419672202,-0.6083466912843126,-0.6777818987554067,0.0,-0.16757895168880968,-0.35337023639665954,-0.5632384763052636,-0.8272204072068484,-0.11820953811993556,0.02924506445745227,-0.39900229695265366,-1.4534363370778514,0.18592062742476867,2.3366017837943867,0.0
S20,early_abrupt,alpha_global,0.46241454878858923,-0.123125357865955,-0.8690026577008777,-0.9660983059074718,0.6867555167077424,-0.4665621205476213,-1.0438634226727688,1.102843819661901,-0.2777894844443453,-0.2997879950792177,0.45874411181685204,0.5995299486486648,0.49773820195989416,0.0018563104600506516,0.0,-0.16757895168880968,-0.35337023639665954,-0.5632384763052636,-0.8272204072068484,0.8507211022074099,-1.5099688543557923,0.17318072927008196,-0.5263028029010381,0.6786431382677963,-0.03692147288162578,0.0
S20,early_abrupt,beta_global,-0.715211636581344,1.3719207833739129,-0.3641599053572222,-0.27682823362134923,-0.5423371306439164,1.1556920700857296,0.03302456495388465,0.27488299408990324,0.1883502229253123,1.3180031340116551,-0.9776413952250377,-0.8268716073801765,0.49773820195989416,0.0018563104600506516,0.0,-0.16757895168880968,-0.35337023639665954,1.222930053204031,0.40620962341966627,0.8507211022074099,0.7988520238640747,-1.5433683493981252,-0.9898695699894446,0.6786431382677963,-0.03692147288162578,0.0
S20,early_abrupt,mu_central,-0.5469793243856351,1.8280164397258765,-0.8690026577008777,-0.9660983059074718,-0.23506396880600014,1.169248019285244,-1.0438634226727688,-0.5530778314820941,0.8409458132428335,2.8063709727752575,2.2411679455551967,1.853936831537964,-0.6083466912843126,0.6602558256375246,0.0,-0.16757895168880968,-0.35337023639665954,1.222930053204031,0.40620962341966627,-0.11820953811993556,-0.74036189494917,-1.5433683493981252,0.8643974983641817,-0.799524394261286,0.7542529460103783,0.0
S20,early_abrupt,beta_central,0.7988791731799926,-1.5565066053398515,-0.8690026577008777,-0.9660983059074718,0.9940286785456521,-1.6682890179766254,-1.0438634226727688,1.102843819661901,-1.6762086065533182,-1.409130483598673,0.17146701040847384,0.5274261337285252,0.49773820195989416,0.0018563104600506516,0.0,-0.16757895168880968,-0.35337023639665954,-0.5632384763052636,-0.8272204072068484,-1.087140178447281,-0.74036189494917,0.17318072927008196,0.4008307312757749,0.6786431382677963,-0.8280958917736301,0.0
S20,late_abrupt,gait,-0.5469793243856351,0.6724960117007249,-0.8690026577008777,-0.9660983059074718,-0.23506396880600014,0.20047576742711534,-1.0438634226727688,-0.5530778314820941,0.8409458132428335,1.2532914888480196,0.047415534800310674,-0.03579585929884665,-0.6083466912843126,0.2142432508398803,0.0,-0.16757895168880968,-0.35337023639665954,-0.5632384763052636,0.40620962341966627,-0.11820953811993556,-0.74036189494917,0.745363755492818,-0.06273603581263132,-1.2922469051043133,0.7542529460103783,0.0
S20,late_abrupt,theta_global,0.12594992439717873,-0.6274529118870518,-0.8690026577008777,-0.9660983059074718,0.379482354869826,-0.8893833258967364,-1.0438634226727688,1.102843819661901,0.4214200766101414,-0.5771236172090815,-0.6381320935605905,-0.20786178126736043,-0.6083466912843126,1.106268400435168,0.0,-0.16757895168880968,-0.35337023639665954,-0.5632384763052636,-0.8272204072068484,-0.11820953811993556,-1.5099688543557923,1.8897298079382896,-0.5263028029010381,-0.3068018834182583,-0.03692147288162578,0.0
S20,late_abrupt,alpha_global,1.1353437975714031,-0.14504324458938897,-0.8690026577008777,-0.9660983059074718,1.3013018403835686,-0.4849377718663277,-1.0438634226727688,0.27488299408990324,0.1883502229253123,-0.6233462208973923,-0.8986401923377334,-0.8214638212611662,1.6038230952041006,-0.23176932395776295,0.0,-0.16757895168880968,-0.35337023639665954,-0.5632384763052636,-0.8272204072068484,-0.11820953811993556,-0.74036189494917,0.17318072927008196,-0.9898695699894446,0.18592062742476867,1.5454273649023829,0.0
S20,late_abrupt,beta_global,1.808273046354217,-0.6758460169638763,-0.8690026577008777,-0.9660983059074718,1.9158481640593945,-0.9299554319734814,-1.0438634226727688,0.27488299408990324,-2.2588832407653903,-1.5940208983519157,-0.9776413952250377,-0.436570522268988,0.49773820195989416,-0.9326462272112032,0.0,-0.16757895168880968,-0.35337023639665954,-0.5632384763052636,-0.8272204072068484,-0.11820953811993556,-0.74036189494917,-1.5433683493981252,-0.5263028029010381,1.6640881599538508,0.7542529460103783,0.0
S20,late_abrupt,mu_central,-0.5469793243856351,0.8978224924915567,-0.3641599053572222,-0.27682823362134923,-0.3887005497249616,0.786863765964899,0.03302456495388465,-0.5530778314820941,-0.13794757223344795,1.2532914888480196,0.0278284597042854,-0.5180791826134934,0.49773820195989416,-0.46539495837557654,0.0,-0.16757895168880968,-0.35337023639665954,1.222930053204031,1.6396396540461808,-1.087140178447281,0.02924506445745227,-0.9711853231753894,-0.06273603581263132,0.6786431382677963,-0.8280958917736301,0.0
S20,late_abrupt,beta_central,-1.5563731975598596,1.5313892306240469,-0.8690026577008777,-0.9660983059074718,-1.1568834543197426,0.9205598936974577,-1.0438634226727688,0.27488299408990324,1.0040947108222136,0.34732845655713157,-0.2594486417040928,-0.39424871785934135,0.49773820195989416,0.46910757929567676,0.0,-0.16757895168880968,-0.35337023639665954,-0.5632384763052636,0.40620962341966627,0.8507211022074099,0.7988520238640747,0.17318072927008196,-0.5263028029010381,-2.2776919267903684,1.5454273649023829,0.0
S20,early_gradual,gait,0.6306468609842909,-0.6364908951186977,-0.8690026577008777,-0.9660983059074718,0.8403920976266972,-0.8969606453064345,-1.0438634226727688,-0.5530778314820941,-2.09573434318601,-0.688057866061027,-1.4085570473376043,-1.4632661477622746,0.49773820195989416,-0.9326462272112032,0.0,-0.16757895168880968,-0.35337023639665954,-0.5632384763052636,-0.8272204072068484,-0.11820953811993556,-0.74036189494917,0.17318072927008196,-0.9898695699894446,1.6640881599538508,-0.8280958917736301,0.0
S20,early_gradual,theta_global,0.7988791731799926,0.7861484778494701,0.1406828469864306,0.41244183866477335,0.6867555167077424,1.3691706771047818,0.03302456495388465,1.102843819661901,-0.9769990454988318,-0.2997879950792177,-0.1158100909999037,0.1324226259051538,0.49773820195989416,-0.46539495837557654,0.0,5.963358305218869,2.543107111116947,1.222930053204031,-0.8272204072068484,-0.11820953811993556,-1.5099688543557923,-1.5433683493981252,0.8643974983641817,0.18592062742476867,0.7542529460103783,0.0
S20,early_gradual,alpha_global,0.12594992439717873,1.0977454695166724,-0.8690026577008777,-0.9660983059074718,0.379482354869826,0.5569989970111072,-1.0438634226727688,-0.5530778314820941,-1.1168409577097287,-0.2997879950792177,1.3767818054479728,1.331949323834616,-1.7144315845285194,-0.8717004095369909,0.0,-0.16757895168880968,-0.35337023639665954,-0.5632384763052636,1.6396396540461808,-0.11820953811993556,-1.5099688543557923,-1.5433683493981252,0.4008307312757749,0.6786431382677963,-0.03692147288162578,0.0
S20,early_gradual,beta_global,-0.37874701218993345,0.8445523858090538,-0.8690026577008777,-0.9660983059074718,-0.08142738788704525,0.3447254379209045,-1.0438634226727688,0.27488299408990324,-0.6273942649715883,0.023770230738956507,1.2814012658499347,1.0788920699754403,-0.6083466912843126,-0.6777818987554067,0.0,-0.16757895168880968,-0.35337023639665954,-0.5632384763052636,0.40620962341966627,-0.11820953811993556,0.02924506445745227,0.17318072927008196,-1.4534363370778514,0.6786431382677963,-0.03692147288162578,0.0
S20,early_gradual,mu_central,0.9671114853757015,0.3412621488619095,-0.8690026577008777,-0.9660983059074718,1.1476652594646135,-0.07722609522402342,-1.0438634226727688,-1.381038657054092,-1.8510109968169397,-0.2997879950792177,-1.5978987732658536,-1.4183081366806465,-0.6083466912843126,-1.12379447355305,0.0,-0.16757895168880968,-0.35337023639665954,-0.5632384763052636,0.40620962341966627,-1.087140178447281,-0.74036189494917,0.17318072927008196,-0.9898695699894446,0.18592062742476867,1.5454273649023829,0.0
S20,early_gradual,beta_central,-1.0516762609727472,0.4610982016613205,-0.8690026577008777,-0.9660983059074718,-0.6959737115628714,0.023242784346271847,-1.0438634226727688,-0.5530778314820941,-0.13794757223344795,0.4767517468844009,-1.0494606705771319,-1.065198940293087,-0.6083466912843126,0.2142432508398803,0.0,-0.16757895168880968,-0.35337023639665954,-0.5632384763052636,-0.8272204072068484,0.8507211022074099,1.5684589832706968,-0.9711853231753894,-0.5263028029010381,0.18592062742476867,-0.8280958917736301,0.0
S20,late_gradual,gait,0.9671114853757015,-1.1852955060155683,-0.8690026577008777,-0.9660983059074718,1.1476652594646135,-1.357070796398556,-1.0438634226727688,1.102843819661901,-0.9769990454988318,-0.8544592393389455,0.5958536374890323,0.6868810129689128,-0.6083466912843126,0.2142432508398803,0.0,-0.16757895168880968,-0.35337023639665954,-0.5632384763052636,-0.8272204072068484,-1.087140178447281,0.02924506445745227,-0.9711853231753894,0.8643974983641817,0.18592062742476867,-0.03692147288162578,0.0
S20,late_gradual,theta_global,0.7988791731799926,0.3185241300637945,-0.8690026577008777,-0.9660983059074718,0.9940286785456521,-0.09628933386489222,-1.0438634226727688,0.27488299408990324,1.0040947108222136,0.6708866823753058,-0.9776413952250377,-1.0416155779031997,0.49773820195989416,0.0018563104600506516,0.0,-0.16757895168880968,-0.35337023639665954,-0.5632384763052636,-0.8272204072068484,0.8507211022074099,-0.74036189494917,-0.9711853231753894,-0.06273603581263132,-0.3068018834182583,1.5454273649023829,0.0
S20,late_gradual,alpha_global,-0.8834439487770457,0.6533540736200764,-0.8690026577008777,-0.9660983059074718,-0.5423371306439164,0.18442743283296903,-1.0438634226727688,-0.5530778314820941,-0.13794757223344795,0.08848187590259203,0.8521888376587613,0.6006203655094605,-1.7144315845285194,0.40816176162146445,0.0,-0.16757895168880968,-0.35337023639665954,-0.5632384763052636,-0.8272204072068484,1.8196517425347556,0.02924506445745227,-0.39900229695265366,-0.9898695699894446,0.6786431382677963,-0.8280958917736301,0.0
S20,late_gradual,beta_global,-0.8834439487770457,1.4126609750538424,-0.8690026577008777,-0.9660983059074718,-0.5423371306439164,0.8210197759130311,-1.0438634226727688,0.27488299408990324,0.1883502229253123,1.3180031340116551,2.378277471227377,1.8449594790874335,-0.6083466912843126,0.2142432508398803,0.0,-0.16757895168880968,-0.35337023639665954,-0.5632384763052636,1.6396396540461808,0.8507211022074099,-1.5099688543557923,-0.9711853231753894,-0.06273603581263132,0.6786431382677963,-0.8280958917736301,0.0
S20,late_gradual,mu_central,0.12594992439717873,0.2982393423487175,-0.3641599053572222,-0.27682823362134923,0.2258457739508711,0.33692075864128973,0.03302456495388465,0.27488299408990324,1.0040947108222136,1.3180031340116551,-0.5467257431124704,-0.2782556242921601,0.49773820195989416,1.4036101169669302,0.0,-0.16757895168880968,-0.35337023639665954,1.222930053204031,0.40620962341966627,-1.087140178447281,0.7988520238640747,-1.5433683493981252,0.4008307312757749,0.18592062742476867,-0.03692147288162578,0.0
S20,late_gradual,beta_central,-1.0516762609727472,1.448913983661099,-0.8690026577008777,-0.9660983059074718,-0.6959737115628714,0.8514137939963875,-1.0438634226727688,-1.381038657054092,1.8198391987191143,3.0975733760116144,1.7514910681545521,1.7140041314360341,0.49773820195989416,-0.46539495837557654,0.0,-0.16757895168880968,-0.35337023639665954,1.222930053204031,0.40620962341966627,-0.11820953811993556,-0.74036189494917,-0.9711853231753894,-0.06273603581263132,1.171365649110824,-1.6192703106656343,0.0
S21,baseline,gait,0.7988791731799926,-0.4616441630866729,-0.8690026577008777,-0.9660983059074718,0.9940286785456521,-0.7503715775474242,-1.0438634226727688,0.27488299408990324,-0.6273942649715883,-0.2997879950792177,-0.6903642938166595,-0.5368888734622248,0.49773820195989416,0.0018563104600506516,0.0,-0.16757895168880968,-0.35337023639665954,-0.5632384763052636,-0.8272204072068484,-0.11820953811993556,0.02924506445745227,-1.5433683493981252,0.4008307312757749,0.6786431382677963,-0.03692147288162578,0.0
S21,baseline,theta_global,0.7988791731799926,-0.6034310708226475,-0.8690026577008777,-0.9660983059074718,0.9940286785456521,-0.869243748527677,-1.0438634226727688,-0.5530778314820941,-0.13794757223344795,-0.688057866061027,-0.5010225678884103,-0.246763641886329,-0.6083466912843126,0.2142432508398803,0.0,-0.16757895168880968,-0.35337023639665954,-0.5632384763052636,-0.8272204072068484,-0.11820953811993556,-0.74036189494917,-0.39900229695265366,-0.06273603581263132,0.6786431382677963,-0.03692147288162578,0.0
S21,baseline,alpha_global,2.1447376707456276,-2.0608745398466155,-0.8690026577008777,-0.9660983059074718,2.223121325897311,-2.0911440777631713,-1.0438634226727688,-2.2089994826260893,-1.4431387528684894,-1.5940208983519157,0.45874411181685204,0.5304929311495145,-1.7144315845285194,-2.151562580695446,0.0,-0.16757895168880968,-0.35337023639665954,-0.5632384763052636,-0.8272204072068484,-1.087140178447281,-1.5099688543557923,-0.9711853231753894,0.8643974983641817,0.6786431382677963,0.7542529460103783,0.0
S21,baseline,beta_global,-0.042282387798522954,0.8352432150266724,-0.8690026577008777,-0.9660983059074718,0.2258457739508711,0.33692075864128973,-1.0438634226727688,0.27488299408990324,0.1883502229253123,0.023770230738956507,-0.1158100909999037,0.2640904618462776,0.49773820195989416,0.0018563104600506516,0.0,-0.16757895168880968,-0.35337023639665954,-0.5632384763052636,0.40620962341966627,-0.11820953811993556,0.02924506445745227,-0.9711853231753894,-0.06273603581263132,-0.3068018834182583,0.7542529460103783,0.0
S21,baseline,mu_central,0.2941822365928804,-0.1642934945477702,-0.8690026577008777,-0.9660983059074718,0.5331189357887809,-0.5010769136319866,-1.0438634226727688,1.102843819661901,0.4214200766101414,-0.02245237294935397,0.1845250604724916,-0.001382674905143326,-0.6083466912843126,0.2142432508398803,0.0,-0.16757895168880968,-0.35337023639665954,-0.5632384763052636,-0.8272204072068484,0.8507211022074099,-0.74036189494917,-1.5433683493981252,1.3279642654525885,-0.3068018834182583,-0.03692147288162578,0.0
S21,baseline,beta_central,0.46241454878858923,0.7295761374165657,-0.8690026577008777,-0.9660983059074718,0.6867555167077424,0.24833095075830655,-1.0438634226727688,1.102843819661901,-0.2777894844443453,-0.02245237294935397,-0.1158100909999037,-0.3613317588740604,0.49773820195989416,0.0018563104600506516,0.0,-0.16757895168880968,-0.35337023639665954,-0.5632384763052636,0.40620962341966627,-0.11820953811993556,0.02924506445745227,-2.115551375620861,0.4008307312757749,0.18592062742476867,0.7542529460103783,0.0
S21,early_abrupt,gait,0.2941822365928804,-0.8711752048914102,-0.8690026577008777,-0.9660983059074718,0.5331189357887809,-1.0937167058140316,-1.0438634226727688,1.102843819661901,-0.2777894844443453,-0.5771236172090815,0.0278284597042854,0.12772020319297095,0.49773820195989416,0.0018563104600506516,0.0,-0.16757895168880968,-0.35337023639665954,-0.5632384763052636,-0.8272204072068484,-0.11820953811993556,-1.5099688543557923,1.3175467817155535,-0.5263028029010381,0.6786431382677963,-0.8280958917736301,0.0
S21,early_abrupt,theta_global,0.7988791731799926,0.19575604648022463,-0.8690026577008777,-0.9660983059074718,0.9940286785456521,-0.19921638725574162,-1.0438634226727688,1.102843819661901,-0.9769990454988318,-0.5771236172090815,-1.0494606705771319,-0.9300897859125927,1.6038230952041006,-0.7223831562351708,0.0,-0.16757895168880968,-0.35337023639665954,-0.5632384763052636,0.40620962341966627,-1.087140178447281,-0.74036189494917,-0.39900229695265366,0.4008307312757749,-0.799524394261286,1.5454273649023829,0.0
S21,early_abrupt,alpha_global,-0.2105146999942318,0.8978224924915567,-0.8690026577008777,-0.9660983059074718,0.07220919303190965,0.389386354297545,-1.0438634226727688,-0.5530778314820941,1.8198391987191143,1.2532914888480196,0.45874411181685204,0.1641128659220398,-1.7144315845285194,-0.8717004095369909,0.0,-0.16757895168880968,-0.35337023639665954,-0.5632384763052636,-0.8272204072068484,2.788582382862101,-1.5099688543557923,-1.5433683493981252,0.8643974983641817,-0.799524394261286,0.7542529460103783,0.0
S21,early_abrupt,beta_global,-0.2105146999942318,-0.7493352792367604,-0.8690026577008777,-0.9660983059074718,0.07220919303190965,-0.9915678071187393,-1.0438634226727688,0.27488299408990324,-1.4431387528684894,-0.6233462208973923,-1.4085570473376043,-1.3582453738568545,0.49773820195989416,-0.9326462272112032,0.0,-0.16757895168880968,-0.35337023639665954,-0.5632384763052636,-0.8272204072068484,-0.11820953811993556,-0.74036189494917,0.17318072927008196,1.7915310325409948,-1.7849694159473408,-0.03692147288162578,0.0
S21,early_abrupt,mu_central,1.976505358549926,-1.6575637626933417,-0.8690026577008777,-0.9660983059074718,2.069484744978356,-1.75301393284727,-1.0438634226727688,0.27488299408990324,-2.2588832407653903,-1.91757912417009,0.06529938597494346,-0.26523877301640725,-1.7144315845285194,-0.8717004095369909,0.0,-0.16757895168880968,-0.35337023639665954,-0.5632384763052636,-0.8272204072068484,-1.087140178447281,-1.5099688543557923,0.17318072927008196,-0.5263028029010381,1.171365649110824,0.7542529460103783,0.0
S21,early_abrupt,beta_central,-0.8834439487770457,-0.2113288129695774,-0.8690026577008777,-0.9660983059074718,-0.5423371306439164,-0.5405106702659858,-1.0438634226727688,1.9308046452338978,-1.239202630894264,-0.2997879950792177,-0.14453780114074138,-0.7128378566097386,1.6038230952041006,1.2400721728744613,0.0,-0.16757895168880968,-0.35337023639665954,-0.5632384763052636,-0.8272204072068484,0.8507211022074099,-0.74036189494917,0.745363755492818,0.4008307312757749,-0.799524394261286,-0.8280958917736301,0.0
S21,late_abrupt,gait,0.2941822365928804,0.4610982016613205,-0.3641599053572222,-0.27682823362134923,0.379482354869826,0.37389357714842075,0.03302456495388465,-1.381038657054092,-0.6273942649715883,-0.2997879950792177,-1.0494606705771319,-1.0547253624341342,-0.6083466912843126,-1.12379447355305,0.0,-0.16757895168880968,-0.35337023639665954,-0.5632384763052636,0.40620962341966627,0.8507211022074099,0.02924506445745227,-0.9711853231753894,-0.5263028029010381,0.18592062742476867,0.7542529460103783,0.0
S21,late_abrupt,theta_global,-0.715211636581344,0.24978250648295588,-0.3641599053572222,-0.27682823362134923,-0.5423371306439164,0.37389357714842075,0.03302456495388465,1.102843819661901,-0.2777894844443453,0.25488324918050975,0.45874411181685204,0.939671858163235,0.49773820195989416,0.0018563104600506516,0.0,-0.16757895168880968,2.543107111116947,1.222930053204031,-0.8272204072068484,-1.087140178447281,0.02924506445745227,-0.39900229695265366,0.8643974983641817,0.18592062742476867,-1.6192703106656343,0.0
S21,late_abrupt,alpha_global,1.1353437975714031,-0.14504324458938897,-0.3641599053572222,-0.27682823362134923,1.1476652594646135,0.023242784346271847,0.03302456495388465,1.102843819661901,-0.9769990454988318,-0.5771236172090815,-1.4085570473376043,-1.0118335673927072,0.49773820195989416,-0.46539495837557654,0.0,-0.16757895168880968,-0.35337023639665954,1.222930053204031,0.40620962341966627,-1.087140178447281,-1.5099688543557923,0.17318072927008196,-0.5263028029010381,0.6786431382677963,0.7542529460103783,0.0
S21,late_abrupt,beta_global,0.2941822365928804,-0.03362136282676217,-0.3641599053572222,-0.27682823362134923,0.379482354869826,0.08709149848690932,0.03302456495388465,1.102843819661901,-0.9769990454988318,-0.5771236172090815,0.0278284597042854,0.21863370896184206,0.49773820195989416,0.46910757929567676,0.0,-0.16757895168880968,-0.35337023639665954,1.222930053204031,0.40620962341966627,-1.087140178447281,-0.74036189494917,0.17318072927008196,-0.06273603581263132,0.18592062742476867,-0.03692147288162578,0.0
S21,late_abrupt,mu_central,-0.042282387798522954,0.49069062239831657,-0.8690026577008777,-0.9660983059074718,0.2258457739508711,0.04805265821782996,-1.0438634226727688,1.102843819661901,-0.2777894844443453,-0.02245237294935397,0.5958536374890323,0.38763593128454044,-0.6083466912843126,-0.6777818987554067,0.0,-0.16757895168880968,-0.35337023639665954,1.222930053204031,-0.8272204072068484,-1.087140178447281,0.02924506445745227,-0.9711853231753894,0.4008307312757749,0.6786431382677963,-0.8280958917736301,0.0
S21,late_abrupt,beta_central,-0.5469793243856351,0.8978224924915567,-0.8690026577008777,-0.9660983059074718,-0.23506396880600014,0.389386354297545,-1.0438634226727688,1.9308046452338978,-0.6273942649715883,0.6708866823753058,0.17146701040847384,0.14652989404170333,0.49773820195989416,1.8708613858025573,0.0,-0.16757895168880968,-0.35337023639665954,1.222930053204031,-0.8272204072068484,-0.11820953811993556,0.02924506445745227,-1.5433683493981252,0.8643974983641817,0.18592062742476867,-0.8280958917736301,0.0
S21,early_gradual,gait,0.7988791731799926,-0.3236444986995783,-0.8690026577008777,-0.9660983059074718,0.9940286785456521,-0.634674578704716,-1.0438634226727688,1.102843819661901,-0.2777894844443453,-0.5771236172090815,-0.9776413952250377,-0.6419096473676454,0.49773820195989416,-0.9326462272112032,0.0,-0.16757895168880968,-0.35337023639665954,-0.5632384763052636,-0.8272204072068484,-1.087140178447281,0.02924506445745227,1.3175467817155535,-1.4534363370778514,-0.3068018834182583,1.5454273649023829,0.0
S21,early_gradual,theta_global,-0.37874701218993345,0.13600340446033565,-0.8690026577008777,-0.9660983059074718,-0.08142738788704525,-0.2493121710775924,-1.0438634226727688,0.27488299408990324,-1.4431387528684894,-1.2704626725337411,0.32163458614467183,0.49386793528249234,-0.6083466912843126,-1.12379447355305,0.0,-0.16757895168880968,-0.35337023639665954,-0.5632384763052636,-0.8272204072068484,-1.087140178447281,2.3380659426773196,0.17318072927008196,-0.9898695699894446,-0.799524394261286,0.7542529460103783,0.0
S21,early_gradual,alpha_global,0.46241454878858923,0.6148941767464363,-0.8690026577008777,-0.9660983059074718,0.6867555167077424,0.15218319032815666,-1.0438634226727688,-0.5530778314820941,1.8198391987191143,1.6415613598298293,0.1845250604724916,-0.09564487563572092,-0.6083466912843126,-0.23176932395776295,0.0,-0.16757895168880968,-0.35337023639665954,-0.5632384763052636,-0.8272204072068484,0.8507211022074099,0.02924506445745227,-0.9711853231753894,-0.5263028029010381,-0.3068018834182583,1.5454273649023829,0.0
S21,early_gradual,beta_global,1.3035761097671048,-1.1448272018929624,-0.8690026577008777,-0.9660983059074718,1.4549384213025234,-1.3231427331961256,-1.0438634226727688,-0.5530778314820941,-1.1168409577097287,-0.2997879950792177,-1.5521955980417934,-1.574556818617272,0.49773820195989416,-0.9326462272112032,0.0,-0.16757895168880968,-0.35337023639665954,-0.5632384763052636,-0.8272204072068484,-0.11820953811993556,-1.5099688543557923,-0.9711853231753894,0.8643974983641817,0.6786431382677963,-0.03692147288162578,0.0
S21,early_gradual,mu_central,-0.715211636581344,2.427756661790268,-0.3641599053572222,-0.27682823362134923,-0.5423371306439164,2.1370286977259685,0.03302456495388465,1.9308046452338978,-0.015585899048912718,0.4282180130116749,0.1845250604724916,0.4534698492551023,-0.6083466912843126,1.106268400435168,0.0,5.963358305218869,2.543107111116947,-0.5632384763052636,0.40620962341966627,-0.11820953811993556,-0.74036189494917,-0.9711853231753894,-0.06273603581263132,-0.3068018834182583,0.7542529460103783,0.0
S21,early_gradual,beta_central,1.4718084219628136,-0.9767616629907088,-0.8690026577008777,-0.9660983059074718,1.6085750022214849,-1.1822389234206898,-1.0438634226727688,-1.381038657054092,-0.6273942649715883,-0.7851253338064794,-0.7752416192327715,-0.566955879288607,-0.6083466912843126,-1.12379447355305,0.0,-0.16757895168880968,-0.35337023639665954,-0.5632384763052636,-0.8272204072068484,-1.087140178447281,0.02924506445745227,-0.9711853231753894,-0.06273603581263132,0.6786431382677963,0.7542529460103783,0.0
S21,late_gradual,gait,-1.0516762609727472,0.8072349284146252,0.6455255993300861,0.5481147744540757,-1.1568834543197426,1.4084164329967797,1.109912552580538,1.102843819661901,1.1206296376646276,0.8095544934402381,1.2814012658499347,1.372152250026125,-0.6083466912843126,1.106268400435168,0.0,-0.16757895168880968,2.543107111116947,1.222930053204031,1.6396396540461808,-0.11820953811993556,0.02924506445745227,1.3175467817155535,-1.4534363370778514,-0.3068018834182583,-0.03692147288162578,0.0
S21,late_gradual,theta_global,1.4718084219628136,-0.6758460169638763,-0.8690026577008777,-0.9660983059074718,1.6085750022214849,-0.9299554319734814,-1.0438634226727688,-2.2089994826260893,0.1883502229253123,-0.2997879950792177,-0.9776413952250377,-0.7673075863591915,0.49773820195989416,-2.334400033718083,0.0,-0.16757895168880968,-0.35337023639665954,-0.5632384763052636,-0.8272204072068484,-1.087140178447281,0.7988520238640747,-1.5433683493981252,-0.5263028029010381,1.171365649110824,0.7542529460103783,0.0
S21,late_gradual,alpha_global,0.2941822365928804,-0.72164786178121,-0.8690026577008777,-0.9660983059074718,0.5331189357887809,-0.9683550614969321,-1.0438634226727688,-2.2089994826260893,1.8198391987191143,0.99444490819348,0.1845250604724916,0.2439982920760414,-0.6083466912843126,-0.6777818987554067,0.0,-0.16757895168880968,-0.35337023639665954,-0.5632384763052636,-0.8272204072068484,-0.11820953811993556,-0.74036189494917,0.17318072927008196,-0.06273603581263132,0.6786431382677963,-0.8280958917736301,0.0
S21,late_gradual,beta_global,-0.042282387798522954,0.24978250648295588,-0.8690026577008777,-0.9660983059074718,0.2258457739508711,-0.15392135477741503,-1.0438634226727688,0.27488299408990324,0.1883502229253123,0.34732845655713157,-0.5010225678884103,-0.022329830623049978,-0.6083466912843126,0.2142432508398803,0.0,-0.16757895168880968,-0.35337023639665954,-0.5632384763052636,0.40620962341966627,-0.11820953811993556,-0.74036189494917,-0.9711853231753894,0.4008307312757749,0.6786431382677963,-0.8280958917736301,0.0
S21,late_gradual,mu_central,1.1353437975714031,-1.1616444539990287,-0.8690026577008777,-0.9660983059074718,1.3013018403835686,-1.3372420834090024,-1.0438634226727688,1.102843819661901,-0.2777894844443453,-1.1317948614688094,-0.1158100909999037,0.06345375945980397,0.49773820195989416,0.0018563104600506516,0.0,-0.16757895168880968,-0.35337023639665954,-0.5632384763052636,-0.8272204072068484,-1.087140178447281,-0.74036189494917,0.745363755492818,-0.9898695699894446,1.171365649110824,-0.03692147288162578,0.0
S21,late_gradual,beta_central,0.12594992439717873,0.2982393423487175,-0.8690026577008777,-0.9660983059074718,0.379482354869826,-0.11329581769381458,-1.0438634226727688,-0.5530778314820941,-0.13794757223344795,0.8650216178662107,-0.5467257431124704,-0.3033352120904693,0.49773820195989416,-0.9326462272112032,0.0,-0.16757895168880968,-0.35337023639665954,-0.5632384763052636,-0.8272204072068484,0.8507211022074099,0.02924506445745227,-0.9711853231753894,-0.5263028029010381,0.6786431382677963,-0.03692147288162578,0.0
S22,baseline,gait,-3.238696319516905,2.6544158658017216,3.169739361048358,1.6048923204243601,-3.922341910860973,4.0708730328529095,3.2636885278338448,1.9308046452338978,0.5962224668737629,2.6122360372843527,1.6927298428664757,1.574142680163076,-0.6083466912843126,2.8903186996257433,0.0,12.09429556212655,8.336061806144162,6.5814356417319155,1.6396396540461808,0.8507211022074099,0.02924506445745227,-0.9711853231753894,0.4008307312757749,-1.2922469051043133,-0.8280958917736301,0.0
S22,baseline,theta_global,1.808273046354217,0.9529491154273227,0.1406828469864306,0.41244183866477335,1.6085750022214849,1.524755373707944,0.03302456495388465,-2.2089994826260893,0.1883502229253123,2.2886778114661785,-1.5978987732658536,-1.3764138252448341,-0.6083466912843126,-2.0158196231483374,0.0,5.963358305218869,2.543107111116947,1.222930053204031,-0.8272204072068484,-0.11820953811993556,-1.5099688543557923,-2.115551375620861,-0.06273603581263132,0.6786431382677963,2.3366017837943867,0.0
S22,baseline,alpha_global,1.4718084219628136,-0.39218982717722795,-0.8690026577008777,-0.9660983059074718,1.6085750022214849,-0.6921420285334804,-1.0438634226727688,-0.5530778314820941,-0.13794757223344795,0.8650216178662107,-0.44617875761953846,-0.47583575191571625,1.6038230952041006,-2.194224653067395,0.0,-0.16757895168880968,-0.35337023639665954,-0.5632384763052636,-0.8272204072068484,-0.11820953811993556,-0.74036189494917,-0.39900229695265366,-1.4534363370778514,1.6640881599538508,0.7542529460103783,0.0
S22,baseline,beta_global,0.46241454878858923,-0.12312535786595409,-0.8690026577008777,-0.9660983059074718,0.6867555167077424,-0.4665621205476206,-1.0438634226727688,-0.5530778314820941,-0.13794757223344795,0.08848187590259203,-0.9776413952250377,-0.8221691846679937,0.49773820195989416,0.46910757929567676,0.0,-0.16757895168880968,-0.35337023639665954,-0.5632384763052636,-0.8272204072068484,-0.11820953811993556,0.02924506445745227,-0.39900229695265366,-0.06273603581263132,-0.3068018834182583,0.7542529460103783,0.0
S22,baseline,mu_central,-0.2105146999942318,-0.05788895999557278,-0.8690026577008777,-0.9660983059074718,0.07220919303190965,-0.41186883210787134,-1.0438634226727688,0.27488299408990324,0.1883502229253123,-0.2997879950792177,0.06529938597494346,0.34014703788680245,-1.7144315845285194,-0.018458962098020476,0.0,-0.16757895168880968,-0.35337023639665954,-0.5632384763052636,-0.8272204072068484,-1.087140178447281,2.3380659426773196,-0.39900229695265366,-0.9898695699894446,0.18592062742476867,-0.03692147288162578,0.0
S22,baseline,beta_central,-0.2105146999942318,0.4388091914688967,-0.8690026577008777,-0.9660983059074718,0.07220919303190965,0.004555988274040761,-1.0438634226727688,-0.5530778314820941,-0.13794757223344795,0.4767517468844009,-0.5467257431124704,-0.3205774287018077,0.49773820195989416,-0.46539495837557654,0.0,-0.16757895168880968,-0.35337023639665954,-0.5632384763052636,0.40620962341966627,-0.11820953811993556,-0.74036189494917,-0.39900229695265366,0.4008307312757749,-0.3068018834182583,-0.03692147288162578,0.0
S22,early_abrupt,gait,-0.37874701218993345,0.6173048569062741,0.1406828469864306,-0.012749466240508704,-0.3887005497249616,0.9574645900549643,1.109912552580538,0.27488299408990324,-1.4431387528684894,0.34732845655713157,0.5958536374890323,0.7272790989963027,-0.6083466912843126,0.2142432508398803,0.0,-0.16757895168880968,2.543107111116947,1.222930053204031,0.40620962341966627,-0.11820953811993556,-1.5099688543557923,0.17318072927008196,0.4008307312757749,0.18592062742476867,-0.8280958917736301,0.0
S22,early_abrupt,theta_global,0.6306468609842909,-0.21967161042216646,-0.8690026577008777,-0.9660983059074718,0.8403920976266972,-0.5475051555895849,-1.0438634226727688,0.27488299408990324,-0.6273942649715883,-0.6233462208973923,-0.08969399087186956,0.08390217337490286,-0.6083466912843126,-0.6777818987554067,0.0,-0.16757895168880968,-0.35337023639665954,-0.5632384763052636,-0.8272204072068484,-1.087140178447281,0.7988520238640747,0.745363755492818,-1.9170031041662579,0.6786431382677963,0.7542529460103783,0.0
S22,early_abrupt,alpha_global,0.2941822365928804,-1.1852955060155683,-0.8690026577008777,-0.9660983059074718,0.5331189357887809,-1.357070796398556,-1.0438634226727688,0.27488299408990324,-0.6273942649715883,-0.9469044467155665,-0.1158100909999037,-0.3174424802270188,0.49773820195989416,-0.46539495837557654,0.0,-0.16757895168880968,-0.35337023639665954,-0.5632384763052636,-0.8272204072068484,-1.087140178447281,0.02924506445745227,-0.39900229695265366,1.7915310325409948,-1.2922469051043133,-0.03692147288162578,0.0
S22,early_abrupt,beta_global,-0.8834439487770457,0.8793432054885305,-0.8690026577008777,-0.9660983059074718,-0.5423371306439164,0.37389357714842075,-1.0438634226727688,0.27488299408990324,1.8198391987191143,1.6415613598298293,0.31510556111266297,0.5775853093251445,0.49773820195989416,0.936358848131304,0.0,-0.16757895168880968,-0.35337023639665954,-0.5632384763052636,-0.8272204072068484,1.8196517425347556,0.02924506445745227,0.17318072927008196,-1.4534363370778514,0.18592062742476867,-0.03692147288162578,0.0
S22,early_abrupt,mu_central,-0.2105146999942318,-1.0550821663556647,-0.8690026577008777,-0.9660983059074718,0.07220919303190965,-1.247901743887832,-1.0438634226727688,-0.5530778314820941,-1.1168409577097287,-1.0763277370428364,-0.5467257431124704,-0.5180791826134934,0.49773820195989416,-0.46539495837557654,0.0,-0.16757895168880968,-0.35337023639665954,-0.5632384763052636,-0.8272204072068484,-1.087140178447281,0.02924506445745227,1.3175467817155535,-0.06273603581263132,-0.3068018834182583,-0.8280958917736301,0.0
S22,early_abrupt,beta_central,0.2941822365928804,0.46109820166132137,-0.8690026577008777,-0.9660983059074718,0.5331189357887809,0.023242784346272603,-1.0438634226727688,2.758765470805896,-0.8993090942705555,-0.7311989628367839,0.45874411181685204,0.08240594796648047,-0.6083466912843126,-0.23176932395776295,0.0,-0.16757895168880968,-0.35337023639665954,1.222930053204031,-0.8272204072068484,-1.087140178447281,-1.5099688543557923,1.3175467817155535,-0.9898695699894446,0.6786431382677963,-0.03692147288162578,0.0
S22,late_abrupt,gait,0.6306468609842909,-1.253574174077928,-0.8690026577008777,-0.9660983059074718,0.8403920976266972,-1.414314681844782,-1.0438634226727688,-0.5530778314820941,-0.13794757223344795,-1.0763277370428364,-0.5010225678884103,-0.5100993137685765,-0.6083466912843126,-1.12379447355305,0.0,-0.16757895168880968,-0.35337023639665954,-0.5632384763052636,-0.8272204072068484,-1.087140178447281,0.02924506445745227,-0.9711853231753894,1.7915310325409948,-0.799524394261286,-0.03692147288162578,0.0
S22,late_abrupt,theta_global,-0.042282387798522954,0.1255483170752697,-0.8690026577008777,-0.9660983059074718,0.2258457739508711,-0.25807757089550315,-1.0438634226727688,0.27488299408990324,-0.6273942649715883,0.023770230738956507,0.45874411181685204,0.2687928845584614,0.49773820195989416,-0.46539495837557654,0.0,-0.16757895168880968,-0.35337023639665954,-0.5632384763052636,-0.8272204072068484,0.8507211022074099,-0.74036189494917,-0.39900229695265366,0.8643974983641817,-1.2922469051043133,0.7542529460103783,0.0
S22,late_abrupt,alpha_global,1.3035761097671048,0.6076565462812302,-0.8690026577008777,-0.9660983059074718,1.4549384213025234,0.146115261632272,-1.0438634226727688,-0.5530778314820941,-1.1168409577097287,0.08848187590259203,0.7460212132252303,0.8581631978187295,0.49773820195989416,-1.3998974960468298,0.0,-0.16757895168880968,-0.35337023639665954,1.222930053204031,-0.8272204072068484,-1.087140178447281,-1.5099688543557923,0.17318072927008196,-0.9898695699894446,0.6786431382677963,1.5454273649023829,0.0
S22,late_abrupt,beta_global,-0.042282387798522954,-0.26438560797189575,-0.8690026577008777,-0.9660983059074718,0.2258457739508711,-0.5849927490974404,-1.0438634226727688,0.27488299408990324,-0.6273942649715883,0.023770230738956507,-1.5019221052953269,-1.5769080299733635,1.6038230952041006,0.2588445083196455,0.0,-0.16757895168880968,-0.35337023639665954,-0.5632384763052636,0.40620962341966627,-1.087140178447281,0.02924506445745227,-1.5433683493981252,1.7915310325409948,-0.3068018834182583,-0.8280958917736301,0.0
S22,late_abrupt,mu_central,-0.042282387798522954,0.3714454988537663,-0.8690026577008777,-0.9660983059074718,0.2258457739508711,-0.05192079448588996,-1.0438634226727688,0.27488299408990324,-0.6273942649715883,-0.2997879950792177,-0.5467257431124704,-0.04313448868301062,0.49773820195989416,-0.46539495837557654,0.0,-0.16757895168880968,-0.35337023639665954,-0.5632384763052636,-0.8272204072068484,1.8196517425347556,-1.5099688543557923,-0.9711853231753894,1.3279642654525885,-1.2922469051043133,0.7542529460103783,0.0
S22,late_abrupt,beta_central,1.1353437975714031,0.23696418940197198,-0.8690026577008777,-0.9660983059074718,1.3013018403835686,-0.16466805349636315,-1.0438634226727688,-1.381038657054092,-1.8510109968169397,-0.7851253338064794,-0.7215900657088744,-0.6845722070462911,-1.7144315845285194,-1.7249418569759614,0.0,-0.16757895168880968,-0.35337023639665954,-0.5632384763052636,-0.8272204072068484,0.8507211022074099,-1.5099688543557923,0.17318072927008196,-1.4534363370778514,0.6786431382677963,1.5454273649023829,0.0
S22,early_gradual,gait,0.2941822365928804,0.46109820166132137,-0.8690026577008777,-0.9660983059074718,0.5331189357887809,0.023242784346272603,-1.0438634226727688,0.27488299408990324,1.0040947108222136,0.99444490819348,0.7460212132252303,0.7797894859490131,0.49773820195989416,0.46910757929567676,0.0,-0.16757895168880968,-0.35337023639665954,-0.5632384763052636,0.40620962341966627,-0.11820953811993556,-0.74036189494917,-0.9711853231753894,-0.06273603581263132,0.6786431382677963,-0.03692147288162578,0.0
S22,early_gradual,theta_global,2.312969982941329,-2.0905292805255655,-0.8690026577008777,-0.9660983059074718,2.3767579068162656,-2.116006199807101,-1.0438634226727688,-1.381038657054092,-0.6273942649715883,-1.2704626725337411,-0.5010225678884103,-0.7390218012571208,-0.6083466912843126,-1.5698070483506938,0.0,-0.16757895168880968,-0.35337023639665954,-0.5632384763052636,-0.8272204072068484,-1.087140178447281,-1.5099688543557923,-0.9711853231753894,0.4008307312757749,1.171365649110824,0.7542529460103783,0.0
S22,early_gradual,alpha_global,-0.37874701218993345,-0.6728076072775983,-0.8690026577008777,-0.9660983059074718,-0.08142738788704525,-0.9274080715612784,-1.0438634226727688,0.27488299408990324,-0.6273942649715883,-0.9469044467155665,2.18240672026712,2.6701634162465755,0.49773820195989416,-0.46539495837557654,0.0,-0.16757895168880968,-0.35337023639665954,-0.5632384763052636,-0.8272204072068484,-1.087140178447281,1.5684589832706968,-0.39900229695265366,0.4008307312757749,-0.3068018834182583,-0.8280958917736301,0.0
S22,early_gradual,beta_global,0.12594992439717873,0.2982393423487175,-0.8690026577008777,-0.9660983059074718,0.379482354869826,-0.11329581769381458,-1.0438634226727688,0.27488299408990324,1.0040947108222136,0.6708866823753058,-0.08969399087186956,-0.21534290830946948,-0.6083466912843126,-1.12379447355305,0.0,-0.16757895168880968,-0.35337023639665954,-0.5632384763052636,-0.8272204072068484,-1.087140178447281,1.5684589832706968,1.3175467817155535,-2.380569871254665,-0.3068018834182583,1.5454273649023829,0.0
S22,early_gradual,mu_central,0.46241454878858923,-0.2559733943873488,-0.8690026577008777,-0.9660983059074718,0.6867555167077424,-0.5779400662544888,-1.0438634226727688,-0.5530778314820941,0.8409458132428335,0.4767517468844009,0.32163458614467183,0.6988508162362871,-0.6083466912843126,-1.12379447355305,0.0,-0.16757895168880968,-0.35337023639665954,-0.5632384763052636,0.40620962341966627,-1.087140178447281,0.02924506445745227,-2.115551375620861,1.3279642654525885,0.6786431382677963,-0.8280958917736301,0.0
S22,early_gradual,beta_central,-0.715211636581344,1.675026250130232,-0.8690026577008777,-0.9660983059074718,-0.3887005497249616,1.040983172648064,-1.0438634226727688,1.102843819661901,0.4214200766101414,0.5322188713103735,0.1845250604724916,0.050985214389621905,-0.6083466912843126,0.2142432508398803,0.0,-0.16757895168880968,-0.35337023639665954,1.222930053204031,-0.8272204072068484,0.8507211022074099,0.02924506445745227,-1.5433683493981252,0.4008307312757749,-0.799524394261286,0.7542529460103783,0.0
S22,late_gradual,gait,0.2941822365928804,-0.43548995871405455,-0.8690026577008777,-0.9660983059074718,0.5331189357887809,-0.7284442564450857,-1.0438634226727688,-0.5530778314820941,0.8409458132428335,0.4767517468844009,-1.4085570473376043,-1.3989997040291073,0.49773820195989416,-0.46539495837557654,0.0,-0.16757895168880968,-0.35337023639665954,-0.5632384763052636,-0.8272204072068484,-0.11820953811993556,0.7988520238640747,-2.115551375620861,0.8643974983641817,0.6786431382677963,-0.8280958917736301,0.0
S22,late_gradual,theta_global,0.2941822365928804,1.1356861273486671,-0.8690026577008777,-0.9660983059074718,0.5331189357887809,0.5888079167267873,-1.0438634226727688,1.102843819661901,-0.9769990454988318,-0.02245237294935397,-0.36391304221623005,0.04051163653066811,-0.6083466912843126,-0.23176932395776295,0.0,-0.16757895168880968,-0.35337023639665954,-0.5632384763052636,1.6396396540461808,-1.087140178447281,-0.74036189494917,-0.9711853231753894,0.4008307312757749,-0.799524394261286,1.5454273649023829,0.0
S22,late_gradual,alpha_global,-0.8834439487770457,0.17504227924011895,-0.8690026577008777,-0.9660983059074718,-0.5423371306439164,-0.21658252155070842,-1.0438634226727688,1.102843819661901,-0.9769990454988318,-0.2997879950792177,0.45874411181685204,0.4250415664950866,-0.6083466912843126,0.6602558256375246,0.0,-0.16757895168880968,-0.35337023639665954,-0.5632384763052636,-0.8272204072068484,1.8196517425347556,-0.74036189494917,-0.9711853231753894,1.3279642654525885,-0.799524394261286,-0.8280958917736301,0.0
S22,late_gradual,beta_global,0.6306468609842909,1.19771703951685,-0.8690026577008777,-0.9660983059074718,0.8403920976266972,0.6408137705468603,-1.0438634226727688,-0.5530778314820941,-0.13794757223344795,0.8650216178662107,-1.8394726994501711,-1.6576329531991716,0.49773820195989416,-0.46539495837557654,0.0,-0.16757895168880968,-0.35337023639665954,-0.5632384763052636,0.40620962341966627,-0.11820953811993556,0.02924506445745227,-0.39900229695265366,-2.380569871254665,1.171365649110824,1.5454273649023829,0.0
S22,late_gradual,mu_central,0.6306468609842909,-0.21967161042216646,-0.8690026577008777,-0.9660983059074718,0.8403920976266972,-0.5475051555895849,-1.0438634226727688,1.102843819661901,-0.2777894844443453,-0.02245237294935397,1.8951296188587419,1.8879937717868047,0.49773820195989416,0.0018563104600506516,0.0,-0.16757895168880968,-0.35337023639665954,-0.5632384763052636,-0.8272204072068484,0.8507211022074099,-1.5099688543557923,-0.9711853231753894,1.3279642654525885,-0.799524394261286,0.7542529460103783,0.0
S22,late_gradual,beta_central,-0.8834439487770457,0.8793432054885305,-0.8690026577008777,-0.9660983059074718,-0.5423371306439164,0.37389357714842075,-1.0438634226727688,0.27488299408990324,1.0040947108222136,1.6415613598298293,0.6023826625210406,0.3393292252412061,0.49773820195989416,1.4036101169669302,0.0,-0.16757895168880968,-0.35337023639665954,-0.5632384763052636,0.40620962341966627,0.8507211022074099,-0.74036189494917,-0.39900229695265366,0.4008307312757749,-0.799524394261286,-0.03692147288162578,0.0
S23,baseline,gait,-1.0516762609727472,1.448913983661098,2.16005385636105,1.3154295441395834,-1.6177931970766137,2.7837891392570815,2.1868005402071917,-0.5530778314820941,0.8409458132428335,2.8063709727752575,-0.6903642938166595,-0.7469304212730651,0.49773820195989416,-0.46539495837557654,0.0,-0.16757895168880968,5.439584458630554,4.795267112222621,2.873069684672696,0.8507211022074099,-1.5099688543557923,-1.5433683493981252,2.2550977996294015,-2.2776919267903684,0.7542529460103783,0.0
S23,baseline,theta_global,-0.37874701218993345,-0.38931587210910173,-0.8690026577008777,-0.9660983059074718,-0.08142738788704525,-0.689732544585329,-1.0438634226727688,1.102843819661901,-0.2777894844443453,-0.02245237294935397,0.0278284597042854,0.6810386089931703,0.49773820195989416,0.46910757929567676,0.0,-0.16757895168880968,-0.35337023639665954,-0.5632384763052636,0.40620962341966627,-1.087140178447281,-0.74036189494917,0.17318072927008196,1.3279642654525885,-0.799524394261286,-0.8280958917736301,0.0
S23,baseline,alpha_global,0.7988791731799926,-0.6034310708226475,-0.8690026577008777,-0.9660983059074718,0.9940286785456521,-0.869243748527677,-1.0438634226727688,-0.5530778314820941,-1.1168409577097287,0.08848187590259203,-0.6381320935605905,-0.776427436467668,-0.6083466912843126,-0.6777818987554067,0.0,-0.16757895168880968,-0.35337023639665954,-0.5632384763052636,-0.8272204072068484,-0.11820953811993556,0.02924506445745227,-2.115551375620861,1.3279642654525885,0.18592062742476867,-0.03692147288162578,0.0
S23,baseline,beta_global,-0.715211636581344,0.3714454988537654,-0.8690026577008777,-0.9660983059074718,-0.3887005497249616,-0.051920794485890716,-1.0438634226727688,1.102843819661901,0.4214200766101414,0.5322188713103735,1.1442917401777533,1.261431569802907,-0.6083466912843126,1.106268400435168,0.0,-0.16757895168880968,-0.35337023639665954,-0.5632384763052636,0.40620962341966627,-0.11820953811993556,-0.74036189494917,0.17318072927008196,0.8643974983641817,-1.2922469051043133,-0.03692147288162578,0.0
S23,baseline,mu_central,0.7988791731799926,1.5313892306240469,-0.8690026577008777,-0.9660983059074718,0.9940286785456521,0.9205598936974577,-1.0438634226727688,-1.381038657054092,0.5962224668737629,1.6415613598298293,0.7329631631612126,0.6734149842931161,-0.6083466912843126,-1.12379447355305,0.0,-0.16757895168880968,-0.35337023639665954,1.222930053204031,0.40620962341966627,-1.087140178447281,-0.74036189494917,-1.5433683493981252,-0.9898695699894446,1.6640881599538508,0.7542529460103783,0.0
S23,baseline,beta_central,0.7988791731799926,1.2219326839446119,-0.8690026577008777,-0.9660983059074718,0.9940286785456521,0.6611158299596672,-1.0438634226727688,-1.381038657054092,0.5962224668737629,2.126898698557091,0.1845250604724916,0.3741699026087438,-0.6083466912843126,-1.5698070483506938,0.0,-0.16757895168880968,-0.35337023639665954,-0.5632384763052636,1.6396396540461808,-1.087140178447281,-0.74036189494917,-1.5433683493981252,0.4008307312757749,-0.799524394261286,2.3366017837943867,0.0
S23,early_abrupt,gait,1.1353437975714031,-0.8490778513075455,-0.8690026577008777,-0.9660983059074718,1.3013018403835686,-1.0751905919761897,-1.0438634226727688,-0.5530778314820941,-2.09573434318601,-1.0763277370428364,-1.5521955980417934,-1.3770550647055864,0.49773820195989416,-1.3998974960468298,0.0,-0.16757895168880968,-0.35337023639665954,-0.5632384763052636,-0.8272204072068484,-0.11820953811993556,-1.5099688543557923,-0.39900229695265366,0.8643974983641817,-0.3068018834182583,0.7542529460103783,0.0
S23,early_abrupt,theta_global,0.12594992439717873,1.811847338896176,-0.8690026577008777,-0.9660983059074718,0.379482354869826,1.1556920700857296,-1.0438634226727688,-1.381038657054092,-0.6273942649715883,0.6708866823753058,-1.4085570473376043,-1.3159235694472073,0.49773820195989416,-0.9326462272112032,0.0,-0.16757895168880968,-0.35337023639665954,-0.5632384763052636,1.6396396540461808,0.8507211022074099,-1.5099688543557923,-1.5433683493981252,-0.9898695699894446,1.171365649110824,0.7542529460103783,0.0
S23,early_abrupt,alpha_global,0.7988791731799926,1.2219326839446119,-0.8690026577008777,-0.9660983059074718,0.9940286785456521,0.6611158299596672,-1.0438634226727688,0.27488299408990324,-1.4431387528684894,-0.2997879950792177,1.5556203171942953,1.4110541106450936,-0.6083466912843126,-1.12379447355305,0.0,-0.16757895168880968,-0.35337023639665954,1.222930053204031,-0.8272204072068484,-0.11820953811993556,-0.74036189494917,-1.5433683493981252,-0.06273603581263132,0.18592062742476867,1.5454273649023829,0.0
S23,early_abrupt,beta_global,0.7988791731799926,-0.8997377677097536,-0.8690026577008777,-0.9660983059074718,0.9940286785456521,-1.117663161133438,-1.0438634226727688,-0.5530778314820941,-1.1168409577097287,-1.0763277370428364,-1.6958341487459818,-1.6090412518399475,0.49773820195989416,-1.3998974960468298,0.0,-0.16757895168880968,-0.35337023639665954,-0.5632384763052636,-0.8272204072068484,-1.087140178447281,-0.74036189494917,1.3175467817155535,-0.5263028029010381,-0.3068018834182583,0.7542529460103783,0.0
S23,early_abrupt,mu_central,1.4718084219628136,0.13339141069134433,0.1406828469864306,0.41244183866477335,1.3013018403835686,0.7778422607730753,0.03302456495388465,-1.381038657054092,0.5962224668737629,0.6708866823753058,-1.9831112501543602,-1.9773976976276153,0.49773820195989416,-1.8671487648824565,0.0,-0.16757895168880968,2.543107111116947,1.222930053204031,0.40620962341966627,-1.087140178447281,-0.74036189494917,-1.5433683493981252,0.8643974983641817,-0.799524394261286,2.3366017837943867,0.0
S23,early_abrupt,beta_central,0.9671114853757015,0.46109820166132137,-0.3641599053572222,-0.27682823362134923,0.9940286785456521,0.48143730964643483,0.03302456495388465,-1.381038657054092,-0.6273942649715883,0.6708866823753058,-0.8340028445208486,-0.4898646463403953,0.49773820195989416,-1.8671487648824565,0.0,-0.16757895168880968,-0.35337023639665954,1.222930053204031,0.40620962341966627,-1.087140178447281,-0.74036189494917,0.17318072927008196,-0.5263028029010381,-0.799524394261286,2.3366017837943867,0.0
S23,late_abrupt,gait,0.2941822365928804,-0.72164786178121,-0.8690026577008777,-0.9660983059074718,0.5331189357887809,-0.9683550614969321,-1.0438634226727688,0.27488299408990324,0.1883502229253123,-0.6233462208973923,0.32163458614467183,0.2724265748360571,-0.6083466912843126,-0.6777818987554067,0.0,-0.16757895168880968,-0.35337023639665954,-0.5632384763052636,-0.8272204072068484,-1.087140178447281,0.7988520238640747,0.17318072927008196,-0.9898695699894446,1.171365649110824,-0.8280958917736301,0.0
S23,late_abrupt,theta_global,1.6400407341585153,-0.6728076072775983,-0.8690026577008777,-0.9660983059074718,1.7622115831404397,-0.9274080715612784,-1.0438634226727688,-1.381038657054092,-0.6273942649715883,-0.2997879950792177,0.6023826625210406,0.5227237110163423,0.49773820195989416,-1.8671487648824565,0.0,-0.16757895168880968,-0.35337023639665954,-0.5632384763052636,-0.8272204072068484,-0.11820953811993556,-0.74036189494917,-1.5433683493981252,-0.06273603581263132,1.171365649110824,0.7542529460103783,0.0
S23,late_abrupt,alpha_global,-0.5469793243856351,1.8280164397258765,-0.8690026577008777,-0.9660983059074718,-0.23506396880600014,1.169248019285244,-1.0438634226727688,2.758765470805896,-0.3554794356726213,0.34732845655713157,-0.2594486417040928,-0.6309373277058848,0.49773820195989416,1.8708613858025573,0.0,-0.16757895168880968,-0.35337023639665954,1.222930053204031,-0.8272204072068484,0.8507211022074099,-0.74036189494917,0.17318072927008196,-0.9898695699894446,-0.799524394261286,1.5454273649023829,0.0
S23,late_abrupt,beta_global,-0.8834439487770457,2.812845288659255,-0.3641599053572222,-0.27682823362134923,-0.6959737115628714,2.369284600813478,0.03302456495388465,1.102843819661901,-0.2777894844443453,2.196232604089557,-0.6903642938166595,-0.6481795443172222,0.49773820195989416,0.936358848131304,0.0,-0.16757895168880968,2.543107111116947,3.009098582713326,-0.8272204072068484,0.8507211022074099,-1.5099688543557923,0.17318072927008196,-1.4534363370778514,-0.3068018834182583,1.5454273649023829,0.0
S23,late_abrupt,mu_central,-0.8834439487770457,0.418927789189372,-0.8690026577008777,-0.9660983059074718,-0.5423371306439164,-0.012112302817402588,-1.0438634226727688,0.27488299408990324,0.1883502229253123,-0.6233462208973923,0.45874411181685204,0.12690239054737462,-1.7144315845285194,-0.018458962098020476,0.0,-0.16757895168880968,-0.35337023639665954,1.222930053204031,-0.8272204072068484,-0.11820953811993556,-0.74036189494917,-0.39900229695265366,0.4008307312757749,1.171365649110824,-2.4104447295576383,0.0
S23,late_abrupt,beta_central,-1.2199085731684562,1.4807484413380212,-0.8690026577008777,-0.9660983059074718,-0.8496102924818328,0.87810336044833,-1.0438634226727688,0.27488299408990324,0.1883502229253123,1.6415613598298293,2.2411679455551967,2.328240286007694,-0.6083466912843126,0.6602558256375246,0.0,-0.16757895168880968,-0.35337023639665954,1.222930053204031,0.40620962341966627,-0.11820953811993556,-0.74036189494917,-0.9711853231753894,0.8643974983641817,-0.3068018834182583,-0.8280958917736301,0.0
S23,early_gradual,gait,-2.9022316951254945,1.8602499296780692,2.16005385636105,1.3154295441395834,-3.3077955871851437,2.8734126081108853,2.1868005402071917,1.9308046452338978,1.2080308327964386,2.369567367920722,0.45874411181685204,0.3957582977874014,0.49773820195989416,1.4036101169669302,0.0,-0.16757895168880968,5.439584458630554,4.795267112222621,2.873069684672696,0.8507211022074099,2.3380659426773196,-0.9711853231753894,-1.4534363370778514,-0.3068018834182583,-0.8280958917736301,0.0
S23,early_gradual,theta_global,-0.5469793243856351,0.07034451196567312,-0.8690026577008777,-0.9660983059074718,-0.23506396880600014,-0.3043596731328139,-1.0438634226727688,-0.5530778314820941,1.8198391987191143,0.4767517468844009,-1.7350082989380338,-1.3016025548237413,-0.6083466912843126,-1.5698070483506938,0.0,-0.16757895168880968,-0.35337023639665954,-0.5632384763052636,-0.8272204072068484,-0.11820953811993556,2.3380659426773196,-2.115551375620861,0.4008307312757749,0.18592062742476867,-0.8280958917736301,0.0
S23,early_gradual,alpha_global,0.6306468609842909,-0.6364908951186977,-0.8690026577008777,-0.9660983059074718,0.8403920976266972,-0.8969606453064345,-1.0438634226727688,0.27488299408990324,0.1883502229253123,-0.2997879950792177,0.32163458614467183,0.3741699026087438,-0.6083466912843126,-0.23176932395776295,0.0,-0.16757895168880968,-0.35337023639665954,-0.5632384763052636,-0.8272204072068484,-0.11820953811993556,-0.74036189494917,-0.39900229695265366,0.4008307312757749,0.18592062742476867,-0.03692147288162578,0.0
S23,early_gradual,beta_global,1.6400407341585153,-2.023105255185521,-0.8690026577008777,-0.9660983059074718,1.7622115831404397,-2.0594788349299202,-1.0438634226727688,-1.381038657054092,-1.8510109968169397,-1.2704626725337411,0.32163458614467183,0.1661945708381052,-0.6083466912843126,-2.461832197945981,0.0,-0.16757895168880968,-0.35337023639665954,-0.5632384763052636,-0.8272204072068484,-1.087140178447281,-1.5099688543557923,0.17318072927008196,-0.5263028029010381,2.1568106707968786,-0.8280958917736301,0.0
S23,early_gradual,mu_central,1.4718084219628136,0.8422263483959148,-0.3641599053572222,-0.27682823362134923,1.4549384213025234,0.8727750147800489,0.03302456495388465,-3.0369603081980867,1.8198391987191143,3.582910714738876,-1.8394726994501711,-1.6074737776025532,0.49773820195989416,-3.2689025713893365,0.0,-0.16757895168880968,2.543107111116947,1.222930053204031,-0.8272204072068484,-1.087140178447281,0.02924506445745227,-2.115551375620861,-0.5263028029010381,1.171365649110824,1.5454273649023829,0.0
S23,early_gradual,beta_central,-2.0610701341469717,1.5754079671737073,-0.8690026577008777,-0.9660983059074718,-1.6177931970766137,0.9574645900549643,-1.0438634226727688,1.102843819661901,1.1206296376646276,1.918896981959693,-0.5467257431124704,-0.6278023792310959,0.49773820195989416,0.46910757929567676,0.0,-0.16757895168880968,2.543107111116947,-0.5632384763052636,-0.8272204072068484,-0.11820953811993556,1.5684589832706968,-0.39900229695265366,-0.5263028029010381,0.18592062742476867,-1.6192703106656343,0.0
S23,late_gradual,gait,-1.89283782195127,0.9346250112392225,-0.8690026577008777,-0.9660983059074718,-1.464156616157659,0.42024107403812166,-1.0438634226727688,1.102843819661901,1.1206296376646276,1.3642257376999656,0.60956459005625,0.7964047128653926,1.6038230952041006,1.7306860051518687,0.0,-0.16757895168880968,-0.35337023639665954,-0.5632384763052636,1.6396396540461808,-0.11820953811993556,0.02924506445745227,-0.39900229695265366,0.4008307312757749,-0.3068018834182583,-1.6192703106656343,0.0
S23,late_gradual,theta_global,0.46241454878858923,0.4980663991259784,-0.8690026577008777,-0.9660983059074718,0.6867555167077424,0.05423640681833865,-1.0438634226727688,1.102843819661901,1.1206296376646276,0.5322188713103735,-0.5010225678884103,-0.6058577399075756,-0.6083466912843126,-0.6777818987554067,0.0,-0.16757895168880968,-0.35337023639665954,1.222930053204031,-0.8272204072068484,-1.087140178447281,-1.5099688543557923,0.745363755492818,-0.06273603581263132,-0.3068018834182583,0.7542529460103783,0.0
S23,late_gradual,alpha_global,1.1353437975714031,-0.8490778513075455,-0.8690026577008777,-0.9660983059074718,1.3013018403835686,-1.0751905919761897,-1.0438634226727688,1.102843819661901,-0.9769990454988318,-1.409130483598673,-0.5010225678884103,-0.7584727315666051,-0.6083466912843126,-0.23176932395776295,0.0,-0.16757895168880968,-0.35337023639665954,-0.5632384763052636,-0.8272204072068484,-1.087140178447281,0.02924506445745227,-0.39900229695265366,-0.06273603581263132,0.18592062742476867,0.7542529460103783,0.0
S23,late_gradual,beta_global,-2.0610701341469717,1.1623401714934114,-0.8690026577008777,-0.9660983059074718,-1.6177931970766137,0.6111542965405657,-1.0438634226727688,0.27488299408990324,0.1883502229253123,1.6415613598298293,-0.7478197140983348,-0.6815667455737222,1.6038230952041006,-0.23176932395776295,0.0,-0.16757895168880968,-0.35337023639665954,-0.5632384763052636,1.6396396540461808,-0.11820953811993556,-0.74036189494917,2.461912834161025,-1.9170031041662579,-0.3068018834182583,-0.8280958917736301,0.0
S23,late_gradual,mu_central,1.3035761097671048,-0.40082116957167646,-0.8690026577008777,-0.9660983059074718,1.4549384213025234,-0.6993784259222476,-1.0438634226727688,-0.5530778314820941,-1.1168409577097287,-0.2997879950792177,-1.1212799459292262,-0.9898889280691868,0.49773820195989416,-0.9326462272112032,0.0,-0.16757895168880968,-0.35337023639665954,-0.5632384763052636,0.40620962341966627,-1.087140178447281,-1.5099688543557923,-0.9711853231753894,0.8643974983641817,0.18592062742476867,0.7542529460103783,0.0
S23,late_gradual,beta_central,-0.8834439487770457,2.2825604591993747,-0.8690026577008777,-0.9660983059074718,-0.5423371306439164,1.5503314018322474,-1.0438634226727688,-0.5530778314820941,1.8198391987191143,2.8063709727752575,-1.3236797219214924,-1.0921309976446802,-0.6083466912843126,-0.23176932395776295,0.0,-0.16757895168880968,-0.35337023639665954,1.222930053204031,1.6396396540461808,-1.087140178447281,0.02924506445745227,-0.9711853231753894,-1.9170031041662579,2.1568106707968786,-0.8280958917736301,0.0
S24,baseline,gait,0.9671114853757015,-1.0255558552822308,-0.8690026577008777,-0.9660983059074718,1.1476652594646135,-1.223147295438521,-1.0438634226727688,0.27488299408990324,-0.6273942649715883,-1.2704626725337411,-0.5904418237615715,-0.5085380350815275,-1.7144315845285194,-0.018458962098020476,0.0,-0.16757895168880968,-0.35337023639665954,-0.5632384763052636,-0.8272204072068484,-1.087140178447281,-0.74036189494917,0.745363755492818,-0.06273603581263132,-0.3068018834182583,0.7542529460103783,0.0
S24,baseline,theta_global,0.2941822365928804,-0.43548995871405455,-0.8690026577008777,-0.9660983059074718,0.5331189357887809,-0.7284442564450857,-1.0438634226727688,0.27488299408990324,1.0040947108222136,0.34732845655713157,-0.5467257431124704,-0.9491345978969341,0.49773820195989416,0.46910757929567676,0.0,-0.16757895168880968,-0.35337023639665954,-0.5632384763052636,-0.8272204072068484,-0.11820953811993556,0.02924506445745227,-0.9711853231753894,0.8643974983641817,-0.3068018834182583,-0.03692147288162578,0.0
S24,baseline,alpha_global,0.46241454878858923,0.7295761374165648,-0.3641599053572222,-0.27682823362134923,0.5331189357887809,0.7651887751796691,0.03302456495388465,-0.5530778314820941,-1.1168409577097287,0.08848187590259203,0.45874411181685204,0.25596809534341664,-0.6083466912843126,-0.23176932395776295,0.0,-0.16757895168880968,2.543107111116947,1.222930053204031,-0.8272204072068484,-1.087140178447281,0.02924506445745227,-0.9711853231753894,-0.5263028029010381,1.171365649110824,-0.03692147288162578,0.0
S24,baseline,beta_global,-1.0516762609727472,1.2416820113911993,-0.8690026577008777,-0.9660983059074718,-0.6959737115628714,0.6776733913485321,-1.0438634226727688,1.102843819661901,0.4214200766101414,0.8095544934402381,0.17146701040847384,0.41456798863613376,0.49773820195989416,0.46910757929567676,0.0,-0.16757895168880968,-0.35337023639665954,1.222930053204031,0.40620962341966627,-1.087140178447281,-1.5099688543557923,1.3175467817155535,0.8643974983641817,-2.2776919267903684,0.7542529460103783,0.0
S24,baseline,mu_central,0.9671114853757015,0.2189713509119417,-0.8690026577008777,-0.9660983059074718,1.1476652594646135,-0.17975299897940988,-1.0438634226727688,-1.381038657054092,1.8198391987191143,1.1562240211025676,0.7329631631612126,0.6928659146026004,-0.6083466912843126,-1.12379447355305,0.0,-0.16757895168880968,-0.35337023639665954,-0.5632384763052636,0.40620962341966627,-1.087140178447281,-0.74036189494917,-0.39900229695265366,-0.06273603581263132,-0.3068018834182583,1.5454273649023829,0.0
S24,baseline,beta_central,0.12594992439717873,-0.6274529118870518,-0.8690026577008777,-0.9660983059074718,0.379482354869826,-0.8893833258967364,-1.0438634226727688,1.9308046452338978,-0.6273942649715883,-0.2997879950792177,2.515386996899557,2.4344722900056466,-0.6083466912843126,1.106268400435168,0.0,-0.16757895168880968,-0.35337023639665954,-0.5632384763052636,-0.8272204072068484,-0.11820953811993556,-0.74036189494917,0.17318072927008196,0.8643974983641817,-0.799524394261286,-0.03692147288162578,0.0
S24,early_abrupt,gait,-1.2199085731684562,1.9719909055666804,0.1406828469864306,-0.012749466240508704,-1.1568834543197426,1.8620898016689782,1.109912552580538,0.27488299408990324,-0.6273942649715883,-0.6233462208973923,0.0278284597042854,0.1982565438757157,0.49773820195989416,0.0018563104600506516,0.0,-0.16757895168880968,-0.35337023639665954,1.222930053204031,2.873069684672696,0.8507211022074099,0.02924506445745227,-1.5433683493981252,-0.06273603581263132,-0.799524394261286,0.7542529460103783,0.0
S24,early_abrupt,theta_global,-0.2105146999942318,1.1156264791633201,-0.8690026577008777,-0.9660983059074718,0.07220919303190965,0.5719901867475666,-1.0438634226727688,1.102843819661901,-0.2777894844443453,-0.2997879950792177,0.31510556111266297,0.28446762693240396,0.49773820195989416,0.936358848131304,0.0,-0.16757895168880968,-0.35337023639665954,1.222930053204031,-0.8272204072068484,-0.11820953811993556,-0.74036189494917,0.17318072927008196,-0.9898695699894446,0.6786431382677963,-0.03692147288162578,0.0
S24,early_abrupt,alpha_global,0.6306468609842909,-0.35495054210449284,-0.8690026577008777,-0.9660983059074718,0.8403920976266972,-0.6609211299820312,-1.0438634226727688,-1.381038657054092,0.5962224668737629,-0.2997879950792177,1.5079300473952764,1.6382201596107078,-1.7144315845285194,-0.8717004095369909,0.0,-0.16757895168880968,-0.35337023639665954,-0.5632384763052636,-0.8272204072068484,0.8507211022074099,-1.5099688543557923,-0.9711853231753894,0.8643974983641817,0.18592062742476867,-0.03692147288162578,0.0
S24,early_abrupt,beta_global,-0.2105146999942318,1.0076179156375638,-0.8690026577008777,-0.9660983059074718,0.07220919303190965,0.48143730964643483,-1.0438634226727688,-1.381038657054092,-1.8510109968169397,-1.2704626725337411,-0.19699709791966294,-0.32677917459758493,-1.7144315845285194,-1.7249418569759614,0.0,-0.16757895168880968,-0.35337023639665954,-0.5632384763052636,-0.8272204072068484,1.8196517425347556,0.7988520238640747,-2.115551375620861,-0.9898695699894446,1.171365649110824,-0.03692147288162578,0.0
S24,early_abrupt,mu_central,1.976505358549926,0.24978250648295588,-0.8690026577008777,-0.9660983059074718,2.069484744978356,-0.15392135477741503,-1.0438634226727688,-0.5530778314820941,-0.13794757223344795,-0.2997879950792177,0.157103155338055,0.12325290161639756,1.6038230952041006,-1.7036108207899872,0.0,-0.16757895168880968,-0.35337023639665954,-0.5632384763052636,0.40620962341966627,-1.087140178447281,-0.74036189494917,-0.9711853231753894,-1.4534363370778514,1.171365649110824,2.3366017837943867,0.0
S24,early_abrupt,beta_central,-0.37874701218993345,-0.1203917527401155,-0.8690026577008777,-0.9660983059074718,-0.08142738788704525,-0.46427030403860775,-1.0438634226727688,0.27488299408990324,1.8198391987191143,0.023770230738956507,-0.5010225678884103,-0.23928251484421995,-0.6083466912843126,0.2142432508398803,0.0,-0.16757895168880968,-0.35337023639665954,-0.5632384763052636,-0.8272204072068484,-1.087140178447281,0.7988520238640747,2.461912834161025,-1.9170031041662579,-0.799524394261286,0.7542529460103783,0.0
S24,late_abrupt,gait,0.9671114853757015,-0.29816718369027273,-0.8690026577008777,-0.9660983059074718,1.1476652594646135,-0.6133147522280468,-1.0438634226727688,-0.5530778314820941,-0.13794757223344795,-0.688057866061027,0.45874411181685204,0.43031088206387685,-1.7144315845285194,-0.8717004095369909,0.0,-0.16757895168880968,-0.35337023639665954,-0.5632384763052636,-0.8272204072068484,-0.11820953811993556,-0.74036189494917,0.17318072927008196,-0.9898695699894446,0.6786431382677963,0.7542529460103783,0.0
S24,late_abrupt,theta_global,-1.0516762609727472,2.7573763501271937,-0.3641599053572222,-0.27682823362134923,-0.8496102924818328,2.32227286221141,0.03302456495388465,0.27488299408990324,0.1883502229253123,0.6708866823753058,1.4185107915221151,1.5352408195441074,-0.6083466912843126,-0.23176932395776295,0.0,-0.16757895168880968,2.543107111116947,3.009098582713326,0.40620962341966627,-1.087140178447281,0.02924506445745227,-1.5433683493981252,-0.06273603581263132,-0.3068018834182583,0.7542529460103783,0.0
S24,late_abrupt,alpha_global,0.46241454878858923,0.2574601006799296,-0.8690026577008777,-0.9660983059074718,0.6867555167077424,-0.14748456660936266,-1.0438634226727688,-0.5530778314820941,1.8198391987191143,1.2532914888480196,-0.44617875761953846,-0.6305454591465364,1.6038230952041006,-0.23176932395776295,0.0,-0.16757895168880968,-0.35337023639665954,-0.5632384763052636,-0.8272204072068484,0.8507211022074099,-0.74036189494917,-0.39900229695265366,-0.5263028029010381,0.18592062742476867,0.7542529460103783,0.0
S24,late_abrupt,beta_global,0.6306468609842909,0.16725553552857692,-0.8690026577008777,-0.9660983059074718,0.8403920976266972,-0.22311081915334371,-1.0438634226727688,0.27488299408990324,-0.6273942649715883,-0.2997879950792177,0.32163458614467183,0.4863868082403833,-0.6083466912843126,0.2142432508398803,0.0,-0.16757895168880968,-0.35337023639665954,-0.5632384763052636,-0.8272204072068484,0.8507211022074099,-0.74036189494917,-0.9711853231753894,-0.06273603581263132,0.18592062742476867,0.7542529460103783,0.0
S24,late_abrupt,mu_central,0.2941822365928804,-1.0255558552822308,-0.8690026577008777,-0.9660983059074718,0.5331189357887809,-1.223147295438521,-1.0438634226727688,0.27488299408990324,1.0040947108222136,-0.2997879950792177,0.32163458614467183,-0.4502502974317023,-0.6083466912843126,-0.23176932395776295,0.0,-0.16757895168880968,-0.35337023639665954,-0.5632384763052636,-0.8272204072068484,-1.087140178447281,0.02924506445745227,0.17318072927008196,0.8643974983641817,-0.799524394261286,-0.03692147288162578,0.0
S24,late_abrupt,beta_central,-1.89283782195127,2.144339639051303,-0.3641599053572222,-0.27682823362134923,-1.6177931970766137,1.8208244057615,0.03302456495388465,0.27488299408990324,0.1883502229253123,1.3180031340116551,-0.2594486417040928,-0.10426598394138965,0.49773820195989416,0.936358848131304,0.0,-0.16757895168880968,2.543107111116947,3.009098582713326,-0.8272204072068484,0.8507211022074099,-1.5099688543557923,0.17318072927008196,-0.06273603581263132,-0.3068018834182583,-0.8280958917736301,0.0
S24,early_gradual,gait,-0.5469793243856351,0.7861484778494701,-0.8690026577008777,-0.9660983059074718,-0.23506396880600014,0.29576041397232816,-1.0438634226727688,0.27488299408990324,-0.6273942649715883,0.023770230738956507,0.8896597639294187,1.127768766650554,0.49773820195989416,0.936358848131304,0.0,-0.16757895168880968,-0.35337023639665954,-0.5632384763052636,0.40620962341966627,0.8507211022074099,-0.74036189494917,-0.9711853231753894,-0.06273603581263132,0.6786431382677963,-0.8280958917736301,0.0
S24,early_gradual,theta_global,0.46241454878858923,-0.8239481397226163,-0.8690026577008777,-0.9660983059074718,0.6867555167077424,-1.0541221913748398,-1.0438634226727688,-0.5530778314820941,-0.13794757223344795,-0.2997879950792177,0.45874411181685204,-0.10551996333130559,1.6038230952041006,-0.7223831562351708,0.0,-0.16757895168880968,-0.35337023639665954,-0.5632384763052636,-0.8272204072068484,-0.11820953811993556,-0.74036189494917,-0.39900229695265366,0.4008307312757749,0.6786431382677963,-0.8280958917736301,0.0
S24,early_gradual,alpha_global,1.1353437975714031,-0.41523848781367556,-0.8690026577008777,-0.9660983059074718,1.3013018403835686,-0.71146570497012,-1.0438634226727688,-1.381038657054092,1.8198391987191143,0.18554934364804404,-0.08969399087186956,-0.5265577932612171,-0.6083466912843126,-0.6777818987554067,0.0,-0.16757895168880968,-0.35337023639665954,-0.5632384763052636,-0.8272204072068484,-1.087140178447281,0.7988520238640747,-0.9711853231753894,-0.06273603581263132,-0.3068018834182583,1.5454273649023829,0.0
S24,early_gradual,beta_global,-0.042282387798522954,1.055086390192134,-0.8690026577008777,-0.9660983059074718,0.2258457739508711,0.5212342183563,-1.0438634226727688,1.9308046452338978,-1.239202630894264,-0.7851253338064794,0.7210405957114578,0.9054600291557585,-1.7144315845285194,1.6880239327799205,0.0,-0.16757895168880968,-0.35337023639665954,-0.5632384763052636,1.6396396540461808,-1.087140178447281,-0.74036189494917,-0.39900229695265366,-0.06273603581263132,-0.3068018834182583,0.7542529460103783,0.0
S24,early_gradual,mu_central,0.12594992439717873,0.418927789189372,-0.8690026577008777,-0.9660983059074718,0.379482354869826,-0.012112302817402588,-1.0438634226727688,-0.5530778314820941,-0.13794757223344795,0.08848187590259203,-0.9123511449049517,-0.7465029282992308,-0.6083466912843126,-1.12379447355305,0.0,-0.16757895168880968,-0.35337023639665954,-0.5632384763052636,-0.8272204072068484,0.8507211022074099,-1.5099688543557923,1.8897298079382896,-1.4534363370778514,-0.799524394261286,1.5454273649023829,0.0
S24,early_gradual,beta_central,0.6306468609842909,0.8723999333789536,-0.8690026577008777,-0.9660983059074718,0.8403920976266972,0.3680724344029356,-1.0438634226727688,-1.381038657054092,-0.6273942649715883,0.6708866823753058,-2.126749800858549,-1.9005914599952927,0.49773820195989416,-1.3998974960468298,0.0,-0.16757895168880968,-0.35337023639665954,-0.5632384763052636,1.6396396540461808,-1.087140178447281,-0.74036189494917,-1.5433683493981252,-0.5263028029010381,1.6640881599538508,-0.03692147288162578,0.0
S24,late_gradual,gait,-0.715211636581344,0.8352432150266724,0.6455255993300861,0.5481147744540757,-0.8496102924818328,1.4474263542048265,1.109912552580538,-0.5530778314820941,0.8409458132428335,1.2532914888480196,-0.22680351654404982,-0.0432769863409557,-0.6083466912843126,-0.6777818987554067,0.0,-0.16757895168880968,2.543107111116947,3.009098582713326,0.40620962341966627,-0.11820953811993556,-1.5099688543557923,1.8897298079382896,-1.4534363370778514,0.6786431382677963,-0.8280958917736301,0.0
S24,late_gradual,theta_global,1.808273046354217,-1.6462085929406398,-0.8690026577008777,-0.9660983059074718,1.9158481640593945,-1.7434939164938104,-1.0438634226727688,-2.2089994826260893,0.1883502229253123,-0.9469044467155665,0.047415534800310674,0.30534353382133805,-0.6083466912843126,-2.0158196231483374,0.0,-0.16757895168880968,-0.35337023639665954,-0.5632384763052636,-0.8272204072068484,-1.087140178447281,-1.5099688543557923,-0.39900229695265366,1.3279642654525885,-0.799524394261286,1.5454273649023829,0.0
S24,late_gradual,alpha_global,-0.042282387798522954,-0.6849724475468161,-0.8690026577008777,-0.9660983059074718,0.2258457739508711,-0.9376069044120708,-1.0438634226727688,1.102843819661901,0.4214200766101414,-0.02245237294935397,-0.6903642938166595,-0.39424871785934135,0.49773820195989416,-0.46539495837557654,0.0,-0.16757895168880968,-0.35337023639665954,-0.5632384763052636,-0.8272204072068484,-1.087140178447281,0.7988520238640747,0.745363755492818,-0.9898695699894446,0.6786431382677963,-0.8280958917736301,0.0
S24,late_gradual,beta_global,-0.2105146999942318,0.4388091914688967,-0.8690026577008777,-0.9660983059074718,0.07220919303190965,0.004555988274040761,-1.0438634226727688,-1.381038657054092,0.5962224668737629,1.1562240211025676,0.60956459005625,0.393171965295701,1.6038230952041006,-0.7223831562351708,0.0,-0.16757895168880968,-0.35337023639665954,-0.5632384763052636,0.40620962341966627,-0.11820953811993556,0.02924506445745227,-1.5433683493981252,0.4008307312757749,0.6786431382677963,-0.8280958917736301,0.0
S24,late_gradual,mu_central,0.6306468609842909,-0.7833902527003473,-0.8690026577008777,-0.9660983059074718,0.8403920976266972,-1.0201190231155626,-1.0438634226727688,1.102843819661901,-0.9769990454988318,-1.409130483598673,-0.19699709791966294,-0.8090841823384403,-1.7144315845285194,0.40816176162146445,0.0,-0.16757895168880968,-0.35337023639665954,-0.5632384763052636,-0.8272204072068484,-1.087140178447281,0.02924506445745227,0.745363755492818,-0.9898695699894446,0.6786431382677963,-0.03692147288162578,0.0
S24,late_gradual,beta_central,0.6306468609842909,0.7602816577630893,-0.8690026577008777,-0.9660983059074718,0.8403920976266972,0.27407403185763074,-1.0438634226727688,0.27488299408990324,0.1883502229253123,0.6708866823753058,-1.6527425835347254,-1.346489317076397,1.6038230952041006,-0.23176932395776295,0.0,-0.16757895168880968,-0.35337023639665954,-0.5632384763052636,0.40620962341966627,-1.087140178447281,0.7988520238640747,-0.9711853231753894,-0.9898695699894446,0.18592062742476867,1.5454273649023829,0.0
S25,baseline,gait,0.46241454878858923,-0.12312535786595409,-0.8690026577008777,-0.9660983059074718,0.6867555167077424,-0.4665621205476206,-1.0438634226727688,0.27488299408990324,-0.6273942649715883,-0.9469044467155665,0.3275958698695492,0.10543480860045161,-1.7144315845285194,0.40816176162146445,0.0,-0.16757895168880968,-0.35337023639665954,-0.5632384763052636,-0.8272204072068484,-0.11820953811993556,-0.74036189494917,0.745363755492818,-0.06273603581263132,-1.2922469051043133,1.5454273649023829,0.0
S25,baseline,theta_global,0.7988791731799926,1.3266145735577028,-0.3641599053572222,-0.27682823362134923,0.8403920976266972,1.2315657734980352,0.03302456495388465,-1.381038657054092,0.5962224668737629,2.126898698557091,1.0332983146336086,1.532177119898292,0.49773820195989416,-0.9326462272112032,0.0,-0.16757895168880968,2.543107111116947,1.222930053204031,-0.8272204072068484,-0.11820953811993556,-0.74036189494917,-0.9711853231753894,-0.9898695699894446,0.6786431382677963,1.5454273649023829,0.0
S25,baseline,alpha_global,-0.715211636581344,-0.001427322464572875,-0.8690026577008777,-0.9660983059074718,-0.3887005497249616,-0.36453218066676535,-1.0438634226727688,-0.5530778314820941,0.8409458132428335,0.8650216178662107,0.17146701040847384,0.124585254718183,0.49773820195989416,0.46910757929567676,0.0,-0.16757895168880968,-0.35337023639665954,-0.5632384763052636,0.40620962341966627,-1.087140178447281,0.02924506445745227,0.745363755492818,-0.06273603581263132,-0.3068018834182583,-0.8280958917736301,0.0
S25,baseline,beta_global,-3.070464007321196,1.2416820113911993,-0.8690026577008777,-0.9660983059074718,-2.539612682590356,0.6776733913485321,-1.0438634226727688,1.9308046452338978,1.8198391987191143,2.126898698557091,0.7460212132252303,1.0838794880035134,0.49773820195989416,1.8708613858025573,0.0,-0.16757895168880968,-0.35337023639665954,-0.5632384763052636,0.40620962341966627,2.788582382862101,-0.74036189494917,1.8897298079382896,-1.4534363370778514,-1.2922469051043133,-0.8280958917736301,0.0
S25,baseline,mu_central,1.3035761097671048,-0.40082116957167646,-0.8690026577008777,-0.9660983059074718,1.4549384213025234,-0.6993784259222476,-1.0438634226727688,-0.5530778314820941,-1.1168409577097287,-0.2997879950792177,-0.7752416192327715,-0.7225633217644803,-0.6083466912843126,-1.12379447355305,0.0,-0.16757895168880968,-0.35337023639665954,-0.5632384763052636,0.40620962341966627,-1.087140178447281,-1.5099688543557923,-0.39900229695265366,-0.5263028029010381,1.6640881599538508,-0.03692147288162578,0.0
S25,baseline,beta_central,-0.715211636581344,1.6750262501302329,-0.3641599053572222,-0.27682823362134923,-0.5423371306439164,1.4733040288214894,0.03302456495388465,0.27488299408990324,0.1883502229253123,1.3180031340116551,0.047415534800310674,-0.3844163794611404,-0.6083466912843126,0.6602558256375246,0.0,-0.16757895168880968,2.543107111116947,1.222930053204031,-0.8272204072068484,0.8507211022074099,-0.74036189494917,0.17318072927008196,-0.9898695699894446,-0.3068018834182583,0.7542529460103783,0.0
S25,early_abrupt,gait,-1.89283782195127,1.7631278633897283,-0.8690026577008777,-0.9660983059074718,-1.464156616157659,1.1148463395810837,-1.0438634226727688,0.27488299408990324,1.8198391987191143,2.6122360372843527,0.45874411181685204,0.7233604134028169,0.49773820195989416,1.4036101169669302,0.0,-0.16757895168880968,-0.35337023639665954,-0.5632384763052636,1.6396396540461808,0.8507211022074099,0.7988520238640747,-1.5433683493981252,-0.5263028029010381,0.18592062742476867,-0.8280958917736301,0.0
S25,early_abrupt,theta_global,-0.5469793243856351,-0.3236444986995783,-0.8690026577008777,-0.9660983059074718,-0.23506396880600014,-0.634674578704716,-1.0438634226727688,0.27488299408990324,0.1883502229253123,-0.6233462208973923,-0.5904418237615715,-0.5071068629517328,-1.7144315845285194,0.40816176162146445,0.0,-0.16757895168880968,-0.35337023639665954,-0.5632384763052636,-0.8272204072068484,-0.11820953811993556,0.7988520238640747,-0.39900229695265366,0.4008307312757749,-0.3068018834182583,-0.8280958917736301,0.0
S25,early_abrupt,alpha_global,0.7988791731799926,0.19575604648022463,-0.8690026577008777,-0.9660983059074718,0.9940286785456521,-0.19921638725574162,-1.0438634226727688,0.27488299408990324,-0.6273942649715883,-0.9469044467155665,-0.06584885597236008,-0.3038804205208681,-1.7144315845285194,-0.018458962098020476,0.0,-0.16757895168880968,-0.35337023639665954,-0.5632384763052636,-0.8272204072068484,-0.11820953811993556,0.7988520238640747,-0.9711853231753894,-1.4534363370778514,1.171365649110824,0.7542529460103783,0.0
S25,early_abrupt,beta_global,-0.2105146999942318,-0.7493352792367612,-0.3641599053572222,-0.27682823362134923,-0.08142738788704525,-0.5755916240166458,0.03302456495388465,0.27488299408990324,0.1883502229253123,0.023770230738956507,0.17146701040847384,0.29543994659416456,0.49773820195989416,0.46910757929567676,0.0,-0.16757895168880968,-0.35337023639665954,-0.5632384763052636,0.40620962341966627,-0.11820953811993556,-0.74036189494917,0.17318072927008196,1.7915310325409948,-1.7849694159473408,-0.03692147288162578,0.0
S25,early_abrupt,mu_central,0.2941822365928804,-0.72164786178121,-0.8690026577008777,-0.9660983059074718,0.5331189357887809,-0.9683550614969321,-1.0438634226727688,1.9308046452338978,-0.6273942649715883,-0.5424566644428486,0.45874411181685204,0.9647514459615442,0.49773820195989416,0.46910757929567676,0.0,-0.16757895168880968,-0.35337023639665954,-0.5632384763052636,-0.8272204072068484,-1.087140178447281,0.02924506445745227,1.3175467817155535,-0.9898695699894446,0.18592062742476867,-0.03692147288162578,0.0
S25,early_abrupt,beta_central,-1.5563731975598596,0.4388091914688967,0.1406828469864306,-0.012749466240508704,-1.464156616157659,0.690518668354388,1.109912552580538,1.102843819661901,0.4214200766101414,0.8095544934402381,-0.5467257431124704,-1.1654460426573516,0.49773820195989416,0.46910757929567676,0.0,-0.16757895168880968,-0.35337023639665954,1.222930053204031,1.6396396540461808,-0.11820953811993556,0.7988520238640747,-0.9711853231753894,2.2550977996294015,-2.770414437633396,-0.03692147288162578,0.0
S25,late_abrupt,gait,0.12594992439717873,0.6533540736200764,-0.8690026577008777,-0.9660983059074718,0.379482354869826,0.18442743283296903,-1.0438634226727688,-0.5530778314820941,0.8409458132428335,1.2532914888480196,1.3205754160419854,1.2265196436063968,0.49773820195989416,-0.46539495837557654,0.0,-0.16757895168880968,-0.35337023639665954,-0.5632384763052636,0.40620962341966627,-0.11820953811993556,-1.5099688543557923,1.3175467817155535,-1.4534363370778514,0.18592062742476867,0.7542529460103783,0.0
S25,late_abrupt,theta_global,-0.042282387798522954,1.1623401714934114,-0.8690026577008777,-0.9660983059074718,0.2258457739508711,0.6111542965405657,-1.0438634226727688,0.27488299408990324,0.1883502229253123,0.99444490819348,-0.08969399087186956,-0.33504094098321896,-0.6083466912843126,-0.23176932395776295,0.0,-0.16757895168880968,-0.35337023639665954,-0.5632384763052636,1.6396396540461808,-0.11820953811993556,-1.5099688543557923,-1.5433683493981252,1.3279642654525885,-0.799524394261286,0.7542529460103783,0.0
S25,late_abrupt,alpha_global,1.3035761097671048,-0.0014273224645737802,-0.8690026577008777,-0.9660983059074718,1.4549384213025234,-0.36453218066676607,-1.0438634226727688,-0.5530778314820941,-0.13794757223344795,-1.0763277370428364,-0.40308719240828195,-0.48516222362821243,0.49773820195989416,-1.3998974960468298,0.0,-0.16757895168880968,-0.35337023639665954,-0.5632384763052636,-0.8272204072068484,-0.11820953811993556,-0.74036189494917,0.745363755492818,-2.380569871254665,1.171365649110824,1.5454273649023829,0.0
S25,late_abrupt,beta_global,1.1353437975714031,0.23696418940197198,-0.8690026577008777,-0.9660983059074718,1.3013018403835686,-0.16466805349636315,-1.0438634226727688,-2.2089994826260893,0.1883502229253123,1.6415613598298293,-0.08969399087186956,-0.05973546583359617,-0.6083466912843126,-1.5698070483506938,0.0,-0.16757895168880968,-0.35337023639665954,-0.5632384763052636,0.40620962341966627,-0.11820953811993556,-1.5099688543557923,-0.9711853231753894,-0.9898695699894446,2.1568106707968786,-0.03692147288162578,0.0
S25,late_abrupt,mu_central,0.7988791731799926,0.6724960117007249,-0.3641599053572222,-0.27682823362134923,0.8403920976266972,0.5513670183818405,0.03302456495388465,1.102843819661901,-0.2777894844443453,0.25488324918050975,2.378277471227377,2.3446987655003344,-0.6083466912843126,1.106268400435168,0.0,-0.16757895168880968,-0.35337023639665954,-0.5632384763052636,1.6396396540461808,-0.11820953811993556,-0.74036189494917,-0.9711853231753894,-0.9898695699894446,1.171365649110824,0.7542529460103783,0.0
S25,late_abrupt,beta_central,0.46241454878858923,-0.9767616629907088,-0.8690026577008777,-0.9660983059074718,0.6867555167077424,-1.1822389234206898,-1.0438634226727688,0.27488299408990324,0.1883502229253123,-0.6233462208973923,-0.8340028445208486,-0.8409788755167251,0.49773820195989416,-1.3998974960468298,0.0,-0.16757895168880968,-0.35337023639665954,-0.5632384763052636,-0.8272204072068484,-0.11820953811993556,-0.74036189494917,-0.39900229695265366,-0.06273603581263132,1.6640881599538508,-1.6192703106656343,0.0
S25,early_gradual,gait,-0.715211636581344,-0.8333563531265659,-0.8690026577008777,-0.9660983059074718,-0.3887005497249616,-1.062009906610548,-1.0438634226727688,-1.381038657054092,0.5962224668737629,-0.2997879950792177,1.007182214505573,0.8769016398384885,-0.6083466912843126,-0.6777818987554067,0.0,-0.16757895168880968,-0.35337023639665954,-0.5632384763052636,-0.8272204072068484,-1.087140178447281,0.7988520238640747,1.3175467817155535,-0.06273603581263132,-0.799524394261286,-0.8280958917736301,0.0
S25,early_gradual,theta_global,0.7988791731799926,0.5567560603738058,-0.8690026577008777,-0.9660983059074718,0.9940286785456521,0.10344100234852764,-1.0438634226727688,-0.5530778314820941,-0.13794757223344795,-0.2997879950792177,0.60956459005625,0.24010810601414437,1.6038230952041006,-0.23176932395776295,0.0,-0.16757895168880968,-0.35337023639665954,-0.5632384763052636,0.40620962341966627,-1.087140178447281,0.02924506445745227,-0.39900229695265366,-0.9898695699894446,0.18592062742476867,1.5454273649023829,0.0
S25,early_gradual,alpha_global,0.2941822365928804,0.09406847737828893,-0.3641599053572222,-0.27682823362134923,0.379482354869826,0.18442743283296903,0.03302456495388465,-0.5530778314820941,0.8409458132428335,0.8650216178662107,-0.9776413952250377,-0.7626051636470086,0.49773820195989416,0.46910757929567676,0.0,-0.16757895168880968,-0.35337023639665954,1.222930053204031,0.40620962341966627,-1.087140178447281,-0.74036189494917,0.17318072927008196,0.4008307312757749,-0.799524394261286,0.7542529460103783,0.0
S25,early_gradual,beta_global,0.46241454878858923,-0.9767616629907088,-0.8690026577008777,-0.9660983059074718,0.6867555167077424,-1.1822389234206898,-1.0438634226727688,-0.5530778314820941,-0.13794757223344795,0.4767517468844009,0.047415534800310674,0.21257755849918283,-0.6083466912843126,-0.23176932395776295,0.0,-0.16757895168880968,-0.35337023639665954,-0.5632384763052636,-0.8272204072068484,-1.087140178447281,0.7988520238640747,-0.9711853231753894,0.4008307312757749,0.6786431382677963,-0.8280958917736301,0.0
S25,early_gradual,mu_central,0.7988791731799926,-0.05788895999557278,-0.8690026577008777,-0.9660983059074718,0.9940286785456521,-0.41186883210787134,-1.0438634226727688,-1.381038657054092,0.5962224668737629,0.6708866823753058,-0.8986401923377334,-0.6519414824869691,1.6038230952041006,-0.7223831562351708,0.0,-0.16757895168880968,-0.35337023639665954,-0.5632384763052636,-0.8272204072068484,-0.11820953811993556,0.02924506445745227,-0.9711853231753894,0.4008307312757749,-0.799524394261286,1.5454273649023829,0.0
S25,early_gradual,beta_central,-0.042282387798522954,-0.0014273224645737802,-0.8690026577008777,-0.9660983059074718,0.2258457739508711,-0.36453218066676607,-1.0438634226727688,1.102843819661901,-0.9769990454988318,-0.02245237294935397,-0.1158100909999037,-0.14188536563885346,0.49773820195989416,0.936358848131304,0.0,-0.16757895168880968,-0.35337023639665954,-0.5632384763052636,-0.8272204072068484,0.8507211022074099,-0.74036189494917,-0.39900229695265366,0.4008307312757749,-0.3068018834182583,-0.03692147288162578,0.0
S25,late_gradual,gait,-0.8834439487770457,-0.07954923084344548,-0.8690026577008777,-0.9660983059074718,-0.5423371306439164,-0.43002850186032493,-1.0438634226727688,0.27488299408990324,1.8198391987191143,0.99444490819348,-0.7478197140983348,-0.5943368042627275,1.6038230952041006,0.2588445083196455,0.0,-0.16757895168880968,-0.35337023639665954,-0.5632384763052636,-0.8272204072068484,0.8507211022074099,0.02924506445745227,-0.39900229695265366,0.8643974983641817,-0.799524394261286,-0.8280958917736301,0.0
S25,late_gradual,theta_global,1.1353437975714031,-0.7002207110993796,-0.8690026577008777,-0.9660983059074718,1.3013018403835686,-0.950390836448642,-1.0438634226727688,-0.5530778314820941,-1.1168409577097287,-0.688057866061027,-0.8986401923377334,-0.041331893310007174,1.6038230952041006,-1.2129969885125789,0.0,-0.16757895168880968,-0.35337023639665954,-0.5632384763052636,-0.8272204072068484,-0.11820953811993556,-0.74036189494917,-0.9711853231753894,-0.06273603581263132,1.171365649110824,-0.03692147288162578,0.0
S25,late_gradual,alpha_global,0.12594992439717873,-0.3463941342057909,-0.8690026577008777,-0.9660983059074718,0.379482354869826,-0.6537475566320483,-1.0438634226727688,1.9308046452338978,-0.6273942649715883,-0.7851253338064794,-1.0494606705771319,-0.9170726248593232,-0.6083466912843126,1.106268400435168,0.0,-0.16757895168880968,-0.35337023639665954,-0.5632384763052636,-0.8272204072068484,-0.11820953811993556,0.02924506445745227,-0.39900229695265366,0.4008307312757749,-0.3068018834182583,-0.03692147288162578,0.0
S25,late_gradual,beta_global,1.1353437975714031,-1.1616444539990287,-0.8690026577008777,-0.9660983059074718,1.3013018403835686,-1.3372420834090024,-1.0438634226727688,0.27488299408990324,0.1883502229253123,-0.9469044467155665,-0.36391304221623005,-0.1869146255494547,-0.6083466912843126,0.6602558256375246,0.0,-0.16757895168880968,-0.35337023639665954,-0.5632384763052636,-0.8272204072068484,-1.087140178447281,-0.74036189494917,0.17318072927008196,0.4008307312757749,-0.3068018834182583,0.7542529460103783,0.0
S25,late_gradual,mu_central,-0.37874701218993345,1.2766524894327684,-0.8690026577008777,-0.9660983059074718,-0.08142738788704525,0.7069921536475131,-1.0438634226727688,-0.5530778314820941,1.8198391987191143,1.6415613598298293,1.3767818054479728,1.2575283730852849,-1.7144315845285194,0.8347824853409505,0.0,-0.16757895168880968,-0.35337023639665954,-0.5632384763052636,0.40620962341966627,0.8507211022074099,0.02924506445745227,-0.9711853231753894,-1.4534363370778514,1.171365649110824,-0.03692147288162578,0.0
S25,late_gradual,beta_central,2.1447376707456276,-0.8490778513075455,-0.8690026577008777,-0.9660983059074718,2.223121325897311,-1.0751905919761897,-1.0438634226727688,-0.5530778314820941,-0.13794757223344795,-0.688057866061027,1.2814012658499347,1.3302579385903126,-0.6083466912843126,-1.5698070483506938,0.0,-0.16757895168880968,-0.35337023639665954,-0.5632384763052636,-0.8272204072068484,-1.087140178447281,0.02924506445745227,-1.5433683493981252,-0.06273603581263132,0.18592062742476867,2.3366017837943867,0.0
S26,baseline,gait,-2.7339993829297926,2.7788916028204307,3.169739361048358,1.6048923204243601,-3.461432168104099,4.205156265618572,3.2636885278338448,0.27488299408990324,1.8198391987191143,2.2886778114661785,0.5958536374890323,0.4699283287477428,-0.6083466912843126,-0.6777818987554067,0.0,5.963358305218869,11.232539153657768,6.5814356417319155,2.873069684672696,-0.11820953811993556,-0.74036189494917,-0.9711853231753894,1.3279642654525885,-2.770414437633396,0.7542529460103783,0.0
S26,baseline,theta_global,1.6400407341585153,-1.4651209436332273,-0.8690026577008777,-0.9660983059074718,1.7622115831404397,-1.5916725505115046,-1.0438634226727688,-1.381038657054092,-0.6273942649715883,-1.2704626725337411,0.7460212132252303,0.5383984533902858,0.49773820195989416,-1.3998974960468298,0.0,-0.16757895168880968,-0.35337023639665954,-0.5632384763052636,-0.8272204072068484,-1.087140178447281,-0.74036189494917,-0.39900229695265366,-0.5263028029010381,1.6640881599538508,-0.03692147288162578,0.0
S26,baseline,alpha_global,2.8176669195284414,-2.690095019114637,-0.8690026577008777,-0.9660983059074718,2.837667649573137,-2.6186737741940025,-1.0438634226727688,-3.0369603081980867,-3.074627728662291,-2.2411373499882647,-2.1463368759545745,-1.8671757592072045,-0.6083466912843126,-3.3538573475412683,0.0,-0.16757895168880968,-0.35337023639665954,-0.5632384763052636,-0.8272204072068484,-1.087140178447281,-1.5099688543557923,-1.5433683493981252,-0.5263028029010381,3.1422556924829337,-0.03692147288162578,0.0
S26,baseline,beta_global,-1.2199085731684562,1.6812073248179848,-0.8690026577008777,-0.9660983059074718,-0.8496102924818328,1.0461652996783852,-1.0438634226727688,-0.5530778314820941,0.8409458132428335,1.2532914888480196,1.176936865337797,0.906754899177954,0.49773820195989416,0.46910757929567676,0.0,-0.16757895168880968,-0.35337023639665954,-0.5632384763052636,0.40620962341966627,0.8507211022074099,1.5684589832706968,-0.9711853231753894,-1.4534363370778514,-0.3068018834182583,0.7542529460103783,0.0
S26,baseline,mu_central,0.6306468609842909,-0.9348835315348482,-0.8690026577008777,-0.9660983059074718,0.8403920976266972,-1.1471288805948423,-1.0438634226727688,-0.5530778314820941,1.8198391987191143,0.8650216178662107,-1.5019221052953269,-1.7266801933563918,1.6038230952041006,-1.2129969885125789,0.0,-0.16757895168880968,-0.35337023639665954,-0.5632384763052636,-0.8272204072068484,-0.11820953811993556,-0.74036189494917,-0.9711853231753894,0.8643974983641817,0.6786431382677963,-0.8280958917736301,0.0
S26,baseline,beta_central,0.7988791731799926,0.5567560603738058,-0.8690026577008777,-0.9660983059074718,0.9940286785456521,0.10344100234852764,-1.0438634226727688,0.27488299408990324,-1.4431387528684894,-0.6233462208973923,2.03876816956293,2.0478761440010267,0.49773820195989416,-0.46539495837557654,0.0,-0.16757895168880968,-0.35337023639665954,1.222930053204031,-0.8272204072068484,-1.087140178447281,-0.74036189494917,-0.39900229695265366,-0.9898695699894446,1.6640881599538508,-0.03692147288162578,0.0
S26,early_abrupt,gait,1.4718084219628136,-0.8239481397226172,-0.8690026577008777,-0.9660983059074718,1.6085750022214849,-1.0541221913748404,-1.0438634226727688,-0.5530778314820941,-0.13794757223344795,0.08848187590259203,-1.6527425835347254,-1.659200427436566,1.6038230952041006,-1.2129969885125789,0.0,-0.16757895168880968,-0.35337023639665954,-0.5632384763052636,-0.8272204072068484,-0.11820953811993556,-0.74036189494917,-1.5433683493981252,-0.06273603581263132,1.6640881599538508,-0.03692147288162578,0.0
S26,early_abrupt,theta_global,0.12594992439717873,0.2982393423487175,-0.3641599053572222,-0.27682823362134923,0.2258457739508711,0.2423725687766008,0.03302456495388465,0.27488299408990324,1.0040947108222136,0.99444490819348,-0.6903642938166595,-0.38327639819758075,0.49773820195989416,0.0018563104600506516,0.0,-0.16757895168880968,-0.35337023639665954,-0.5632384763052636,0.40620962341966627,-0.11820953811993556,1.5684589832706968,-1.5433683493981252,-0.06273603581263132,-0.3068018834182583,0.7542529460103783,0.0
S26,early_abrupt,alpha_global,0.9671114853757015,0.09406847737828802,-0.8690026577008777,-0.9660983059074718,1.1476652594646135,-0.284469830566324,-1.0438634226727688,1.102843819661901,-0.2777894844443453,-1.1317948614688094,0.5958536374890323,0.48040190660669563,-0.6083466912843126,0.2142432508398803,0.0,-0.16757895168880968,-0.35337023639665954,-0.5632384763052636,0.40620962341966627,-1.087140178447281,-0.74036189494917,-0.39900229695265366,-0.5263028029010381,0.6786431382677963,0.7542529460103783,0.0
S26,early_abrupt,beta_global,-0.042282387798522954,1.3719207833739129,0.1406828469864306,0.41244183866477335,-0.08142738788704525,1.6027729894094378,0.03302456495388465,-0.5530778314820941,-0.13794757223344795,1.2532914888480196,-1.2002811488165304,-1.1160706041794304,1.6038230952041006,-1.2129969885125789,0.0,-0.16757895168880968,2.543107111116947,1.222930053204031,1.6396396540461808,-1.087140178447281,0.7988520238640747,-1.5433683493981252,-1.4534363370778514,1.6640881599538508,-0.03692147288162578,0.0
S26,early_abrupt,mu_central,0.2941822365928804,-0.8711752048914102,-0.8690026577008777,-0.9660983059074718,0.5331189357887809,-1.0937167058140316,-1.0438634226727688,-1.381038657054092,-1.8510109968169397,-0.7851253338064794,-1.7350082989380338,-1.310579907274272,-0.6083466912843126,-2.0158196231483374,0.0,-0.16757895168880968,-0.35337023639665954,-0.5632384763052636,-0.8272204072068484,-1.087140178447281,-0.74036189494917,1.8897298079382896,-0.06273603581263132,-1.2922469051043133,0.7542529460103783,0.0
S26,early_abrupt,beta_central,-0.2105146999942318,1.0076179156375638,-0.3641599053572222,-0.27682823362134923,-0.08142738788704525,0.9644685237507499,0.03302456495388465,0.27488299408990324,0.1883502229253123,0.34732845655713157,-0.40308719240828195,-0.6716916578781374,0.49773820195989416,0.46910757929567676,0.0,-0.16757895168880968,2.543107111116947,1.222930053204031,-0.8272204072068484,-1.087140178447281,0.7988520238640747,-0.9711853231753894,0.4008307312757749,-0.799524394261286,0.7542529460103783,0.0
S26,late_abrupt,gait,-0.37874701218993345,0.26001707480499414,-0.8690026577008777,-0.9660983059074718,-0.08142738788704525,-0.14534083507420034,-1.0438634226727688,1.9308046452338978,-0.6273942649715883,-0.2997879950792177,1.0332983146336086,0.9475092293502066,0.49773820195989416,0.46910757929567676,0.0,-0.16757895168880968,-0.35337023639665954,-0.5632384763052636,0.40620962341966627,-1.087140178447281,0.02924506445745227,0.17318072927008196,0.8643974983641817,-1.7849694159473408,0.7542529460103783,0.0
S26,late_abrupt,theta_global,1.1353437975714031,-0.27843534912423273,-0.8690026577008777,-0.9660983059074718,1.3013018403835686,-0.5967718566268808,-1.0438634226727688,0.27488299408990324,-0.6273942649715883,-0.2997879950792177,-0.596999235858937,-0.5186277985965809,1.6038230952041006,-1.2129969885125789,0.0,-0.16757895168880968,-0.35337023639665954,-0.5632384763052636,-0.8272204072068484,-0.11820953811993556,-0.74036189494917,-0.39900229695265366,-0.06273603581263132,-0.3068018834182583,1.5454273649023829,0.0
S26,late_abrupt,alpha_global,1.3035761097671048,-1.843875285016358,-0.8690026577008777,-0.9660983059074718,1.4549384213025234,-1.9092149212940583,-1.0438634226727688,-0.5530778314820941,-1.1168409577097287,-1.4645976080246461,0.5958536374890323,0.875405414430067,-0.6083466912843126,-2.0158196231483374,0.0,-0.16757895168880968,-0.35337023639665954,-0.5632384763052636,-0.8272204072068484,-1.087140178447281,-1.5099688543557923,0.745363755492818,-0.5263028029010381,1.6640881599538508,-0.8280958917736301,0.0
S26,late_abrupt,beta_global,0.7988791731799926,-0.8997377677097536,-0.8690026577008777,-0.9660983059074718,0.9940286785456521,-1.117663161133438,-1.0438634226727688,1.102843819661901,0.4214200766101414,-0.5771236172090815,-0.6381320935605905,-0.581918133372826,-0.6083466912843126,-0.23176932395776295,0.0,-0.16757895168880968,-0.35337023639665954,-0.5632384763052636,-0.8272204072068484,-0.11820953811993556,-1.5099688543557923,0.745363755492818,-0.9898695699894446,1.6640881599538508,-0.8280958917736301,0.0
S26,late_abrupt,mu_central,-0.042282387798522954,0.4906906223983156,-0.8690026577008777,-0.9660983059074718,0.2258457739508711,0.048052658217829204,-1.0438634226727688,-0.5530778314820941,-0.13794757223344795,-0.2997879950792177,-1.0494606705771319,-0.8213141987203232,-0.6083466912843126,-0.6777818987554067,0.0,-0.16757895168880968,-0.35337023639665954,-0.5632384763052636,0.40620962341966627,-1.087140178447281,0.02924506445745227,0.745363755492818,-0.9898695699894446,-0.3068018834182583,0.7542529460103783,0.0
S26,late_abrupt,beta_central,-1.7246055097555684,1.1356861273486671,0.1406828469864306,0.41244183866477335,-1.6177931970766137,1.2046933453453414,0.03302456495388465,1.102843819661901,0.4214200766101414,1.6415613598298293,-0.8818823614222447,-0.9368560497040118,3.815992881692514,0.3133571563504684,0.0,-0.16757895168880968,-0.35337023639665954,1.222930053204031,1.6396396540461808,0.8507211022074099,1.5684589832706968,-1.5433683493981252,-0.06273603581263132,-0.3068018834182583,-0.8280958917736301,0.0
S26,early_gradual,gait,0.12594992439717873,0.6533540736200764,-0.8690026577008777,-0.9660983059074718,0.379482354869826,0.18442743283296903,-1.0438634226727688,-1.381038657054092,0.5962224668737629,1.1562240211025676,-1.9831112501543602,-2.035394244411205,0.49773820195989416,-0.9326462272112032,0.0,-0.16757895168880968,-0.35337023639665954,-0.5632384763052636,-0.8272204072068484,0.8507211022074099,0.02924506445745227,-0.39900229695265366,-0.5263028029010381,-0.799524394261286,1.5454273649023829,0.0
S26,early_gradual,theta_global,-0.042282387798522954,0.24978250648295588,-0.8690026577008777,-0.9660983059074718,0.2258457739508711,-0.15392135477741503,-1.0438634226727688,1.102843819661901,-0.9769990454988318,-0.8544592393389455,-0.2594486417040928,-0.36603418158624323,0.49773820195989416,0.0018563104600506516,0.0,-0.16757895168880968,-0.35337023639665954,-0.5632384763052636,-0.8272204072068484,0.8507211022074099,0.02924506445745227,-0.9711853231753894,-0.06273603581263132,0.18592062742476867,-0.03692147288162578,0.0
S26,early_gradual,alpha_global,-0.37874701218993345,0.13600340446033565,-0.8690026577008777,-0.9660983059074718,-0.08142738788704525,-0.2493121710775924,-1.0438634226727688,1.102843819661901,-0.2777894844443453,-0.02245237294935397,-0.40308719240828195,-0.10113103546660077,0.49773820195989416,-0.46539495837557654,0.0,-0.16757895168880968,-0.35337023639665954,-0.5632384763052636,-0.8272204072068484,0.8507211022074099,0.02924506445745227,-0.39900229695265366,-0.5263028029010381,0.6786431382677963,-0.8280958917736301,0.0
S26,early_gradual,beta_global,-0.5469793243856351,1.924304307745874,-0.8690026577008777,-0.9660983059074718,-0.23506396880600014,1.2499744283265566,-1.0438634226727688,-0.5530778314820941,1.8198391987191143,3.1946408437570666,0.7460212132252303,0.8910801568040105,0.49773820195989416,-0.46539495837557654,0.0,-0.16757895168880968,-0.35337023639665954,1.222930053204031,0.40620962341966627,-0.11820953811993556,-0.74036189494917,-0.9711853231753894,-0.06273603581263132,-0.3068018834182583,0.7542529460103783,0.0
S26,early_gradual,mu_central,1.1353437975714031,0.1124526894997425,-0.8690026577008777,-0.9660983059074718,1.3013018403835686,-0.2690567628752773,-1.0438634226727688,0.27488299408990324,-0.6273942649715883,-0.2997879950792177,0.0278284597042854,0.09323576997029603,0.49773820195989416,0.0018563104600506516,0.0,-0.16757895168880968,-0.35337023639665954,-0.5632384763052636,0.40620962341966627,-1.087140178447281,-0.74036189494917,-0.39900229695265366,-0.9898695699894446,1.171365649110824,0.7542529460103783,0.0
S26,early_gradual,beta_central,1.3035761097671048,-1.1448272018929624,-0.8690026577008777,-0.9660983059074718,1.4549384213025234,-1.3231427331961256,-1.0438634226727688,0.27488299408990324,1.0040947108222136,0.023770230738956507,-0.6903642938166595,-0.5118092856639156,0.49773820195989416,-0.46539495837557654,0.0,-0.16757895168880968,-0.35337023639665954,-0.5632384763052636,-0.8272204072068484,-1.087140178447281,0.02924506445745227,-0.9711853231753894,-0.06273603581263132,1.171365649110824,-0.03692147288162578,0.0
S26,late_gradual,gait,-1.0516762609727472,1.8461648783105824,-0.8690026577008777,-0.9660983059074718,-0.6959737115628714,1.1844634177230393,-1.0438634226727688,2.758765470805896,-0.3554794356726213,0.7787394243146969,-0.5010225678884103,-0.6163313177665285,-0.6083466912843126,0.6602558256375246,0.0,-0.16757895168880968,-0.35337023639665954,-0.5632384763052636,0.40620962341966627,2.788582382862101,-1.5099688543557923,-0.39900229695265366,-0.9898695699894446,-0.3068018834182583,0.7542529460103783,0.0
S26,late_gradual,theta_global,0.46241454878858923,-1.2985324416283626,-0.8690026577008777,-0.9660983059074718,0.6867555167077424,-1.4520070679230717,-1.0438634226727688,-1.381038657054092,-0.6273942649715883,-0.7851253338064794,-0.5010225678884103,-0.5789256825559823,-0.6083466912843126,-1.12379447355305,0.0,-0.16757895168880968,-0.35337023639665954,-0.5632384763052636,-0.8272204072068484,-1.087140178447281,0.02924506445745227,0.17318072927008196,-0.5263028029010381,1.6640881599538508,-1.6192703106656343,0.0
S26,late_gradual,alpha_global,1.3035761097671048,-0.2643856079718948,-0.8690026577008777,-0.9660983059074718,1.4549384213025234,-0.5849927490974396,-1.0438634226727688,-0.5530778314820941,0.8409458132428335,0.08848187590259203,0.32163458614467183,0.07642104633279287,-0.6083466912843126,-0.6777818987554067,0.0,-0.16757895168880968,-0.35337023639665954,-0.5632384763052636,-0.8272204072068484,-1.087140178447281,0.7988520238640747,-0.39900229695265366,-1.4534363370778514,0.6786431382677963,1.5454273649023829,0.0
S26,late_gradual,beta_global,-0.8834439487770457,-0.7740788468212672,-0.8690026577008777,-0.9660983059074718,-0.5423371306439164,-1.0123124699619692,-1.0438634226727688,1.9308046452338978,-0.6273942649715883,-0.5424566644428486,-0.6903642938166595,-1.11058444434855,0.49773820195989416,0.936358848131304,0.0,-0.16757895168880968,-0.35337023639665954,-0.5632384763052636,-0.8272204072068484,-0.11820953811993556,-0.74036189494917,2.461912834161025,-0.9898695699894446,0.18592062742476867,-1.6192703106656343,0.0
S26,late_gradual,mu_central,-0.2105146999942318,1.2219326839446119,-0.8690026577008777,-0.9660983059074718,0.07220919303190965,0.6611158299596672,-1.0438634226727688,-0.5530778314820941,0.8409458132428335,1.2532914888480196,-0.36391304221623005,-0.27968060087160995,-0.6083466912843126,-1.12379447355305,0.0,-0.16757895168880968,-0.35337023639665954,1.222930053204031,-0.8272204072068484,-0.11820953811993556,0.02924506445745227,-0.9711853231753894,-0.5263028029010381,0.6786431382677963,-0.03692147288162578,0.0
S26,late_gradual,beta_central,0.12594992439717873,0.537254897263549,-0.8690026577008777,-0.9660983059074718,0.379482354869826,0.08709149848690932,-1.0438634226727688,-0.5530778314820941,0.8409458132428335,0.8650216178662107,0.17146701040847384,0.24371329676015124,0.49773820195989416,-0.46539495837557654,0.0,-0.16757895168880968,-0.35337023639665954,-0.5632384763052636,0.40620962341966627,-1.087140178447281,0.7988520238640747,-0.9711853231753894,-0.06273603581263132,-0.3068018834182583,0.7542529460103783,0.0
S27,baseline,gait,0.2941822365928804,0.5786216527620944,-0.8690026577008777,-0.9660983059074718,0.5331189357887809,0.12177281082413971,-1.0438634226727688,-1.381038657054092,1.8198391987191143,0.6708866823753058,1.176936865337797,1.3284054690370286,0.49773820195989416,-0.46539495837557654,0.0,-0.16757895168880968,-0.35337023639665954,-0.5632384763052636,0.40620962341966627,-0.11820953811993556,-0.74036189494917,-0.39900229695265366,-0.9898695699894446,1.171365649110824,-0.03692147288162578,0.0
S27,baseline,theta_global,-0.5469793243856351,-0.18914389426893227,-0.8690026577008777,-0.9660983059074718,-0.23506396880600014,-0.5219111430523953,-1.0438634226727688,1.9308046452338978,-0.6273942649715883,-0.057119325715586824,-0.8986401923377334,-0.9580692010500819,1.6038230952041006,1.7306860051518687,0.0,-0.16757895168880968,-0.35337023639665954,-0.5632384763052636,0.40620962341966627,-1.087140178447281,0.02924506445745227,0.17318072927008196,-0.06273603581263132,0.6786431382677963,-1.6192703106656343,0.0
S27,baseline,alpha_global,-0.2105146999942318,-0.6034310708226475,-0.8690026577008777,-0.9660983059074718,0.07220919303190965,-0.869243748527677,-1.0438634226727688,1.102843819661901,0.4214200766101414,0.25488324918050975,0.8896597639294187,0.408298091686556,0.49773820195989416,1.4036101169669302,0.0,-0.16757895168880968,-0.35337023639665954,-0.5632384763052636,-0.8272204072068484,-0.11820953811993556,0.02924506445745227,0.17318072927008196,-0.5263028029010381,1.171365649110824,-1.6192703106656343,0.0
S27,baseline,beta_global,-0.2105146999942318,-0.18914389426893227,-0.8690026577008777,-0.9660983059074718,0.07220919303190965,-0.5219111430523953,-1.0438634226727688,1.102843819661901,-0.2777894844443453,-0.02245237294935397,0.32163458614467183,0.1796605995139019,-0.6083466912843126,1.106268400435168,0.0,-0.16757895168880968,-0.35337023639665954,-0.5632384763052636,-0.8272204072068484,0.8507211022074099,-0.74036189494917,-0.39900229695265366,0.4008307312757749,0.18592062742476867,-0.8280958917736301,0.0
S27,baseline,mu_central,1.6400407341585153,-0.1203917527401155,-0.8690026577008777,-0.9660983059074718,1.7622115831404397,-0.46427030403860775,-1.0438634226727688,-0.5530778314820941,-2.09573434318601,-1.0763277370428364,-1.3236797219214924,-1.3494817678932407,-0.6083466912843126,-1.5698070483506938,0.0,-0.16757895168880968,-0.35337023639665954,-0.5632384763052636,0.40620962341966627,-1.087140178447281,-1.5099688543557923,-0.39900229695265366,-0.5263028029010381,0.6786431382677963,1.5454273649023829,0.0
S27,baseline,beta_central,1.3035761097671048,-1.3089738552158803,-0.8690026577008777,-0.9660983059074718,1.4549384213025234,-1.4607610038193408,-1.0438634226727688,0.27488299408990324,0.1883502229253123,-0.6233462208973923,-0.5010225678884103,-0.3125975598568909,-0.6083466912843126,-1.12379447355305,0.0,-0.16757895168880968,-0.35337023639665954,-0.5632384763052636,-0.8272204072068484,-0.11820953811993556,-1.5099688543557923,-1.5433683493981252,1.7915310325409948,0.18592062742476867,-0.03692147288162578,0.0
S27,early_abrupt,gait,-0.715211636581344,-0.2643856079718948,-0.8690026577008777,-0.9660983059074718,-0.3887005497249616,-0.5849927490974396,-1.0438634226727688,0.27488299408990324,0.1883502229253123,0.023770230738956507,1.212846503013844,1.2885132496953433,1.6038230952041006,0.7494583405970529,0.0,-0.16757895168880968,-0.35337023639665954,-0.5632384763052636,-0.8272204072068484,0.8507211022074099,0.02924506445745227,-0.9711853231753894,0.8643974983641817,0.18592062742476867,-1.6192703106656343,0.0
S27,early_abrupt,theta_global,-0.5469793243856351,0.5567560603738058,-0.8690026577008777,-0.9660983059074718,-0.23506396880600014,0.10344100234852764,-1.0438634226727688,1.102843819661901,0.4214200766101414,0.5322188713103735,-0.6903642938166595,-0.8864356284011606,0.49773820195989416,1.8708613858025573,0.0,-0.16757895168880968,-0.35337023639665954,-0.5632384763052636,0.40620962341966627,-0.11820953811993556,0.02924506445745227,-0.9711853231753894,0.8643974983641817,-0.799524394261286,-0.03692147288162578,0.0
S27,early_abrupt,alpha_global,0.7988791731799926,-1.556506605339852,-0.8690026577008777,-0.9660983059074718,0.9940286785456521,-1.6682890179766259,-1.0438634226727688,-0.5530778314820941,-1.1168409577097287,-1.4645976080246461,0.1845250604724916,0.07941349714963668,-0.6083466912843126,-1.12379447355305,0.0,-0.16757895168880968,-0.35337023639665954,-0.5632384763052636,-0.8272204072068484,-1.087140178447281,0.02924506445745227,-1.5433683493981252,1.7915310325409948,0.18592062742476867,-0.8280958917736301,0.0
S27,early_abrupt,beta_global,-0.715211636581344,0.8352432150266724,-0.3641599053572222,-0.27682823362134923,-0.5423371306439164,0.6463578299230299,0.03302456495388465,1.102843819661901,1.1206296376646276,1.3642257376999656,-0.6903642938166595,-0.5368888734622248,0.49773820195989416,0.0018563104600506516,0.0,-0.16757895168880968,-0.35337023639665954,-0.5632384763052636,1.6396396540461808,0.8507211022074099,-1.5099688543557923,0.745363755492818,-0.5263028029010381,-0.3068018834182583,-0.03692147288162578,0.0
S27,early_abrupt,mu_central,0.12594992439717873,0.049173344831577995,0.1406828469864306,0.41244183866477335,0.07220919303190965,0.6611158299596672,0.03302456495388465,-0.5530778314820941,-0.13794757223344795,0.4767517468844009,-0.7478197140983348,-0.6700458099288731,1.6038230952041006,-1.2129969885125789,0.0,-0.16757895168880968,2.543107111116947,1.222930053204031,0.40620962341966627,-0.11820953811993556,-0.74036189494917,-2.115551375620861,1.7915310325409948,0.18592062742476867,-0.8280958917736301,0.0
S27,early_abrupt,beta_central,-0.042282387798522954,-0.5409131981777303,-0.8690026577008777,-0.9660983059074718,0.2258457739508711,-0.8168296338182505,-1.0438634226727688,0.27488299408990324,0.1883502229253123,0.023770230738956507,0.157103155338055,-0.1367910743673221,1.6038230952041006,0.2588445083196455,0.0,-0.16757895168880968,-0.35337023639665954,-0.5632384763052636,-0.8272204072068484,-0.11820953811993556,0.02924506445745227,-0.39900229695265366,0.4008307312757749,0.18592062742476867,-0.8280958917736301,0.0
S27,late_abrupt,gait,-0.8834439487770457,-0.07954923084344548,-0.8690026577008777,-0.9660983059074718,-0.5423371306439164,-0.43002850186032493,-1.0438634226727688,1.102843819661901,0.4214200766101414,-0.02245237294935397,-1.0494606705771319,-0.8329847569060144,1.6038230952041006,0.7494583405970529,0.0,-0.16757895168880968,-0.35337023639665954,-0.5632384763052636,-0.8272204072068484,-0.11820953811993556,0.7988520238640747,1.3175467817155535,-1.4534363370778514,0.18592062742476867,-0.8280958917736301,0.0
S27,late_abrupt,theta_global,-0.042282387798522954,1.4743929617550047,-0.3641599053572222,-0.27682823362134923,0.07220919303190965,1.408416432996779,0.03302456495388465,-0.5530778314820941,0.8409458132428335,0.8650216178662107,0.7329631631612126,0.7212941973626151,-0.6083466912843126,0.6602558256375246,0.0,5.963358305218869,2.543107111116947,-0.5632384763052636,-0.8272204072068484,-1.087140178447281,-0.74036189494917,0.745363755492818,-0.06273603581263132,-1.2922469051043133,1.5454273649023829,0.0
S27,late_abrupt,alpha_global,0.6306468609842909,1.19771703951685,-0.8690026577008777,-0.9660983059074718,0.8403920976266972,0.6408137705468603,-1.0438634226727688,0.27488299408990324,-0.6273942649715883,0.34732845655713157,-0.44617875761953846,-0.7046086168634185,1.6038230952041006,-0.23176932395776295,0.0,-0.16757895168880968,-0.35337023639665954,1.222930053204031,-0.8272204072068484,-0.11820953811993556,-0.74036189494917,-1.5433683493981252,0.4008307312757749,-0.3068018834182583,1.5454273649023829,0.0
S27,late_abrupt,beta_global,0.6306468609842909,0.2906146293708191,-0.8690026577008777,-0.9660983059074718,0.8403920976266972,-0.11968827098345024,-1.0438634226727688,-1.381038657054092,0.5962224668737629,1.6415613598298293,-0.5467257431124704,-0.40678851175849595,0.49773820195989416,0.0018563104600506516,0.0,-0.16757895168880968,-0.35337023639665954,-0.5632384763052636,0.40620962341966627,-1.087140178447281,0.02924506445745227,-0.9711853231753894,-0.06273603581263132,0.18592062742476867,0.7542529460103783,0.0
S27,late_abrupt,mu_central,1.4718084219628136,0.3789676468368189,-0.8690026577008777,-0.9660983059074718,1.6085750022214849,-0.04561433026110233,-1.0438634226727688,-2.2089994826260893,-1.4431387528684894,-0.2997879950792177,-1.8394726994501711,-1.844162387449097,0.49773820195989416,-2.334400033718083,0.0,-0.16757895168880968,-0.35337023639665954,-0.5632384763052636,-0.8272204072068484,-0.11820953811993556,0.02924506445745227,0.17318072927008196,-2.844136638343071,1.171365649110824,2.3366017837943867,0.0
S27,late_abrupt,beta_central,1.976505358549926,-0.5409131981777303,-0.8690026577008777,-0.9660983059074718,2.069484744978356,-0.8168296338182505,-1.0438634226727688,-3.0369603081980867,-0.6273942649715883,0.6708866823753058,0.32163458614467183,-0.053750564199908556,-0.6083466912843126,-2.461832197945981,0.0,-0.16757895168880968,-0.35337023639665954,-0.5632384763052636,-0.8272204072068484,-0.11820953811993556,-0.74036189494917,-1.5433683493981252,-0.5263028029010381,1.171365649110824,1.5454273649023829,0.0
S27,early_gradual,gait,-0.042282387798522954,-1.1448272018929624,-0.8690026577008777,-0.9660983059074718,0.2258457739508711,-1.3231427331961256,-1.0438634226727688,-0.5530778314820941,-0.13794757223344795,-1.0763277370428364,0.6023826625210406,0.750007475438521,0.49773820195989416,-0.9326462272112032,0.0,-0.16757895168880968,-0.35337023639665954,-0.5632384763052636,-0.8272204072068484,-1.087140178447281,0.02924506445745227,0.745363755492818,0.4008307312757749,-0.3068018834182583,-0.8280958917736301,0.0
S27,early_gradual,theta_global,-0.715211636581344,0.24978250648295588,-0.8690026577008777,-0.9660983059074718,-0.3887005497249616,-0.15392135477741503,-1.0438634226727688,-1.381038657054092,1.8198391987191143,1.6415613598298293,-0.1158100909999037,-0.008650055460335697,0.49773820195989416,-0.9326462272112032,0.0,-0.16757895168880968,-0.35337023639665954,-0.5632384763052636,-0.8272204072068484,-0.11820953811993556,2.3380659426773196,-0.9711853231753894,-0.9898695699894446,0.6786431382677963,-0.8280958917736301,0.0
S27,early_gradual,alpha_global,2.312969982941329,-1.7033127983674132,-0.8690026577008777,-0.9660983059074718,2.3767579068162656,-1.791369287919663,-1.0438634226727688,-2.2089994826260893,0.1883502229253123,-0.9469044467155665,-1.7350082989380338,-1.4048421080048492,-0.6083466912843126,-2.461832197945981,0.0,-0.16757895168880968,-0.35337023639665954,-0.5632384763052636,-0.8272204072068484,-1.087140178447281,-1.5099688543557923,-0.39900229695265366,-0.06273603581263132,0.6786431382677963,1.5454273649023829,0.0
S27,early_gradual,beta_global,0.12594992439717873,0.9894451492693092,-0.8690026577008777,-0.9660983059074718,0.379482354869826,0.46620151513334773,-1.0438634226727688,-1.381038657054092,-1.8510109968169397,-1.7558000112610028,0.3275958698695492,0.38594454604023704,-1.7144315845285194,-1.298321133256476,0.0,-0.16757895168880968,2.543107111116947,-0.5632384763052636,-0.8272204072068484,-1.087140178447281,-1.5099688543557923,0.745363755492818,-0.06273603581263132,0.18592062742476867,-0.03692147288162578,0.0
S27,early_gradual,mu_central,0.2941822365928804,0.2189713509119417,-0.8690026577008777,-0.9660983059074718,0.5331189357887809,-0.17975299897940988,-1.0438634226727688,1.102843819661901,0.4214200766101414,0.5322188713103735,-0.22680351654404982,0.03452673489698143,-0.6083466912843126,1.106268400435168,0.0,-0.16757895168880968,-0.35337023639665954,-0.5632384763052636,0.40620962341966627,-1.087140178447281,0.02924506445745227,-0.39900229695265366,-0.5263028029010381,0.6786431382677963,-0.03692147288162578,0.0
S27,early_gradual,beta_central,-0.042282387798522954,0.3714454988537663,-0.8690026577008777,-0.9660983059074718,0.2258457739508711,-0.05192079448588996,-1.0438634226727688,1.102843819661901,-0.2777894844443453,0.5322188713103735,-0.40308719240828195,-0.5353213992248309,0.49773820195989416,0.46910757929567676,0.0,-0.16757895168880968,-0.35337023639665954,-0.5632384763052636,0.40620962341966627,-0.11820953811993556,-1.5099688543557923,0.17318072927008196,0.8643974983641817,-1.2922469051043133,0.7542529460103783,0.0
S27,late_gradual,gait,1.6400407341585153,-1.2950575593181075,-0.8690026577008777,-0.9660983059074718,1.7622115831404397,-1.4490937749349062,-1.0438634226727688,1.9308046452338978,-1.8510109968169397,-1.513131341897372,-0.9776413952250377,-0.8833006799263717,0.49773820195989416,0.46910757929567676,0.0,-0.16757895168880968,-0.35337023639665954,-0.5632384763052636,-0.8272204072068484,-1.087140178447281,-0.74036189494917,-0.39900229695265366,-0.06273603581263132,0.6786431382677963,0.7542529460103783,0.0
S27,late_gradual,theta_global,1.976505358549926,-1.1448272018929624,-0.8690026577008777,-0.9660983059074718,2.069484744978356,-1.3231427331961256,-1.0438634226727688,-2.2089994826260893,1.8198391987191143,0.99444490819348,-1.2649184966334153,-1.0510204233275653,0.49773820195989416,-1.8671487648824565,0.0,-0.16757895168880968,-0.35337023639665954,-0.5632384763052636,-0.8272204072068484,-0.11820953811993556,-1.5099688543557923,-1.5433683493981252,0.4008307312757749,1.171365649110824,0.7542529460103783,0.0
S27,late_gradual,alpha_global,-1.5563731975598596,0.8978224924915567,-0.8690026577008777,-0.9660983059074718,-1.1568834543197426,0.389386354297545,-1.0438634226727688,1.9308046452338978,0.5962224668737629,0.6708866823753058,-0.40308719240828195,-0.40522103752110106,0.49773820195989416,0.0018563104600506516,0.0,-0.16757895168880968,-0.35337023639665954,1.222930053204031,0.40620962341966627,-1.087140178447281,-1.5099688543557923,1.8897298079382896,0.4008307312757749,-1.2922469051043133,-0.8280958917736301,0.0
S27,late_gradual,beta_global,-2.565767070734084,2.7842618199601845,-0.3641599053572222,-0.27682823362134923,-2.2323395207524466,2.2490255171733082,0.03302456495388465,1.102843819661901,0.4214200766101414,1.6415613598298293,0.006282677098657136,0.06071067954436358,1.6038230952041006,1.7306860051518687,0.0,-0.16757895168880968,-0.35337023639665954,1.222930053204031,2.873069684672696,1.8196517425347556,-0.74036189494917,0.17318072927008196,-1.9170031041662579,-0.799524394261286,0.7542529460103783,0.0
S27,late_gradual,mu_central,0.46241454878858923,0.6148941767464354,-0.8690026577008777,-0.9660983059074718,0.6867555167077424,0.1521831903281559,-1.0438634226727688,1.102843819661901,-0.2777894844443453,-0.02245237294935397,-0.6903642938166595,-0.5494286673613794,0.49773820195989416,0.46910757929567676,0.0,-0.16757895168880968,-0.35337023639665954,-0.5632384763052636,0.40620962341966627,-1.087140178447281,0.7988520238640747,-0.9711853231753894,-0.9898695699894446,0.6786431382677963,0.7542529460103783,0.0
S27,late_gradual,beta_central,-1.388140885364158,1.30276458647733,-0.8690026577008777,-0.9660983059074718,-1.0032468734007878,0.7288841725517843,-1.0438634226727688,0.27488299408990324,1.0040947108222136,0.99444490819348,2.2411679455551967,2.2339780852771174,-0.6083466912843126,1.552280975232811,0.0,-0.16757895168880968,-0.35337023639665954,-0.5632384763052636,1.6396396540461808,-0.11820953811993556,0.02924506445745227,-0.39900229695265366,-0.5263028029010381,0.18592062742476867,-0.8280958917736301,0.0
S28,baseline,gait,-0.715211636581344,-0.0014273224645737802,-0.8690026577008777,-0.9660983059074718,-0.3887005497249616,-0.36453218066676607,-1.0438634226727688,2.758765470805896,-0.8993090942705555,-0.9469044467155665,-0.40308719240828195,-0.2954978409034985,0.49773820195989416,1.8708613858025573,0.0,-0.16757895168880968,-0.35337023639665954,-0.5632384763052636,-0.8272204072068484,0.8507211022074099,0.02924506445745227,-0.39900229695265366,0.4008307312757749,-0.3068018834182583,-0.8280958917736301,0.0
S28,baseline,theta_global,-1.0516762609727472,1.448913983661099,0.6455255993300861,0.5481147744540757,-1.1568834543197426,1.8620898016689782,1.109912552580538,1.102843819661901,-0.2777894844443453,0.8095544934402381,2.378277471227377,2.7890777118016272,-0.6083466912843126,1.9982935500304555,0.0,-0.16757895168880968,2.543107111116947,3.009098582713326,0.40620962341966627,0.8507211022074099,0.02924506445745227,-0.9711853231753894,-0.5263028029010381,0.6786431382677963,-0.8280958917736301,0.0
S28,baseline,alpha_global,1.4718084219628136,-1.46873783671762,-0.8690026577008777,-0.9660983059074718,1.6085750022214849,-1.5947049033571272,-1.0438634226727688,1.102843819661901,-1.6762086065533182,-1.6864661057285368,-1.2649184966334153,-1.3927298070795295,0.49773820195989416,0.0018563104600506516,0.0,-0.16757895168880968,-0.35337023639665954,-0.5632384763052636,-0.8272204072068484,-1.087140178447281,-0.74036189494917,-0.9711853231753894,1.3279642654525885,-0.3068018834182583,0.7542529460103783,0.0
S28,baseline,beta_global,-1.2199085731684562,-0.5320446593332941,-0.3641599053572222,-0.27682823362134923,-1.0032468734007878,-0.4368566752989503,0.03302456495388465,0.27488299408990324,-1.4431387528684894,-0.6233462208973923,-1.0494606705771319,-1.1145743787710083,-0.6083466912843126,-0.6777818987554067,0.0,-0.16757895168880968,-0.35337023639665954,-0.5632384763052636,0.40620962341966627,0.8507211022074099,0.02924506445745227,-0.39900229695265366,0.8643974983641817,0.18592062742476867,-2.4104447295576383,0.0
S28,baseline,mu_central,0.6306468609842909,-0.6364908951186977,-0.8690026577008777,-0.9660983059074718,0.8403920976266972,-0.8969606453064345,-1.0438634226727688,-0.5530778314820941,-1.1168409577097287,-0.688057866061027,-0.36391304221623005,-0.22282403535157946,-0.6083466912843126,-1.5698070483506938,0.0,-0.16757895168880968,-0.35337023639665954,-0.5632384763052636,0.40620962341966627,-1.087140178447281,-1.5099688543557923,-0.39900229695265366,0.8643974983641817,0.6786431382677963,-0.8280958917736301,0.0
S28,baseline,beta_central,0.12594992439717873,0.049173344831577995,-0.8690026577008777,-0.9660983059074718,0.379482354869826,-0.32210928513579246,-1.0438634226727688,0.27488299408990324,0.1883502229253123,0.023770230738956507,0.45874411181685204,0.5305610822033141,0.49773820195989416,0.46910757929567676,0.0,-0.16757895168880968,-0.35337023639665954,-0.5632384763052636,-0.8272204072068484,-0.11820953811993556,0.7988520238640747,-0.9711853231753894,0.4008307312757749,-0.799524394261286,0.7542529460103783,0.0
S28,early_abrupt,gait,-0.37874701218993345,-0.5290919061836737,-0.8690026577008777,-0.9660983059074718,-0.08142738788704525,-0.8069188270620886,-1.0438634226727688,1.102843819661901,0.4214200766101414,-0.2997879950792177,-1.351101627055929,-1.045299142361076,1.6038230952041006,0.2588445083196455,0.0,-0.16757895168880968,-0.35337023639665954,-0.5632384763052636,-0.8272204072068484,-0.11820953811993556,-0.74036189494917,1.3175467817155535,0.4008307312757749,-1.2922469051043133,-0.03692147288162578,0.0
S28,early_abrupt,theta_global,0.9671114853757015,-0.43548995871405455,-0.8690026577008777,-0.9660983059074718,1.1476652594646135,-0.7284442564450857,-1.0438634226727688,1.102843819661901,0.4214200766101414,-0.2997879950792177,-0.08969399087186956,0.09587197664227715,-0.6083466912843126,0.6602558256375246,0.0,-0.16757895168880968,-0.35337023639665954,-0.5632384763052636,-0.8272204072068484,-0.11820953811993556,0.02924506445745227,-1.5433683493981252,-0.06273603581263132,1.171365649110824,-0.03692147288162578,0.0
S28,early_abrupt,alpha_global,0.46241454878858923,-0.6758460169638763,-0.8690026577008777,-0.9660983059074718,0.6867555167077424,-0.9299554319734814,-1.0438634226727688,-0.5530778314820941,1.8198391987191143,0.08848187590259203,-0.5010225678884103,0.19611907900654235,-0.6083466912843126,-0.6777818987554067,0.0,-0.16757895168880968,-0.35337023639665954,-0.5632384763052636,-0.8272204072068484,-1.087140178447281,-0.74036189494917,2.461912834161025,-1.4534363370778514,-0.3068018834182583,0.7542529460103783,0.0
S28,early_abrupt,beta_global,1.1353437975714031,-0.5557285406665577,-0.8690026577008777,-0.9660983059074718,1.3013018403835686,-0.8292506108575576,-1.0438634226727688,0.27488299408990324,1.0040947108222136,-0.2997879950792177,-0.9776413952250377,-1.11058444434855,0.49773820195989416,0.0018563104600506516,0.0,-0.16757895168880968,-0.35337023639665954,-0.5632384763052636,-0.8272204072068484,-0.11820953811993556,-1.5099688543557923,0.17318072927008196,0.4008307312757749,-0.799524394261286,1.5454273649023829,0.0
S28,early_abrupt,mu_central,1.976505358549926,-1.4796074278767264,-0.8690026577008777,-0.9660983059074718,2.069484744978356,-1.603817817372833,-1.0438634226727688,-1.381038657054092,-0.6273942649715883,-1.2704626725337411,-0.7752416192327715,-0.5385275965285923,-0.6083466912843126,-1.5698070483506938,0.0,-0.16757895168880968,-0.35337023639665954,-0.5632384763052636,-0.8272204072068484,-1.087140178447281,-0.74036189494917,-0.9711853231753894,-0.06273603581263132,1.171365649110824,0.7542529460103783,0.0
S28,early_abrupt,beta_central,-0.042282387798522954,1.3719207833739129,-0.8690026577008777,-0.9660983059074718,0.2258457739508711,0.786863765964899,-1.0438634226727688,0.27488299408990324,0.1883502229253123,0.023770230738956507,-0.6381320935605905,-0.46072387529065517,-0.6083466912843126,0.2142432508398803,0.0,-0.16757895168880968,-0.35337023639665954,1.222930053204031,-0.8272204072068484,0.8507211022074099,-1.5099688543557923,-0.9711853231753894,0.4008307312757749,-0.3068018834182583,0.7542529460103783,0.0
S28,late_abrupt,gait,-0.37874701218993345,0.3814729378322843,-0.8690026577008777,-0.9660983059074718,-0.08142738788704525,-0.043513929142807134,-1.0438634226727688,1.102843819661901,0.4214200766101414,0.25488324918050975,0.0278284597042854,-0.0713490249561087,0.49773820195989416,0.936358848131304,0.0,-0.16757895168880968,-0.35337023639665954,-0.5632384763052636,-0.8272204072068484,-0.11820953811993556,2.3380659426773196,-1.5433683493981252,-0.5263028029010381,0.18592062742476867,-0.03692147288162578,0.0
S28,late_abrupt,theta_global,-1.7246055097555684,1.942221974679514,-0.3641599053572222,-0.27682823362134923,-1.464156616157659,1.5885116169333746,0.03302456495388465,1.9308046452338978,0.5962224668737629,1.3988926904661985,0.0278284597042854,-0.42559820260722736,0.49773820195989416,2.3381126546381834,0.0,-0.16757895168880968,-0.35337023639665954,1.222930053204031,1.6396396540461808,1.8196517425347556,-0.74036189494917,-0.9711853231753894,-0.9898695699894446,0.6786431382677963,-0.8280958917736301,0.0
S28,late_abrupt,alpha_global,0.12594992439717873,0.9894451492693092,-0.3641599053572222,-0.27682823362134923,0.2258457739508711,0.8727750147800489,0.03302456495388465,0.27488299408990324,-0.6273942649715883,0.34732845655713157,-1.1212799459292262,-0.9710792372204549,0.49773820195989416,-0.46539495837557654,0.0,-0.16757895168880968,-0.35337023639665954,1.222930053204031,1.6396396540461808,-1.087140178447281,-0.74036189494917,-0.9711853231753894,0.4008307312757749,-0.3068018834182583,0.7542529460103783,0.0
S28,late_abrupt,beta_global,-1.2199085731684562,0.6148941767464354,-0.8690026577008777,-0.9660983059074718,-0.8496102924818328,0.1521831903281559,-1.0438634226727688,2.758765470805896,0.1883502229253123,0.1316229726783485,-0.9776413952250377,-1.0745325368884806,0.49773820195989416,1.4036101169669302,0.0,-0.16757895168880968,-0.35337023639665954,-0.5632384763052636,-0.8272204072068484,-0.11820953811993556,3.1076729020839418,-0.39900229695265366,-1.4534363370778514,-0.3068018834182583,-0.03692147288162578,0.0
S28,late_abrupt,mu_central,-0.5469793243856351,-0.18914389426893227,-0.8690026577008777,-0.9660983059074718,-0.23506396880600014,-0.5219111430523953,-1.0438634226727688,0.27488299408990324,1.8198391987191143,0.6708866823753058,-0.596999235858937,-0.34745961187312036,1.6038230952041006,-0.23176932395776295,0.0,-0.16757895168880968,-0.35337023639665954,-0.5632384763052636,0.40620962341966627,-1.087140178447281,-0.74036189494917,1.3175467817155535,-0.06273603581263132,-0.3068018834182583,-0.8280958917736301,0.0
S28,late_abrupt,beta_central,-1.0516762609727472,0.34126214886191036,-0.8690026577008777,-0.9660983059074718,-0.6959737115628714,-0.07722609522402266,-1.0438634226727688,0.27488299408990324,0.1883502229253123,0.34732845655713157,-0.40308719240828195,-0.4647850585420861,0.49773820195989416,0.0018563104600506516,0.0,-0.16757895168880968,-0.35337023639665954,-0.5632384763052636,-0.8272204072068484,0.8507211022074099,0.7988520238640747,0.17318072927008196,-0.9898695699894446,0.18592062742476867,-0.8280958917736301,0.0
S28,early_gradual,gait,0.6306468609842909,-0.35495054210449284,-0.8690026577008777,-0.9660983059074718,0.8403920976266972,-0.6609211299820312,-1.0438634226727688,0.27488299408990324,-0.6273942649715883,-1.2704626725337411,0.06529938597494346,0.1483699724942967,-1.7144315845285194,-0.018458962098020476,0.0,-0.16757895168880968,-0.35337023639665954,-0.5632384763052636,0.40620962341966627,-1.087140178447281,-1.5099688543557923,-0.39900229695265366,1.7915310325409948,-1.2922469051043133,0.7542529460103783,0.0
S28,early_gradual,theta_global,1.808273046354217,-0.9767616629907088,-0.8690026577008777,-0.9660983059074718,1.9158481640593945,-1.1822389234206898,-1.0438634226727688,-0.5530778314820941,-1.1168409577097287,-1.0763277370428364,-0.5467257431124704,-0.3503594392122998,0.49773820195989416,-0.9326462272112032,0.0,-0.16757895168880968,-0.35337023639665954,-0.5632384763052636,-0.8272204072068484,-0.11820953811993556,-1.5099688543557923,-0.39900229695265366,-1.4534363370778514,2.6495331816399057,-0.03692147288162578,0.0
S28,early_gradual,alpha_global,0.7988791731799926,-1.0550821663556647,-0.8690026577008777,-0.9660983059074718,0.9940286785456521,-1.247901743887832,-1.0438634226727688,-1.381038657054092,-0.6273942649715883,-0.2997879950792177,0.0278284597042854,-0.5071068629517328,0.49773820195989416,-0.9326462272112032,0.0,-0.16757895168880968,-0.35337023639665954,-0.5632384763052636,-0.8272204072068484,-0.11820953811993556,-1.5099688543557923,-0.39900229695265366,1.3279642654525885,-0.3068018834182583,-0.03692147288162578,0.0
S28,early_gradual,beta_global,0.9671114853757015,0.5786216527620934,0.1406828469864306,0.41244183866477335,0.8403920976266972,1.0685707418538486,0.03302456495388465,-0.5530778314820941,-0.13794757223344795,0.8650216178662107,-0.2594486417040928,-0.28452552124173786,0.49773820195989416,-0.46539495837557654,0.0,-0.16757895168880968,2.543107111116947,1.222930053204031,0.40620962341966627,-0.11820953811993556,-0.74036189494917,-2.115551375620861,0.8643974983641817,-0.3068018834182583,1.5454273649023829,0.0
S28,early_gradual,mu_central,-0.8834439487770457,0.418927789189372,-0.3641599053572222,-0.27682823362134923,-0.6959737115628714,0.31343900078244014,0.03302456495388465,1.102843819661901,-1.6762086065533182,-0.5771236172090815,0.17146701040847384,-0.11680577784054426,0.49773820195989416,0.0018563104600506516,0.0,-0.16757895168880968,-0.35337023639665954,-0.5632384763052636,0.40620962341966627,1.8196517425347556,-0.74036189494917,0.17318072927008196,-0.5263028029010381,0.18592062742476867,-0.8280958917736301,0.0
S28,early_gradual,beta_central,1.808273046354217,-0.39218982717722795,-0.8690026577008777,-0.9660983059074718,1.9158481640593945,-0.6921420285334804,-1.0438634226727688,-2.2089994826260893,0.1883502229253123,0.34732845655713157,-1.6958341487459818,-1.6670377986235376,0.49773820195989416,-1.8671487648824565,0.0,-0.16757895168880968,-0.35337023639665954,-0.5632384763052636,-0.8272204072068484,-0.11820953811993556,-0.74036189494917,-0.9711853231753894,-0.9898695699894446,1.171365649110824,1.5454273649023829,0.0
S28,late_gradual,gait,0.46241454878858923,-0.39218982717722795,-0.8690026577008777,-0.9660983059074718,0.6867555167077424,-0.6921420285334804,-1.0438634226727688,0.27488299408990324,-0.6273942649715883,-0.6233462208973923,-0.9776413952250377,-0.9193525873864415,0.49773820195989416,-0.46539495837557654,0.0,-0.16757895168880968,-0.35337023639665954,-0.5632384763052636,-0.8272204072068484,-0.11820953811993556,-1.5099688543557923,1.8897298079382896,-0.9898695699894446,-0.3068018834182583,0.7542529460103783,0.0
S28,late_gradual,theta_global,-1.7246055097555684,0.6939614350582761,-0.8690026577008777,-0.9660983059074718,-1.310520035238704,0.2184720797543002,-1.0438634226727688,0.27488299408990324,1.8198391987191143,0.99444490819348,0.6023826625210406,0.23430845133578554,0.49773820195989416,1.8708613858025573,0.0,-0.16757895168880968,-0.35337023639665954,-0.5632384763052636,0.40620962341966627,-0.11820953811993556,0.7988520238640747,1.3175467817155535,-1.4534363370778514,-0.3068018834182583,-0.8280958917736301,0.0
S28,late_gradual,alpha_global,-0.715211636581344,0.24978250648295588,-0.8690026577008777,-0.9660983059074718,-0.3887005497249616,-0.15392135477741503,-1.0438634226727688,1.102843819661901,-0.2777894844443453,-0.02245237294935397,-0.8340028445208486,-0.9820515568822151,0.49773820195989416,0.46910757929567676,0.0,-0.16757895168880968,-0.35337023639665954,-0.5632384763052636,0.40620962341966627,-0.11820953811993556,-0.74036189494917,0.17318072927008196,0.4008307312757749,-0.3068018834182583,-0.8280958917736301,0.0
S28,late_gradual,beta_global,-0.2105146999942318,-0.05788895999557278,-0.8690026577008777,-0.9660983059074718,0.07220919303190965,-0.41186883210787134,-1.0438634226727688,-0.5530778314820941,-0.13794757223344795,0.4767517468844009,-0.1158100909999037,0.2907375238819817,0.49773820195989416,0.0018563104600506516,0.0,-0.16757895168880968,-0.35337023639665954,-0.5632384763052636,-0.8272204072068484,-0.11820953811993556,0.7988520238640747,-0.39900229695265366,-0.06273603581263132,-0.3068018834182583,-0.03692147288162578,0.0
S28,late_gradual,mu_central,-0.37874701218993345,-0.1203917527401155,-0.8690026577008777,-0.9660983059074718,-0.08142738788704525,-0.46427030403860775,-1.0438634226727688,-0.5530778314820941,1.8198391987191143,0.8650216178662107,-1.1212799459292262,-0.7437954727982772,0.49773820195989416,-0.46539495837557654,0.0,-0.16757895168880968,-0.35337023639665954,-0.5632384763052636,-0.8272204072068484,0.8507211022074099,-0.74036189494917,0.17318072927008196,-0.06273603581263132,0.18592062742476867,-0.8280958917736301,0.0
S28,late_gradual,beta_central,-1.388140885364158,0.6461607952248121,-0.8690026577008777,-0.9660983059074718,-1.0032468734007878,0.17839668829552072,-1.0438634226727688,1.102843819661901,-0.2777894844443453,0.5322188713103735,0.7329631631612126,0.9247808529079884,-0.6083466912843126,1.552280975232811,0.0,-0.16757895168880968,-0.35337023639665954,-0.5632384763052636,1.6396396540461808,-0.11820953811993556,-1.5099688543557923,0.17318072927008196,0.8643974983641817,-0.3068018834182583,-1.6192703106656343,0.0
S29,baseline,gait,-1.388140885364158,1.09102782628955,2.16005385636105,1.3154295441395834,-1.9250663589145303,2.5266744393938607,2.1868005402071917,0.27488299408990324,0.1883502229253123,1.6415613598298293,-0.08969399087186956,-0.30661265822320327,-0.6083466912843126,0.2142432508398803,0.0,-0.16757895168880968,5.439584458630554,4.795267112222621,2.873069684672696,-0.11820953811993556,-1.5099688543557923,1.8897298079382896,-1.4534363370778514,0.18592062742476867,-0.8280958917736301,0.0
S29,baseline,theta_global,-0.5469793243856351,-0.7493352792367612,-0.8690026577008777,-0.9660983059074718,-0.23506396880600014,-0.9915678071187399,-1.0438634226727688,0.27488299408990324,-0.6273942649715883,-0.9469044467155665,0.3275958698695492,0.2528455379693185,-1.7144315845285194,0.40816176162146445,0.0,-0.16757895168880968,-0.35337023639665954,-0.5632384763052636,-0.8272204072068484,-0.11820953811993556,-0.74036189494917,1.3175467817155535,0.4008307312757749,-0.799524394261286,-0.8280958917736301,0.0
S29,baseline,alpha_global,0.46241454878858923,-0.6758460169638763,-0.3641599053572222,-0.27682823362134923,0.5331189357887809,-0.5010769136319866,0.03302456495388465,-1.381038657054092,0.5962224668737629,0.6708866823753058,-0.6903642938166595,-0.24533866530687917,0.49773820195989416,-1.3998974960468298,0.0,-0.16757895168880968,-0.35337023639665954,-0.5632384763052636,0.40620962341966627,0.8507211022074099,-1.5099688543557923,-1.5433683493981252,1.7915310325409948,0.18592062742476867,-0.8280958917736301,0.0
S29,baseline,beta_global,-1.0516762609727472,1.1356861273486663,-0.8690026577008777,-0.9660983059074718,-0.6959737115628714,0.5888079167267866,-1.0438634226727688,0.27488299408990324,1.0040947108222136,0.99444490819348,-0.6381320935605905,-0.49513705968435756,-0.6083466912843126,-0.23176932395776295,0.0,-0.16757895168880968,-0.35337023639665954,-0.5632384763052636,-0.8272204072068484,0.8507211022074099,2.3380659426773196,-0.39900229695265366,-1.9170031041662579,-0.3068018834182583,0.7542529460103783,0.0
S29,baseline,mu_central,1.3035761097671048,-0.40082116957167646,-0.8690026577008777,-0.9660983059074718,1.4549384213025234,-0.6993784259222476,-1.0438634226727688,-0.5530778314820941,-2.09573434318601,-1.4645976080246461,-1.2649184966334153,-1.281439136224532,0.49773820195989416,-0.9326462272112032,0.0,-0.16757895168880968,-0.35337023639665954,-0.5632384763052636,-0.8272204072068484,-0.11820953811993556,-0.74036189494917,-0.39900229695265366,-0.9898695699894446,1.171365649110824,0.7542529460103783,0.0
S29,baseline,beta_central,-0.042282387798522954,0.1255483170752697,-0.8690026577008777,-0.9660983059074718,0.2258457739508711,-0.25807757089550315,-1.0438634226727688,-0.5530778314820941,0.8409458132428335,-0.688057866061027,-1.1865701962493123,-0.673187883286559,-0.6083466912843126,-0.23176932395776295,0.0,-0.16757895168880968,-0.35337023639665954,-0.5632384763052636,-0.8272204072068484,-0.11820953811993556,0.02924506445745227,0.745363755492818,-0.06273603581263132,-1.7849694159473408,1.5454273649023829,0.0
S29,early_abrupt,gait,-0.042282387798522954,-0.13133432718029953,-0.8690026577008777,-0.9660983059074718,0.2258457739508711,-0.4734444062218636,-1.0438634226727688,0.27488299408990324,0.1883502229253123,0.34732845655713157,0.0278284597042854,0.06815618217198682,0.49773820195989416,0.0018563104600506516,0.0,-0.16757895168880968,-0.35337023639665954,-0.5632384763052636,-0.8272204072068484,-0.11820953811993556,0.7988520238640747,-0.9711853231753894,0.4008307312757749,-0.3068018834182583,-0.03692147288162578,0.0
S29,early_abrupt,theta_global,1.808273046354217,-1.4687378367176191,-0.8690026577008777,-0.9660983059074718,1.9158481640593945,-1.5947049033571266,-1.0438634226727688,-0.5530778314820941,-1.1168409577097287,-0.688057866061027,-0.6903642938166595,-0.6481795443172222,0.49773820195989416,-0.9326462272112032,0.0,-0.16757895168880968,-0.35337023639665954,-0.5632384763052636,-0.8272204072068484,-1.087140178447281,-0.74036189494917,-0.9711853231753894,0.4008307312757749,0.6786431382677963,0.7542529460103783,0.0
S29,early_abrupt,alpha_global,0.2941822365928804,-0.72164786178121,-0.8690026577008777,-0.9660983059074718,0.5331189357887809,-0.9683550614969321,-1.0438634226727688,-0.5530778314820941,0.8409458132428335,1.2532914888480196,-1.351101627055929,-1.3826979719602057,1.6038230952041006,-0.7223831562351708,0.0,-0.16757895168880968,-0.35337023639665954,-0.5632384763052636,-0.8272204072068484,-0.11820953811993556,0.02924506445745227,-0.9711853231753894,-0.06273603581263132,1.6640881599538508,-1.6192703106656343,0.0
S29,early_abrupt,beta_global,0.12594992439717873,-0.9252722850109841,-0.8690026577008777,-0.9660983059074718,0.379482354869826,-1.139070945215889,-1.0438634226727688,1.102843819661901,1.1206296376646276,-0.02245237294935397,-1.0494606705771319,-0.9465482654052332,1.6038230952041006,0.7494583405970529,0.0,-0.16757895168880968,-0.35337023639665954,-0.5632384763052636,-0.8272204072068484,-0.11820953811993556,-0.74036189494917,-0.39900229695265366,1.3279642654525885,-0.3068018834182583,-0.8280958917736301,0.0
S29,early_abrupt,mu_central,0.7988791731799926,0.3185241300637945,-0.8690026577008777,-0.9660983059074718,0.9940286785456521,-0.09628933386489222,-1.0438634226727688,1.102843819661901,-0.9769990454988318,-0.5771236172090815,-0.40308719240828195,-0.2124217063215982,0.49773820195989416,0.0018563104600506516,0.0,-0.16757895168880968,-0.35337023639665954,-0.5632384763052636,-0.8272204072068484,-0.11820953811993556,0.02924506445745227,0.745363755492818,-2.380569871254665,0.6786431382677963,1.5454273649023829,0.0
S29,early_abrupt,beta_central,0.6306468609842909,0.2906146293708191,-0.8690026577008777,-0.9660983059074718,0.8403920976266972,-0.11968827098345024,-1.0438634226727688,-0.5530778314820941,-1.1168409577097287,-0.2997879950792177,-0.45929358181426866,-0.7532684692764425,-1.7144315845285194,-0.4450796858175054,0.0,-0.16757895168880968,-0.35337023639665954,-0.5632384763052636,-0.8272204072068484,0.8507211022074099,-0.74036189494917,-0.39900229695265366,-0.9898695699894446,0.6786431382677963,0.7542529460103783,0.0
S29,late_abrupt,gait,0.46241454878858923,0.4980663991259793,-0.8690026577008777,-0.9660983059074718,0.6867555167077424,0.054236406818339404,-1.0438634226727688,0.27488299408990324,1.0040947108222136,0.34732845655713157,-0.5467257431124704,-0.4099234602332839,0.49773820195989416,-0.46539495837557654,0.0,-0.16757895168880968,-0.35337023639665954,-0.5632384763052636,0.40620962341966627,-1.087140178447281,0.02924506445745227,-0.39900229695265366,-0.06273603581263132,-0.799524394261286,1.5454273649023829,0.0
S29,late_abrupt,theta_global,-0.8834439487770457,2.1906846825549393,-0.3641599053572222,-0.27682823362134923,-0.6959737115628714,1.875790558864924,0.03302456495388465,0.27488299408990324,1.8198391987191143,3.582910714738876,-0.6903642938166595,-0.23593381988251344,0.49773820195989416,0.936358848131304,0.0,-0.16757895168880968,2.543107111116947,1.222930053204031,0.40620962341966627,0.8507211022074099,-0.74036189494917,-1.5433683493981252,-0.5263028029010381,0.6786431382677963,-0.03692147288162578,0.0
S29,late_abrupt,alpha_global,1.1353437975714031,0.5955751305410245,0.1406828469864306,0.41244183866477335,0.9940286785456521,1.2499744283265575,0.03302456495388465,0.27488299408990324,-2.2588832407653903,-0.9469044467155665,-1.4607892475936732,-1.3704289236111469,-0.6083466912843126,-0.6777818987554067,0.0,5.963358305218869,2.543107111116947,1.222930053204031,-0.8272204072068484,-1.087140178447281,-0.74036189494917,-0.9711853231753894,-0.5263028029010381,1.171365649110824,0.7542529460103783,0.0
S29,late_abrupt,beta_global,0.2941822365928804,0.5786216527620934,-0.8690026577008777,-0.9660983059074718,0.5331189357887809,0.12177281082413895,-1.0438634226727688,0.27488299408990324,1.0040947108222136,0.34732845655713157,0.17146701040847384,-0.06978155071871474,0.49773820195989416,0.46910757929567676,0.0,-0.16757895168880968,-0.35337023639665954,-0.5632384763052636,-0.8272204072068484,0.8507211022074099,0.02924506445745227,-0.39900229695265366,-1.4534363370778514,0.6786431382677963,0.7542529460103783,0.0
S29,late_abrupt,mu_central,-0.042282387798522954,1.773304193613444,-0.3641599053572222,-0.27682823362134923,0.07220919303190965,1.486204641830454,0.03302456495388465,-1.381038657054092,0.5962224668737629,1.6415613598298293,0.32163458614467183,0.13926251348651095,-0.6083466912843126,-0.23176932395776295,0.0,-0.16757895168880968,-0.35337023639665954,1.222930053204031,1.6396396540461808,-1.087140178447281,0.7988520238640747,-0.9711853231753894,-0.9898695699894446,-0.799524394261286,2.3366017837943867,0.0
S29,late_abrupt,beta_central,0.2941822365928804,1.028002988079147,-0.3641599053572222,-0.27682823362134923,0.379482354869826,0.9064411531981065,0.03302456495388465,-0.5530778314820941,0.8409458132428335,1.2532914888480196,0.17146701040847384,-0.13091304597709377,0.49773820195989416,0.0018563104600506516,0.0,-0.16757895168880968,-0.35337023639665954,1.222930053204031,0.40620962341966627,-0.11820953811993556,0.02924506445745227,-0.9711853231753894,-0.5263028029010381,-0.3068018834182583,1.5454273649023829,0.0
S29,early_gradual,gait,0.12594992439717873,0.6533540736200764,-0.8690026577008777,-0.9660983059074718,0.379482354869826,0.18442743283296903,-1.0438634226727688,1.102843819661901,-0.2777894844443453,-0.2997879950792177,1.007182214505573,1.4080616598282498,-0.6083466912843126,0.6602558256375246,0.0,-0.16757895168880968,-0.35337023639665954,-0.5632384763052636,-0.8272204072068484,0.8507211022074099,0.7988520238640747,-1.5433683493981252,-0.5263028029010381,0.18592062742476867,0.7542529460103783,0.0
S29,early_gradual,theta_global,0.12594992439717873,1.2043298154825746,-0.8690026577008777,-0.9660983059074718,0.379482354869826,0.6463578299230299,-1.0438634226727688,0.27488299408990324,0.1883502229253123,0.6708866823753058,-0.6381320935605905,-0.6417671497097004,-0.6083466912843126,-0.6777818987554067,0.0,-0.16757895168880968,-0.35337023639665954,-0.5632384763052636,1.6396396540461808,-1.087140178447281,0.02924506445745227,-1.5433683493981252,-0.06273603581263132,0.18592062742476867,0.7542529460103783,0.0
S29,early_gradual,alpha_global,0.12594992439717873,0.537254897263549,0.6455255993300861,0.5481147744540757,-0.08142738788704525,1.370810681419157,1.109912552580538,1.102843819661901,-0.2777894844443453,0.25488324918050975,-1.6958341487459818,-1.0525878975649599,0.49773820195989416,0.936358848131304,0.0,-0.16757895168880968,2.543107111116947,3.009098582713326,1.6396396540461808,-1.087140178447281,-1.5099688543557923,-0.9711853231753894,1.3279642654525885,-0.3068018834182583,-0.03692147288162578,0.0
S29,early_gradual,beta_global,1.976505358549926,-0.8333563531265659,-0.8690026577008777,-0.9660983059074718,2.069484744978356,-1.062009906610548,-1.0438634226727688,-1.381038657054092,-1.8510109968169397,-1.7558000112610028,-1.1212799459292262,-1.0886398050250297,0.49773820195989416,-2.8016513025537098,0.0,-0.16757895168880968,-0.35337023639665954,-0.5632384763052636,-0.8272204072068484,-1.087140178447281,-0.74036189494917,0.17318072927008196,-0.9898695699894446,0.18592062742476867,2.3366017837943867,0.0
S29,early_gradual,mu_central,-1.388140885364158,1.09102782628955,0.6455255993300861,0.5481147744540757,-1.464156616157659,1.664223973159136,1.109912552580538,1.9308046452338978,-0.015585899048912718,0.9135553517389366,-0.9700814715037641,-1.0285807921396044,2.7099079884483075,1.0593197083512051,0.0,-0.16757895168880968,2.543107111116947,3.009098582713326,1.6396396540461808,-1.087140178447281,0.02924506445745227,0.745363755492818,0.4008307312757749,-2.2776919267903684,0.7542529460103783,0.0
S29,early_gradual,beta_central,0.2941822365928804,0.8072349284146252,-0.8690026577008777,-0.9660983059074718,0.5331189357887809,0.31343900078244014,-1.0438634226727688,-0.5530778314820941,-0.13794757223344795,0.4767517468844009,-1.2649184966334153,-1.1262591867224934,0.49773820195989416,-0.46539495837557654,0.0,-0.16757895168880968,-0.35337023639665954,-0.5632384763052636,0.40620962341966627,-0.11820953811993556,0.02924506445745227,-1.5433683493981252,-0.06273603581263132,0.18592062742476867,0.7542529460103783,0.0
S29,late_gradual,gait,-0.042282387798522954,-1.1448272018929624,-0.8690026577008777,-0.9660983059074718,0.2258457739508711,-1.3231427331961256,-1.0438634226727688,0.27488299408990324,0.1883502229253123,-0.2997879950792177,0.45874411181685204,0.4647271642327522,0.49773820195989416,-0.46539495837557654,0.0,-0.16757895168880968,-0.35337023639665954,-0.5632384763052636,-0.8272204072068484,-1.087140178447281,0.7988520238640747,-0.39900229695265366,0.4008307312757749,0.6786431382677963,-1.6192703106656343,0.0
S29,late_gradual,theta_global,-0.37874701218993345,1.5837620343411878,0.1406828469864306,0.41244183866477335,-0.3887005497249616,1.7468481576573398,0.03302456495388465,0.27488299408990324,1.0040947108222136,1.3180031340116551,-0.40308719240828195,-0.18107222157371217,0.49773820195989416,0.46910757929567676,0.0,-0.16757895168880968,2.543107111116947,1.222930053204031,1.6396396540461808,-0.11820953811993556,-0.74036189494917,-0.39900229695265366,-0.9898695699894446,0.18592062742476867,0.7542529460103783,0.0
S29,late_gradual,alpha_global,-0.8834439487770457,0.9894451492693092,0.1406828469864306,0.41244183866477335,-0.8496102924818328,1.128491424962751,0.03302456495388465,0.27488299408990324,0.1883502229253123,0.99444490819348,0.60956459005625,0.38823442144790865,1.6038230952041006,0.7494583405970529,0.0,-0.16757895168880968,-0.35337023639665954,1.222930053204031,1.6396396540461808,0.8507211022074099,-0.74036189494917,0.745363755492818,-1.9170031041662579,1.171365649110824,-0.8280958917736301,0.0
S29,late_gradual,beta_global,-0.2105146999942318,0.4388091914688967,-0.8690026577008777,-0.9660983059074718,0.07220919303190965,0.004555988274040761,-1.0438634226727688,-0.5530778314820941,-1.1168409577097287,0.08848187590259203,-0.5010225678884103,-0.7120897439055275,-0.6083466912843126,-0.23176932395776295,0.0,-0.16757895168880968,-0.35337023639665954,-0.5632384763052636,0.40620962341966627,-1.087140178447281,0.7988520238640747,-0.39900229695265366,-0.5263028029010381,0.18592062742476867,-0.03692147288162578,0.0
S29,late_gradual,mu_central,-1.2199085731684562,1.3783691899544848,-0.8690026577008777,-0.9660983059074718,-0.8496102924818328,0.7922700203351779,-1.0438634226727688,-0.5530778314820941,0.8409458132428335,1.6415613598298293,1.5556203171942953,1.7162840939631525,-0.6083466912843126,0.2142432508398803,0.0,-0.16757895168880968,-0.35337023639665954,1.222930053204031,-0.8272204072068484,-0.11820953811993556,1.5684589832706968,-0.9711853231753894,-0.9898695699894446,0.6786431382677963,-0.8280958917736301,0.0
S29,late_gradual,beta_central,0.7988791731799926,0.6724960117007258,-0.3641599053572222,-0.27682823362134923,0.8403920976266972,0.6408137705468603,0.03302456495388465,-1.381038657054092,1.8198391987191143,2.6122360372843527,0.7460212132252303,0.8330836100204203,0.49773820195989416,-1.3998974960468298,0.0,-0.16757895168880968,-0.35337023639665954,1.222930053204031,0.40620962341966627,-0.11820953811993556,-0.74036189494917,-1.5433683493981252,0.4008307312757749,-0.3068018834182583,1.5454273649023829,0.0
S30,baseline,gait,-1.5563731975598596,1.5313892306240469,1.1503683516737415,0.9405993734264544,-1.7714297779955752,2.458220559989414,1.109912552580538,0.27488299408990324,-0.6273942649715883,0.023770230738956507,0.32163458614467183,0.32778691494766615,-0.6083466912843126,0.6602558256375246,0.0,5.963358305218869,5.439584458630554,3.009098582713326,0.40620962341966627,-1.087140178447281,0.7988520238640747,0.17318072927008196,-0.9898695699894446,0.18592062742476867,-0.8280958917736301,0.0
S30,baseline,theta_global,0.12594992439717873,0.6533540736200764,-0.3641599053572222,-0.27682823362134923,0.2258457739508711,0.6111542965405657,0.03302456495388465,0.27488299408990324,0.1883502229253123,0.34732845655713157,-0.40308719240828195,-0.26258088191821755,0.49773820195989416,0.46910757929567676,0.0,-0.16757895168880968,-0.35337023639665954,1.222930053204031,0.40620962341966627,-1.087140178447281,0.7988520238640747,-0.39900229695265366,-0.9898695699894446,0.18592062742476867,0.7542529460103783,0.0
S30,baseline,alpha_global,1.808273046354217,-1.2985324416283626,-0.8690026577008777,-0.9660983059074718,1.9158481640593945,-1.4520070679230717,-1.0438634226727688,-2.2089994826260893,-1.4431387528684894,-0.9469044467155665,-1.5978987732658536,-1.3988572063711622,-0.6083466912843126,-2.461832197945981,0.0,-0.16757895168880968,-0.35337023639665954,-0.5632384763052636,-0.8272204072068484,-0.11820953811993556,-1.5099688543557923,-1.5433683493981252,0.4008307312757749,1.6640881599538508,-0.03692147288162578,0.0
S30,baseline,beta_global,2.1447376707456276,-2.0608745398466155,-0.8690026577008777,-0.9660983059074718,2.223121325897311,-2.0911440777631713,-1.0438634226727688,-1.381038657054092,-0.6273942649715883,-0.7851253338064794,0.1845250604724916,0.2484869683013076,-0.6083466912843126,-1.5698070483506938,0.0,-0.16757895168880968,-0.35337023639665954,-0.5632384763052636,-0.8272204072068484,-1.087140178447281,-1.5099688543557923,-0.9711853231753894,0.8643974983641817,0.6786431382677963,0.7542529460103783,0.0
S30,baseline,mu_central,0.9671114853757015,0.9185493590202773,-0.8690026577008777,-0.9660983059074718,1.1476652594646135,0.40676347085385606,-1.0438634226727688,0.27488299408990324,0.1883502229253123,0.6708866823753058,-0.5010225678884103,-0.8003670430024175,-0.6083466912843126,-0.23176932395776295,0.0,-0.16757895168880968,-0.35337023639665954,-0.5632384763052636,1.6396396540461808,-1.087140178447281,-1.5099688543557923,-0.9711853231753894,-0.06273603581263132,0.18592062742476867,1.5454273649023829,0.0
S30,baseline,beta_central,-0.042282387798522954,0.4906906223983156,-0.8690026577008777,-0.9660983059074718,0.2258457739508711,0.048052658217829204,-1.0438634226727688,0.27488299408990324,1.8198391987191143,0.6708866823753058,-0.7752416192327715,-0.6223162194002161,-0.6083466912843126,0.2142432508398803,0.0,-0.16757895168880968,-0.35337023639665954,1.222930053204031,-0.8272204072068484,-1.087140178447281,-0.74036189494917,0.745363755492818,-0.9898695699894446,1.171365649110824,-0.8280958917736301,0.0
S30,early_abrupt,gait,-0.2105146999942318,0.07034451196567222,-0.8690026577008777,-0.9660983059074718,0.07220919303190965,-0.3043596731328147,-1.0438634226727688,0.27488299408990324,-0.6273942649715883,0.34732845655713157,-0.5467257431124704,-0.16696495343716267,0.49773820195989416,0.46910757929567676,0.0,-0.16757895168880968,-0.35337023639665954,-0.5632384763052636,0.40620962341966627,-1.087140178447281,0.02924506445745227,-0.39900229695265366,0.8643974983641817,-0.799524394261286,-0.03692147288162578,0.0
S30,early_abrupt,theta_global,1.6400407341585153,0.009263181417000825,-0.8690026577008777,-0.9660983059074718,1.7622115831404397,-0.35556941093317407,-1.0438634226727688,-0.5530778314820941,-0.13794757223344795,-0.2997879950792177,-0.2594486417040928,-0.30960510904004707,0.49773820195989416,-0.9326462272112032,0.0,-0.16757895168880968,-0.35337023639665954,-0.5632384763052636,-0.8272204072068484,-0.11820953811993556,0.02924506445745227,-1.5433683493981252,-0.5263028029010381,0.18592062742476867,2.3366017837943867,0.0
S30,early_abrupt,alpha_global,0.12594992439717873,0.8793432054885305,-0.8690026577008777,-0.9660983059074718,0.379482354869826,0.37389357714842075,-1.0438634226727688,-0.5530778314820941,1.8198391987191143,1.6415613598298293,-0.40308719240828195,-0.29863278937828647,0.49773820195989416,-0.9326462272112032,0.0,-0.16757895168880968,-0.35337023639665954,-0.5632384763052636,-0.8272204072068484,1.8196517425347556,-0.74036189494917,-0.39900229695265366,-1.4534363370778514,0.6786431382677963,0.7542529460103783,0.0
S30,early_abrupt,beta_global,0.12594992439717873,-1.41123964028697,-0.8690026577008777,-0.9660983059074718,0.379482354869826,-1.5464992153546222,-1.0438634226727688,-1.381038657054092,0.5962224668737629,-0.2997879950792177,-2.126749800858549,-1.8143803769386044,0.49773820195989416,-1.3998974960468298,0.0,-0.16757895168880968,-0.35337023639665954,-0.5632384763052636,-0.8272204072068484,-1.087140178447281,0.02924506445745227,-0.39900229695265366,1.7915310325409948,-0.799524394261286,-0.8280958917736301,0.0
S30,early_abrupt,mu_central,0.46241454878858923,0.9529491154273227,-0.8690026577008777,-0.9660983059074718,0.6867555167077424,0.43560374807403446,-1.0438634226727688,1.102843819661901,0.4214200766101414,0.5322188713103735,0.60956459005625,0.5050896258456564,1.6038230952041006,0.7494583405970529,0.0,-0.16757895168880968,-0.35337023639665954,-0.5632384763052636,0.40620962341966627,-0.11820953811993556,0.02924506445745227,-0.9711853231753894,-1.4534363370778514,1.171365649110824,0.7542529460103783,0.0
S30,early_abrupt,beta_central,-1.2199085731684562,1.58167442481142,-0.8690026577008777,-0.9660983059074718,-0.8496102924818328,0.9627183009627289,-1.0438634226727688,1.102843819661901,1.1206296376646276,0.25488324918050975,-0.06584885597236008,-0.12355273216672027,-1.7144315845285194,1.2614032090604355,0.0,-0.16757895168880968,-0.35337023639665954,-0.5632384763052636,0.40620962341966627,1.8196517425347556,0.02924506445745227,-1.5433683493981252,0.4008307312757749,-1.2922469051043133,0.7542529460103783,0.0
S30,late_abrupt,gait,0.2941822365928804,1.1356861273486671,-0.3641599053572222,-0.27682823362134923,0.379482354869826,0.9906613475519803,0.03302456495388465,0.27488299408990324,0.1883502229253123,-0.2997879950792177,0.7329631631612126,0.3816510296508528,-0.6083466912843126,0.6602558256375246,0.0,-0.16757895168880968,-0.35337023639665954,1.222930053204031,1.6396396540461808,-1.087140178447281,-0.74036189494917,-0.39900229695265366,-0.9898695699894446,0.6786431382677963,0.7542529460103783,0.0
S30,late_abrupt,theta_global,0.12594992439717873,0.418927789189372,-0.8690026577008777,-0.9660983059074718,0.379482354869826,-0.012112302817402588,-1.0438634226727688,-0.5530778314820941,-1.1168409577097287,0.08848187590259203,-1.0494606705771319,-1.1670918906066157,1.6038230952041006,-1.2129969885125789,0.0,-0.16757895168880968,-0.35337023639665954,-0.5632384763052636,0.40620962341966627,-1.087140178447281,0.02924506445745227,-0.39900229695265366,0.8643974983641817,-1.7849694159473408,1.5454273649023829,0.0
S30,late_abrupt,alpha_global,0.7988791731799926,-1.5565066053398515,-0.8690026577008777,-0.9660983059074718,0.9940286785456521,-1.6682890179766254,-1.0438634226727688,1.9308046452338978,-0.6273942649715883,-0.7851253338064794,0.047415534800310674,0.3322755911729314,-0.6083466912843126,-0.6777818987554067,0.0,-0.16757895168880968,-0.35337023639665954,-0.5632384763052636,-0.8272204072068484,-1.087140178447281,-1.5099688543557923,1.3175467817155535,0.4008307312757749,-0.3068018834182583,-0.03692147288162578,0.0
S30,late_abrupt,beta_global,1.6400407341585153,-1.1314186657219247,-0.8690026577008777,-0.9660983059074718,1.7622115831404397,-1.311901203002897,-1.0438634226727688,-0.5530778314820941,-2.09573434318601,-1.8528674790064554,-1.1212799459292262,-0.6810965033025033,0.49773820195989416,-1.3998974960468298,0.0,-0.16757895168880968,-0.35337023639665954,-0.5632384763052636,-0.8272204072068484,-1.087140178447281,-0.74036189494917,-0.39900229695265366,0.4008307312757749,-0.3068018834182583,1.5454273649023829,0.0
S30,late_abrupt,mu_central,0.6306468609842909,-0.21967161042216646,-0.8690026577008777,-0.9660983059074718,0.8403920976266972,-0.5475051555895849,-1.0438634226727688,0.27488299408990324,1.0040947108222136,0.34732845655713157,-0.2594486417040928,0.09166829573290206,0.49773820195989416,0.0018563104600506516,0.0,-0.16757895168880968,-0.35337023639665954,-0.5632384763052636,-0.8272204072068484,-0.11820953811993556,0.02924506445745227,-0.39900229695265366,-0.9898695699894446,1.171365649110824,-0.03692147288162578,0.0
S30,late_abrupt,beta_central,-0.37874701218993345,0.5005230193665047,-0.8690026577008777,-0.9660983059074718,-0.08142738788704525,0.056296003052775025,-1.0438634226727688,-0.5530778314820941,1.8198391987191143,1.2532914888480196,0.31510556111266297,0.1731769560774065,0.49773820195989416,0.46910757929567676,0.0,-0.16757895168880968,-0.35337023639665954,-0.5632384763052636,0.40620962341966627,-1.087140178447281,0.7988520238640747,0.17318072927008196,-0.9898695699894446,0.18592062742476867,-0.03692147288162578,0.0
S30,early_gradual,gait,1.3035761097671048,-0.2643856079718948,-0.8690026577008777,-0.9660983059074718,1.4549384213025234,-0.5849927490974396,-1.0438634226727688,-0.5530778314820941,-1.1168409577097287,-1.0763277370428364,0.7210405957114578,0.902597684896169,-1.7144315845285194,-1.298321133256476,0.0,-0.16757895168880968,-0.35337023639665954,-0.5632384763052636,-0.8272204072068484,0.8507211022074099,-1.5099688543557923,-0.9711853231753894,-0.9898695699894446,2.1568106707968786,-0.03692147288162578,0.0
S30,early_gradual,theta_global,0.9671114853757015,0.4610982016613205,-0.8690026577008777,-0.9660983059074718,1.1476652594646135,0.023242784346271847,-1.0438634226727688,-0.5530778314820941,-1.1168409577097287,-0.688057866061027,-0.6381320935605905,-0.6716916578781374,-0.6083466912843126,-1.12379447355305,0.0,-0.16757895168880968,-0.35337023639665954,-0.5632384763052636,0.40620962341966627,-0.11820953811993556,-1.5099688543557923,-0.9711853231753894,0.4008307312757749,-0.3068018834182583,1.5454273649023829,0.0
S30,early_gradual,alpha_global,-0.5469793243856351,1.1156264791633193,-0.8690026577008777,-0.9660983059074718,-0.23506396880600014,0.5719901867475659,-1.0438634226727688,0.27488299408990324,1.0040947108222136,1.3180031340116551,-0.2953582793801399,-0.008414934324726227,1.6038230952041006,0.7494583405970529,0.0,-0.16757895168880968,-0.35337023639665954,-0.5632384763052636,0.40620962341966627,0.8507211022074099,-0.74036189494917,0.17318072927008196,-1.4534363370778514,0.6786431382677963,-0.03692147288162578,0.0
S30,early_gradual,beta_global,-0.2105146999942318,1.1156264791633201,-0.8690026577008777,-0.9660983059074718,0.07220919303190965,0.5719901867475666,-1.0438634226727688,-0.5530778314820941,0.8409458132428335,1.6415613598298293,-0.9776413952250377,-0.6199650080441241,0.49773820195989416,0.0018563104600506516,0.0,-0.16757895168880968,-0.35337023639665954,-0.5632384763052636,0.40620962341966627,-0.11820953811993556,0.7988520238640747,-0.9711853231753894,-0.9898695699894446,0.18592062742476867,0.7542529460103783,0.0
S30,early_gradual,mu_central,0.6306468609842909,0.2906146293708191,-0.8690026577008777,-0.9660983059074718,0.8403920976266972,-0.11968827098345024,-1.0438634226727688,-0.5530778314820941,-0.13794757223344795,0.8650216178662107,0.32163458614467183,0.5267848942677733,-0.6083466912843126,-0.6777818987554067,0.0,-0.16757895168880968,-0.35337023639665954,-0.5632384763052636,-0.8272204072068484,0.8507211022074099,-0.74036189494917,-0.39900229695265366,-0.9898695699894446,0.6786431382677963,0.7542529460103783,0.0
S30,early_gradual,beta_central,-1.2199085731684562,0.006592456319952883,-0.8690026577008777,-0.9660983059074718,-0.8496102924818328,-0.357808509700803,-1.0438634226727688,0.27488299408990324,0.1883502229253123,-0.2997879950792177,0.32163458614467183,0.44299627139614944,-0.6083466912843126,0.6602558256375246,0.0,-0.16757895168880968,-0.35337023639665954,-0.5632384763052636,-0.8272204072068484,-0.11820953811993556,1.5684589832706968,0.17318072927008196,0.4008307312757749,-1.7849694159473408,-0.03692147288162578,0.0
S30,late_gradual,gait,-0.2105146999942318,-0.05788895999557278,0.1406828469864306,-0.012749466240508704,-0.23506396880600014,0.29576041397232816,1.109912552580538,-1.381038657054092,0.5962224668737629,0.6708866823753058,0.5958536374890323,0.4295302427203528,-0.6083466912843126,-0.23176932395776295,0.0,-0.16757895168880968,-0.35337023639665954,1.222930053204031,0.40620962341966627,-0.11820953811993556,0.02924506445745227,-0.39900229695265366,0.4008307312757749,0.18592062742476867,-0.8280958917736301,0.0
S30,late_gradual,theta_global,1.4718084219628136,-0.9767616629907088,-0.8690026577008777,-0.9660983059074718,1.6085750022214849,-1.1822389234206898,-1.0438634226727688,0.27488299408990324,-0.6273942649715883,-0.9469044467155665,-0.5467257431124704,-0.3958161920967353,0.49773820195989416,-0.46539495837557654,0.0,-0.16757895168880968,-0.35337023639665954,-0.5632384763052636,-0.8272204072068484,-0.11820953811993556,-0.74036189494917,-1.5433683493981252,-0.5263028029010381,2.6495331816399057,-0.8280958917736301,0.0
S30,late_gradual,alpha_global,-1.2199085731684562,0.7295761374165648,-0.3641599053572222,-0.27682823362134923,-1.0032468734007878,0.5513670183818405,0.03302456495388465,1.102843819661901,0.4214200766101414,0.8095544934402381,2.419410328929031,2.4554194457235523,1.6038230952041006,0.2588445083196455,0.0,-0.16757895168880968,-0.35337023639665954,-0.5632384763052636,0.40620962341966627,1.8196517425347556,0.7988520238640747,-0.9711853231753894,-0.5263028029010381,0.18592062742476867,-0.8280958917736301,0.0
S30,late_gradual,beta_global,-1.5563731975598596,1.9243043077458748,-0.8690026577008777,-0.9660983059074718,-1.1568834543197426,1.2499744283265575,-1.0438634226727688,0.27488299408990324,1.0040947108222136,1.3180031340116551,0.45874411181685204,0.7860593828985899,0.49773820195989416,0.936358848131304,0.0,-0.16757895168880968,-0.35337023639665954,1.222930053204031,-0.8272204072068484,1.8196517425347556,0.02924506445745227,-0.39900229695265366,-1.9170031041662579,1.171365649110824,-0.8280958917736301,0.0
S30,late_gradual,mu_central,0.9671114853757015,-0.29816718369027273,-0.8690026577008777,-0.9660983059074718,1.1476652594646135,-0.6133147522280468,-1.0438634226727688,0.27488299408990324,-0.6273942649715883,-0.6233462208973923,-0.7752416192327715,-0.6911425881876218,-0.6083466912843126,0.2142432508398803,0.0,-0.16757895168880968,-0.35337023639665954,-0.5632384763052636,0.40620962341966627,-1.087140178447281,-1.5099688543557923,0.17318072927008196,-0.5263028029010381,1.171365649110824,-0.03692147288162578,0.0
S30,late_gradual,beta_central,0.12594992439717873,-0.6274529118870518,-0.8690026577008777,-0.9660983059074718,0.379482354869826,-0.8893833258967364,-1.0438634226727688,0.27488299408990324,-0.6273942649715883,-0.6233462208973923,1.3636669812532418,1.7707466988297085,1.6038230952041006,-0.23176932395776295,0.0,-0.16757895168880968,-0.35337023639665954,-0.5632384763052636,-0.8272204072068484,-0.11820953811993556,0.02924506445745227,-0.9711853231753894,0.8643974983641817,0.18592062742476867,-0.8280958917736301,0.0
S31,baseline,gait,-0.2105146999942318,0.19575604648022463,-0.8690026577008777,-0.9660983059074718,0.07220919303190965,-0.19921638725574162,-1.0438634226727688,1.9308046452338978,-0.015585899048912718,-0.5424566644428486,0.1845250604724916,0.12878893562755808,-0.6083466912843126,0.6602558256375246,0.0,-0.16757895168880968,-0.35337023639665954,-0.5632384763052636,-0.8272204072068484,-0.11820953811993556,1.5684589832706968,-0.9711853231753894,-0.5263028029010381,0.18592062742476867,-0.03692147288162578,0.0
S31,baseline,theta_global,-0.042282387798522954,0.8352432150266724,-0.8690026577008777,-0.9660983059074718,0.2258457739508711,0.33692075864128973,-1.0438634226727688,1.9308046452338978,-1.239202630894264,-0.7851253338064794,1.0332983146336086,1.1653881483480177,0.49773820195989416,0.936358848131304,0.0,-0.16757895168880968,-0.35337023639665954,-0.5632384763052636,0.40620962341966627,-1.087140178447281,1.5684589832706968,-0.9711853231753894,-0.9898695699894446,0.18592062742476867,0.7542529460103783,0.0
S31,baseline,alpha_global,-0.37874701218993345,-0.5290919061836737,-0.8690026577008777,-0.9660983059074718,-0.08142738788704525,-0.8069188270620886,-1.0438634226727688,1.102843819661901,0.4214200766101414,-0.2997879950792177,-0.6381320935605905,-0.9305386535351199,-0.6083466912843126,0.2142432508398803,0.0,-0.16757895168880968,-0.35337023639665954,-0.5632384763052636,-0.8272204072068484,-0.11820953811993556,-0.74036189494917,1.3175467817155535,0.4008307312757749,-1.2922469051043133,-0.03692147288162578,0.0
S31,baseline,beta_global,-0.042282387798522954,-0.0014273224645737802,-0.3641599053572222,-0.27682823362134923,0.07220919303190965,0.10344100234852764,0.03302456495388465,-1.381038657054092,0.5962224668737629,1.6415613598298293,-0.22680351654404982,0.14225496430335477,-0.6083466912843126,-0.6777818987554067,0.0,-0.16757895168880968,-0.35337023639665954,1.222930053204031,0.40620962341966627,-1.087140178447281,-0.74036189494917,0.745363755492818,-0.06273603581263132,-0.3068018834182583,-0.03692147288162578,0.0
S31,baseline,mu_central,0.2941822365928804,-1.1852955060155683,-0.8690026577008777,-0.9660983059074718,0.5331189357887809,-1.357070796398556,-1.0438634226727688,1.102843819661901,0.4214200766101414,-0.2997879950792177,0.8896597639294187,0.6841735574679592,0.49773820195989416,0.46910757929567676,0.0,-0.16757895168880968,-0.35337023639665954,-0.5632384763052636,-0.8272204072068484,-1.087140178447281,0.02924506445745227,0.17318072927008196,0.4008307312757749,0.18592062742476867,-0.8280958917736301,0.0
S31,baseline,beta_central,-0.042282387798522954,1.3719207833739129,-0.3641599053572222,-0.27682823362134923,0.07220919303190965,1.169248019285244,0.03302456495388465,1.102843819661901,-0.2777894844443453,0.5322188713103735,-0.1158100909999037,0.15279979099128016,0.49773820195989416,0.936358848131304,0.0,-0.16757895168880968,-0.35337023639665954,1.222930053204031,1.6396396540461808,-1.087140178447281,0.02924506445745227,-0.39900229695265366,-1.4534363370778514,0.6786431382677963,0.7542529460103783,0.0
S31,early_abrupt,gait,-0.5469793243856351,0.3185241300637945,-0.8690026577008777,-0.9660983059074718,-0.23506396880600014,-0.09628933386489222,-1.0438634226727688,0.27488299408990324,1.0040947108222136,0.34732845655713157,-0.40308719240828195,-0.30960510904004707,0.49773820195989416,0.46910757929567676,0.0,-0.16757895168880968,-0.35337023639665954,-0.5632384763052636,-0.8272204072068484,-0.11820953811993556,0.7988520238640747,1.3175467817155535,-1.4534363370778514,-0.799524394261286,0.7542529460103783,0.0
S31,early_abrupt,theta_global,0.46241454878858923,0.6148941767464363,0.1406828469864306,0.41244183866477335,0.379482354869826,1.0737296500438216,0.03302456495388465,0.27488299408990324,1.0040947108222136,0.99444490819348,-0.596999235858937,-0.09729072358498535,1.6038230952041006,-0.23176932395776295,0.0,-0.16757895168880968,2.543107111116947,1.222930053204031,0.40620962341966627,-1.087140178447281,0.7988520238640747,-0.9711853231753894,-0.9898695699894446,0.6786431382677963,0.7542529460103783,0.0
S31,early_abrupt,alpha_global,-0.2105146999942318,0.19575604648022463,-0.8690026577008777,-0.9660983059074718,0.07220919303190965,-0.19921638725574162,-1.0438634226727688,0.27488299408990324,0.1883502229253123,-0.6233462208973923,-0.6903642938166595,-0.6936362972016579,0.49773820195989416,-0.9326462272112032,0.0,-0.16757895168880968,-0.35337023639665954,-0.5632384763052636,-0.8272204072068484,0.8507211022074099,-0.74036189494917,0.745363755492818,-0.9898695699894446,0.18592062742476867,-0.03692147288162578,0.0
S31,early_abrupt,beta_global,0.6306468609842909,0.7602816577630893,-0.8690026577008777,-0.9660983059074718,0.8403920976266972,0.27407403185763074,-1.0438634226727688,-1.381038657054092,0.5962224668737629,1.6415613598298293,-1.5521955980417934,-1.530667539970231,0.49773820195989416,-0.46539495837557654,0.0,-0.16757895168880968,-0.35337023639665954,-0.5632384763052636,0.40620962341966627,-0.11820953811993556,-0.74036189494917,-0.9711853231753894,-0.06273603581263132,-0.3068018834182583,1.5454273649023829,0.0
S31,early_abrupt,mu_central,-0.2105146999942318,1.1156264791633201,-0.8690026577008777,-0.9660983059074718,0.07220919303190965,0.5719901867475666,-1.0438634226727688,1.102843819661901,-0.2777894844443453,0.5322188713103735,0.047415534800310674,-0.21983158453473567,-0.6083466912843126,1.552280975232811,0.0,-0.16757895168880968,-0.35337023639665954,1.222930053204031,-0.8272204072068484,-0.11820953811993556,0.02924506445745227,-1.5433683493981252,0.4008307312757749,0.18592062742476867,-0.03692147288162578,0.0
S31,early_abrupt,beta_central,-0.8834439487770457,2.2825604591993747,-0.8690026577008777,-0.9660983059074718,-0.5423371306439164,1.5503314018322474,-1.0438634226727688,0.27488299408990324,1.0040947108222136,0.99444490819348,0.7329631631612126,0.7586998325731623,-0.6083466912843126,1.106268400435168,0.0,-0.16757895168880968,-0.35337023639665954,1.222930053204031,0.40620962341966627,0.8507211022074099,-0.74036189494917,-0.9711853231753894,-1.4534363370778514,1.171365649110824,-0.03692147288162578,0.0
S31,late_abrupt,gait,0.12594992439717873,-0.7740788468212672,-0.8690026577008777,-0.9660983059074718,0.379482354869826,-1.0123124699619692,-1.0438634226727688,0.27488299408990324,0.1883502229253123,0.023770230738956507,0.6023826625210406,0.5556406700016233,0.49773820195989416,-0.46539495837557654,0.0,-0.16757895168880968,-0.35337023639665954,-0.5632384763052636,-0.8272204072068484,-1.087140178447281,0.7988520238640747,0.17318072927008196,-0.5263028029010381,0.6786431382677963,-0.8280958917736301,0.0
S31,late_abrupt,theta_global,0.2941822365928804,0.09406847737828802,-0.8690026577008777,-0.9660983059074718,0.5331189357887809,-0.284469830566324,-1.0438634226727688,-0.5530778314820941,0.8409458132428335,0.4767517468844009,-0.6903642938166595,-0.7845498029705289,0.49773820195989416,0.0018563104600506516,0.0,-0.16757895168880968,-0.35337023639665954,-0.5632384763052636,0.40620962341966627,-1.087140178447281,-0.74036189494917,0.17318072927008196,0.4008307312757749,-0.799524394261286,0.7542529460103783,0.0
S31,late_abrupt,alpha_global,1.6400407341585153,-1.6424307220568068,-0.8690026577008777,-0.9660983059074718,1.7622115831404397,-1.740326602100576,-1.0438634226727688,0.27488299408990324,0.1883502229253123,-0.6233462208973923,-0.22680351654404982,-0.01933737980620617,-0.6083466912843126,-1.12379447355305,0.0,-0.16757895168880968,-0.35337023639665954,-0.5632384763052636,-0.8272204072068484,-1.087140178447281,-1.5099688543557923,0.17318072927008196,0.4008307312757749,0.18592062742476867,0.7542529460103783,0.0
S31,late_abrupt,beta_global,1.6400407341585153,-1.2950575593181075,-0.8690026577008777,-0.9660983059074718,1.7622115831404397,-1.4490937749349062,-1.0438634226727688,0.27488299408990324,-2.2588832407653903,-1.5940208983519157,-1.6958341487459818,-1.5573146020059343,0.49773820195989416,-1.3998974960468298,0.0,-0.16757895168880968,-0.35337023639665954,-0.5632384763052636,-0.8272204072068484,-0.11820953811993556,-1.5099688543557923,-1.5433683493981252,0.8643974983641817,1.171365649110824,-0.03692147288162578,0.0
S31,late_abrupt,mu_central,1.4718084219628136,-1.2985324416283626,-0.8690026577008777,-0.9660983059074718,1.6085750022214849,-1.4520070679230717,-1.0438634226727688,-1.381038657054092,-0.6273942649715883,-1.2704626725337411,0.1845250604724916,0.05397766520646478,-0.6083466912843126,-1.5698070483506938,0.0,-0.16757895168880968,-0.35337023639665954,-0.5632384763052636,-0.8272204072068484,-1.087140178447281,-0.74036189494917,0.17318072927008196,-0.9898695699894446,1.6640881599538508,-0.03692147288162578,0.0
S31,late_abrupt,beta_central,0.9671114853757015,0.8072349284146252,-0.8690026577008777,-0.9660983059074718,1.1476652594646135,0.31343900078244014,-1.0438634226727688,-0.5530778314820941,-1.1168409577097287,-1.0763277370428364,0.7210405957114578,0.26715725926726686,-1.7144315845285194,-0.4450796858175054,0.0,-0.16757895168880968,-0.35337023639665954,1.222930053204031,-0.8272204072068484,-1.087140178447281,-0.74036189494917,-0.39900229695265366,-0.5263028029010381,0.18592062742476867,1.5454273649023829,0.0
S31,early_gradual,gait,-0.37874701218993345,-0.1203917527401155,0.1406828469864306,0.41244183866477335,-0.3887005497249616,0.3369207586412905,0.03302456495388465,1.102843819661901,-0.9769990454988318,-0.5771236172090815,-1.351101627055929,-1.358010252721245,1.6038230952041006,-0.23176932395776295,0.0,-0.16757895168880968,-0.35337023639665954,1.222930053204031,0.40620962341966627,-0.11820953811993556,-0.74036189494917,2.461912834161025,-0.9898695699894446,-1.2922469051043133,0.7542529460103783,0.0
S31,early_gradual,theta_global,1.6400407341585153,-1.4651209436332273,-0.8690026577008777,-0.9660983059074718,1.7622115831404397,-1.5916725505115046,-1.0438634226727688,-0.5530778314820941,-1.1168409577097287,-1.4645976080246461,-0.9123511449049517,-0.761465182383449,-0.6083466912843126,-1.12379447355305,0.0,-0.16757895168880968,-0.35337023639665954,-0.5632384763052636,-0.8272204072068484,-1.087140178447281,-0.74036189494917,-0.9711853231753894,0.8643974983641817,0.18592062742476867,0.7542529460103783,0.0
S31,early_gradual,alpha_global,0.46241454878858923,-1.1347670501672495,-0.8690026577008777,-0.9660983059074718,0.6867555167077424,-1.3147084419408777,-1.0438634226727688,1.102843819661901,-0.9769990454988318,-0.8544592393389455,-0.1158100909999037,-0.0023801585107579284,0.49773820195989416,-0.46539495837557654,0.0,-0.16757895168880968,-0.35337023639665954,-0.5632384763052636,-0.8272204072068484,-1.087140178447281,-0.74036189494917,1.3175467817155535,-0.06273603581263132,-0.3068018834182583,-0.03692147288162578,0.0
S31,early_gradual,beta_global,1.4718084219628136,0.3789676468368189,-0.8690026577008777,-0.9660983059074718,1.6085750022214849,-0.04561433026110233,-1.0438634226727688,-0.5530778314820941,-2.09573434318601,-0.688057866061027,-1.4085570473376043,-0.9804840826448207,0.49773820195989416,-1.8671487648824565,0.0,-0.16757895168880968,-0.35337023639665954,1.222930053204031,-0.8272204072068484,-1.087140178447281,-1.5099688543557923,-0.9711853231753894,0.4008307312757749,0.18592062742476867,1.5454273649023829,0.0
S31,early_gradual,mu_central,-2.0610701341469717,3.2796846137403524,0.6455255993300861,0.17466561911605583,-2.078702939833485,3.288240778117473,2.1868005402071917,1.102843819661901,1.1206296376646276,2.4735682262194203,3.6122632022770005,2.8863323633490485,-0.6083466912843126,1.552280975232811,0.0,-0.16757895168880968,5.439584458630554,4.795267112222621,1.6396396540461808,-1.087140178447281,0.02924506445745227,-0.39900229695265366,-1.9170031041662579,0.6786431382677963,-0.03692147288162578,0.0
S31,early_gradual,beta_central,0.9671114853757015,-0.5765429899787229,-0.8690026577008777,-0.9660983059074718,1.1476652594646135,-0.8467011556011025,-1.0438634226727688,0.27488299408990324,-0.6273942649715883,-0.6233462208973923,0.31510556111266297,0.5164538140667655,0.49773820195989416,0.0018563104600506516,0.0,-0.16757895168880968,-0.35337023639665954,-0.5632384763052636,-0.8272204072068484,-0.11820953811993556,-0.74036189494917,-0.9711853231753894,0.8643974983641817,-0.3068018834182583,0.7542529460103783,0.0
S31,late_gradual,gait,-0.8834439487770457,-1.2432646229941013,-0.8690026577008777,-0.9660983059074718,-0.5423371306439164,-1.405671297637205,-1.0438634226727688,0.27488299408990324,1.8198391987191143,0.34732845655713157,0.32163458614467183,0.16170589461283905,-0.6083466912843126,0.6602558256375246,0.0,-0.16757895168880968,-0.35337023639665954,-0.5632384763052636,-0.8272204072068484,-1.087140178447281,0.7988520238640747,1.3175467817155535,-0.5263028029010381,0.6786431382677963,-2.4104447295576383,0.0
S31,late_gradual,theta_global,1.808273046354217,-1.2985324416283626,-0.8690026577008777,-0.9660983059074718,1.9158481640593945,-1.4520070679230717,-1.0438634226727688,-0.5530778314820941,-2.09573434318601,-1.4645976080246461,-1.4085570473376043,-1.2218751152035474,0.49773820195989416,-1.3998974960468298,0.0,-0.16757895168880968,-0.35337023639665954,-0.5632384763052636,-0.8272204072068484,-1.087140178447281,-0.74036189494917,-0.9711853231753894,0.8643974983641817,-0.3068018834182583,1.5454273649023829,0.0
S31,late_gradual,alpha_global,1.3035761097671048,-0.40082116957167646,-0.8690026577008777,-0.9660983059074718,1.4549384213025234,-0.6993784259222476,-1.0438634226727688,-1.381038657054092,0.5962224668737629,0.18554934364804404,-2.2703883515627377,-2.0604738322095146,0.49773820195989416,-1.8671487648824565,0.0,-0.16757895168880968,-0.35337023639665954,-0.5632384763052636,-0.8272204072068484,-0.11820953811993556,0.02924506445745227,-1.5433683493981252,-0.9898695699894446,2.1568106707968786,-0.03692147288162578,0.0
S31,late_gradual,beta_global,1.6400407341585153,-1.2950575593181075,-0.8690026577008777,-0.9660983059074718,1.7622115831404397,-1.4490937749349062,-1.0438634226727688,-1.381038657054092,-0.6273942649715883,-0.7851253338064794,-0.08969399087186956,-0.004375125721987134,-0.6083466912843126,-1.5698070483506938,0.0,-0.16757895168880968,-0.35337023639665954,-0.5632384763052636,-0.8272204072068484,-1.087140178447281,0.02924506445745227,-1.5433683493981252,-0.06273603581263132,1.6640881599538508,-0.03692147288162578,0.0
S31,late_gradual,mu_central,-2.0610701341469717,2.60519582688114,-0.8690026577008777,-0.9660983059074718,-1.6177931970766137,1.8208244057615,-1.0438634226727688,1.102843819661901,-0.2777894844443453,-0.2997879950792177,0.32163458614467183,0.14075873889493332,-0.6083466912843126,1.106268400435168,0.0,-0.16757895168880968,-0.35337023639665954,1.222930053204031,1.6396396540461808,0.8507211022074099,-0.74036189494917,-0.9711853231753894,-0.9898695699894446,0.6786431382677963,-0.8280958917736301,0.0
S31,late_gradual,beta_central,0.7988791731799926,-0.7493352792367612,-0.8690026577008777,-0.9660983059074718,0.9940286785456521,-0.9915678071187399,-1.0438634226727688,0.27488299408990324,0.1883502229253123,-0.2997879950792177,0.7329631631612126,0.6195508695899284,-0.6083466912843126,-0.6777818987554067,0.0,-0.16757895168880968,-0.35337023639665954,-0.5632384763052636,-0.8272204072068484,-1.087140178447281,0.02924506445745227,0.17318072927008196,-0.06273603581263132,-0.3068018834182583,0.7542529460103783,0.0
S32,baseline,gait,0.7988791731799926,0.07034451196567312,-0.8690026577008777,-0.9660983059074718,0.9940286785456521,-0.3043596731328139,-1.0438634226727688,0.27488299408990324,0.1883502229253123,-0.2997879950792177,0.45874411181685204,0.5247682426303355,-1.7144315845285194,-0.4450796858175054,0.0,-0.16757895168880968,-0.35337023639665954,-0.5632384763052636,-0.8272204072068484,0.8507211022074099,-0.74036189494917,-0.9711853231753894,-0.9898695699894446,1.6640881599538508,-0.03692147288162578,0.0
S32,baseline,theta_global,-0.042282387798522954,-0.2643856079718948,-0.8690026577008777,-0.9660983059074718,0.2258457739508711,-0.5849927490974396,-1.0438634226727688,1.102843819661901,-0.2777894844443453,-0.2997879950792177,0.7210405957114578,0.6678854556098172,-1.7144315845285194,0.40816176162146445,0.0,-0.16757895168880968,-0.35337023639665954,-0.5632384763052636,-0.8272204072068484,-0.11820953811993556,0.7988520238640747,-0.9711853231753894,-0.06273603581263132,0.6786431382677963,-0.8280958917736301,0.0
S32,baseline,alpha_global,-0.37874701218993345,1.1712016399925123,-0.8690026577008777,-0.9660983059074718,-0.08142738788704525,0.618583628454079,-1.0438634226727688,0.27488299408990324,1.0040947108222136,1.3180031340116551,-0.1158100909999037,-0.01648742664730744,0.49773820195989416,0.0018563104600506516,0.0,-0.16757895168880968,-0.35337023639665954,1.222930053204031,-0.8272204072068484,0.8507211022074099,-0.74036189494917,-2.115551375620861,0.8643974983641817,0.6786431382677963,-0.8280958917736301,0.0
S32,baseline,beta_global,0.46241454878858923,0.006592456319952883,-0.8690026577008777,-0.9660983059074718,0.6867555167077424,-0.357808509700803,-1.0438634226727688,0.27488299408990324,1.0040947108222136,0.34732845655713157,0.8896597639294187,1.065069797154781,0.49773820195989416,0.46910757929567676,0.0,-0.16757895168880968,-0.35337023639665954,-0.5632384763052636,-0.8272204072068484,-0.11820953811993556,0.02924506445745227,0.17318072927008196,-0.9898695699894446,0.18592062742476867,0.7542529460103783,0.0
S32,baseline,mu_central,0.9671114853757015,-0.72164786178121,-0.8690026577008777,-0.9660983059074718,1.1476652594646135,-0.9683550614969321,-1.0438634226727688,-0.5530778314820941,-1.1168409577097287,-1.4645976080246461,1.3767818054479728,0.8052779800701209,-1.7144315845285194,-0.018458962098020476,0.0,-0.16757895168880968,-0.35337023639665954,-0.5632384763052636,-0.8272204072068484,-0.11820953811993556,-0.74036189494917,-0.9711853231753894,0.4008307312757749,0.6786431382677963,-0.03692147288162578,0.0
S32,baseline,beta_central,0.2941822365928804,-0.29816718369027273,-0.8690026577008777,-0.9660983059074718,0.5331189357887809,-0.6133147522280468,-1.0438634226727688,1.102843819661901,-0.2777894844443453,-0.02245237294935397,-0.2953582793801399,-0.3523971557209127,1.6038230952041006,0.7494583405970529,0.0,-0.16757895168880968,-0.35337023639665954,-0.5632384763052636,-0.8272204072068484,-0.11820953811993556,-0.74036189494917,1.3175467817155535,-1.4534363370778514,0.6786431382677963,-0.03692147288162578,0.0
S32,early_abrupt,gait,0.2941822365928804,-0.03362136282676217,-0.8690026577008777,-0.9660983059074718,0.5331189357887809,-0.3915232162397087,-1.0438634226727688,-1.381038657054092,0.5962224668737629,1.1562240211025676,1.1442917401777533,0.9756525167943313,-0.6083466912843126,-1.12379447355305,0.0,-0.16757895168880968,-0.35337023639665954,-0.5632384763052636,-0.8272204072068484,-0.11820953811993556,0.02924506445745227,0.17318072927008196,-0.5263028029010381,-0.3068018834182583,0.7542529460103783,0.0
S32,early_abrupt,theta_global,0.2941822365928804,0.2189713509119417,-0.8690026577008777,-0.9660983059074718,0.5331189357887809,-0.17975299897940988,-1.0438634226727688,1.102843819661901,0.4214200766101414,0.25488324918050975,1.4185107915221151,1.8823651142979798,-0.6083466912843126,0.2142432508398803,0.0,-0.16757895168880968,-0.35337023639665954,-0.5632384763052636,0.40620962341966627,-1.087140178447281,0.02924506445745227,-0.39900229695265366,-0.5263028029010381,0.6786431382677963,-0.03692147288162578,0.0
S32,early_abrupt,alpha_global,0.9671114853757015,-1.02555585528223,-0.8690026577008777,-0.9660983059074718,1.1476652594646135,-1.2231472954385203,-1.0438634226727688,-0.5530778314820941,1.8198391987191143,0.08848187590259203,-0.6381320935605905,-0.6866539119623566,-0.6083466912843126,-1.12379447355305,0.0,-0.16757895168880968,-0.35337023639665954,-0.5632384763052636,-0.8272204072068484,-1.087140178447281,-0.74036189494917,0.745363755492818,-0.06273603581263132,-0.3068018834182583,0.7542529460103783,0.0
S32,early_abrupt,beta_global,-0.5469793243856351,-0.6034310708226475,-0.3641599053572222,-0.27682823362134923,-0.3887005497249616,-0.4734444062218636,0.03302456495388465,-0.5530778314820941,1.8198391987191143,0.8650216178662107,-1.5019221052953269,-1.0090904874772673,1.6038230952041006,-0.7223831562351708,0.0,-0.16757895168880968,-0.35337023639665954,-0.5632384763052636,0.40620962341966627,0.8507211022074099,-1.5099688543557923,0.17318072927008196,1.7915310325409948,-1.2922469051043133,-0.8280958917736301,0.0
S32,early_abrupt,mu_central,0.12594992439717873,-0.2113288129695774,-0.8690026577008777,-0.9660983059074718,0.379482354869826,-0.5405106702659858,-1.0438634226727688,-0.5530778314820941,0.8409458132428335,-0.2997879950792177,-0.9776413952250377,-0.7375255758486994,0.49773820195989416,-0.46539495837557654,0.0,-0.16757895168880968,-0.35337023639665954,-0.5632384763052636,-0.8272204072068484,-0.11820953811993556,0.02924506445745227,0.17318072927008196,-0.5263028029010381,0.18592062742476867,-0.03692147288162578,0.0
S32,early_abrupt,beta_central,0.46241454878858923,0.7295761374165648,-0.8690026577008777,-0.9660983059074718,0.6867555167077424,0.2483309507583058,-1.0438634226727688,0.27488299408990324,0.1883502229253123,0.6708866823753058,1.4185107915221151,1.6040671883315132,-0.6083466912843126,-0.6777818987554067,0.0,-0.16757895168880968,-0.35337023639665954,1.222930053204031,-0.8272204072068484,-0.11820953811993556,-1.5099688543557923,-0.9711853231753894,0.4008307312757749,0.6786431382677963,-0.03692147288162578,0.0
S32,late_abrupt,gait,-0.8834439487770457,-0.9252722850109841,-0.8690026577008777,-0.9660983059074718,-0.5423371306439164,-1.139070945215889,-1.0438634226727688,-0.5530778314820941,-0.13794757223344795,-0.688057866061027,-0.3281453398669658,-0.15933203541159072,-1.7144315845285194,-0.4450796858175054,0.0,-0.16757895168880968,-0.35337023639665954,-0.5632384763052636,-0.8272204072068484,-0.11820953811993556,-1.5099688543557923,3.034095860383761,-0.06273603581263132,-1.2922469051043133,-0.8280958917736301,0.0
S32,late_abrupt,theta_global,0.12594992439717873,-0.9252722850109841,-0.8690026577008777,-0.9660983059074718,0.379482354869826,-1.139070945215889,-1.0438634226727688,0.27488299408990324,1.0040947108222136,0.34732845655713157,-0.6381320935605905,-0.8018632684108399,-0.6083466912843126,0.2142432508398803,0.0,-0.16757895168880968,-0.35337023639665954,-0.5632384763052636,-0.8272204072068484,-0.11820953811993556,0.02924506445745227,-1.5433683493981252,1.3279642654525885,0.6786431382677963,-1.6192703106656343,0.0
S32,late_abrupt,alpha_global,0.46241454878858923,0.6148941767464363,-0.8690026577008777,-0.9660983059074718,0.6867555167077424,0.15218319032815666,-1.0438634226727688,-0.5530778314820941,0.8409458132428335,1.2532914888480196,0.31510556111266297,-0.022757323596884274,0.49773820195989416,-0.46539495837557654,0.0,-0.16757895168880968,-0.35337023639665954,-0.5632384763052636,0.40620962341966627,-0.11820953811993556,-1.5099688543557923,0.17318072927008196,-0.06273603581263132,-0.799524394261286,1.5454273649023829,0.0
S32,late_abrupt,beta_global,-0.37874701218993345,0.731943362021954,-0.8690026577008777,-0.9660983059074718,-0.08142738788704525,0.25031559893586874,-1.0438634226727688,0.27488299408990324,1.0040947108222136,1.3180031340116551,0.3079236335774535,0.4738185148096398,1.6038230952041006,1.2400721728744613,0.0,-0.16757895168880968,-0.35337023639665954,-0.5632384763052636,0.40620962341966627,-0.11820953811993556,-0.74036189494917,0.745363755492818,-0.5263028029010381,-0.799524394261286,0.7542529460103783,0.0
S32,late_abrupt,mu_central,-0.042282387798522954,-0.5409131981777303,-0.8690026577008777,-0.9660983059074718,0.2258457739508711,-0.8168296338182505,-1.0438634226727688,1.102843819661901,1.1206296376646276,-0.2997879950792177,0.06529938597494346,0.4245861935446979,-1.7144315845285194,0.8347824853409505,0.0,-0.16757895168880968,-0.35337023639665954,-0.5632384763052636,-0.8272204072068484,-0.11820953811993556,-0.74036189494917,0.745363755492818,0.4008307312757749,-0.799524394261286,-0.03692147288162578,0.0
S32,late_abrupt,beta_central,-0.5469793243856351,2.478053922504654,-0.8690026577008777,-0.9660983059074718,-0.23506396880600014,1.7142304018641856,-1.0438634226727688,0.27488299408990324,1.0040947108222136,2.2886778114661785,0.45874411181685204,0.2876025754071928,0.49773820195989416,0.936358848131304,0.0,-0.16757895168880968,2.543107111116947,-0.5632384763052636,0.40620962341966627,-0.11820953811993556,-0.74036189494917,-0.9711853231753894,-0.5263028029010381,0.18592062742476867,0.7542529460103783,0.0
S32,early_gradual,gait,-1.2199085731684562,-1.2985324416283626,0.1406828469864306,0.41244183866477335,-1.1568834543197426,-0.5219111430523945,0.03302456495388465,0.27488299408990324,0.1883502229253123,-0.6233462208973923,0.006282677098657136,-0.14995785796143468,1.6038230952041006,-1.2129969885125789,0.0,-0.16757895168880968,-0.35337023639665954,1.222930053204031,0.40620962341966627,-0.11820953811993556,0.02924506445745227,0.17318072927008196,1.7915310325409948,-0.799524394261286,-2.4104447295576383,0.0
S32,early_gradual,theta_global,0.46241454878858923,0.7295761374165657,-0.8690026577008777,-0.9660983059074718,0.6867555167077424,0.24833095075830655,-1.0438634226727688,-0.5530778314820941,-0.13794757223344795,0.08848187590259203,0.006282677098657136,0.01791863286349797,1.6038230952041006,-0.23176932395776295,0.0,-0.16757895168880968,-0.35337023639665954,1.222930053204031,-0.8272204072068484,-0.11820953811993556,-1.5099688543557923,-0.9711853231753894,0.4008307312757749,0.6786431382677963,-0.03692147288162578,0.0
S32,early_gradual,alpha_global,-1.5563731975598596,0.4388091914688967,-0.8690026577008777,-0.9660983059074718,-1.1568834543197426,0.004555988274040761,-1.0438634226727688,1.102843819661901,0.4214200766101414,0.5322188713103735,0.17146701040847384,0.28290015269500995,0.49773820195989416,1.8708613858025573,0.0,-0.16757895168880968,-0.35337023639665954,-0.5632384763052636,0.40620962341966627,-0.11820953811993556,0.7988520238640747,0.17318072927008196,-0.5263028029010381,0.18592062742476867,-1.6192703106656343,0.0
S32,early_gradual,beta_global,1.1353437975714031,-1.0027212010049447,-0.8690026577008777,-0.9660983059074718,1.3013018403835686,-1.2040030389562577,-1.0438634226727688,0.27488299408990324,-0.6273942649715883,-0.9469044467155665,0.45874411181685204,0.6073673198356366,0.49773820195989416,-0.46539495837557654,0.0,-0.16757895168880968,-0.35337023639665954,-0.5632384763052636,-0.8272204072068484,-1.087140178447281,-0.74036189494917,0.745363755492818,-0.5263028029010381,0.18592062742476867,0.7542529460103783,0.0
S32,early_gradual,mu_central,1.808273046354217,-1.1347670501672495,-0.8690026577008777,-0.9660983059074718,1.9158481640593945,-1.3147084419408777,-1.0438634226727688,-0.5530778314820941,-0.13794757223344795,-0.688057866061027,0.047415534800310674,-0.08217884695992426,-0.6083466912843126,-0.6777818987554067,0.0,-0.16757895168880968,-0.35337023639665954,-0.5632384763052636,-0.8272204072068484,-0.11820953811993556,-1.5099688543557923,-0.9711853231753894,-0.5263028029010381,2.1568106707968786,-0.03692147288162578,0.0
S32,early_gradual,beta_central,0.9671114853757015,-0.43548995871405455,-0.8690026577008777,-0.9660983059074718,1.1476652594646135,-0.7284442564450857,-1.0438634226727688,-0.5530778314820941,-0.13794757223344795,-1.0763277370428364,-0.8340028445208486,-0.8409788755167251,0.49773820195989416,-1.3998974960468298,0.0,-0.16757895168880968,-0.35337023639665954,-0.5632384763052636,-0.8272204072068484,-0.11820953811993556,-0.74036189494917,-0.9711853231753894,1.3279642654525885,-1.2922469051043133,1.5454273649023829,0.0
S32,late_gradual,gait,0.12594992439717873,-0.4850039589591976,-0.8690026577008777,-0.9660983059074718,0.379482354869826,-0.7699561054376395,-1.0438634226727688,-1.381038657054092,0.5962224668737629,0.6708866823753058,-0.6903642938166595,-0.46792000701687403,0.49773820195989416,-0.9326462272112032,0.0,-0.16757895168880968,-0.35337023639665954,-0.5632384763052636,-0.8272204072068484,-0.11820953811993556,0.02924506445745227,-0.39900229695265366,-0.06273603581263132,0.6786431382677963,-0.8280958917736301,0.0
S32,late_gradual,theta_global,-0.2105146999942318,-0.4616441630866729,-0.8690026577008777,-0.9660983059074718,0.07220919303190965,-0.7503715775474242,-1.0438634226727688,0.27488299408990324,-1.4431387528684894,-1.5940208983519157,-0.8340028445208486,-1.0181034643422844,0.49773820195989416,-0.9326462272112032,0.0,-0.16757895168880968,-0.35337023639665954,-0.5632384763052636,0.40620962341966627,-1.087140178447281,-0.74036189494917,0.17318072927008196,0.4008307312757749,0.6786431382677963,-1.6192703106656343,0.0
S32,late_gradual,alpha_global,1.808273046354217,-2.0272822887692623,-0.8690026577008777,-0.9660983059074718,1.9158481640593945,-2.0629808017778135,-1.0438634226727688,-1.381038657054092,0.5962224668737629,-0.7851253338064794,0.047415534800310674,-0.007367576538830941,-0.6083466912843126,-1.5698070483506938,0.0,-0.16757895168880968,-0.35337023639665954,-0.5632384763052636,-0.8272204072068484,-1.087140178447281,-1.5099688543557923,-0.39900229695265366,0.4008307312757749,1.171365649110824,-0.03692147288162578,0.0
S32,late_gradual,beta_global,-2.9022316951254945,1.7631278633897283,-0.8690026577008777,-0.9660983059074718,-2.3859761016714014,1.1148463395810837,-1.0438634226727688,0.27488299408990324,1.0040947108222136,2.2886778114661785,0.8896597639294187,1.3252705205622397,0.49773820195989416,-0.46539495837557654,0.0,-0.16757895168880968,-0.35337023639665954,-0.5632384763052636,1.6396396540461808,-0.11820953811993556,3.1076729020839418,-0.39900229695265366,-1.4534363370778514,-1.2922469051043133,-0.03692147288162578,0.0
S32,late_gradual,mu_central,-0.8834439487770457,1.3092772578347625,-0.3641599053572222,-0.27682823362134923,-0.6959737115628714,1.102882201104527,0.03302456495388465,1.9308046452338978,0.5962224668737629,1.1562240211025676,-0.2953582793801399,-0.06272791665043997,1.6038230952041006,2.7119136697066857,0.0,-0.16757895168880968,-0.35337023639665954,1.222930053204031,0.40620962341966627,0.8507211022074099,0.02924506445745227,0.17318072927008196,-1.9170031041662579,0.6786431382677963,-0.03692147288162578,0.0
S32,late_gradual,beta_central,-1.2199085731684562,-0.39218982717722795,-0.8690026577008777,-0.9660983059074718,-0.8496102924818328,-0.6921420285334804,-1.0438634226727688,-2.2089994826260893,1.8198391987191143,2.2886778114661785,0.9833370796060635,0.9755874635157046,-1.7144315845285194,-0.8717004095369909,0.0,-0.16757895168880968,-0.35337023639665954,-0.5632384763052636,-0.8272204072068484,-0.11820953811993556,1.5684589832706968,-0.39900229695265366,0.4008307312757749,-0.3068018834182583,-1.6192703106656343,0.0
S33,baseline,gait,-1.388140885364158,0.7602816577630893,1.1503683516737415,0.9405993734264544,-1.6177931970766137,1.672061878190531,1.109912552580538,1.102843819661901,0.4214200766101414,1.3642257376999656,0.3079236335774535,0.23517056216635296,1.6038230952041006,2.221299837429277,0.0,-0.16757895168880968,2.543107111116947,3.009098582713326,1.6396396540461808,0.8507211022074099,0.02924506445745227,-0.9711853231753894,0.8643974983641817,-0.799524394261286,-0.8280958917736301,0.0
S33,baseline,theta_global,1.1353437975714031,-0.8490778513075455,-0.8690026577008777,-0.9660983059074718,1.3013018403835686,-1.0751905919761897,-1.0438634226727688,1.102843819661901,-0.2777894844443453,-0.8544592393389455,0.1845250604724916,0.338260492806619,-0.6083466912843126,-0.6777818987554067,0.0,-0.16757895168880968,-0.35337023639665954,-0.5632384763052636,-0.8272204072068484,-0.11820953811993556,-1.5099688543557923,-0.39900229695265366,0.8643974983641817,-0.3068018834182583,0.7542529460103783,0.0
S33,baseline,alpha_global,0.12594992439717873,0.6533540736200764,-0.8690026577008777,-0.9660983059074718,0.379482354869826,0.18442743283296903,-1.0438634226727688,1.102843819661901,-0.2777894844443453,0.5322188713103735,1.0332983146336086,0.3314918540542344,0.49773820195989416,-0.46539495837557654,0.0,-0.16757895168880968,-0.35337023639665954,-0.5632384763052636,0.40620962341966627,-0.11820953811993556,0.02924506445745227,-1.5433683493981252,-0.06273603581263132,0.6786431382677963,-0.03692147288162578,0.0
S33,baseline,beta_global,-0.715211636581344,0.722469170753728,-0.8690026577008777,-0.9660983059074718,-0.3887005497249616,0.2423725687766008,-1.0438634226727688,0.27488299408990324,0.1883502229253123,0.34732845655713157,-0.7478197140983348,-0.4939400793576202,1.6038230952041006,-0.23176932395776295,0.0,-0.16757895168880968,-0.35337023639665954,1.222930053204031,-0.8272204072068484,-0.11820953811993556,-0.74036189494917,-0.9711853231753894,2.2550977996294015,-1.7849694159473408,-0.03692147288162578,0.0
S33,baseline,mu_central,0.7988791731799926,-0.6034310708226475,-0.8690026577008777,-0.9660983059074718,0.9940286785456521,-0.869243748527677,-1.0438634226727688,1.9308046452338978,-1.239202630894264,-1.2704626725337411,1.2814012658499347,1.0474713363985808,-0.6083466912843126,0.6602558256375246,0.0,-0.16757895168880968,-0.35337023639665954,-0.5632384763052636,-0.8272204072068484,-0.11820953811993556,-0.74036189494917,-0.39900229695265366,-0.06273603581263132,0.6786431382677963,-0.03692147288162578,0.0
S33,baseline,beta_central,-0.715211636581344,1.055086390192134,-0.8690026577008777,-0.9660983059074718,-0.3887005497249616,0.5212342183563,-1.0438634226727688,1.102843819661901,1.1206296376646276,1.0868901155701018,-0.8986401923377334,-0.7918385581744132,1.6038230952041006,0.7494583405970529,0.0,-0.16757895168880968,-0.35337023639665954,1.222930053204031,-0.8272204072068484,-0.11820953811993556,-0.74036189494917,0.745363755492818,-0.5263028029010381,-0.3068018834182583,-0.03692147288162578,0.0
S33,early_abrupt,gait,-1.7246055097555684,2.2233469479774026,-0.8690026577008777,-0.9660983059074718,-1.310520035238704,1.5006876177712631,-1.0438634226727688,-0.5530778314820941,-0.13794757223344795,2.418101101793448,0.1845250604724916,0.1781643741054795,-0.6083466912843126,1.552280975232811,0.0,-0.16757895168880968,-0.35337023639665954,1.222930053204031,0.40620962341966627,0.8507211022074099,-0.74036189494917,0.17318072927008196,-0.5263028029010381,-1.2922469051043133,0.7542529460103783,0.0
S33,early_abrupt,theta_global,0.9671114853757015,-0.03362136282676217,-0.8690026577008777,-0.9660983059074718,1.1476652594646135,-0.3915232162397087,-1.0438634226727688,-0.5530778314820941,0.8409458132428335,-0.688057866061027,0.45874411181685204,0.8038468079403261,-1.7144315845285194,-0.018458962098020476,0.0,-0.16757895168880968,-0.35337023639665954,-0.5632384763052636,0.40620962341966627,-1.087140178447281,-0.74036189494917,-0.9711853231753894,0.4008307312757749,0.18592062742476867,0.7542529460103783,0.0
S33,early_abrupt,alpha_global,-1.5563731975598596,2.56670923907526,-0.8690026577008777,-0.9660983059074718,-1.1568834543197426,1.7885577859504078,-1.0438634226727688,1.102843819661901,0.4214200766101414,1.6415613598298293,-0.2594486417040928,-0.4397054707437769,0.49773820195989416,0.0018563104600506516,0.0,-0.16757895168880968,-0.35337023639665954,1.222930053204031,0.40620962341966627,0.8507211022074099,0.7988520238640747,-0.9711853231753894,-2.380569871254665,1.171365649110824,-0.03692147288162578,0.0
S33,early_abrupt,beta_global,-1.7246055097555684,1.6502494728332366,-0.3641599053572222,-0.27682823362134923,-1.464156616157659,1.2766555390718561,0.03302456495388465,-0.5530778314820941,-1.1168409577097287,0.4767517468844009,0.6023826625210406,0.24371329676015124,0.49773820195989416,-0.46539495837557654,0.0,-0.16757895168880968,-0.35337023639665954,-0.5632384763052636,1.6396396540461808,1.8196517425347556,1.5684589832706968,-1.5433683493981252,-2.380569871254665,2.1568106707968786,-1.6192703106656343,0.0
S33,early_abrupt,mu_central,-0.715211636581344,-0.5409131981777303,-0.8690026577008777,-0.9660983059074718,-0.3887005497249616,-0.8168296338182505,-1.0438634226727688,-1.381038657054092,0.5962224668737629,0.6708866823753058,1.3205754160419854,1.4271563459928713,0.49773820195989416,-0.9326462272112032,0.0,-0.16757895168880968,-0.35337023639665954,-0.5632384763052636,-0.8272204072068484,-0.11820953811993556,0.02924506445745227,1.3175467817155535,-0.9898695699894446,0.6786431382677963,-1.6192703106656343,0.0
S33,early_abrupt,beta_central,0.12594992439717873,-0.6274529118870518,-0.8690026577008777,-0.9660983059074718,0.379482354869826,-0.8893833258967364,-1.0438634226727688,-0.5530778314820941,-1.1168409577097287,-0.2997879950792177,0.32163458614467183,0.08390217337490286,-0.6083466912843126,-0.6777818987554067,0.0,-0.16757895168880968,-0.35337023639665954,-0.5632384763052636,-0.8272204072068484,-1.087140178447281,0.7988520238640747,0.17318072927008196,-0.06273603581263132,-0.3068018834182583,-0.03692147288162578,0.0
S33,late_abrupt,gait,-0.8834439487770457,0.7673466175796978,-0.8690026577008777,-0.9660983059074718,-0.5423371306439164,0.27999719588383526,-1.0438634226727688,0.27488299408990324,-1.4431387528684894,-0.9469044467155665,1.7702265312898822,1.6782929792449635,-1.7144315845285194,-0.018458962098020476,0.0,-0.16757895168880968,-0.35337023639665954,1.222930053204031,-0.8272204072068484,-0.11820953811993556,-0.74036189494917,0.745363755492818,-0.9898695699894446,1.171365649110824,-1.6192703106656343,0.0
S33,late_abrupt,theta_global,-0.2105146999942318,-1.3827824346734665,-0.8690026577008777,-0.9660983059074718,0.07220919303190965,-1.5226410900500789,-1.0438634226727688,1.102843819661901,-0.9769990454988318,-0.8544592393389455,-0.2594486417040928,0.19512159540092774,0.49773820195989416,0.46910757929567676,0.0,-0.16757895168880968,-0.35337023639665954,-0.5632384763052636,-0.8272204072068484,-1.087140178447281,0.02924506445745227,0.17318072927008196,1.7915310325409948,-1.2922469051043133,-0.8280958917736301,0.0
S33,late_abrupt,alpha_global,1.4718084219628136,-0.6758460169638763,-0.8690026577008777,-0.9660983059074718,1.6085750022214849,-0.9299554319734814,-1.0438634226727688,-0.5530778314820941,-1.1168409577097287,-0.688057866061027,-0.6903642938166595,-0.6293698534684908,0.49773820195989416,-1.8671487648824565,0.0,-0.16757895168880968,-0.35337023639665954,-0.5632384763052636,-0.8272204072068484,-1.087140178447281,0.02924506445745227,-0.39900229695265366,-0.5263028029010381,0.18592062742476867,1.5454273649023829,0.0
S33,late_abrupt,beta_global,0.2941822365928804,-1.5233734852533043,-0.8690026577008777,-0.9660983059074718,0.5331189357887809,-1.6405106710267683,-1.0438634226727688,0.27488299408990324,-0.6273942649715883,-1.2704626725337411,-0.7752416192327715,-0.2841692770968752,-0.6083466912843126,-0.6777818987554067,0.0,-0.16757895168880968,-0.35337023639665954,-0.5632384763052636,-0.8272204072068484,-1.087140178447281,-0.74036189494917,0.745363755492818,0.8643974983641817,-0.3068018834182583,-0.8280958917736301,0.0
S33,late_abrupt,mu_central,-0.042282387798522954,1.870294486255282,-0.8690026577008777,-0.9660983059074718,0.2258457739508711,1.2046933453453414,-1.0438634226727688,0.27488299408990324,0.1883502229253123,-0.2997879950792177,-0.6381320935605905,-0.2721994738295009,-0.6083466912843126,0.2142432508398803,0.0,-0.16757895168880968,-0.35337023639665954,1.222930053204031,-0.8272204072068484,-0.11820953811993556,0.7988520238640747,-0.39900229695265366,-2.380569871254665,0.6786431382677963,1.5454273649023829,0.0
S33,late_abrupt,beta_central,-1.0516762609727472,1.448913983661098,-0.8690026577008777,-0.9660983059074718,-0.6959737115628714,0.8514137939963867,-1.0438634226727688,1.102843819661901,1.1206296376646276,0.5322188713103735,-0.2594486417040928,-0.3017677378530753,0.49773820195989416,0.0018563104600506516,0.0,-0.16757895168880968,-0.35337023639665954,1.222930053204031,0.40620962341966627,-1.087140178447281,-0.74036189494917,1.3175467817155535,-0.9898695699894446,-0.3068018834182583,-0.03692147288162578,0.0
S33,early_gradual,gait,-1.5563731975598596,0.8978224924915567,2.16005385636105,1.3154295441395834,-2.078702939833485,2.3905558193958756,2.1868005402071917,0.27488299408990324,-0.6273942649715883,1.6415613598298293,0.0278284597042854,-0.04156701444561665,0.49773820195989416,0.46910757929567676,0.0,-0.16757895168880968,5.439584458630554,4.795267112222621,2.873069684672696,-0.11820953811993556,-0.74036189494917,-0.39900229695265366,1.3279642654525885,-1.2922469051043133,-0.8280958917736301,0.0
S33,early_gradual,theta_global,0.12594992439717873,0.8793432054885305,-0.8690026577008777,-0.9660983059074718,0.379482354869826,0.37389357714842075,-1.0438634226727688,-0.5530778314820941,1.8198391987191143,0.8650216178662107,1.6390782893425786,1.5237263892271218,-1.7144315845285194,-0.018458962098020476,0.0,-0.16757895168880968,-0.35337023639665954,-0.5632384763052636,0.40620962341966627,-0.11820953811993556,0.02924506445745227,-0.9711853231753894,-0.5263028029010381,0.18592062742476867,0.7542529460103783,0.0
S33,early_gradual,alpha_global,-0.5469793243856351,2.2977695707908405,-0.8690026577008777,-0.9660983059074718,-0.23506396880600014,1.563082509409296,-1.0438634226727688,0.27488299408990324,1.0040947108222136,0.023770230738956507,-0.5904418237615715,-0.6759851742675217,-1.7144315845285194,-0.018458962098020476,0.0,-0.16757895168880968,-0.35337023639665954,1.222930053204031,1.6396396540461808,-1.087140178447281,-1.5099688543557923,0.17318072927008196,-0.5263028029010381,-0.799524394261286,1.5454273649023829,0.0
S33,early_gradual,beta_global,-4.5845548170825365,2.388418448592181,-0.8690026577008777,-0.9660983059074718,-3.922341910860973,1.6390812674979807,-1.0438634226727688,1.102843819661901,1.1206296376646276,3.3055750926090126,-0.2594486417040928,-0.16069505648758584,0.49773820195989416,1.4036101169669302,0.0,-0.16757895168880968,-0.35337023639665954,1.222930053204031,4.10649971529921,-0.11820953811993556,-0.74036189494917,1.3175467817155535,-1.4534363370778514,-0.3068018834182583,-2.4104447295576383,0.0
S33,early_gradual,mu_central,-0.37874701218993345,0.5005230193665047,-0.8690026577008777,-0.9660983059074718,-0.08142738788704525,0.056296003052775025,-1.0438634226727688,0.27488299408990324,0.1883502229253123,0.99444490819348,1.2456335635006692,1.2074373485424659,-1.7144315845285194,-0.018458962098020476,0.0,-0.16757895168880968,-0.35337023639665954,-0.5632384763052636,-0.8272204072068484,0.8507211022074099,0.02924506445745227,0.17318072927008196,-0.5263028029010381,-0.799524394261286,0.7542529460103783,0.0
S33,early_gradual,beta_central,-0.2105146999942318,-0.4616441630866729,-0.8690026577008777,-0.9660983059074718,0.07220919303190965,-0.7503715775474242,-1.0438634226727688,2.758765470805896,0.1883502229253123,-0.2997879950792177,-0.596999235858937,-0.28327154185182196,1.6038230952041006,1.2400721728744613,0.0,-0.16757895168880968,-0.35337023639665954,-0.5632384763052636,-0.8272204072068484,-0.11820953811993556,-0.74036189494917,1.3175467817155535,-0.06273603581263132,-0.799524394261286,-0.03692147288162578,0.0
S33,late_gradual,gait,-1.388140885364158,-0.08769365682106503,-0.8690026577008777,-0.9660983059074718,-1.0032468734007878,-0.4368566752989503,-1.0438634226727688,0.27488299408990324,1.0040947108222136,0.99444490819348,3.6187922273090085,3.54011161800043,0.49773820195989416,0.936358848131304,0.0,-0.16757895168880968,-0.35337023639665954,-0.5632384763052636,-0.8272204072068484,0.8507211022074099,0.02924506445745227,1.3175467817155535,-0.9898695699894446,0.18592062742476867,-1.6192703106656343,0.0
S33,late_gradual,theta_global,-0.715211636581344,0.24978250648295588,-0.8690026577008777,-0.9660983059074718,-0.3887005497249616,-0.15392135477741503,-1.0438634226727688,1.102843819661901,0.4214200766101414,1.0868901155701018,-0.7478197140983348,-0.7062544648126828,1.6038230952041006,0.2588445083196455,0.0,-0.16757895168880968,-0.35337023639665954,-0.5632384763052636,-0.8272204072068484,0.8507211022074099,-0.74036189494917,1.3175467817155535,-0.06273603581263132,-1.7849694159473408,0.7542529460103783,0.0
S33,late_gradual,alpha_global,-2.0610701341469717,1.5754079671737073,0.1406828469864306,-0.012749466240508704,-1.9250663589145303,1.6783256607803267,1.109912552580538,0.27488299408990324,1.0040947108222136,2.6122360372843527,2.378277471227377,2.5137722366520054,-0.6083466912843126,1.552280975232811,0.0,-0.16757895168880968,2.543107111116947,3.009098582713326,0.40620962341966627,-0.11820953811993556,0.7988520238640747,-0.9711853231753894,-0.06273603581263132,0.18592062742476867,-1.6192703106656343,0.0
S33,late_gradual,beta_global,0.12594992439717873,-0.6274529118870518,-0.8690026577008777,-0.9660983059074718,0.379482354869826,-0.8893833258967364,-1.0438634226727688,0.27488299408990324,-0.6273942649715883,-0.2997879950792177,-0.1158100909999037,0.014862058100579532,0.49773820195989416,-0.46539495837557654,0.0,-0.16757895168880968,-0.35337023639665954,-0.5632384763052636,-0.8272204072068484,0.8507211022074099,-1.5099688543557923,-0.9711853231753894,1.7915310325409948,-0.3068018834182583,-0.8280958917736301,0.0
S33,late_gradual,mu_central,-0.2105146999942318,0.8978224924915567,-0.8690026577008777,-0.9660983059074718,0.07220919303190965,0.389386354297545,-1.0438634226727688,0.27488299408990324,-0.6273942649715883,-0.6233462208973923,1.3767818054479728,1.2446478239171312,-1.7144315845285194,-0.018458962098020476,0.0,-0.16757895168880968,-0.35337023639665954,1.222930053204031,-0.8272204072068484,-0.11820953811993556,-1.5099688543557923,0.745363755492818,-0.5263028029010381,0.18592062742476867,-0.03692147288162578,0.0
S33,late_gradual,beta_central,-0.5469793243856351,-0.05788895999557278,-0.8690026577008777,-0.9660983059074718,-0.23506396880600014,-0.41186883210787134,-1.0438634226727688,-0.5530778314820941,1.8198391987191143,0.8650216178662107,0.1845250604724916,0.13776628807808952,-0.6083466912843126,-0.6777818987554067,0.0,-0.16757895168880968,-0.35337023639665954,-0.5632384763052636,-0.8272204072068484,-0.11820953811993556,0.7988520238640747,0.17318072927008196,-0.06273603581263132,-0.799524394261286,-0.03692147288162578,0.0
S34,baseline,gait,0.9671114853757015,-0.72164786178121,0.1406828469864306,0.41244183866477335,0.8403920976266972,-0.018377053684294757,0.03302456495388465,-0.5530778314820941,-0.13794757223344795,0.08848187590259203,-0.1158100909999037,-0.06351165376913696,0.49773820195989416,-0.9326462272112032,0.0,-0.16757895168880968,-0.35337023639665954,1.222930053204031,0.40620962341966627,-0.11820953811993556,-0.74036189494917,-1.5433683493981252,1.7915310325409948,-0.799524394261286,0.7542529460103783,0.0
S34,baseline,theta_global,-0.2105146999942318,0.6724960117007249,-0.3641599053572222,-0.27682823362134923,-0.08142738788704525,0.618583628454079,0.03302456495388465,1.102843819661901,0.4214200766101414,0.5322188713103735,1.5144874594926412,1.1519078699064271,1.6038230952041006,0.7494583405970529,0.0,-0.16757895168880968,-0.35337023639665954,1.222930053204031,0.40620962341966627,-1.087140178447281,0.7988520238640747,0.17318072927008196,-0.9898695699894446,-0.3068018834182583,0.7542529460103783,0.0
S34,baseline,alpha_global,-0.8834439487770457,1.61500399333819,-0.3641599053572222,-0.27682823362134923,-0.6959737115628714,1.4230725619328222,0.03302456495388465,1.102843819661901,1.8198391987191143,1.918896981959693,0.1845250604724916,-0.21683913371789185,-0.6083466912843126,0.2142432508398803,0.0,-0.16757895168880968,2.543107111116947,1.222930053204031,0.40620962341966627,-0.11820953811993556,-0.74036189494917,-1.5433683493981252,1.3279642654525885,-0.799524394261286,-0.03692147288162578,0.0
S34,baseline,beta_global,0.12594992439717873,-0.7740788468212672,-0.8690026577008777,-0.9660983059074718,0.379482354869826,-1.0123124699619692,-1.0438634226727688,-1.381038657054092,1.8198391987191143,1.1562240211025676,-0.596999235858937,-0.595982652211991,1.6038230952041006,-0.23176932395776295,0.0,-0.16757895168880968,-0.35337023639665954,-0.5632384763052636,-0.8272204072068484,-0.11820953811993556,0.02924506445745227,-0.9711853231753894,0.4008307312757749,1.171365649110824,-1.6192703106656343,0.0
S34,baseline,mu_central,0.9671114853757015,0.2189713509119417,-0.8690026577008777,-0.9660983059074718,1.1476652594646135,-0.17975299897940988,-1.0438634226727688,0.27488299408990324,0.1883502229253123,0.34732845655713157,-1.6527425835347254,-1.7414928248997683,1.6038230952041006,-1.2129969885125789,0.0,-0.16757895168880968,-0.35337023639665954,-0.5632384763052636,0.40620962341966627,-1.087140178447281,0.02924506445745227,-0.9711853231753894,-1.4534363370778514,2.1568106707968786,-0.03692147288162578,0.0
S34,baseline,beta_central,-0.042282387798522954,0.8352432150266724,-0.8690026577008777,-0.9660983059074718,0.2258457739508711,0.33692075864128973,-1.0438634226727688,1.102843819661901,-0.2777894844443453,0.25488324918050975,-0.2594486417040928,-0.4475428419307486,0.49773820195989416,0.46910757929567676,0.0,-0.16757895168880968,-0.35337023639665954,-0.5632384763052636,0.40620962341966627,-1.087140178447281,0.7988520238640747,0.17318072927008196,-0.9898695699894446,-0.799524394261286,1.5454273649023829,0.0
S34,early_abrupt,gait,1.6400407341585153,-1.6424307220568068,-0.8690026577008777,-0.9660983059074718,1.7622115831404397,-1.740326602100576,-1.0438634226727688,-0.5530778314820941,-2.09573434318601,-1.8528674790064554,-1.7350082989380338,-1.6158098905923322,-0.6083466912843126,-2.0158196231483374,0.0,-0.16757895168880968,-0.35337023639665954,-0.5632384763052636,-0.8272204072068484,-1.087140178447281,-1.5099688543557923,0.745363755492818,-0.9898695699894446,1.6640881599538508,-0.03692147288162578,0.0
S34,early_abrupt,theta_global,-0.5469793243856351,1.4297444046890246,-0.3641599053572222,-0.27682823362134923,-0.3887005497249616,1.284970461870338,0.03302456495388465,0.27488299408990324,0.1883502229253123,1.9651195856480035,-0.3350478789168235,-0.39276374226601957,2.7099079884483075,0.02644848250403046,0.0,-0.16757895168880968,2.543107111116947,1.222930053204031,-0.8272204072068484,0.8507211022074099,-0.74036189494917,-0.9711853231753894,-0.06273603581263132,0.18592062742476867,-0.03692147288162578,0.0
S34,early_abrupt,alpha_global,1.808273046354217,-1.4687378367176191,-0.8690026577008777,-0.9660983059074718,1.9158481640593945,-1.5947049033571266,-1.0438634226727688,-1.381038657054092,-0.6273942649715883,-1.2704626725337411,-0.45929358181426866,-0.4484288056301446,-1.7144315845285194,-1.7249418569759614,0.0,-0.16757895168880968,-0.35337023639665954,-0.5632384763052636,-0.8272204072068484,-1.087140178447281,-0.74036189494917,-0.9711853231753894,0.4008307312757749,0.6786431382677963,0.7542529460103783,0.0
S34,early_abrupt,beta_global,0.6306468609842909,1.30276458647733,-0.3641599053572222,-0.27682823362134923,0.6867555167077424,1.209740666189266,0.03302456495388465,1.102843819661901,-0.2777894844443453,0.5322188713103735,-0.36391304221623005,-0.04926188797464331,-0.6083466912843126,-0.6777818987554067,0.0,-0.16757895168880968,2.543107111116947,1.222930053204031,-0.8272204072068484,0.8507211022074099,-1.5099688543557923,-2.115551375620861,0.4008307312757749,0.6786431382677963,0.7542529460103783,0.0
S34,early_abrupt,mu_central,1.976505358549926,-0.5409131981777303,-0.8690026577008777,-0.9660983059074718,2.069484744978356,-0.8168296338182505,-1.0438634226727688,-0.5530778314820941,-0.13794757223344795,-0.688057866061027,-1.2649184966334153,-1.0933422277372125,0.49773820195989416,-1.3998974960468298,0.0,-0.16757895168880968,-0.35337023639665954,-0.5632384763052636,-0.8272204072068484,-1.087140178447281,0.02924506445745227,-0.39900229695265366,-1.4534363370778514,0.6786431382677963,2.3366017837943867,0.0
S34,early_abrupt,beta_central,0.46241454878858923,-0.6758460169638763,-0.8690026577008777,-0.9660983059074718,0.6867555167077424,-0.9299554319734814,-1.0438634226727688,1.102843819661901,-0.9769990454988318,-0.5771236172090815,0.3079236335774535,0.001460153370857496,1.6038230952041006,0.2588445083196455,0.0,-0.16757895168880968,-0.35337023639665954,-0.5632384763052636,-0.8272204072068484,-0.11820953811993556,-0.74036189494917,0.17318072927008196,-0.5263028029010381,1.171365649110824,-0.8280958917736301,0.0
S34,late_abrupt,gait,1.1353437975714031,-0.8490778513075455,-0.8690026577008777,-0.9660983059074718,1.3013018403835686,-1.0751905919761897,-1.0438634226727688,-0.5530778314820941,-1.1168409577097287,-0.688057866061027,-1.4085570473376043,-1.3190585179219962,0.49773820195989416,-1.3998974960468298,0.0,-0.16757895168880968,-0.35337023639665954,-0.5632384763052636,-0.8272204072068484,-0.11820953811993556,-0.74036189494917,-2.115551375620861,2.2550977996294015,-0.799524394261286,0.7542529460103783,0.0
S34,late_abrupt,theta_global,1.976505358549926,-1.6575637626933417,-0.8690026577008777,-0.9660983059074718,2.069484744978356,-1.75301393284727,-1.0438634226727688,0.27488299408990324,-2.2588832407653903,-1.91757912417009,-0.5010225678884103,0.13028516103598045,-0.6083466912843126,-1.12379447355305,0.0,-0.16757895168880968,-0.35337023639665954,-0.5632384763052636,-0.8272204072068484,-1.087140178447281,-1.5099688543557923,0.17318072927008196,-0.5263028029010381,1.171365649110824,0.7542529460103783,0.0
S34,late_abrupt,alpha_global,-0.715211636581344,1.055086390192134,-0.8690026577008777,-0.9660983059074718,-0.3887005497249616,0.5212342183563,-1.0438634226727688,1.102843819661901,1.1206296376646276,1.3642257376999656,-0.2594486417040928,-0.10896840665357252,0.49773820195989416,1.8708613858025573,0.0,-0.16757895168880968,-0.35337023639665954,1.222930053204031,-0.8272204072068484,-1.087140178447281,0.7988520238640747,0.17318072927008196,-0.06273603581263132,-1.2922469051043133,0.7542529460103783,0.0
S34,late_abrupt,beta_global,1.976505358549926,-0.6849724475468161,-0.8690026577008777,-0.9660983059074718,2.069484744978356,-0.9376069044120708,-1.0438634226727688,0.27488299408990324,-0.6273942649715883,-0.9469044467155665,-0.9776413952250377,-0.8535186694158797,0.49773820195989416,-0.9326462272112032,0.0,-0.16757895168880968,-0.35337023639665954,-0.5632384763052636,-0.8272204072068484,-0.11820953811993556,-1.5099688543557923,-0.39900229695265366,-0.9898695699894446,1.171365649110824,1.5454273649023829,0.0
S34,late_abrupt,mu_central,-0.715211636581344,0.9460835599420232,-0.8690026577008777,-0.9660983059074718,-0.3887005497249616,0.42984776186519014,-1.0438634226727688,-1.381038657054092,0.5962224668737629,2.126898698557091,0.8700726888333928,1.0579449142575337,-0.6083466912843126,-1.12379447355305,0.0,-0.16757895168880968,-0.35337023639665954,1.222930053204031,-0.8272204072068484,0.8507211022074099,-1.5099688543557923,-0.39900229695265366,-0.06273603581263132,1.171365649110824,-1.6192703106656343,0.0
S34,late_abrupt,beta_central,0.46241454878858923,-0.6758460169638763,-0.8690026577008777,-0.9660983059074718,0.6867555167077424,-0.9299554319734814,-1.0438634226727688,0.27488299408990324,0.1883502229253123,-0.9469044467155665,-0.19699709791966294,-0.3611273057126606,-1.7144315845285194,-0.018458962098020476,0.0,-0.16757895168880968,-0.35337023639665954,-0.5632384763052636,-0.8272204072068484,-1.087140178447281,0.7988520238640747,-0.39900229695265366,-0.06273603581263132,0.18592062742476867,-0.03692147288162578,0.0
S34,early_gradual,gait,0.6306468609842909,-0.08769365682106503,-0.8690026577008777,-0.9660983059074718,0.8403920976266972,-0.4368566752989503,-1.0438634226727688,-0.5530778314820941,1.8198391987191143,0.08848187590259203,-0.5467257431124704,-0.7735774833087692,0.49773820195989416,-0.46539495837557654,0.0,-0.16757895168880968,-0.35337023639665954,-0.5632384763052636,-0.8272204072068484,-1.087140178447281,0.7988520238640747,0.745363755492818,-1.4534363370778514,-0.3068018834182583,1.5454273649023829,0.0
S34,early_gradual,theta_global,-1.5563731975598596,1.3266145735577028,-0.8690026577008777,-0.9660983059074718,-1.1568834543197426,0.7488796699313746,-1.0438634226727688,1.102843819661901,-0.9769990454988318,-0.5771236172090815,0.8896597639294187,1.2610040768290727,0.49773820195989416,0.936358848131304,0.0,-0.16757895168880968,-0.35337023639665954,-0.5632384763052636,-0.8272204072068484,3.7575130231894462,-0.74036189494917,-0.39900229695265366,-1.4534363370778514,0.6786431382677963,-0.8280958917736301,0.0
S34,early_gradual,alpha_global,0.12594992439717873,0.17504227924011895,-0.8690026577008777,-0.9660983059074718,0.379482354869826,-0.21658252155070842,-1.0438634226727688,-0.5530778314820941,-0.13794757223344795,0.08848187590259203,-0.8340028445208486,-1.0713975884136917,0.49773820195989416,-0.46539495837557654,0.0,-0.16757895168880968,-0.35337023639665954,-0.5632384763052636,-0.8272204072068484,0.8507211022074099,-1.5099688543557923,1.3175467817155535,-0.9898695699894446,-0.3068018834182583,0.7542529460103783,0.0
S34,early_gradual,beta_global,-0.042282387798522954,-0.6849724475468161,-0.8690026577008777,-0.9660983059074718,0.2258457739508711,-0.9376069044120708,-1.0438634226727688,0.27488299408990324,-0.6273942649715883,-0.2997879950792177,0.17146701040847384,0.32208700862986867,0.49773820195989416,0.936358848131304,0.0,-0.16757895168880968,-0.35337023639665954,-0.5632384763052636,-0.8272204072068484,-0.11820953811993556,-0.74036189494917,0.17318072927008196,1.3279642654525885,-1.2922469051043133,-0.03692147288162578,0.0
S34,early_gradual,mu_central,0.6306468609842909,0.982617486086736,-0.8690026577008777,-0.9660983059074718,0.8403920976266972,0.46047729730397136,-1.0438634226727688,0.27488299408990324,-0.6273942649715883,-0.6233462208973923,-0.19699709791966294,-0.5571978874945516,-1.7144315845285194,-0.4450796858175054,0.0,-0.16757895168880968,-0.35337023639665954,-0.5632384763052636,1.6396396540461808,-1.087140178447281,-1.5099688543557923,-0.39900229695265366,-0.06273603581263132,-0.3068018834182583,1.5454273649023829,0.0
S34,early_gradual,beta_central,0.2941822365928804,0.9185493590202773,-0.8690026577008777,-0.9660983059074718,0.5331189357887809,0.40676347085385606,-1.0438634226727688,-1.381038657054092,0.5962224668737629,-0.7851253338064794,1.4185107915221151,1.2120561313249856,-0.6083466912843126,-0.6777818987554067,0.0,-0.16757895168880968,-0.35337023639665954,-0.5632384763052636,0.40620962341966627,0.8507211022074099,-1.5099688543557923,-0.39900229695265366,-1.4534363370778514,1.6640881599538508,-0.03692147288162578,0.0
S34,late_gradual,gait,1.3035761097671048,-0.5409131981777303,-0.8690026577008777,-0.9660983059074718,1.4549384213025234,-0.8168296338182505,-1.0438634226727688,-0.5530778314820941,-2.09573434318601,-1.0763277370428364,-0.1158100909999037,-0.07918639614308046,0.49773820195989416,-2.334400033718083,0.0,-0.16757895168880968,-0.35337023639665954,-0.5632384763052636,-0.8272204072068484,-0.11820953811993556,-1.5099688543557923,0.17318072927008196,-0.06273603581263132,-0.3068018834182583,1.5454273649023829,0.0
S34,late_gradual,theta_global,0.9671114853757015,-1.8919038332008238,-0.8690026577008777,-0.9660983059074718,1.1476652594646135,-1.9494813879437753,-1.0438634226727688,0.27488299408990324,-2.2588832407653903,-1.5940208983519157,-0.9776413952250377,-0.2155566547963871,0.49773820195989416,-0.9326462272112032,0.0,-0.16757895168880968,-0.35337023639665954,-0.5632384763052636,-0.8272204072068484,-1.087140178447281,-0.74036189494917,-0.39900229695265366,0.4008307312757749,1.6640881599538508,-1.6192703106656343,0.0
S34,late_gradual,alpha_global,1.6400407341585153,-1.2950575593181075,-0.8690026577008777,-0.9660983059074718,1.7622115831404397,-1.4490937749349062,-1.0438634226727688,-0.5530778314820941,-2.09573434318601,-1.4645976080246461,-1.1212799459292262,-1.0447505263779882,0.49773820195989416,-1.8671487648824565,0.0,-0.16757895168880968,-0.35337023639665954,-0.5632384763052636,-0.8272204072068484,-1.087140178447281,-0.74036189494917,-0.39900229695265366,-0.06273603581263132,0.6786431382677963,0.7542529460103783,0.0
S34,late_gradual,beta_global,-0.715211636581344,2.154017611407625,-0.8690026577008777,-0.9660983059074718,-0.3887005497249616,1.442562866464771,-1.0438634226727688,1.102843819661901,0.4214200766101414,1.918896981959693,0.45874411181685204,0.5603430927138061,0.49773820195989416,0.0018563104600506516,0.0,-0.16757895168880968,-0.35337023639665954,3.009098582713326,-0.8272204072068484,-0.11820953811993556,-1.5099688543557923,0.17318072927008196,-0.9898695699894446,0.6786431382677963,-0.03692147288162578,0.0
S34,late_gradual,mu_central,-0.715211636581344,0.9460835599420232,-0.3641599053572222,-0.27682823362134923,-0.5423371306439164,0.8210197759130311,0.03302456495388465,-0.5530778314820941,-0.13794757223344795,0.4767517468844009,0.8896597639294187,0.05248143979804334,0.49773820195989416,0.46910757929567676,0.0,-0.16757895168880968,-0.35337023639665954,1.222930053204031,0.40620962341966627,-0.11820953811993556,0.7988520238640747,-0.39900229695265366,-0.9898695699894446,0.18592062742476867,-0.03692147288162578,0.0
S34,late_gradual,beta_central,0.12594992439717873,0.17504227924011895,-0.8690026577008777,-0.9660983059074718,0.379482354869826,-0.21658252155070842,-1.0438634226727688,0.27488299408990324,0.1883502229253123,-0.2997879950792177,1.6927298428664757,1.8389745774537458,-0.6083466912843126,1.106268400435168,0.0,-0.16757895168880968,-0.35337023639665954,-0.5632384763052636,0.40620962341966627,-1.087140178447281,0.02924506445745227,-0.39900229695265366,-0.06273603581263132,0.18592062742476867,-0.03692147288162578,0.0
S35,baseline,gait,-1.0516762609727472,-0.03362136282676217,-0.8690026577008777,-0.9660983059074718,-0.6959737115628714,-0.3915232162397087,-1.0438634226727688,0.27488299408990324,1.0040947108222136,0.6708866823753058,-0.8340028445208486,-0.8582210921280625,0.49773820195989416,0.936358848131304,0.0,-0.16757895168880968,-0.35337023639665954,-0.5632384763052636,-0.8272204072068484,-0.11820953811993556,1.5684589832706968,0.17318072927008196,-0.5263028029010381,-0.3068018834182583,-0.8280958917736301,0.0
S35,baseline,theta_global,1.1353437975714031,0.1124526894997425,-0.8690026577008777,-0.9660983059074718,1.3013018403835686,-0.2690567628752773,-1.0438634226727688,-0.5530778314820941,-0.13794757223344795,-0.2997879950792177,-1.4085570473376043,-1.656065478961777,0.49773820195989416,-1.3998974960468298,0.0,-0.16757895168880968,-0.35337023639665954,-0.5632384763052636,-0.8272204072068484,-0.11820953811993556,0.7988520238640747,-1.5433683493981252,-1.4534363370778514,1.6640881599538508,0.7542529460103783,0.0
S35,baseline,alpha_global,0.2941822365928804,-0.576542989978722,-0.8690026577008777,-0.9660983059074718,0.5331189357887809,-0.8467011556011017,-1.0438634226727688,2.758765470805896,-0.8993090942705555,-1.1626099305943496,-0.9123511449049517,-0.34252206802532803,-0.6083466912843126,1.106268400435168,0.0,-0.16757895168880968,-0.35337023639665954,-0.5632384763052636,-0.8272204072068484,-1.087140178447281,0.7988520238640747,0.17318072927008196,-0.5263028029010381,0.18592062742476867,-0.03692147288162578,0.0
S35,baseline,beta_global,1.3035761097671048,-2.4680055548269766,-0.8690026577008777,-0.9660983059074718,1.4549384213025234,-2.4324770569281444,-1.0438634226727688,-1.381038657054092,-1.8510109968169397,-1.7558000112610028,-0.3281453398669658,-0.29672455987189345,-1.7144315845285194,-1.7249418569759614,0.0,-0.16757895168880968,-0.35337023639665954,-0.5632384763052636,-0.8272204072068484,-1.087140178447281,-1.5099688543557923,-0.39900229695265366,0.8643974983641817,1.6640881599538508,-1.6192703106656343,0.0
S35,baseline,mu_central,-1.7246055097555684,1.748857423266297,-0.3641599053572222,-0.27682823362134923,-1.464156616157659,1.4344489890761396,0.03302456495388465,1.102843819661901,0.4214200766101414,1.0868901155701018,-0.8340028445208486,-0.24847361378166805,0.49773820195989416,0.936358848131304,0.0,-0.16757895168880968,-0.35337023639665954,1.222930053204031,1.6396396540461808,-0.11820953811993556,1.5684589832706968,-0.9711853231753894,-0.9898695699894446,-0.3068018834182583,-0.03692147288162578,0.0
S35,baseline,beta_central,-0.8834439487770457,1.0977454695166724,-0.8690026577008777,-0.9660983059074718,-0.5423371306439164,0.5569989970111072,-1.0438634226727688,0.27488299408990324,1.0040947108222136,1.9651195856480035,0.006282677098657136,-0.45937727242307574,1.6038230952041006,0.2588445083196455,0.0,-0.16757895168880968,-0.35337023639665954,-0.5632384763052636,1.6396396540461808,-1.087140178447281,0.02924506445745227,0.745363755492818,-1.9170031041662579,1.171365649110824,-0.8280958917736301,0.0
S35,early_abrupt,gait,1.1353437975714031,0.1124526894997425,-0.3641599053572222,-0.27682823362134923,1.1476652594646135,0.31343900078244086,0.03302456495388465,-1.381038657054092,0.5962224668737629,0.6708866823753058,-0.6381320935605905,-0.35449187129270326,-0.6083466912843126,-1.5698070483506938,0.0,-0.16757895168880968,2.543107111116947,1.222930053204031,-0.8272204072068484,-1.087140178447281,-1.5099688543557923,-0.9711853231753894,0.4008307312757749,1.171365649110824,-0.03692147288162578,0.0
S35,early_abrupt,theta_global,-0.5469793243856351,1.8280164397258765,-0.3641599053572222,-0.27682823362134923,-0.3887005497249616,1.5964383606229693,0.03302456495388465,0.27488299408990324,1.0040947108222136,2.2886778114661785,-1.351101627055929,-1.2921763347506832,1.6038230952041006,-0.23176932395776295,0.0,-0.16757895168880968,2.543107111116947,1.222930053204031,0.40620962341966627,-0.11820953811993556,-0.74036189494917,-0.9711853231753894,-0.5263028029010381,0.6786431382677963,-0.03692147288162578,0.0
S35,early_abrupt,alpha_global,1.3035761097671048,-0.0014273224645737802,-0.8690026577008777,-0.9660983059074718,1.4549384213025234,-0.36453218066676607,-1.0438634226727688,-0.5530778314820941,-0.13794757223344795,0.08848187590259203,-1.5978987732658536,-1.4392552923985522,-0.6083466912843126,-0.23176932395776295,0.0,-0.16757895168880968,-0.35337023639665954,-0.5632384763052636,0.40620962341966627,-1.087140178447281,-0.74036189494917,-0.9711853231753894,-0.5263028029010381,1.171365649110824,0.7542529460103783,0.0
S35,early_abrupt,beta_global,-0.042282387798522954,0.6076565462812293,-0.3641599053572222,-0.27682823362134923,0.07220919303190965,0.5719901867475674,0.03302456495388465,0.27488299408990324,0.1883502229253123,0.023770230738956507,-0.596999235858937,-0.34581376392385593,1.6038230952041006,0.2588445083196455,0.0,-0.16757895168880968,-0.35337023639665954,1.222930053204031,0.40620962341966627,-0.11820953811993556,-1.5099688543557923,0.745363755492818,0.4008307312757749,-1.7849694159473408,1.5454273649023829,0.0
S35,early_abrupt,mu_central,0.2941822365928804,-0.43548995871405455,-0.8690026577008777,-0.9660983059074718,0.5331189357887809,-0.7284442564450857,-1.0438634226727688,1.102843819661901,0.4214200766101414,0.25488324918050975,-0.5467257431124704,-0.13091304597709377,0.49773820195989416,0.46910757929567676,0.0,-0.16757895168880968,-0.35337023639665954,-0.5632384763052636,-0.8272204072068484,-0.11820953811993556,-0.74036189494917,0.17318072927008196,0.8643974983641817,-1.2922469051043133,0.7542529460103783,0.0
S35,early_abrupt,beta_central,0.7988791731799926,0.8978224924915567,-0.8690026577008777,-0.9660983059074718,0.9940286785456521,0.389386354297545,-1.0438634226727688,0.27488299408990324,-0.6273942649715883,0.023770230738956507,-0.8340028445208486,-0.4600826358299032,0.49773820195989416,-1.3998974960468298,0.0,-0.16757895168880968,-0.35337023639665954,-0.5632384763052636,0.40620962341966627,0.8507211022074099,-1.5099688543557923,-1.5433683493981252,-0.5263028029010381,1.171365649110824,0.7542529460103783,0.0
S35,late_abrupt,gait,-0.042282387798522954,0.49069062239831657,-0.8690026577008777,-0.9660983059074718,0.2258457739508711,0.04805265821782996,-1.0438634226727688,-0.5530778314820941,0.8409458132428335,0.8650216178662107,1.007182214505573,1.0729071683417528,-0.6083466912843126,0.6602558256375246,0.0,-0.16757895168880968,-0.35337023639665954,-0.5632384763052636,-0.8272204072068484,0.8507211022074099,0.7988520238640747,-1.5433683493981252,-0.5263028029010381,0.6786431382677963,-0.03692147288162578,0.0
S35,late_abrupt,theta_global,-0.5469793243856351,0.7861484778494701,-0.8690026577008777,-0.9660983059074718,-0.23506396880600014,0.29576041397232816,-1.0438634226727688,-0.5530778314820941,0.8409458132428335,0.8650216178662107,1.6927298428664757,1.7806217865252931,-0.6083466912843126,0.2142432508398803,0.0,-0.16757895168880968,-0.35337023639665954,-0.5632384763052636,-0.8272204072068484,1.8196517425347556,0.02924506445745227,-0.9711853231753894,-0.5263028029010381,0.18592062742476867,-0.03692147288162578,0.0
S35,late_abrupt,alpha_global,0.9671114853757015,-0.03362136282676217,-0.8690026577008777,-0.9660983059074718,1.1476652594646135,-0.3915232162397087,-1.0438634226727688,-0.5530778314820941,0.8409458132428335,0.8650216178662107,-1.8394726994501711,-1.9695603264406436,0.49773820195989416,-0.46539495837557654,0.0,-0.16757895168880968,-0.35337023639665954,-0.5632384763052636,-0.8272204072068484,-0.11820953811993556,0.02924506445745227,-0.9711853231753894,-0.06273603581263132,-0.3068018834182583,1.5454273649023829,0.0
S35,late_abrupt,beta_global,0.2941822365928804,-0.5765429899787229,-0.8690026577008777,-0.9660983059074718,0.5331189357887809,-0.8467011556011025,-1.0438634226727688,0.27488299408990324,0.1883502229253123,0.023770230738956507,-0.9776413952250377,-0.7265532561869388,0.49773820195989416,-0.9326462272112032,0.0,-0.16757895168880968,-0.35337023639665954,-0.5632384763052636,-0.8272204072068484,0.8507211022074099,-1.5099688543557923,-0.39900229695265366,-0.06273603581263132,1.6640881599538508,-1.6192703106656343,0.0
S35,late_abrupt,mu_central,0.9671114853757015,-0.1642934945477702,-0.8690026577008777,-0.9660983059074718,1.1476652594646135,-0.5010769136319866,-1.0438634226727688,-1.381038657054092,-0.6273942649715883,-0.2997879950792177,-1.1212799459292262,-0.8064944422940502,0.49773820195989416,-1.3998974960468298,0.0,-0.16757895168880968,-0.35337023639665954,-0.5632384763052636,-0.8272204072068484,0.8507211022074099,-1.5099688543557923,-0.9711853231753894,0.4008307312757749,0.18592062742476867,0.7542529460103783,0.0
S35,late_abrupt,beta_central,0.2941822365928804,1.028002988079147,-0.8690026577008777,-0.9660983059074718,0.5331189357887809,0.4985278707949512,-1.0438634226727688,-0.5530778314820941,0.8409458132428335,1.6415613598298293,0.7603850682956491,0.6367574617867802,1.6038230952041006,-0.23176932395776295,0.0,-0.16757895168880968,-0.35337023639665954,-0.5632384763052636,0.40620962341966627,-0.11820953811993556,0.02924506445745227,-0.9711853231753894,-0.5263028029010381,-0.3068018834182583,1.5454273649023829,0.0
S35,early_gradual,gait,-1.388140885364158,0.982617486086736,2.16005385636105,1.3154295441395834,-1.9250663589145303,2.459623787604796,2.1868005402071917,0.27488299408990324,1.0040947108222136,1.9651195856480035,-0.6903642938166595,-0.7892522256827127,0.49773820195989416,0.0018563104600506516,0.0,-0.16757895168880968,5.439584458630554,4.795267112222621,2.873069684672696,-0.11820953811993556,-0.74036189494917,-0.39900229695265366,0.8643974983641817,-0.799524394261286,-0.8280958917736301,0.0
S35,early_gradual,theta_global,-0.5469793243856351,1.326614573557702,-0.3641599053572222,-0.27682823362134923,-0.3887005497249616,1.123378033272843,0.03302456495388465,-0.5530778314820941,0.8409458132428335,1.6415613598298293,1.176936865337797,0.6716337635688036,0.49773820195989416,-0.9326462272112032,0.0,-0.16757895168880968,-0.35337023639665954,3.009098582713326,0.40620962341966627,-1.087140178447281,-1.5099688543557923,1.3175467817155535,-0.9898695699894446,0.18592062742476867,-0.03692147288162578,0.0
S35,early_gradual,alpha_global,-0.715211636581344,-0.13133432718029953,-0.8690026577008777,-0.9660983059074718,-0.3887005497249616,-0.4734444062218636,-1.0438634226727688,0.27488299408990324,0.1883502229253123,0.6708866823753058,0.5958536374890323,1.375144700842969,-0.6083466912843126,1.106268400435168,0.0,-0.16757895168880968,-0.35337023639665954,-0.5632384763052636,-0.8272204072068484,0.8507211022074099,0.02924506445745227,-0.9711853231753894,1.3279642654525885,-0.799524394261286,-0.8280958917736301,0.0
S35,early_gradual,beta_global,-0.042282387798522954,0.1255483170752697,-0.8690026577008777,-0.9660983059074718,0.2258457739508711,-0.25807757089550315,-1.0438634226727688,-0.5530778314820941,0.8409458132428335,1.2532914888480196,0.0278284597042854,0.27036035879585535,0.49773820195989416,0.0018563104600506516,0.0,-0.16757895168880968,-0.35337023639665954,-0.5632384763052636,-0.8272204072068484,0.8507211022074099,-0.74036189494917,0.17318072927008196,-0.5263028029010381,0.18592062742476867,-0.03692147288162578,0.0
S35,early_gradual,mu_central,-0.2105146999942318,1.4297444046890246,-0.8690026577008777,-0.9660983059074718,0.07220919303190965,0.8353422856633955,-1.0438634226727688,-0.5530778314820941,-1.1168409577097287,0.4767517468844009,-0.9123511449049517,-0.8736820880150884,-0.6083466912843126,0.2142432508398803,0.0,-0.16757895168880968,-0.35337023639665954,1.222930053204031,0.40620962341966627,-1.087140178447281,-0.74036189494917,-0.39900229695265366,-0.5263028029010381,0.6786431382677963,-0.03692147288162578,0.0
S35,early_gradual,beta_central,0.46241454878858923,0.7295761374165657,-0.8690026577008777,-0.9660983059074718,0.6867555167077424,0.24833095075830655,-1.0438634226727688,1.9308046452338978,-1.239202630894264,-0.7851253338064794,0.45874411181685204,0.7033394924615533,-0.6083466912843126,0.6602558256375246,0.0,-0.16757895168880968,-0.35337023639665954,-0.5632384763052636,0.40620962341966627,-0.11820953811993556,-0.74036189494917,-0.39900229695265366,-0.9898695699894446,0.6786431382677963,0.7542529460103783,0.0
S35,late_gradual,gait,1.6400407341585153,-0.8208161586766182,-0.8690026577008777,-0.9660983059074718,1.7622115831404397,-1.0514963820363634,-1.0438634226727688,-1.381038657054092,1.8198391987191143,0.18554934364804404,-0.36391304221623005,-0.22282403535157946,-0.6083466912843126,-1.12379447355305,0.0,-0.16757895168880968,-0.35337023639665954,-0.5632384763052636,-0.8272204072068484,-0.11820953811993556,-0.74036189494917,-1.5433683493981252,-0.5263028029010381,2.1568106707968786,-0.03692147288162578,0.0
S35,late_gradual,theta_global,-0.8834439487770457,2.2825604591993747,-0.8690026577008777,-0.9660983059074718,-0.5423371306439164,1.5503314018322474,-1.0438634226727688,1.9308046452338978,-0.6273942649715883,1.6415613598298293,-0.9123511449049517,-1.162453591840508,-0.6083466912843126,0.2142432508398803,0.0,-0.16757895168880968,-0.35337023639665954,-0.5632384763052636,2.873069684672696,-0.11820953811993556,-0.74036189494917,-0.9711853231753894,-0.9898695699894446,0.18592062742476867,0.7542529460103783,0.0
S35,late_gradual,alpha_global,-0.042282387798522954,0.4906906223983156,-0.8690026577008777,-0.9660983059074718,0.2258457739508711,0.048052658217829204,-1.0438634226727688,1.102843819661901,1.1206296376646276,1.0868901155701018,-1.4085570473376043,-1.138798980621648,0.49773820195989416,0.0018563104600506516,0.0,-0.16757895168880968,-0.35337023639665954,-0.5632384763052636,0.40620962341966627,-0.11820953811993556,0.02924506445745227,-2.115551375620861,1.3279642654525885,-0.3068018834182583,-0.03692147288162578,0.0
S35,late_gradual,beta_global,0.2941822365928804,-0.576542989978722,-0.8690026577008777,-0.9660983059074718,0.5331189357887809,-0.8467011556011017,-1.0438634226727688,1.102843819661901,1.1206296376646276,0.25488324918050975,-0.1158100909999037,-0.21085423208420423,0.49773820195989416,0.0018563104600506516,0.0,-0.16757895168880968,-0.35337023639665954,-0.5632384763052636,-0.8272204072068484,-1.087140178447281,0.02924506445745227,1.3175467817155535,-0.5263028029010381,-0.799524394261286,0.7542529460103783,0.0
S35,late_gradual,mu_central,-0.042282387798522954,-0.0014273224645737802,-0.8690026577008777,-0.9660983059074718,0.2258457739508711,-0.36453218066676607,-1.0438634226727688,-0.5530778314820941,0.8409458132428335,0.4767517468844009,-1.2649184966334153,-1.5996364064155812,0.49773820195989416,-0.46539495837557654,0.0,-0.16757895168880968,-0.35337023639665954,-0.5632384763052636,-0.8272204072068484,-0.11820953811993556,0.02924506445745227,0.17318072927008196,0.8643974983641817,-2.2776919267903684,1.5454273649023829,0.0
S35,late_gradual,beta_central,0.2941822365928804,0.6939614350582761,-0.8690026577008777,-0.9660983059074718,0.5331189357887809,0.2184720797543002,-1.0438634226727688,-1.381038657054092,0.5962224668737629,-0.2997879950792177,2.819412466868305,2.9663478960603045,-1.7144315845285194,-0.8717004095369909,0.0,-0.16757895168880968,-0.35337023639665954,-0.5632384763052636,-0.8272204072068484,0.8507211022074099,0.02924506445745227,0.17318072927008196,-2.380569871254665,1.171365649110824,0.7542529460103783,0.0
S36,baseline,gait,-0.042282387798522954,-0.6849724475468161,-0.8690026577008777,-0.9660983059074718,0.2258457739508711,-0.9376069044120708,-1.0438634226727688,0.27488299408990324,-0.6273942649715883,-0.6233462208973923,-0.36391304221623005,-0.36646167456007755,-0.6083466912843126,-0.23176932395776295,0.0,-0.16757895168880968,-0.35337023639665954,-0.5632384763052636,-0.8272204072068484,-1.087140178447281,0.7988520238640747,0.17318072927008196,0.4008307312757749,-0.799524394261286,-0.03692147288162578,0.0
S36,baseline,theta_global,-0.2105146999942318,0.6724960117007249,-0.8690026577008777,-0.9660983059074718,0.07220919303190965,0.20047576742711534,-1.0438634226727688,1.102843819661901,-0.9769990454988318,-0.02245237294935397,1.6078525174503635,1.6669799043142037,0.49773820195989416,-0.46539495837557654,0.0,-0.16757895168880968,-0.35337023639665954,-0.5632384763052636,1.6396396540461808,-1.087140178447281,-0.74036189494917,-0.9711853231753894,0.4008307312757749,0.6786431382677963,-0.8280958917736301,0.0
S36,baseline,alpha_global,0.9671114853757015,-0.43548995871405455,-0.8690026577008777,-0.9660983059074718,1.1476652594646135,-0.7284442564450857,-1.0438634226727688,0.27488299408990324,-0.6273942649715883,-0.6233462208973923,-1.2649184966334153,-1.014968515867496,0.49773820195989416,0.0018563104600506516,0.0,-0.16757895168880968,-0.35337023639665954,-0.5632384763052636,-0.8272204072068484,-0.11820953811993556,-0.74036189494917,-0.39900229695265366,-0.06273603581263132,0.18592062742476867,0.7542529460103783,0.0
S36,baseline,beta_global,0.9671114853757015,-0.1642934945477693,-0.8690026577008777,-0.9660983059074718,1.1476652594646135,-0.5010769136319859,-1.0438634226727688,-0.5530778314820941,-2.09573434318601,-1.4645976080246461,-0.45929358181426866,-0.5944083628692167,-1.7144315845285194,-0.8717004095369909,0.0,-0.16757895168880968,-0.35337023639665954,-0.5632384763052636,-0.8272204072068484,-0.11820953811993556,0.02924506445745227,-0.39900229695265366,-1.9170031041662579,2.1568106707968786,-0.03692147288162578,0.0
S36,baseline,mu_central,0.2941822365928804,0.09406847737828802,-0.3641599053572222,-0.27682823362134923,0.379482354869826,0.18442743283296903,0.03302456495388465,-1.381038657054092,0.5962224668737629,0.6708866823753058,-0.9776413952250377,-0.7782799060209521,0.49773820195989416,-1.3998974960468298,0.0,-0.16757895168880968,-0.35337023639665954,1.222930053204031,0.40620962341966627,-0.11820953811993556,-1.5099688543557923,-0.9711853231753894,1.3279642654525885,-0.3068018834182583,-0.03692147288162578,0.0
S36,baseline,beta_central,-1.5563731975598596,1.2219326839446119,-0.8690026577008777,-0.9660983059074718,-1.1568834543197426,0.6611158299596672,-1.0438634226727688,-0.5530778314820941,1.8198391987191143,2.029831230811639,0.8700726888333928,0.8020903694173961,-0.6083466912843126,-0.23176932395776295,0.0,-0.16757895168880968,-0.35337023639665954,-0.5632384763052636,1.6396396540461808,-0.11820953811993556,0.02924506445745227,-0.39900229695265366,-0.06273603581263132,-0.3068018834182583,-0.8280958917736301,0.0
S36,early_abrupt,gait,0.9671114853757015,0.693961435058277,-0.3641599053572222,-0.27682823362134923,0.9940286785456521,0.6611158299596672,0.03302456495388465,0.27488299408990324,0.1883502229253123,0.023770230738956507,0.31510556111266297,0.6732012378061984,0.49773820195989416,-0.9326462272112032,0.0,-0.16757895168880968,-0.35337023639665954,1.222930053204031,0.40620962341966627,-1.087140178447281,0.7988520238640747,-1.5433683493981252,-0.9898695699894446,0.6786431382677963,1.5454273649023829,0.0
S36,early_abrupt,theta_global,1.1353437975714031,-0.27843534912423273,-0.8690026577008777,-0.9660983059074718,1.3013018403835686,-0.5967718566268808,-1.0438634226727688,-1.381038657054092,-0.6273942649715883,0.18554934364804404,-0.08969399087186956,-0.32007868689899993,-0.6083466912843126,-1.5698070483506938,0.0,-0.16757895168880968,-0.35337023639665954,-0.5632384763052636,0.40620962341966627,-1.087140178447281,-0.74036189494917,-1.5433683493981252,0.4008307312757749,1.171365649110824,-0.03692147288162578,0.0
S36,early_abrupt,alpha_global,0.46241454878858923,1.3783691899544857,-0.3641599053572222,-0.27682823362134923,0.5331189357887809,1.1844634177230393,0.03302456495388465,1.102843819661901,-1.6762086065533182,-0.02245237294935397,-0.5467257431124704,-0.30960510904004707,0.49773820195989416,-0.46539495837557654,0.0,-0.16757895168880968,-0.35337023639665954,3.009098582713326,0.40620962341966627,-1.087140178447281,-1.5099688543557923,-0.9711853231753894,0.8643974983641817,-0.799524394261286,1.5454273649023829,0.0
S36,early_abrupt,beta_global,0.2941822365928804,-0.033621362826761265,-0.8690026577008777,-0.9660983059074718,0.5331189357887809,-0.3915232162397079,-1.0438634226727688,1.9308046452338978,0.5962224668737629,-0.057119325715586824,-0.1158100909999037,-0.2782556242921601,0.49773820195989416,0.936358848131304,0.0,-0.16757895168880968,-0.35337023639665954,-0.5632384763052636,0.40620962341966627,-1.087140178447281,0.02924506445745227,-0.9711853231753894,-0.06273603581263132,1.171365649110824,-0.8280958917736301,0.0
S36,early_abrupt,mu_central,-0.042282387798522954,0.4906906223983156,-0.8690026577008777,-0.9660983059074718,0.2258457739508711,0.048052658217829204,-1.0438634226727688,0.27488299408990324,1.0040947108222136,0.6708866823753058,-0.22680351654404982,-0.5250615678527947,-0.6083466912843126,0.6602558256375246,0.0,-0.16757895168880968,-0.35337023639665954,-0.5632384763052636,0.40620962341966627,-0.11820953811993556,-0.74036189494917,-0.9711853231753894,1.3279642654525885,-1.2922469051043133,0.7542529460103783,0.0
S36,early_abrupt,beta_central,-0.2105146999942318,0.4388091914688967,-0.8690026577008777,-0.9660983059074718,0.07220919303190965,0.004555988274040761,-1.0438634226727688,1.9308046452338978,-1.239202630894264,-0.5424566644428486,-0.8986401923377334,-0.6338371550450642,1.6038230952041006,0.2588445083196455,0.0,-0.16757895168880968,-0.35337023639665954,-0.5632384763052636,0.40620962341966627,-1.087140178447281,0.02924506445745227,0.745363755492818,-0.5263028029010381,-0.799524394261286,0.7542529460103783,0.0
S36,late_abrupt,gait,0.6306468609842909,0.5299260444761584,-0.8690026577008777,-0.9660983059074718,0.8403920976266972,0.08094709026514264,-1.0438634226727688,-0.5530778314820941,0.8409458132428335,0.8650216178662107,-0.9776413952250377,-0.781414854495741,0.49773820195989416,-0.46539495837557654,0.0,-0.16757895168880968,-0.35337023639665954,-0.5632384763052636,-0.8272204072068484,-0.11820953811993556,0.7988520238640747,-0.39900229695265366,-0.9898695699894446,-0.799524394261286,2.3366017837943867,0.0
S36,late_abrupt,theta_global,0.6306468609842909,0.4114553955599121,-0.8690026577008777,-0.9660983059074718,0.8403920976266972,-0.018377053684294757,-1.0438634226727688,0.27488299408990324,-0.6273942649715883,-1.2704626725337411,-0.45929358181426866,-0.3596961335828659,-1.7144315845285194,-0.018458962098020476,0.0,-0.16757895168880968,-0.35337023639665954,-0.5632384763052636,0.40620962341966627,-1.087140178447281,-0.74036189494917,0.745363755492818,-0.9898695699894446,-0.3068018834182583,1.5454273649023829,0.0
S36,late_abrupt,alpha_global,1.4718084219628136,-1.4687378367176191,-0.8690026577008777,-0.9660983059074718,1.6085750022214849,-1.5947049033571266,-1.0438634226727688,0.27488299408990324,-0.6273942649715883,-1.2704626725337411,-0.7752416192327715,-1.0427555591667588,-0.6083466912843126,-1.12379447355305,0.0,-0.16757895168880968,-0.35337023639665954,-0.5632384763052636,-0.8272204072068484,-1.087140178447281,-1.5099688543557923,0.745363755492818,-0.06273603581263132,0.18592062742476867,0.7542529460103783,0.0
S36,late_abrupt,beta_global,1.4718084219628136,-1.1347670501672495,-0.8690026577008777,-0.9660983059074718,1.6085750022214849,-1.3147084419408777,-1.0438634226727688,-1.381038657054092,-0.6273942649715883,-0.2997879950792177,-1.4607892475936732,-1.4766609276090987,-0.6083466912843126,-1.5698070483506938,0.0,-0.16757895168880968,-0.35337023639665954,-0.5632384763052636,-0.8272204072068484,-1.087140178447281,0.02924506445745227,-0.9711853231753894,-0.5263028029010381,1.6640881599538508,-0.03692147288162578,0.0
S36,late_abrupt,mu_central,-0.042282387798522954,1.1623401714934114,0.1406828469864306,0.41244183866477335,-0.08142738788704525,1.4490467121376662,0.03302456495388465,-0.5530778314820941,-0.13794757223344795,0.4767517468844009,0.31510556111266297,0.124585254718183,0.49773820195989416,-0.9326462272112032,0.0,-0.16757895168880968,2.543107111116947,1.222930053204031,0.40620962341966627,-0.11820953811993556,0.7988520238640747,-1.5433683493981252,-0.06273603581263132,-0.799524394261286,1.5454273649023829,0.0
S36,late_abrupt,beta_central,1.3035761097671048,-0.8333563531265659,-0.8690026577008777,-0.9660983059074718,1.4549384213025234,-1.062009906610548,-1.0438634226727688,-2.2089994826260893,0.1883502229253123,-0.9469044467155665,0.1845250604724916,0.1602096692044176,-0.6083466912843126,-1.5698070483506938,0.0,-0.16757895168880968,-0.35337023639665954,-0.5632384763052636,-0.8272204072068484,-1.087140178447281,-0.74036189494917,0.745363755492818,-0.5263028029010381,-0.3068018834182583,1.5454273649023829,0.0
S36,early_gradual,gait,0.2941822365928804,-1.8919038332008238,-0.8690026577008777,-0.9660983059074718,0.5331189357887809,-1.9494813879437753,-1.0438634226727688,0.27488299408990324,-1.4431387528684894,-1.5940208983519157,-0.7752416192327715,-0.6567294037939184,-0.6083466912843126,-1.12379447355305,0.0,-0.16757895168880968,-0.35337023639665954,-0.5632384763052636,-0.8272204072068484,-1.087140178447281,-1.5099688543557923,1.3175467817155535,1.3279642654525885,-0.799524394261286,-0.8280958917736301,0.0
S36,early_gradual,theta_global,-0.2105146999942318,0.7861484778494701,0.1406828469864306,0.41244183866477335,-0.23506396880600014,1.169248019285244,0.03302456495388465,-0.5530778314820941,0.8409458132428335,2.029831230811639,-0.6903642938166595,-0.8644909890776403,0.49773820195989416,0.936358848131304,0.0,-0.16757895168880968,2.543107111116947,1.222930053204031,0.40620962341966627,0.8507211022074099,-1.5099688543557923,-0.39900229695265366,-0.06273603581263132,0.18592062742476867,-0.03692147288162578,0.0
S36,early_gradual,alpha_global,0.7988791731799926,-0.3236444986995783,-0.8690026577008777,-0.9660983059074718,0.9940286785456521,-0.634674578704716,-1.0438634226727688,-3.0369603081980867,-3.074627728662291,-2.2411373499882647,0.31510556111266297,0.1073430381068446,0.49773820195989416,-3.2689025713893365,0.0,-0.16757895168880968,-0.35337023639665954,-0.5632384763052636,-0.8272204072068484,-0.11820953811993556,-0.74036189494917,0.745363755492818,-1.9170031041662579,1.6640881599538508,-0.03692147288162578,0.0
S36,early_gradual,beta_global,0.9671114853757015,0.09406847737828802,-0.8690026577008777,-0.9660983059074718,1.1476652594646135,-0.284469830566324,-1.0438634226727688,0.27488299408990324,-0.6273942649715883,-0.2997879950792177,1.4185107915221151,1.2479655411271102,-0.6083466912843126,0.2142432508398803,0.0,-0.16757895168880968,-0.35337023639665954,-0.5632384763052636,-0.8272204072068484,0.8507211022074099,-0.74036189494917,-1.5433683493981252,-0.06273603581263132,0.6786431382677963,0.7542529460103783,0.0
S36,early_gradual,mu_central,1.3035761097671048,-1.6575637626933417,-0.8690026577008777,-0.9660983059074718,1.4549384213025234,-1.75301393284727,-1.0438634226727688,-1.381038657054092,-0.6273942649715883,-0.2997879950792177,0.047415534800310674,0.2006077552318076,-0.6083466912843126,-2.0158196231483374,0.0,-0.16757895168880968,-0.35337023639665954,-0.5632384763052636,-0.8272204072068484,-1.087140178447281,0.02924506445745227,-2.115551375620861,1.3279642654525885,1.171365649110824,-0.8280958917736301,0.0
S36,early_gradual,beta_central,-0.37874701218993345,0.5005230193665047,-0.8690026577008777,-0.9660983059074718,-0.08142738788704525,0.056296003052775025,-1.0438634226727688,-0.5530778314820941,0.8409458132428335,0.4767517468844009,0.6023826625210406,0.2797652042202211,0.49773820195989416,-0.46539495837557654,0.0,-0.16757895168880968,-0.35337023639665954,-0.5632384763052636,-0.8272204072068484,0.8507211022074099,0.7988520238640747,-0.9711853231753894,-0.5263028029010381,0.18592062742476867,-0.03692147288162578,0.0
S36,late_gradual,gait,-0.8834439487770457,0.049173344831577995,-0.8690026577008777,-0.9660983059074718,-0.5423371306439164,-0.32210928513579246,-1.0438634226727688,1.102843819661901,-0.2777894844443453,-0.02245237294935397,0.17146701040847384,0.16063716217825189,0.49773820195989416,1.4036101169669302,0.0,-0.16757895168880968,-0.35337023639665954,-0.5632384763052636,-0.8272204072068484,0.8507211022074099,0.02924506445745227,0.17318072927008196,-0.06273603581263132,-0.3068018834182583,-0.8280958917736301,0.0
S36,late_gradual,theta_global,0.2941822365928804,0.2189713509119417,-0.8690026577008777,-0.9660983059074718,0.5331189357887809,-0.17975299897940988,-1.0438634226727688,0.27488299408990324,0.1883502229253123,-0.2997879950792177,-0.1158100909999037,-0.6152625853319413,0.49773820195989416,-0.46539495837557654,0.0,-0.16757895168880968,-0.35337023639665954,-0.5632384763052636,0.40620962341966627,-1.087140178447281,-0.74036189494917,1.3175467817155535,-1.9170031041662579,1.171365649110824,-0.03692147288162578,0.0
S36,late_gradual,alpha_global,-0.37874701218993345,2.1617513342850327,-0.8690026577008777,-0.9660983059074718,-0.08142738788704525,1.4490467121376662,-1.0438634226727688,0.27488299408990324,0.1883502229253123,1.3180031340116551,-0.596999235858937,-0.8856518912824637,1.6038230952041006,0.7494583405970529,0.0,-0.16757895168880968,-0.35337023639665954,1.222930053204031,0.40620962341966627,-0.11820953811993556,0.02924506445745227,-1.5433683493981252,-0.9898695699894446,0.6786431382677963,0.7542529460103783,0.0
S36,late_gradual,beta_global,0.12594992439717873,0.8793432054885305,-0.8690026577008777,-0.9660983059074718,0.379482354869826,0.37389357714842075,-1.0438634226727688,1.102843819661901,-1.6762086065533182,-0.8544592393389455,0.45874411181685204,-0.09642861275441791,0.49773820195989416,0.46910757929567676,0.0,-0.16757895168880968,-0.35337023639665954,1.222930053204031,-0.8272204072068484,-0.11820953811993556,-1.5099688543557923,0.17318072927008196,-0.5263028029010381,0.6786431382677963,-0.03692147288162578,0.0
S36,late_gradual,mu_central,-0.042282387798522954,1.773304193613444,-0.8690026577008777,-0.9660983059074718,0.2258457739508711,1.123378033272843,-1.0438634226727688,0.27488299408990324,1.0040947108222136,1.3180031340116551,-1.6527425835347254,-1.3497810129749248,1.6038230952041006,1.2400721728744613,0.0,-0.16757895168880968,-0.35337023639665954,-0.5632384763052636,0.40620962341966627,0.8507211022074099,0.02924506445745227,-0.39900229695265366,-1.9170031041662579,-0.3068018834182583,2.3366017837943867,0.0
S36,late_gradual,beta_central,0.9671114853757015,0.09406847737828802,-0.8690026577008777,-0.9660983059074718,1.1476652594646135,-0.284469830566324,-1.0438634226727688,-1.381038657054092,-0.6273942649715883,0.18554934364804404,-0.7752416192327715,-1.2312799606279137,-0.6083466912843126,-1.12379447355305,0.0,-0.16757895168880968,-0.35337023639665954,-0.5632384763052636,0.40620962341966627,-1.087140178447281,-0.74036189494917,-0.39900229695265366,-0.5263028029010381,0.6786431382677963,0.7542529460103783,0.0
S37,baseline,gait,-0.37874701218993345,1.5837620343411878,0.1406828469864306,0.41244183866477335,-0.3887005497249616,1.894016386896337,0.03302456495388465,0.27488299408990324,1.0040947108222136,0.6708866823753058,-0.2594486417040928,-0.06664660224392585,0.49773820195989416,0.46910757929567676,0.0,5.963358305218869,2.543107111116947,1.222930053204031,-0.8272204072068484,-0.11820953811993556,1.5684589832706968,-2.115551375620861,-0.9898695699894446,1.171365649110824,-0.03692147288162578,0.0
S37,baseline,theta_global,0.46241454878858923,0.4980663991259784,-0.8690026577008777,-0.9660983059074718,0.6867555167077424,0.05423640681833865,-1.0438634226727688,-0.5530778314820941,-0.13794757223344795,0.4767517468844009,-1.0494606705771319,-0.9728818325934584,1.6038230952041006,-0.7223831562351708,0.0,-0.16757895168880968,-0.35337023639665954,-0.5632384763052636,0.40620962341966627,-0.11820953811993556,-0.74036189494917,-0.9711853231753894,-0.5263028029010381,1.171365649110824,-0.03692147288162578,0.0
S37,baseline,alpha_global,0.2941822365928804,-0.29816718369027273,-0.8690026577008777,-0.9660983059074718,0.5331189357887809,-0.6133147522280468,-1.0438634226727688,-0.5530778314820941,-0.13794757223344795,0.8650216178662107,0.6023826625210406,0.6277444849217629,0.49773820195989416,-0.46539495837557654,0.0,-0.16757895168880968,-0.35337023639665954,-0.5632384763052636,0.40620962341966627,-1.087140178447281,-0.74036189494917,-0.39900229695265366,0.4008307312757749,0.6786431382677963,-0.8280958917736301,0.0
S37,baseline,beta_global,0.12594992439717873,-0.3463941342057909,-0.8690026577008777,-0.9660983059074718,0.379482354869826,-0.6537475566320483,-1.0438634226727688,0.27488299408990324,-0.6273942649715883,-1.2704626725337411,-0.06584885597236008,-0.06344350271533734,-1.7144315845285194,-0.4450796858175054,0.0,-0.16757895168880968,-0.35337023639665954,-0.5632384763052636,-0.8272204072068484,-1.087140178447281,0.7988520238640747,0.745363755492818,-0.5263028029010381,-0.799524394261286,0.7542529460103783,0.0
S37,baseline,mu_central,-0.5469793243856351,1.115626479163321,-0.8690026577008777,-0.9660983059074718,-0.23506396880600014,0.5719901867475674,-1.0438634226727688,0.27488299408990324,0.1883502229253123,0.99444490819348,1.007182214505573,0.9995921233290818,-0.6083466912843126,1.106268400435168,0.0,-0.16757895168880968,-0.35337023639665954,1.222930053204031,-0.8272204072068484,-0.11820953811993556,-0.74036189494917,0.17318072927008196,0.4008307312757749,-1.2922469051043133,0.7542529460103783,0.0
S37,baseline,beta_central,0.12594992439717873,0.049173344831577995,-0.8690026577008777,-0.9660983059074718,0.379482354869826,-0.32210928513579246,-1.0438634226727688,-0.5530778314820941,-0.13794757223344795,0.4767517468844009,0.1845250604724916,-0.06572036746728378,-0.6083466912843126,-0.23176932395776295,0.0,-0.16757895168880968,-0.35337023639665954,-0.5632384763052636,-0.8272204072068484,-0.11820953811993556,0.02924506445745227,0.17318072927008196,0.4008307312757749,-1.7849694159473408,1.5454273649023829,0.0
S37,early_abrupt,gait,0.46241454878858923,-0.9767616629907088,-0.8690026577008777,-0.9660983059074718,0.6867555167077424,-1.1822389234206898,-1.0438634226727688,1.102843819661901,-0.2777894844443453,-0.8544592393389455,1.114485321553367,1.0314031765777023,-1.7144315845285194,-0.018458962098020476,0.0,-0.16757895168880968,-0.35337023639665954,-0.5632384763052636,-0.8272204072068484,-1.087140178447281,0.02924506445745227,0.745363755492818,-0.9898695699894446,1.171365649110824,-0.8280958917736301,0.0
S37,early_abrupt,theta_global,-0.2105146999942318,0.6724960117007258,-0.8690026577008777,-0.9660983059074718,0.07220919303190965,0.2004757674271161,-1.0438634226727688,-0.5530778314820941,-1.1168409577097287,-0.688057866061027,1.2456335635006692,1.234629619008568,-1.7144315845285194,-0.4450796858175054,0.0,-0.16757895168880968,-0.35337023639665954,1.222930053204031,-0.8272204072068484,-1.087140178447281,-0.74036189494917,1.3175467817155535,-0.9898695699894446,0.18592062742476867,-0.03692147288162578,0.0
S37,early_abrupt,alpha_global,0.46241454878858923,-0.39218982717722795,-0.8690026577008777,-0.9660983059074718,0.6867555167077424,-0.6921420285334804,-1.0438634226727688,1.102843819661901,-0.2777894844443453,-0.5771236172090815,-0.2594486417040928,0.3393292252412061,0.49773820195989416,1.4036101169669302,0.0,-0.16757895168880968,-0.35337023639665954,-0.5632384763052636,-0.8272204072068484,-0.11820953811993556,0.02924506445745227,-0.9711853231753894,0.4008307312757749,0.18592062742476867,-0.03692147288162578,0.0
S37,early_abrupt,beta_global,1.4718084219628136,-0.8239481397226163,-0.8690026577008777,-0.9660983059074718,1.6085750022214849,-1.0541221913748398,-1.0438634226727688,-0.5530778314820941,-0.13794757223344795,-0.2997879950792177,-0.1158100909999037,-0.4491103161681426,0.49773820195989416,-0.9326462272112032,0.0,-0.16757895168880968,-0.35337023639665954,-0.5632384763052636,-0.8272204072068484,-0.11820953811993556,-0.74036189494917,-1.5433683493981252,-0.06273603581263132,1.6640881599538508,-0.03692147288162578,0.0
S37,early_abrupt,mu_central,1.1353437975714031,-0.41523848781367556,-0.8690026577008777,-0.9660983059074718,1.3013018403835686,-0.71146570497012,-1.0438634226727688,-2.2089994826260893,0.1883502229253123,0.34732845655713157,-0.1158100909999037,-0.26258088191821755,0.49773820195989416,-2.334400033718083,0.0,-0.16757895168880968,-0.35337023639665954,-0.5632384763052636,0.40620962341966627,-1.087140178447281,-1.5099688543557923,-0.39900229695265366,-0.06273603581263132,1.171365649110824,-0.03692147288162578,0.0
S37,early_abrupt,beta_central,0.7988791731799926,-0.8997377677097536,-0.8690026577008777,-0.9660983059074718,0.9940286785456521,-1.117663161133438,-1.0438634226727688,-1.381038657054092,0.5962224668737629,0.18554934364804404,2.18240672026712,1.9021010399233542,0.49773820195989416,-0.9326462272112032,0.0,-0.16757895168880968,-0.35337023639665954,-0.5632384763052636,-0.8272204072068484,-1.087140178447281,0.02924506445745227,0.17318072927008196,-0.5263028029010381,0.6786431382677963,-0.03692147288162578,0.0
S37,late_abrupt,gait,-0.37874701218993345,0.8445523858090538,-0.3641599053572222,-0.27682823362134923,-0.23506396880600014,0.8353422856633963,0.03302456495388465,-0.5530778314820941,-0.13794757223344795,-0.2997879950792177,2.469683821675497,2.3535336202929207,0.49773820195989416,-0.9326462272112032,0.0,-0.16757895168880968,2.543107111116947,1.222930053204031,-0.8272204072068484,-1.087140178447281,0.02924506445745227,0.17318072927008196,0.4008307312757749,-1.2922469051043133,0.7542529460103783,0.0
S37,late_abrupt,theta_global,0.7988791731799926,-0.7493352792367604,-0.8690026577008777,-0.9660983059074718,0.9940286785456521,-0.9915678071187393,-1.0438634226727688,-0.5530778314820941,-0.13794757223344795,-0.688057866061027,0.32163458614467183,0.5252886688593519,-0.6083466912843126,-1.5698070483506938,0.0,-0.16757895168880968,-0.35337023639665954,-0.5632384763052636,-0.8272204072068484,-0.11820953811993556,-1.5099688543557923,0.745363755492818,-0.5263028029010381,0.6786431382677963,-0.03692147288162578,0.0
S37,late_abrupt,alpha_global,1.976505358549926,-1.843875285016358,-0.8690026577008777,-0.9660983059074718,2.069484744978356,-1.9092149212940583,-1.0438634226727688,0.27488299408990324,-0.6273942649715883,-1.2704626725337411,-0.9123511449049517,-0.8422613544382298,-0.6083466912843126,-1.12379447355305,0.0,-0.16757895168880968,-0.35337023639665954,-0.5632384763052636,-0.8272204072068484,-1.087140178447281,-1.5099688543557923,-0.39900229695265366,0.4008307312757749,0.6786431382677963,0.7542529460103783,0.0
S37,late_abrupt,beta_global,1.1353437975714031,-1.0027212010049447,-0.8690026577008777,-0.9660983059074718,1.3013018403835686,-1.2040030389562577,-1.0438634226727688,-1.381038657054092,-0.6273942649715883,-1.2704626725337411,-1.2461830334980866,-1.4430934358375476,-1.7144315845285194,-0.8717004095369909,0.0,-0.16757895168880968,-0.35337023639665954,-0.5632384763052636,-0.8272204072068484,-1.087140178447281,-0.74036189494917,0.17318072927008196,0.8643974983641817,-1.2922469051043133,1.5454273649023829,0.0
S37,late_abrupt,mu_central,0.46241454878858923,-0.8239481397226172,-0.8690026577008777,-0.9660983059074718,0.6867555167077424,-1.0541221913748404,-1.0438634226727688,0.27488299408990324,0.1883502229253123,0.34732845655713157,0.0278284597042854,-0.09486113851702394,0.49773820195989416,-0.46539495837557654,0.0,-0.16757895168880968,-0.35337023639665954,-0.5632384763052636,-0.8272204072068484,-1.087140178447281,0.7988520238640747,-0.9711853231753894,0.8643974983641817,-0.3068018834182583,-0.03692147288162578,0.0
S37,late_abrupt,beta_central,0.9671114853757015,0.9185493590202773,-0.8690026577008777,-0.9660983059074718,1.1476652594646135,0.40676347085385606,-1.0438634226727688,-0.5530778314820941,-0.13794757223344795,-0.2997879950792177,-0.14453780114074138,-0.10551996333130559,1.6038230952041006,-1.2129969885125789,0.0,-0.16757895168880968,-0.35337023639665954,-0.5632384763052636,0.40620962341966627,-0.11820953811993556,-0.74036189494917,-0.9711853231753894,-0.5263028029010381,-0.3068018834182583,2.3366017837943867,0.0
S37,early_gradual,gait,1.6400407341585153,-1.6424307220568068,-0.8690026577008777,-0.9660983059074718,1.7622115831404397,-1.740326602100576,-1.0438634226727688,0.27488299408990324,-2.2588832407653903,-1.91757912417009,-1.0494606705771319,-0.8826594404656198,-0.6083466912843126,-1.12379447355305,0.0,-0.16757895168880968,-0.35337023639665954,-0.5632384763052636,-0.8272204072068484,-1.087140178447281,-0.74036189494917,-0.9711853231753894,0.4008307312757749,1.171365649110824,-0.03692147288162578,0.0
S37,early_gradual,theta_global,0.6306468609842909,0.2906146293708191,-0.8690026577008777,-0.9660983059074718,0.8403920976266972,-0.11968827098345024,-1.0438634226727688,-0.5530778314820941,-0.13794757223344795,-0.2997879950792177,0.06529938597494346,-0.017645994561902783,-1.7144315845285194,-0.4450796858175054,0.0,-0.16757895168880968,-0.35337023639665954,-0.5632384763052636,0.40620962341966627,-0.11820953811993556,-0.74036189494917,-2.115551375620861,0.8643974983641817,0.6786431382677963,-0.03692147288162578,0.0
S37,early_gradual,alpha_global,-0.715211636581344,0.8352432150266733,-0.8690026577008777,-0.9660983059074718,-0.3887005497249616,0.3369207586412905,-1.0438634226727688,-2.2089994826260893,1.8198391987191143,2.2886778114661785,0.1845250604724916,0.00011355050327811002,-0.6083466912843126,-1.12379447355305,0.0,-0.16757895168880968,-0.35337023639665954,-0.5632384763052636,0.40620962341966627,-0.11820953811993556,0.7988520238640747,-0.39900229695265366,-1.4534363370778514,1.171365649110824,-0.8280958917736301,0.0
S37,early_gradual,beta_global,1.3035761097671048,-0.40082116957167646,-0.8690026577008777,-0.9660983059074718,1.4549384213025234,-0.6993784259222476,-1.0438634226727688,-1.381038657054092,-0.6273942649715883,-1.2704626725337411,-0.19699709791966294,-0.5013821744325538,-1.7144315845285194,-1.298321133256476,0.0,-0.16757895168880968,-0.35337023639665954,-0.5632384763052636,0.40620962341966627,-1.087140178447281,-1.5099688543557923,-0.39900229695265366,-0.5263028029010381,1.6640881599538508,-0.03692147288162578,0.0
S37,early_gradual,mu_central,2.1447376707456276,-1.326432507176563,-0.8690026577008777,-0.9660983059074718,2.223121325897311,-1.4753980947475074,-1.0438634226727688,-2.2089994826260893,0.1883502229253123,-0.9469044467155665,-0.22680351654404982,0.009090902953809533,-0.6083466912843126,-2.461832197945981,0.0,-0.16757895168880968,-0.35337023639665954,-0.5632384763052636,-0.8272204072068484,-1.087140178447281,-0.74036189494917,-0.39900229695265366,-1.4534363370778514,2.1568106707968786,0.7542529460103783,0.0
S37,early_gradual,beta_central,-1.5563731975598596,1.0076179156375638,0.6455255993300861,0.5481147744540757,-1.6177931970766137,1.5199488402311647,1.109912552580538,1.102843819661901,-0.2777894844443453,0.25488324918050975,-0.22680351654404982,-0.05823924042517473,-0.6083466912843126,0.2142432508398803,0.0,-0.16757895168880968,2.543107111116947,1.222930053204031,2.873069684672696,-0.11820953811993556,-1.5099688543557923,1.3175467817155535,0.4008307312757749,-1.7849694159473408,-0.03692147288162578,0.0
S37,late_gradual,gait,0.2941822365928804,1.2416820113911993,-0.3641599053572222,-0.27682823362134923,0.379482354869826,1.1556920700857296,0.03302456495388465,-0.5530778314820941,-1.1168409577097287,-0.688057866061027,-0.22680351654404982,-0.10013355186098617,-0.6083466912843126,-0.23176932395776295,0.0,-0.16757895168880968,2.543107111116947,1.222930053204031,-0.8272204072068484,-1.087140178447281,0.02924506445745227,0.745363755492818,-1.9170031041662579,0.18592062742476867,1.5454273649023829,0.0
S37,late_gradual,theta_global,-0.715211636581344,1.4743929617550038,0.1406828469864306,-0.012749466240508704,-0.6959737115628714,1.5006876177712631,1.109912552580538,2.758765470805896,0.7321798815232464,0.99444490819348,-0.14453780114074138,-0.3869599626554571,1.6038230952041006,2.221299837429277,0.0,-0.16757895168880968,-0.35337023639665954,1.222930053204031,1.6396396540461808,1.8196517425347556,-0.74036189494917,-0.9711853231753894,-0.9898695699894446,0.6786431382677963,-0.03692147288162578,0.0
S37,late_gradual,alpha_global,-0.5469793243856351,0.7861484778494701,-0.8690026577008777,-0.9660983059074718,-0.23506396880600014,0.29576041397232816,-1.0438634226727688,-0.5530778314820941,-0.13794757223344795,0.4767517468844009,0.7460212132252303,0.06658870793459191,0.49773820195989416,0.0018563104600506516,0.0,-0.16757895168880968,-0.35337023639665954,-0.5632384763052636,0.40620962341966627,-0.11820953811993556,0.02924506445745227,-0.39900229695265366,0.4008307312757749,-1.2922469051043133,0.7542529460103783,0.0
S37,late_gradual,beta_global,-0.5469793243856351,-0.18914389426893227,-0.8690026577008777,-0.9660983059074718,-0.23506396880600014,-0.5219111430523953,-1.0438634226727688,1.102843819661901,-0.2777894844443453,-0.8544592393389455,0.19644762792224632,0.6106385704180247,-1.7144315845285194,0.40816176162146445,0.0,-0.16757895168880968,-0.35337023639665954,-0.5632384763052636,-0.8272204072068484,0.8507211022074099,-0.74036189494917,0.17318072927008196,0.4008307312757749,-0.3068018834182583,-0.8280958917736301,0.0
S37,late_gradual,mu_central,1.976505358549926,-1.4796074278767264,-0.8690026577008777,-0.9660983059074718,2.069484744978356,-1.603817817372833,-1.0438634226727688,0.27488299408990324,-2.2588832407653903,-1.5940208983519157,0.8521888376587613,0.4245861935446979,-1.7144315845285194,-1.7249418569759614,0.0,-0.16757895168880968,-0.35337023639665954,-0.5632384763052636,-0.8272204072068484,-1.087140178447281,-1.5099688543557923,0.17318072927008196,-0.06273603581263132,0.18592062742476867,1.5454273649023829,0.0
S37,late_gradual,beta_central,1.4718084219628136,-0.6758460169638763,-0.8690026577008777,-0.9660983059074718,1.6085750022214849,-0.9299554319734814,-1.0438634226727688,0.27488299408990324,-0.6273942649715883,-0.6233462208973923,0.1845250604724916,0.04051163653066811,-0.6083466912843126,-0.6777818987554067,0.0,-0.16757895168880968,-0.35337023639665954,-0.5632384763052636,-0.8272204072068484,-0.11820953811993556,-0.74036189494917,-1.5433683493981252,0.4008307312757749,0.6786431382677963,0.7542529460103783,0.0
S38,baseline,gait,-0.042282387798522954,2.154017611407624,1.1503683516737415,0.9405993734264544,-0.3887005497249616,2.848099871343714,1.109912552580538,0.27488299408990324,-0.6273942649715883,1.3180031340116551,-0.08969399087186956,-0.1869146255494547,-0.6083466912843126,-0.23176932395776295,0.0,-0.16757895168880968,5.439584458630554,3.009098582713326,2.873069684672696,-0.11820953811993556,-1.5099688543557923,-1.5433683493981252,-0.9898695699894446,1.171365649110824,0.7542529460103783,0.0
S38,baseline,theta_global,2.1447376707456276,-1.4977869507331434,-0.8690026577008777,-0.9660983059074718,2.223121325897311,-1.6190592764316027,-1.0438634226727688,-0.5530778314820941,-2.09573434318601,-1.4645976080246461,-0.6903642938166595,-0.44127294498117087,0.49773820195989416,-1.3998974960468298,0.0,-0.16757895168880968,-0.35337023639665954,-0.5632384763052636,-0.8272204072068484,-1.087140178447281,-0.74036189494917,-0.9711853231753894,-0.5263028029010381,1.6640881599538508,0.7542529460103783,0.0
S38,baseline,alpha_global,0.9671114853757015,-0.43548995871405455,-0.8690026577008777,-0.9660983059074718,1.1476652594646135,-0.7284442564450857,-1.0438634226727688,-0.5530778314820941,0.8409458132428335,-0.2997879950792177,-0.40308719240828195,0.1904191726887449,0.49773820195989416,-0.46539495837557654,0.0,-0.16757895168880968,-0.35337023639665954,-0.5632384763052636,-0.8272204072068484,-0.11820953811993556,-0.74036189494917,-0.39900229695265366,-0.06273603581263132,0.18592062742476867,0.7542529460103783,0.0
S38,baseline,beta_global,-0.2105146999942318,-0.05788895999557278,-0.8690026577008777,-0.9660983059074718,0.07220919303190965,-0.41186883210787134,-1.0438634226727688,0.27488299408990324,-0.6273942649715883,-0.6233462208973923,0.5958536374890323,0.5567094024362104,-0.6083466912843126,0.2142432508398803,0.0,-0.16757895168880968,-0.35337023639665954,-0.5632384763052636,0.40620962341966627,-1.087140178447281,0.02924506445745227,-0.39900229695265366,0.4008307312757749,0.18592062742476867,-0.8280958917736301,0.0
S38,baseline,mu_central,-0.37874701218993345,0.5005230193665047,-0.8690026577008777,-0.9660983059074718,-0.08142738788704525,0.056296003052775025,-1.0438634226727688,1.102843819661901,-0.2777894844443453,-0.2997879950792177,1.1442917401777533,1.3856182787019218,-0.6083466912843126,0.6602558256375246,0.0,-0.16757895168880968,-0.35337023639665954,-0.5632384763052636,-0.8272204072068484,0.8507211022074099,0.7988520238640747,-0.9711853231753894,-0.5263028029010381,0.18592062742476867,-0.03692147288162578,0.0
S38,baseline,beta_central,0.2941822365928804,0.8072349284146261,0.1406828469864306,0.41244183866477335,0.2258457739508711,1.3642481612930435,0.03302456495388465,-0.5530778314820941,-0.13794757223344795,1.2532914888480196,0.32163458614467183,0.2858926035118538,-0.6083466912843126,-0.6777818987554067,0.0,5.963358305218869,2.543107111116947,1.222930053204031,-0.8272204072068484,-0.11820953811993556,-0.74036189494917,-1.5433683493981252,-0.06273603581263132,1.6640881599538508,-0.8280958917736301,0.0
S38,early_abrupt,gait,-0.042282387798522954,0.24978250648295677,-0.8690026577008777,-0.9660983059074718,0.2258457739508711,-0.15392135477741428,-1.0438634226727688,-0.5530778314820941,-0.13794757223344795,-0.2997879950792177,-0.40308719240828195,-0.281390572766949,0.49773820195989416,-0.46539495837557654,0.0,-0.16757895168880968,-0.35337023639665954,-0.5632384763052636,-0.8272204072068484,-0.11820953811993556,1.5684589832706968,-0.9711853231753894,-0.9898695699894446,0.6786431382677963,-0.03692147288162578,0.0
S38,early_abrupt,theta_global,0.46241454878858923,0.006592456319952883,-0.8690026577008777,-0.9660983059074718,0.6867555167077424,-0.357808509700803,-1.0438634226727688,0.27488299408990324,1.0040947108222136,0.6708866823753058,-0.7478197140983348,-0.30795926109078264,1.6038230952041006,0.7494583405970529,0.0,-0.16757895168880968,-0.35337023639665954,-0.5632384763052636,-0.8272204072068484,0.8507211022074099,-0.74036189494917,-0.9711853231753894,-0.06273603581263132,0.6786431382677963,-0.03692147288162578,0.0
S38,early_abrupt,alpha_global,0.46241454878858923,0.3789676468368189,-0.8690026577008777,-0.9660983059074718,0.6867555167077424,-0.04561433026110233,-1.0438634226727688,1.102843819661901,-0.2777894844443453,-0.2997879950792177,0.60956459005625,0.5429441286787297,1.6038230952041006,0.7494583405970529,0.0,-0.16757895168880968,-0.35337023639665954,-0.5632384763052636,0.40620962341966627,-1.087140178447281,0.02924506445745227,-0.39900229695265366,-0.5263028029010381,0.18592062742476867,0.7542529460103783,0.0
S38,early_abrupt,beta_global,-0.8834439487770457,1.3092772578347625,-0.8690026577008777,-0.9660983059074718,-0.5423371306439164,0.7343443056169647,-1.0438634226727688,1.102843819661901,0.4214200766101414,1.3642257376999656,-0.7752416192327715,-0.7330368996234341,-0.6083466912843126,-0.23176932395776295,0.0,-0.16757895168880968,-0.35337023639665954,-0.5632384763052636,2.873069684672696,-1.087140178447281,-1.5099688543557923,-0.39900229695265366,0.4008307312757749,0.18592062742476867,-0.8280958917736301,0.0
S38,early_abrupt,mu_central,-0.5469793243856351,1.4297444046890246,-0.8690026577008777,-0.9660983059074718,-0.23506396880600014,0.8353422856633955,-1.0438634226727688,1.102843819661901,1.1206296376646276,1.6415613598298293,-0.8340028445208486,-0.39111376938455245,0.49773820195989416,0.936358848131304,0.0,-0.16757895168880968,-0.35337023639665954,-0.5632384763052636,1.6396396540461808,-0.11820953811993556,-0.74036189494917,-0.39900229695265366,-0.9898695699894446,0.6786431382677963,-0.03692147288162578,0.0
S38,early_abrupt,beta_central,-1.2199085731684562,2.2520541942762264,-0.8690026577008777,-0.9660983059074718,-0.8496102924818328,1.5247553737079433,-1.0438634226727688,1.102843819661901,1.1206296376646276,2.196232604089557,1.4185107915221151,0.9621864881185347,-0.6083466912843126,1.552280975232811,0.0,-0.16757895168880968,-0.35337023639665954,1.222930053204031,0.40620962341966627,0.8507211022074099,-0.74036189494917,-0.39900229695265366,-1.4534363370778514,0.6786431382677963,-0.03692147288162578,0.0
S38,late_abrupt,gait,-0.2105146999942318,0.5567560603738058,-0.8690026577008777,-0.9660983059074718,0.07220919303190965,0.10344100234852764,-1.0438634226727688,1.102843819661901,-0.2777894844443453,-0.02245237294935397,-0.40308719240828195,-0.23750129411990742,0.49773820195989416,0.936358848131304,0.0,-0.16757895168880968,-0.35337023639665954,-0.5632384763052636,-0.8272204072068484,0.8507211022074099,0.7988520238640747,-1.5433683493981252,0.4008307312757749,-0.799524394261286,0.7542529460103783,0.0
S38,late_abrupt,theta_global,0.46241454878858923,0.2574601006799296,-0.8690026577008777,-0.9660983059074718,0.6867555167077424,-0.14748456660936266,-1.0438634226727688,-0.5530778314820941,0.8409458132428335,0.8650216178662107,-0.44617875761953846,-0.3375845241775357,1.6038230952041006,0.2588445083196455,0.0,-0.16757895168880968,-0.35337023639665954,-0.5632384763052636,0.40620962341966627,-1.087140178447281,-0.74036189494917,0.17318072927008196,0.4008307312757749,-1.2922469051043133,1.5454273649023829,0.0
S38,late_abrupt,alpha_global,0.2941822365928804,-0.72164786178121,-0.8690026577008777,-0.9660983059074718,0.5331189357887809,-0.9683550614969321,-1.0438634226727688,1.102843819661901,-0.9769990454988318,-0.5771236172090815,0.8700726888333928,0.6434904761246789,-0.6083466912843126,1.552280975232811,0.0,-0.16757895168880968,-0.35337023639665954,-0.5632384763052636,-0.8272204072068484,-0.11820953811993556,-0.74036189494917,0.17318072927008196,-0.06273603581263132,0.6786431382677963,-0.8280958917736301,0.0
S38,late_abrupt,beta_global,-0.37874701218993345,0.8445523858090538,-0.8690026577008777,-0.9660983059074718,-0.08142738788704525,0.3447254379209045,-1.0438634226727688,0.27488299408990324,1.0040947108222136,0.99444490819348,0.8700726888333928,0.6734149842931161,-0.6083466912843126,-0.6777818987554067,0.0,-0.16757895168880968,-0.35337023639665954,-0.5632384763052636,-0.8272204072068484,1.8196517425347556,0.02924506445745227,-0.9711853231753894,-0.9898695699894446,0.6786431382677963,-0.03692147288162578,0.0
S38,late_abrupt,mu_central,2.6494346073327395,-0.4937912729489815,-0.8690026577008777,-0.9660983059074718,2.684031068654182,-0.7773232672421403,-1.0438634226727688,-3.0369603081980867,-0.6273942649715883,1.6415613598298293,-1.8721178246102141,-1.8342588002219236,-0.6083466912843126,-3.3538573475412683,0.0,-0.16757895168880968,-0.35337023639665954,-0.5632384763052636,0.40620962341966627,-1.087140178447281,-1.5099688543557923,-2.115551375620861,-0.06273603581263132,1.171365649110824,2.3366017837943867,0.0
S38,late_abrupt,beta_central,-0.2105146999942318,0.3185241300637945,-0.8690026577008777,-0.9660983059074718,0.07220919303190965,-0.09628933386489222,-1.0438634226727688,1.102843819661901,-0.2777894844443453,0.25488324918050975,0.17146701040847384,0.09480324420769,0.49773820195989416,0.936358848131304,0.0,-0.16757895168880968,-0.35337023639665954,-0.5632384763052636,0.40620962341966627,-1.087140178447281,0.7988520238640747,-0.9711853231753894,0.4008307312757749,-0.3068018834182583,-0.03692147288162578,0.0
S38,early_gradual,gait,-0.5469793243856351,1.2219326839446119,1.1503683516737415,0.9405993734264544,-0.8496102924818328,2.183782435204206,1.109912552580538,1.102843819661901,0.4214200766101414,0.25488324918050975,2.378277471227377,2.1831064213907734,-0.6083466912843126,0.6602558256375246,0.0,5.963358305218869,2.543107111116947,3.009098582713326,0.40620962341966627,-0.11820953811993556,0.02924506445745227,-0.39900229695265366,-0.5263028029010381,0.18592062742476867,-0.03692147288162578,0.0
S38,early_gradual,theta_global,0.2941822365928804,-0.5765429899787229,-0.3641599053572222,-0.27682823362134923,0.379482354869826,-0.43002850186032493,0.03302456495388465,1.102843819661901,1.1206296376646276,0.25488324918050975,-1.2002811488165304,-1.3711770363153577,1.6038230952041006,0.2588445083196455,0.0,-0.16757895168880968,-0.35337023639665954,-0.5632384763052636,0.40620962341966627,-0.11820953811993556,-0.74036189494917,0.17318072927008196,0.4008307312757749,-0.3068018834182583,-0.03692147288162578,0.0
S38,early_gradual,alpha_global,0.46241454878858923,-0.6758460169638763,-0.8690026577008777,-0.9660983059074718,0.6867555167077424,-0.9299554319734814,-1.0438634226727688,1.102843819661901,0.4214200766101414,-0.8544592393389455,-0.8527383076561773,-1.4244881981502147,-1.7144315845285194,0.40816176162146445,0.0,-0.16757895168880968,-0.35337023639665954,-0.5632384763052636,-0.8272204072068484,-1.087140178447281,0.7988520238640747,0.17318072927008196,-1.4534363370778514,1.6640881599538508,-0.8280958917736301,0.0
S38,early_gradual,beta_global,-0.2105146999942318,1.2219326839446119,-0.8690026577008777,-0.9660983059074718,0.07220919303190965,0.6611158299596672,-1.0438634226727688,0.27488299408990324,-0.6273942649715883,0.34732845655713157,-0.8340028445208486,-0.657584389741589,0.49773820195989416,0.46910757929567676,0.0,-0.16757895168880968,-0.35337023639665954,-0.5632384763052636,0.40620962341966627,0.8507211022074099,0.02924506445745227,-1.5433683493981252,-0.9898695699894446,1.171365649110824,-0.03692147288162578,0.0
S38,early_gradual,mu_central,0.46241454878858923,0.13339141069134433,-0.8690026577008777,-0.9660983059074718,0.6867555167077424,-0.2515020303168183,-1.0438634226727688,1.102843819661901,-0.9769990454988318,-0.5771236172090815,0.6023826625210406,0.41770293711092266,0.49773820195989416,-0.46539495837557654,0.0,-0.16757895168880968,-0.35337023639665954,-0.5632384763052636,-0.8272204072068484,0.8507211022074099,-0.74036189494917,-0.9711853231753894,0.4008307312757749,-0.3068018834182583,0.7542529460103783,0.0
S38,early_gradual,beta_central,0.12594992439717873,-0.4850039589591976,-0.8690026577008777,-0.9660983059074718,0.379482354869826,-0.7699561054376395,-1.0438634226727688,-1.381038657054092,0.5962224668737629,0.6708866823753058,0.6023826625210406,0.44278252490923187,0.49773820195989416,-1.8671487648824565,0.0,-0.16757895168880968,-0.35337023639665954,-0.5632384763052636,-0.8272204072068484,-0.11820953811993556,0.7988520238640747,-1.5433683493981252,-0.06273603581263132,1.6640881599538508,-1.6192703106656343,0.0
S38,late_gradual,gait,0.6306468609842909,-0.7833902527003473,-0.8690026577008777,-0.9660983059074718,0.8403920976266972,-1.0201190231155626,-1.0438634226727688,0.27488299408990324,-0.6273942649715883,-0.6233462208973923,-0.22680351654404982,-0.056743015016752364,-0.6083466912843126,0.2142432508398803,0.0,-0.16757895168880968,-0.35337023639665954,-0.5632384763052636,-0.8272204072068484,-0.11820953811993556,-0.74036189494917,-0.39900229695265366,-0.06273603581263132,1.171365649110824,-0.8280958917736301,0.0
S38,late_gradual,theta_global,-0.5469793243856351,1.9243043077458748,-0.3641599053572222,-0.27682823362134923,-0.3887005497249616,1.5964383606229693,0.03302456495388465,-1.381038657054092,-0.6273942649715883,1.6415613598298293,-0.44617875761953846,-0.5712949329730302,1.6038230952041006,-1.2129969885125789,0.0,-0.16757895168880968,-0.35337023639665954,1.222930053204031,2.873069684672696,-1.087140178447281,-0.74036189494917,-0.39900229695265366,-0.9898695699894446,0.18592062742476867,0.7542529460103783,0.0
S38,late_gradual,alpha_global,-1.0516762609727472,1.028002988079147,-0.8690026577008777,-0.9660983059074718,-0.6959737115628714,0.4985278707949512,-1.0438634226727688,0.27488299408990324,1.0040947108222136,0.023770230738956507,0.3275958698695492,0.36018344770393074,-1.7144315845285194,0.40816176162146445,0.0,-0.16757895168880968,-0.35337023639665954,-0.5632384763052636,-0.8272204072068484,0.8507211022074099,1.5684589832706968,0.745363755492818,-2.380569871254665,-0.3068018834182583,0.7542529460103783,0.0
S38,late_gradual,beta_global,-0.715211636581344,0.722469170753728,-0.8690026577008777,-0.9660983059074718,-0.3887005497249616,0.2423725687766008,-1.0438634226727688,0.27488299408990324,1.0040947108222136,0.34732845655713157,3.0442380244922536,2.8786374898200218,0.49773820195989416,0.0018563104600506516,0.0,-0.16757895168880968,-0.35337023639665954,-0.5632384763052636,-0.8272204072068484,1.8196517425347556,0.02924506445745227,-0.39900229695265366,-1.4534363370778514,1.171365649110824,-0.8280958917736301,0.0
S38,late_gradual,mu_central,-0.5469793243856351,1.6316114112048086,0.6455255993300861,0.5481147744540757,-0.6959737115628714,2.1619041859719084,1.109912552580538,0.27488299408990324,1.0040947108222136,1.3180031340116551,-1.0494606705771319,-0.647752051343388,-0.6083466912843126,-0.6777818987554067,0.0,-0.16757895168880968,5.439584458630554,3.009098582713326,0.40620962341966627,-1.087140178447281,-1.5099688543557923,1.8897298079382896,-0.9898695699894446,-1.2922469051043133,1.5454273649023829,0.0
S38,late_gradual,beta_central,0.12594992439717873,0.17504227924011895,-0.8690026577008777,-0.9660983059074718,0.379482354869826,-0.21658252155070842,-1.0438634226727688,1.102843819661901,-0.9769990454988318,-0.8544592393389455,0.45874411181685204,0.34444055427618764,-1.7144315845285194,1.2614032090604355,0.0,-0.16757895168880968,-0.35337023639665954,-0.5632384763052636,-0.8272204072068484,0.8507211022074099,-0.74036189494917,-0.39900229695265366,0.4008307312757749,-0.799524394261286,0.7542529460103783,0.0
S39,baseline,gait,0.46241454878858923,1.581674424811421,0.1406828469864306,0.41244183866477335,0.379482354869826,1.9227769837032185,0.03302456495388465,0.27488299408990324,-0.6273942649715883,0.023770230738956507,-0.8986401923377334,-0.7292963361023792,1.6038230952041006,-0.23176932395776295,0.0,5.963358305218869,2.543107111116947,1.222930053204031,-0.8272204072068484,-0.11820953811993556,0.02924506445745227,-0.9711853231753894,-1.4534363370778514,0.6786431382677963,1.5454273649023829,0.0
S39,baseline,theta_global,1.3035761097671048,-0.9864794826093514,-0.8690026577008777,-0.9660983059074718,1.4549384213025234,-1.1903862081997165,-1.0438634226727688,-0.5530778314820941,1.8198391987191143,-0.2997879950792177,-0.08969399087186956,0.09587197664227715,-0.6083466912843126,-0.6777818987554067,0.0,-0.16757895168880968,-0.35337023639665954,-0.5632384763052636,-0.8272204072068484,-1.087140178447281,0.02924506445745227,-0.9711853231753894,0.4008307312757749,0.18592062742476867,0.7542529460103783,0.0
S39,baseline,alpha_global,-0.8834439487770457,1.3092772578347625,-0.8690026577008777,-0.9660983059074718,-0.5423371306439164,0.7343443056169647,-1.0438634226727688,-0.5530778314820941,0.8409458132428335,2.418101101793448,-0.9776413952250377,-0.7140134622877842,0.49773820195989416,-0.46539495837557654,0.0,-0.16757895168880968,-0.35337023639665954,1.222930053204031,-0.8272204072068484,0.8507211022074099,-1.5099688543557923,0.745363755492818,-0.5263028029010381,-0.3068018834182583,-0.03692147288162578,0.0
S39,baseline,beta_global,-0.37874701218993345,0.3814729378322843,-0.8690026577008777,-0.9660983059074718,-0.08142738788704525,-0.043513929142807134,-1.0438634226727688,1.102843819661901,0.4214200766101414,-0.02245237294935397,-0.22680351654404982,-0.15100521574732997,-0.6083466912843126,0.6602558256375246,0.0,-0.16757895168880968,-0.35337023639665954,-0.5632384763052636,0.40620962341966627,-1.087140178447281,0.7988520238640747,0.17318072927008196,-1.4534363370778514,1.171365649110824,-0.8280958917736301,0.0
S39,baseline,mu_central,-0.2105146999942318,0.8978224924915567,-0.3641599053572222,-0.27682823362134923,-0.08142738788704525,0.7940710000599074,0.03302456495388465,1.102843819661901,1.1206296376646276,1.3642257376999656,-0.2594486417040928,-0.3190099544644128,0.49773820195989416,1.8708613858025573,0.0,-0.16757895168880968,-0.35337023639665954,1.222930053204031,0.40620962341966627,0.8507211022074099,-1.5099688543557923,-0.39900229695265366,0.4008307312757749,-0.799524394261286,0.7542529460103783,0.0
S39,baseline,beta_central,0.7988791731799926,-0.8997377677097536,-0.8690026577008777,-0.9660983059074718,0.9940286785456521,-1.117663161133438,-1.0438634226727688,0.27488299408990324,0.1883502229253123,-0.6233462208973923,0.0278284597042854,-0.10740093241617854,0.49773820195989416,-0.46539495837557654,0.0,-0.16757895168880968,-0.35337023639665954,-0.5632384763052636,-0.8272204072068484,-0.11820953811993556,-1.5099688543557923,0.17318072927008196,0.4008307312757749,0.18592062742476867,-0.03692147288162578,0.0
S39,early_abrupt,gait,-0.042282387798522954,-0.2643856079718948,-0.8690026577008777,-0.9660983059074718,0.2258457739508711,-0.5849927490974396,-1.0438634226727688,0.27488299408990324,-0.6273942649715883,-0.2997879950792177,0.06529938597494346,0.022426825072351875,-1.7144315845285194,-0.8717004095369909,0.0,-0.16757895168880968,-0.35337023639665954,-0.5632384763052636,-0.8272204072068484,-1.087140178447281,1.5684589832706968,0.17318072927008196,-0.9898695699894446,0.18592062742476867,-0.03692147288162578,0.0
S39,early_abrupt,theta_global,-0.37874701218993345,0.13600340446033565,-0.8690026577008777,-0.9660983059074718,-0.08142738788704525,-0.2493121710775924,-1.0438634226727688,1.102843819661901,0.4214200766101414,0.5322188713103735,-0.9776413952250377,-0.939729752472568,0.49773820195989416,-0.46539495837557654,0.0,-0.16757895168880968,-0.35337023639665954,-0.5632384763052636,-0.8272204072068484,-0.11820953811993556,1.5684589832706968,-1.5433683493981252,1.3279642654525885,-1.7849694159473408,0.7542529460103783,0.0
S39,early_abrupt,alpha_global,-0.715211636581344,2.246321115516228,-0.8690026577008777,-0.9660983059074718,-0.3887005497249616,1.5199488402311656,-1.0438634226727688,-0.5530778314820941,-0.13794757223344795,2.029831230811639,1.007182214505573,0.7766545374742242,-0.6083466912843126,0.6602558256375246,0.0,-0.16757895168880968,-0.35337023639665954,1.222930053204031,0.40620962341966627,0.8507211022074099,-0.74036189494917,-1.5433683493981252,-0.9898695699894446,1.171365649110824,-0.03692147288162578,0.0
S39,early_abrupt,beta_global,0.2941822365928804,0.2189713509119417,-0.8690026577008777,-0.9660983059074718,0.5331189357887809,-0.17975299897940988,-1.0438634226727688,0.27488299408990324,0.1883502229253123,0.6708866823753058,-0.8340028445208486,-0.5180791826134934,0.49773820195989416,0.0018563104600506516,0.0,-0.16757895168880968,-0.35337023639665954,-0.5632384763052636,0.40620962341966627,-1.087140178447281,-0.74036189494917,0.745363755492818,-0.5263028029010381,-0.3068018834182583,0.7542529460103783,0.0
S39,early_abrupt,mu_central,1.3035761097671048,0.24978250648295588,-0.8690026577008777,-0.9660983059074718,1.4549384213025234,-0.15392135477741503,-1.0438634226727688,0.27488299408990324,0.1883502229253123,0.34732845655713157,0.1845250604724916,0.1482398659370424,-0.6083466912843126,-0.23176932395776295,0.0,-0.16757895168880968,-0.35337023639665954,-0.5632384763052636,-0.8272204072068484,0.8507211022074099,-0.74036189494917,-1.5433683493981252,-0.5263028029010381,0.6786431382677963,1.5454273649023829,0.0
S39,early_abrupt,beta_central,-1.0516762609727472,0.5786216527620934,-0.8690026577008777,-0.9660983059074718,-0.6959737115628714,0.12177281082413895,-1.0438634226727688,-0.5530778314820941,-0.13794757223344795,0.08848187590259203,-1.1288398696504998,-1.3317633091092975,2.7099079884483075,-0.4899871304195569,0.0,-0.16757895168880968,-0.35337023639665954,-0.5632384763052636,0.40620962341966627,-0.11820953811993556,0.7988520238640747,-0.9711853231753894,0.4008307312757749,-0.3068018834182583,-0.8280958917736301,0.0
S39,late_abrupt,gait,-0.2105146999942318,-0.05788895999557278,-0.8690026577008777,-0.9660983059074718,0.07220919303190965,-0.41186883210787134,-1.0438634226727688,1.102843819661901,1.1206296376646276,0.25488324918050975,0.45874411181685204,0.5713154123755667,0.49773820195989416,0.46910757929567676,0.0,-0.16757895168880968,-0.35337023639665954,-0.5632384763052636,-0.8272204072068484,-0.11820953811993556,0.7988520238640747,-0.39900229695265366,-0.06273603581263132,-0.3068018834182583,-0.03692147288162578,0.0
S39,late_abrupt,theta_global,0.12594992439717873,0.049173344831577995,-0.8690026577008777,-0.9660983059074718,0.379482354869826,-0.32210928513579246,-1.0438634226727688,1.102843819661901,-0.9769990454988318,-0.5771236172090815,0.7329631631612126,0.05397766520646478,-0.6083466912843126,-0.23176932395776295,0.0,-0.16757895168880968,-0.35337023639665954,-0.5632384763052636,-0.8272204072068484,1.8196517425347556,-1.5099688543557923,-1.5433683493981252,0.8643974983641817,0.6786431382677963,-0.8280958917736301,0.0
S39,late_abrupt,alpha_global,0.46241454878858923,0.7295761374165657,-0.8690026577008777,-0.9660983059074718,0.6867555167077424,0.24833095075830655,-1.0438634226727688,1.102843819661901,-1.6762086065533182,-0.5771236172090815,-0.5467257431124704,-0.7171484107625731,0.49773820195989416,-0.46539495837557654,0.0,-0.16757895168880968,-0.35337023639665954,-0.5632384763052636,1.6396396540461808,-1.087140178447281,-1.5099688543557923,-0.39900229695265366,-0.5263028029010381,1.171365649110824,-0.03692147288162578,0.0
S39,late_abrupt,beta_global,-0.2105146999942318,0.5567560603738058,-0.8690026577008777,-0.9660983059074718,0.07220919303190965,0.10344100234852764,-1.0438634226727688,1.102843819661901,1.8198391987191143,0.5322188713103735,0.7329631631612126,0.4280340173119304,-0.6083466912843126,-0.23176932395776295,0.0,-0.16757895168880968,-0.35337023639665954,-0.5632384763052636,0.40620962341966627,-1.087140178447281,0.7988520238640747,0.17318072927008196,-1.4534363370778514,0.6786431382677963,-0.03692147288162578,0.0
S39,late_abrupt,mu_central,-0.715211636581344,0.6076565462812293,-0.8690026577008777,-0.9660983059074718,-0.3887005497249616,0.14611526163227126,-1.0438634226727688,0.27488299408990324,1.0040947108222136,1.3180031340116551,-0.40308719240828195,-0.6669892351659547,0.49773820195989416,-0.46539495837557654,0.0,-0.16757895168880968,-0.35337023639665954,-0.5632384763052636,-0.8272204072068484,1.8196517425347556,-0.74036189494917,0.17318072927008196,-0.5263028029010381,-0.3068018834182583,-0.03692147288162578,0.0
S39,late_abrupt,beta_central,-0.8834439487770457,0.7673466175796978,-0.8690026577008777,-0.9660983059074718,-0.5423371306439164,0.27999719588383526,-1.0438634226727688,0.27488299408990324,1.0040947108222136,0.34732845655713157,-0.45929358181426866,-0.7360944037189047,-1.7144315845285194,0.40816176162146445,0.0,-0.16757895168880968,-0.35337023639665954,-0.5632384763052636,-0.8272204072068484,1.8196517425347556,0.02924506445745227,-0.39900229695265366,-0.5263028029010381,-0.3068018834182583,-0.03692147288162578,0.0
S39,early_gradual,gait,-1.2199085731684562,0.25746010067993047,0.1406828469864306,0.41244183866477335,-1.1568834543197426,0.9205598936974585,0.03302456495388465,-0.5530778314820941,-1.1168409577097287,-0.688057866061027,0.7329631631612126,0.7093243940952408,-0.6083466912843126,-1.12379447355305,0.0,5.963358305218869,2.543107111116947,1.222930053204031,-0.8272204072068484,-1.087140178447281,0.02924506445745227,0.745363755492818,0.4008307312757749,-0.3068018834182583,-1.6192703106656343,0.0
S39,early_gradual,theta_global,-1.5563731975598596,2.1132888422456406,-0.8690026577008777,-0.9660983059074718,-1.1568834543197426,1.4084164329967797,-1.0438634226727688,1.102843819661901,1.8198391987191143,2.4735682262194203,1.0332983146336086,1.1998725815706937,0.49773820195989416,0.936358848131304,0.0,-0.16757895168880968,-0.35337023639665954,-0.5632384763052636,1.6396396540461808,0.8507211022074099,0.7988520238640747,-1.5433683493981252,-0.5263028029010381,-0.799524394261286,0.7542529460103783,0.0
S39,early_gradual,alpha_global,0.12594992439717873,-0.3463941342057909,-0.8690026577008777,-0.9660983059074718,0.379482354869826,-0.6537475566320483,-1.0438634226727688,1.102843819661901,-0.2777894844443453,-0.02245237294935397,0.8896597639294187,1.0133431473207686,0.49773820195989416,0.936358848131304,0.0,-0.16757895168880968,-0.35337023639665954,-0.5632384763052636,-0.8272204072068484,0.8507211022074099,-1.5099688543557923,0.17318072927008196,-0.06273603581263132,0.6786431382677963,-0.8280958917736301,0.0
S39,early_gradual,beta_global,-1.2199085731684562,1.779403282994719,0.1406828469864306,0.41244183866477335,-1.1568834543197426,2.0068664443111315,0.03302456495388465,-0.5530778314820941,-0.13794757223344795,0.4767517468844009,0.9833370796060635,0.3773575132614686,-1.7144315845285194,0.40816176162146445,0.0,5.963358305218869,2.543107111116947,1.222930053204031,0.40620962341966627,-0.11820953811993556,0.02924506445745227,-1.5433683493981252,0.8643974983641817,-0.799524394261286,-0.03692147288162578,0.0
S39,early_gradual,mu_central,-0.715211636581344,0.6076565462812293,-0.8690026577008777,-0.9660983059074718,-0.3887005497249616,0.14611526163227126,-1.0438634226727688,2.758765470805896,-0.8993090942705555,-0.7311989628367839,-0.7478197140983348,-1.1802586742007282,1.6038230952041006,2.221299837429277,0.0,-0.16757895168880968,-0.35337023639665954,-0.5632384763052636,0.40620962341966627,-0.11820953811993556,-0.74036189494917,1.3175467817155535,-0.9898695699894446,-0.3068018834182583,-0.03692147288162578,0.0
S39,early_gradual,beta_central,1.6400407341585153,-1.8280005937581014,-0.8690026577008777,-0.9660983059074718,1.7622115831404397,-1.89590580098357,-1.0438634226727688,0.27488299408990324,-1.4431387528684894,-1.2704626725337411,0.7329631631612126,0.6734149842931161,-0.6083466912843126,-1.12379447355305,0.0,-0.16757895168880968,-0.35337023639665954,-0.5632384763052636,-0.8272204072068484,-1.087140178447281,-1.5099688543557923,0.17318072927008196,-0.06273603581263132,1.171365649110824,-0.03692147288162578,0.0
S39,late_gradual,gait,0.2941822365928804,-0.29816718369027273,-0.8690026577008777,-0.9660983059074718,0.5331189357887809,-0.6133147522280468,-1.0438634226727688,-1.381038657054092,0.5962224668737629,0.18554934364804404,0.9833370796060635,1.0256784880585235,-1.7144315845285194,-0.018458962098020476,0.0,-0.16757895168880968,-0.35337023639665954,-0.5632384763052636,-0.8272204072068484,-0.11820953811993556,0.02924506445745227,-0.39900229695265366,-0.06273603581263132,0.18592062742476867,-0.03692147288162578,0.0
S39,late_gradual,theta_global,1.4718084219628136,-0.8239481397226163,-0.8690026577008777,-0.9660983059074718,1.6085750022214849,-1.0541221913748398,-1.0438634226727688,-1.381038657054092,1.8198391987191143,0.18554934364804404,-0.40308719240828195,-0.7437954727982772,0.49773820195989416,-1.8671487648824565,0.0,-0.16757895168880968,-0.35337023639665954,-0.5632384763052636,-0.8272204072068484,-0.11820953811993556,-1.5099688543557923,0.17318072927008196,-1.4534363370778514,2.1568106707968786,-0.03692147288162578,0.0
S39,late_gradual,alpha_global,0.46241454878858923,0.006592456319952883,-0.8690026577008777,-0.9660983059074718,0.6867555167077424,-0.357808509700803,-1.0438634226727688,0.27488299408990324,-0.6273942649715883,0.023770230738956507,0.45874411181685204,0.3361942767664173,0.49773820195989416,0.0018563104600506516,0.0,-0.16757895168880968,-0.35337023639665954,-0.5632384763052636,-0.8272204072068484,0.8507211022074099,-0.74036189494917,-0.9711853231753894,-0.06273603581263132,0.6786431382677963,-0.03692147288162578,0.0
S39,late_gradual,beta_global,0.46241454878858923,0.4980663991259784,-0.3641599053572222,-0.27682823362134923,0.5331189357887809,0.5888079167267873,0.03302456495388465,-1.381038657054092,1.8198391987191143,2.126898698557091,-1.8394726994501711,-1.9146987281318417,0.49773820195989416,-0.9326462272112032,0.0,-0.16757895168880968,2.543107111116947,1.222930053204031,-0.8272204072068484,-1.087140178447281,-0.74036189494917,-0.9711853231753894,1.3279642654525885,-0.799524394261286,0.7542529460103783,0.0
S39,late_gradual,mu_central,0.12594992439717873,2.003616475089519,-0.8690026577008777,-0.9660983059074718,0.379482354869826,1.316468646077919,-1.0438634226727688,-0.5530778314820941,0.8409458132428335,2.029831230811639,-1.2649184966334153,-0.7861172772079238,0.49773820195989416,-0.9326462272112032,0.0,-0.16757895168880968,-0.35337023639665954,1.222930053204031,-0.8272204072068484,0.8507211022074099,0.02924506445745227,-2.115551375620861,-0.06273603581263132,-0.799524394261286,2.3366017837943867,0.0
S39,late_gradual,beta_central,-0.715211636581344,1.4743929617550038,0.6455255993300861,0.5481147744540757,-0.8496102924818328,2.042601030869935,1.109912552580538,-0.5530778314820941,0.8409458132428335,1.2532914888480196,0.9833370796060635,0.7923974309019672,-1.7144315845285194,0.40816176162146445,0.0,-0.16757895168880968,5.439584458630554,3.009098582713326,0.40620962341966627,-0.11820953811993556,-0.74036189494917,-2.115551375620861,1.3279642654525885,0.18592062742476867,-0.8280958917736301,0.0
S40,baseline,gait,0.6306468609842909,-1.5973723221111618,-0.8690026577008777,-0.9660983059074718,0.8403920976266972,-1.7025502664151315,-1.0438634226727688,1.102843819661901,-0.9769990454988318,-1.409130483598673,0.5958536374890323,0.650971603166788,-0.6083466912843126,-0.23176932395776295,0.0,-0.16757895168880968,-0.35337023639665954,-0.5632384763052636,-0.8272204072068484,-1.087140178447281,0.02924506445745227,-0.9711853231753894,0.8643974983641817,1.171365649110824,-1.6192703106656343,0.0
S40,baseline,theta_global,1.1353437975714031,-1.4977869507331434,-0.8690026577008777,-0.9660983059074718,1.3013018403835686,-1.6190592764316027,-1.0438634226727688,1.102843819661901,-0.2777894844443453,-0.8544592393389455,-0.5467257431124704,-0.25160856225645695,0.49773820195989416,0.46910757929567676,0.0,-0.16757895168880968,-0.35337023639665954,-0.5632384763052636,-0.8272204072068484,-1.087140178447281,-0.74036189494917,-0.39900229695265366,0.8643974983641817,0.18592062742476867,-0.03692147288162578,0.0
S40,baseline,alpha_global,0.7988791731799926,1.326614573557702,-0.8690026577008777,-0.9660983059074718,0.9940286785456521,0.7488796699313739,-1.0438634226727688,1.102843819661901,-1.6762086065533182,-0.8544592393389455,0.5898923537641556,0.5691345786539743,-1.7144315845285194,0.40816176162146445,0.0,-0.16757895168880968,-0.35337023639665954,1.222930053204031,-0.8272204072068484,-0.11820953811993556,-0.74036189494917,-0.9711853231753894,-0.9898695699894446,0.6786431382677963,1.5454273649023829,0.0
S40,baseline,beta_global,-0.5469793243856351,1.1156264791633201,-0.8690026577008777,-0.9660983059074718,-0.23506396880600014,0.5719901867475666,-1.0438634226727688,-1.381038657054092,1.8198391987191143,1.1562240211025676,0.17146701040847384,0.11047798658163349,0.49773820195989416,-1.8671487648824565,0.0,-0.16757895168880968,-0.35337023639665954,1.222930053204031,-0.8272204072068484,-0.11820953811993556,-1.5099688543557923,1.8897298079382896,-0.9898695699894446,-0.799524394261286,0.7542529460103783,0.0
S40,baseline,mu_central,-1.0516762609727472,3.0120248342804694,-0.8690026577008777,-0.9660983059074718,-0.6959737115628714,2.1619041859719084,-1.0438634226727688,0.27488299408990324,-0.6273942649715883,0.99444490819348,1.114485321553367,1.424975512271279,-1.7144315845285194,1.2614032090604355,0.0,-0.16757895168880968,2.543107111116947,1.222930053204031,0.40620962341966627,-1.087140178447281,-0.74036189494917,-0.9711853231753894,-0.5263028029010381,0.6786431382677963,-0.03692147288162578,0.0
S40,baseline,beta_central,0.12594992439717873,-0.07954923084344548,-0.8690026577008777,-0.9660983059074718,0.379482354869826,-0.43002850186032493,-1.0438634226727688,0.27488299408990324,1.0040947108222136,0.6708866823753058,0.1845250604724916,0.29935863218765046,-0.6083466912843126,1.106268400435168,0.0,-0.16757895168880968,-0.35337023639665954,-0.5632384763052636,-0.8272204072068484,0.8507211022074099,-0.74036189494917,-0.9711853231753894,0.8643974983641817,-0.3068018834182583,-0.03692147288162578,0.0
S40,early_abrupt,gait,-0.8834439487770457,1.0977454695166724,-0.8690026577008777,-0.9660983059074718,-0.5423371306439164,0.5569989970111072,-1.0438634226727688,1.102843819661901,-0.2777894844443453,0.5322188713103735,-0.6381320935605905,-0.28267305168845375,-0.6083466912843126,2.4443061248280986,0.0,-0.16757895168880968,-0.35337023639665954,1.222930053204031,0.40620962341966627,-1.087140178447281,-0.74036189494917,-0.39900229695265366,0.8643974983641817,-0.3068018834182583,-0.8280958917736301,0.0
S40,early_abrupt,theta_global,-0.8834439487770457,0.8793432054885305,0.1406828469864306,-0.012749466240508704,-0.8496102924818328,1.0461652996783852,1.109912552580538,-0.5530778314820941,0.8409458132428335,2.029831230811639,-0.40308719240828195,0.04307659437367762,0.49773820195989416,0.46910757929567676,0.0,-0.16757895168880968,-0.35337023639665954,1.222930053204031,1.6396396540461808,0.8507211022074099,0.02924506445745227,-1.5433683493981252,0.4008307312757749,0.18592062742476867,-0.8280958917736301,0.0
S40,early_abrupt,alpha_global,-1.388140885364158,0.5299260444761584,-0.8690026577008777,-0.9660983059074718,-1.0032468734007878,0.08094709026514264,-1.0438634226727688,1.102843819661901,1.1206296376646276,0.8095544934402381,-0.44617875761953846,0.0228561767112903,1.6038230952041006,1.2400721728744613,0.0,-0.16757895168880968,-0.35337023639665954,-0.5632384763052636,-0.8272204072068484,1.8196517425347556,0.02924506445745227,-0.39900229695265366,0.8643974983641817,-1.7849694159473408,-0.03692147288162578,0.0
S40,early_abrupt,beta_global,-1.5563731975598596,1.1156264791633201,-0.8690026577008777,-0.9660983059074718,-1.1568834543197426,0.5719901867475666,-1.0438634226727688,0.27488299408990324,1.0040947108222136,0.99444490819348,0.45874411181685204,0.4458390996721503,1.6038230952041006,1.2400721728744613,0.0,-0.16757895168880968,-0.35337023639665954,-0.5632384763052636,1.6396396540461808,-1.087140178447281,0.7988520238640747,0.745363755492818,-1.4534363370778514,0.18592062742476867,-0.8280958917736301,0.0
S40,early_abrupt,mu_central,-1.388140885364158,0.4114553955599121,-0.8690026577008777,-0.9660983059074718,-1.0032468734007878,-0.018377053684294757,-1.0438634226727688,0.27488299408990324,1.0040947108222136,1.3180031340116551,0.047415534800310674,0.0225569316296062,-0.6083466912843126,1.106268400435168,0.0,-0.16757895168880968,-0.35337023639665954,1.222930053204031,-0.8272204072068484,-1.087140178447281,0.7988520238640747,-0.39900229695265366,1.7915310325409948,-1.7849694159473408,-0.8280958917736301,0.0
S40,early_abrupt,beta_central,0.7988791731799926,1.115626479163321,-0.3641599053572222,-0.27682823362134923,0.8403920976266972,1.0685707418538486,0.03302456495388465,-0.5530778314820941,1.8198391987191143,1.2532914888480196,-0.08969399087186956,-0.22880893698526614,-0.6083466912843126,-1.12379447355305,0.0,-0.16757895168880968,2.543107111116947,1.222930053204031,-0.8272204072068484,-0.11820953811993556,-1.5099688543557923,0.17318072927008196,-1.9170031041662579,1.6640881599538508,0.7542529460103783,0.0
S40,late_abrupt,gait,-0.37874701218993345,-0.8208161586766182,-0.8690026577008777,-0.9660983059074718,-0.08142738788704525,-1.0514963820363634,-1.0438634226727688,-0.5530778314820941,0.8409458132428335,0.8650216178662107,0.0278284597042854,-0.0713490249561087,0.49773820195989416,-0.46539495837557654,0.0,-0.16757895168880968,-0.35337023639665954,-0.5632384763052636,-0.8272204072068484,-1.087140178447281,1.5684589832706968,-0.39900229695265366,-0.06273603581263132,0.6786431382677963,-1.6192703106656343,0.0
S40,late_abrupt,theta_global,1.1353437975714031,-0.14504324458938897,-0.8690026577008777,-0.9660983059074718,1.3013018403835686,-0.4849377718663277,-1.0438634226727688,-1.381038657054092,-0.6273942649715883,-0.2997879950792177,1.007182214505573,1.0235317298638313,-0.6083466912843126,-2.0158196231483374,0.0,-0.16757895168880968,-0.35337023639665954,-0.5632384763052636,-0.8272204072068484,0.8507211022074099,-1.5099688543557923,-0.39900229695265366,-1.4534363370778514,2.1568106707968786,-0.03692147288162578,0.0
S40,late_abrupt,alpha_global,-1.2199085731684562,3.038120507302543,-0.3641599053572222,-0.27682823362134923,-1.0032468734007878,2.476442203091085,0.03302456495388465,0.27488299408990324,1.0040947108222136,2.6122360372843527,0.8896597639294187,0.9020524764657702,0.49773820195989416,0.46910757929567676,0.0,-0.16757895168880968,2.543107111116947,1.222930053204031,1.6396396540461808,-0.11820953811993556,-1.5099688543557923,-0.39900229695265366,-0.06273603581263132,-1.2922469051043133,1.5454273649023829,0.0
S40,late_abrupt,beta_global,-2.7339993829297926,3.830497009292723,-0.3641599053572222,-0.27682823362134923,-2.3859761016714014,3.1557128712806164,0.03302456495388465,-0.5530778314820941,1.8198391987191143,5.9125299406297325,0.45874411181685204,0.6464829269415219,-0.6083466912843126,-0.23176932395776295,0.0,-0.16757895168880968,5.439584458630554,1.222930053204031,2.873069684672696,-1.087140178447281,-0.74036189494917,-1.5433683493981252,0.4008307312757749,-0.799524394261286,-0.03692147288162578,0.0
S40,late_abrupt,mu_central,0.12594992439717873,0.418927789189372,-0.8690026577008777,-0.9660983059074718,0.379482354869826,-0.012112302817402588,-1.0438634226727688,-1.381038657054092,1.8198391987191143,1.6415613598298293,0.31510556111266297,0.14339494556691443,0.49773820195989416,-0.9326462272112032,0.0,-0.16757895168880968,-0.35337023639665954,-0.5632384763052636,-0.8272204072068484,0.8507211022074099,0.02924506445745227,-0.39900229695265366,-1.4534363370778514,1.171365649110824,-0.03692147288162578,0.0
S40,late_abrupt,beta_central,0.12594992439717873,-0.4850039589591976,-0.8690026577008777,-0.9660983059074718,0.379482354869826,-0.7699561054376395,-1.0438634226727688,-2.2089994826260893,0.1883502229253123,0.99444490819348,-1.0494606705771319,-1.120559280404696,-0.6083466912843126,-1.12379447355305,0.0,-0.16757895168880968,-0.35337023639665954,-0.5632384763052636,0.40620962341966627,-1.087140178447281,-0.74036189494917,-0.39900229695265366,0.4008307312757749,1.171365649110824,-1.6192703106656343,0.0
S40,early_gradual,gait,-0.37874701218993345,0.009263181417000825,-0.8690026577008777,-0.9660983059074718,-0.08142738788704525,-0.35556941093317407,-1.0438634226727688,0.27488299408990324,1.0040947108222136,1.3180031340116551,-0.7478197140983348,-0.8856518912824637,1.6038230952041006,0.7494583405970529,0.0,-0.16757895168880968,-0.35337023639665954,-0.5632384763052636,-0.8272204072068484,-0.11820953811993556,0.7988520238640747,0.17318072927008196,-0.5263028029010381,-0.3068018834182583,-0.03692147288162578,0.0
S40,early_gradual,theta_global,1.1353437975714031,-0.14504324458938897,-0.8690026577008777,-0.9660983059074718,1.3013018403835686,-0.4849377718663277,-1.0438634226727688,-0.5530778314820941,-0.13794757223344795,-0.2997879950792177,-0.9776413952250377,-0.7970895968696835,0.49773820195989416,-1.3998974960468298,0.0,-0.16757895168880968,-0.35337023639665954,-0.5632384763052636,-0.8272204072068484,-0.11820953811993556,0.02924506445745227,-0.9711853231753894,-0.9898695699894446,1.171365649110824,0.7542529460103783,0.0
S40,early_gradual,alpha_global,-1.2199085731684562,1.4807484413380212,-0.8690026577008777,-0.9660983059074718,-0.8496102924818328,0.87810336044833,-1.0438634226727688,0.27488299408990324,1.0040947108222136,1.6415613598298293,1.5556203171942953,1.8599217331716515,-0.6083466912843126,1.9982935500304555,0.0,-0.16757895168880968,-0.35337023639665954,1.222930053204031,-0.8272204072068484,1.8196517425347556,-1.5099688543557923,-0.39900229695265366,-0.06273603581263132,0.18592062742476867,-0.8280958917736301,0.0
S40,early_gradual,beta_global,0.2941822365928804,0.4610982016613205,-0.8690026577008777,-0.9660983059074718,0.5331189357887809,0.023242784346271847,-1.0438634226727688,-0.5530778314820941,-0.13794757223344795,1.6415613598298293,0.0278284597042854,-0.05724175681956013,0.49773820195989416,-0.46539495837557654,0.0,-0.16757895168880968,-0.35337023639665954,-0.5632384763052636,0.40620962341966627,-0.11820953811993556,-1.5099688543557923,0.17318072927008196,-0.06273603581263132,-0.3068018834182583,0.7542529460103783,0.0
S40,early_gradual,mu_central,-1.2199085731684562,0.7295761374165657,-0.3641599053572222,-0.27682823362134923,-1.0032468734007878,0.6408137705468603,0.03302456495388465,-0.5530778314820941,-1.1168409577097287,0.08848187590259203,0.1845250604724916,-0.0717052691009714,-0.6083466912843126,0.2142432508398803,0.0,-0.16757895168880968,-0.35337023639665954,1.222930053204031,0.40620962341966627,-0.11820953811993556,0.7988520238640747,0.17318072927008196,-0.9898695699894446,0.18592062742476867,-0.8280958917736301,0.0
S40,early_gradual,beta_central,0.46241454878858923,-0.5320446593332941,-0.8690026577008777,-0.9660983059074718,0.6867555167077424,-0.809394374225567,-1.0438634226727688,0.27488299408990324,-0.6273942649715883,-0.6233462208973923,0.31510556111266297,0.6387168045835226,0.49773820195989416,-0.46539495837557654,0.0,-0.16757895168880968,-0.35337023639665954,-0.5632384763052636,-0.8272204072068484,-0.11820953811993556,0.02924506445745227,-1.5433683493981252,1.3279642654525885,-0.3068018834182583,-0.03692147288162578,0.0
S40,late_gradual,gait,-0.2105146999942318,0.19575604648022463,-0.8690026577008777,-0.9660983059074718,0.07220919303190965,-0.19921638725574162,-1.0438634226727688,0.27488299408990324,0.1883502229253123,0.023770230738956507,-0.5010225678884103,-0.1839221747326109,-0.6083466912843126,0.2142432508398803,0.0,-0.16757895168880968,-0.35337023639665954,-0.5632384763052636,0.40620962341966627,-0.11820953811993556,-0.74036189494917,-0.9711853231753894,0.8643974983641817,0.18592062742476867,-0.8280958917736301,0.0
S40,late_gradual,theta_global,-0.37874701218993345,0.9552360432920879,-0.3641599053572222,-0.27682823362134923,-0.23506396880600014,0.9205598936974577,0.03302456495388465,-1.381038657054092,1.8198391987191143,2.126898698557091,0.31510556111266297,0.7891943313733788,0.49773820195989416,-1.3998974960468298,0.0,-0.16757895168880968,2.543107111116947,1.222930053204031,-0.8272204072068484,-1.087140178447281,0.7988520238640747,0.17318072927008196,-1.9170031041662579,1.6640881599538508,-0.8280958917736301,0.0
S40,late_gradual,alpha_global,0.6306468609842909,0.7602816577630893,-0.8690026577008777,-0.9660983059074718,0.8403920976266972,0.27407403185763074,-1.0438634226727688,-1.381038657054092,0.5962224668737629,1.1562240211025676,-1.9831112501543602,-2.102795636619162,0.49773820195989416,0.0018563104600506516,0.0,-0.16757895168880968,-0.35337023639665954,-0.5632384763052636,0.40620962341966627,-0.11820953811993556,-0.74036189494917,-0.9711853231753894,-0.06273603581263132,-0.3068018834182583,1.5454273649023829,0.0
S40,late_gradual,beta_global,-0.715211636581344,-0.2643856079718948,-0.8690026577008777,-0.9660983059074718,-0.3887005497249616,-0.5849927490974396,-1.0438634226727688,-0.5530778314820941,1.8198391987191143,0.4767517468844009,0.7603850682956491,0.7157581633514546,1.6038230952041006,-0.23176932395776295,0.0,-0.16757895168880968,-0.35337023639665954,-0.5632384763052636,-0.8272204072068484,-0.11820953811993556,1.5684589832706968,-0.9711853231753894,-0.06273603581263132,0.6786431382677963,-1.6192703106656343,0.0
S40,late_gradual,mu_central,-0.2105146999942318,-0.7493352792367612,-0.8690026577008777,-0.9660983059074718,0.07220919303190965,-0.9915678071187399,-1.0438634226727688,0.27488299408990324,0.1883502229253123,-0.6233462208973923,0.8700726888333928,0.6808961113352251,-0.6083466912843126,0.2142432508398803,0.0,-0.16757895168880968,-0.35337023639665954,-0.5632384763052636,-0.8272204072068484,-1.087140178447281,0.7988520238640747,0.745363755492818,-0.5263028029010381,0.18592062742476867,-0.8280958917736301,0.0
S40,late_gradual,beta_central,-1.7246055097555684,1.942221974679514,-0.3641599053572222,-0.27682823362134923,-1.464156616157659,1.664223973159136,0.03302456495388465,-1.381038657054092,1.8198391987191143,3.0975733760116144,-1.4085570473376043,-1.1168543412981273,0.49773820195989416,-0.46539495837557654,0.0,-0.16757895168880968,2.543107111116947,1.222930053204031,1.6396396540461808,-1.087140178447281,-0.74036189494917,0.745363755492818,-0.9898695699894446,0.18592062742476867,-0.8280958917736301,0.0
S41,baseline,gait,1.3035761097671048,-0.13133432718029953,-0.8690026577008777,-0.9660983059074718,1.4549384213025234,-0.4734444062218636,-1.0438634226727688,-0.5530778314820941,0.8409458132428335,0.4767517468844009,0.32163458614467183,0.3711774517918999,-0.6083466912843126,-1.12379447355305,0.0,-0.16757895168880968,-0.35337023639665954,-0.5632384763052636,0.40620962341966627,-1.087140178447281,-0.74036189494917,-1.5433683493981252,0.4008307312757749,0.6786431382677963,0.7542529460103783,0.0
S41,baseline,theta_global,0.9671114853757015,-0.8711752048914102,-0.8690026577008777,-0.9660983059074718,1.1476652594646135,-1.0937167058140316,-1.0438634226727688,-0.5530778314820941,0.8409458132428335,0.08848187590259203,-1.5978987732658536,-1.0397631083499155,-0.6083466912843126,-1.12379447355305,0.0,-0.16757895168880968,-0.35337023639665954,-0.5632384763052636,-0.8272204072068484,-1.087140178447281,0.02924506445745227,-0.39900229695265366,0.4008307312757749,-0.3068018834182583,0.7542529460103783,0.0
S41,baseline,alpha_global,-1.0516762609727472,1.5502874473193669,-0.3641599053572222,-0.27682823362134923,-0.8496102924818328,1.2899542085484164,0.03302456495388465,0.27488299408990324,1.0040947108222136,1.9651195856480035,-0.8986401923377334,-0.7885468622758852,1.6038230952041006,1.2400721728744613,0.0,-0.16757895168880968,-0.35337023639665954,1.222930053204031,1.6396396540461808,-0.11820953811993556,0.7988520238640747,-1.5433683493981252,-0.9898695699894446,1.171365649110824,-0.8280958917736301,0.0
S41,baseline,beta_global,-0.042282387798522954,-0.0014273224645737802,-0.8690026577008777,-0.9660983059074718,0.2258457739508711,-0.36453218066676607,-1.0438634226727688,1.102843819661901,0.4214200766101414,0.25488324918050975,-0.2594486417040928,-0.14345283987624838,0.49773820195989416,1.4036101169669302,0.0,-0.16757895168880968,-0.35337023639665954,-0.5632384763052636,-0.8272204072068484,-0.11820953811993556,0.7988520238640747,-0.39900229695265366,-0.5263028029010381,0.18592062742476867,-0.03692147288162578,0.0
S41,baseline,mu_central,1.1353437975714031,-1.6765615223792245,-0.8690026577008777,-0.9660983059074718,1.3013018403835686,-1.7689413902809794,-1.0438634226727688,-0.5530778314820941,-1.1168409577097287,-1.0763277370428364,0.7210405957114578,0.6020515376392553,-1.7144315845285194,-1.7249418569759614,0.0,-0.16757895168880968,-0.35337023639665954,-0.5632384763052636,-0.8272204072068484,-1.087140178447281,-1.5099688543557923,0.745363755492818,0.4008307312757749,0.18592062742476867,-0.03692147288162578,0.0
S41,baseline,beta_central,-1.2199085731684562,1.2744720237007188,0.1406828469864306,0.41244183866477335,-1.1568834543197426,1.6390812674979813,0.03302456495388465,1.9308046452338978,-0.015585899048912718,0.4282180130116749,4.1607013049657215,3.9815693623138513,-0.6083466912843126,0.6602558256375246,0.0,5.963358305218869,2.543107111116947,1.222930053204031,0.40620962341966627,-1.087140178447281,0.02924506445745227,0.17318072927008196,-0.9898695699894446,1.171365649110824,-1.6192703106656343,0.0
S41,early_abrupt,gait,0.2941822365928804,0.5786216527620944,-0.3641599053572222,-0.27682823362134923,0.379482354869826,0.6463578299230299,0.03302456495388465,-0.5530778314820941,-0.13794757223344795,0.4767517468844009,0.5958536374890323,0.7257828735878813,-0.6083466912843126,-0.6777818987554067,0.0,-0.16757895168880968,2.543107111116947,1.222930053204031,-0.8272204072068484,-1.087140178447281,0.02924506445745227,-1.5433683493981252,0.8643974983641817,0.18592062742476867,-0.03692147288162578,0.0
S41,early_abrupt,theta_global,2.1447376707456276,-1.6765615223792245,-0.8690026577008777,-0.9660983059074718,2.223121325897311,-1.7689413902809794,-1.0438634226727688,0.27488299408990324,-1.4431387528684894,-1.5940208983519157,-0.9776413952250377,-0.6121276368571533,0.49773820195989416,-1.3998974960468298,0.0,-0.16757895168880968,-0.35337023639665954,-0.5632384763052636,-0.8272204072068484,-1.087140178447281,-0.74036189494917,-1.5433683493981252,0.4008307312757749,1.171365649110824,0.7542529460103783,0.0
S41,early_abrupt,alpha_global,2.312969982941329,-1.7033127983674132,-0.8690026577008777,-0.9660983059074718,2.3767579068162656,-1.791369287919663,-1.0438634226727688,-0.5530778314820941,-1.1168409577097287,-1.4645976080246461,-1.1865701962493123,-1.401849657188006,-0.6083466912843126,-1.12379447355305,0.0,-0.16757895168880968,-0.35337023639665954,-0.5632384763052636,-0.8272204072068484,-1.087140178447281,-0.74036189494917,-1.5433683493981252,-0.06273603581263132,1.6640881599538508,0.7542529460103783,0.0
S41,early_abrupt,beta_global,-0.5469793243856351,0.19575604648022552,-0.8690026577008777,-0.9660983059074718,-0.23506396880600014,-0.19921638725574087,-1.0438634226727688,1.102843819661901,0.4214200766101414,0.5322188713103735,-0.1158100909999037,-0.3080376348026531,0.49773820195989416,0.936358848131304,0.0,-0.16757895168880968,-0.35337023639665954,-0.5632384763052636,-0.8272204072068484,-0.11820953811993556,1.5684589832706968,-0.39900229695265366,-0.5263028029010381,-0.3068018834182583,-0.03692147288162578,0.0
S41,early_abrupt,mu_central,1.3035761097671048,-0.5409131981777303,-0.8690026577008777,-0.9660983059074718,1.4549384213025234,-0.8168296338182505,-1.0438634226727688,0.27488299408990324,-1.4431387528684894,-0.2997879950792177,-0.5467257431124704,-0.6466120700798283,0.49773820195989416,-0.46539495837557654,0.0,-0.16757895168880968,-0.35337023639665954,-0.5632384763052636,0.40620962341966627,-1.087140178447281,-1.5099688543557923,-0.9711853231753894,0.4008307312757749,1.171365649110824,-0.03692147288162578,0.0
S41,early_abrupt,beta_central,-1.89283782195127,1.1512470517005104,-0.8690026577008777,-0.9660983059074718,-1.464156616157659,0.6018539792279004,-1.0438634226727688,1.102843819661901,-0.2777894844443453,-0.2997879950792177,0.7329631631612126,1.081884520792284,-0.6083466912843126,1.552280975232811,0.0,-0.16757895168880968,-0.35337023639665954,-0.5632384763052636,0.40620962341966627,1.8196517425347556,-0.74036189494917,0.17318072927008196,0.4008307312757749,-1.7849694159473408,-0.03692147288162578,0.0
S41,late_abrupt,gait,-0.715211636581344,-0.2643856079718948,-0.8690026577008777,-0.9660983059074718,-0.3887005497249616,-0.5849927490974396,-1.0438634226727688,-1.381038657054092,0.5962224668737629,0.18554934364804404,-1.1865701962493123,-1.1370177598973366,-0.6083466912843126,-1.5698070483506938,0.0,-0.16757895168880968,-0.35337023639665954,-0.5632384763052636,-0.8272204072068484,-0.11820953811993556,0.7988520238640747,0.17318072927008196,-0.06273603581263132,-0.3068018834182583,-0.8280958917736301,0.0
S41,late_abrupt,theta_global,2.6494346073327395,-2.392710079451588,-0.8690026577008777,-0.9660983059074718,2.684031068654182,-2.369350377844843,-1.0438634226727688,-2.2089994826260893,-3.074627728662291,-2.2411373499882647,-1.8721178246102141,-1.6427419479439254,-0.6083466912843126,-2.9078447727436245,0.0,-0.16757895168880968,-0.35337023639665954,-0.5632384763052636,-0.8272204072068484,-1.087140178447281,-1.5099688543557923,-0.9711853231753894,-0.9898695699894446,3.1422556924829337,-0.03692147288162578,0.0
S41,late_abrupt,alpha_global,0.9671114853757015,-0.43548995871405455,-0.8690026577008777,-0.9660983059074718,1.1476652594646135,-0.7284442564450857,-1.0438634226727688,-1.381038657054092,0.5962224668737629,0.18554934364804404,-0.6381320935605905,-0.12556938380415805,-0.6083466912843126,-0.6777818987554067,0.0,-0.16757895168880968,-0.35337023639665954,-0.5632384763052636,-0.8272204072068484,-0.11820953811993556,-0.74036189494917,-0.9711853231753894,1.3279642654525885,-1.2922469051043133,1.5454273649023829,0.0
S41,late_abrupt,beta_global,-1.2199085731684562,2.522502093634191,-0.8690026577008777,-0.9660983059074718,-0.8496102924818328,1.7514951301993906,-1.0438634226727688,-0.5530778314820941,1.8198391987191143,2.8063709727752575,0.8700726888333928,0.7497224801226309,-0.6083466912843126,0.2142432508398803,0.0,-0.16757895168880968,-0.35337023639665954,3.009098582713326,0.40620962341966627,-1.087140178447281,-0.74036189494917,-0.39900229695265366,-0.5263028029010381,0.18592062742476867,-0.03692147288162578,0.0
S41,late_abrupt,mu_central,-0.8834439487770457,2.3733816027421106,-0.8690026577008777,-0.9660983059074718,-0.5423371306439164,1.6264745851220468,-1.0438634226727688,1.9308046452338978,-0.015585899048912718,0.9135553517389366,-0.36391304221623005,-0.44576162120643614,-0.6083466912843126,0.6602558256375246,0.0,-0.16757895168880968,2.543107111116947,-0.5632384763052636,1.6396396540461808,-1.087140178447281,-1.5099688543557923,-0.9711853231753894,0.8643974983641817,-0.3068018834182583,-0.03692147288162578,0.0
S41,late_abrupt,beta_central,-1.5563731975598596,1.9243043077458748,-0.8690026577008777,-0.9660983059074718,-1.1568834543197426,1.2499744283265575,-1.0438634226727688,1.102843819661901,0.4214200766101414,1.0868901155701018,-0.40308719240828195,-0.15756010801279693,0.49773820195989416,1.4036101169669302,0.0,-0.16757895168880968,-0.35337023639665954,1.222930053204031,0.40620962341966627,0.8507211022074099,-1.5099688543557923,0.17318072927008196,-0.06273603581263132,-0.799524394261286,-0.03692147288162578,0.0
S41,early_gradual,gait,-1.388140885364158,1.19771703951685,-0.8690026577008777,-0.9660983059074718,-1.0032468734007878,0.6408137705468603,-1.0438634226727688,1.102843819661901,1.1206296376646276,0.5322188713103735,0.9833370796060635,0.8983041685067839,-1.7144315845285194,0.40816176162146445,0.0,-0.16757895168880968,-0.35337023639665954,-0.5632384763052636,0.40620962341966627,0.8507211022074099,0.7988520238640747,-0.9711853231753894,-0.06273603581263132,-0.799524394261286,-0.03692147288162578,0.0
S41,early_gradual,theta_global,0.6306468609842909,0.041213781158955416,-0.8690026577008777,-0.9660983059074718,0.8403920976266972,-0.3287824725896164,-1.0438634226727688,0.27488299408990324,-1.4431387528684894,-0.2997879950792177,-1.4085570473376043,-1.276736713512349,0.49773820195989416,-0.46539495837557654,0.0,-0.16757895168880968,-0.35337023639665954,-0.5632384763052636,0.40620962341966627,-0.11820953811993556,-1.5099688543557923,-1.5433683493981252,1.3279642654525885,0.18592062742476867,-0.03692147288162578,0.0
S41,early_gradual,alpha_global,0.46241454878858923,-1.1347670501672495,-0.8690026577008777,-0.9660983059074718,0.6867555167077424,-1.3147084419408777,-1.0438634226727688,0.27488299408990324,-0.6273942649715883,-0.9469044467155665,0.0278284597042854,0.32208700862986867,0.49773820195989416,-0.9326462272112032,0.0,-0.16757895168880968,-0.35337023639665954,-0.5632384763052636,-0.8272204072068484,-1.087140178447281,-0.74036189494917,1.3175467817155535,-0.06273603581263132,-0.3068018834182583,-0.03692147288162578,0.0
S41,early_gradual,beta_global,0.12594992439717873,0.8793432054885305,-0.8690026577008777,-0.9660983059074718,0.379482354869826,0.37389357714842075,-1.0438634226727688,0.27488299408990324,1.0040947108222136,0.99444490819348,0.5958536374890323,0.6300244474488813,-0.6083466912843126,0.6602558256375246,0.0,-0.16757895168880968,-0.35337023639665954,-0.5632384763052636,1.6396396540461808,-1.087140178447281,-0.74036189494917,-0.9711853231753894,-0.06273603581263132,0.6786431382677963,-0.03692147288162578,0.0
S41,early_gradual,mu_central,0.6306468609842909,-1.0914307337254932,-0.8690026577008777,-0.9660983059074718,0.8403920976266972,-1.2783758771083646,-1.0438634226727688,-1.381038657054092,0.5962224668737629,-0.2997879950792177,1.007182214505573,0.7871281153331771,-0.6083466912843126,-1.5698070483506938,0.0,-0.16757895168880968,-0.35337023639665954,-0.5632384763052636,-0.8272204072068484,-1.087140178447281,0.02924506445745227,0.745363755492818,-1.9170031041662579,2.6495331816399057,-1.6192703106656343,0.0
S41,early_gradual,beta_central,-0.8834439487770457,0.6533540736200764,-0.8690026577008777,-0.9660983059074718,-0.5423371306439164,0.18442743283296903,-1.0438634226727688,0.27488299408990324,1.8198391987191143,0.99444490819348,0.047415534800310674,0.1826530503307457,-0.6083466912843126,0.6602558256375246,0.0,-0.16757895168880968,-0.35337023639665954,-0.5632384763052636,0.40620962341966627,-1.087140178447281,2.3380659426773196,-0.9711853231753894,-0.9898695699894446,0.6786431382677963,-0.8280958917736301,0.0
S41,late_gradual,gait,-0.2105146999942318,-0.18914389426893227,-0.8690026577008777,-0.9660983059074718,0.07220919303190965,-0.5219111430523953,-1.0438634226727688,1.102843819661901,-0.2777894844443453,-0.5771236172090815,0.45874411181685204,0.5447395991688361,-0.6083466912843126,1.552280975232811,0.0,-0.16757895168880968,-0.35337023639665954,-0.5632384763052636,0.40620962341966627,-1.087140178447281,-0.74036189494917,0.745363755492818,-0.06273603581263132,0.18592062742476867,-0.8280958917736301,0.0
S41,late_gradual,theta_global,1.4718084219628136,-0.12312535786595409,-0.8690026577008777,-0.9660983059074718,1.6085750022214849,-0.4665621205476206,-1.0438634226727688,0.27488299408990324,-0.6273942649715883,-0.6233462208973923,-0.5467257431124704,-0.7782799060209521,0.49773820195989416,-0.46539495837557654,0.0,-0.16757895168880968,-0.35337023639665954,-0.5632384763052636,0.40620962341966627,-1.087140178447281,-1.5099688543557923,-0.39900229695265366,-0.06273603581263132,0.18592062742476867,1.5454273649023829,0.0
S41,late_gradual,alpha_global,0.6306468609842909,-0.21967161042216646,-0.8690026577008777,-0.9660983059074718,0.8403920976266972,-0.5475051555895849,-1.0438634226727688,1.102843819661901,-0.2777894844443453,-0.02245237294935397,-0.36391304221623005,-0.7450067028908085,-0.6083466912843126,0.6602558256375246,0.0,-0.16757895168880968,-0.35337023639665954,-0.5632384763052636,-0.8272204072068484,-0.11820953811993556,0.02924506445745227,-0.9711853231753894,0.4008307312757749,-0.3068018834182583,0.7542529460103783,0.0
S41,late_gradual,beta_global,1.4718084219628136,-0.9767616629907088,-0.8690026577008777,-0.9660983059074718,1.6085750022214849,-1.1822389234206898,-1.0438634226727688,0.27488299408990324,-2.2588832407653903,-1.2704626725337411,-0.9776413952250377,-0.5494286673613794,0.49773820195989416,-0.9326462272112032,0.0,-0.16757895168880968,-0.35337023639665954,-0.5632384763052636,-0.8272204072068484,-0.11820953811993556,-1.5099688543557923,-0.39900229695265366,-0.5263028029010381,1.6640881599538508,-0.03692147288162578,0.0
S41,late_gradual,mu_central,1.6400407341585153,-0.1203917527401155,-0.8690026577008777,-0.9660983059074718,1.7622115831404397,-0.46427030403860775,-1.0438634226727688,-1.381038657054092,1.8198391987191143,1.1562240211025676,0.047415534800310674,0.35771142311610327,-0.6083466912843126,-2.461832197945981,0.0,-0.16757895168880968,-0.35337023639665954,-0.5632384763052636,-0.8272204072068484,0.8507211022074099,-1.5099688543557923,-0.9711853231753894,-1.4534363370778514,2.1568106707968786,0.7542529460103783,0.0
S41,late_gradual,beta_central,-0.715211636581344,3.5198082120009,-0.3641599053572222,-0.27682823362134923,-0.5423371306439164,3.0000966131403803,0.03302456495388465,-0.5530778314820941,0.8409458132428335,0.4767517468844009,1.4185107915221151,1.3586862213503283,-0.6083466912843126,0.6602558256375246,0.0,5.963358305218869,5.439584458630554,-0.5632384763052636,0.40620962341966627,-1.087140178447281,-0.74036189494917,-1.5433683493981252,-0.9898695699894446,1.6640881599538508,-0.03692147288162578,0.0
S42,baseline,gait,0.2941822365928804,-0.1642934945477702,-0.3641599053572222,-0.27682823362134923,0.379482354869826,-0.5405106702659858,0.03302456495388465,-0.5530778314820941,0.8409458132428335,0.08848187590259203,-0.40308719240828195,-0.7061760911008125,0.49773820195989416,0.46910757929567676,0.0,-0.16757895168880968,-0.35337023639665954,-0.5632384763052636,-0.8272204072068484,-0.11820953811993556,-0.74036189494917,1.3175467817155535,-0.5263028029010381,-0.3068018834182583,0.7542529460103783,0.0
S42,baseline,theta_global,0.2941822365928804,0.5786216527620934,-0.8690026577008777,-0.9660983059074718,0.5331189357887809,0.12177281082413895,-1.0438634226727688,1.102843819661901,-0.9769990454988318,-0.8544592393389455,0.45874411181685204,-0.14188536563885346,0.49773820195989416,-0.46539495837557654,0.0,-0.16757895168880968,-0.35337023639665954,-0.5632384763052636,-0.8272204072068484,-0.11820953811993556,0.7988520238640747,0.745363755492818,-2.380569871254665,0.18592062742476867,1.5454273649023829,0.0
S42,baseline,alpha_global,2.481202295137038,-2.1290258806691584,-0.8690026577008777,-0.9660983059074718,2.530394487735227,-2.1482812138228455,-1.0438634226727688,-2.2089994826260893,0.1883502229253123,-0.9469044467155665,-0.6381320935605905,-0.5759332317391385,-0.6083466912843126,-2.461832197945981,0.0,-0.16757895168880968,-0.35337023639665954,-0.5632384763052636,-0.8272204072068484,-1.087140178447281,-0.74036189494917,-2.115551375620861,-0.06273603581263132,2.6495331816399057,-0.03692147288162578,0.0
S42,baseline,beta_global,1.3035761097671048,-0.8333563531265659,-0.8690026577008777,-0.9660983059074718,1.4549384213025234,-1.062009906610548,-1.0438634226727688,-1.381038657054092,-0.6273942649715883,-1.2704626725337411,-0.5010225678884103,-0.695631264412887,-0.6083466912843126,-1.5698070483506938,0.0,-0.16757895168880968,-0.35337023639665954,-0.5632384763052636,-0.8272204072068484,-1.087140178447281,0.02924506445745227,-0.39900229695265366,-0.5263028029010381,0.6786431382677963,0.7542529460103783,0.0
S42,baseline,mu_central,-2.0610701341469717,1.267926490958926,-0.3641599053572222,-0.27682823362134923,-1.7714297779955752,1.0461652996783846,0.03302456495388465,-0.5530778314820941,-0.13794757223344795,0.8650216178662107,-0.2594486417040928,-0.3064701605652582,0.49773820195989416,0.46910757929567676,0.0,-0.16757895168880968,-0.35337023639665954,1.222930053204031,0.40620962341966627,1.8196517425347556,-0.74036189494917,0.745363755492818,0.4008307312757749,-2.770414437633396,0.7542529460103783,0.0
S42,baseline,beta_central,0.7988791731799926,-1.215890204927971,-0.8690026577008777,-0.9660983059074718,0.9940286785456521,-1.382720966349203,-1.0438634226727688,-2.2089994826260893,0.1883502229253123,-0.2997879950792177,0.45874411181685204,0.6300244474488813,-0.6083466912843126,-1.12379447355305,0.0,-0.16757895168880968,-0.35337023639665954,-0.5632384763052636,-0.8272204072068484,-1.087140178447281,-0.74036189494917,0.745363755492818,-0.06273603581263132,0.18592062742476867,-0.03692147288162578,0.0
S42,early_abrupt,gait,0.7988791731799926,0.4388091914688967,-0.8690026577008777,-0.9660983059074718,0.9940286785456521,0.004555988274040761,-1.0438634226727688,-0.5530778314820941,-0.13794757223344795,0.4767517468844009,-0.8340028445208486,-0.8206017104305987,0.49773820195989416,-0.46539495837557654,0.0,-0.16757895168880968,-0.35337023639665954,-0.5632384763052636,0.40620962341966627,-0.11820953811993556,-0.74036189494917,-1.5433683493981252,-0.5263028029010381,1.6640881599538508,-0.03692147288162578,0.0
S42,early_abrupt,theta_global,2.312969982941329,-0.8711752048914102,-0.8690026577008777,-0.9660983059074718,2.3767579068162656,-1.0937167058140316,-1.0438634226727688,-2.2089994826260893,-1.4431387528684894,-1.5940208983519157,-0.3281453398669658,-0.2165789206033832,-1.7144315845285194,-1.7249418569759614,0.0,-0.16757895168880968,-0.35337023639665954,-0.5632384763052636,-0.8272204072068484,-1.087140178447281,0.02924506445745227,-0.9711853231753894,-1.9170031041662579,2.1568106707968786,1.5454273649023829,0.0
S42,early_abrupt,alpha_global,1.1353437975714031,-0.27843534912423273,-0.8690026577008777,-0.9660983059074718,1.3013018403835686,-0.5967718566268808,-1.0438634226727688,0.27488299408990324,-1.4431387528684894,-0.9469044467155665,-1.6527425835347254,-1.6871798425740545,1.6038230952041006,-0.23176932395776295,0.0,-0.16757895168880968,-0.35337023639665954,-0.5632384763052636,-0.8272204072068484,-0.11820953811993556,-0.74036189494917,-0.39900229695265366,-0.06273603581263132,-0.3068018834182583,1.5454273649023829,0.0
S42,early_abrupt,beta_global,0.7988791731799926,0.19575604648022463,-0.8690026577008777,-0.9660983059074718,0.9940286785456521,-0.19921638725574162,-1.0438634226727688,0.27488299408990324,1.0040947108222136,0.023770230738956507,-0.22680351654404982,-0.21384668290104805,-0.6083466912843126,-0.6777818987554067,0.0,-0.16757895168880968,-0.35337023639665954,-0.5632384763052636,-0.8272204072068484,-1.087140178447281,2.3380659426773196,-1.5433683493981252,-0.9898695699894446,0.18592062742476867,1.5454273649023829,0.0
S42,early_abrupt,mu_central,0.6306468609842909,-0.4937912729489815,-0.8690026577008777,-0.9660983059074718,0.8403920976266972,-0.7773232672421403,-1.0438634226727688,1.9308046452338978,-0.015585899048912718,-0.5424566644428486,0.1845250604724916,0.3143208862718695,-0.6083466912843126,1.106268400435168,0.0,-0.16757895168880968,-0.35337023639665954,-0.5632384763052636,-0.8272204072068484,-0.11820953811993556,0.02924506445745227,-1.5433683493981252,0.8643974983641817,0.18592062742476867,-0.03692147288162578,0.0
S42,early_abrupt,beta_central,0.12594992439717873,1.4126609750538424,-0.3641599053572222,-0.27682823362134923,0.2258457739508711,1.3642481612930435,0.03302456495388465,1.102843819661901,-0.2777894844443453,-0.02245237294935397,1.2814012658499347,1.1133052543691426,-0.6083466912843126,0.2142432508398803,0.0,5.963358305218869,2.543107111116947,-0.5632384763052636,-0.8272204072068484,-1.087140178447281,-0.74036189494917,0.745363755492818,-0.9898695699894446,0.18592062742476867,0.7542529460103783,0.0
S42,late_abrupt,gait,-0.2105146999942318,1.115626479163321,-0.8690026577008777,-0.9660983059074718,0.07220919303190965,0.5719901867475674,-1.0438634226727688,1.102843819661901,-0.2777894844443453,-0.02245237294935397,-0.2594486417040928,0.1449624198043084,0.49773820195989416,1.4036101169669302,0.0,-0.16757895168880968,-0.35337023639665954,-0.5632384763052636,0.40620962341966627,-0.11820953811993556,0.02924506445745227,0.17318072927008196,-0.9898695699894446,-0.799524394261286,1.5454273649023829,0.0
S42,late_abrupt,theta_global,0.6306468609842909,-1.0914307337254932,-0.3641599053572222,-0.27682823362134923,0.6867555167077424,-0.8093943742255663,0.03302456495388465,0.27488299408990324,-1.4431387528684894,-0.6233462208973923,-1.1212799459292262,-0.8409788755167251,0.49773820195989416,0.0018563104600506516,0.0,-0.16757895168880968,-0.35337023639665954,-0.5632384763052636,0.40620962341966627,-0.11820953811993556,-1.5099688543557923,0.17318072927008196,0.4008307312757749,0.6786431382677963,-0.8280958917736301,0.0
S42,late_abrupt,alpha_global,0.2941822365928804,0.09406847737828893,-0.8690026577008777,-0.9660983059074718,0.5331189357887809,-0.28446983056632325,-1.0438634226727688,-0.5530778314820941,-1.1168409577097287,-1.0763277370428364,0.8521888376587613,1.0070732503711908,-1.7144315845285194,-0.4450796858175054,0.0,-0.16757895168880968,-0.35337023639665954,-0.5632384763052636,0.40620962341966627,-1.087140178447281,-0.74036189494917,0.17318072927008196,0.4008307312757749,-0.799524394261286,0.7542529460103783,0.0
S42,late_abrupt,beta_global,0.2941822365928804,-0.29816718369027273,-0.8690026577008777,-0.9660983059074718,0.5331189357887809,-0.6133147522280468,-1.0438634226727688,0.27488299408990324,1.0040947108222136,0.6708866823753058,1.176936865337797,0.8268137130708426,0.49773820195989416,0.0018563104600506516,0.0,-0.16757895168880968,-0.35337023639665954,-0.5632384763052636,-0.8272204072068484,-0.11820953811993556,0.02924506445745227,-0.39900229695265366,-0.06273603581263132,0.18592062742476867,-0.03692147288162578,0.0
S42,late_abrupt,mu_central,-0.8834439487770457,2.3733816027421106,0.6455255993300861,0.5481147744540757,-1.0032468734007878,2.6754201156980746,1.109912552580538,-0.5530778314820941,1.8198391987191143,3.1946408437570666,0.45874411181685204,0.27541902565290094,-0.6083466912843126,-1.12379447355305,0.0,-0.16757895168880968,5.439584458630554,3.009098582713326,0.40620962341966627,0.8507211022074099,-1.5099688543557923,0.17318072927008196,-0.9898695699894446,-0.799524394261286,1.5454273649023829,0.0
S42,late_abrupt,beta_central,-3.7433932561040173,2.5832255742056196,-0.8690026577008777,-0.9660983059074718,-3.154159006266189,1.802404851557052,-1.0438634226727688,2.758765470805896,0.7321798815232464,2.2886778114661785,1.3205754160419854,1.0478275805434436,0.49773820195989416,2.3381126546381834,0.0,-0.16757895168880968,-0.35337023639665954,-0.5632384763052636,2.873069684672696,2.788582382862101,0.02924506445745227,-0.39900229695265366,-1.9170031041662579,-0.3068018834182583,-0.8280958917736301,0.0
S42,early_gradual,gait,1.808273046354217,-1.4687378367176191,-0.8690026577008777,-0.9660983059074718,1.9158481640593945,-1.5947049033571266,-1.0438634226727688,-0.5530778314820941,-0.13794757223344795,-0.688057866061027,0.5958536374890323,0.5986037138720228,-0.6083466912843126,-2.0158196231483374,0.0,-0.16757895168880968,-0.35337023639665954,-0.5632384763052636,-0.8272204072068484,-1.087140178447281,-1.5099688543557923,0.17318072927008196,0.4008307312757749,-0.3068018834182583,1.5454273649023829,0.0
S42,early_gradual,theta_global,0.6306468609842909,-0.9348835315348482,-0.8690026577008777,-0.9660983059074718,0.8403920976266972,-1.1471288805948423,-1.0438634226727688,-0.5530778314820941,-0.13794757223344795,-0.688057866061027,0.31510556111266297,-0.055674282582165224,0.49773820195989416,-1.3998974960468298,0.0,-0.16757895168880968,-0.35337023639665954,-0.5632384763052636,-0.8272204072068484,-1.087140178447281,-0.74036189494917,1.3175467817155535,-0.06273603581263132,-0.799524394261286,0.7542529460103783,0.0
S42,early_gradual,alpha_global,-1.388140885364158,1.805774861439718,0.6455255993300861,0.5481147744540757,-1.464156616157659,2.1721222453770976,1.109912552580538,1.102843819661901,1.1206296376646276,1.6415613598298293,-0.2953582793801399,-0.14008277026585,1.6038230952041006,2.221299837429277,0.0,-0.16757895168880968,2.543107111116947,3.009098582713326,1.6396396540461808,0.8507211022074099,-0.74036189494917,-0.39900229695265366,-0.06273603581263132,-1.2922469051043133,0.7542529460103783,0.0
S42,early_gradual,beta_global,0.12594992439717873,-0.07954923084344548,-0.8690026577008777,-0.9660983059074718,0.379482354869826,-0.43002850186032493,-1.0438634226727688,0.27488299408990324,0.1883502229253123,0.34732845655713157,0.6023826625210406,0.3706787099890922,0.49773820195989416,0.0018563104600506516,0.0,-0.16757895168880968,-0.35337023639665954,-0.5632384763052636,-0.8272204072068484,0.8507211022074099,-0.74036189494917,-0.9711853231753894,0.8643974983641817,-0.3068018834182583,-0.03692147288162578,0.0
S42,early_gradual,mu_central,-1.2199085731684562,0.8422263483959148,-0.3641599053572222,-0.27682823362134923,-1.0032468734007878,0.8156398695844902,0.03302456495388465,0.27488299408990324,1.0040947108222136,0.6708866823753058,0.45874411181685204,0.26095551337148964,0.49773820195989416,0.936358848131304,0.0,-0.16757895168880968,2.543107111116947,1.222930053204031,-0.8272204072068484,-0.11820953811993556,0.02924506445745227,-0.39900229695265366,0.8643974983641817,-0.799524394261286,-0.8280958917736301,0.0
S42,early_gradual,beta_central,-0.2105146999942318,0.3185241300637945,-0.8690026577008777,-0.9660983059074718,0.07220919303190965,-0.09628933386489222,-1.0438634226727688,2.758765470805896,0.7321798815232464,0.1316229726783485,0.157103155338055,0.14794062085535828,1.6038230952041006,2.221299837429277,0.0,-0.16757895168880968,-0.35337023639665954,-0.5632384763052636,-0.8272204072068484,0.8507211022074099,0.02924506445745227,-0.39900229695265366,-0.5263028029010381,0.18592062742476867,-0.03692147288162578,0.0
S42,late_gradual,gait,-0.2105146999942318,0.4388091914688967,-0.8690026577008777,-0.9660983059074718,0.07220919303190965,0.004555988274040761,-1.0438634226727688,-0.5530778314820941,-0.13794757223344795,0.8650216178662107,1.4185107915221151,1.574142680163076,-0.6083466912843126,-0.6777818987554067,0.0,-0.16757895168880968,-0.35337023639665954,-0.5632384763052636,-0.8272204072068484,0.8507211022074099,0.02924506445745227,-0.39900229695265366,-0.06273603581263132,-0.799524394261286,0.7542529460103783,0.0
S42,late_gradual,theta_global,-2.9022316951254945,2.4184078603982733,-0.8690026577008777,-0.9660983059074718,-2.3859761016714014,1.664223973159136,-1.0438634226727688,1.102843819661901,1.8198391987191143,2.750903848349285,1.4185107915221151,1.788102913567402,-0.6083466912843126,1.552280975232811,0.0,-0.16757895168880968,-0.35337023639665954,1.222930053204031,0.40620962341966627,1.8196517425347556,0.7988520238640747,-0.39900229695265366,-1.9170031041662579,0.18592062742476867,-0.8280958917736301,0.0
S42,late_gradual,alpha_global,2.6494346073327395,-1.7807693175835313,-0.8690026577008777,-0.9660983059074718,2.684031068654182,-1.8563077560957166,-1.0438634226727688,-2.2089994826260893,0.1883502229253123,-0.2997879950792177,-0.7752416192327715,-0.6642105308360284,-0.6083466912843126,-2.461832197945981,0.0,-0.16757895168880968,-0.35337023639665954,-0.5632384763052636,-0.8272204072068484,-1.087140178447281,-0.74036189494917,-2.115551375620861,0.4008307312757749,1.171365649110824,1.5454273649023829,0.0
S42,late_gradual,beta_global,0.6306468609842909,-0.9348835315348482,-0.8690026577008777,-0.9660983059074718,0.8403920976266972,-1.1471288805948423,-1.0438634226727688,1.9308046452338978,-0.015585899048912718,-0.7851253338064794,-0.6381320935605905,-0.7674500840171365,-0.6083466912843126,1.552280975232811,0.0,-0.16757895168880968,-0.35337023639665954,-0.5632384763052636,-0.8272204072068484,-1.087140178447281,0.02924506445745227,0.17318072927008196,-0.06273603581263132,0.18592062742476867,-0.03692147288162578,0.0
S42,late_gradual,mu_central,1.4718084219628136,-0.9767616629907088,-0.8690026577008777,-0.9660983059074718,1.6085750022214849,-1.1822389234206898,-1.0438634226727688,-0.5530778314820941,-1.1168409577097287,-1.4645976080246461,-0.7752416192327715,-1.2088365795015856,-0.6083466912843126,-1.5698070483506938,0.0,-0.16757895168880968,-0.35337023639665954,-0.5632384763052636,-0.8272204072068484,-1.087140178447281,-0.74036189494917,0.17318072927008196,-0.06273603581263132,-0.3068018834182583,1.5454273649023829,0.0
S42,late_gradual,beta_central,-0.37874701218993345,-0.38931587210910173,-0.8690026577008777,-0.9660983059074718,-0.08142738788704525,-0.689732544585329,-1.0438634226727688,0.27488299408990324,0.1883502229253123,-0.2997879950792177,-1.3236797219214924,-1.0098386001814779,-0.6083466912843126,-0.23176932395776295,0.0,-0.16757895168880968,-0.35337023639665954,-0.5632384763052636,-0.8272204072068484,-1.087140178447281,1.5684589832706968,0.17318072927008196,-0.06273603581263132,-0.799524394261286,-0.03692147288162578,0.0
S43,baseline,gait,-1.7246055097555684,2.670757688958777,1.1503683516737415,0.9405993734264544,-1.9250663589145303,2.980433429537863,1.109912552580538,-0.5530778314820941,1.8198391987191143,2.8063709727752575,0.31510556111266297,0.24528077099754617,0.49773820195989416,0.0018563104600506516,0.0,-0.16757895168880968,2.543107111116947,3.009098582713326,4.10649971529921,0.8507211022074099,-0.74036189494917,0.17318072927008196,-2.380569871254665,0.18592062742476867,0.7542529460103783,0.0
S43,baseline,theta_global,1.3035761097671048,-1.6575637626933417,-0.8690026577008777,-0.9660983059074718,1.4549384213025234,-1.75301393284727,-1.0438634226727688,0.27488299408990324,-0.6273942649715883,-1.2704626725337411,-0.6381320935605905,-0.5609709776549194,-0.6083466912843126,-1.12379447355305,0.0,-0.16757895168880968,-0.35337023639665954,-0.5632384763052636,-0.8272204072068484,-1.087140178447281,-1.5099688543557923,0.745363755492818,-0.06273603581263132,0.6786431382677963,-0.03692147288162578,0.0
S43,baseline,alpha_global,-1.7246055097555684,2.4947504825060847,-0.3641599053572222,-0.27682823362134923,-1.464156616157659,2.030709446072847,0.03302456495388465,-1.381038657054092,1.8198391987191143,4.5535853921933995,-0.2953582793801399,-0.18781236079450794,1.6038230952041006,0.2588445083196455,0.0,-0.16757895168880968,-0.35337023639665954,3.009098582713326,1.6396396540461808,-1.087140178447281,0.7988520238640747,-0.39900229695265366,-0.9898695699894446,-0.799524394261286,0.7542529460103783,0.0
S43,baseline,beta_global,-0.042282387798522954,-0.6849724475468161,-0.8690026577008777,-0.9660983059074718,0.2258457739508711,-0.9376069044120708,-1.0438634226727688,1.102843819661901,0.4214200766101414,-0.5771236172090815,0.8700726888333928,0.9442317832174727,-0.6083466912843126,0.2142432508398803,0.0,-0.16757895168880968,-0.35337023639665954,-0.5632384763052636,-0.8272204072068484,-0.11820953811993556,0.02924506445745227,-0.9711853231753894,1.3279642654525885,-0.3068018834182583,-0.8280958917736301,0.0
S43,baseline,mu_central,0.46241454878858923,1.2744720237007188,-0.8690026577008777,-0.9660983059074718,0.6867555167077424,0.705164081511266,-1.0438634226727688,-1.381038657054092,1.8198391987191143,2.126898698557091,0.6023826625210406,0.5493707730520464,0.49773820195989416,-0.9326462272112032,0.0,-0.16757895168880968,-0.35337023639665954,-0.5632384763052636,-0.8272204072068484,1.8196517425347556,0.02924506445745227,-0.9711853231753894,-2.380569871254665,1.171365649110824,1.5454273649023829,0.0
S43,baseline,beta_central,-0.8834439487770457,0.9894451492693092,-0.8690026577008777,-0.9660983059074718,-0.5423371306439164,0.46620151513334773,-1.0438634226727688,1.102843819661901,0.4214200766101414,0.8095544934402381,-0.5467257431124704,-0.3973836663341293,0.49773820195989416,1.8708613858025573,0.0,-0.16757895168880968,-0.35337023639665954,-0.5632384763052636,0.40620962341966627,0.8507211022074099,0.02924506445745227,-0.9711853231753894,-0.5263028029010381,0.6786431382677963,-0.8280958917736301,0.0
S43,early_abrupt,gait,1.808273046354217,-1.2985324416283626,-0.8690026577008777,-0.9660983059074718,1.9158481640593945,-1.4520070679230717,-1.0438634226727688,0.27488299408990324,-1.4431387528684894,-1.5940208983519157,0.32163458614467183,0.27392280024447857,-0.6083466912843126,-0.6777818987554067,0.0,-0.16757895168880968,-0.35337023639665954,-0.5632384763052636,-0.8272204072068484,-1.087140178447281,-0.74036189494917,-0.39900229695265366,-0.5263028029010381,1.171365649110824,0.7542529460103783,0.0
S43,early_abrupt,theta_global,0.46241454878858923,0.4980663991259784,-0.8690026577008777,-0.9660983059074718,0.6867555167077424,0.05423640681833865,-1.0438634226727688,-1.381038657054092,0.5962224668737629,1.6415613598298293,-1.7638734622374403,-1.4305141860651405,2.7099079884483075,-1.5228583562667317,0.0,-0.16757895168880968,-0.35337023639665954,-0.5632384763052636,0.40620962341966627,-0.11820953811993556,-0.74036189494917,-0.9711853231753894,-0.5263028029010381,1.171365649110824,-0.03692147288162578,0.0
S43,early_abrupt,alpha_global,1.3035761097671048,-0.8333563531265659,-0.8690026577008777,-0.9660983059074718,1.4549384213025234,-1.062009906610548,-1.0438634226727688,1.9308046452338978,-0.6273942649715883,-1.2704626725337411,-0.6381320935605905,-0.7375255758486994,-0.6083466912843126,0.2142432508398803,0.0,-0.16757895168880968,-0.35337023639665954,-0.5632384763052636,-0.8272204072068484,-1.087140178447281,-0.74036189494917,0.745363755492818,-0.5263028029010381,-0.3068018834182583,1.5454273649023829,0.0
S43,early_abrupt,beta_global,0.2941822365928804,2.1307702021306754,-0.8690026577008777,-0.9660983059074718,0.5331189357887809,1.4230725619328222,-1.0438634226727688,-1.381038657054092,1.8198391987191143,2.126898698557091,-1.2649184966334153,-1.094909701974607,0.49773820195989416,-1.3998974960468298,0.0,-0.16757895168880968,-0.35337023639665954,-0.5632384763052636,1.6396396540461808,0.8507211022074099,-1.5099688543557923,-0.9711853231753894,-1.4534363370778514,0.18592062742476867,2.3366017837943867,0.0
S43,early_abrupt,mu_central,2.1447376707456276,-1.326432507176563,-0.8690026577008777,-0.9660983059074718,2.223121325897311,-1.4753980947475074,-1.0438634226727688,-0.5530778314820941,-2.09573434318601,-1.4645976080246461,-0.9776413952250377,-1.2281450121531248,0.49773820195989416,-1.3998974960468298,0.0,-0.16757895168880968,-0.35337023639665954,-0.5632384763052636,-0.8272204072068484,-1.087140178447281,-0.74036189494917,-0.9711853231753894,-0.06273603581263132,0.6786431382677963,1.5454273649023829,0.0
S43,early_abrupt,beta_central,1.1353437975714031,-0.41523848781367556,-0.8690026577008777,-0.9660983059074718,1.3013018403835686,-0.71146570497012,-1.0438634226727688,-1.381038657054092,0.5962224668737629,-0.2997879950792177,0.31510556111266297,0.27036035879585535,0.49773820195989416,-1.3998974960468298,0.0,-0.16757895168880968,-0.35337023639665954,-0.5632384763052636,-0.8272204072068484,-0.11820953811993556,-0.74036189494917,-0.39900229695265366,-0.5263028029010381,0.6786431382677963,0.7542529460103783,0.0
S43,late_abrupt,gait,0.9671114853757015,-0.72164786178121,-0.8690026577008777,-0.9660983059074718,1.1476652594646135,-0.9683550614969321,-1.0438634226727688,0.27488299408990324,-1.4431387528684894,-1.2704626725337411,-0.40308719240828195,-0.5039719144769439,0.49773820195989416,-0.46539495837557654,0.0,-0.16757895168880968,-0.35337023639665954,-0.5632384763052636,-0.8272204072068484,-0.11820953811993556,-1.5099688543557923,0.17318072927008196,0.4008307312757749,-0.3068018834182583,0.7542529460103783,0.0
S43,late_abrupt,theta_global,1.3035761097671048,-0.8333563531265659,-0.8690026577008777,-0.9660983059074718,1.4549384213025234,-1.062009906610548,-1.0438634226727688,0.27488299408990324,-0.6273942649715883,-1.2704626725337411,-0.2594486417040928,-0.5729407809222946,0.49773820195989416,-0.46539495837557654,0.0,-0.16757895168880968,-0.35337023639665954,-0.5632384763052636,-0.8272204072068484,-1.087140178447281,-0.74036189494917,0.745363755492818,-0.5263028029010381,-0.3068018834182583,1.5454273649023829,0.0
S43,late_abrupt,alpha_global,2.312969982941329,-0.72164786178121,-0.8690026577008777,-0.9660983059074718,2.3767579068162656,-0.9683550614969321,-1.0438634226727688,-1.381038657054092,-0.6273942649715883,-0.7851253338064794,-1.9831112501543602,-1.9256710477936023,0.49773820195989416,-1.3998974960468298,0.0,-0.16757895168880968,-0.35337023639665954,-0.5632384763052636,-0.8272204072068484,-0.11820953811993556,-1.5099688543557923,-0.9711853231753894,-0.5263028029010381,0.6786431382677963,2.3366017837943867,0.0
S43,late_abrupt,beta_global,-0.715211636581344,-0.0014273224645737802,-0.8690026577008777,-0.9660983059074718,-0.3887005497249616,-0.36453218066676607,-1.0438634226727688,0.27488299408990324,1.0040947108222136,0.34732845655713157,-0.5010225678884103,-0.21683913371789185,-0.6083466912843126,0.2142432508398803,0.0,-0.16757895168880968,-0.35337023639665954,-0.5632384763052636,-0.8272204072068484,-0.11820953811993556,1.5684589832706968,-0.39900229695265366,-0.5263028029010381,0.18592062742476867,-0.8280958917736301,0.0
S43,late_abrupt,mu_central,-0.8834439487770457,1.5145488504070301,-0.8690026577008777,-0.9660983059074718,-0.5423371306439164,0.9064411531981065,-1.0438634226727688,-0.5530778314820941,1.8198391987191143,2.8063709727752575,-0.40308719240828195,-0.6701241836407436,0.49773820195989416,0.0018563104600506516,0.0,-0.16757895168880968,-0.35337023639665954,-0.5632384763052636,1.6396396540461808,-0.11820953811993556,-0.74036189494917,0.17318072927008196,-0.5263028029010381,-0.799524394261286,0.7542529460103783,0.0
S43,late_abrupt,beta_central,0.12594992439717873,-1.2432646229941013,-0.8690026577008777,-0.9660983059074718,0.379482354869826,-1.405671297637205,-1.0438634226727688,1.9308046452338978,-0.6273942649715883,-1.0277940031701103,-0.1158100909999037,0.36754376151430423,0.49773820195989416,0.46910757929567676,0.0,-0.16757895168880968,-0.35337023639665954,-0.5632384763052636,-0.8272204072068484,-1.087140178447281,0.02924506445745227,0.17318072927008196,0.8643974983641817,-0.3068018834182583,-0.8280958917736301,0.0
S43,early_gradual,gait,-0.042282387798522954,-0.8333563531265659,-0.8690026577008777,-0.9660983059074718,0.2258457739508711,-1.062009906610548,-1.0438634226727688,1.9308046452338978,-0.6273942649715883,-1.2704626725337411,-0.9123511449049517,-0.551993625204389,-0.6083466912843126,-0.23176932395776295,0.0,-0.16757895168880968,-0.35337023639665954,-0.5632384763052636,-0.8272204072068484,-1.087140178447281,0.02924506445745227,1.3175467817155535,-0.06273603581263132,-0.799524394261286,-0.03692147288162578,0.0
S43,early_gradual,theta_global,-2.9022316951254945,2.328100593540679,0.1406828469864306,-0.012749466240508704,-2.6932492635093177,2.1487454679340643,1.109912552580538,0.27488299408990324,1.8198391987191143,2.935794263102527,0.6023826625210406,0.7437375784889433,0.49773820195989416,1.4036101169669302,0.0,-0.16757895168880968,2.543107111116947,3.009098582713326,0.40620962341966627,0.8507211022074099,0.7988520238640747,-0.39900229695265366,-0.5263028029010381,-0.799524394261286,-0.8280958917736301,0.0
S43,early_gradual,alpha_global,-1.5563731975598596,1.6316114112048095,-0.3641599053572222,-0.27682823362134923,-1.310520035238704,1.5006876177712631,0.03302456495388465,1.102843819661901,0.4214200766101414,-0.02245237294935397,1.8298393685386558,1.798576491426355,-0.6083466912843126,1.106268400435168,0.0,5.963358305218869,2.543107111116947,-0.5632384763052636,-0.8272204072068484,0.8507211022074099,-0.74036189494917,0.17318072927008196,-0.5263028029010381,0.6786431382677963,-1.6192703106656343,0.0
S43,early_gradual,beta_global,-1.2199085731684562,0.6148941767464354,-0.8690026577008777,-0.9660983059074718,-0.8496102924818328,0.1521831903281559,-1.0438634226727688,-0.5530778314820941,1.8198391987191143,1.6415613598298293,0.6023826625210406,0.7562773723880979,0.49773820195989416,1.4036101169669302,0.0,-0.16757895168880968,-0.35337023639665954,-0.5632384763052636,-0.8272204072068484,1.8196517425347556,0.02924506445745227,0.17318072927008196,-0.9898695699894446,0.18592062742476867,-0.8280958917736301,0.0
S43,early_gradual,mu_central,0.7988791731799926,0.19575604648022552,-0.8690026577008777,-0.9660983059074718,0.9940286785456521,-0.19921638725574087,-1.0438634226727688,0.27488299408990324,0.1883502229253123,0.34732845655713157,-0.22680351654404982,0.11083423072649619,-0.6083466912843126,0.2142432508398803,0.0,-0.16757895168880968,-0.35337023639665954,-0.5632384763052636,-0.8272204072068484,0.8507211022074099,-0.74036189494917,-0.9711853231753894,-0.5263028029010381,0.6786431382677963,0.7542529460103783,0.0
S43,early_gradual,beta_central,0.46241454878858923,0.13339141069134433,-0.8690026577008777,-0.9660983059074718,0.6867555167077424,-0.2515020303168183,-1.0438634226727688,1.9308046452338978,-0.015585899048912718,-0.057119325715586824,-0.7752416192327715,-0.831787776579277,-0.6083466912843126,0.2142432508398803,0.0,-0.16757895168880968,-0.35337023639665954,-0.5632384763052636,-0.8272204072068484,0.8507211022074099,-1.5099688543557923,0.745363755492818,-0.9898695699894446,0.18592062742476867,0.7542529460103783,0.0
S43,late_gradual,gait,1.3035761097671048,-2.039842548696431,-0.8690026577008777,-0.9660983059074718,1.4549384213025234,-2.0735111489689597,-1.0438634226727688,-0.5530778314820941,-2.09573434318601,-1.4645976080246461,0.8521888376587613,0.7580492997868916,-1.7144315845285194,-1.7249418569759614,0.0,-0.16757895168880968,-0.35337023639665954,-0.5632384763052636,-0.8272204072068484,-1.087140178447281,-1.5099688543557923,-0.39900229695265366,1.7915310325409948,-0.3068018834182583,-0.03692147288162578,0.0
S43,late_gradual,theta_global,1.6400407341585153,-0.8208161586766182,-0.8690026577008777,-0.9660983059074718,1.7622115831404397,-1.0514963820363634,-1.0438634226727688,0.27488299408990324,-1.4431387528684894,-0.9469044467155665,-1.1212799459292262,-1.0181034643422844,0.49773820195989416,-1.3998974960468298,0.0,-0.16757895168880968,-0.35337023639665954,-0.5632384763052636,-0.8272204072068484,-0.11820953811993556,-1.5099688543557923,-0.39900229695265366,-0.5263028029010381,1.171365649110824,0.7542529460103783,0.0
S43,late_gradual,alpha_global,0.9671114853757015,1.028002988079147,-0.8690026577008777,-0.9660983059074718,1.1476652594646135,0.4985278707949512,-1.0438634226727688,-0.5530778314820941,-0.13794757223344795,0.08848187590259203,-1.1212799459292262,-1.0055636704431299,0.49773820195989416,-1.3998974960468298,0.0,-0.16757895168880968,-0.35337023639665954,1.222930053204031,-0.8272204072068484,-0.11820953811993556,-1.5099688543557923,-0.9711853231753894,-0.06273603581263132,0.18592062742476867,1.5454273649023829,0.0
S43,late_gradual,beta_global,0.2941822365928804,1.028002988079147,-0.8690026577008777,-0.9660983059074718,0.5331189357887809,0.4985278707949512,-1.0438634226727688,0.27488299408990324,1.8198391987191143,0.34732845655713157,-0.5467257431124704,-0.3033352120904693,0.49773820195989416,-0.9326462272112032,0.0,-0.16757895168880968,-0.35337023639665954,-0.5632384763052636,-0.8272204072068484,0.8507211022074099,0.7988520238640747,-0.39900229695265366,-2.380569871254665,0.6786431382677963,1.5454273649023829,0.0
S43,late_gradual,mu_central,0.6306468609842909,0.8723999333789536,-0.8690026577008777,-0.9660983059074718,0.8403920976266972,0.3680724344029356,-1.0438634226727688,0.27488299408990324,-0.6273942649715883,-0.2997879950792177,-1.5019221052953269,-1.8237852223629707,1.6038230952041006,-0.23176932395776295,0.0,-0.16757895168880968,-0.35337023639665954,-0.5632384763052636,0.40620962341966627,-0.11820953811993556,-0.74036189494917,-0.39900229695265366,-0.9898695699894446,0.18592062742476867,1.5454273649023829,0.0
S43,late_gradual,beta_central,-0.5469793243856351,1.0076179156375638,-0.8690026577008777,-0.9660983059074718,-0.23506396880600014,0.48143730964643483,-1.0438634226727688,1.102843819661901,-0.2777894844443453,0.25488324918050975,0.7460212132252303,0.7782220117116182,0.49773820195989416,0.46910757929567676,0.0,-0.16757895168880968,-0.35337023639665954,-0.5632384763052636,0.40620962341966627,-0.11820953811993556,0.7988520238640747,-0.9711853231753894,-0.06273603581263132,-0.799524394261286,0.7542529460103783,0.0
S44,baseline,gait,0.46241454878858923,0.6148941767464363,1.1503683516737415,0.9405993734264544,0.07220919303190965,1.8620898016689797,1.109912552580538,-0.5530778314820941,-0.13794757223344795,0.8650216178662107,0.8896597639294187,0.8064365479847162,0.49773820195989416,-1.3998974960468298,0.0,5.963358305218869,2.543107111116947,3.009098582713326,0.40620962341966627,-0.11820953811993556,-1.5099688543557923,-1.5433683493981252,1.3279642654525885,0.18592062742476867,-0.03692147288162578,0.0
S44,baseline,theta_global,-0.042282387798522954,0.8352432150266733,-0.8690026577008777,-0.9660983059074718,0.2258457739508711,0.3369207586412905,-1.0438634226727688,0.27488299408990324,1.0040947108222136,0.34732845655713157,0.8700726888333928,1.1537033403965335,-0.6083466912843126,1.552280975232811,0.0,-0.16757895168880968,-0.35337023639665954,-0.5632384763052636,0.40620962341966627,-0.11820953811993556,0.02924506445745227,-0.9711853231753894,-0.06273603581263132,-0.3068018834182583,0.7542529460103783,0.0
S44,baseline,alpha_global,-1.0516762609727472,1.5502874473193677,-0.3641599053572222,-0.27682823362134923,-0.8496102924818328,1.3691706771047818,0.03302456495388465,0.27488299408990324,1.0040947108222136,1.6415613598298293,0.6023826625210406,0.6763361862809874,0.49773820195989416,0.936358848131304,0.0,-0.16757895168880968,2.543107111116947,1.222930053204031,-0.8272204072068484,1.8196517425347556,-1.5099688543557923,-0.9711853231753894,0.8643974983641817,-0.799524394261286,-0.03692147288162578,0.0
S44,baseline,beta_global,0.7988791731799926,-0.18914389426893227,-0.8690026577008777,-0.9660983059074718,0.9940286785456521,-0.5219111430523953,-1.0438634226727688,-0.5530778314820941,-2.09573434318601,-0.688057866061027,-0.9776413952250377,-0.1998819124224436,0.49773820195989416,-0.9326462272112032,0.0,-0.16757895168880968,-0.35337023639665954,-0.5632384763052636,0.40620962341966627,-1.087140178447281,-0.74036189494917,-0.9711853231753894,0.4008307312757749,0.6786431382677963,-0.03692147288162578,0.0
S44,baseline,mu_central,0.2941822365928804,-1.0255558552822308,-0.8690026577008777,-0.9660983059074718,0.5331189357887809,-1.223147295438521,-1.0438634226727688,-0.5530778314820941,-0.13794757223344795,0.08848187590259203,-0.9776413952250377,-1.025940835529256,0.49773820195989416,-0.46539495837557654,0.0,-0.16757895168880968,-0.35337023639665954,-0.5632384763052636,-0.8272204072068484,-0.11820953811993556,-1.5099688543557923,0.17318072927008196,1.7915310325409948,-1.2922469051043133,-0.03692147288162578,0.0
S44,baseline,beta_central,0.12594992439717873,-0.2113288129695774,-0.8690026577008777,-0.9660983059074718,0.379482354869826,-0.5405106702659858,-1.0438634226727688,1.102843819661901,-0.2777894844443453,-0.8544592393389455,-0.9123511449049517,-0.7539840553413398,-0.6083466912843126,0.2142432508398803,0.0,-0.16757895168880968,-0.35337023639665954,-0.5632384763052636,-0.8272204072068484,0.8507211022074099,-1.5099688543557923,0.17318072927008196,0.4008307312757749,-0.3068018834182583,-0.03692147288162578,0.0
S44,early_abrupt,gait,-1.0516762609727472,1.6502494728332366,-0.8690026577008777,-0.9660983059074718,-0.6959737115628714,1.02021066724388,-1.0438634226727688,1.102843819661901,0.4214200766101414,0.5322188713103735,0.0278284597042854,-0.003947632748152839,0.49773820195989416,0.46910757929567676,0.0,-0.16757895168880968,-0.35337023639665954,1.222930053204031,-0.8272204072068484,-0.11820953811993556,1.5684589832706968,-0.39900229695265366,-1.9170031041662579,0.6786431382677963,-0.03692147288162578,0.0
S44,early_abrupt,theta_global,1.4718084219628136,-0.2559733943873488,-0.8690026577008777,-0.9660983059074718,1.6085750022214849,-0.5779400662544888,-1.0438634226727688,-0.5530778314820941,-0.13794757223344795,-0.2997879950792177,-0.2594486417040928,-0.6293698534684908,0.49773820195989416,-0.46539495837557654,0.0,-0.16757895168880968,-0.35337023639665954,-0.5632384763052636,0.40620962341966627,-1.087140178447281,-1.5099688543557923,-0.39900229695265366,-0.5263028029010381,1.171365649110824,0.7542529460103783,0.0
S44,early_abrupt,alpha_global,0.46241454878858923,0.006592456319952883,-0.8690026577008777,-0.9660983059074718,0.6867555167077424,-0.357808509700803,-1.0438634226727688,0.27488299408990324,1.0040947108222136,0.34732845655713157,-0.6903642938166595,-0.7422279985608823,0.49773820195989416,0.0018563104600506516,0.0,-0.16757895168880968,-0.35337023639665954,-0.5632384763052636,0.40620962341966627,-0.11820953811993556,-1.5099688543557923,-0.9711853231753894,0.4008307312757749,1.171365649110824,-0.8280958917736301,0.0
S44,early_abrupt,beta_global,0.12594992439717873,-1.2432646229941013,-0.8690026577008777,-0.9660983059074718,0.379482354869826,-1.405671297637205,-1.0438634226727688,0.27488299408990324,-1.4431387528684894,-0.9469044467155665,-0.2594486417040928,-0.5572660385483512,0.49773820195989416,0.0018563104600506516,0.0,-0.16757895168880968,-0.35337023639665954,-0.5632384763052636,-0.8272204072068484,-0.11820953811993556,-0.74036189494917,-0.9711853231753894,1.7915310325409948,0.18592062742476867,-1.6192703106656343,0.0
S44,early_abrupt,mu_central,1.3035761097671048,-0.6849724475468161,-0.8690026577008777,-0.9660983059074718,1.4549384213025234,-0.9376069044120708,-1.0438634226727688,-2.2089994826260893,0.1883502229253123,-0.2997879950792177,0.5958536374890323,0.636009349082569,-0.6083466912843126,-2.0158196231483374,0.0,-0.16757895168880968,-0.35337023639665954,-0.5632384763052636,-0.8272204072068484,-1.087140178447281,0.7988520238640747,-1.5433683493981252,-0.06273603581263132,0.6786431382677963,0.7542529460103783,0.0
S44,early_abrupt,beta_central,-1.388140885364158,1.19771703951685,-0.8690026577008777,-0.9660983059074718,-1.0032468734007878,0.6408137705468603,-1.0438634226727688,0.27488299408990324,0.1883502229253123,1.3180031340116551,-0.1158100909999037,-0.23750129411990742,0.49773820195989416,0.46910757929567676,0.0,-0.16757895168880968,-0.35337023639665954,-0.5632384763052636,0.40620962341966627,1.8196517425347556,-0.74036189494917,-0.39900229695265366,-0.5263028029010381,0.18592062742476867,-0.8280958917736301,0.0
S44,late_abrupt,gait,0.2941822365928804,-1.3509942897157023,-0.8690026577008777,-0.9660983059074718,0.5331189357887809,-1.4959903515376,-1.0438634226727688,0.27488299408990324,-0.6273942649715883,-1.2704626725337411,-0.45929358181426866,-0.48993279739419493,-1.7144315845285194,-0.018458962098020476,0.0,-0.16757895168880968,-0.35337023639665954,-0.5632384763052636,-0.8272204072068484,-1.087140178447281,-0.74036189494917,1.3175467817155535,-0.06273603581263132,0.18592062742476867,-0.8280958917736301,0.0
S44,late_abrupt,theta_global,-0.715211636581344,1.4743929617550038,-0.3641599053572222,-0.27682823362134923,-0.5423371306439164,1.3953609293324778,0.03302456495388465,0.27488299408990324,1.0040947108222136,1.3180031340116551,0.8896597639294187,0.8785403629048559,0.49773820195989416,0.0018563104600506516,0.0,5.963358305218869,2.543107111116947,-0.5632384763052636,-0.8272204072068484,-0.11820953811993556,-0.74036189494917,0.17318072927008196,-0.5263028029010381,0.6786431382677963,-0.8280958917736301,0.0
S44,late_abrupt,alpha_global,-0.37874701218993345,1.8783204564820875,-0.3641599053572222,-0.27682823362134923,-0.23506396880600014,1.6390812674979813,0.03302456495388465,0.27488299408990324,0.1883502229253123,0.34732845655713157,0.3275958698695492,-0.26094525662702306,-1.7144315845285194,0.8347824853409505,0.0,-0.16757895168880968,2.543107111116947,1.222930053204031,0.40620962341966627,-0.11820953811993556,-1.5099688543557923,0.17318072927008196,-0.9898695699894446,0.18592062742476867,0.7542529460103783,0.0
S44,late_abrupt,beta_global,0.46241454878858923,-1.1347670501672495,-0.8690026577008777,-0.9660983059074718,0.6867555167077424,-1.3147084419408777,-1.0438634226727688,-0.5530778314820941,0.8409458132428335,-0.688057866061027,0.7210405957114578,0.951257537309193,-1.7144315845285194,-0.4450796858175054,0.0,-0.16757895168880968,-0.35337023639665954,-0.5632384763052636,-0.8272204072068484,-1.087140178447281,0.02924506445745227,0.17318072927008196,-0.06273603581263132,0.6786431382677963,-0.8280958917736301,0.0
S44,late_abrupt,mu_central,1.1353437975714031,-0.27843534912423273,-0.8690026577008777,-0.9660983059074718,1.3013018403835686,-0.5967718566268808,-1.0438634226727688,-0.5530778314820941,-0.13794757223344795,0.4767517468844009,-1.6527425835347254,-1.381052124010942,1.6038230952041006,-0.23176932395776295,0.0,-0.16757895168880968,-0.35337023639665954,-0.5632384763052636,-0.8272204072068484,-0.11820953811993556,-0.74036189494917,-0.39900229695265366,-0.06273603581263132,-0.3068018834182583,1.5454273649023829,0.0
S44,late_abrupt,beta_central,-0.37874701218993345,-1.4651209436332273,-0.8690026577008777,-0.9660983059074718,-0.08142738788704525,-1.5916725505115046,-1.0438634226727688,1.102843819661901,-1.6762086065533182,-1.409130483598673,1.0332983146336086,0.3879209266004306,0.49773820195989416,0.0018563104600506516,0.0,-0.16757895168880968,-0.35337023639665954,-0.5632384763052636,-0.8272204072068484,-1.087140178447281,0.02924506445745227,1.3175467817155535,-0.5263028029010381,1.171365649110824,-2.4104447295576383,0.0
S44,early_gradual,gait,0.9671114853757015,-1.7033127983674132,-0.8690026577008777,-0.9660983059074718,1.1476652594646135,-1.791369287919663,-1.0438634226727688,-0.5530778314820941,-0.13794757223344795,-0.688057866061027,-0.5467257431124704,-0.4569476873551144,0.49773820195989416,0.0018563104600506516,0.0,-0.16757895168880968,-0.35337023639665954,-0.5632384763052636,-0.8272204072068484,-1.087140178447281,-0.74036189494917,-0.39900229695265366,0.8643974983641817,0.6786431382677963,-0.8280958917736301,0.0
S44,early_gradual,theta_global,-0.042282387798522954,-1.3089738552158803,-0.8690026577008777,-0.9660983059074718,0.2258457739508711,-1.4607610038193408,-1.0438634226727688,-1.381038657054092,-0.6273942649715883,-0.2997879950792177,1.2456335635006692,1.2661154058640542,-1.7144315845285194,-2.151562580695446,0.0,-0.16757895168880968,-0.35337023639665954,-0.5632384763052636,-0.8272204072068484,-1.087140178447281,0.7988520238640747,-1.5433683493981252,2.7186645667178078,-1.2922469051043133,-0.8280958917736301,0.0
S44,early_gradual,alpha_global,-0.37874701218993345,0.13600340446033565,-0.8690026577008777,-0.9660983059074718,-0.08142738788704525,-0.2493121710775924,-1.0438634226727688,0.27488299408990324,0.1883502229253123,0.023770230738956507,-0.9776413952250377,-1.2014979501174214,0.49773820195989416,1.4036101169669302,0.0,-0.16757895168880968,-0.35337023639665954,-0.5632384763052636,0.40620962341966627,-1.087140178447281,0.7988520238640747,-0.9711853231753894,0.4008307312757749,0.18592062742476867,-0.8280958917736301,0.0
S44,early_gradual,beta_global,-0.2105146999942318,0.19575604648022552,-0.8690026577008777,-0.9660983059074718,0.07220919303190965,-0.19921638725574087,-1.0438634226727688,-0.5530778314820941,0.8409458132428335,0.8650216178662107,0.047415534800310674,0.09736820205069951,-0.6083466912843126,-0.6777818987554067,0.0,-0.16757895168880968,-0.35337023639665954,-0.5632384763052636,0.40620962341966627,-1.087140178447281,0.02924506445745227,0.745363755492818,-1.4534363370778514,1.171365649110824,-0.8280958917736301,0.0
S44,early_gradual,mu_central,2.481202295137038,-1.7379774666523025,-0.8690026577008777,-0.9660983059074718,2.530394487735227,-1.8204316635729096,-1.0438634226727688,-1.381038657054092,-1.8510109968169397,-1.2704626725337411,-1.7350082989380338,-1.3749175998364123,-0.6083466912843126,-2.0158196231483374,0.0,-0.16757895168880968,-0.35337023639665954,-0.5632384763052636,-0.8272204072068484,-1.087140178447281,-0.74036189494917,-2.115551375620861,0.8643974983641817,0.6786431382677963,1.5454273649023829,0.0
S44,early_gradual,beta_central,-0.042282387798522954,1.5754079671737056,-0.3641599053572222,-0.27682823362134923,0.07220919303190965,1.4084164329967797,0.03302456495388465,1.102843819661901,-0.2777894844443453,0.8095544934402381,-0.22680351654404982,-0.5893992604149352,-0.6083466912843126,0.6602558256375246,0.0,-0.16757895168880968,2.543107111116947,1.222930053204031,0.40620962341966627,-1.087140178447281,-0.74036189494917,-0.9711853231753894,0.8643974983641817,-1.2922469051043133,1.5454273649023829,0.0
S44,late_gradual,gait,0.9671114853757015,-0.43548995871405455,-0.8690026577008777,-0.9660983059074718,1.1476652594646135,-0.7284442564450857,-1.0438634226727688,-0.5530778314820941,0.8409458132428335,0.08848187590259203,0.45874411181685204,0.48510432931887854,0.49773820195989416,-0.46539495837557654,0.0,-0.16757895168880968,-0.35337023639665954,-0.5632384763052636,-0.8272204072068484,-0.11820953811993556,0.02924506445745227,-1.5433683493981252,-0.06273603581263132,1.171365649110824,-0.03692147288162578,0.0
S44,late_gradual,theta_global,1.1353437975714031,-1.0027212010049447,-0.8690026577008777,-0.9660983059074718,1.3013018403835686,-1.2040030389562577,-1.0438634226727688,0.27488299408990324,0.1883502229253123,-0.6233462208973923,0.047415534800310674,0.2320284888086671,-0.6083466912843126,-0.23176932395776295,0.0,-0.16757895168880968,-0.35337023639665954,-0.5632384763052636,-0.8272204072068484,-0.11820953811993556,-1.5099688543557923,-0.39900229695265366,0.4008307312757749,0.6786431382677963,-0.03692147288162578,0.0
S44,late_gradual,alpha_global,-0.042282387798522954,-0.0014273224645737802,-0.8690026577008777,-0.9660983059074718,0.2258457739508711,-0.36453218066676607,-1.0438634226727688,0.27488299408990324,1.0040947108222136,0.34732845655713157,-1.3236797219214924,-0.912583948634057,-0.6083466912843126,0.2142432508398803,0.0,-0.16757895168880968,-0.35337023639665954,-0.5632384763052636,-0.8272204072068484,-0.11820953811993556,0.02924506445745227,0.745363755492818,-0.5263028029010381,-0.799524394261286,0.7542529460103783,0.0
S44,late_gradual,beta_global,-0.37874701218993345,-0.25317224791080606,-0.8690026577008777,-0.9660983059074718,-0.08142738788704525,-0.5755916240166458,-1.0438634226727688,1.102843819661901,0.4214200766101414,0.25488324918050975,0.32163458614467183,0.04350408734751192,-0.6083466912843126,1.552280975232811,0.0,-0.16757895168880968,-0.35337023639665954,-0.5632384763052636,-0.8272204072068484,-0.11820953811993556,0.7988520238640747,-0.9711853231753894,1.3279642654525885,-1.2922469051043133,-0.03692147288162578,0.0
S44,late_gradual,mu_central,0.9671114853757015,-1.5233734852533052,-0.8690026577008777,-0.9660983059074718,1.1476652594646135,-1.640510671026769,-1.0438634226727688,0.27488299408990324,-1.4431387528684894,-1.2704626725337411,0.8700726888333928,1.0968467748765023,-0.6083466912843126,-1.12379447355305,0.0,-0.16757895168880968,-0.35337023639665954,-0.5632384763052636,-0.8272204072068484,-0.11820953811993556,-1.5099688543557923,-0.9711853231753894,0.8643974983641817,1.6640881599538508,-1.6192703106656343,0.0
S44,late_gradual,beta_central,0.2941822365928804,1.2416820113911993,-0.8690026577008777,-0.9660983059074718,0.5331189357887809,0.6776733913485321,-1.0438634226727688,-1.381038657054092,0.5962224668737629,0.6708866823753058,-0.596999235858937,-0.905402066673632,1.6038230952041006,-1.2129969885125789,0.0,-0.16757895168880968,-0.35337023639665954,1.222930053204031,-0.8272204072068484,-0.11820953811993556,-1.5099688543557923,0.745363755492818,-0.9898695699894446,-0.3068018834182583,1.5454273649023829,0.0
S46,baseline,gait,-2.2293024463426807,3.038120507302543,4.179424865735669,1.835573775335227,-3.3077955871851437,4.757317088928779,4.340576515460499,0.27488299408990324,1.8198391987191143,4.5535853921933995,-0.08969399087186956,-0.11659203135362664,-0.6083466912843126,0.2142432508398803,0.0,5.963358305218869,11.232539153657768,8.367604171241211,4.10649971529921,-0.11820953811993556,0.02924506445745227,-1.5433683493981252,-1.4534363370778514,1.171365649110824,-0.8280958917736301,0.0
S46,baseline,theta_global,0.7988791731799926,-0.3236444986995783,-0.8690026577008777,-0.9660983059074718,0.9940286785456521,-0.634674578704716,-1.0438634226727688,-2.2089994826260893,1.8198391987191143,1.6415613598298293,-0.06584885597236008,-0.3153297975592261,-1.7144315845285194,-1.298321133256476,0.0,-0.16757895168880968,-0.35337023639665954,-0.5632384763052636,-0.8272204072068484,0.8507211022074099,-1.5099688543557923,-0.9711853231753894,0.4008307312757749,0.6786431382677963,-0.03692147288162578,0.0
S46,baseline,alpha_global,-1.0516762609727472,1.748857423266297,0.1406828469864306,0.41244183866477335,-1.0032468734007878,1.6970822900279583,0.03302456495388465,1.102843819661901,0.4214200766101414,1.3642257376999656,-0.14453780114074138,0.32404635142661115,1.6038230952041006,1.7306860051518687,0.0,-0.16757895168880968,-0.35337023639665954,1.222930053204031,1.6396396540461808,1.8196517425347556,0.02924506445745227,-0.9711853231753894,-0.9898695699894446,-0.3068018834182583,0.7542529460103783,0.0
S46,baseline,beta_global,0.7988791731799926,0.8978224924915567,-0.8690026577008777,-0.9660983059074718,0.9940286785456521,0.389386354297545,-1.0438634226727688,-2.2089994826260893,1.8198391987191143,2.2886778114661785,0.17146701040847384,0.19668906963832172,0.49773820195989416,-1.3998974960468298,0.0,-0.16757895168880968,-0.35337023639665954,-0.5632384763052636,0.40620962341966627,0.8507211022074099,-1.5099688543557923,-1.5433683493981252,-0.5263028029010381,1.171365649110824,0.7542529460103783,0.0
S46,baseline,mu_central,1.808273046354217,-1.2985324416283626,-0.8690026577008777,-0.9660983059074718,1.9158481640593945,-1.4520070679230717,-1.0438634226727688,-0.5530778314820941,-2.09573434318601,-1.8528674790064554,-0.9123511449049517,-0.736029350440278,-0.6083466912843126,-2.0158196231483374,0.0,-0.16757895168880968,-0.35337023639665954,-0.5632384763052636,-0.8272204072068484,-1.087140178447281,-1.5099688543557923,0.17318072927008196,0.8643974983641817,-1.2922469051043133,2.3366017837943867,0.0
S46,baseline,beta_central,-0.37874701218993345,1.7814351974241702,-0.8690026577008777,-0.9660983059074718,-0.08142738788704525,1.1301949537534672,-1.0438634226727688,-1.381038657054092,1.8198391987191143,3.0975733760116144,-0.36391304221623005,-0.25274854352001663,-0.6083466912843126,0.6602558256375246,0.0,-0.16757895168880968,-0.35337023639665954,1.222930053204031,-0.8272204072068484,0.8507211022074099,0.02924506445745227,-1.5433683493981252,-0.5263028029010381,0.18592062742476867,0.7542529460103783,0.0
S46,early_abrupt,gait,-0.37874701218993345,0.13600340446033565,-0.8690026577008777,-0.9660983059074718,-0.08142738788704525,-0.2493121710775924,-1.0438634226727688,-0.5530778314820941,0.8409458132428335,0.8650216178662107,0.17146701040847384,0.1857167499765611,0.49773820195989416,-0.46539495837557654,0.0,-0.16757895168880968,-0.35337023639665954,-0.5632384763052636,-0.8272204072068484,0.8507211022074099,0.02924506445745227,-0.9711853231753894,0.8643974983641817,-0.799524394261286,-0.03692147288162578,0.0
S46,early_abrupt,theta_global,0.2941822365928804,-0.1642934945477693,-0.3641599053572222,-0.27682823362134923,0.379482354869826,-0.012112302817402588,0.03302456495388465,-0.5530778314820941,0.8409458132428335,1.2532914888480196,-0.44617875761953846,-0.6486497865884412,1.6038230952041006,-0.23176932395776295,0.0,-0.16757895168880968,-0.35337023639665954,1.222930053204031,0.40620962341966627,-1.087140178447281,-0.74036189494917,-0.39900229695265366,0.8643974983641817,-0.3068018834182583,-0.03692147288162578,0.0
S46,early_abrupt,alpha_global,0.12594992439717873,0.049173344831577995,0.1406828469864306,0.41244183866477335,0.07220919303190965,0.6611158299596672,0.03302456495388465,0.27488299408990324,0.1883502229253123,0.34732845655713157,0.17146701040847384,-0.10896840665357252,0.49773820195989416,0.46910757929567676,0.0,-0.16757895168880968,2.543107111116947,1.222930053204031,0.40620962341966627,-1.087140178447281,-0.74036189494917,0.745363755492818,-0.5263028029010381,0.18592062742476867,-0.03692147288162578,0.0
S46,early_abrupt,beta_global,-0.2105146999942318,0.19575604648022463,-0.8690026577008777,-0.9660983059074718,0.07220919303190965,-0.19921638725574162,-1.0438634226727688,1.102843819661901,-0.2777894844443453,-0.02245237294935397,-0.8986401923377334,-0.8165262774133739,1.6038230952041006,0.2588445083196455,0.0,-0.16757895168880968,-0.35337023639665954,-0.5632384763052636,0.40620962341966627,-0.11820953811993556,-1.5099688543557923,0.17318072927008196,0.8643974983641817,-0.799524394261286,-0.03692147288162578,0.0
S46,early_abrupt,mu_central,-0.2105146999942318,0.19575604648022463,-0.3641599053572222,-0.27682823362134923,-0.08142738788704525,0.15420427103803822,0.03302456495388465,-0.5530778314820941,0.8409458132428335,1.2532914888480196,-0.9776413952250377,-0.6795290290651093,0.49773820195989416,0.0018563104600506516,0.0,-0.16757895168880968,-0.35337023639665954,-0.5632384763052636,0.40620962341966627,-0.11820953811993556,0.7988520238640747,0.17318072927008196,-0.5263028029010381,-0.799524394261286,0.7542529460103783,0.0
S46,early_abrupt,beta_central,-0.5469793243856351,0.07034451196567222,-0.8690026577008777,-0.9660983059074718,-0.23506396880600014,-0.3043596731328147,-1.0438634226727688,2.758765470805896,0.1883502229253123,0.1316229726783485,-0.1158100909999037,0.21863370896184206,0.49773820195989416,1.8708613858025573,0.0,-0.16757895168880968,-0.35337023639665954,-0.5632384763052636,0.40620962341966627,-1.087140178447281,0.7988520238640747,-0.9711853231753894,0.8643974983641817,-0.3068018834182583,-0.8280958917736301,0.0
S46,late_abrupt,gait,-1.0516762609727472,0.6939614350582761,-0.8690026577008777,-0.9660983059074718,-0.6959737115628714,0.2184720797543002,-1.0438634226727688,0.27488299408990324,1.8198391987191143,1.6415613598298293,-1.1865701962493123,-0.9873952190551503,-0.6083466912843126,-0.6777818987554067,0.0,-0.16757895168880968,-0.35337023639665954,-0.5632384763052636,-0.8272204072068484,1.8196517425347556,0.7988520238640747,-1.5433683493981252,-0.06273603581263132,0.18592062742476867,-0.8280958917736301,0.0
S46,late_abrupt,theta_global,0.9671114853757015,0.6939614350582761,-0.3641599053572222,-0.27682823362134923,0.9940286785456521,0.6611158299596672,0.03302456495388465,0.27488299408990324,-0.6273942649715883,0.023770230738956507,-1.7638734622374403,-1.816855336260806,2.7099079884483075,-0.4899871304195569,0.0,-0.16757895168880968,-0.35337023639665954,1.222930053204031,0.40620962341966627,-0.11820953811993556,-0.74036189494917,-1.5433683493981252,-0.06273603581263132,0.18592062742476867,1.5454273649023829,0.0
S46,late_abrupt,alpha_global,0.2941822365928804,1.3460675504994655,-0.8690026577008777,-0.9660983059074718,0.5331189357887809,0.7651887751796683,-1.0438634226727688,0.27488299408990324,-0.6273942649715883,0.023770230738956507,-0.7752416192327715,-0.6851576865539342,-0.6083466912843126,0.2142432508398803,0.0,-0.16757895168880968,-0.35337023639665954,1.222930053204031,-0.8272204072068484,-0.11820953811993556,-0.74036189494917,-0.39900229695265366,-0.5263028029010381,-0.3068018834182583,1.5454273649023829,0.0
S46,late_abrupt,beta_global,-1.0516762609727472,1.3460675504994655,-0.8690026577008777,-0.9660983059074718,-0.6959737115628714,0.7651887751796683,-1.0438634226727688,1.102843819661901,0.4214200766101414,0.8095544934402381,0.7329631631612126,0.7691734104321152,-0.6083466912843126,0.6602558256375246,0.0,-0.16757895168880968,-0.35337023639665954,-0.5632384763052636,-0.8272204072068484,2.788582382862101,0.02924506445745227,-0.39900229695265366,-1.9170031041662579,0.6786431382677963,-0.03692147288162578,0.0
S46,late_abrupt,mu_central,1.6400407341585153,-1.2950575593181075,-0.8690026577008777,-0.9660983059074718,1.7622115831404397,-1.4490937749349062,-1.0438634226727688,0.27488299408990324,-1.4431387528684894,-1.2704626725337411,0.17146701040847384,0.5415334018650747,0.49773820195989416,-0.46539495837557654,0.0,-0.16757895168880968,-0.35337023639665954,-0.5632384763052636,-0.8272204072068484,-1.087140178447281,-0.74036189494917,-0.39900229695265366,-0.06273603581263132,0.6786431382677963,0.7542529460103783,0.0
S46,late_abrupt,beta_central,0.2941822365928804,-0.29816718369027273,-0.8690026577008777,-0.9660983059074718,0.5331189357887809,-0.6133147522280468,-1.0438634226727688,-0.5530778314820941,0.8409458132428335,0.08848187590259203,-0.9123511449049517,-0.6387746988928565,-0.6083466912843126,-1.5698070483506938,0.0,-0.16757895168880968,-0.35337023639665954,-0.5632384763052636,-0.8272204072068484,-0.11820953811993556,-1.5099688543557923,2.461912834161025,-1.4534363370778514,-0.3068018834182583,0.7542529460103783,0.0
S46,early_gradual,gait,0.2941822365928804,-0.03362136282676217,-0.8690026577008777,-0.9660983059074718,0.5331189357887809,-0.3915232162397087,-1.0438634226727688,1.9308046452338978,-0.015585899048912718,-0.7851253338064794,0.0278284597042854,-0.0713490249561087,0.49773820195989416,0.936358848131304,0.0,-0.16757895168880968,-0.35337023639665954,-0.5632384763052636,-0.8272204072068484,-0.11820953811993556,0.02924506445745227,0.17318072927008196,-0.5263028029010381,-0.3068018834182583,0.7542529460103783,0.0
S46,early_gradual,theta_global,-0.2105146999942318,0.6724960117007249,-0.8690026577008777,-0.9660983059074718,0.07220919303190965,0.20047576742711534,-1.0438634226727688,-0.5530778314820941,-0.13794757223344795,0.4767517468844009,1.5556203171942953,1.122282606819674,-0.6083466912843126,-0.23176932395776295,0.0,-0.16757895168880968,-0.35337023639665954,-0.5632384763052636,0.40620962341966627,-0.11820953811993556,-0.74036189494917,0.17318072927008196,-0.06273603581263132,-0.799524394261286,0.7542529460103783,0.0
S46,early_gradual,alpha_global,0.2941822365928804,1.448913983661098,-0.3641599053572222,-0.27682823362134923,0.379482354869826,1.236591633399892,0.03302456495388465,-0.5530778314820941,1.8198391987191143,2.029831230811639,-1.2002811488165304,-0.17629142514965887,1.6038230952041006,-1.2129969885125789,0.0,-0.16757895168880968,-0.35337023639665954,1.222930053204031,0.40620962341966627,-0.11820953811993556,0.7988520238640747,-0.9711853231753894,-1.4534363370778514,-0.3068018834182583,2.3366017837943867,0.0
S46,early_gradual,beta_global,-0.5469793243856351,0.19575604648022463,-0.8690026577008777,-0.9660983059074718,-0.23506396880600014,-0.19921638725574162,-1.0438634226727688,-1.381038657054092,1.8198391987191143,0.6708866823753058,-1.8035630617741238,-1.6542628835887736,1.6038230952041006,-1.7036108207899872,0.0,-0.16757895168880968,-0.35337023639665954,-0.5632384763052636,-0.8272204072068484,-0.11820953811993556,0.7988520238640747,1.3175467817155535,-1.9170031041662579,0.18592062742476867,-0.03692147288162578,0.0
S46,early_gradual,mu_central,-0.8834439487770457,0.7673466175796978,-0.8690026577008777,-0.9660983059074718,-0.5423371306439164,0.27999719588383526,-1.0438634226727688,1.102843819661901,-0.2777894844443453,0.25488324918050975,0.17146701040847384,0.5148863398293706,0.49773820195989416,1.8708613858025573,0.0,-0.16757895168880968,-0.35337023639665954,-0.5632384763052636,0.40620962341966627,-0.11820953811993556,0.02924506445745227,0.745363755492818,-0.9898695699894446,-0.3068018834182583,-0.03692147288162578,0.0
S46,early_gradual,beta_central,-0.5469793243856351,0.3185241300637945,-0.8690026577008777,-0.9660983059074718,-0.23506396880600014,-0.09628933386489222,-1.0438634226727688,1.9308046452338978,-0.015585899048912718,-0.2997879950792177,-0.40308719240828195,-0.5212141310882813,0.49773820195989416,1.8708613858025573,0.0,-0.16757895168880968,-0.35337023639665954,-0.5632384763052636,-0.8272204072068484,0.8507211022074099,0.02924506445745227,0.17318072927008196,-0.5263028029010381,-0.3068018834182583,-0.03692147288162578,0.0
S46,late_gradual,gait,-0.37874701218993345,0.009263181417000825,-0.3641599053572222,-0.27682823362134923,-0.23506396880600014,0.10344100234852764,0.03302456495388465,0.27488299408990324,-0.6273942649715883,0.023770230738956507,1.176936865337797,1.192035210383722,0.49773820195989416,0.936358848131304,0.0,-0.16757895168880968,-0.35337023639665954,1.222930053204031,0.40620962341966627,-1.087140178447281,0.02924506445745227,-0.39900229695265366,1.3279642654525885,-1.2922469051043133,-0.03692147288162578,0.0
S46,late_gradual,theta_global,1.4718084219628136,-0.9767616629907088,-0.8690026577008777,-0.9660983059074718,1.6085750022214849,-1.1822389234206898,-1.0438634226727688,0.27488299408990324,-0.6273942649715883,-0.6233462208973923,-0.5467257431124704,-0.14031789140145948,0.49773820195989416,-1.3998974960468298,0.0,-0.16757895168880968,-0.35337023639665954,-0.5632384763052636,-0.8272204072068484,-1.087140178447281,0.02924506445745227,-0.9711853231753894,-0.06273603581263132,0.6786431382677963,0.7542529460103783,0.0
S46,late_gradual,alpha_global,-1.0516762609727472,1.7488574232662961,-0.8690026577008777,-0.9660983059074718,-0.6959737115628714,1.102882201104526,-1.0438634226727688,-0.5530778314820941,0.8409458132428335,2.029831230811639,2.3260452709713086,2.253215269099684,0.49773820195989416,0.46910757929567676,0.0,-0.16757895168880968,-0.35337023639665954,1.222930053204031,0.40620962341966627,-0.11820953811993556,-0.74036189494917,0.17318072927008196,-1.4534363370778514,1.171365649110824,-0.8280958917736301,0.0
S46,late_gradual,beta_global,0.9671114853757015,-0.1642934945477693,-0.8690026577008777,-0.9660983059074718,1.1476652594646135,-0.5010769136319859,-1.0438634226727688,-1.381038657054092,-0.6273942649715883,-1.2704626725337411,1.007182214505573,1.0340053077227842,-0.6083466912843126,-1.12379447355305,0.0,-0.16757895168880968,-0.35337023639665954,-0.5632384763052636,-0.8272204072068484,-0.11820953811993556,0.02924506445745227,-0.9711853231753894,-0.5263028029010381,0.6786431382677963,0.7542529460103783,0.0
S46,late_gradual,mu_central,1.976505358549926,0.1255483170752697,-0.8690026577008777,-0.9660983059074718,2.069484744978356,-0.25807757089550315,-1.0438634226727688,-1.381038657054092,-0.6273942649715883,0.6708866823753058,-2.256024496492319,-2.034453759868769,1.6038230952041006,-2.194224653067395,0.0,-0.16757895168880968,-0.35337023639665954,-0.5632384763052636,0.40620962341966627,-1.087140178447281,-0.74036189494917,-1.5433683493981252,-0.5263028029010381,0.6786431382677963,2.3366017837943867,0.0
S46,late_gradual,beta_central,-1.2199085731684562,1.779403282994719,-0.8690026577008777,-0.9660983059074718,-0.8496102924818328,1.12849142496275,-1.0438634226727688,1.102843819661901,-0.2777894844443453,-0.02245237294935397,0.06529938597494346,0.06106847257681273,-1.7144315845285194,1.6880239327799205,0.0,-0.16757895168880968,-0.35337023639665954,1.222930053204031,0.40620962341966627,-1.087140178447281,0.02924506445745227,1.3175467817155535,-1.4534363370778514,-0.799524394261286,0.7542529460103783,0.0
S47,baseline,gait,-1.388140885364158,0.982617486086736,1.1503683516737415,0.9405993734264544,-1.6177931970766137,1.9664485279438635,1.109912552580538,1.102843819661901,1.8198391987191143,0.8095544934402381,2.2411679455551967,2.299812003247679,-0.6083466912843126,1.106268400435168,0.0,5.963358305218869,2.543107111116947,3.009098582713326,0.40620962341966627,-0.11820953811993556,0.02924506445745227,0.745363755492818,-0.5263028029010381,-0.3068018834182583,-0.8280958917736301,0.0
S47,baseline,theta_global,-0.37874701218993345,1.1712016399925123,-0.8690026577008777,-0.9660983059074718,-0.08142738788704525,0.618583628454079,-1.0438634226727688,1.102843819661901,1.8198391987191143,1.3642257376999656,0.006282677098657136,-0.43962709703190644,1.6038230952041006,1.2400721728744613,0.0,-0.16757895168880968,-0.35337023639665954,-0.5632384763052636,0.40620962341966627,0.8507211022074099,0.02924506445745227,-1.5433683493981252,-0.5263028029010381,0.6786431382677963,-0.03692147288162578,0.0
S47,baseline,alpha_global,0.7988791731799926,-0.3236444986995783,-0.8690026577008777,-0.9660983059074718,0.9940286785456521,-0.634674578704716,-1.0438634226727688,0.27488299408990324,0.1883502229253123,0.34732845655713157,-0.44617875761953846,0.03931465620393077,1.6038230952041006,0.2588445083196455,0.0,-0.16757895168880968,-0.35337023639665954,-0.5632384763052636,-0.8272204072068484,-0.11820953811993556,0.02924506445745227,-0.9711853231753894,-0.5263028029010381,1.171365649110824,-0.03692147288162578,0.0
S47,baseline,beta_global,-1.388140885364158,1.5082234650189992,0.1406828469864306,0.41244183866477335,-1.310520035238704,1.5006876177712638,0.03302456495388465,0.27488299408990324,1.0040947108222136,1.3180031340116551,-0.8986401923377334,-0.7836093184280929,1.6038230952041006,1.7306860051518687,0.0,-0.16757895168880968,-0.35337023639665954,1.222930053204031,1.6396396540461808,1.8196517425347556,-0.74036189494917,0.17318072927008196,-0.5263028029010381,-1.2922469051043133,0.7542529460103783,0.0
S47,baseline,mu_central,-0.37874701218993345,1.683266522118225,-0.8690026577008777,-0.9660983059074718,-0.08142738788704525,1.0478917020484266,-1.0438634226727688,-0.5530778314820941,0.8409458132428335,0.8650216178662107,0.3275958698695492,0.6120697425478194,-1.7144315845285194,1.2614032090604355,0.0,-0.16757895168880968,-0.35337023639665954,1.222930053204031,-0.8272204072068484,0.8507211022074099,-0.74036189494917,-0.39900229695265366,-0.9898695699894446,0.18592062742476867,0.7542529460103783,0.0
S47,baseline,beta_central,-0.2105146999942318,0.5567560603738058,-0.8690026577008777,-0.9660983059074718,0.07220919303190965,0.10344100234852764,-1.0438634226727688,0.27488299408990324,1.0040947108222136,0.99444490819348,0.0278284597042854,0.2374433998105744,0.49773820195989416,0.936358848131304,0.0,-0.16757895168880968,-0.35337023639665954,-0.5632384763052636,0.40620962341966627,-0.11820953811993556,0.02924506445745227,-1.5433683493981252,0.8643974983641817,-0.3068018834182583,-0.03692147288162578,0.0
S47,early_abrupt,gait,-0.042282387798522954,0.3714454988537663,-0.3641599053572222,-0.27682823362134923,0.07220919303190965,0.389386354297545,0.03302456495388465,1.102843819661901,-0.2777894844443453,-0.02245237294935397,-0.9776413952250377,-0.8017920195818673,0.49773820195989416,0.0018563104600506516,0.0,-0.16757895168880968,-0.35337023639665954,1.222930053204031,0.40620962341966627,-0.11820953811993556,-0.74036189494917,-0.39900229695265366,-0.5263028029010381,1.171365649110824,-0.8280958917736301,0.0
S47,early_abrupt,theta_global,1.1353437975714031,-0.014819074064234213,-0.8690026577008777,-0.9660983059074718,1.3013018403835686,-0.37575963890885034,-1.0438634226727688,-2.2089994826260893,0.1883502229253123,0.99444490819348,-0.22680351654404982,-0.5175804408106857,-0.6083466912843126,-2.461832197945981,0.0,-0.16757895168880968,-0.35337023639665954,-0.5632384763052636,0.40620962341966627,-1.087140178447281,-1.5099688543557923,0.17318072927008196,-0.06273603581263132,-0.3068018834182583,1.5454273649023829,0.0
S47,early_abrupt,alpha_global,-0.8834439487770457,0.17504227924011895,-0.8690026577008777,-0.9660983059074718,-0.5423371306439164,-0.21658252155070842,-1.0438634226727688,0.27488299408990324,1.0040947108222136,0.34732845655713157,1.3767818054479728,1.2618218894746691,-1.7144315845285194,0.8347824853409505,0.0,-0.16757895168880968,-0.35337023639665954,-0.5632384763052636,-0.8272204072068484,0.8507211022074099,0.02924506445745227,0.17318072927008196,0.4008307312757749,-1.2922469051043133,-0.03692147288162578,0.0
S47,early_abrupt,beta_global,1.3035761097671048,-1.1448272018929624,-0.8690026577008777,-0.9660983059074718,1.4549384213025234,-1.3231427331961256,-1.0438634226727688,-0.5530778314820941,-1.1168409577097287,-1.4645976080246461,0.3275958698695492,0.35445875918475084,-1.7144315845285194,-1.7249418569759614,0.0,-0.16757895168880968,-0.35337023639665954,-0.5632384763052636,-0.8272204072068484,-1.087140178447281,-1.5099688543557923,1.3175467817155535,-0.06273603581263132,-0.799524394261286,1.5454273649023829,0.0
S47,early_abrupt,mu_central,-0.042282387798522954,1.1623401714934114,-0.8690026577008777,-0.9660983059074718,0.2258457739508711,0.6111542965405657,-1.0438634226727688,-0.5530778314820941,-1.1168409577097287,0.08848187590259203,1.8951296188587419,1.6998968632994846,0.49773820195989416,0.0018563104600506516,0.0,-0.16757895168880968,-0.35337023639665954,1.222930053204031,-0.8272204072068484,-0.11820953811993556,-0.74036189494917,-0.39900229695265366,-0.06273603581263132,-0.3068018834182583,0.7542529460103783,0.0
S47,early_abrupt,beta_central,-0.2105146999942318,2.1132888422456397,0.1406828469864306,-0.012749466240508704,-0.23506396880600014,2.218651289365807,1.109912552580538,-0.5530778314820941,-0.13794757223344795,2.029831230811639,1.176936865337797,1.160685725635835,0.49773820195989416,-0.46539495837557654,0.0,-0.16757895168880968,5.439584458630554,3.009098582713326,-0.8272204072068484,-1.087140178447281,-0.74036189494917,-0.39900229695265366,-0.06273603581263132,-0.799524394261286,1.5454273649023829,0.0
S47,late_abrupt,gait,0.12594992439717873,-0.3463941342057909,-0.8690026577008777,-0.9660983059074718,0.379482354869826,-0.6537475566320483,-1.0438634226727688,1.102843819661901,0.4214200766101414,-0.02245237294935397,1.4185107915221151,1.261431569802907,-0.6083466912843126,0.2142432508398803,0.0,-0.16757895168880968,-0.35337023639665954,-0.5632384763052636,0.40620962341966627,-1.087140178447281,-0.74036189494917,0.17318072927008196,-0.5263028029010381,1.6640881599538508,-1.6192703106656343,0.0
S47,late_abrupt,theta_global,0.6306468609842909,-0.35495054210449284,-0.8690026577008777,-0.9660983059074718,0.8403920976266972,-0.6609211299820312,-1.0438634226727688,-0.5530778314820941,0.8409458132428335,0.08848187590259203,-0.40308719240828195,-0.4428404192185649,0.49773820195989416,-0.46539495837557654,0.0,-0.16757895168880968,-0.35337023639665954,-0.5632384763052636,-0.8272204072068484,-0.11820953811993556,-0.74036189494917,-0.39900229695265366,1.3279642654525885,-1.7849694159473408,1.5454273649023829,0.0
S47,late_abrupt,alpha_global,0.12594992439717873,0.418927789189372,-0.8690026577008777,-0.9660983059074718,0.379482354869826,-0.012112302817402588,-1.0438634226727688,-0.5530778314820941,-0.13794757223344795,0.08848187590259203,-0.7478197140983348,-0.640420546842121,1.6038230952041006,-0.23176932395776295,0.0,-0.16757895168880968,-0.35337023639665954,-0.5632384763052636,-0.8272204072068484,0.8507211022074099,0.02924506445745227,-0.9711853231753894,-0.06273603581263132,-0.3068018834182583,0.7542529460103783,0.0
S47,late_abrupt,beta_global,-0.715211636581344,0.9460835599420232,0.1406828469864306,0.41244183866477335,-0.6959737115628714,1.4230725619328222,0.03302456495388465,1.102843819661901,-0.2777894844443453,0.25488324918050975,0.8700726888333928,1.036997758539628,-0.6083466912843126,-0.23176932395776295,0.0,5.963358305218869,2.543107111116947,1.222930053204031,0.40620962341966627,-1.087140178447281,-1.5099688543557923,0.17318072927008196,0.8643974983641817,-0.3068018834182583,-0.8280958917736301,0.0
S47,late_abrupt,mu_central,1.4718084219628136,-0.12312535786595409,-0.8690026577008777,-0.9660983059074718,1.6085750022214849,-0.4665621205476206,-1.0438634226727688,1.102843819661901,-0.9769990454988318,-0.8544592393389455,-0.08969399087186956,0.23053226340024474,-0.6083466912843126,-0.23176932395776295,0.0,-0.16757895168880968,-0.35337023639665954,-0.5632384763052636,0.40620962341966627,-1.087140178447281,-1.5099688543557923,-0.39900229695265366,-0.06273603581263132,0.18592062742476867,1.5454273649023829,0.0
S47,late_abrupt,beta_central,1.4718084219628136,-0.2559733943873479,-0.8690026577008777,-0.9660983059074718,1.6085750022214849,-0.577940066254488,-1.0438634226727688,-0.5530778314820941,-1.1168409577097287,-0.688057866061027,-0.2594486417040928,0.12928767743036587,0.49773820195989416,-1.3998974960468298,0.0,-0.16757895168880968,-0.35337023639665954,-0.5632384763052636,0.40620962341966627,-1.087140178447281,-1.5099688543557923,-0.39900229695265366,-0.5263028029010381,1.171365649110824,0.7542529460103783,0.0
S47,early_gradual,gait,-0.5469793243856351,-0.18914389426893227,0.1406828469864306,0.41244183866477335,-0.5423371306439164,0.27999719588383526,0.03302456495388465,1.102843819661901,0.4214200766101414,-0.02245237294935397,-1.0494606705771319,-1.3744687322138855,1.6038230952041006,1.2400721728744613,0.0,-0.16757895168880968,-0.35337023639665954,1.222930053204031,0.40620962341966627,0.8507211022074099,-0.74036189494917,0.17318072927008196,0.4008307312757749,-0.3068018834182583,-0.8280958917736301,0.0
S47,early_gradual,theta_global,1.6400407341585153,-0.25317224791080606,-0.8690026577008777,-0.9660983059074718,1.7622115831404397,-0.5755916240166458,-1.0438634226727688,-1.381038657054092,-0.6273942649715883,0.6708866823753058,-1.6958341487459818,-1.6137436745521303,0.49773820195989416,-1.8671487648824565,0.0,-0.16757895168880968,-0.35337023639665954,-0.5632384763052636,-0.8272204072068484,0.8507211022074099,-1.5099688543557923,-1.5433683493981252,-0.5263028029010381,1.6640881599538508,0.7542529460103783,0.0
S47,early_gradual,alpha_global,0.6306468609842909,0.16725553552857692,-0.8690026577008777,-0.9660983059074718,0.8403920976266972,-0.22311081915334371,-1.0438634226727688,1.102843819661901,-0.9769990454988318,-0.8544592393389455,1.8951296188587419,2.28456475384757,0.49773820195989416,0.46910757929567676,0.0,-0.16757895168880968,-0.35337023639665954,-0.5632384763052636,0.40620962341966627,-1.087140178447281,-0.74036189494917,0.17318072927008196,-0.5263028029010381,0.18592062742476867,0.7542529460103783,0.0
S47,early_gradual,beta_global,-0.37874701218993345,-0.5290919061836737,-0.8690026577008777,-0.9660983059074718,-0.08142738788704525,-0.8069188270620886,-1.0438634226727688,1.102843819661901,-0.9769990454988318,-0.8544592393389455,0.06529938597494346,0.20275451342649972,-1.7144315845285194,0.40816176162146445,0.0,-0.16757895168880968,-0.35337023639665954,-0.5632384763052636,-0.8272204072068484,-1.087140178447281,1.5684589832706968,0.17318072927008196,-0.5263028029010381,0.18592062742476867,-0.8280958917736301,0.0
S47,early_gradual,mu_central,1.1353437975714031,-0.14504324458938897,-0.8690026577008777,-0.9660983059074718,1.3013018403835686,-0.4849377718663277,-1.0438634226727688,0.27488299408990324,0.1883502229253123,-0.2997879950792177,-0.40308719240828195,-0.4459753676933537,0.49773820195989416,0.0018563104600506516,0.0,-0.16757895168880968,-0.35337023639665954,-0.5632384763052636,0.40620962341966627,-1.087140178447281,-1.5099688543557923,0.17318072927008196,-0.5263028029010381,0.6786431382677963,0.7542529460103783,0.0
S47,early_gradual,beta_central,1.1353437975714031,-0.41523848781367556,-0.8690026577008777,-0.9660983059074718,1.3013018403835686,-0.71146570497012,-1.0438634226727688,0.27488299408990324,-1.4431387528684894,-0.6233462208973923,-0.8340028445208486,-0.593317946008421,0.49773820195989416,-0.46539495837557654,0.0,-0.16757895168880968,-0.35337023639665954,-0.5632384763052636,0.40620962341966627,-1.087140178447281,-1.5099688543557923,-0.9711853231753894,1.3279642654525885,-0.3068018834182583,0.7542529460103783,0.0
S47,late_gradual,gait,-0.715211636581344,1.8702944862552828,-0.3641599053572222,-0.27682823362134923,-0.5423371306439164,1.5503314018322474,0.03302456495388465,0.27488299408990324,1.0040947108222136,1.6415613598298293,-0.36391304221623005,-0.29464285495582804,-0.6083466912843126,0.6602558256375246,0.0,-0.16757895168880968,-0.35337023639665954,1.222930053204031,2.873069684672696,-0.11820953811993556,-1.5099688543557923,-1.5433683493981252,0.4008307312757749,0.18592062742476867,-0.03692147288162578,0.0
S47,late_gradual,theta_global,0.6306468609842909,-1.5973723221111618,-0.8690026577008777,-0.9660983059074718,0.8403920976266972,-1.7025502664151315,-1.0438634226727688,2.758765470805896,-0.8993090942705555,-1.3783154144731327,-0.08969399087186956,0.058466341431730955,-0.6083466912843126,0.6602558256375246,0.0,-0.16757895168880968,-0.35337023639665954,-0.5632384763052636,-0.8272204072068484,-1.087140178447281,-0.74036189494917,0.17318072927008196,0.8643974983641817,0.18592062742476867,-0.8280958917736301,0.0
S47,late_gradual,alpha_global,0.6306468609842909,-0.35495054210449284,-0.8690026577008777,-0.9660983059074718,0.8403920976266972,-0.6609211299820312,-1.0438634226727688,1.102843819661901,-0.9769990454988318,-0.2997879950792177,-1.2649184966334153,-1.5008855294597385,0.49773820195989416,0.936358848131304,0.0,-0.16757895168880968,-0.35337023639665954,-0.5632384763052636,0.40620962341966627,-1.087140178447281,-0.74036189494917,-0.9711853231753894,0.4008307312757749,1.171365649110824,-0.8280958917736301,0.0
S47,late_gradual,beta_global,0.2941822365928804,0.2189713509119417,-0.8690026577008777,-0.9660983059074718,0.5331189357887809,-0.17975299897940988,-1.0438634226727688,-2.2089994826260893,-1.4431387528684894,-0.2997879950792177,-0.7478197140983348,-1.0551742300566607,1.6038230952041006,-2.684838485344803,0.0,-0.16757895168880968,-0.35337023639665954,-0.5632384763052636,0.40620962341966627,-1.087140178447281,0.02924506445745227,-0.39900229695265366,-0.5263028029010381,0.6786431382677963,-0.03692147288162578,0.0
S47,late_gradual,mu_central,2.312969982941329,-2.0905292805255655,-0.8690026577008777,-0.9660983059074718,2.3767579068162656,-2.116006199807101,-1.0438634226727688,0.27488299408990324,-2.2588832407653903,-1.91757912417009,-0.6381320935605905,-0.944004682210916,-0.6083466912843126,-1.12379447355305,0.0,-0.16757895168880968,-0.35337023639665954,-0.5632384763052636,-0.8272204072068484,-1.087140178447281,-1.5099688543557923,-0.9711853231753894,0.4008307312757749,1.171365649110824,0.7542529460103783,0.0
S47,late_gradual,beta_central,1.1353437975714031,-2.491905874743709,-0.8690026577008777,-0.9660983059074718,1.3013018403835686,-2.452514752657535,-1.0438634226727688,-0.5530778314820941,-3.074627728662291,-2.2411373499882647,-0.9123511449049517,-0.6716916578781374,-0.6083466912843126,-2.0158196231483374,0.0,-0.16757895168880968,-0.35337023639665954,-0.5632384763052636,-0.8272204072068484,-1.087140178447281,-1.5099688543557923,-0.39900229695265366,1.3279642654525885,1.171365649110824,-1.6192703106656343,0.0
S48,baseline,gait,-0.5469793243856351,0.7861484778494701,0.1406828469864306,0.41244183866477335,-0.5423371306439164,1.316468646077919,0.03302456495388465,0.27488299408990324,-0.6273942649715883,0.023770230738956507,1.5556203171942953,1.268912696845017,-0.6083466912843126,0.2142432508398803,0.0,5.963358305218869,2.543107111116947,1.222930053204031,-0.8272204072068484,-1.087140178447281,0.7988520238640747,-0.39900229695265366,-0.5263028029010381,0.6786431382677963,-0.8280958917736301,0.0
S48,baseline,theta_global,-2.0610701341469717,1.4743929617550047,-0.3641599053572222,-0.27682823362134923,-1.7714297779955752,1.12849142496275,0.03302456495388465,-0.5530778314820941,0.8409458132428335,3.1946408437570666,-0.5467257431124704,-0.2939303666661036,0.49773820195989416,0.0018563104600506516,0.0,-0.16757895168880968,-0.35337023639665954,-0.5632384763052636,2.873069684672696,0.8507211022074099,0.02924506445745227,-0.9711853231753894,0.4008307312757749,-0.799524394261286,-0.8280958917736301,0.0
S48,baseline,alpha_global,0.46241454878858923,0.7295761374165657,-0.8690026577008777,-0.9660983059074718,0.6867555167077424,0.24833095075830655,-1.0438634226727688,-2.2089994826260893,1.8198391987191143,2.2886778114661785,-0.40308719240828195,-0.591750471771027,0.49773820195989416,-1.8671487648824565,0.0,-0.16757895168880968,-0.35337023639665954,-0.5632384763052636,-0.8272204072068484,0.8507211022074099,-0.74036189494917,0.745363755492818,-1.4534363370778514,-0.799524394261286,2.3366017837943867,0.0
S48,baseline,beta_global,-1.0516762609727472,-0.1642934945477702,-0.8690026577008777,-0.9660983059074718,-0.6959737115628714,-0.5010769136319866,-1.0438634226727688,-0.5530778314820941,0.8409458132428335,0.8650216178662107,-0.6903642938166595,-0.6669892351659547,0.49773820195989416,0.936358848131304,0.0,-0.16757895168880968,-0.35337023639665954,-0.5632384763052636,0.40620962341966627,-1.087140178447281,0.02924506445745227,0.745363755492818,0.8643974983641817,-1.2922469051043133,-0.8280958917736301,0.0
S48,baseline,mu_central,-1.7246055097555684,2.0370757081090973,-0.3641599053572222,-0.27682823362134923,-1.464156616157659,1.664223973159136,0.03302456495388465,1.102843819661901,1.1206296376646276,1.3642257376999656,-0.596999235858937,-0.4100018339451543,1.6038230952041006,1.7306860051518687,0.0,-0.16757895168880968,-0.35337023639665954,1.222930053204031,1.6396396540461808,-0.11820953811993556,1.5684589832706968,-0.39900229695265366,-0.9898695699894446,-1.7849694159473408,1.5454273649023829,0.0
S48,baseline,beta_central,0.12594992439717873,-0.4850039589591976,-0.8690026577008777,-0.9660983059074718,0.379482354869826,-0.7699561054376395,-1.0438634226727688,1.102843819661901,-0.9769990454988318,-1.1317948614688094,-0.14453780114074138,-0.2964383254459345,1.6038230952041006,0.7494583405970529,0.0,-0.16757895168880968,-0.35337023639665954,-0.5632384763052636,-0.8272204072068484,-0.11820953811993556,-0.74036189494917,0.745363755492818,-0.06273603581263132,-0.3068018834182583,-0.03692147288162578,0.0
S48,early_abrupt,gait,0.12594992439717873,0.418927789189372,-0.8690026577008777,-0.9660983059074718,0.379482354869826,-0.012112302817402588,-1.0438634226727688,0.27488299408990324,1.0040947108222136,0.6708866823753058,1.4185107915221151,1.2569428935776417,-0.6083466912843126,0.6602558256375246,0.0,-0.16757895168880968,-0.35337023639665954,-0.5632384763052636,0.40620962341966627,-0.11820953811993556,-0.74036189494917,-0.9711853231753894,0.4008307312757749,0.18592062742476867,-0.03692147288162578,0.0
S48,early_abrupt,theta_global,-1.7246055097555684,0.693961435058277,-0.8690026577008777,-0.9660983059074718,-1.310520035238704,0.21847207975430094,-1.0438634226727688,1.102843819661901,1.8198391987191143,0.8095544934402381,-0.8340028445208486,-1.1701484653695347,0.49773820195989416,1.4036101169669302,0.0,-0.16757895168880968,-0.35337023639665954,-0.5632384763052636,0.40620962341966627,0.8507211022074099,0.02924506445745227,-0.39900229695265366,0.8643974983641817,-1.2922469051043133,-0.8280958917736301,0.0
S48,early_abrupt,alpha_global,1.6400407341585153,-1.1314186657219247,-0.8690026577008777,-0.9660983059074718,1.7622115831404397,-1.311901203002897,-1.0438634226727688,0.27488299408990324,0.1883502229253123,-0.9469044467155665,0.1845250604724916,0.507333963958289,-0.6083466912843126,-0.6777818987554067,0.0,-0.16757895168880968,-0.35337023639665954,-0.5632384763052636,-0.8272204072068484,-1.087140178447281,0.02924506445745227,-0.9711853231753894,-0.9898695699894446,2.1568106707968786,-0.03692147288162578,0.0
S48,early_abrupt,beta_global,0.46241454878858923,1.1689873556477413,-0.8690026577008777,-0.9660983059074718,0.6867555167077424,0.6167272032633933,-1.0438634226727688,-0.5530778314820941,-2.09573434318601,-0.688057866061027,-1.4085570473376043,-1.2250100636783363,0.49773820195989416,-1.3998974960468298,0.0,-0.16757895168880968,-0.35337023639665954,1.222930053204031,0.40620962341966627,-1.087140178447281,-1.5099688543557923,-1.5433683493981252,1.3279642654525885,-0.3068018834182583,0.7542529460103783,0.0
S48,early_abrupt,mu_central,0.12594992439717873,1.811847338896176,-0.8690026577008777,-0.9660983059074718,0.379482354869826,1.1556920700857296,-1.0438634226727688,1.102843819661901,0.4214200766101414,1.6415613598298293,-0.6903642938166595,-0.22652897445814774,0.49773820195989416,0.0018563104600506516,0.0,-0.16757895168880968,-0.35337023639665954,1.222930053204031,-0.8272204072068484,1.8196517425347556,-1.5099688543557923,-2.115551375620861,-0.06273603581263132,0.6786431382677963,0.7542529460103783,0.0
S48,early_abrupt,beta_central,0.12594992439717873,0.17504227924011895,-0.8690026577008777,-0.9660983059074718,0.379482354869826,-0.21658252155070842,-1.0438634226727688,-0.5530778314820941,-0.13794757223344795,0.4767517468844009,-1.2649184966334153,-1.3958647555543184,0.49773820195989416,-0.46539495837557654,0.0,-0.16757895168880968,-0.35337023639665954,-0.5632384763052636,0.40620962341966627,-0.11820953811993556,-1.5099688543557923,0.17318072927008196,-0.5263028029010381,1.171365649110824,-0.8280958917736301,0.0
S48,late_abrupt,gait,-0.2105146999942318,1.2219326839446119,-0.8690026577008777,-0.9660983059074718,0.07220919303190965,0.6611158299596672,-1.0438634226727688,-0.5530778314820941,0.8409458132428335,0.8650216178662107,-0.40308719240828195,-0.4240307283698334,0.49773820195989416,0.0018563104600506516,0.0,-0.16757895168880968,-0.35337023639665954,-0.5632384763052636,0.40620962341966627,0.8507211022074099,-0.74036189494917,-0.39900229695265366,-0.9898695699894446,0.18592062742476867,0.7542529460103783,0.0
S48,late_abrupt,theta_global,-0.5469793243856351,0.7861484778494701,0.1406828469864306,0.41244183866477335,-0.5423371306439164,0.9906613475519803,0.03302456495388465,0.27488299408990324,1.0040947108222136,1.3180031340116551,0.3079236335774535,-0.11868674692541721,1.6038230952041006,-0.23176932395776295,0.0,-0.16757895168880968,-0.35337023639665954,1.222930053204031,0.40620962341966627,1.8196517425347556,-0.74036189494917,0.745363755492818,-1.9170031041662579,0.6786431382677963,-0.03692147288162578,0.0
S48,late_abrupt,alpha_global,-3.070464007321196,3.1777012027471447,0.1406828469864306,-0.012749466240508704,-2.8468858444282725,2.7406216511315415,1.109912552580538,0.27488299408990324,1.0040947108222136,2.6122360372843527,0.0278284597042854,0.24998319370972902,0.49773820195989416,0.936358848131304,0.0,-0.16757895168880968,-0.35337023639665954,3.009098582713326,2.873069684672696,1.8196517425347556,0.02924506445745227,-0.39900229695265366,-0.9898695699894446,-2.2776919267903684,1.5454273649023829,0.0
S48,late_abrupt,beta_global,-0.715211636581344,-0.40082116957167646,-0.8690026577008777,-0.9660983059074718,-0.3887005497249616,-0.6993784259222476,-1.0438634226727688,0.27488299408990324,-1.4431387528684894,-1.5940208983519157,-0.5904418237615715,-0.47418990396645183,-1.7144315845285194,-0.4450796858175054,0.0,-0.16757895168880968,-0.35337023639665954,-0.5632384763052636,-0.8272204072068484,-0.11820953811993556,0.7988520238640747,-0.39900229695265366,0.8643974983641817,-0.799524394261286,-0.8280958917736301,0.0
S48,late_abrupt,mu_central,-1.0516762609727472,-0.03362136282676217,-0.8690026577008777,-0.9660983059074718,-0.6959737115628714,-0.3915232162397087,-1.0438634226727688,0.27488299408990324,0.1883502229253123,0.34732845655713157,-0.9776413952250377,-0.8974079480629212,0.49773820195989416,0.46910757929567676,0.0,-0.16757895168880968,-0.35337023639665954,-0.5632384763052636,0.40620962341966627,-1.087140178447281,0.02924506445745227,1.3175467817155535,-0.06273603581263132,-0.799524394261286,-0.8280958917736301,0.0
S48,late_abrupt,beta_central,-1.5563731975598596,2.478053922504653,-0.3641599053572222,-0.27682823362134923,-1.310520035238704,2.020287979877702,0.03302456495388465,1.102843819661901,-0.9769990454988318,0.8095544934402381,0.1845250604724916,0.36818500097505613,-0.6083466912843126,1.106268400435168,0.0,-0.16757895168880968,-0.35337023639665954,3.009098582713326,1.6396396540461808,-0.11820953811993556,-0.74036189494917,-0.9711853231753894,0.4008307312757749,-1.2922469051043133,0.7542529460103783,0.0
S48,early_gradual,gait,-1.0516762609727472,0.693961435058277,0.1406828469864306,0.41244183866477335,-1.0032468734007878,0.9011380380842472,0.03302456495388465,-1.381038657054092,0.5962224668737629,2.126898698557091,-1.4085570473376043,-1.3535429511446713,0.49773820195989416,-0.46539495837557654,0.0,-0.16757895168880968,-0.35337023639665954,1.222930053204031,0.40620962341966627,0.8507211022074099,1.5684589832706968,-0.39900229695265366,-0.9898695699894446,-0.3068018834182583,-0.03692147288162578,0.0
S48,early_gradual,theta_global,0.6306468609842909,-0.7833902527003473,-0.8690026577008777,-0.9660983059074718,0.8403920976266972,-1.0201190231155626,-1.0438634226727688,1.102843819661901,-0.9769990454988318,-0.8544592393389455,1.5556203171942953,1.5980822866978264,-0.6083466912843126,0.6602558256375246,0.0,-0.16757895168880968,-0.35337023639665954,-0.5632384763052636,-0.8272204072068484,-1.087140178447281,0.02924506445745227,0.17318072927008196,0.4008307312757749,-0.799524394261286,0.7542529460103783,0.0
S48,early_gradual,alpha_global,0.9671114853757015,0.46109820166132137,-0.8690026577008777,-0.9660983059074718,1.1476652594646135,0.023242784346272603,-1.0438634226727688,-1.381038657054092,0.5962224668737629,0.18554934364804404,-0.6381320935605905,-0.9410122313940728,-0.6083466912843126,-1.12379447355305,0.0,-0.16757895168880968,-0.35337023639665954,-0.5632384763052636,-0.8272204072068484,-0.11820953811993556,0.7988520238640747,-0.9711853231753894,-0.9898695699894446,-0.3068018834182583,2.3366017837943867,0.0
S48,early_gradual,beta_global,-0.2105146999942318,0.19575604648022463,-0.8690026577008777,-0.9660983059074718,0.07220919303190965,-0.19921638725574162,-1.0438634226727688,1.102843819661901,1.1206296376646276,0.5322188713103735,0.0278284597042854,0.11361293505642238,0.49773820195989416,1.4036101169669302,0.0,-0.16757895168880968,-0.35337023639665954,-0.5632384763052636,0.40620962341966627,-1.087140178447281,0.02924506445745227,0.17318072927008196,-0.06273603581263132,-0.3068018834182583,-0.03692147288162578,0.0
S48,early_gradual,mu_central,0.7988791731799926,-1.0550821663556647,-0.8690026577008777,-0.9660983059074718,0.9940286785456521,-1.247901743887832,-1.0438634226727688,-0.5530778314820941,0.8409458132428335,-0.2997879950792177,0.31510556111266297,0.4788344323693017,0.49773820195989416,-1.3998974960468298,0.0,-0.16757895168880968,-0.35337023639665954,-0.5632384763052636,-0.8272204072068484,-1.087140178447281,0.02924506445745227,-0.9711853231753894,1.7915310325409948,-1.2922469051043133,0.7542529460103783,0.0
S48,early_gradual,beta_central,1.808273046354217,0.13339141069134341,-0.8690026577008777,-0.9660983059074718,1.9158481640593945,-0.25150203031681906,-1.0438634226727688,-0.5530778314820941,-1.1168409577097287,-0.2997879950792177,-1.8035630617741238,-1.4468860419815037,1.6038230952041006,-1.7036108207899872,0.0,-0.16757895168880968,-0.35337023639665954,-0.5632384763052636,0.40620962341966627,-1.087140178447281,-0.74036189494917,-0.9711853231753894,-1.4534363370778514,1.6640881599538508,1.5454273649023829,0.0
S48,late_gradual,gait,-1.89283782195127,1.664712820174534,-0.3641599053572222,-0.27682823362134923,-1.6177931970766137,1.442562866464771,0.03302456495388465,-0.5530778314820941,1.8198391987191143,2.418101101793448,-0.7752416192327715,-0.5370313711201699,-0.6083466912843126,0.6602558256375246,0.0,-0.16757895168880968,2.543107111116947,1.222930053204031,-0.8272204072068484,-0.11820953811993556,2.3380659426773196,0.17318072927008196,-1.9170031041662579,-0.3068018834182583,-0.03692147288162578,0.0
S48,late_gradual,theta_global,0.7988791731799926,0.7861484778494701,-0.3641599053572222,-0.27682823362134923,0.8403920976266972,0.8156398695844902,0.03302456495388465,0.27488299408990324,1.0040947108222136,0.34732845655713157,-0.1158100909999037,0.44905242185880867,0.49773820195989416,0.0018563104600506516,0.0,-0.16757895168880968,2.543107111116947,1.222930053204031,-0.8272204072068484,-1.087140178447281,-0.74036189494917,0.17318072927008196,-1.4534363370778514,1.171365649110824,0.7542529460103783,0.0
S48,late_gradual,alpha_global,-0.8834439487770457,2.003616475089519,-0.8690026577008777,-0.9660983059074718,-0.5423371306439164,1.316468646077919,-1.0438634226727688,1.102843819661901,0.4214200766101414,1.0868901155701018,1.007182214505573,1.0579449142575337,-0.6083466912843126,1.9982935500304555,0.0,-0.16757895168880968,-0.35337023639665954,1.222930053204031,-0.8272204072068484,1.8196517425347556,-0.74036189494917,-0.9711853231753894,-0.5263028029010381,-0.3068018834182583,0.7542529460103783,0.0
S48,late_gradual,beta_global,-1.0516762609727472,1.8461648783105815,-0.8690026577008777,-0.9660983059074718,-0.6959737115628714,1.1844634177230386,-1.0438634226727688,0.27488299408990324,1.0040947108222136,1.6415613598298293,-1.0494606705771319,-1.269134463460987,1.6038230952041006,0.7494583405970529,0.0,-0.16757895168880968,-0.35337023639665954,1.222930053204031,0.40620962341966627,-1.087140178447281,0.7988520238640747,-0.39900229695265366,-0.5263028029010381,-0.799524394261286,0.7542529460103783,0.0
S48,late_gradual,mu_central,0.12594992439717873,-0.6274529118870518,-0.8690026577008777,-0.9660983059074718,0.379482354869826,-0.8893833258967364,-1.0438634226727688,-0.5530778314820941,-0.13794757223344795,-0.2997879950792177,0.3275958698695492,0.24998319370972902,-1.7144315845285194,-0.018458962098020476,0.0,-0.16757895168880968,-0.35337023639665954,-0.5632384763052636,-0.8272204072068484,-1.087140178447281,0.7988520238640747,0.17318072927008196,-0.06273603581263132,-0.3068018834182583,-0.03692147288162578,0.0
S48,late_gradual,beta_central,-0.2105146999942318,0.19575604648022463,-0.8690026577008777,-0.9660983059074718,0.07220919303190965,-0.19921638725574162,-1.0438634226727688,0.27488299408990324,1.0040947108222136,0.6708866823753058,0.1845250604724916,0.007594677545387161,-0.6083466912843126,-0.23176932395776295,0.0,-0.16757895168880968,-0.35337023639665954,-0.5632384763052636,-0.8272204072068484,-0.11820953811993556,1.5684589832706968,-0.9711853231753894,-0.5263028029010381,0.18592062742476867,-0.03692147288162578,0.0
