subject,condition,frontend,mean_H,sd_H,mean_D,sd_D,mean_lambda,sd_lambda,multilevel,pivot_rate,compound_pivot_fraction,pivot_depth,tree_span_events,tree_span_time,tree_root_fraction,tree_ascending_fraction,occ_L1,occ_L2,occ_L3,occ_L4,occ_L5,occ_L6,occ_L7,occ_L8,occ_L9,occ_L10,occ_L11,occ_L12
S18,baseline,gait,9.041666666666666,1.5736738147920994,1.0833333333333333,0.408248290463863,8.958333333333334,1.8292114401439827,0.041666666666666664,0.2916666666666667,0.5714285714285714,2.142857142857143,1.5714285714285714,0.5522693452380952,0.125,0.6666666666666666,0.0,0.0,0.041666666666666664,0.041666666666666664,0.041666666666666664,0.08333333333333333,0.0,0.125,0.2916666666666667,0.3333333333333333,0.125,0.0
S18,baseline,theta_global,9.208333333333334,1.4738050920238275,1.0416666666666667,0.2041241452319315,9.166666666666666,1.5788456616111677,0.041666666666666664,0.2916666666666667,0.5714285714285714,2.2857142857142856,1.4761904761904763,0.5390625,0.125,0.6190476190476191,0.0,0.0,0.0,0.0,0.041666666666666664,0.08333333333333333,0.0,0.25,0.16666666666666666,0.2916666666666667,0.20833333333333334,0.0
S18,baseline,alpha_global,9.166666666666666,1.5227739752537621,1.0,0.0,9.166666666666666,1.5227739752537621,0.0,0.25,0.8333333333333334,2.3333333333333335,1.7727272727272727,0.6102627840909091,0.08333333333333333,0.5,0.0,0.0,0.0,0.0,0.041666666666666664,0.041666666666666664,0.0,0.16666666666666666,0.3333333333333333,0.20833333333333334,0.20833333333333334,0.0
S18,baseline,beta_global,8.666666666666666,1.9927404479142845,1.0,0.0,8.666666666666666,1.9927404479142845,0.0,0.20833333333333334,0.6,2.8,2.090909090909091,0.6716974431818182,0.08333333333333333,0.5909090909090909,0.0,0.0,0.041666666666666664,0.0,0.041666666666666664,0.041666666666666664,0.08333333333333333,0.16666666666666666,0.25,0.20833333333333334,0.16666666666666666,0.0
S18,baseline,mu_central,9.291666666666666,1.4288690166235207,1.0,0.0,9.291666666666666,1.4288690166235207,0.0,0.20833333333333334,0.8,2.6,2.409090909090909,0.8591974431818182,0.08333333333333333,0.5454545454545454,0.0,0.0,0.0,0.0,0.0,0.08333333333333333,0.041666666666666664,0.08333333333333333,0.25,0.375,0.16666666666666666,0.0
S18,baseline,beta_central,9.0,1.5322617553657476,1.0,0.0,9.0,1.5322617553657476,0.0,0.25,0.8333333333333334,2.5,2.4761904761904763,0.8322172619047619,0.125,0.6190476190476191,0.0,0.0,0.0,0.0,0.0,0.08333333333333333,0.08333333333333333,0.20833333333333334,0.16666666666666666,0.2916666666666667,0.16666666666666666,0.0
S18,early_abrupt,gait,9.166666666666666,1.2740441145412122,1.0,0.0,9.166666666666666,1.2740441145412122,0.0,0.25,0.6666666666666666,2.0,1.5714285714285714,0.5241815476190477,0.125,0.42857142857142855,0.0,0.0,0.0,0.0,0.0,0.0,0.08333333333333333,0.2916666666666667,0.16666666666666666,0.2916666666666667,0.16666666666666666,0.0
S18,early_abrupt,theta_global,9.208333333333334,1.5316704909195136,1.0833333333333333,0.408248290463863,9.125,1.8012676695569996,0.041666666666666664,0.25,0.8333333333333334,2.5,1.6666666666666667,0.5405505952380952,0.125,0.5714285714285714,0.0,0.0,0.041666666666666664,0.041666666666666664,0.041666666666666664,0.041666666666666664,0.0,0.16666666666666666,0.2916666666666667,0.25,0.20833333333333334,0.0
S18,early_abrupt,alpha_global,8.916666666666666,1.9981875845846921,1.0,0.0,8.916666666666666,1.9981875845846921,0.0,0.20833333333333334,1.0,3.2,1.9090909090909092,0.6377840909090909,0.08333333333333333,0.5,0.0,0.0,0.0,0.041666666666666664,0.041666666666666664,0.08333333333333333,0.0,0.16666666666666666,0.20833333333333334,0.20833333333333334,0.25,0.0
S18,early_abrupt,beta_global,8.833333333333334,1.857222485950146,1.0,0.0,8.833333333333334,1.857222485950146,0.0,0.2916666666666667,0.5714285714285714,2.4285714285714284,1.95,0.6189453125,0.16666666666666666,0.65,0.0,0.0,0.0,0.041666666666666664,0.041666666666666664,0.08333333333333333,0.0,0.08333333333333333,0.3333333333333333,0.2916666666666667,0.125,0.0
S18,early_abrupt,mu_central,8.875,1.4836060651405207,1.0,0.0,8.875,1.4836060651405207,0.0,0.25,0.8333333333333334,2.1666666666666665,1.7727272727272727,0.5987215909090909,0.08333333333333333,0.45454545454545453,0.0,0.0,0.0,0.0,0.041666666666666664,0.0,0.16666666666666666,0.08333333333333333,0.375,0.20833333333333334,0.125,0.0
S18,early_abrupt,beta_central,9.125,1.895360468182194,1.0,0.0,9.125,1.895360468182194,0.0,0.16666666666666666,1.0,2.5,1.6521739130434783,0.5495923913043478,0.041666666666666664,0.4782608695652174,0.0,0.0,0.0,0.041666666666666664,0.0,0.08333333333333333,0.041666666666666664,0.16666666666666666,0.08333333333333333,0.3333333333333333,0.25,0.0
S18,late_abrupt,gait,8.75,1.6484511834894675,1.0,0.0,8.75,1.6484511834894675,0.0,0.25,0.8333333333333334,2.0,2.0454545454545454,0.703125,0.08333333333333333,0.6363636363636364,0.0,0.0,0.0,0.0,0.041666666666666664,0.041666666666666664,0.16666666666666666,0.16666666666666666,0.16666666666666666,0.2916666666666667,0.125,0.0
S18,late_abrupt,theta_global,9.375,1.2790111669635225,1.0,0.0,9.375,1.2790111669635225,0.0,0.20833333333333334,0.8,2.0,1.6818181818181819,0.5662286931818182,0.08333333333333333,0.45454545454545453,0.0,0.0,0.0,0.0,0.0,0.041666666666666664,0.041666666666666664,0.08333333333333333,0.375,0.25,0.20833333333333334,0.0
S18,late_abrupt,alpha_global,9.25,1.1887150534341144,1.0,0.0,9.25,1.1887150534341144,0.0,0.16666666666666666,0.75,2.5,1.9047619047619047,0.6475074404761905,0.125,0.42857142857142855,0.0,0.0,0.0,0.0,0.0,0.041666666666666664,0.041666666666666664,0.125,0.2916666666666667,0.4166666666666667,0.08333333333333333,0.0
S18,late_abrupt,beta_global,9.083333333333334,1.1764599317505433,1.0,0.0,9.083333333333334,1.1764599317505433,0.0,0.2916666666666667,0.42857142857142855,1.7142857142857142,2.0454545454545454,0.697265625,0.08333333333333333,0.5909090909090909,0.0,0.0,0.0,0.0,0.0,0.0,0.125,0.16666666666666666,0.2916666666666667,0.3333333333333333,0.08333333333333333,0.0
S18,late_abrupt,mu_central,9.041666666666666,1.0417028979206266,1.0,0.0,9.041666666666666,1.0417028979206266,0.0,0.25,0.8333333333333334,2.0,1.6666666666666667,0.5228794642857143,0.125,0.42857142857142855,0.0,0.0,0.0,0.0,0.0,0.0,0.08333333333333333,0.20833333333333334,0.3333333333333333,0.3333333333333333,0.041666666666666664,0.0
S18,late_abrupt,beta_central,9.333333333333334,1.2394482175782784,1.0,0.0,9.333333333333334,1.2394482175782784,0.0,0.25,0.5,1.5,1.6363636363636365,0.5369318181818182,0.08333333333333333,0.4090909090909091,0.0,0.0,0.0,0.0,0.0,0.0,0.125,0.08333333333333333,0.2916666666666667,0.3333333333333333,0.16666666666666666,0.0
S18,early_gradual,gait,9.25,1.4521348601882378,1.0833333333333333,0.408248290463863,9.166666666666666,1.7362294645648624,0.041666666666666664,0.20833333333333334,0.6,2.2,1.4285714285714286,0.4856770833333333,0.125,0.47619047619047616,0.0,0.0,0.041666666666666664,0.041666666666666664,0.041666666666666664,0.0,0.08333333333333333,0.08333333333333333,0.2916666666666667,0.3333333333333333,0.16666666666666666,0.0
S18,early_gradual,theta_global,9.208333333333334,1.1025333147551268,1.0,0.0,9.208333333333334,1.1025333147551268,0.0,0.20833333333333334,0.6,2.2,1.5714285714285714,0.5892857142857143,0.125,0.47619047619047616,0.0,0.0,0.0,0.0,0.0,0.041666666666666664,0.0,0.16666666666666666,0.375,0.3333333333333333,0.08333333333333333,0.0
S18,early_gradual,alpha_global,9.708333333333334,1.0826363421183323,1.0,0.0,9.708333333333334,1.0826363421183323,0.0,0.20833333333333334,0.2,1.4,1.4090909090909092,0.517578125,0.08333333333333333,0.3181818181818182,0.0,0.0,0.0,0.0,0.0,0.041666666666666664,0.0,0.0,0.3333333333333333,0.4166666666666667,0.20833333333333334,0.0
S18,early_gradual,beta_global,9.375,1.2445533509971602,1.0,0.0,9.375,1.2445533509971602,0.0,0.16666666666666666,0.75,2.0,1.6363636363636365,0.5639204545454546,0.08333333333333333,0.36363636363636365,0.0,0.0,0.0,0.0,0.0,0.0,0.125,0.08333333333333333,0.25,0.375,0.16666666666666666,0.0
S18,early_gradual,mu_central,9.75,1.1515584902738285,1.0,0.0,9.75,1.1515584902738285,0.0,0.125,0.6666666666666666,2.0,1.5,0.5275213068181818,0.08333333333333333,0.2727272727272727,0.0,0.0,0.0,0.0,0.0,0.041666666666666664,0.0,0.041666666666666664,0.25,0.4166666666666667,0.25,0.0
S18,early_gradual,beta_central,9.25,1.1887150534341144,1.0,0.0,9.25,1.1887150534341144,0.0,0.20833333333333334,0.8,2.0,1.7142857142857142,0.57421875,0.125,0.42857142857142855,0.0,0.0,0.0,0.0,0.0,0.0,0.125,0.08333333333333333,0.3333333333333333,0.3333333333333333,0.125,0.0
S18,late_gradual,gait,9.416666666666666,1.0598058340078627,1.0,0.0,9.416666666666666,1.0598058340078627,0.0,0.25,0.5,1.5,1.7272727272727273,0.58203125,0.08333333333333333,0.45454545454545453,0.0,0.0,0.0,0.0,0.0,0.0,0.041666666666666664,0.125,0.375,0.2916666666666667,0.16666666666666666,0.0
S18,late_gradual,theta_global,8.916666666666666,1.5298953265321544,1.0,0.0,8.916666666666666,1.5298953265321544,0.0,0.375,0.4444444444444444,1.7777777777777777,2.0476190476190474,0.6768973214285714,0.125,0.6666666666666666,0.0,0.0,0.0,0.0,0.0,0.125,0.041666666666666664,0.16666666666666666,0.25,0.2916666666666667,0.125,0.0
S18,late_gradual,alpha_global,9.166666666666666,1.2394482175782784,1.0,0.0,9.166666666666666,1.2394482175782784,0.0,0.08333333333333333,1.0,3.0,1.6956521739130435,0.5524796195652174,0.041666666666666664,0.21739130434782608,0.0,0.0,0.0,0.0,0.0,0.0,0.20833333333333334,0.0,0.25,0.5,0.041666666666666664,0.0
S18,late_gradual,beta_global,9.416666666666666,1.0598058340078627,1.0,0.0,9.416666666666666,1.0598058340078627,0.0,0.20833333333333334,0.6,1.8,2.0952380952380953,0.6666666666666666,0.125,0.38095238095238093,0.0,0.0,0.0,0.0,0.0,0.0,0.08333333333333333,0.08333333333333333,0.25,0.5,0.08333333333333333,0.0
S18,late_gradual,mu_central,9.041666666666666,1.5736738147920994,1.0,0.0,9.041666666666666,1.5736738147920994,0.0,0.20833333333333334,0.8,3.0,2.0,0.6539417613636364,0.08333333333333333,0.5,0.0,0.0,0.0,0.0,0.0,0.125,0.08333333333333333,0.041666666666666664,0.25,0.375,0.125,0.0
S18,late_gradual,beta_central,8.5,1.841549442134554,1.0416666666666667,0.2041241452319315,8.458333333333334,1.9332146390351255,0.041666666666666664,0.25,1.0,3.1666666666666665,1.8571428571428572,0.6354166666666666,0.125,0.6666666666666666,0.0,0.0,0.0,0.041666666666666664,0.08333333333333333,0.125,0.041666666666666664,0.16666666666666666,0.25,0.20833333333333334,0.125,0.0
S19,baseline,gait,9.125,1.5126280039259057,1.0833333333333333,0.408248290463863,9.041666666666666,1.7810394294555534,0.041666666666666664,0.25,0.5,2.0,1.35,0.432421875,0.16666666666666666,0.4,0.0,0.0,0.041666666666666664,0.041666666666666664,0.041666666666666664,0.0,0.125,0.041666666666666664,0.4166666666666667,0.16666666666666666,0.20833333333333334,0.0
S19,baseline,theta_global,9.166666666666666,1.3405601251996726,1.0,0.0,9.166666666666666,1.3405601251996726,0.0,0.20833333333333334,0.6,2.2,1.35,0.49140625,0.16666666666666666,0.4,0.0,0.0,0.0,0.0,0.0,0.041666666666666664,0.08333333333333333,0.125,0.3333333333333333,0.25,0.16666666666666666,0.0
S19,baseline,alpha_global,9.583333333333334,1.0179547554081032,1.0,0.0,9.583333333333334,1.0179547554081032,0.0,0.20833333333333334,0.2,1.2,1.7727272727272727,0.5129616477272727,0.08333333333333333,0.3181818181818182,0.0,0.0,0.0,0.0,0.0,0.0,0.0,0.16666666666666666,0.2916666666666667,0.3333333333333333,0.20833333333333334,0.0
S19,baseline,beta_global,9.083333333333334,1.316010660280157,1.0,0.0,9.083333333333334,1.316010660280157,0.0,0.25,0.3333333333333333,1.6666666666666667,2.4545454545454546,0.7776988636363636,0.08333333333333333,0.45454545454545453,0.0,0.0,0.0,0.0,0.0,0.041666666666666664,0.08333333333333333,0.16666666666666666,0.2916666666666667,0.2916666666666667,0.125,0.0
S19,baseline,mu_central,9.083333333333334,1.5012072436561839,1.0,0.0,9.083333333333334,1.5012072436561839,0.0,0.25,0.6666666666666666,2.3333333333333335,1.4736842105263157,0.4590871710526316,0.20833333333333334,0.5263157894736842,0.0,0.0,0.0,0.0,0.041666666666666664,0.041666666666666664,0.041666666666666664,0.16666666666666666,0.16666666666666666,0.4583333333333333,0.08333333333333333,0.0
S19,baseline,beta_central,9.041666666666666,1.5174110293140939,1.0,0.0,9.041666666666666,1.5174110293140939,0.0,0.20833333333333334,0.6,2.6,1.8636363636363635,0.6221590909090909,0.08333333333333333,0.5909090909090909,0.0,0.0,0.0,0.0,0.041666666666666664,0.041666666666666664,0.041666666666666664,0.16666666666666666,0.25,0.3333333333333333,0.125,0.0
S19,early_abrupt,gait,9.041666666666666,1.458980187804412,1.0,0.0,9.041666666666666,1.458980187804412,0.0,0.2916666666666667,0.5714285714285714,2.142857142857143,1.7272727272727273,0.5642755681818182,0.08333333333333333,0.5454545454545454,0.0,0.0,0.0,0.0,0.041666666666666664,0.041666666666666664,0.08333333333333333,0.0,0.4166666666666667,0.3333333333333333,0.08333333333333333,0.0
S19,early_abrupt,theta_global,9.583333333333334,1.0179547554081032,1.0,0.0,9.583333333333334,1.0179547554081032,0.0,0.20833333333333334,0.6,1.6,1.7272727272727273,0.58203125,0.08333333333333333,0.4090909090909091,0.0,0.0,0.0,0.0,0.0,0.0,0.041666666666666664,0.041666666666666664,0.4166666666666667,0.2916666666666667,0.20833333333333334,0.0
S19,early_abrupt,alpha_global,9.458333333333334,1.0206207261596574,1.0,0.0,9.458333333333334,1.0206207261596574,0.0,0.16666666666666666,0.75,1.75,1.8181818181818181,0.5946377840909091,0.08333333333333333,0.4090909090909091,0.0,0.0,0.0,0.0,0.0,0.0,0.08333333333333333,0.041666666666666664,0.2916666666666667,0.5,0.08333333333333333,0.0
S19,early_abrupt,beta_global,9.333333333333334,1.2740441145412122,1.0,0.0,9.333333333333334,1.2740441145412122,0.0,0.3333333333333333,0.375,1.625,1.6363636363636365,0.5340909090909091,0.08333333333333333,0.5,0.0,0.0,0.0,0.0,0.041666666666666664,0.0,0.0,0.125,0.3333333333333333,0.375,0.125,0.0
S19,early_abrupt,mu_central,9.25,1.5393392145304765,1.0,0.0,9.25,1.5393392145304765,0.0,0.16666666666666666,1.0,3.25,1.7619047619047619,0.5584077380952381,0.125,0.42857142857142855,0.0,0.0,0.0,0.0,0.041666666666666664,0.041666666666666664,0.08333333333333333,0.0,0.25,0.4583333333333333,0.125,0.0
S19,early_abrupt,beta_central,9.25,1.3909646324388165,1.0,0.0,9.25,1.3909646324388165,0.0,0.2916666666666667,0.42857142857142855,2.142857142857143,1.9090909090909092,0.5743963068181818,0.08333333333333333,0.5909090909090909,0.0,0.0,0.0,0.0,0.041666666666666664,0.0,0.041666666666666664,0.125,0.3333333333333333,0.2916666666666667,0.16666666666666666,0.0
S19,late_abrupt,gait,9.333333333333334,1.4345630047135447,1.0,0.0,9.333333333333334,1.4345630047135447,0.0,0.20833333333333334,0.6,2.2,2.0,0.6815476190476191,0.125,0.42857142857142855,0.0,0.0,0.0,0.0,0.0,0.08333333333333333,0.08333333333333333,0.0,0.20833333333333334,0.5,0.125,0.0
S19,late_abrupt,theta_global,9.291666666666666,1.1601786469133204,1.0,0.0,9.291666666666666,1.1601786469133204,0.0,0.3333333333333333,0.5,1.5,1.6666666666666667,0.5492931547619048,0.125,0.5238095238095238,0.0,0.0,0.0,0.0,0.0,0.0,0.041666666666666664,0.25,0.25,0.2916666666666667,0.16666666666666666,0.0
S19,late_abrupt,alpha_global,9.291666666666666,1.1601786469133204,1.0,0.0,9.291666666666666,1.1601786469133204,0.0,0.3333333333333333,0.5,1.75,1.619047619047619,0.5939360119047619,0.125,0.6190476190476191,0.0,0.0,0.0,0.0,0.0,0.0,0.041666666666666664,0.25,0.25,0.2916666666666667,0.16666666666666666,0.0
S19,late_abrupt,beta_global,9.166666666666666,1.5788456616111677,1.0,0.0,9.166666666666666,1.5788456616111677,0.0,0.25,0.5,2.3333333333333335,1.8095238095238095,0.5719866071428571,0.125,0.5238095238095238,0.0,0.0,0.0,0.041666666666666664,0.0,0.041666666666666664,0.0,0.125,0.2916666666666667,0.375,0.125,0.0
S19,late_abrupt,mu_central,9.458333333333334,1.5030162910010298,1.0,0.0,9.458333333333334,1.5030162910010298,0.0,0.16666666666666666,0.75,2.25,1.7727272727272727,0.5894886363636364,0.08333333333333333,0.3181818181818182,0.0,0.0,0.0,0.0,0.041666666666666664,0.041666666666666664,0.0,0.08333333333333333,0.20833333333333334,0.4166666666666667,0.20833333333333334,0.0
S19,late_abrupt,beta_central,9.25,1.1515584902738285,1.0,0.0,9.25,1.1515584902738285,0.0,0.16666666666666666,0.5,1.5,1.6818181818181819,0.5729758522727273,0.08333333333333333,0.3181818181818182,0.0,0.0,0.0,0.0,0.0,0.0,0.041666666666666664,0.20833333333333334,0.4166666666666667,0.125,0.20833333333333334,0.0
S19,early_gradual,gait,9.125,1.2618998788920721,1.0833333333333333,0.408248290463863,9.041666666666666,1.5736738147920994,0.041666666666666664,0.25,0.5,1.8333333333333333,1.4,0.4595703125,0.16666666666666666,0.4,0.0,0.0,0.041666666666666664,0.041666666666666664,0.041666666666666664,0.0,0.041666666666666664,0.08333333333333333,0.4583333333333333,0.2916666666666667,0.08333333333333333,0.0
S19,early_gradual,theta_global,9.0,2.1058923544891015,1.0,0.0,9.0,2.1058923544891015,0.0,0.16666666666666666,0.75,3.5,1.6521739130434783,0.5602921195652174,0.041666666666666664,0.391304347826087,0.0,0.0,0.0,0.08333333333333333,0.0,0.125,0.0,0.0,0.125,0.5416666666666666,0.125,0.0
S19,early_gradual,alpha_global,9.291666666666666,1.3014763077790332,1.0,0.0,9.291666666666666,1.3014763077790332,0.0,0.3333333333333333,0.375,1.375,2.238095238095238,0.7401413690476191,0.125,0.5238095238095238,0.0,0.0,0.0,0.0,0.0,0.0,0.125,0.16666666666666666,0.16666666666666666,0.375,0.16666666666666666,0.0
S19,early_gradual,beta_global,9.25,1.3269776053940743,1.0,0.0,9.25,1.3269776053940743,0.0,0.3333333333333333,0.625,1.875,2.0,0.6981534090909091,0.08333333333333333,0.6363636363636364,0.0,0.0,0.0,0.0,0.0,0.041666666666666664,0.041666666666666664,0.20833333333333334,0.20833333333333334,0.3333333333333333,0.16666666666666666,0.0
S19,early_gradual,mu_central,9.208333333333334,1.3506573815438319,1.0,0.0,9.208333333333334,1.3506573815438319,0.0,0.20833333333333334,0.4,2.0,1.1904761904761905,0.3560267857142857,0.125,0.47619047619047616,0.0,0.0,0.0,0.0,0.0,0.041666666666666664,0.08333333333333333,0.16666666666666666,0.16666666666666666,0.4166666666666667,0.125,0.0
S19,early_gradual,beta_central,8.916666666666666,1.5298953265321547,1.0833333333333333,0.408248290463863,8.833333333333334,1.7856107630448046,0.041666666666666664,0.2916666666666667,0.8571428571428571,2.5714285714285716,1.8095238095238095,0.6112351190476191,0.125,0.6666666666666666,0.0,0.0,0.041666666666666664,0.041666666666666664,0.041666666666666664,0.0,0.125,0.20833333333333334,0.25,0.20833333333333334,0.16666666666666666,0.0
S19,late_gradual,gait,9.166666666666666,1.5788456616111677,1.0416666666666667,0.2041241452319315,9.125,1.701980943029264,0.041666666666666664,0.20833333333333334,0.6,1.8,1.3636363636363635,0.45454545454545453,0.08333333333333333,0.4090909090909091,0.0,0.0,0.0,0.041666666666666664,0.041666666666666664,0.0,0.08333333333333333,0.25,0.08333333333333333,0.3333333333333333,0.20833333333333334,0.0
S19,late_gradual,theta_global,9.166666666666666,1.2394482175782782,1.0,0.0,9.166666666666666,1.2394482175782782,0.0,0.20833333333333334,0.4,1.6,1.9523809523809523,0.6419270833333334,0.125,0.42857142857142855,0.0,0.0,0.0,0.0,0.0,0.041666666666666664,0.0,0.25,0.3333333333333333,0.20833333333333334,0.16666666666666666,0.0
S19,late_gradual,alpha_global,9.0,1.6418441381303657,1.0416666666666667,0.2041241452319315,8.958333333333334,1.7810394294555534,0.041666666666666664,0.2916666666666667,0.7142857142857143,2.4285714285714284,1.9545454545454546,0.7290482954545454,0.08333333333333333,0.6818181818181818,0.0,0.0,0.041666666666666664,0.041666666666666664,0.0,0.041666666666666664,0.041666666666666664,0.16666666666666666,0.25,0.3333333333333333,0.125,0.0
S19,late_gradual,beta_global,9.083333333333334,1.6129008882638507,1.0,0.0,9.083333333333334,1.6129008882638507,0.0,0.20833333333333334,1.0,3.0,2.1363636363636362,0.6766690340909091,0.08333333333333333,0.45454545454545453,0.0,0.0,0.0,0.0,0.0,0.125,0.041666666666666664,0.125,0.25,0.25,0.20833333333333334,0.0
S19,late_gradual,mu_central,9.5,0.9325048082403138,1.0,0.0,9.5,0.9325048082403138,0.0,0.25,0.16666666666666666,1.1666666666666667,1.6363636363636365,0.48384232954545453,0.08333333333333333,0.4090909090909091,0.0,0.0,0.0,0.0,0.0,0.0,0.0,0.125,0.4166666666666667,0.2916666666666667,0.16666666666666666,0.0
S19,late_gradual,beta_central,9.458333333333334,0.832970935693524,1.0,0.0,9.458333333333334,0.832970935693524,0.0,0.20833333333333334,0.0,1.0,1.7272727272727273,0.5958806818181818,0.08333333333333333,0.3181818181818182,0.0,0.0,0.0,0.0,0.0,0.0,0.0,0.08333333333333333,0.5,0.2916666666666667,0.125,0.0
S20,baseline,gait,8.875,1.701980943029264,1.1666666666666667,0.5646597025732799,8.708333333333334,2.1362129568705104,0.08333333333333333,0.25,0.5,2.6666666666666665,1.55,0.5072265625,0.16666666666666666,0.5,0.0,0.0,0.08333333333333333,0.08333333333333333,0.08333333333333333,0.041666666666666664,0.0,0.20833333333333334,0.2916666666666667,0.20833333333333334,0.16666666666666666,0.0
S20,baseline,theta_global,9.416666666666666,1.316010660280157,1.0,0.0,9.416666666666666,1.316010660280157,0.0,0.20833333333333334,0.6,2.0,2.130434782608696,0.7199388586956522,0.041666666666666664,0.43478260869565216,0.0,0.0,0.0,0.0,0.0,0.0,0.125,0.125,0.16666666666666666,0.375,0.20833333333333334,0.0
S20,baseline,alpha_global,8.916666666666666,1.6129008882638507,1.0,0.0,8.916666666666666,1.6129008882638507,0.0,0.2916666666666667,0.42857142857142855,1.8571428571428572,2.739130434782609,0.7960258152173914,0.041666666666666664,0.6086956521739131,0.0,0.0,0.0,0.041666666666666664,0.0,0.041666666666666664,0.041666666666666664,0.16666666666666666,0.3333333333333333,0.25,0.125,0.0
S20,baseline,beta_global,9.5,1.06321906614239,1.0,0.0,9.5,1.06321906614239,0.0,0.16666666666666666,0.25,1.25,1.4761904761904763,0.48995535714285715,0.125,0.2857142857142857,0.0,0.0,0.0,0.0,0.0,0.0,0.041666666666666664,0.08333333333333333,0.4166666666666667,0.25,0.20833333333333334,0.0
S20,baseline,mu_central,9.083333333333334,1.5580552724098262,1.0,0.0,9.083333333333334,1.5580552724098262,0.0,0.375,0.6666666666666666,2.2222222222222223,2.2857142857142856,0.7163318452380952,0.125,0.7619047619047619,0.0,0.0,0.0,0.0,0.041666666666666664,0.041666666666666664,0.041666666666666664,0.16666666666666666,0.25,0.2916666666666667,0.16666666666666666,0.0
S20,baseline,beta_central,9.166666666666666,1.203858530857692,1.0,0.0,9.166666666666666,1.203858530857692,0.0,0.25,0.8333333333333334,2.1666666666666665,2.4761904761904763,0.7864583333333334,0.125,0.6190476190476191,0.0,0.0,0.0,0.0,0.0,0.041666666666666664,0.08333333333333333,0.08333333333333333,0.2916666666666667,0.4583333333333333,0.041666666666666664,0.0
S20,early_abrupt,gait,9.166666666666666,1.3726099121798927,1.0,0.0,9.166666666666666,1.3726099121798927,0.0,0.20833333333333334,0.8,2.6,2.3636363636363638,0.7906605113636364,0.08333333333333333,0.4090909090909091,0.0,0.0,0.0,0.0,0.041666666666666664,0.0,0.08333333333333333,0.08333333333333333,0.2916666666666667,0.4166666666666667,0.08333333333333333,0.0
S20,early_abrupt,theta_global,9.416666666666666,1.442120017518492,1.0,0.0,9.416666666666666,1.442120017518492,0.0,0.16666666666666666,0.5,2.0,1.3636363636363635,0.3860085227272727,0.08333333333333333,0.45454545454545453,0.0,0.0,0.0,0.0,0.0,0.041666666666666664,0.08333333333333333,0.125,0.16666666666666666,0.3333333333333333,0.25,0.0
S20,early_abrupt,alpha_global,9.208333333333334,1.3506573815438319,1.0,0.0,9.208333333333334,1.3506573815438319,0.0,0.2916666666666667,0.5714285714285714,2.0,2.0,0.6821056547619048,0.125,0.5238095238095238,0.0,0.0,0.0,0.0,0.0,0.08333333333333333,0.0,0.16666666666666666,0.25,0.375,0.125,0.0
S20,early_abrupt,beta_global,8.916666666666666,1.717345440591042,1.0416666666666667,0.2041241452319315,8.875,1.8252456654188867,0.041666666666666664,0.25,0.6666666666666666,2.8333333333333335,1.5238095238095237,0.5128348214285714,0.125,0.5238095238095238,0.0,0.0,0.0,0.041666666666666664,0.041666666666666664,0.08333333333333333,0.125,0.041666666666666664,0.20833333333333334,0.375,0.125,0.0
S20,early_abrupt,mu_central,8.958333333333334,1.8292114401439827,1.0,0.0,8.958333333333334,1.8292114401439827,0.0,0.20833333333333334,0.8,3.6,2.590909090909091,0.8309659090909091,0.08333333333333333,0.5909090909090909,0.0,0.0,0.0,0.041666666666666664,0.041666666666666664,0.041666666666666664,0.041666666666666664,0.041666666666666664,0.375,0.25,0.16666666666666666,0.0
S20,early_abrupt,beta_central,9.291666666666666,0.999093792292346,1.0,0.0,9.291666666666666,0.999093792292346,0.0,0.2916666666666667,0.2857142857142857,1.4285714285714286,1.9047619047619047,0.6735491071428571,0.125,0.5238095238095238,0.0,0.0,0.0,0.0,0.0,0.0,0.041666666666666664,0.16666666666666666,0.3333333333333333,0.375,0.08333333333333333,0.0
S20,late_abrupt,gait,8.958333333333334,1.545798419465872,1.0,0.0,8.958333333333334,1.545798419465872,0.0,0.20833333333333334,0.8,2.8,1.8636363636363635,0.6067116477272727,0.08333333333333333,0.5454545454545454,0.0,0.0,0.0,0.0,0.041666666666666664,0.041666666666666664,0.041666666666666664,0.20833333333333334,0.2916666666666667,0.20833333333333334,0.16666666666666666,0.0
S20,late_abrupt,theta_global,9.125,1.226961606004318,1.0,0.0,9.125,1.226961606004318,0.0,0.2916666666666667,0.7142857142857143,1.8571428571428572,1.6363636363636365,0.5862926136363636,0.08333333333333333,0.6363636363636364,0.0,0.0,0.0,0.0,0.0,0.041666666666666664,0.0,0.2916666666666667,0.25,0.2916666666666667,0.125,0.0
S20,late_abrupt,alpha_global,9.375,1.3452816094393218,1.0,0.0,9.375,1.3452816094393218,0.0,0.25,0.6666666666666666,1.8333333333333333,1.55,0.5134765625,0.16666666666666666,0.5,0.0,0.0,0.0,0.0,0.0,0.041666666666666664,0.041666666666666664,0.16666666666666666,0.20833333333333334,0.3333333333333333,0.20833333333333334,0.0
S20,late_abrupt,beta_global,9.541666666666666,1.2150922908825974,1.0,0.0,9.541666666666666,1.2150922908825974,0.0,0.25,0.16666666666666666,1.3333333333333333,1.5238095238095237,0.5591517857142857,0.125,0.42857142857142855,0.0,0.0,0.0,0.0,0.0,0.041666666666666664,0.041666666666666664,0.041666666666666664,0.25,0.4583333333333333,0.16666666666666666,0.0
S20,late_abrupt,mu_central,8.958333333333334,1.6010639578422372,1.0416666666666667,0.2041241452319315,8.916666666666666,1.717345440591042,0.041666666666666664,0.20833333333333334,0.6,2.8,1.8571428571428572,0.5494791666666666,0.125,0.47619047619047616,0.0,0.0,0.0,0.041666666666666664,0.08333333333333333,0.0,0.08333333333333333,0.08333333333333333,0.2916666666666667,0.375,0.08333333333333333,0.0
S20,late_abrupt,beta_central,8.708333333333334,1.756458063130524,1.0,0.0,8.708333333333334,1.756458063130524,0.0,0.25,0.8333333333333334,2.3333333333333335,1.7619047619047619,0.5641741071428571,0.125,0.5714285714285714,0.0,0.0,0.0,0.0,0.041666666666666664,0.08333333333333333,0.125,0.16666666666666666,0.25,0.125,0.20833333333333334,0.0
S20,early_gradual,gait,9.25,1.224744871391589,1.0,0.0,9.25,1.224744871391589,0.0,0.20833333333333334,0.2,1.8,1.380952380952381,0.4373139880952381,0.125,0.42857142857142855,0.0,0.0,0.0,0.0,0.0,0.041666666666666664,0.041666666666666664,0.16666666666666666,0.20833333333333334,0.4583333333333333,0.08333333333333333,0.0
S20,early_gradual,theta_global,9.291666666666666,1.5736738147920994,1.0833333333333333,0.408248290463863,9.208333333333334,1.887698545081139,0.041666666666666664,0.2916666666666667,0.42857142857142855,2.0,1.8095238095238095,0.6266741071428571,0.125,0.47619047619047616,0.0,0.041666666666666664,0.041666666666666664,0.041666666666666664,0.0,0.041666666666666664,0.0,0.041666666666666664,0.375,0.3333333333333333,0.16666666666666666,0.0
S20,early_gradual,alpha_global,9.125,1.6500988112705621,1.0,0.0,9.125,1.6500988112705621,0.0,0.20833333333333334,0.4,2.0,2.3043478260869565,0.7690217391304348,0.041666666666666664,0.43478260869565216,0.0,0.0,0.0,0.0,0.08333333333333333,0.041666666666666664,0.0,0.041666666666666664,0.3333333333333333,0.375,0.125,0.0
S20,early_gradual,beta_global,9.0,1.5879984667608413,1.0,0.0,9.0,1.5879984667608413,0.0,0.25,0.5,2.1666666666666665,2.272727272727273,0.7389914772727273,0.08333333333333333,0.45454545454545453,0.0,0.0,0.0,0.0,0.041666666666666664,0.041666666666666664,0.08333333333333333,0.16666666666666666,0.16666666666666666,0.375,0.125,0.0
S20,early_gradual,mu_central,9.333333333333334,1.4645571126562063,1.0,0.0,9.333333333333334,1.4645571126562063,0.0,0.16666666666666666,0.25,2.0,1.3181818181818181,0.4426491477272727,0.08333333333333333,0.4090909090909091,0.0,0.0,0.0,0.0,0.041666666666666664,0.0,0.041666666666666664,0.16666666666666666,0.20833333333333334,0.3333333333333333,0.20833333333333334,0.0
S20,early_gradual,beta_central,8.833333333333334,1.493949148388597,1.0,0.0,8.833333333333334,1.493949148388597,0.0,0.20833333333333334,0.6,2.4,1.5,0.4845525568181818,0.08333333333333333,0.5454545454545454,0.0,0.0,0.0,0.0,0.0,0.08333333333333333,0.16666666666666666,0.08333333333333333,0.25,0.3333333333333333,0.08333333333333333,0.0
S20,late_gradual,gait,9.333333333333334,1.090140264874869,1.0,0.0,9.333333333333334,1.090140264874869,0.0,0.2916666666666667,0.42857142857142855,1.7142857142857142,2.0454545454545454,0.6924715909090909,0.08333333333333333,0.5454545454545454,0.0,0.0,0.0,0.0,0.0,0.0,0.08333333333333333,0.08333333333333333,0.375,0.3333333333333333,0.125,0.0
S20,late_gradual,theta_global,9.291666666666666,1.458980187804412,1.0,0.0,9.291666666666666,1.458980187804412,0.0,0.25,0.8333333333333334,2.5,1.5238095238095237,0.48735119047619047,0.125,0.5238095238095238,0.0,0.0,0.0,0.0,0.0,0.08333333333333333,0.041666666666666664,0.08333333333333333,0.2916666666666667,0.2916666666666667,0.20833333333333334,0.0
S20,late_gradual,alpha_global,8.875,1.541103500742244,1.0,0.0,8.875,1.541103500742244,0.0,0.20833333333333334,0.6,2.2,2.130434782608696,0.682235054347826,0.041666666666666664,0.5652173913043478,0.0,0.0,0.0,0.0,0.0,0.125,0.08333333333333333,0.125,0.20833333333333334,0.375,0.08333333333333333,0.0
S20,late_gradual,beta_global,8.875,1.7273377354107426,1.0,0.0,8.875,1.7273377354107426,0.0,0.25,0.6666666666666666,2.8333333333333335,2.6363636363636362,0.8299005681818182,0.08333333333333333,0.5454545454545454,0.0,0.0,0.0,0.0,0.08333333333333333,0.08333333333333333,0.0,0.08333333333333333,0.2916666666666667,0.375,0.08333333333333333,0.0
S20,late_gradual,mu_central,9.125,1.4540049638094805,1.0416666666666667,0.2041241452319315,9.083333333333334,1.5857152183236396,0.041666666666666664,0.25,0.8333333333333334,2.8333333333333335,1.6666666666666667,0.5779389880952381,0.125,0.6666666666666666,0.0,0.0,0.0,0.041666666666666664,0.041666666666666664,0.0,0.125,0.041666666666666664,0.3333333333333333,0.3333333333333333,0.125,0.0
S20,late_gradual,beta_central,8.833333333333334,1.7362294645648624,1.0,0.0,8.833333333333334,1.7362294645648624,0.0,0.16666666666666666,1.0,3.75,2.4285714285714284,0.8143601190476191,0.125,0.47619047619047616,0.0,0.0,0.0,0.041666666666666664,0.041666666666666664,0.041666666666666664,0.041666666666666664,0.08333333333333333,0.2916666666666667,0.4166666666666667,0.041666666666666664,0.0
S21,baseline,gait,9.291666666666666,1.2676293062133797,1.0,0.0,9.291666666666666,1.2676293062133797,0.0,0.25,0.5,2.0,1.619047619047619,0.5472470238095238,0.125,0.5238095238095238,0.0,0.0,0.0,0.0,0.0,0.041666666666666664,0.08333333333333333,0.041666666666666664,0.3333333333333333,0.375,0.125,0.0
S21,baseline,theta_global,9.291666666666666,1.2328534123049195,1.0,0.0,9.291666666666666,1.2328534123049195,0.0,0.20833333333333334,0.6,1.8,1.6818181818181819,0.5816761363636364,0.08333333333333333,0.5454545454545454,0.0,0.0,0.0,0.0,0.0,0.041666666666666664,0.041666666666666664,0.125,0.2916666666666667,0.375,0.125,0.0
S21,baseline,alpha_global,9.625,0.8753881126826472,1.0,0.0,9.625,0.8753881126826472,0.0,0.125,0.3333333333333333,1.3333333333333333,2.0,0.6739130434782609,0.041666666666666664,0.30434782608695654,0.0,0.0,0.0,0.0,0.0,0.0,0.0,0.08333333333333333,0.375,0.375,0.16666666666666666,0.0
S21,baseline,beta_global,9.083333333333334,1.5857152183236396,1.0,0.0,9.083333333333334,1.5857152183236396,0.0,0.25,0.6666666666666666,2.1666666666666665,1.8095238095238095,0.6422991071428571,0.125,0.5238095238095238,0.0,0.0,0.0,0.0,0.041666666666666664,0.041666666666666664,0.08333333333333333,0.08333333333333333,0.2916666666666667,0.2916666666666667,0.16666666666666666,0.0
S21,baseline,mu_central,9.166666666666666,1.3405601251996726,1.0,0.0,9.166666666666666,1.3405601251996726,0.0,0.2916666666666667,0.7142857142857143,2.142857142857143,1.9090909090909092,0.6107954545454546,0.08333333333333333,0.5454545454545454,0.0,0.0,0.0,0.0,0.0,0.08333333333333333,0.041666666666666664,0.041666666666666664,0.4166666666666667,0.2916666666666667,0.125,0.0
S21,baseline,beta_central,9.208333333333334,1.5597983890531346,1.0,0.0,9.208333333333334,1.5597983890531346,0.0,0.2916666666666667,0.5714285714285714,2.142857142857143,1.8095238095238095,0.5680803571428571,0.125,0.5238095238095238,0.0,0.0,0.0,0.0,0.041666666666666664,0.041666666666666664,0.08333333333333333,0.0,0.3333333333333333,0.3333333333333333,0.16666666666666666,0.0
S21,early_abrupt,gait,9.166666666666666,1.1671841502435296,1.0,0.0,9.166666666666666,1.1671841502435296,0.0,0.2916666666666667,0.5714285714285714,1.8571428571428572,1.8571428571428572,0.6261160714285714,0.125,0.5238095238095238,0.0,0.0,0.0,0.0,0.0,0.041666666666666664,0.0,0.25,0.25,0.375,0.08333333333333333,0.0
S21,early_abrupt,theta_global,9.291666666666666,1.4288690166235205,1.0,0.0,9.291666666666666,1.4288690166235205,0.0,0.2916666666666667,0.42857142857142855,1.8571428571428572,1.5,0.5005859375,0.16666666666666666,0.45,0.0,0.0,0.0,0.0,0.041666666666666664,0.0,0.041666666666666664,0.125,0.3333333333333333,0.25,0.20833333333333334,0.0
S21,early_abrupt,alpha_global,9.041666666666666,1.6010639578422372,1.0,0.0,9.041666666666666,1.6010639578422372,0.0,0.20833333333333334,1.0,2.8,2.0,0.6304347826086957,0.041666666666666664,0.43478260869565216,0.0,0.0,0.0,0.0,0.0,0.16666666666666666,0.0,0.041666666666666664,0.375,0.25,0.16666666666666666,0.0
S21,early_abrupt,beta_global,9.041666666666666,1.1970676733137329,1.0,0.0,9.041666666666666,1.1970676733137329,0.0,0.25,0.3333333333333333,1.8333333333333333,1.380952380952381,0.4497767857142857,0.125,0.42857142857142855,0.0,0.0,0.0,0.0,0.0,0.041666666666666664,0.041666666666666664,0.16666666666666666,0.4583333333333333,0.16666666666666666,0.125,0.0
S21,early_abrupt,mu_central,9.583333333333334,0.9743076322798876,1.0,0.0,9.583333333333334,0.9743076322798876,0.0,0.25,0.16666666666666666,1.1666666666666667,1.8695652173913044,0.579483695652174,0.041666666666666664,0.43478260869565216,0.0,0.0,0.0,0.0,0.0,0.0,0.0,0.16666666666666666,0.25,0.4166666666666667,0.16666666666666666,0.0
S21,early_abrupt,beta_central,8.875,1.3290238326779873,1.0,0.0,8.875,1.3290238326779873,0.0,0.3333333333333333,0.375,2.0,1.8,0.5263671875,0.16666666666666666,0.65,0.0,0.0,0.0,0.0,0.0,0.08333333333333333,0.041666666666666664,0.20833333333333334,0.3333333333333333,0.25,0.08333333333333333,0.0
S21,late_abrupt,gait,9.166666666666666,1.493949148388597,1.0416666666666667,0.2041241452319315,9.125,1.596531566702726,0.041666666666666664,0.16666666666666666,0.5,2.0,1.5,0.48579545454545453,0.08333333333333333,0.4090909090909091,0.0,0.0,0.0,0.0,0.041666666666666664,0.08333333333333333,0.08333333333333333,0.08333333333333333,0.25,0.3333333333333333,0.16666666666666666,0.0
S21,late_abrupt,theta_global,8.916666666666666,1.442120017518492,1.0416666666666667,0.2041241452319315,8.875,1.596531566702726,0.041666666666666664,0.2916666666666667,0.5714285714285714,2.2857142857142856,2.0,0.7224702380952381,0.125,0.5238095238095238,0.0,0.0,0.041666666666666664,0.041666666666666664,0.0,0.0,0.08333333333333333,0.125,0.375,0.3333333333333333,0.041666666666666664,0.0
S21,late_abrupt,alpha_global,9.375,1.3452816094393218,1.0416666666666667,0.2041241452319315,9.333333333333334,1.493949148388597,0.041666666666666664,0.2916666666666667,0.42857142857142855,1.8571428571428572,1.380952380952381,0.4908854166666667,0.125,0.47619047619047616,0.0,0.0,0.0,0.041666666666666664,0.041666666666666664,0.0,0.0,0.16666666666666666,0.25,0.375,0.16666666666666666,0.0
S21,late_abrupt,beta_global,9.166666666666666,1.3726099121798927,1.0416666666666667,0.2041241452319315,9.125,1.5126280039259057,0.041666666666666664,0.2916666666666667,0.42857142857142855,1.8571428571428572,1.8571428571428572,0.6369047619047619,0.125,0.5714285714285714,0.0,0.0,0.0,0.041666666666666664,0.041666666666666664,0.0,0.041666666666666664,0.16666666666666666,0.2916666666666667,0.3333333333333333,0.125,0.0
S21,late_abrupt,mu_central,9.083333333333334,1.501207243656184,1.0,0.0,9.083333333333334,1.501207243656184,0.0,0.2916666666666667,0.5714285714285714,2.142857142857143,2.0454545454545454,0.6569602272727273,0.08333333333333333,0.45454545454545453,0.0,0.0,0.0,0.041666666666666664,0.0,0.0,0.08333333333333333,0.08333333333333333,0.3333333333333333,0.375,0.08333333333333333,0.0
S21,late_abrupt,beta_central,8.958333333333334,1.6010639578422372,1.0,0.0,8.958333333333334,1.6010639578422372,0.0,0.3333333333333333,0.5,2.5,1.9047619047619047,0.6283482142857143,0.125,0.7142857142857143,0.0,0.0,0.0,0.041666666666666664,0.0,0.041666666666666664,0.08333333333333333,0.041666666666666664,0.375,0.3333333333333333,0.08333333333333333,0.0
S21,early_gradual,gait,9.291666666666666,1.3014763077790332,1.0,0.0,9.291666666666666,1.3014763077790332,0.0,0.2916666666666667,0.5714285714285714,1.8571428571428572,1.5238095238095237,0.5347842261904762,0.125,0.42857142857142855,0.0,0.0,0.0,0.0,0.0,0.0,0.08333333333333333,0.25,0.16666666666666666,0.2916666666666667,0.20833333333333334,0.0
S21,early_gradual,theta_global,9.0,1.4142135623730951,1.0,0.0,9.0,1.4142135623730951,0.0,0.25,0.3333333333333333,1.5,1.9545454545454546,0.6695667613636364,0.08333333333333333,0.4090909090909091,0.0,0.0,0.0,0.0,0.0,0.0,0.20833333333333334,0.16666666666666666,0.20833333333333334,0.25,0.16666666666666666,0.0
S21,early_gradual,alpha_global,9.208333333333334,1.5316704909195136,1.0,0.0,9.208333333333334,1.5316704909195136,0.0,0.20833333333333334,1.0,3.0,1.9090909090909092,0.599609375,0.08333333333333333,0.5,0.0,0.0,0.0,0.0,0.0,0.08333333333333333,0.08333333333333333,0.08333333333333333,0.25,0.2916666666666667,0.20833333333333334,0.0
S21,early_gradual,beta_global,9.416666666666666,1.1000658741803746,1.0,0.0,9.416666666666666,1.1000658741803746,0.0,0.20833333333333334,0.4,2.0,1.3333333333333333,0.42410714285714285,0.125,0.42857142857142855,0.0,0.0,0.0,0.0,0.0,0.041666666666666664,0.0,0.08333333333333333,0.375,0.375,0.125,0.0
S21,early_gradual,mu_central,8.916666666666666,1.9763089590064795,1.0416666666666667,0.2041241452319315,8.875,2.1123343773510697,0.041666666666666664,0.3333333333333333,0.625,2.375,1.9090909090909092,0.6647727272727273,0.08333333333333333,0.6363636363636364,0.0,0.041666666666666664,0.041666666666666664,0.0,0.041666666666666664,0.041666666666666664,0.041666666666666664,0.08333333333333333,0.2916666666666667,0.2916666666666667,0.16666666666666666,0.0
S21,early_gradual,beta_central,9.458333333333334,1.141287094417552,1.0,0.0,9.458333333333334,1.141287094417552,0.0,0.16666666666666666,0.5,1.75,1.5909090909090908,0.5436789772727273,0.08333333333333333,0.4090909090909091,0.0,0.0,0.0,0.0,0.0,0.0,0.08333333333333333,0.08333333333333333,0.2916666666666667,0.375,0.16666666666666666,0.0
S21,late_gradual,gait,8.833333333333334,1.5788456616111677,1.125,0.44842720314644063,8.708333333333334,1.899179838238342,0.08333333333333333,0.2916666666666667,0.8571428571428571,2.5714285714285716,2.272727272727273,0.7737926136363636,0.08333333333333333,0.6363636363636364,0.0,0.0,0.041666666666666664,0.041666666666666664,0.08333333333333333,0.041666666666666664,0.08333333333333333,0.25,0.16666666666666666,0.2916666666666667,0.125,0.0
S21,late_gradual,theta_global,9.458333333333334,1.2150922908825974,1.0,0.0,9.458333333333334,1.2150922908825974,0.0,0.125,0.6666666666666666,2.0,1.5238095238095237,0.5199032738095238,0.125,0.2857142857142857,0.0,0.0,0.0,0.0,0.0,0.0,0.125,0.041666666666666664,0.25,0.4166666666666667,0.16666666666666666,0.0
S21,late_gradual,alpha_global,9.166666666666666,1.203858530857692,1.0,0.0,9.166666666666666,1.203858530857692,0.0,0.125,1.0,2.6666666666666665,1.9090909090909092,0.6399147727272727,0.08333333333333333,0.45454545454545453,0.0,0.0,0.0,0.0,0.0,0.041666666666666664,0.041666666666666664,0.16666666666666666,0.2916666666666667,0.375,0.08333333333333333,0.0
S21,late_gradual,beta_global,9.083333333333334,1.442120017518492,1.0,0.0,9.083333333333334,1.442120017518492,0.0,0.25,0.6666666666666666,2.3333333333333335,1.6818181818181819,0.6083096590909091,0.08333333333333333,0.5454545454545454,0.0,0.0,0.0,0.0,0.041666666666666664,0.041666666666666664,0.041666666666666664,0.08333333333333333,0.3333333333333333,0.375,0.08333333333333333,0.0
S21,late_gradual,mu_central,9.375,1.0959411282189109,1.0,0.0,9.375,1.0959411282189109,0.0,0.2916666666666667,0.5714285714285714,1.5714285714285714,1.8095238095238095,0.6184895833333334,0.125,0.5238095238095238,0.0,0.0,0.0,0.0,0.0,0.0,0.041666666666666664,0.20833333333333334,0.20833333333333334,0.4166666666666667,0.125,0.0
S21,late_gradual,beta_central,9.125,1.4540049638094805,1.0,0.0,9.125,1.4540049638094805,0.0,0.20833333333333334,0.6,2.6,1.6666666666666667,0.5749627976190477,0.125,0.42857142857142855,0.0,0.0,0.0,0.0,0.0,0.08333333333333333,0.08333333333333333,0.08333333333333333,0.25,0.375,0.125,0.0
S22,baseline,gait,8.291666666666666,2.0319013727063124,1.3333333333333333,0.7613869876268811,7.958333333333333,2.6780779393578826,0.16666666666666666,0.3333333333333333,0.75,3.5,2.409090909090909,0.7977627840909091,0.08333333333333333,0.8181818181818182,0.0,0.08333333333333333,0.125,0.16666666666666666,0.08333333333333333,0.08333333333333333,0.08333333333333333,0.08333333333333333,0.3333333333333333,0.20833333333333334,0.08333333333333333,0.0
S22,baseline,theta_global,9.541666666666666,1.6145847942957392,1.0833333333333333,0.408248290463863,9.458333333333334,1.9332146390351255,0.041666666666666664,0.125,0.6666666666666666,3.3333333333333335,1.3181818181818181,0.44762073863636365,0.08333333333333333,0.3181818181818182,0.0,0.041666666666666664,0.041666666666666664,0.041666666666666664,0.0,0.041666666666666664,0.0,0.0,0.2916666666666667,0.375,0.25,0.0
S22,baseline,alpha_global,9.458333333333334,1.2846642825425558,1.0,0.0,9.458333333333334,1.2846642825425558,0.0,0.20833333333333334,0.6,2.6,1.7,0.5544921875,0.16666666666666666,0.3,0.0,0.0,0.0,0.0,0.0,0.041666666666666664,0.041666666666666664,0.125,0.16666666666666666,0.4583333333333333,0.16666666666666666,0.0
S22,baseline,beta_global,9.208333333333334,1.350657381543832,1.0,0.0,9.208333333333334,1.350657381543832,0.0,0.20833333333333334,0.6,2.2,1.5238095238095237,0.5133928571428571,0.125,0.5714285714285714,0.0,0.0,0.0,0.0,0.0,0.041666666666666664,0.08333333333333333,0.125,0.2916666666666667,0.2916666666666667,0.16666666666666666,0.0
S22,baseline,mu_central,9.041666666666666,1.3666578295932035,1.0,0.0,9.041666666666666,1.3666578295932035,0.0,0.25,0.6666666666666666,2.0,1.8695652173913044,0.6513247282608695,0.041666666666666664,0.5217391304347826,0.0,0.0,0.0,0.0,0.0,0.0,0.20833333333333334,0.125,0.20833333333333334,0.3333333333333333,0.125,0.0
S22,baseline,beta_central,9.041666666666666,1.4884823513044847,1.0,0.0,9.041666666666666,1.4884823513044847,0.0,0.20833333333333334,0.6,2.4,1.6666666666666667,0.5729166666666666,0.125,0.47619047619047616,0.0,0.0,0.0,0.0,0.041666666666666664,0.041666666666666664,0.041666666666666664,0.125,0.3333333333333333,0.2916666666666667,0.125,0.0
S22,early_abrupt,gait,9.0,1.5322617553657476,1.0833333333333333,0.28232985128663995,8.916666666666666,1.767254482466264,0.08333333333333333,0.25,0.3333333333333333,2.3333333333333335,2.0454545454545454,0.697265625,0.08333333333333333,0.5454545454545454,0.0,0.0,0.041666666666666664,0.041666666666666664,0.041666666666666664,0.041666666666666664,0.0,0.16666666666666666,0.3333333333333333,0.3333333333333333,0.08333333333333333,0.0
S22,early_abrupt,theta_global,9.25,1.3269776053940743,1.0,0.0,9.25,1.3269776053940743,0.0,0.25,0.5,1.8333333333333333,1.8181818181818181,0.6209161931818182,0.08333333333333333,0.45454545454545453,0.0,0.0,0.0,0.0,0.0,0.0,0.125,0.20833333333333334,0.125,0.375,0.16666666666666666,0.0
S22,early_abrupt,alpha_global,9.166666666666666,1.090140264874869,1.0,0.0,9.166666666666666,1.090140264874869,0.0,0.25,0.5,1.6666666666666667,1.8095238095238095,0.5732886904761905,0.125,0.47619047619047616,0.0,0.0,0.0,0.0,0.0,0.0,0.08333333333333333,0.125,0.4583333333333333,0.20833333333333334,0.125,0.0
S22,early_abrupt,beta_global,8.875,1.596531566702726,1.0,0.0,8.875,1.596531566702726,0.0,0.25,1.0,3.0,1.9523809523809523,0.6795014880952381,0.125,0.6190476190476191,0.0,0.0,0.0,0.0,0.0,0.125,0.08333333333333333,0.16666666666666666,0.16666666666666666,0.3333333333333333,0.125,0.0
S22,early_abrupt,mu_central,9.041666666666666,1.1220775245117838,1.0,0.0,9.041666666666666,1.1220775245117838,0.0,0.20833333333333334,0.4,1.6,1.6666666666666667,0.5494791666666666,0.125,0.47619047619047616,0.0,0.0,0.0,0.0,0.0,0.0,0.08333333333333333,0.25,0.2916666666666667,0.2916666666666667,0.08333333333333333,0.0
S22,early_abrupt,beta_central,9.166666666666666,1.4939491483885972,1.0,0.0,9.166666666666666,1.4939491483885972,0.0,0.375,0.4444444444444444,1.7777777777777777,2.0,0.6207386363636364,0.08333333333333333,0.5,0.0,0.0,0.0,0.041666666666666664,0.0,0.0,0.0,0.25,0.20833333333333334,0.375,0.125,0.0
S22,late_abrupt,gait,9.25,1.0733936430981312,1.0,0.0,9.25,1.0733936430981312,0.0,0.20833333333333334,0.6,1.6,1.6818181818181819,0.5504261363636364,0.08333333333333333,0.4090909090909091,0.0,0.0,0.0,0.0,0.0,0.0,0.08333333333333333,0.08333333333333333,0.4583333333333333,0.25,0.125,0.0
S22,late_abrupt,theta_global,9.083333333333334,1.4116492564332,1.0,0.0,9.083333333333334,1.4116492564332,0.0,0.25,0.5,2.1666666666666665,2.0,0.6428571428571429,0.125,0.47619047619047616,0.0,0.0,0.0,0.0,0.0,0.08333333333333333,0.041666666666666664,0.125,0.375,0.20833333333333334,0.16666666666666666,0.0
S22,late_abrupt,alpha_global,9.416666666666666,1.5298953265321547,1.0,0.0,9.416666666666666,1.5298953265321547,0.0,0.20833333333333334,0.4,2.2,2.0952380952380953,0.7127976190476191,0.125,0.38095238095238093,0.0,0.0,0.0,0.041666666666666664,0.0,0.0,0.0,0.16666666666666666,0.20833333333333334,0.375,0.20833333333333334,0.0
S22,late_abrupt,beta_global,9.083333333333334,1.3160106602801567,1.0,0.0,9.083333333333334,1.3160106602801567,0.0,0.25,0.5,2.1666666666666665,1.35,0.423828125,0.16666666666666666,0.55,0.0,0.0,0.0,0.0,0.041666666666666664,0.0,0.08333333333333333,0.041666666666666664,0.4583333333333333,0.2916666666666667,0.08333333333333333,0.0
S22,late_abrupt,mu_central,9.083333333333334,1.4719601443879746,1.0,0.0,9.083333333333334,1.4719601443879746,0.0,0.25,0.5,2.0,1.6666666666666667,0.6058407738095238,0.125,0.47619047619047616,0.0,0.0,0.0,0.0,0.0,0.125,0.0,0.08333333333333333,0.4166666666666667,0.20833333333333334,0.16666666666666666,0.0
S22,late_abrupt,beta_central,9.375,1.438976085247091,1.0,0.0,9.375,1.438976085247091,0.0,0.16666666666666666,0.25,1.75,1.608695652173913,0.5297214673913043,0.041666666666666664,0.34782608695652173,0.0,0.0,0.0,0.0,0.0,0.08333333333333333,0.0,0.16666666666666666,0.16666666666666666,0.375,0.20833333333333334,0.0
S22,early_gradual,gait,9.166666666666666,1.4939491483885972,1.0,0.0,9.166666666666666,1.4939491483885972,0.0,0.25,0.8333333333333334,2.6666666666666665,2.0952380952380953,0.7034970238095238,0.125,0.5714285714285714,0.0,0.0,0.0,0.0,0.041666666666666664,0.041666666666666664,0.041666666666666664,0.08333333333333333,0.2916666666666667,0.375,0.125,0.0
S22,early_gradual,theta_global,9.666666666666666,0.8681147322824312,1.0,0.0,9.666666666666666,0.8681147322824312,0.0,0.16666666666666666,0.5,1.5,1.6818181818181819,0.5232599431818182,0.08333333333333333,0.36363636363636365,0.0,0.0,0.0,0.0,0.0,0.0,0.0,0.08333333333333333,0.3333333333333333,0.4166666666666667,0.16666666666666666,0.0
S22,early_gradual,alpha_global,9.0,1.2158375177486576,1.0,0.0,9.0,1.2158375177486576,0.0,0.25,0.5,1.6666666666666667,2.5714285714285716,0.9278273809523809,0.125,0.47619047619047616,0.0,0.0,0.0,0.0,0.0,0.0,0.16666666666666666,0.125,0.3333333333333333,0.2916666666666667,0.08333333333333333,0.0
S22,early_gradual,beta_global,9.125,1.4540049638094805,1.0,0.0,9.125,1.4540049638094805,0.0,0.25,0.8333333333333334,2.5,1.8181818181818181,0.5854048295454546,0.08333333333333333,0.4090909090909091,0.0,0.0,0.0,0.0,0.0,0.0,0.16666666666666666,0.25,0.08333333333333333,0.2916666666666667,0.20833333333333334,0.0
S22,early_gradual,mu_central,9.208333333333334,1.3180739131701644,1.0,0.0,9.208333333333334,1.3180739131701644,0.0,0.20833333333333334,0.8,2.4,1.9545454545454546,0.6938920454545454,0.08333333333333333,0.4090909090909091,0.0,0.0,0.0,0.0,0.041666666666666664,0.0,0.08333333333333333,0.0,0.4166666666666667,0.375,0.08333333333333333,0.0
S22,early_gradual,beta_central,8.916666666666666,1.7916877315917055,1.0,0.0,8.916666666666666,1.7916877315917055,0.0,0.2916666666666667,0.7142857142857143,2.4285714285714284,1.9090909090909092,0.6170099431818182,0.08333333333333333,0.5454545454545454,0.0,0.0,0.0,0.041666666666666664,0.0,0.08333333333333333,0.08333333333333333,0.041666666666666664,0.3333333333333333,0.25,0.16666666666666666,0.0
S22,late_gradual,gait,9.166666666666666,1.2740441145412122,1.0,0.0,9.166666666666666,1.2740441145412122,0.0,0.20833333333333334,0.8,2.4,1.380952380952381,0.44494047619047616,0.125,0.47619047619047616,0.0,0.0,0.0,0.0,0.0,0.041666666666666664,0.125,0.0,0.375,0.375,0.08333333333333333,0.0
S22,late_gradual,theta_global,9.166666666666666,1.6594044679962139,1.0,0.0,9.166666666666666,1.6594044679962139,0.0,0.2916666666666667,0.42857142857142855,2.142857142857143,1.7272727272727273,0.6157670454545454,0.08333333333333333,0.5,0.0,0.0,0.0,0.0,0.08333333333333333,0.0,0.041666666666666664,0.08333333333333333,0.3333333333333333,0.25,0.20833333333333334,0.0
S22,late_gradual,alpha_global,8.875,1.4237885773679595,1.0,0.0,8.875,1.4237885773679595,0.0,0.2916666666666667,0.42857142857142855,2.0,2.0,0.6613991477272727,0.08333333333333333,0.5909090909090909,0.0,0.0,0.0,0.0,0.0,0.125,0.041666666666666664,0.08333333333333333,0.4166666666666667,0.25,0.08333333333333333,0.0
S22,late_gradual,beta_global,9.25,1.6746187106583268,1.0,0.0,9.25,1.6746187106583268,0.0,0.20833333333333334,0.6,2.6,1.2380952380952381,0.4142485119047619,0.125,0.47619047619047616,0.0,0.0,0.0,0.0,0.041666666666666664,0.041666666666666664,0.08333333333333333,0.125,0.08333333333333333,0.4166666666666667,0.20833333333333334,0.0
S22,late_gradual,mu_central,9.25,1.3269776053940743,1.0,0.0,9.25,1.3269776053940743,0.0,0.2916666666666667,0.5714285714285714,2.142857142857143,2.4761904761904763,0.8350074404761905,0.125,0.5238095238095238,0.0,0.0,0.0,0.0,0.0,0.08333333333333333,0.0,0.08333333333333333,0.4166666666666667,0.25,0.16666666666666666,0.0
S22,late_gradual,beta_central,8.875,1.596531566702726,1.0,0.0,8.875,1.596531566702726,0.0,0.25,0.8333333333333334,3.0,2.0476190476190474,0.6512276785714286,0.125,0.6666666666666666,0.0,0.0,0.0,0.0,0.041666666666666664,0.08333333333333333,0.041666666666666664,0.125,0.3333333333333333,0.25,0.125,0.0
S23,baseline,gait,8.833333333333334,1.7362294645648622,1.25,0.6756639246921762,8.583333333333334,2.30154327555998,0.125,0.20833333333333334,0.8,3.6,1.619047619047619,0.5223214285714286,0.125,0.47619047619047616,0.0,0.0,0.08333333333333333,0.125,0.125,0.08333333333333333,0.0,0.041666666666666664,0.5,0.125,0.16666666666666666,0.0
S23,baseline,theta_global,9.0,1.285369173834303,1.0,0.0,9.0,1.285369173834303,0.0,0.2916666666666667,0.5714285714285714,2.142857142857143,1.8571428571428572,0.6917782738095238,0.125,0.5714285714285714,0.0,0.0,0.0,0.0,0.041666666666666664,0.0,0.041666666666666664,0.16666666666666666,0.4166666666666667,0.25,0.08333333333333333,0.0
S23,baseline,alpha_global,9.291666666666666,1.2328534123049195,1.0,0.0,9.291666666666666,1.2328534123049195,0.0,0.20833333333333334,0.4,2.2,1.6363636363636365,0.5188210227272727,0.08333333333333333,0.45454545454545453,0.0,0.0,0.0,0.0,0.0,0.041666666666666664,0.08333333333333333,0.0,0.4166666666666667,0.3333333333333333,0.125,0.0
S23,baseline,beta_global,8.916666666666666,1.4719601443879744,1.0,0.0,8.916666666666666,1.4719601443879744,0.0,0.2916666666666667,0.7142857142857143,2.4285714285714284,2.227272727272727,0.7606534090909091,0.08333333333333333,0.6363636363636364,0.0,0.0,0.0,0.0,0.041666666666666664,0.041666666666666664,0.041666666666666664,0.16666666666666666,0.375,0.20833333333333334,0.125,0.0
S23,baseline,mu_central,9.291666666666666,1.756458063130524,1.0,0.0,9.291666666666666,1.756458063130524,0.0,0.16666666666666666,0.75,3.0,2.090909090909091,0.6908735795454546,0.08333333333333333,0.4090909090909091,0.0,0.0,0.0,0.041666666666666664,0.041666666666666664,0.0,0.041666666666666664,0.041666666666666664,0.20833333333333334,0.4583333333333333,0.16666666666666666,0.0
S23,baseline,beta_central,9.291666666666666,1.6805580508625224,1.0,0.0,9.291666666666666,1.6805580508625224,0.0,0.16666666666666666,0.75,3.25,1.9090909090909092,0.6553622159090909,0.08333333333333333,0.36363636363636365,0.0,0.0,0.0,0.0,0.08333333333333333,0.0,0.041666666666666664,0.041666666666666664,0.3333333333333333,0.25,0.25,0.0
S23,early_abrupt,gait,9.375,1.1726039399558574,1.0,0.0,9.375,1.1726039399558574,0.0,0.20833333333333334,0.2,1.6,1.3333333333333333,0.44754464285714285,0.125,0.38095238095238093,0.0,0.0,0.0,0.0,0.0,0.041666666666666664,0.0,0.125,0.375,0.2916666666666667,0.16666666666666666,0.0
S23,early_abrupt,theta_global,9.125,1.8252456654188867,1.0,0.0,9.125,1.8252456654188867,0.0,0.16666666666666666,0.5,2.5,1.380952380952381,0.45479910714285715,0.125,0.42857142857142855,0.0,0.0,0.0,0.0,0.08333333333333333,0.08333333333333333,0.0,0.041666666666666664,0.20833333333333334,0.4166666666666667,0.16666666666666666,0.0
S23,early_abrupt,alpha_global,9.291666666666666,1.6805580508625224,1.0,0.0,9.291666666666666,1.6805580508625224,0.0,0.25,0.3333333333333333,2.0,2.3636363636363638,0.7784090909090909,0.08333333333333333,0.4090909090909091,0.0,0.0,0.0,0.041666666666666664,0.0,0.041666666666666664,0.041666666666666664,0.041666666666666664,0.2916666666666667,0.3333333333333333,0.20833333333333334,0.0
S23,early_abrupt,beta_global,9.291666666666666,1.1601786469133204,1.0,0.0,9.291666666666666,1.1601786469133204,0.0,0.20833333333333334,0.4,1.6,1.2857142857142858,0.42001488095238093,0.125,0.38095238095238093,0.0,0.0,0.0,0.0,0.0,0.0,0.041666666666666664,0.25,0.25,0.2916666666666667,0.16666666666666666,0.0
S23,early_abrupt,mu_central,9.458333333333334,1.4135729219948654,1.0833333333333333,0.408248290463863,9.375,1.7147062113681013,0.041666666666666664,0.16666666666666666,0.75,2.5,1.1904761904761905,0.3763020833333333,0.125,0.3333333333333333,0.0,0.0,0.041666666666666664,0.041666666666666664,0.041666666666666664,0.0,0.041666666666666664,0.041666666666666664,0.375,0.25,0.25,0.0
S23,early_abrupt,beta_central,9.333333333333334,1.4939491483885972,1.0416666666666667,0.2041241452319315,9.291666666666666,1.6279933411536363,0.041666666666666664,0.16666666666666666,0.5,2.5,1.5714285714285714,0.5528273809523809,0.125,0.3333333333333333,0.0,0.0,0.0,0.041666666666666664,0.041666666666666664,0.0,0.041666666666666664,0.16666666666666666,0.25,0.25,0.25,0.0
S23,late_abrupt,gait,9.166666666666666,1.203858530857692,1.0,0.0,9.166666666666666,1.203858530857692,0.0,0.25,0.6666666666666666,1.8333333333333333,1.9545454545454546,0.6432883522727273,0.08333333333333333,0.45454545454545453,0.0,0.0,0.0,0.0,0.0,0.0,0.125,0.16666666666666666,0.20833333333333334,0.4166666666666667,0.08333333333333333,0.0
S23,late_abrupt,theta_global,9.5,1.2158375177486576,1.0,0.0,9.5,1.2158375177486576,0.0,0.16666666666666666,0.5,2.0,2.0476190476190474,0.6729910714285714,0.125,0.3333333333333333,0.0,0.0,0.0,0.0,0.0,0.041666666666666664,0.041666666666666664,0.041666666666666664,0.2916666666666667,0.4166666666666667,0.16666666666666666,0.0
S23,late_abrupt,alpha_global,8.958333333333334,1.8292114401439827,1.0,0.0,8.958333333333334,1.8292114401439827,0.0,0.375,0.5555555555555556,2.3333333333333335,1.7619047619047619,0.5360863095238095,0.125,0.7142857142857143,0.0,0.0,0.0,0.041666666666666664,0.0,0.08333333333333333,0.041666666666666664,0.16666666666666666,0.20833333333333334,0.25,0.20833333333333334,0.0
S23,late_abrupt,beta_global,8.875,2.07075915505905,1.0416666666666667,0.2041241452319315,8.833333333333334,2.180280529749738,0.041666666666666664,0.2916666666666667,0.5714285714285714,3.2857142857142856,1.619047619047619,0.5340401785714286,0.125,0.6190476190476191,0.0,0.0,0.041666666666666664,0.08333333333333333,0.0,0.08333333333333333,0.0,0.16666666666666666,0.16666666666666666,0.2916666666666667,0.20833333333333334,0.0
S23,late_abrupt,mu_central,8.875,1.4836060651405207,1.0,0.0,8.875,1.4836060651405207,0.0,0.25,0.6666666666666666,1.8333333333333333,2.0,0.6260190217391305,0.041666666666666664,0.5217391304347826,0.0,0.0,0.0,0.041666666666666664,0.0,0.041666666666666664,0.041666666666666664,0.125,0.3333333333333333,0.4166666666666667,0.0,0.0
S23,late_abrupt,beta_central,8.791666666666666,1.7440374613713625,1.0,0.0,8.791666666666666,1.7440374613713625,0.0,0.25,0.6666666666666666,3.0,2.590909090909091,0.8872514204545454,0.08333333333333333,0.5909090909090909,0.0,0.0,0.0,0.041666666666666664,0.041666666666666664,0.041666666666666664,0.041666666666666664,0.08333333333333333,0.375,0.2916666666666667,0.08333333333333333,0.0
S23,early_gradual,gait,8.375,1.8371173070873836,1.25,0.6756639246921762,8.125,2.3277625009587135,0.125,0.3333333333333333,0.875,3.375,2.0,0.6579241071428571,0.125,0.6666666666666666,0.0,0.0,0.08333333333333333,0.125,0.125,0.08333333333333333,0.20833333333333334,0.08333333333333333,0.16666666666666666,0.2916666666666667,0.08333333333333333,0.0
S23,early_gradual,theta_global,8.958333333333334,1.3981094896064243,1.0,0.0,8.958333333333334,1.3981094896064243,0.0,0.20833333333333334,1.0,2.4,1.2727272727272727,0.45649857954545453,0.08333333333333333,0.36363636363636365,0.0,0.0,0.0,0.0,0.0,0.041666666666666664,0.20833333333333334,0.0,0.3333333333333333,0.3333333333333333,0.08333333333333333,0.0
S23,early_gradual,alpha_global,9.25,1.224744871391589,1.0,0.0,9.25,1.224744871391589,0.0,0.25,0.6666666666666666,2.0,1.9545454545454546,0.6553622159090909,0.08333333333333333,0.5,0.0,0.0,0.0,0.0,0.0,0.041666666666666664,0.041666666666666664,0.125,0.3333333333333333,0.3333333333333333,0.125,0.0
S23,early_gradual,beta_global,9.5,0.8846517369293828,1.0,0.0,9.5,0.8846517369293828,0.0,0.16666666666666666,0.25,1.5,1.9545454545454546,0.6306818181818182,0.08333333333333333,0.2727272727272727,0.0,0.0,0.0,0.0,0.0,0.0,0.0,0.16666666666666666,0.25,0.5,0.08333333333333333,0.0
S23,early_gradual,mu_central,9.458333333333334,1.587427962533067,1.0416666666666667,0.2041241452319315,9.416666666666666,1.7424786610050553,0.041666666666666664,0.08333333333333333,1.0,4.0,1.2380952380952381,0.42020089285714285,0.125,0.19047619047619047,0.0,0.0,0.041666666666666664,0.041666666666666664,0.0,0.0,0.08333333333333333,0.0,0.25,0.4166666666666667,0.20833333333333334,0.0
S23,early_gradual,beta_central,8.583333333333334,1.767254482466264,1.0,0.0,8.583333333333334,1.767254482466264,0.0,0.2916666666666667,0.8571428571428571,3.142857142857143,1.6666666666666667,0.5364583333333334,0.125,0.5714285714285714,0.0,0.0,0.041666666666666664,0.0,0.0,0.041666666666666664,0.16666666666666666,0.125,0.25,0.3333333333333333,0.041666666666666664,0.0
S23,late_gradual,gait,8.625,1.6100904646471967,1.0,0.0,8.625,1.6100904646471967,0.0,0.2916666666666667,0.8571428571428571,2.857142857142857,2.05,0.70546875,0.16666666666666666,0.7,0.0,0.0,0.0,0.0,0.08333333333333333,0.041666666666666664,0.08333333333333333,0.125,0.3333333333333333,0.2916666666666667,0.041666666666666664,0.0
S23,late_gradual,theta_global,9.208333333333334,1.5030162910010298,1.0,0.0,9.208333333333334,1.5030162910010298,0.0,0.2916666666666667,0.8571428571428571,2.4285714285714284,1.6818181818181819,0.5390625,0.08333333333333333,0.45454545454545453,0.0,0.0,0.0,0.041666666666666664,0.0,0.0,0.0,0.20833333333333334,0.2916666666666667,0.2916666666666667,0.16666666666666666,0.0
S23,late_gradual,alpha_global,9.375,1.1726039399558574,1.0,0.0,9.375,1.1726039399558574,0.0,0.2916666666666667,0.42857142857142855,1.4285714285714286,1.6818181818181819,0.5209517045454546,0.08333333333333333,0.5,0.0,0.0,0.0,0.0,0.0,0.0,0.08333333333333333,0.125,0.2916666666666667,0.3333333333333333,0.16666666666666666,0.0
S23,late_gradual,beta_global,8.583333333333334,1.665941871387048,1.0,0.0,8.583333333333334,1.665941871387048,0.0,0.25,0.6666666666666666,3.0,1.6,0.530078125,0.16666666666666666,0.5,0.0,0.0,0.0,0.0,0.08333333333333333,0.041666666666666664,0.041666666666666664,0.3333333333333333,0.125,0.2916666666666667,0.08333333333333333,0.0
S23,late_gradual,mu_central,9.416666666666666,1.282547284209001,1.0,0.0,9.416666666666666,1.282547284209001,0.0,0.20833333333333334,0.4,2.0,1.4761904761904763,0.4934895833333333,0.125,0.42857142857142855,0.0,0.0,0.0,0.0,0.041666666666666664,0.0,0.0,0.08333333333333333,0.375,0.3333333333333333,0.16666666666666666,0.0
S23,late_gradual,beta_central,8.875,1.9406968716999795,1.0,0.0,8.875,1.9406968716999795,0.0,0.20833333333333334,1.0,3.6,1.4090909090909092,0.4813565340909091,0.08333333333333333,0.5,0.0,0.0,0.0,0.041666666666666664,0.08333333333333333,0.0,0.08333333333333333,0.08333333333333333,0.125,0.5,0.08333333333333333,0.0
S24,baseline,gait,9.333333333333334,1.1293194051465598,1.0,0.0,9.333333333333334,1.1293194051465598,0.0,0.25,0.5,1.5,1.6521739130434783,0.5506114130434783,0.041666666666666664,0.5217391304347826,0.0,0.0,0.0,0.0,0.0,0.0,0.041666666666666664,0.20833333333333334,0.2916666666666667,0.2916666666666667,0.16666666666666666,0.0
S24,baseline,theta_global,9.166666666666666,1.2740441145412122,1.0,0.0,9.166666666666666,1.2740441145412122,0.0,0.25,0.8333333333333334,2.3333333333333335,1.6666666666666667,0.49832589285714285,0.125,0.5714285714285714,0.0,0.0,0.0,0.0,0.0,0.041666666666666664,0.08333333333333333,0.08333333333333333,0.375,0.2916666666666667,0.125,0.0
S24,baseline,alpha_global,9.208333333333334,1.5597983890531344,1.0416666666666667,0.2041241452319315,9.166666666666666,1.7110044511584588,0.041666666666666664,0.20833333333333334,0.4,2.2,2.0,0.6413352272727273,0.08333333333333333,0.5,0.0,0.0,0.041666666666666664,0.041666666666666664,0.0,0.0,0.08333333333333333,0.08333333333333333,0.25,0.4166666666666667,0.125,0.0
S24,baseline,beta_global,8.833333333333334,1.685401943200769,1.0,0.0,8.833333333333334,1.685401943200769,0.0,0.2916666666666667,0.7142857142857143,2.5714285714285716,1.9047619047619047,0.66015625,0.125,0.5714285714285714,0.0,0.0,0.0,0.041666666666666664,0.041666666666666664,0.0,0.0,0.25,0.375,0.125,0.16666666666666666,0.0
S24,baseline,mu_central,9.333333333333334,1.4345630047135447,1.0,0.0,9.333333333333334,1.4345630047135447,0.0,0.16666666666666666,1.0,2.75,2.090909090909091,0.6931818181818182,0.08333333333333333,0.4090909090909091,0.0,0.0,0.0,0.0,0.041666666666666664,0.0,0.041666666666666664,0.125,0.2916666666666667,0.2916666666666667,0.20833333333333334,0.0
S24,baseline,beta_central,9.125,1.226961606004318,1.0,0.0,9.125,1.226961606004318,0.0,0.3333333333333333,0.5,2.0,2.6818181818181817,0.8998579545454546,0.08333333333333333,0.6363636363636364,0.0,0.0,0.0,0.0,0.0,0.041666666666666664,0.041666666666666664,0.16666666666666666,0.375,0.25,0.125,0.0
S24,early_abrupt,gait,8.791666666666666,1.864523873636999,1.0833333333333333,0.28232985128663995,8.708333333333334,2.0319013727063124,0.08333333333333333,0.25,0.5,1.8333333333333333,1.8571428571428572,0.6344866071428571,0.125,0.5238095238095238,0.0,0.0,0.0,0.041666666666666664,0.125,0.08333333333333333,0.08333333333333333,0.041666666666666664,0.2916666666666667,0.25,0.16666666666666666,0.0
S24,early_abrupt,theta_global,9.041666666666666,1.6544844636864107,1.0,0.0,9.041666666666666,1.6544844636864107,0.0,0.2916666666666667,0.5714285714285714,2.0,1.9523809523809523,0.6447172619047619,0.125,0.6190476190476191,0.0,0.0,0.0,0.041666666666666664,0.0,0.041666666666666664,0.041666666666666664,0.16666666666666666,0.20833333333333334,0.375,0.125,0.0
S24,early_abrupt,alpha_global,9.25,1.2937979144666532,1.0,0.0,9.25,1.2937979144666532,0.0,0.16666666666666666,0.75,2.0,2.347826086956522,0.8053668478260869,0.041666666666666664,0.43478260869565216,0.0,0.0,0.0,0.0,0.0,0.08333333333333333,0.0,0.08333333333333333,0.375,0.3333333333333333,0.125,0.0
S24,early_abrupt,beta_global,9.041666666666666,1.6279933411536363,1.0,0.0,9.041666666666666,1.6279933411536363,0.0,0.16666666666666666,0.25,1.5,1.7826086956521738,0.5721807065217391,0.041666666666666664,0.34782608695652173,0.0,0.0,0.0,0.0,0.0,0.125,0.125,0.0,0.20833333333333334,0.4166666666666667,0.125,0.0
S24,early_abrupt,mu_central,9.583333333333334,1.442120017518492,1.0,0.0,9.583333333333334,1.442120017518492,0.0,0.20833333333333334,0.6,2.0,1.9,0.6255859375,0.16666666666666666,0.35,0.0,0.0,0.0,0.0,0.041666666666666664,0.0,0.041666666666666664,0.08333333333333333,0.16666666666666666,0.4166666666666667,0.25,0.0
S24,early_abrupt,beta_central,9.0,1.3513278493843524,1.0,0.0,9.0,1.3513278493843524,0.0,0.25,1.0,2.1666666666666665,1.6818181818181819,0.5825639204545454,0.08333333333333333,0.5454545454545454,0.0,0.0,0.0,0.0,0.0,0.0,0.125,0.3333333333333333,0.125,0.25,0.16666666666666666,0.0
S24,late_abrupt,gait,9.333333333333334,1.307725096316589,1.0,0.0,9.333333333333334,1.307725096316589,0.0,0.20833333333333334,0.6,1.8,2.0,0.6620244565217391,0.041666666666666664,0.43478260869565216,0.0,0.0,0.0,0.0,0.0,0.041666666666666664,0.041666666666666664,0.16666666666666666,0.20833333333333334,0.375,0.16666666666666666,0.0
S24,late_abrupt,theta_global,8.833333333333334,2.057154359296116,1.0416666666666667,0.2041241452319315,8.791666666666666,2.1665273087847625,0.041666666666666664,0.25,0.6666666666666666,2.5,2.3181818181818183,0.7931463068181818,0.08333333333333333,0.5,0.0,0.0,0.041666666666666664,0.08333333333333333,0.041666666666666664,0.0,0.08333333333333333,0.041666666666666664,0.2916666666666667,0.2916666666666667,0.16666666666666666,0.0
S24,late_abrupt,alpha_global,9.208333333333334,1.444003091248849,1.0,0.0,9.208333333333334,1.444003091248849,0.0,0.20833333333333334,1.0,2.8,1.7,0.5361328125,0.16666666666666666,0.5,0.0,0.0,0.0,0.0,0.0,0.08333333333333333,0.041666666666666664,0.125,0.25,0.3333333333333333,0.16666666666666666,0.0
S24,late_abrupt,beta_global,9.25,1.4218787326754636,1.0,0.0,9.25,1.4218787326754636,0.0,0.25,0.5,2.0,1.9545454545454546,0.6686789772727273,0.08333333333333333,0.5454545454545454,0.0,0.0,0.0,0.0,0.0,0.08333333333333333,0.041666666666666664,0.08333333333333333,0.2916666666666667,0.3333333333333333,0.16666666666666666,0.0
S24,late_abrupt,mu_central,9.166666666666666,1.1293194051465598,1.0,0.0,9.166666666666666,1.1293194051465598,0.0,0.25,0.8333333333333334,2.0,1.9545454545454546,0.5575284090909091,0.08333333333333333,0.5,0.0,0.0,0.0,0.0,0.0,0.0,0.08333333333333333,0.16666666666666666,0.375,0.25,0.125,0.0
S24,late_abrupt,beta_central,8.625,1.9067956275430755,1.0416666666666667,0.2041241452319315,8.583333333333334,2.019829236576087,0.041666666666666664,0.25,0.6666666666666666,2.8333333333333335,1.7619047619047619,0.5985863095238095,0.125,0.6190476190476191,0.0,0.0,0.041666666666666664,0.08333333333333333,0.0,0.08333333333333333,0.0,0.16666666666666666,0.2916666666666667,0.2916666666666667,0.08333333333333333,0.0
S24,early_gradual,gait,8.958333333333334,1.5736738147920994,1.0,0.0,8.958333333333334,1.5736738147920994,0.0,0.25,0.5,2.1666666666666665,2.142857142857143,0.7447916666666666,0.125,0.6190476190476191,0.0,0.0,0.0,0.0,0.041666666666666664,0.08333333333333333,0.041666666666666664,0.08333333333333333,0.2916666666666667,0.375,0.08333333333333333,0.0
S24,early_gradual,theta_global,9.208333333333334,1.1787674722451364,1.0,0.0,9.208333333333334,1.1787674722451364,0.0,0.20833333333333334,0.6,2.0,2.0,0.5984375,0.16666666666666666,0.45,0.0,0.0,0.0,0.0,0.0,0.041666666666666664,0.041666666666666664,0.125,0.3333333333333333,0.375,0.08333333333333333,0.0
S24,early_gradual,alpha_global,9.375,1.2790111669635225,1.0,0.0,9.375,1.2790111669635225,0.0,0.16666666666666666,1.0,2.25,1.8181818181818181,0.5484730113636364,0.08333333333333333,0.45454545454545453,0.0,0.0,0.0,0.0,0.0,0.0,0.125,0.08333333333333333,0.2916666666666667,0.2916666666666667,0.20833333333333334,0.0
S24,early_gradual,beta_global,9.083333333333334,1.6396358733271998,1.0,0.0,9.083333333333334,1.6396358733271998,0.0,0.3333333333333333,0.375,1.75,2.0869565217391304,0.7184103260869565,0.041666666666666664,0.6956521739130435,0.0,0.0,0.0,0.0,0.08333333333333333,0.0,0.041666666666666664,0.125,0.2916666666666667,0.2916666666666667,0.16666666666666666,0.0
S24,early_gradual,mu_central,9.125,1.4836060651405207,1.0,0.0,9.125,1.4836060651405207,0.0,0.20833333333333334,0.6,2.2,1.5454545454545454,0.5223721590909091,0.08333333333333333,0.4090909090909091,0.0,0.0,0.0,0.0,0.0,0.08333333333333333,0.0,0.2916666666666667,0.16666666666666666,0.25,0.20833333333333334,0.0
S24,early_gradual,beta_central,9.25,1.5948285992135849,1.0,0.0,9.25,1.5948285992135849,0.0,0.16666666666666666,0.5,2.5,1.1428571428571428,0.3854166666666667,0.125,0.38095238095238093,0.0,0.0,0.0,0.0,0.08333333333333333,0.0,0.041666666666666664,0.041666666666666664,0.25,0.4583333333333333,0.125,0.0
S24,late_gradual,gait,8.916666666666666,1.5857152183236396,1.125,0.44842720314644063,8.791666666666666,1.910592138275613,0.08333333333333333,0.20833333333333334,0.8,2.8,1.7727272727272727,0.6058238636363636,0.08333333333333333,0.45454545454545453,0.0,0.0,0.041666666666666664,0.08333333333333333,0.041666666666666664,0.041666666666666664,0.0,0.2916666666666667,0.16666666666666666,0.375,0.08333333333333333,0.0
S24,late_gradual,theta_global,9.541666666666666,0.9770927002733856,1.0,0.0,9.541666666666666,0.9770927002733856,0.0,0.125,0.6666666666666666,1.6666666666666667,1.8636363636363635,0.6471946022727273,0.08333333333333333,0.3181818181818182,0.0,0.0,0.0,0.0,0.0,0.0,0.0,0.125,0.4166666666666667,0.25,0.20833333333333334,0.0
S24,late_gradual,alpha_global,9.083333333333334,1.2128538629008951,1.0,0.0,9.083333333333334,1.2128538629008951,0.0,0.2916666666666667,0.7142857142857143,2.142857142857143,1.619047619047619,0.5641741071428571,0.125,0.47619047619047616,0.0,0.0,0.0,0.0,0.0,0.0,0.125,0.20833333333333334,0.20833333333333334,0.375,0.08333333333333333,0.0
S24,late_gradual,beta_global,9.041666666666666,1.4884823513044847,1.0,0.0,9.041666666666666,1.4884823513044847,0.0,0.16666666666666666,0.75,2.75,2.05,0.6576171875,0.16666666666666666,0.45,0.0,0.0,0.0,0.0,0.041666666666666664,0.041666666666666664,0.08333333333333333,0.041666666666666664,0.3333333333333333,0.375,0.08333333333333333,0.0
S24,late_gradual,mu_central,9.25,1.1887150534341144,1.0,0.0,9.25,1.1887150534341144,0.0,0.2916666666666667,0.42857142857142855,1.4285714285714286,1.7826086956521738,0.5149456521739131,0.041666666666666664,0.5652173913043478,0.0,0.0,0.0,0.0,0.0,0.0,0.08333333333333333,0.20833333333333334,0.20833333333333334,0.375,0.125,0.0
S24,late_gradual,beta_central,9.25,1.5673294928413855,1.0,0.0,9.25,1.5673294928413855,0.0,0.25,0.6666666666666666,2.5,1.3,0.451171875,0.16666666666666666,0.5,0.0,0.0,0.0,0.0,0.041666666666666664,0.0,0.125,0.08333333333333333,0.20833333333333334,0.3333333333333333,0.20833333333333334,0.0
S25,baseline,gait,9.208333333333334,1.350657381543832,1.0,0.0,9.208333333333334,1.350657381543832,0.0,0.25,0.5,1.6666666666666667,1.9565217391304348,0.6234714673913043,0.041666666666666664,0.5652173913043478,0.0,0.0,0.0,0.0,0.0,0.041666666666666664,0.041666666666666664,0.20833333333333334,0.2916666666666667,0.20833333333333334,0.20833333333333334,0.0
S25,baseline,theta_global,9.291666666666666,1.7062332443303205,1.0416666666666667,0.2041241452319315,9.25,1.8474424154113356,0.041666666666666664,0.16666666666666666,0.75,3.25,2.1904761904761907,0.7927827380952381,0.125,0.42857142857142855,0.0,0.0,0.041666666666666664,0.041666666666666664,0.0,0.041666666666666664,0.041666666666666664,0.08333333333333333,0.20833333333333334,0.375,0.20833333333333334,0.0
S25,baseline,alpha_global,8.916666666666666,1.3805061033727,1.0,0.0,8.916666666666666,1.3805061033727,0.0,0.20833333333333334,0.8,2.6,1.9047619047619047,0.6257440476190477,0.125,0.5714285714285714,0.0,0.0,0.0,0.0,0.041666666666666664,0.0,0.08333333333333333,0.20833333333333334,0.2916666666666667,0.2916666666666667,0.08333333333333333,0.0
S25,baseline,beta_global,8.333333333333334,1.685401943200769,1.0,0.0,8.333333333333334,1.685401943200769,0.0,0.3333333333333333,1.0,3.25,2.0952380952380953,0.7395833333333334,0.125,0.7142857142857143,0.0,0.0,0.0,0.0,0.041666666666666664,0.16666666666666666,0.041666666666666664,0.2916666666666667,0.16666666666666666,0.20833333333333334,0.08333333333333333,0.0
S25,baseline,mu_central,9.416666666666666,1.282547284209001,1.0,0.0,9.416666666666666,1.282547284209001,0.0,0.20833333333333334,0.4,2.0,1.5909090909090908,0.5252130681818182,0.08333333333333333,0.4090909090909091,0.0,0.0,0.0,0.0,0.041666666666666664,0.0,0.0,0.125,0.25,0.4583333333333333,0.125,0.0
S25,baseline,beta_central,8.916666666666666,1.7916877315917057,1.0416666666666667,0.2041241452319315,8.875,1.918162617216527,0.041666666666666664,0.25,0.6666666666666666,2.8333333333333335,1.8636363636363635,0.5653409090909091,0.08333333333333333,0.5909090909090909,0.0,0.0,0.041666666666666664,0.041666666666666664,0.0,0.08333333333333333,0.041666666666666664,0.16666666666666666,0.20833333333333334,0.2916666666666667,0.16666666666666666,0.0
S25,early_abrupt,gait,8.625,1.8132963018384143,1.0,0.0,8.625,1.8132963018384143,0.0,0.25,1.0,3.5,2.0,0.6968005952380952,0.125,0.6666666666666666,0.0,0.0,0.0,0.0,0.08333333333333333,0.08333333333333333,0.125,0.041666666666666664,0.25,0.3333333333333333,0.08333333333333333,0.0
S25,early_abrupt,theta_global,8.958333333333334,1.3014763077790332,1.0,0.0,8.958333333333334,1.3014763077790332,0.0,0.25,0.6666666666666666,1.8333333333333333,1.6521739130434783,0.55078125,0.041666666666666664,0.5652173913043478,0.0,0.0,0.0,0.0,0.0,0.041666666666666664,0.125,0.125,0.3333333333333333,0.2916666666666667,0.08333333333333333,0.0
S25,early_abrupt,alpha_global,9.291666666666666,1.4288690166235205,1.0,0.0,9.291666666666666,1.4288690166235205,0.0,0.25,0.5,1.6666666666666667,1.826086956521739,0.5748980978260869,0.041666666666666664,0.5217391304347826,0.0,0.0,0.0,0.0,0.0,0.041666666666666664,0.125,0.08333333333333333,0.16666666666666666,0.4166666666666667,0.16666666666666666,0.0
S25,early_abrupt,beta_global,9.041666666666666,1.1970676733137326,1.0416666666666667,0.2041241452319315,9.0,1.318760946791574,0.041666666666666664,0.25,0.6666666666666666,2.1666666666666665,1.9047619047619047,0.6460193452380952,0.125,0.5714285714285714,0.0,0.0,0.0,0.0,0.041666666666666664,0.041666666666666664,0.041666666666666664,0.16666666666666666,0.4583333333333333,0.16666666666666666,0.125,0.0
S25,early_abrupt,mu_central,9.166666666666666,1.203858530857692,1.0,0.0,9.166666666666666,1.203858530857692,0.0,0.3333333333333333,0.5,1.875,2.0,0.7254464285714286,0.125,0.5714285714285714,0.0,0.0,0.0,0.0,0.0,0.0,0.08333333333333333,0.25,0.20833333333333334,0.3333333333333333,0.125,0.0
S25,early_abrupt,beta_central,8.708333333333334,1.4884823513044847,1.0833333333333333,0.28232985128663995,8.625,1.6891598117304405,0.08333333333333333,0.2916666666666667,0.7142857142857143,2.5714285714285716,1.6666666666666667,0.47265625,0.125,0.5714285714285714,0.0,0.0,0.0,0.041666666666666664,0.08333333333333333,0.041666666666666664,0.125,0.08333333333333333,0.5,0.08333333333333333,0.125,0.0
S25,late_abrupt,gait,9.125,1.541103500742244,1.0,0.0,9.125,1.541103500742244,0.0,0.20833333333333334,0.8,2.8,2.2857142857142856,0.7565104166666666,0.125,0.47619047619047616,0.0,0.0,0.0,0.0,0.041666666666666664,0.041666666666666664,0.0,0.25,0.16666666666666666,0.3333333333333333,0.16666666666666666,0.0
S25,late_abrupt,theta_global,9.083333333333334,1.665941871387048,1.0,0.0,9.083333333333334,1.665941871387048,0.0,0.25,0.6666666666666666,2.6666666666666665,1.8181818181818181,0.5712002840909091,0.08333333333333333,0.5,0.0,0.0,0.0,0.0,0.08333333333333333,0.041666666666666664,0.0,0.041666666666666664,0.4166666666666667,0.25,0.16666666666666666,0.0
S25,late_abrupt,alpha_global,9.416666666666666,1.3805061033726997,1.0,0.0,9.416666666666666,1.3805061033726997,0.0,0.20833333333333334,0.6,1.6,1.7142857142857142,0.5533854166666666,0.125,0.38095238095238093,0.0,0.0,0.0,0.0,0.0,0.041666666666666664,0.041666666666666664,0.20833333333333334,0.08333333333333333,0.4166666666666667,0.20833333333333334,0.0
S25,late_abrupt,beta_global,9.375,1.438976085247091,1.0,0.0,9.375,1.438976085247091,0.0,0.125,0.6666666666666666,3.0,1.8181818181818181,0.6038707386363636,0.08333333333333333,0.36363636363636365,0.0,0.0,0.0,0.0,0.041666666666666664,0.041666666666666664,0.0,0.08333333333333333,0.20833333333333334,0.5,0.125,0.0
S25,late_abrupt,mu_central,9.291666666666666,1.545798419465872,1.0416666666666667,0.2041241452319315,9.25,1.6484511834894675,0.041666666666666664,0.2916666666666667,0.5714285714285714,2.2857142857142856,2.6363636363636362,0.8892045454545454,0.08333333333333333,0.6363636363636364,0.0,0.0,0.0,0.0,0.08333333333333333,0.041666666666666664,0.041666666666666664,0.08333333333333333,0.20833333333333334,0.4166666666666667,0.16666666666666666,0.0
S25,late_abrupt,beta_central,9.208333333333334,1.141287094417552,1.0,0.0,9.208333333333334,1.141287094417552,0.0,0.25,0.6666666666666666,1.8333333333333333,1.5714285714285714,0.5111607142857143,0.125,0.38095238095238093,0.0,0.0,0.0,0.0,0.0,0.041666666666666664,0.041666666666666664,0.125,0.2916666666666667,0.4583333333333333,0.041666666666666664,0.0
S25,early_gradual,gait,8.916666666666666,1.1764599317505433,1.0,0.0,8.916666666666666,1.1764599317505433,0.0,0.16666666666666666,0.75,2.0,2.1818181818181817,0.7150213068181818,0.08333333333333333,0.45454545454545453,0.0,0.0,0.0,0.0,0.0,0.0,0.125,0.25,0.2916666666666667,0.25,0.08333333333333333,0.0
S25,early_gradual,theta_global,9.291666666666666,1.5174110293140939,1.0,0.0,9.291666666666666,1.5174110293140939,0.0,0.20833333333333334,0.6,2.0,2.05,0.639453125,0.16666666666666666,0.5,0.0,0.0,0.0,0.0,0.041666666666666664,0.0,0.08333333333333333,0.125,0.20833333333333334,0.3333333333333333,0.20833333333333334,0.0
S25,early_gradual,alpha_global,9.166666666666666,1.403928236326068,1.0416666666666667,0.2041241452319315,9.125,1.541103500742244,0.041666666666666664,0.20833333333333334,0.8,2.6,1.5238095238095237,0.5204613095238095,0.125,0.5714285714285714,0.0,0.0,0.0,0.041666666666666664,0.041666666666666664,0.0,0.041666666666666664,0.16666666666666666,0.3333333333333333,0.25,0.16666666666666666,0.0
S25,early_gradual,beta_global,9.208333333333334,1.141287094417552,1.0,0.0,9.208333333333334,1.141287094417552,0.0,0.20833333333333334,0.6,2.4,1.8636363636363635,0.6361860795454546,0.08333333333333333,0.5,0.0,0.0,0.0,0.0,0.0,0.0,0.125,0.08333333333333333,0.3333333333333333,0.375,0.08333333333333333,0.0
S25,early_gradual,mu_central,9.291666666666666,1.3666578295932035,1.0,0.0,9.291666666666666,1.3666578295932035,0.0,0.16666666666666666,0.75,2.5,1.55,0.53359375,0.16666666666666666,0.45,0.0,0.0,0.0,0.0,0.0,0.041666666666666664,0.08333333333333333,0.08333333333333333,0.3333333333333333,0.25,0.20833333333333334,0.0
S25,early_gradual,beta_central,9.083333333333334,1.3805061033726997,1.0,0.0,9.083333333333334,1.3805061033726997,0.0,0.2916666666666667,0.42857142857142855,2.142857142857143,1.8095238095238095,0.5941220238095238,0.125,0.6190476190476191,0.0,0.0,0.0,0.0,0.0,0.08333333333333333,0.041666666666666664,0.125,0.3333333333333333,0.2916666666666667,0.125,0.0
S25,late_gradual,gait,8.875,1.3613452426057167,1.0,0.0,8.875,1.3613452426057167,0.0,0.25,1.0,2.6666666666666665,1.6,0.5404296875,0.16666666666666666,0.55,0.0,0.0,0.0,0.0,0.0,0.08333333333333333,0.08333333333333333,0.125,0.375,0.25,0.08333333333333333,0.0
S25,late_gradual,theta_global,9.375,1.2091139407595672,1.0,0.0,9.375,1.2091139407595672,0.0,0.20833333333333334,0.4,1.8,1.55,0.6060546875,0.16666666666666666,0.4,0.0,0.0,0.0,0.0,0.0,0.041666666666666664,0.041666666666666664,0.08333333333333333,0.2916666666666667,0.4166666666666667,0.125,0.0
S25,late_gradual,alpha_global,9.125,1.2958965337120694,1.0,0.0,9.125,1.2958965337120694,0.0,0.3333333333333333,0.5,1.75,1.5,0.5021306818181818,0.08333333333333333,0.6363636363636364,0.0,0.0,0.0,0.0,0.0,0.041666666666666664,0.08333333333333333,0.125,0.3333333333333333,0.2916666666666667,0.125,0.0
S25,late_gradual,beta_global,9.375,1.0959411282189109,1.0,0.0,9.375,1.0959411282189109,0.0,0.25,0.6666666666666666,1.6666666666666667,1.7272727272727273,0.5887784090909091,0.08333333333333333,0.5909090909090909,0.0,0.0,0.0,0.0,0.0,0.0,0.041666666666666664,0.16666666666666666,0.3333333333333333,0.2916666666666667,0.16666666666666666,0.0
S25,late_gradual,mu_central,9.0,1.6939791077198396,1.0,0.0,9.0,1.6939791077198396,0.0,0.20833333333333334,1.0,3.0,2.3043478260869565,0.7601902173913043,0.041666666666666664,0.6086956521739131,0.0,0.0,0.0,0.0,0.041666666666666664,0.08333333333333333,0.08333333333333333,0.08333333333333333,0.16666666666666666,0.4166666666666667,0.125,0.0
S25,late_gradual,beta_central,9.625,1.1726039399558574,1.0,0.0,9.625,1.1726039399558574,0.0,0.20833333333333334,0.6,1.8,2.272727272727273,0.7688210227272727,0.08333333333333333,0.36363636363636365,0.0,0.0,0.0,0.0,0.0,0.0,0.08333333333333333,0.041666666666666664,0.2916666666666667,0.3333333333333333,0.25,0.0
S26,baseline,gait,8.416666666666666,2.062431377865891,1.3333333333333333,0.7613869876268811,8.083333333333334,2.7173623186859888,0.16666666666666666,0.25,1.0,3.3333333333333335,2.0454545454545454,0.6667258522727273,0.08333333333333333,0.45454545454545453,0.0,0.041666666666666664,0.16666666666666666,0.16666666666666666,0.125,0.041666666666666664,0.041666666666666664,0.08333333333333333,0.4166666666666667,0.08333333333333333,0.16666666666666666,0.0
S26,baseline,theta_global,9.5,1.0215078369104984,1.0,0.0,9.5,1.0215078369104984,0.0,0.16666666666666666,0.5,1.5,2.0952380952380953,0.6748511904761905,0.125,0.38095238095238093,0.0,0.0,0.0,0.0,0.0,0.0,0.041666666666666664,0.125,0.25,0.4583333333333333,0.125,0.0
S26,baseline,alpha_global,9.791666666666666,0.721060008759246,1.0,0.0,9.791666666666666,0.721060008759246,0.0,0.08333333333333333,0.0,1.0,1.1363636363636365,0.3893821022727273,0.08333333333333333,0.18181818181818182,0.0,0.0,0.0,0.0,0.0,0.0,0.0,0.041666666666666664,0.25,0.5833333333333334,0.125,0.0
S26,baseline,beta_global,8.791666666666666,1.793203755891931,1.0,0.0,8.791666666666666,1.793203755891931,0.0,0.20833333333333334,0.8,2.8,2.238095238095238,0.7185639880952381,0.125,0.5714285714285714,0.0,0.0,0.0,0.0,0.041666666666666664,0.08333333333333333,0.16666666666666666,0.08333333333333333,0.16666666666666666,0.2916666666666667,0.16666666666666666,0.0
S26,baseline,mu_central,9.25,1.1515584902738285,1.0,0.0,9.25,1.1515584902738285,0.0,0.20833333333333334,1.0,2.6,1.35,0.4060546875,0.16666666666666666,0.4,0.0,0.0,0.0,0.0,0.0,0.041666666666666664,0.041666666666666664,0.08333333333333333,0.375,0.375,0.08333333333333333,0.0
S26,baseline,beta_central,9.291666666666666,1.5174110293140939,1.0,0.0,9.291666666666666,1.5174110293140939,0.0,0.25,0.3333333333333333,1.8333333333333333,2.5238095238095237,0.8539806547619048,0.125,0.47619047619047616,0.0,0.0,0.0,0.041666666666666664,0.0,0.0,0.041666666666666664,0.125,0.20833333333333334,0.4583333333333333,0.125,0.0
S26,early_abrupt,gait,9.458333333333334,1.1787674722451362,1.0,0.0,9.458333333333334,1.1787674722451362,0.0,0.20833333333333334,0.6,2.2,1.3,0.4140625,0.16666666666666666,0.4,0.0,0.0,0.0,0.0,0.0,0.041666666666666664,0.041666666666666664,0.041666666666666664,0.2916666666666667,0.4583333333333333,0.125,0.0
S26,early_abrupt,theta_global,9.125,1.4540049638094805,1.0416666666666667,0.2041241452319315,9.083333333333334,1.5580552724098262,0.041666666666666664,0.25,0.8333333333333334,2.6666666666666665,1.619047619047619,0.5654761904761905,0.125,0.5238095238095238,0.0,0.0,0.0,0.0,0.041666666666666664,0.041666666666666664,0.16666666666666666,0.041666666666666664,0.2916666666666667,0.2916666666666667,0.16666666666666666,0.0
S26,early_abrupt,alpha_global,9.333333333333334,1.4039282363260677,1.0,0.0,9.333333333333334,1.4039282363260677,0.0,0.2916666666666667,0.5714285714285714,1.5714285714285714,2.0454545454545454,0.66796875,0.08333333333333333,0.5454545454545454,0.0,0.0,0.0,0.0,0.041666666666666664,0.0,0.041666666666666664,0.125,0.25,0.375,0.16666666666666666,0.0
S26,early_abrupt,beta_global,9.083333333333334,1.717345440591042,1.0833333333333333,0.408248290463863,9.0,1.956038587687303,0.041666666666666664,0.20833333333333334,0.6,2.8,1.45,0.478515625,0.16666666666666666,0.4,0.0,0.0,0.041666666666666664,0.041666666666666664,0.08333333333333333,0.0,0.125,0.041666666666666664,0.16666666666666666,0.4583333333333333,0.125,0.0
S26,early_abrupt,mu_central,9.166666666666666,1.1671841502435296,1.0,0.0,9.166666666666666,1.1671841502435296,0.0,0.16666666666666666,0.25,1.75,1.2727272727272727,0.45543323863636365,0.08333333333333333,0.3181818181818182,0.0,0.0,0.0,0.0,0.0,0.0,0.041666666666666664,0.2916666666666667,0.2916666666666667,0.20833333333333334,0.16666666666666666,0.0
S26,early_abrupt,beta_central,9.041666666666666,1.6279933411536363,1.0416666666666667,0.2041241452319315,9.0,1.7693034738587656,0.041666666666666664,0.25,0.6666666666666666,2.3333333333333335,1.7142857142857142,0.53125,0.125,0.5714285714285714,0.0,0.0,0.041666666666666664,0.041666666666666664,0.0,0.0,0.125,0.08333333333333333,0.3333333333333333,0.25,0.16666666666666666,0.0
S26,late_abrupt,gait,9.0,1.4446302370292303,1.0,0.0,9.0,1.4446302370292303,0.0,0.3333333333333333,0.5,2.0,2.1904761904761907,0.7234002976190477,0.125,0.5714285714285714,0.0,0.0,0.0,0.0,0.041666666666666664,0.0,0.08333333333333333,0.16666666666666666,0.375,0.16666666666666666,0.16666666666666666,0.0
S26,late_abrupt,theta_global,9.375,1.3125646981983485,1.0,0.0,9.375,1.3125646981983485,0.0,0.25,0.5,2.0,1.65,0.5494140625,0.16666666666666666,0.4,0.0,0.0,0.0,0.0,0.0,0.041666666666666664,0.041666666666666664,0.125,0.2916666666666667,0.2916666666666667,0.20833333333333334,0.0
S26,late_abrupt,alpha_global,9.416666666666666,0.928611242975073,1.0,0.0,9.416666666666666,0.928611242975073,0.0,0.20833333333333334,0.4,1.4,2.0454545454545454,0.71484375,0.08333333333333333,0.3181818181818182,0.0,0.0,0.0,0.0,0.0,0.0,0.0,0.20833333333333334,0.25,0.4583333333333333,0.08333333333333333,0.0
S26,late_abrupt,beta_global,9.291666666666666,1.1601786469133204,1.0,0.0,9.291666666666666,1.1601786469133204,0.0,0.2916666666666667,0.7142857142857143,1.8571428571428572,1.6363636363636365,0.5419034090909091,0.08333333333333333,0.5,0.0,0.0,0.0,0.0,0.0,0.041666666666666664,0.0,0.20833333333333334,0.20833333333333334,0.4583333333333333,0.08333333333333333,0.0
S26,late_abrupt,mu_central,9.083333333333334,1.5012072436561839,1.0,0.0,9.083333333333334,1.5012072436561839,0.0,0.20833333333333334,0.6,2.0,1.5,0.5134943181818182,0.08333333333333333,0.45454545454545453,0.0,0.0,0.0,0.0,0.041666666666666664,0.0,0.08333333333333333,0.20833333333333334,0.20833333333333334,0.2916666666666667,0.16666666666666666,0.0
S26,late_abrupt,beta_central,8.666666666666666,1.6594044679962139,1.0833333333333333,0.408248290463863,8.583333333333334,1.8395809226599662,0.041666666666666664,0.2916666666666667,0.7142857142857143,3.0,1.5555555555555556,0.4997829861111111,0.25,0.5555555555555556,0.0,0.0,0.0,0.041666666666666664,0.08333333333333333,0.08333333333333333,0.16666666666666666,0.041666666666666664,0.2916666666666667,0.2916666666666667,0.08333333333333333,0.0
S26,early_gradual,gait,9.125,1.541103500742244,1.0,0.0,9.125,1.541103500742244,0.0,0.16666666666666666,0.75,2.75,1.1904761904761905,0.36941964285714285,0.125,0.42857142857142855,0.0,0.0,0.0,0.0,0.0,0.08333333333333333,0.08333333333333333,0.125,0.25,0.25,0.20833333333333334,0.0
S26,early_gradual,theta_global,9.083333333333334,1.442120017518492,1.0,0.0,9.083333333333334,1.442120017518492,0.0,0.2916666666666667,0.42857142857142855,1.7142857142857142,1.7619047619047619,0.5675223214285714,0.125,0.5238095238095238,0.0,0.0,0.0,0.0,0.0,0.08333333333333333,0.08333333333333333,0.08333333333333333,0.2916666666666667,0.3333333333333333,0.125,0.0
S26,early_gradual,alpha_global,9.0,1.4142135623730951,1.0,0.0,9.0,1.4142135623730951,0.0,0.2916666666666667,0.5714285714285714,2.142857142857143,1.7142857142857142,0.5989583333333334,0.125,0.47619047619047616,0.0,0.0,0.0,0.0,0.0,0.08333333333333333,0.08333333333333333,0.125,0.25,0.375,0.08333333333333333,0.0
S26,early_gradual,beta_global,8.958333333333334,1.8528278426482998,1.0,0.0,8.958333333333334,1.8528278426482998,0.0,0.20833333333333334,1.0,3.8,2.0952380952380953,0.7167038690476191,0.125,0.47619047619047616,0.0,0.0,0.0,0.041666666666666664,0.041666666666666664,0.041666666666666664,0.041666666666666664,0.08333333333333333,0.2916666666666667,0.2916666666666667,0.16666666666666666,0.0
S26,early_gradual,mu_central,9.375,1.4084373085707127,1.0,0.0,9.375,1.4084373085707127,0.0,0.25,0.5,2.0,1.8571428571428572,0.6220238095238095,0.125,0.5238095238095238,0.0,0.0,0.0,0.0,0.041666666666666664,0.0,0.041666666666666664,0.125,0.20833333333333334,0.4166666666666667,0.16666666666666666,0.0
S26,early_gradual,beta_central,9.416666666666666,1.1000658741803746,1.0,0.0,9.416666666666666,1.1000658741803746,0.0,0.25,0.8333333333333334,2.1666666666666665,1.619047619047619,0.5502232142857143,0.125,0.47619047619047616,0.0,0.0,0.0,0.0,0.0,0.0,0.08333333333333333,0.08333333333333333,0.2916666666666667,0.4166666666666667,0.125,0.0
S26,late_gradual,gait,8.833333333333334,1.8336626845141695,1.0,0.0,8.833333333333334,1.8336626845141695,0.0,0.375,0.5555555555555556,2.5555555555555554,1.6818181818181819,0.5378196022727273,0.08333333333333333,0.5909090909090909,0.0,0.0,0.0,0.0,0.041666666666666664,0.16666666666666666,0.0,0.125,0.20833333333333334,0.2916666666666667,0.16666666666666666,0.0
S26,late_gradual,theta_global,9.208333333333334,1.062366786192884,1.0,0.0,9.208333333333334,1.062366786192884,0.0,0.16666666666666666,0.5,1.75,1.6818181818181819,0.5422585227272727,0.08333333333333333,0.4090909090909091,0.0,0.0,0.0,0.0,0.0,0.0,0.08333333333333333,0.16666666666666666,0.25,0.4583333333333333,0.041666666666666664,0.0
S26,late_gradual,alpha_global,9.416666666666666,1.316010660280157,1.0,0.0,9.416666666666666,1.316010660280157,0.0,0.20833333333333334,0.8,2.2,1.9545454545454546,0.6200284090909091,0.08333333333333333,0.45454545454545453,0.0,0.0,0.0,0.0,0.0,0.0,0.125,0.125,0.16666666666666666,0.375,0.20833333333333334,0.0
S26,late_gradual,beta_global,8.875,1.190998850070631,1.0,0.0,8.875,1.190998850070631,0.0,0.3333333333333333,0.5,1.875,1.619047619047619,0.4791666666666667,0.125,0.6190476190476191,0.0,0.0,0.0,0.0,0.0,0.041666666666666664,0.041666666666666664,0.3333333333333333,0.20833333333333334,0.3333333333333333,0.041666666666666664,0.0
S26,late_gradual,mu_central,9.041666666666666,1.6805580508625224,1.0,0.0,9.041666666666666,1.6805580508625224,0.0,0.20833333333333334,0.8,2.8,1.7272727272727273,0.5777698863636364,0.08333333333333333,0.4090909090909091,0.0,0.0,0.0,0.041666666666666664,0.0,0.041666666666666664,0.08333333333333333,0.08333333333333333,0.25,0.375,0.125,0.0
S26,late_gradual,beta_central,9.125,1.5126280039259057,1.0,0.0,9.125,1.5126280039259057,0.0,0.20833333333333334,0.8,2.6,1.9047619047619047,0.6398809523809523,0.125,0.47619047619047616,0.0,0.0,0.0,0.0,0.041666666666666664,0.0,0.125,0.08333333333333333,0.2916666666666667,0.2916666666666667,0.16666666666666666,0.0
S27,baseline,gait,9.166666666666666,1.5227739752537621,1.0,0.0,9.166666666666666,1.5227739752537621,0.0,0.16666666666666666,1.0,2.5,2.238095238095238,0.7686011904761905,0.125,0.47619047619047616,0.0,0.0,0.0,0.0,0.041666666666666664,0.041666666666666664,0.041666666666666664,0.125,0.20833333333333334,0.4166666666666667,0.125,0.0
S27,baseline,theta_global,8.958333333333334,1.334465099374755,1.0,0.0,8.958333333333334,1.334465099374755,0.0,0.3333333333333333,0.5,2.125,1.55,0.497265625,0.16666666666666666,0.7,0.0,0.0,0.0,0.0,0.041666666666666664,0.0,0.08333333333333333,0.16666666666666666,0.2916666666666667,0.375,0.041666666666666664,0.0
S27,baseline,alpha_global,9.041666666666666,1.2328534123049195,1.0,0.0,9.041666666666666,1.2328534123049195,0.0,0.2916666666666667,0.7142857142857143,2.2857142857142856,2.142857142857143,0.6594122023809523,0.125,0.6666666666666666,0.0,0.0,0.0,0.0,0.0,0.041666666666666664,0.08333333333333333,0.16666666666666666,0.25,0.4166666666666667,0.041666666666666664,0.0
S27,baseline,beta_global,9.041666666666666,1.334465099374755,1.0,0.0,9.041666666666666,1.334465099374755,0.0,0.2916666666666667,0.5714285714285714,2.142857142857143,1.9545454545454546,0.6322798295454546,0.08333333333333333,0.6363636363636364,0.0,0.0,0.0,0.0,0.0,0.08333333333333333,0.041666666666666664,0.125,0.3333333333333333,0.3333333333333333,0.08333333333333333,0.0
S27,baseline,mu_central,9.5,1.3513278493843524,1.0,0.0,9.5,1.3513278493843524,0.0,0.20833333333333334,0.2,1.6,1.4090909090909092,0.45081676136363635,0.08333333333333333,0.36363636363636365,0.0,0.0,0.0,0.0,0.041666666666666664,0.0,0.0,0.125,0.25,0.375,0.20833333333333334,0.0
S27,baseline,beta_central,9.416666666666666,1.0598058340078627,1.0,0.0,9.416666666666666,1.0598058340078627,0.0,0.25,0.6666666666666666,1.8333333333333333,1.6818181818181819,0.5738636363636364,0.08333333333333333,0.4090909090909091,0.0,0.0,0.0,0.0,0.0,0.041666666666666664,0.0,0.041666666666666664,0.4583333333333333,0.3333333333333333,0.125,0.0
S27,early_abrupt,gait,8.916666666666666,1.316010660280157,1.0,0.0,8.916666666666666,1.316010660280157,0.0,0.25,0.6666666666666666,2.1666666666666665,2.25,0.7638671875,0.16666666666666666,0.6,0.0,0.0,0.0,0.0,0.0,0.08333333333333333,0.08333333333333333,0.08333333333333333,0.375,0.3333333333333333,0.041666666666666664,0.0
S27,early_abrupt,theta_global,8.958333333333334,1.5174110293140939,1.0,0.0,8.958333333333334,1.5174110293140939,0.0,0.2916666666666667,0.7142857142857143,2.4285714285714284,1.619047619047619,0.5057663690476191,0.125,0.7142857142857143,0.0,0.0,0.0,0.0,0.041666666666666664,0.041666666666666664,0.08333333333333333,0.08333333333333333,0.375,0.25,0.125,0.0
S27,early_abrupt,alpha_global,9.291666666666666,0.9990937922923459,1.0,0.0,9.291666666666666,0.9990937922923459,0.0,0.20833333333333334,0.4,1.4,1.9090909090909092,0.6203835227272727,0.08333333333333333,0.4090909090909091,0.0,0.0,0.0,0.0,0.0,0.0,0.08333333333333333,0.041666666666666664,0.4583333333333333,0.3333333333333333,0.08333333333333333,0.0
S27,early_abrupt,beta_global,8.916666666666666,1.5857152183236396,1.0416666666666667,0.2041241452319315,8.875,1.6762406177800526,0.041666666666666664,0.2916666666666667,0.8571428571428571,2.857142857142857,1.619047619047619,0.5472470238095238,0.125,0.5238095238095238,0.0,0.0,0.0,0.0,0.08333333333333333,0.08333333333333333,0.0,0.20833333333333334,0.25,0.2916666666666667,0.125,0.0
S27,early_abrupt,mu_central,9.125,1.3929168644626095,1.0833333333333333,0.408248290463863,9.041666666666666,1.6805580508625224,0.041666666666666664,0.20833333333333334,0.6,2.4,1.6,0.5314453125,0.16666666666666666,0.4,0.0,0.0,0.041666666666666664,0.041666666666666664,0.041666666666666664,0.041666666666666664,0.041666666666666664,0.0,0.4583333333333333,0.3333333333333333,0.08333333333333333,0.0
S27,early_abrupt,beta_central,9.083333333333334,1.2481870911416901,1.0,0.0,9.083333333333334,1.2481870911416901,0.0,0.25,0.6666666666666666,2.1666666666666665,1.9,0.5947265625,0.16666666666666666,0.55,0.0,0.0,0.0,0.0,0.0,0.041666666666666664,0.08333333333333333,0.125,0.3333333333333333,0.3333333333333333,0.08333333333333333,0.0
S27,late_abrupt,gait,8.875,1.3613452426057167,1.0,0.0,8.875,1.3613452426057167,0.0,0.2916666666666667,0.7142857142857143,2.142857142857143,1.5,0.512109375,0.16666666666666666,0.6,0.0,0.0,0.0,0.0,0.0,0.041666666666666664,0.125,0.25,0.16666666666666666,0.3333333333333333,0.08333333333333333,0.0
S27,late_abrupt,theta_global,9.083333333333334,1.7424786610050556,1.0416666666666667,0.2041241452319315,9.041666666666666,1.8991798382383418,0.041666666666666664,0.20833333333333334,0.8,2.6,2.090909090909091,0.6965553977272727,0.08333333333333333,0.5909090909090909,0.0,0.041666666666666664,0.041666666666666664,0.0,0.0,0.0,0.041666666666666664,0.20833333333333334,0.2916666666666667,0.20833333333333334,0.20833333333333334,0.0
S27,late_abrupt,alpha_global,9.25,1.6746187106583268,1.0,0.0,9.25,1.6746187106583268,0.0,0.25,0.5,2.3333333333333335,1.7,0.52734375,0.16666666666666666,0.5,0.0,0.0,0.0,0.041666666666666664,0.0,0.041666666666666664,0.041666666666666664,0.041666666666666664,0.3333333333333333,0.2916666666666667,0.20833333333333334,0.0
S27,late_abrupt,beta_global,9.25,1.4521348601882378,1.0,0.0,9.25,1.4521348601882378,0.0,0.16666666666666666,0.75,3.0,1.6666666666666667,0.5626860119047619,0.125,0.5238095238095238,0.0,0.0,0.0,0.0,0.041666666666666664,0.0,0.08333333333333333,0.08333333333333333,0.2916666666666667,0.3333333333333333,0.16666666666666666,0.0
S27,late_abrupt,mu_central,9.458333333333334,1.4738050920238275,1.0,0.0,9.458333333333334,1.4738050920238275,0.0,0.125,0.3333333333333333,2.0,1.2380952380952381,0.39211309523809523,0.125,0.2857142857142857,0.0,0.0,0.0,0.0,0.0,0.041666666666666664,0.08333333333333333,0.16666666666666666,0.041666666666666664,0.4166666666666667,0.25,0.0
S27,late_abrupt,beta_central,9.583333333333334,1.2481870911416901,1.0,0.0,9.583333333333334,1.2481870911416901,0.0,0.08333333333333333,0.5,2.5,1.9545454545454546,0.6045809659090909,0.08333333333333333,0.2727272727272727,0.0,0.0,0.0,0.0,0.0,0.041666666666666664,0.041666666666666664,0.041666666666666664,0.25,0.4166666666666667,0.20833333333333334,0.0
S27,early_gradual,gait,9.083333333333334,1.1000658741803746,1.0,0.0,9.083333333333334,1.1000658741803746,0.0,0.20833333333333334,0.6,1.6,2.0476190476190474,0.6999627976190477,0.125,0.42857142857142855,0.0,0.0,0.0,0.0,0.0,0.0,0.08333333333333333,0.20833333333333334,0.3333333333333333,0.2916666666666667,0.08333333333333333,0.0
S27,early_gradual,theta_global,8.916666666666666,1.442120017518492,1.0,0.0,8.916666666666666,1.442120017518492,0.0,0.16666666666666666,1.0,3.0,1.8095238095238095,0.6099330357142857,0.125,0.42857142857142855,0.0,0.0,0.0,0.0,0.0,0.041666666666666664,0.20833333333333334,0.08333333333333333,0.20833333333333334,0.375,0.08333333333333333,0.0
S27,early_gradual,alpha_global,9.666666666666666,0.9630868246861537,1.0,0.0,9.666666666666666,0.9630868246861537,0.0,0.125,0.6666666666666666,1.6666666666666667,1.2727272727272727,0.4442471590909091,0.08333333333333333,0.2727272727272727,0.0,0.0,0.0,0.0,0.0,0.0,0.0,0.125,0.2916666666666667,0.375,0.20833333333333334,0.0
S27,early_gradual,beta_global,9.125,1.6235361299390263,1.0,0.0,9.125,1.6235361299390263,0.0,0.16666666666666666,0.25,1.25,1.9565217391304348,0.6567595108695652,0.041666666666666664,0.391304347826087,0.0,0.0,0.041666666666666664,0.0,0.0,0.0,0.0,0.20833333333333334,0.2916666666666667,0.3333333333333333,0.125,0.0
S27,early_gradual,mu_central,9.166666666666666,1.4345630047135447,1.0,0.0,9.166666666666666,1.4345630047135447,0.0,0.2916666666666667,0.7142857142857143,2.4285714285714284,1.7727272727272727,0.6150568181818182,0.08333333333333333,0.6363636363636364,0.0,0.0,0.0,0.0,0.041666666666666664,0.0,0.08333333333333333,0.125,0.25,0.375,0.125,0.0
S27,early_gradual,beta_central,9.083333333333334,1.4719601443879746,1.0,0.0,9.083333333333334,1.4719601443879746,0.0,0.2916666666666667,0.5714285714285714,2.4285714285714284,1.7142857142857142,0.5474330357142857,0.125,0.5714285714285714,0.0,0.0,0.0,0.0,0.041666666666666664,0.041666666666666664,0.0,0.16666666666666666,0.375,0.20833333333333334,0.16666666666666666,0.0
S27,late_gradual,gait,9.5,1.06321906614239,1.0,0.0,9.5,1.06321906614239,0.0,0.3333333333333333,0.25,1.375,1.5238095238095237,0.5061383928571429,0.125,0.5714285714285714,0.0,0.0,0.0,0.0,0.0,0.0,0.041666666666666664,0.125,0.2916666666666667,0.375,0.16666666666666666,0.0
S27,late_gradual,theta_global,9.583333333333334,1.1000658741803746,1.0,0.0,9.583333333333334,1.1000658741803746,0.0,0.125,1.0,2.6666666666666665,1.4285714285714286,0.48623511904761907,0.125,0.3333333333333333,0.0,0.0,0.0,0.0,0.0,0.041666666666666664,0.0,0.041666666666666664,0.3333333333333333,0.4166666666666667,0.16666666666666666,0.0
S27,late_gradual,alpha_global,8.708333333333334,1.6010639578422372,1.0,0.0,8.708333333333334,1.6010639578422372,0.0,0.3333333333333333,0.75,2.5,1.7142857142857142,0.5628720238095238,0.125,0.5238095238095238,0.0,0.0,0.0,0.041666666666666664,0.041666666666666664,0.0,0.0,0.2916666666666667,0.3333333333333333,0.20833333333333334,0.08333333333333333,0.0
S27,late_gradual,beta_global,8.458333333333334,2.063748524170155,1.0416666666666667,0.2041241452319315,8.416666666666666,2.1450988964060187,0.041666666666666664,0.2916666666666667,0.7142857142857143,3.0,1.85,0.6181640625,0.16666666666666666,0.7,0.0,0.0,0.0,0.041666666666666664,0.125,0.125,0.041666666666666664,0.16666666666666666,0.125,0.25,0.16666666666666666,0.0
S27,late_gradual,mu_central,9.208333333333334,1.5316704909195133,1.0,0.0,9.208333333333334,1.5316704909195133,0.0,0.2916666666666667,0.5714285714285714,2.142857142857143,1.619047619047619,0.5457589285714286,0.125,0.5714285714285714,0.0,0.0,0.0,0.0,0.041666666666666664,0.0,0.125,0.08333333333333333,0.20833333333333334,0.375,0.16666666666666666,0.0
S27,late_gradual,beta_central,8.75,1.7003835884370582,1.0,0.0,8.75,1.7003835884370582,0.0,0.25,0.8333333333333334,2.6666666666666665,2.590909090909091,0.8760653409090909,0.08333333333333333,0.6818181818181818,0.0,0.0,0.0,0.0,0.08333333333333333,0.041666666666666664,0.08333333333333333,0.125,0.25,0.3333333333333333,0.08333333333333333,0.0
S28,baseline,gait,8.916666666666666,1.3805061033726997,1.0,0.0,8.916666666666666,1.3805061033726997,0.0,0.375,0.4444444444444444,1.6666666666666667,1.7142857142857142,0.5758928571428571,0.125,0.7142857142857143,0.0,0.0,0.0,0.0,0.0,0.08333333333333333,0.08333333333333333,0.125,0.3333333333333333,0.2916666666666667,0.08333333333333333,0.0
S28,baseline,theta_global,8.833333333333334,1.7362294645648624,1.125,0.44842720314644063,8.708333333333334,2.0319013727063124,0.08333333333333333,0.2916666666666667,0.5714285714285714,2.5714285714285716,2.6363636363636362,0.9419389204545454,0.08333333333333333,0.7272727272727273,0.0,0.0,0.041666666666666664,0.08333333333333333,0.041666666666666664,0.08333333333333333,0.08333333333333333,0.08333333333333333,0.25,0.375,0.08333333333333333,0.0
S28,baseline,alpha_global,9.458333333333334,1.0206207261596574,1.0,0.0,9.458333333333334,1.0206207261596574,0.0,0.2916666666666667,0.2857142857142857,1.2857142857142858,1.4285714285714286,0.44568452380952384,0.125,0.5238095238095238,0.0,0.0,0.0,0.0,0.0,0.0,0.041666666666666664,0.08333333333333333,0.4166666666666667,0.2916666666666667,0.16666666666666666,0.0
S28,baseline,beta_global,8.791666666666666,1.2503622663458174,1.0416666666666667,0.2041241452319315,8.75,1.3593476696403028,0.041666666666666664,0.25,0.3333333333333333,1.8333333333333333,1.5,0.4786931818181818,0.08333333333333333,0.45454545454545453,0.0,0.0,0.0,0.0,0.041666666666666664,0.08333333333333333,0.08333333333333333,0.125,0.375,0.3333333333333333,0.0,0.0
S28,baseline,mu_central,9.25,1.224744871391589,1.0,0.0,9.25,1.224744871391589,0.0,0.20833333333333334,0.4,1.8,1.7272727272727273,0.5845170454545454,0.08333333333333333,0.36363636363636365,0.0,0.0,0.0,0.0,0.041666666666666664,0.0,0.0,0.125,0.375,0.375,0.08333333333333333,0.0
S28,baseline,beta_central,9.125,1.3929168644626095,1.0,0.0,9.125,1.3929168644626095,0.0,0.25,0.6666666666666666,2.1666666666666665,2.0,0.6739211309523809,0.125,0.5714285714285714,0.0,0.0,0.0,0.0,0.0,0.041666666666666664,0.125,0.08333333333333333,0.3333333333333333,0.25,0.16666666666666666,0.0
S28,early_abrupt,gait,9.0,1.2510864843424485,1.0,0.0,9.0,1.2510864843424485,0.0,0.2916666666666667,0.7142857142857143,2.0,1.4,0.4869140625,0.16666666666666666,0.55,0.0,0.0,0.0,0.0,0.0,0.041666666666666664,0.041666666666666664,0.25,0.3333333333333333,0.20833333333333334,0.125,0.0
S28,early_abrupt,theta_global,9.333333333333334,1.2740441145412122,1.0,0.0,9.333333333333334,1.2740441145412122,0.0,0.2916666666666667,0.7142857142857143,2.0,1.8181818181818181,0.6223366477272727,0.08333333333333333,0.5909090909090909,0.0,0.0,0.0,0.0,0.0,0.041666666666666664,0.08333333333333333,0.041666666666666664,0.2916666666666667,0.4166666666666667,0.125,0.0
S28,early_abrupt,alpha_global,9.208333333333334,1.2150922908825974,1.0,0.0,9.208333333333334,1.2150922908825974,0.0,0.20833333333333334,1.0,2.2,1.6818181818181819,0.6342329545454546,0.08333333333333333,0.45454545454545453,0.0,0.0,0.0,0.0,0.0,0.0,0.041666666666666664,0.3333333333333333,0.16666666666666666,0.2916666666666667,0.16666666666666666,0.0
S28,early_abrupt,beta_global,9.375,1.2445533509971602,1.0,0.0,9.375,1.2445533509971602,0.0,0.25,0.8333333333333334,2.0,1.5238095238095237,0.4791666666666667,0.125,0.5238095238095238,0.0,0.0,0.0,0.0,0.0,0.041666666666666664,0.0,0.16666666666666666,0.3333333333333333,0.25,0.20833333333333334,0.0
S28,early_abrupt,mu_central,9.583333333333334,1.0179547554081032,1.0,0.0,9.583333333333334,1.0179547554081032,0.0,0.16666666666666666,0.5,1.5,1.5909090909090908,0.5470525568181818,0.08333333333333333,0.36363636363636365,0.0,0.0,0.0,0.0,0.0,0.0,0.041666666666666664,0.08333333333333333,0.2916666666666667,0.4166666666666667,0.16666666666666666,0.0
S28,early_abrupt,beta_central,9.083333333333334,1.717345440591042,1.0,0.0,9.083333333333334,1.717345440591042,0.0,0.25,0.6666666666666666,2.1666666666666665,1.6363636363636365,0.5562855113636364,0.08333333333333333,0.5454545454545454,0.0,0.0,0.0,0.041666666666666664,0.0,0.08333333333333333,0.0,0.08333333333333333,0.3333333333333333,0.2916666666666667,0.16666666666666666,0.0
S28,late_abrupt,gait,9.0,1.4744195615489712,1.0,0.0,9.0,1.4744195615489712,0.0,0.2916666666666667,0.7142857142857143,2.2857142857142856,1.8571428571428572,0.6024925595238095,0.125,0.6190476190476191,0.0,0.0,0.0,0.0,0.0,0.041666666666666664,0.20833333333333334,0.041666666666666664,0.25,0.3333333333333333,0.125,0.0
S28,late_abrupt,theta_global,8.666666666666666,1.857222485950146,1.0416666666666667,0.2041241452319315,8.625,1.9518664423304306,0.041666666666666664,0.3333333333333333,0.75,2.875,1.8571428571428572,0.5604538690476191,0.125,0.7619047619047619,0.0,0.0,0.0,0.041666666666666664,0.08333333333333333,0.125,0.041666666666666664,0.08333333333333333,0.20833333333333334,0.375,0.08333333333333333,0.0
S28,late_abrupt,alpha_global,9.125,1.6235361299390263,1.0416666666666667,0.2041241452319315,9.083333333333334,1.7424786610050553,0.041666666666666664,0.25,0.5,2.3333333333333335,1.4761904761904763,0.49572172619047616,0.125,0.47619047619047616,0.0,0.0,0.0,0.041666666666666664,0.08333333333333333,0.0,0.041666666666666664,0.08333333333333333,0.3333333333333333,0.2916666666666667,0.16666666666666666,0.0
S28,late_abrupt,beta_global,8.791666666666666,1.5316704909195133,1.0,0.0,8.791666666666666,1.5316704909195133,0.0,0.375,0.6666666666666666,2.2222222222222223,1.5238095238095237,0.48344494047619047,0.125,0.6666666666666666,0.0,0.0,0.0,0.0,0.0,0.041666666666666664,0.25,0.125,0.16666666666666666,0.2916666666666667,0.125,0.0
S28,late_abrupt,mu_central,8.958333333333334,1.334465099374755,1.0,0.0,8.958333333333334,1.334465099374755,0.0,0.25,1.0,2.5,1.65,0.5697265625,0.16666666666666666,0.5,0.0,0.0,0.0,0.0,0.041666666666666664,0.0,0.041666666666666664,0.25,0.2916666666666667,0.2916666666666667,0.08333333333333333,0.0
S28,late_abrupt,beta_central,8.833333333333334,1.4645571126562065,1.0,0.0,8.833333333333334,1.4645571126562065,0.0,0.25,0.6666666666666666,2.3333333333333335,1.7142857142857142,0.5558035714285714,0.125,0.5238095238095238,0.0,0.0,0.0,0.0,0.0,0.08333333333333333,0.125,0.16666666666666666,0.20833333333333334,0.3333333333333333,0.08333333333333333,0.0
S28,early_gradual,gait,9.25,1.2937979144666532,1.0,0.0,9.25,1.2937979144666532,0.0,0.25,0.5,1.5,1.8695652173913044,0.6285665760869565,0.041666666666666664,0.5217391304347826,0.0,0.0,0.0,0.0,0.041666666666666664,0.0,0.0,0.125,0.4583333333333333,0.20833333333333334,0.16666666666666666,0.0
S28,early_gradual,theta_global,9.541666666666666,1.141287094417552,1.0,0.0,9.541666666666666,1.141287094417552,0.0,0.20833333333333334,0.4,1.6,1.6666666666666667,0.5693824404761905,0.125,0.42857142857142855,0.0,0.0,0.0,0.0,0.0,0.041666666666666664,0.0,0.125,0.16666666666666666,0.5416666666666666,0.125,0.0
S28,early_gradual,alpha_global,9.291666666666666,1.1220775245117838,1.0,0.0,9.291666666666666,1.1220775245117838,0.0,0.16666666666666666,0.5,2.0,1.8571428571428572,0.55078125,0.125,0.42857142857142855,0.0,0.0,0.0,0.0,0.0,0.041666666666666664,0.0,0.125,0.4166666666666667,0.2916666666666667,0.125,0.0
S28,early_gradual,beta_global,9.333333333333334,1.522773975253762,1.0833333333333333,0.408248290463863,9.25,1.7997584378973221,0.041666666666666664,0.20833333333333334,0.6,2.6,1.7619047619047619,0.5771949404761905,0.125,0.47619047619047616,0.0,0.0,0.041666666666666664,0.041666666666666664,0.041666666666666664,0.041666666666666664,0.041666666666666664,0.0,0.375,0.2916666666666667,0.20833333333333334,0.0
S28,early_gradual,mu_central,8.875,1.4836060651405207,1.0416666666666667,0.2041241452319315,8.833333333333334,1.5788456616111677,0.041666666666666664,0.2916666666666667,0.2857142857142857,1.8571428571428572,1.9047619047619047,0.5970982142857143,0.125,0.5238095238095238,0.0,0.0,0.0,0.0,0.041666666666666664,0.125,0.041666666666666664,0.16666666666666666,0.25,0.3333333333333333,0.08333333333333333,0.0
S28,early_gradual,beta_central,9.541666666666666,1.2846642825425558,1.0,0.0,9.541666666666666,1.2846642825425558,0.0,0.125,0.6666666666666666,2.3333333333333335,1.2857142857142858,0.41313244047619047,0.125,0.3333333333333333,0.0,0.0,0.0,0.0,0.0,0.041666666666666664,0.041666666666666664,0.08333333333333333,0.20833333333333334,0.4166666666666667,0.20833333333333334,0.0
S28,late_gradual,gait,9.208333333333334,1.2846642825425558,1.0,0.0,9.208333333333334,1.2846642825425558,0.0,0.25,0.5,1.8333333333333333,1.5238095238095237,0.5018601190476191,0.125,0.47619047619047616,0.0,0.0,0.0,0.0,0.0,0.041666666666666664,0.0,0.2916666666666667,0.20833333333333334,0.2916666666666667,0.16666666666666666,0.0
S28,late_gradual,theta_global,8.666666666666666,1.5510632164580769,1.0,0.0,8.666666666666666,1.5510632164580769,0.0,0.25,1.0,2.6666666666666665,2.0476190476190474,0.6387648809523809,0.125,0.7142857142857143,0.0,0.0,0.0,0.0,0.041666666666666664,0.041666666666666664,0.125,0.25,0.16666666666666666,0.2916666666666667,0.08333333333333333,0.0
S28,late_gradual,alpha_global,8.916666666666666,1.442120017518492,1.0,0.0,8.916666666666666,1.442120017518492,0.0,0.2916666666666667,0.5714285714285714,2.142857142857143,1.5714285714285714,0.49441964285714285,0.125,0.5714285714285714,0.0,0.0,0.0,0.0,0.041666666666666664,0.041666666666666664,0.041666666666666664,0.16666666666666666,0.3333333333333333,0.2916666666666667,0.08333333333333333,0.0
S28,late_gradual,beta_global,9.041666666666666,1.3666578295932035,1.0,0.0,9.041666666666666,1.3666578295932035,0.0,0.20833333333333334,0.6,2.4,1.8095238095238095,0.6454613095238095,0.125,0.5238095238095238,0.0,0.0,0.0,0.0,0.0,0.041666666666666664,0.125,0.125,0.2916666666666667,0.2916666666666667,0.125,0.0
S28,late_gradual,mu_central,9.0,1.3513278493843524,1.0,0.0,9.0,1.3513278493843524,0.0,0.20833333333333334,1.0,2.6,1.4761904761904763,0.5226934523809523,0.125,0.47619047619047616,0.0,0.0,0.0,0.0,0.0,0.08333333333333333,0.041666666666666664,0.16666666666666666,0.2916666666666667,0.3333333333333333,0.08333333333333333,0.0
S28,late_gradual,beta_central,8.75,1.5393392145304765,1.0,0.0,8.75,1.5393392145304765,0.0,0.2916666666666667,0.5714285714285714,2.4285714285714284,2.090909090909091,0.720703125,0.08333333333333333,0.6818181818181818,0.0,0.0,0.0,0.0,0.08333333333333333,0.041666666666666664,0.0,0.16666666666666666,0.375,0.2916666666666667,0.041666666666666664,0.0
S29,baseline,gait,8.75,1.6484511834894675,1.25,0.6756639246921762,8.5,2.226324715563845,0.125,0.25,0.6666666666666666,3.0,1.8181818181818181,0.5745738636363636,0.08333333333333333,0.5454545454545454,0.0,0.0,0.08333333333333333,0.125,0.125,0.041666666666666664,0.0,0.2916666666666667,0.16666666666666666,0.3333333333333333,0.08333333333333333,0.0
S29,baseline,theta_global,8.958333333333334,1.1970676733137326,1.0,0.0,8.958333333333334,1.1970676733137326,0.0,0.25,0.5,1.6666666666666667,1.9565217391304348,0.6409646739130435,0.041666666666666664,0.5652173913043478,0.0,0.0,0.0,0.0,0.0,0.041666666666666664,0.041666666666666664,0.25,0.3333333333333333,0.25,0.08333333333333333,0.0
S29,baseline,alpha_global,9.208333333333334,1.2150922908825974,1.0416666666666667,0.2041241452319315,9.166666666666666,1.3405601251996726,0.041666666666666664,0.16666666666666666,0.75,2.5,1.619047619047619,0.5818452380952381,0.125,0.38095238095238093,0.0,0.0,0.0,0.0,0.041666666666666664,0.08333333333333333,0.0,0.041666666666666664,0.4583333333333333,0.3333333333333333,0.08333333333333333,0.0
S29,baseline,beta_global,8.833333333333334,1.6594044679962137,1.0,0.0,8.833333333333334,1.6594044679962137,0.0,0.25,0.8333333333333334,2.6666666666666665,1.6363636363636365,0.5522017045454546,0.08333333333333333,0.5,0.0,0.0,0.0,0.0,0.0,0.08333333333333333,0.20833333333333334,0.125,0.125,0.2916666666666667,0.16666666666666666,0.0
S29,baseline,mu_central,9.416666666666666,1.282547284209001,1.0,0.0,9.416666666666666,1.282547284209001,0.0,0.20833333333333334,0.2,1.4,1.4285714285714286,0.45889136904761907,0.125,0.42857142857142855,0.0,0.0,0.0,0.0,0.0,0.041666666666666664,0.041666666666666664,0.125,0.20833333333333334,0.4166666666666667,0.16666666666666666,0.0
S29,baseline,beta_central,9.083333333333334,1.4116492564332,1.0,0.0,9.083333333333334,1.4116492564332,0.0,0.20833333333333334,0.8,1.8,1.4545454545454546,0.5310724431818182,0.08333333333333333,0.5,0.0,0.0,0.0,0.0,0.0,0.041666666666666664,0.08333333333333333,0.20833333333333334,0.2916666666666667,0.16666666666666666,0.20833333333333334,0.0
S29,early_abrupt,gait,9.083333333333334,1.3486439781165913,1.0,0.0,9.083333333333334,1.3486439781165913,0.0,0.25,0.6666666666666666,2.3333333333333335,1.8571428571428572,0.6190476190476191,0.125,0.5238095238095238,0.0,0.0,0.0,0.0,0.0,0.041666666666666664,0.125,0.08333333333333333,0.3333333333333333,0.2916666666666667,0.125,0.0
S29,early_abrupt,theta_global,9.541666666666666,1.0206207261596576,1.0,0.0,9.541666666666666,1.0206207261596576,0.0,0.20833333333333334,0.4,1.8,1.619047619047619,0.5340401785714286,0.125,0.42857142857142855,0.0,0.0,0.0,0.0,0.0,0.0,0.041666666666666664,0.08333333333333333,0.3333333333333333,0.375,0.16666666666666666,0.0
S29,early_abrupt,alpha_global,9.166666666666666,1.203858530857692,1.0,0.0,9.166666666666666,1.203858530857692,0.0,0.20833333333333334,0.8,2.8,1.4,0.446875,0.16666666666666666,0.45,0.0,0.0,0.0,0.0,0.0,0.041666666666666664,0.08333333333333333,0.08333333333333333,0.2916666666666667,0.4583333333333333,0.041666666666666664,0.0
S29,early_abrupt,beta_global,9.125,1.1539158284426272,1.0,0.0,9.125,1.1539158284426272,0.0,0.2916666666666667,0.8571428571428571,2.142857142857143,1.5,0.4986328125,0.16666666666666666,0.6,0.0,0.0,0.0,0.0,0.0,0.041666666666666664,0.041666666666666664,0.125,0.4166666666666667,0.2916666666666667,0.08333333333333333,0.0
S29,early_abrupt,mu_central,9.291666666666666,1.458980187804412,1.0,0.0,9.291666666666666,1.458980187804412,0.0,0.2916666666666667,0.42857142857142855,1.8571428571428572,1.7142857142857142,0.5857514880952381,0.125,0.5238095238095238,0.0,0.0,0.0,0.0,0.0,0.041666666666666664,0.08333333333333333,0.20833333333333334,0.08333333333333333,0.375,0.20833333333333334,0.0
S29,early_abrupt,beta_central,9.25,1.4521348601882378,1.0,0.0,9.25,1.4521348601882378,0.0,0.20833333333333334,0.4,2.0,1.6956521739130435,0.5215692934782609,0.041666666666666664,0.4782608695652174,0.0,0.0,0.0,0.0,0.0,0.08333333333333333,0.041666666666666664,0.125,0.20833333333333334,0.375,0.16666666666666666,0.0
S29,late_abrupt,gait,9.208333333333334,1.50301629100103,1.0,0.0,9.208333333333334,1.50301629100103,0.0,0.25,0.8333333333333334,2.3333333333333335,1.6666666666666667,0.5623139880952381,0.125,0.47619047619047616,0.0,0.0,0.0,0.0,0.041666666666666664,0.0,0.08333333333333333,0.125,0.2916666666666667,0.25,0.20833333333333334,0.0
S29,late_abrupt,theta_global,8.875,1.918162617216527,1.0416666666666667,0.2041241452319315,8.833333333333334,2.0359095108162064,0.041666666666666664,0.25,1.0,4.0,1.619047619047619,0.5829613095238095,0.125,0.6190476190476191,0.0,0.0,0.041666666666666664,0.041666666666666664,0.041666666666666664,0.08333333333333333,0.041666666666666664,0.041666666666666664,0.25,0.375,0.125,0.0
S29,late_abrupt,alpha_global,9.375,1.5269321331121546,1.0833333333333333,0.408248290463863,9.291666666666666,1.8528278426483,0.041666666666666664,0.25,0.16666666666666666,1.6666666666666667,1.3636363636363635,0.4483309659090909,0.08333333333333333,0.45454545454545453,0.0,0.041666666666666664,0.041666666666666664,0.041666666666666664,0.0,0.0,0.041666666666666664,0.08333333333333333,0.25,0.4166666666666667,0.16666666666666666,0.0
S29,late_abrupt,beta_global,9.166666666666666,1.522773975253762,1.0,0.0,9.166666666666666,1.522773975253762,0.0,0.25,0.8333333333333334,2.3333333333333335,1.9047619047619047,0.6026785714285714,0.125,0.5714285714285714,0.0,0.0,0.0,0.0,0.0,0.08333333333333333,0.08333333333333333,0.125,0.16666666666666666,0.375,0.16666666666666666,0.0
S29,late_abrupt,mu_central,9.083333333333334,1.8157922373651019,1.0416666666666667,0.2041241452319315,9.041666666666666,1.9219366742195607,0.041666666666666664,0.16666666666666666,0.75,3.0,1.9545454545454546,0.6274857954545454,0.08333333333333333,0.5,0.0,0.0,0.0,0.041666666666666664,0.08333333333333333,0.0,0.125,0.08333333333333333,0.20833333333333334,0.25,0.25,0.0
S29,late_abrupt,beta_central,9.166666666666666,1.632993161855452,1.0416666666666667,0.2041241452319315,9.125,1.7523276445668041,0.041666666666666664,0.20833333333333334,0.8,2.8,1.9047619047619047,0.5954241071428571,0.125,0.5238095238095238,0.0,0.0,0.0,0.041666666666666664,0.041666666666666664,0.041666666666666664,0.08333333333333333,0.08333333333333333,0.25,0.2916666666666667,0.20833333333333334,0.0
S29,early_gradual,gait,9.125,1.541103500742244,1.0,0.0,9.125,1.541103500742244,0.0,0.2916666666666667,0.5714285714285714,2.0,2.1818181818181817,0.7780539772727273,0.08333333333333333,0.5909090909090909,0.0,0.0,0.0,0.0,0.0,0.08333333333333333,0.125,0.041666666666666664,0.25,0.3333333333333333,0.16666666666666666,0.0
S29,early_gradual,theta_global,9.125,1.6762406177800526,1.0,0.0,9.125,1.6762406177800526,0.0,0.25,0.6666666666666666,2.5,1.6363636363636365,0.5348011363636364,0.08333333333333333,0.45454545454545453,0.0,0.0,0.0,0.0,0.08333333333333333,0.0,0.08333333333333333,0.041666666666666664,0.2916666666666667,0.3333333333333333,0.16666666666666666,0.0
S29,early_gradual,alpha_global,9.125,1.5126280039259057,1.125,0.44842720314644063,9.0,1.8881783261398664,0.08333333333333333,0.2916666666666667,0.5714285714285714,2.2857142857142856,1.2857142857142858,0.48604910714285715,0.125,0.6190476190476191,0.0,0.0,0.041666666666666664,0.08333333333333333,0.08333333333333333,0.0,0.0,0.08333333333333333,0.4166666666666667,0.2916666666666667,0.125,0.0
S29,early_gradual,beta_global,9.583333333333334,1.1764599317505433,1.0,0.0,9.583333333333334,1.1764599317505433,0.0,0.16666666666666666,0.25,1.25,1.4761904761904763,0.4817708333333333,0.125,0.23809523809523808,0.0,0.0,0.0,0.0,0.0,0.0,0.041666666666666664,0.16666666666666666,0.20833333333333334,0.3333333333333333,0.25,0.0
S29,early_gradual,mu_central,8.75,1.6484511834894675,1.125,0.44842720314644063,8.625,1.9740159904202355,0.08333333333333333,0.3333333333333333,0.625,2.625,1.5263157894736843,0.4888980263157895,0.20833333333333334,0.631578947368421,0.0,0.0,0.041666666666666664,0.08333333333333333,0.08333333333333333,0.0,0.08333333333333333,0.20833333333333334,0.3333333333333333,0.125,0.16666666666666666,0.0
S29,early_gradual,beta_central,9.166666666666666,1.5788456616111677,1.0,0.0,9.166666666666666,1.5788456616111677,0.0,0.20833333333333334,0.6,2.4,1.4285714285714286,0.4773065476190476,0.125,0.47619047619047616,0.0,0.0,0.0,0.0,0.041666666666666664,0.041666666666666664,0.08333333333333333,0.041666666666666664,0.2916666666666667,0.3333333333333333,0.16666666666666666,0.0
S29,late_gradual,gait,9.083333333333334,1.1000658741803746,1.0,0.0,9.083333333333334,1.1000658741803746,0.0,0.25,0.6666666666666666,2.0,2.0,0.6661086309523809,0.125,0.47619047619047616,0.0,0.0,0.0,0.0,0.0,0.0,0.125,0.125,0.3333333333333333,0.375,0.041666666666666664,0.0
S29,late_gradual,theta_global,9.0,1.7693034738587656,1.0833333333333333,0.408248290463863,8.916666666666666,1.9981875845846921,0.041666666666666664,0.25,0.8333333333333334,2.8333333333333335,1.7142857142857142,0.5894717261904762,0.125,0.5714285714285714,0.0,0.0,0.041666666666666664,0.041666666666666664,0.08333333333333333,0.041666666666666664,0.041666666666666664,0.125,0.20833333333333334,0.3333333333333333,0.16666666666666666,0.0
S29,late_gradual,alpha_global,8.875,1.6235361299390263,1.0833333333333333,0.408248290463863,8.791666666666666,1.8172881532338394,0.041666666666666664,0.25,0.6666666666666666,2.6666666666666665,2.05,0.65703125,0.16666666666666666,0.6,0.0,0.0,0.0,0.041666666666666664,0.08333333333333333,0.08333333333333333,0.041666666666666664,0.20833333333333334,0.125,0.4166666666666667,0.08333333333333333,0.0
S29,late_gradual,beta_global,9.041666666666666,1.4884823513044847,1.0,0.0,9.041666666666666,1.4884823513044847,0.0,0.20833333333333334,0.4,2.2,1.6818181818181819,0.5264559659090909,0.08333333333333333,0.5,0.0,0.0,0.0,0.0,0.041666666666666664,0.0,0.125,0.125,0.25,0.3333333333333333,0.125,0.0
S29,late_gradual,mu_central,8.791666666666666,1.7189270330434436,1.0,0.0,8.791666666666666,1.7189270330434436,0.0,0.20833333333333334,0.8,3.0,2.3636363636363638,0.8146306818181818,0.08333333333333333,0.5454545454545454,0.0,0.0,0.0,0.041666666666666664,0.0,0.041666666666666664,0.16666666666666666,0.08333333333333333,0.20833333333333334,0.375,0.08333333333333333,0.0
S29,late_gradual,beta_central,9.291666666666666,1.5457984194658723,1.0416666666666667,0.2041241452319315,9.25,1.6746187106583268,0.041666666666666664,0.16666666666666666,1.0,3.5,2.0952380952380953,0.7098214285714286,0.125,0.38095238095238093,0.0,0.0,0.0,0.041666666666666664,0.041666666666666664,0.041666666666666664,0.041666666666666664,0.041666666666666664,0.3333333333333333,0.2916666666666667,0.20833333333333334,0.0
S30,baseline,gait,8.708333333333334,1.756458063130524,1.1666666666666667,0.5646597025732799,8.541666666666666,2.2062986251159216,0.08333333333333333,0.25,0.5,2.1666666666666665,1.9545454545454546,0.6498579545454546,0.08333333333333333,0.5909090909090909,0.0,0.041666666666666664,0.08333333333333333,0.08333333333333333,0.041666666666666664,0.0,0.125,0.16666666666666666,0.20833333333333334,0.3333333333333333,0.08333333333333333,0.0
S30,baseline,theta_global,9.125,1.541103500742244,1.0416666666666667,0.2041241452319315,9.083333333333334,1.665941871387048,0.041666666666666664,0.25,0.6666666666666666,2.3333333333333335,1.7142857142857142,0.5797991071428571,0.125,0.5714285714285714,0.0,0.0,0.0,0.041666666666666664,0.041666666666666664,0.0,0.125,0.125,0.20833333333333334,0.3333333333333333,0.16666666666666666,0.0
S30,baseline,alpha_global,9.541666666666666,1.062366786192884,1.0,0.0,9.541666666666666,1.062366786192884,0.0,0.125,0.3333333333333333,1.6666666666666667,1.3181818181818181,0.44495738636363635,0.08333333333333333,0.2727272727272727,0.0,0.0,0.0,0.0,0.0,0.041666666666666664,0.0,0.041666666666666664,0.3333333333333333,0.4583333333333333,0.125,0.0
S30,baseline,beta_global,9.625,0.8753881126826472,1.0,0.0,9.625,0.8753881126826472,0.0,0.16666666666666666,0.5,1.75,1.9090909090909092,0.6404474431818182,0.08333333333333333,0.36363636363636365,0.0,0.0,0.0,0.0,0.0,0.0,0.0,0.08333333333333333,0.375,0.375,0.16666666666666666,0.0
S30,baseline,mu_central,9.333333333333334,1.6061476099435992,1.0,0.0,9.333333333333334,1.6061476099435992,0.0,0.25,0.6666666666666666,2.5,1.6818181818181819,0.5159801136363636,0.08333333333333333,0.5,0.0,0.0,0.0,0.0,0.08333333333333333,0.0,0.0,0.08333333333333333,0.2916666666666667,0.3333333333333333,0.20833333333333334,0.0
S30,baseline,beta_central,9.083333333333334,1.5012072436561839,1.0,0.0,9.083333333333334,1.5012072436561839,0.0,0.25,1.0,2.5,1.5909090909090908,0.537109375,0.08333333333333333,0.5454545454545454,0.0,0.0,0.0,0.041666666666666664,0.0,0.0,0.041666666666666664,0.20833333333333334,0.20833333333333334,0.4166666666666667,0.08333333333333333,0.0
S30,early_abrupt,gait,9.041666666666666,1.3981094896064241,1.0,0.0,9.041666666666666,1.3981094896064241,0.0,0.25,0.5,2.3333333333333335,1.6666666666666667,0.5911458333333334,0.125,0.5714285714285714,0.0,0.0,0.0,0.0,0.041666666666666664,0.0,0.08333333333333333,0.125,0.375,0.25,0.125,0.0
S30,early_abrupt,theta_global,9.5,1.3831281496162493,1.0,0.0,9.5,1.3831281496162493,0.0,0.20833333333333334,0.6,2.0,1.7619047619047619,0.57421875,0.125,0.42857142857142855,0.0,0.0,0.0,0.0,0.0,0.041666666666666664,0.08333333333333333,0.041666666666666664,0.25,0.3333333333333333,0.25,0.0
S30,early_abrupt,alpha_global,9.125,1.596531566702726,1.0,0.0,9.125,1.596531566702726,0.0,0.20833333333333334,1.0,3.0,1.7142857142857142,0.5755208333333334,0.125,0.42857142857142855,0.0,0.0,0.0,0.0,0.0,0.125,0.041666666666666664,0.125,0.16666666666666666,0.375,0.16666666666666666,0.0
S30,early_abrupt,beta_global,9.125,1.034723235417589,1.0,0.0,9.125,1.034723235417589,0.0,0.16666666666666666,0.75,2.0,1.1428571428571428,0.39564732142857145,0.125,0.38095238095238093,0.0,0.0,0.0,0.0,0.0,0.0,0.08333333333333333,0.125,0.4583333333333333,0.25,0.08333333333333333,0.0
S30,early_abrupt,mu_central,9.208333333333334,1.6145847942957392,1.0,0.0,9.208333333333334,1.6145847942957392,0.0,0.2916666666666667,0.7142857142857143,2.4285714285714284,2.05,0.6708984375,0.16666666666666666,0.6,0.0,0.0,0.0,0.0,0.041666666666666664,0.041666666666666664,0.08333333333333333,0.08333333333333333,0.16666666666666666,0.4166666666666667,0.16666666666666666,0.0
S30,early_abrupt,beta_central,8.791666666666666,1.7687914485336582,1.0,0.0,8.791666666666666,1.7687914485336582,0.0,0.2916666666666667,0.8571428571428571,2.2857142857142856,1.826086956521739,0.596297554347826,0.041666666666666664,0.6521739130434783,0.0,0.0,0.0,0.0,0.041666666666666664,0.125,0.08333333333333333,0.041666666666666664,0.3333333333333333,0.20833333333333334,0.16666666666666666,0.0
S30,late_abrupt,gait,9.166666666666666,1.6594044679962139,1.0416666666666667,0.2041241452319315,9.125,1.7769661492702031,0.041666666666666664,0.25,0.6666666666666666,2.0,2.090909090909091,0.65625,0.08333333333333333,0.5909090909090909,0.0,0.0,0.0,0.041666666666666664,0.08333333333333333,0.0,0.041666666666666664,0.125,0.20833333333333334,0.375,0.16666666666666666,0.0
S30,late_abrupt,theta_global,9.125,1.4836060651405207,1.0,0.0,9.125,1.4836060651405207,0.0,0.20833333333333334,0.4,2.2,1.5,0.4724609375,0.16666666666666666,0.4,0.0,0.0,0.0,0.0,0.041666666666666664,0.0,0.08333333333333333,0.125,0.375,0.16666666666666666,0.20833333333333334,0.0
S30,late_abrupt,alpha_global,9.291666666666666,0.999093792292346,1.0,0.0,9.291666666666666,0.999093792292346,0.0,0.3333333333333333,0.5,1.75,1.8636363636363635,0.650390625,0.08333333333333333,0.45454545454545453,0.0,0.0,0.0,0.0,0.0,0.0,0.0,0.25,0.3333333333333333,0.2916666666666667,0.125,0.0
S30,late_abrupt,beta_global,9.5,1.103354568734741,1.0,0.0,9.5,1.103354568734741,0.0,0.20833333333333334,0.2,1.2,1.4761904761904763,0.5301339285714286,0.125,0.38095238095238093,0.0,0.0,0.0,0.0,0.0,0.0,0.041666666666666664,0.125,0.3333333333333333,0.2916666666666667,0.20833333333333334,0.0
S30,late_abrupt,mu_central,9.25,1.3269776053940743,1.0,0.0,9.25,1.3269776053940743,0.0,0.25,0.8333333333333334,2.3333333333333335,1.7619047619047619,0.6218377976190477,0.125,0.5238095238095238,0.0,0.0,0.0,0.0,0.0,0.041666666666666664,0.08333333333333333,0.125,0.20833333333333334,0.4166666666666667,0.125,0.0
S30,late_abrupt,beta_central,9.0,1.5036188231122245,1.0,0.0,9.0,1.5036188231122245,0.0,0.20833333333333334,1.0,2.8,1.9523809523809523,0.6315104166666666,0.125,0.5714285714285714,0.0,0.0,0.0,0.0,0.041666666666666664,0.0,0.125,0.16666666666666666,0.20833333333333334,0.3333333333333333,0.125,0.0
S30,early_gradual,gait,9.416666666666666,1.316010660280157,1.0,0.0,9.416666666666666,1.316010660280157,0.0,0.20833333333333334,0.4,1.6,2.0869565217391304,0.7180706521739131,0.041666666666666664,0.391304347826087,0.0,0.0,0.0,0.0,0.0,0.08333333333333333,0.0,0.08333333333333333,0.20833333333333334,0.5,0.125,0.0
S30,early_gradual,theta_global,9.333333333333334,1.493949148388597,1.0,0.0,9.333333333333334,1.493949148388597,0.0,0.20833333333333334,0.4,1.8,1.6363636363636365,0.53125,0.08333333333333333,0.4090909090909091,0.0,0.0,0.0,0.0,0.041666666666666664,0.041666666666666664,0.0,0.08333333333333333,0.3333333333333333,0.2916666666666667,0.20833333333333334,0.0
S30,early_gradual,alpha_global,8.958333333333334,1.6544844636864104,1.0,0.0,8.958333333333334,1.6544844636864104,0.0,0.25,0.8333333333333334,2.8333333333333335,1.75,0.6099609375,0.16666666666666666,0.6,0.0,0.0,0.0,0.0,0.041666666666666664,0.08333333333333333,0.041666666666666664,0.16666666666666666,0.16666666666666666,0.375,0.125,0.0
S30,early_gradual,beta_global,9.041666666666666,1.6544844636864107,1.0,0.0,9.041666666666666,1.6544844636864107,0.0,0.20833333333333334,0.8,3.0,1.5238095238095237,0.5373883928571429,0.125,0.5238095238095238,0.0,0.0,0.0,0.0,0.041666666666666664,0.041666666666666664,0.125,0.08333333333333333,0.20833333333333334,0.3333333333333333,0.16666666666666666,0.0
S30,early_gradual,mu_central,9.25,1.4521348601882378,1.0,0.0,9.25,1.4521348601882378,0.0,0.20833333333333334,0.6,2.6,1.9545454545454546,0.6734730113636364,0.08333333333333333,0.45454545454545453,0.0,0.0,0.0,0.0,0.0,0.08333333333333333,0.041666666666666664,0.125,0.20833333333333334,0.375,0.16666666666666666,0.0
S30,early_gradual,beta_central,8.791666666666666,1.3824731042801415,1.0,0.0,8.791666666666666,1.3824731042801415,0.0,0.25,0.6666666666666666,2.0,1.9545454545454546,0.6635298295454546,0.08333333333333333,0.5909090909090909,0.0,0.0,0.0,0.0,0.0,0.041666666666666664,0.16666666666666666,0.16666666666666666,0.3333333333333333,0.16666666666666666,0.125,0.0
S30,late_gradual,gait,9.041666666666666,1.3666578295932035,1.0833333333333333,0.28232985128663995,8.958333333333334,1.5736738147920994,0.08333333333333333,0.16666666666666666,0.75,2.5,2.0454545454545454,0.6619318181818182,0.08333333333333333,0.5,0.0,0.0,0.0,0.041666666666666664,0.041666666666666664,0.041666666666666664,0.08333333333333333,0.125,0.3333333333333333,0.3333333333333333,0.08333333333333333,0.0
S30,late_gradual,theta_global,9.458333333333334,1.141287094417552,1.0,0.0,9.458333333333334,1.141287094417552,0.0,0.25,0.5,1.6666666666666667,1.6666666666666667,0.5639880952380952,0.125,0.47619047619047616,0.0,0.0,0.0,0.0,0.0,0.041666666666666664,0.041666666666666664,0.041666666666666664,0.25,0.5416666666666666,0.08333333333333333,0.0
S30,late_gradual,alpha_global,8.791666666666666,1.5597983890531344,1.0416666666666667,0.2041241452319315,8.75,1.6484511834894675,0.041666666666666664,0.2916666666666667,0.7142857142857143,2.5714285714285716,2.65,0.90234375,0.16666666666666666,0.55,0.0,0.0,0.0,0.0,0.041666666666666664,0.125,0.125,0.08333333333333333,0.25,0.3333333333333333,0.08333333333333333,0.0
S30,late_gradual,beta_global,8.708333333333334,1.8528278426483,1.0,0.0,8.708333333333334,1.8528278426483,0.0,0.25,0.8333333333333334,2.8333333333333335,2.0,0.7042410714285714,0.125,0.6190476190476191,0.0,0.0,0.0,0.041666666666666664,0.0,0.125,0.08333333333333333,0.125,0.125,0.4166666666666667,0.08333333333333333,0.0
S30,late_gradual,mu_central,9.333333333333334,1.307725096316589,1.0,0.0,9.333333333333334,1.307725096316589,0.0,0.25,0.5,1.8333333333333333,1.5909090909090908,0.5289417613636364,0.08333333333333333,0.5454545454545454,0.0,0.0,0.0,0.0,0.041666666666666664,0.0,0.0,0.16666666666666666,0.25,0.4166666666666667,0.125,0.0
S30,late_gradual,beta_central,9.125,1.226961606004318,1.0,0.0,9.125,1.226961606004318,0.0,0.25,0.5,1.8333333333333333,2.3,0.82109375,0.16666666666666666,0.5,0.0,0.0,0.0,0.0,0.0,0.041666666666666664,0.08333333333333333,0.08333333333333333,0.375,0.3333333333333333,0.08333333333333333,0.0
S31,baseline,gait,9.041666666666666,1.4288690166235205,1.0,0.0,9.041666666666666,1.4288690166235205,0.0,0.3333333333333333,0.625,1.875,1.9090909090909092,0.6262428977272727,0.08333333333333333,0.5909090909090909,0.0,0.0,0.0,0.0,0.0,0.041666666666666664,0.16666666666666666,0.08333333333333333,0.25,0.3333333333333333,0.125,0.0
S31,baseline,theta_global,9.083333333333334,1.5857152183236396,1.0,0.0,9.083333333333334,1.5857152183236396,0.0,0.3333333333333333,0.375,1.75,2.1904761904761907,0.7492559523809523,0.125,0.6190476190476191,0.0,0.0,0.0,0.0,0.041666666666666664,0.0,0.16666666666666666,0.08333333333333333,0.20833333333333334,0.3333333333333333,0.16666666666666666,0.0
S31,baseline,alpha_global,9.0,1.2510864843424485,1.0,0.0,9.0,1.2510864843424485,0.0,0.2916666666666667,0.7142857142857143,2.0,1.6363636363636365,0.5005326704545454,0.08333333333333333,0.5454545454545454,0.0,0.0,0.0,0.0,0.0,0.041666666666666664,0.041666666666666664,0.25,0.3333333333333333,0.20833333333333334,0.125,0.0
S31,baseline,beta_global,9.083333333333334,1.3805061033726997,1.0416666666666667,0.2041241452319315,9.041666666666666,1.5174110293140939,0.041666666666666664,0.16666666666666666,0.75,3.0,1.7727272727272727,0.6278409090909091,0.08333333333333333,0.45454545454545453,0.0,0.0,0.0,0.041666666666666664,0.041666666666666664,0.0,0.041666666666666664,0.20833333333333334,0.2916666666666667,0.2916666666666667,0.125,0.0
S31,baseline,mu_central,9.166666666666666,1.090140264874869,1.0,0.0,9.166666666666666,1.090140264874869,0.0,0.2916666666666667,0.7142857142857143,2.0,2.142857142857143,0.6921502976190477,0.125,0.5714285714285714,0.0,0.0,0.0,0.0,0.0,0.0,0.08333333333333333,0.16666666666666666,0.3333333333333333,0.3333333333333333,0.08333333333333333,0.0
S31,baseline,beta_central,9.083333333333334,1.717345440591042,1.0416666666666667,0.2041241452319315,9.041666666666666,1.8292114401439827,0.041666666666666664,0.2916666666666667,0.5714285714285714,2.4285714285714284,1.8095238095238095,0.6290922619047619,0.125,0.6190476190476191,0.0,0.0,0.0,0.041666666666666664,0.08333333333333333,0.0,0.08333333333333333,0.125,0.16666666666666666,0.375,0.16666666666666666,0.0
S31,early_abrupt,gait,8.958333333333334,1.458980187804412,1.0,0.0,8.958333333333334,1.458980187804412,0.0,0.25,0.8333333333333334,2.3333333333333335,1.7142857142857142,0.57421875,0.125,0.5714285714285714,0.0,0.0,0.0,0.0,0.0,0.041666666666666664,0.125,0.25,0.16666666666666666,0.25,0.16666666666666666,0.0
S31,early_abrupt,theta_global,9.208333333333334,1.5316704909195136,1.0833333333333333,0.408248290463863,9.125,1.8012676695569996,0.041666666666666664,0.25,0.8333333333333334,2.6666666666666665,1.65,0.5994140625,0.16666666666666666,0.5,0.0,0.0,0.041666666666666664,0.041666666666666664,0.041666666666666664,0.0,0.125,0.08333333333333333,0.20833333333333334,0.375,0.16666666666666666,0.0
S31,early_abrupt,alpha_global,9.041666666666666,1.4288690166235205,1.0,0.0,9.041666666666666,1.4288690166235205,0.0,0.25,0.6666666666666666,1.8333333333333333,1.619047619047619,0.5286458333333334,0.125,0.42857142857142855,0.0,0.0,0.0,0.0,0.0,0.08333333333333333,0.041666666666666664,0.20833333333333334,0.20833333333333334,0.3333333333333333,0.125,0.0
S31,early_abrupt,beta_global,9.25,1.5673294928413855,1.0,0.0,9.25,1.5673294928413855,0.0,0.16666666666666666,0.75,3.0,1.3333333333333333,0.42931547619047616,0.125,0.47619047619047616,0.0,0.0,0.0,0.0,0.041666666666666664,0.041666666666666664,0.041666666666666664,0.08333333333333333,0.2916666666666667,0.2916666666666667,0.20833333333333334,0.0
S31,early_abrupt,mu_central,9.041666666666666,1.6544844636864107,1.0,0.0,9.041666666666666,1.6544844636864107,0.0,0.2916666666666667,0.5714285714285714,2.4285714285714284,1.8636363636363635,0.5848721590909091,0.08333333333333333,0.6818181818181818,0.0,0.0,0.0,0.041666666666666664,0.0,0.041666666666666664,0.08333333333333333,0.041666666666666664,0.3333333333333333,0.3333333333333333,0.125,0.0
S31,early_abrupt,beta_central,8.875,1.9406968716999795,1.0,0.0,8.875,1.9406968716999795,0.0,0.25,0.8333333333333334,2.6666666666666665,2.090909090909091,0.7009943181818182,0.08333333333333333,0.6363636363636364,0.0,0.0,0.0,0.041666666666666664,0.041666666666666664,0.08333333333333333,0.041666666666666664,0.08333333333333333,0.16666666666666666,0.4166666666666667,0.125,0.0
S31,late_abrupt,gait,9.125,1.190998850070631,1.0,0.0,9.125,1.190998850070631,0.0,0.25,0.6666666666666666,2.1666666666666665,2.0476190476190474,0.6768973214285714,0.125,0.47619047619047616,0.0,0.0,0.0,0.0,0.0,0.0,0.125,0.16666666666666666,0.25,0.375,0.08333333333333333,0.0
S31,late_abrupt,theta_global,9.166666666666666,1.4039282363260677,1.0,0.0,9.166666666666666,1.4039282363260677,0.0,0.20833333333333334,0.8,2.4,1.619047619047619,0.5178571428571429,0.125,0.5238095238095238,0.0,0.0,0.0,0.0,0.041666666666666664,0.0,0.041666666666666664,0.16666666666666666,0.3333333333333333,0.25,0.16666666666666666,0.0
S31,late_abrupt,alpha_global,9.5,0.9780192938436515,1.0,0.0,9.5,0.9780192938436515,0.0,0.25,0.6666666666666666,1.8333333333333333,1.7727272727272727,0.6086647727272727,0.08333333333333333,0.4090909090909091,0.0,0.0,0.0,0.0,0.0,0.0,0.0,0.16666666666666666,0.3333333333333333,0.3333333333333333,0.16666666666666666,0.0
S31,late_abrupt,beta_global,9.5,1.06321906614239,1.0,0.0,9.5,1.06321906614239,0.0,0.25,0.16666666666666666,1.3333333333333333,1.2857142857142858,0.42615327380952384,0.125,0.38095238095238093,0.0,0.0,0.0,0.0,0.0,0.041666666666666664,0.0,0.041666666666666664,0.375,0.4166666666666667,0.125,0.0
S31,late_abrupt,mu_central,9.458333333333334,1.062366786192884,1.0,0.0,9.458333333333334,1.062366786192884,0.0,0.16666666666666666,0.5,1.5,1.9090909090909092,0.6173650568181818,0.08333333333333333,0.36363636363636365,0.0,0.0,0.0,0.0,0.0,0.0,0.041666666666666664,0.16666666666666666,0.20833333333333334,0.4583333333333333,0.125,0.0
S31,late_abrupt,beta_central,9.333333333333334,1.5788456616111677,1.0,0.0,9.333333333333334,1.5788456616111677,0.0,0.20833333333333334,0.4,1.6,2.0869565217391304,0.6426630434782609,0.041666666666666664,0.4782608695652174,0.0,0.0,0.0,0.041666666666666664,0.0,0.0,0.041666666666666664,0.125,0.25,0.3333333333333333,0.20833333333333334,0.0
S31,early_gradual,gait,9.0,1.3513278493843524,1.0833333333333333,0.408248290463863,8.916666666666666,1.5857152183236398,0.041666666666666664,0.2916666666666667,0.42857142857142855,1.8571428571428572,1.4,0.4498046875,0.16666666666666666,0.5,0.0,0.0,0.0,0.041666666666666664,0.041666666666666664,0.041666666666666664,0.041666666666666664,0.3333333333333333,0.20833333333333334,0.20833333333333334,0.16666666666666666,0.0
S31,early_gradual,theta_global,9.5,1.0215078369104984,1.0,0.0,9.5,1.0215078369104984,0.0,0.20833333333333334,0.4,1.4,1.5454545454545454,0.5205965909090909,0.08333333333333333,0.4090909090909091,0.0,0.0,0.0,0.0,0.0,0.0,0.041666666666666664,0.08333333333333333,0.375,0.3333333333333333,0.16666666666666666,0.0
S31,early_gradual,alpha_global,9.208333333333334,1.1025333147551268,1.0,0.0,9.208333333333334,1.1025333147551268,0.0,0.2916666666666667,0.42857142857142855,1.7142857142857142,1.8095238095238095,0.6106770833333334,0.125,0.47619047619047616,0.0,0.0,0.0,0.0,0.0,0.0,0.041666666666666664,0.25,0.2916666666666667,0.2916666666666667,0.125,0.0
S31,early_gradual,beta_global,9.458333333333334,1.4738050920238275,1.0,0.0,9.458333333333334,1.4738050920238275,0.0,0.20833333333333334,0.2,1.8,1.380952380952381,0.49460565476190477,0.125,0.3333333333333333,0.0,0.0,0.0,0.041666666666666664,0.0,0.0,0.0,0.08333333333333333,0.3333333333333333,0.3333333333333333,0.20833333333333334,0.0
S31,early_gradual,mu_central,8.583333333333334,2.1852602405298507,1.125,0.3378319623460881,8.458333333333334,2.449119924747888,0.125,0.2916666666666667,0.8571428571428571,3.4285714285714284,3.0454545454545454,0.9534801136363636,0.08333333333333333,0.6818181818181818,0.0,0.0,0.08333333333333333,0.125,0.08333333333333333,0.0,0.08333333333333333,0.125,0.125,0.375,0.125,0.0
S31,early_gradual,beta_central,9.333333333333334,1.2394482175782782,1.0,0.0,9.333333333333334,1.2394482175782782,0.0,0.25,0.5,1.8333333333333333,1.9523809523809523,0.6722470238095238,0.125,0.5238095238095238,0.0,0.0,0.0,0.0,0.0,0.041666666666666664,0.041666666666666664,0.08333333333333333,0.375,0.2916666666666667,0.16666666666666666,0.0
S31,late_gradual,gait,8.875,1.0759222535351585,1.0,0.0,8.875,1.0759222535351585,0.0,0.25,1.0,2.3333333333333335,1.9545454545454546,0.6301491477272727,0.08333333333333333,0.5909090909090909,0.0,0.0,0.0,0.0,0.0,0.0,0.125,0.25,0.25,0.375,0.0,0.0
S31,late_gradual,theta_global,9.541666666666666,1.062366786192884,1.0,0.0,9.541666666666666,1.062366786192884,0.0,0.20833333333333334,0.2,1.4,1.380952380952381,0.46595982142857145,0.125,0.38095238095238093,0.0,0.0,0.0,0.0,0.0,0.0,0.041666666666666664,0.08333333333333333,0.375,0.2916666666666667,0.20833333333333334,0.0
S31,late_gradual,alpha_global,9.416666666666666,1.282547284209001,1.0,0.0,9.416666666666666,1.282547284209001,0.0,0.16666666666666666,0.75,2.25,1.0952380952380953,0.3664434523809524,0.125,0.3333333333333333,0.0,0.0,0.0,0.0,0.0,0.041666666666666664,0.08333333333333333,0.041666666666666664,0.20833333333333334,0.5,0.125,0.0
S31,late_gradual,beta_global,9.5,1.06321906614239,1.0,0.0,9.5,1.06321906614239,0.0,0.16666666666666666,0.5,1.75,1.8181818181818181,0.6104403409090909,0.08333333333333333,0.36363636363636365,0.0,0.0,0.0,0.0,0.0,0.0,0.08333333333333333,0.041666666666666664,0.2916666666666667,0.4583333333333333,0.125,0.0
S31,late_gradual,mu_central,8.583333333333334,2.019829236576087,1.0,0.0,8.583333333333334,2.019829236576087,0.0,0.2916666666666667,0.5714285714285714,2.0,1.9545454545454546,0.6276633522727273,0.08333333333333333,0.6363636363636364,0.0,0.0,0.0,0.041666666666666664,0.08333333333333333,0.08333333333333333,0.041666666666666664,0.08333333333333333,0.20833333333333334,0.375,0.08333333333333333,0.0
S31,late_gradual,beta_central,9.291666666666666,1.1970676733137326,1.0,0.0,9.291666666666666,1.1970676733137326,0.0,0.25,0.6666666666666666,2.0,2.090909090909091,0.6844815340909091,0.08333333333333333,0.45454545454545453,0.0,0.0,0.0,0.0,0.0,0.0,0.08333333333333333,0.16666666666666666,0.2916666666666667,0.2916666666666667,0.16666666666666666,0.0
S32,baseline,gait,9.291666666666666,1.3981094896064243,1.0,0.0,9.291666666666666,1.3981094896064243,0.0,0.25,0.6666666666666666,2.0,2.0,0.673233695652174,0.041666666666666664,0.4782608695652174,0.0,0.0,0.0,0.0,0.0,0.08333333333333333,0.041666666666666664,0.08333333333333333,0.20833333333333334,0.4583333333333333,0.125,0.0
S32,baseline,theta_global,9.083333333333334,1.316010660280157,1.0,0.0,9.083333333333334,1.316010660280157,0.0,0.2916666666666667,0.5714285714285714,2.0,2.0869565217391304,0.6902173913043478,0.041666666666666664,0.5652173913043478,0.0,0.0,0.0,0.0,0.0,0.041666666666666664,0.125,0.08333333333333333,0.2916666666666667,0.375,0.08333333333333333,0.0
S32,baseline,alpha_global,9.0,1.6681153124565982,1.0,0.0,9.0,1.6681153124565982,0.0,0.25,0.8333333333333334,2.8333333333333335,1.8095238095238095,0.6090029761904762,0.125,0.5238095238095238,0.0,0.0,0.0,0.041666666666666664,0.0,0.08333333333333333,0.041666666666666664,0.0,0.375,0.375,0.08333333333333333,0.0
S32,baseline,beta_global,9.208333333333334,1.3824731042801415,1.0,0.0,9.208333333333334,1.3824731042801415,0.0,0.25,0.8333333333333334,2.3333333333333335,2.142857142857143,0.7373511904761905,0.125,0.5714285714285714,0.0,0.0,0.0,0.0,0.0,0.041666666666666664,0.08333333333333333,0.16666666666666666,0.20833333333333334,0.3333333333333333,0.16666666666666666,0.0
S32,baseline,mu_central,9.333333333333334,1.203858530857692,1.0,0.0,9.333333333333334,1.203858530857692,0.0,0.20833333333333334,0.4,1.4,2.3043478260869565,0.7065217391304348,0.041666666666666664,0.5217391304347826,0.0,0.0,0.0,0.0,0.0,0.041666666666666664,0.041666666666666664,0.08333333333333333,0.3333333333333333,0.375,0.125,0.0
S32,baseline,beta_central,9.166666666666666,1.307725096316589,1.0,0.0,9.166666666666666,1.307725096316589,0.0,0.2916666666666667,0.5714285714285714,2.142857142857143,1.75,0.569140625,0.16666666666666666,0.6,0.0,0.0,0.0,0.0,0.0,0.041666666666666664,0.041666666666666664,0.25,0.16666666666666666,0.375,0.125,0.0
S32,early_abrupt,gait,9.166666666666666,1.3726099121798927,1.0,0.0,9.166666666666666,1.3726099121798927,0.0,0.16666666666666666,0.75,2.75,2.227272727272727,0.7267400568181818,0.08333333333333333,0.4090909090909091,0.0,0.0,0.0,0.0,0.0,0.041666666666666664,0.08333333333333333,0.16666666666666666,0.25,0.2916666666666667,0.16666666666666666,0.0
S32,early_abrupt,theta_global,9.166666666666666,1.4345630047135447,1.0,0.0,9.166666666666666,1.4345630047135447,0.0,0.2916666666666667,0.7142857142857143,2.2857142857142856,2.3181818181818183,0.8343394886363636,0.08333333333333333,0.5454545454545454,0.0,0.0,0.0,0.0,0.041666666666666664,0.0,0.08333333333333333,0.125,0.25,0.375,0.125,0.0
S32,early_abrupt,alpha_global,9.333333333333334,1.12931940514656,1.0,0.0,9.333333333333334,1.12931940514656,0.0,0.20833333333333334,1.0,2.2,1.6363636363636365,0.5294744318181818,0.08333333333333333,0.4090909090909091,0.0,0.0,0.0,0.0,0.0,0.0,0.041666666666666664,0.20833333333333334,0.2916666666666667,0.2916666666666667,0.16666666666666666,0.0
S32,early_abrupt,beta_global,8.958333333333334,1.2328534123049195,1.0416666666666667,0.2041241452319315,8.916666666666666,1.3486439781165913,0.041666666666666664,0.20833333333333334,1.0,2.6,1.35,0.4912109375,0.16666666666666666,0.45,0.0,0.0,0.0,0.0,0.041666666666666664,0.08333333333333333,0.0,0.16666666666666666,0.4583333333333333,0.20833333333333334,0.08333333333333333,0.0
S32,early_abrupt,mu_central,9.125,1.3290238326779873,1.0,0.0,9.125,1.3290238326779873,0.0,0.20833333333333334,0.8,2.0,1.5238095238095237,0.5234375,0.125,0.47619047619047616,0.0,0.0,0.0,0.0,0.0,0.041666666666666664,0.08333333333333333,0.16666666666666666,0.25,0.3333333333333333,0.125,0.0
S32,early_abrupt,beta_central,9.208333333333334,1.5597983890531344,1.0,0.0,9.208333333333334,1.5597983890531344,0.0,0.25,0.6666666666666666,2.5,2.3181818181818183,0.8013139204545454,0.08333333333333333,0.45454545454545453,0.0,0.0,0.0,0.041666666666666664,0.0,0.041666666666666664,0.0,0.08333333333333333,0.3333333333333333,0.375,0.125,0.0
S32,late_abrupt,gait,8.875,1.1539158284426272,1.0,0.0,8.875,1.1539158284426272,0.0,0.20833333333333334,0.6,1.8,1.7391304347826086,0.5920516304347826,0.041666666666666664,0.4782608695652174,0.0,0.0,0.0,0.0,0.0,0.041666666666666664,0.0,0.375,0.2916666666666667,0.20833333333333334,0.08333333333333333,0.0
S32,late_abrupt,theta_global,9.125,1.1539158284426272,1.0,0.0,9.125,1.1539158284426272,0.0,0.25,0.8333333333333334,2.3333333333333335,1.6363636363636365,0.5158025568181818,0.08333333333333333,0.5454545454545454,0.0,0.0,0.0,0.0,0.0,0.041666666666666664,0.08333333333333333,0.041666666666666664,0.4166666666666667,0.375,0.041666666666666664,0.0
S32,late_abrupt,alpha_global,9.208333333333334,1.5316704909195136,1.0,0.0,9.208333333333334,1.5316704909195136,0.0,0.20833333333333334,0.8,2.8,1.9523809523809523,0.6082589285714286,0.125,0.47619047619047616,0.0,0.0,0.0,0.0,0.041666666666666664,0.041666666666666664,0.0,0.16666666666666666,0.2916666666666667,0.25,0.20833333333333334,0.0
S32,late_abrupt,beta_global,9.0,1.5603789952109879,1.0,0.0,9.0,1.5603789952109879,0.0,0.25,0.8333333333333334,2.8333333333333335,1.95,0.6671875,0.16666666666666666,0.65,0.0,0.0,0.0,0.0,0.041666666666666664,0.041666666666666664,0.041666666666666664,0.20833333333333334,0.25,0.25,0.16666666666666666,0.0
S32,late_abrupt,mu_central,9.083333333333334,1.2481870911416901,1.0,0.0,9.083333333333334,1.2481870911416901,0.0,0.2916666666666667,0.8571428571428571,2.0,1.8695652173913044,0.6613451086956522,0.041666666666666664,0.6086956521739131,0.0,0.0,0.0,0.0,0.0,0.041666666666666664,0.041666666666666664,0.20833333333333334,0.3333333333333333,0.25,0.125,0.0
S32,late_abrupt,beta_central,8.958333333333334,1.9886453039512946,1.0,0.0,8.958333333333334,1.9886453039512946,0.0,0.25,0.8333333333333334,3.3333333333333335,2.0,0.6450892857142857,0.125,0.6190476190476191,0.0,0.0,0.041666666666666664,0.0,0.041666666666666664,0.041666666666666664,0.041666666666666664,0.08333333333333333,0.25,0.3333333333333333,0.16666666666666666,0.0
S32,early_gradual,gait,8.791666666666666,1.062366786192884,1.0833333333333333,0.408248290463863,8.708333333333334,1.3344650993747553,0.041666666666666664,0.25,0.6666666666666666,1.8333333333333333,1.85,0.5931640625,0.16666666666666666,0.4,0.0,0.0,0.0,0.041666666666666664,0.041666666666666664,0.041666666666666664,0.08333333333333333,0.16666666666666666,0.4583333333333333,0.25,0.0,0.0
S32,early_gradual,theta_global,9.208333333333334,1.5597983890531346,1.0,0.0,9.208333333333334,1.5597983890531346,0.0,0.20833333333333334,0.6,2.2,1.85,0.6130859375,0.16666666666666666,0.5,0.0,0.0,0.0,0.041666666666666664,0.0,0.041666666666666664,0.0,0.08333333333333333,0.3333333333333333,0.375,0.125,0.0
S32,early_gradual,alpha_global,8.708333333333334,1.4884823513044847,1.0,0.0,8.708333333333334,1.4884823513044847,0.0,0.2916666666666667,0.7142857142857143,2.4285714285714284,1.9047619047619047,0.64453125,0.125,0.7142857142857143,0.0,0.0,0.0,0.0,0.041666666666666664,0.041666666666666664,0.125,0.16666666666666666,0.25,0.3333333333333333,0.041666666666666664,0.0
S32,early_gradual,beta_global,9.375,1.1349200316590018,1.0,0.0,9.375,1.1349200316590018,0.0,0.25,0.5,1.6666666666666667,2.0,0.6830357142857143,0.125,0.47619047619047616,0.0,0.0,0.0,0.0,0.0,0.0,0.041666666666666664,0.20833333333333334,0.25,0.3333333333333333,0.16666666666666666,0.0
S32,early_gradual,mu_central,9.541666666666666,1.1025333147551268,1.0,0.0,9.541666666666666,1.1025333147551268,0.0,0.20833333333333334,0.6,1.8,1.8636363636363635,0.6012073863636364,0.08333333333333333,0.45454545454545453,0.0,0.0,0.0,0.0,0.0,0.041666666666666664,0.0,0.08333333333333333,0.25,0.5,0.125,0.0
S32,early_gradual,beta_central,9.333333333333334,1.2740441145412122,1.0,0.0,9.333333333333334,1.2740441145412122,0.0,0.20833333333333334,0.6,1.6,1.5714285714285714,0.5111607142857143,0.125,0.38095238095238093,0.0,0.0,0.0,0.0,0.0,0.041666666666666664,0.041666666666666664,0.08333333333333333,0.4166666666666667,0.20833333333333334,0.20833333333333334,0.0
S32,late_gradual,gait,9.125,1.2618998788920721,1.0,0.0,9.125,1.2618998788920721,0.0,0.16666666666666666,0.75,2.5,1.619047619047619,0.5554315476190477,0.125,0.42857142857142855,0.0,0.0,0.0,0.0,0.0,0.041666666666666664,0.08333333333333333,0.125,0.2916666666666667,0.375,0.08333333333333333,0.0
S32,late_gradual,theta_global,9.041666666666666,1.2676293062133797,1.0,0.0,9.041666666666666,1.2676293062133797,0.0,0.25,0.3333333333333333,1.3333333333333333,1.5714285714285714,0.49014136904761907,0.125,0.42857142857142855,0.0,0.0,0.0,0.0,0.041666666666666664,0.0,0.041666666666666664,0.16666666666666666,0.3333333333333333,0.375,0.041666666666666664,0.0
S32,late_gradual,alpha_global,9.541666666666666,0.8836272412331317,1.0,0.0,9.541666666666666,0.8836272412331317,0.0,0.16666666666666666,0.75,1.75,1.8636363636363635,0.6100852272727273,0.08333333333333333,0.36363636363636365,0.0,0.0,0.0,0.0,0.0,0.0,0.0,0.125,0.3333333333333333,0.4166666666666667,0.125,0.0
S32,late_gradual,beta_global,8.375,1.8132963018384143,1.0,0.0,8.375,1.8132963018384143,0.0,0.25,0.8333333333333334,3.3333333333333335,2.142857142857143,0.7682291666666666,0.125,0.47619047619047616,0.0,0.0,0.0,0.0,0.08333333333333333,0.041666666666666664,0.25,0.125,0.16666666666666666,0.20833333333333334,0.125,0.0
S32,late_gradual,mu_central,8.875,1.701980943029264,1.0416666666666667,0.2041241452319315,8.833333333333334,1.8097962092016273,0.041666666666666664,0.3333333333333333,0.75,2.75,1.75,0.603515625,0.16666666666666666,0.8,0.0,0.0,0.0,0.041666666666666664,0.041666666666666664,0.08333333333333333,0.08333333333333333,0.16666666666666666,0.125,0.375,0.125,0.0
S32,late_gradual,beta_central,8.791666666666666,1.2846642825425558,1.0,0.0,8.791666666666666,1.2846642825425558,0.0,0.125,1.0,3.3333333333333335,2.1739130434782608,0.7267323369565217,0.041666666666666664,0.43478260869565216,0.0,0.0,0.0,0.0,0.0,0.041666666666666664,0.16666666666666666,0.125,0.3333333333333333,0.2916666666666667,0.041666666666666664,0.0
S33,baseline,gait,8.75,1.5673294928413855,1.1666666666666667,0.5646597025732799,8.583333333333334,1.9763089590064797,0.08333333333333333,0.2916666666666667,0.7142857142857143,2.857142857142857,1.95,0.6388671875,0.16666666666666666,0.75,0.0,0.0,0.041666666666666664,0.08333333333333333,0.08333333333333333,0.08333333333333333,0.08333333333333333,0.08333333333333333,0.375,0.25,0.08333333333333333,0.0
S33,baseline,theta_global,9.375,1.1726039399558574,1.0,0.0,9.375,1.1726039399558574,0.0,0.2916666666666667,0.5714285714285714,1.7142857142857142,1.9090909090909092,0.6511008522727273,0.08333333333333333,0.45454545454545453,0.0,0.0,0.0,0.0,0.0,0.041666666666666664,0.0,0.125,0.375,0.2916666666666667,0.16666666666666666,0.0
S33,baseline,alpha_global,9.125,1.541103500742244,1.0,0.0,9.125,1.541103500742244,0.0,0.2916666666666667,0.5714285714285714,2.4285714285714284,2.1904761904761907,0.6502976190476191,0.125,0.47619047619047616,0.0,0.0,0.0,0.0,0.041666666666666664,0.041666666666666664,0.08333333333333333,0.041666666666666664,0.2916666666666667,0.375,0.125,0.0
S33,baseline,beta_global,8.916666666666666,1.5580552724098262,1.0,0.0,8.916666666666666,1.5580552724098262,0.0,0.25,0.6666666666666666,2.3333333333333335,1.6,0.55234375,0.16666666666666666,0.5,0.0,0.0,0.0,0.041666666666666664,0.0,0.041666666666666664,0.041666666666666664,0.08333333333333333,0.5,0.16666666666666666,0.125,0.0
S33,baseline,mu_central,9.291666666666666,1.2328534123049195,1.0,0.0,9.291666666666666,1.2328534123049195,0.0,0.3333333333333333,0.375,1.5,2.272727272727273,0.7352627840909091,0.08333333333333333,0.5909090909090909,0.0,0.0,0.0,0.0,0.0,0.041666666666666664,0.041666666666666664,0.125,0.2916666666666667,0.375,0.125,0.0
S33,baseline,beta_central,8.916666666666666,1.6396358733271998,1.0,0.0,8.916666666666666,1.6396358733271998,0.0,0.2916666666666667,0.8571428571428571,2.7142857142857144,1.55,0.5169921875,0.16666666666666666,0.6,0.0,0.0,0.0,0.041666666666666664,0.0,0.041666666666666664,0.041666666666666664,0.20833333333333334,0.25,0.2916666666666667,0.125,0.0
S33,early_abrupt,gait,8.666666666666666,1.9261736493723072,1.0,0.0,8.666666666666666,1.9261736493723072,0.0,0.20833333333333334,0.6,3.4,1.9090909090909092,0.6321022727272727,0.08333333333333333,0.6818181818181818,0.0,0.0,0.0,0.041666666666666664,0.041666666666666664,0.08333333333333333,0.041666666666666664,0.16666666666666666,0.25,0.20833333333333334,0.16666666666666666,0.0
S33,early_abrupt,theta_global,9.333333333333334,1.3726099121798927,1.0,0.0,9.333333333333334,1.3726099121798927,0.0,0.20833333333333334,0.8,1.8,2.0,0.7063519021739131,0.041666666666666664,0.5217391304347826,0.0,0.0,0.0,0.0,0.041666666666666664,0.0,0.041666666666666664,0.08333333333333333,0.3333333333333333,0.3333333333333333,0.16666666666666666,0.0
S33,early_abrupt,alpha_global,8.708333333333334,2.0103896803024695,1.0,0.0,8.708333333333334,2.0103896803024695,0.0,0.2916666666666667,0.7142857142857143,3.0,1.7619047619047619,0.5587797619047619,0.125,0.5238095238095238,0.0,0.0,0.0,0.041666666666666664,0.041666666666666664,0.08333333333333333,0.125,0.08333333333333333,0.08333333333333333,0.4166666666666667,0.125,0.0
S33,early_abrupt,beta_global,8.666666666666666,1.7856107630448046,1.0416666666666667,0.2041241452319315,8.625,1.8606333657491823,0.041666666666666664,0.20833333333333334,0.4,2.4,2.0476190476190474,0.6398809523809523,0.125,0.47619047619047616,0.0,0.0,0.0,0.0,0.08333333333333333,0.125,0.16666666666666666,0.041666666666666664,0.08333333333333333,0.5,0.041666666666666664,0.0
S33,early_abrupt,mu_central,8.916666666666666,1.2481870911416901,1.0,0.0,8.916666666666666,1.2481870911416901,0.0,0.16666666666666666,0.75,2.5,2.2857142857142856,0.7803199404761905,0.125,0.42857142857142855,0.0,0.0,0.0,0.0,0.0,0.041666666666666664,0.08333333333333333,0.25,0.20833333333333334,0.375,0.041666666666666664,0.0
S33,early_abrupt,beta_central,9.125,1.226961606004318,1.0,0.0,9.125,1.226961606004318,0.0,0.20833333333333334,0.4,2.0,1.9545454545454546,0.6209161931818182,0.08333333333333333,0.45454545454545453,0.0,0.0,0.0,0.0,0.0,0.0,0.125,0.16666666666666666,0.2916666666666667,0.2916666666666667,0.125,0.0
S33,late_abrupt,gait,8.875,1.5690623065191294,1.0,0.0,8.875,1.5690623065191294,0.0,0.25,0.3333333333333333,1.6666666666666667,2.4347826086956523,0.8101222826086957,0.041666666666666664,0.5217391304347826,0.0,0.0,0.0,0.041666666666666664,0.0,0.041666666666666664,0.041666666666666664,0.20833333333333334,0.20833333333333334,0.4166666666666667,0.041666666666666664,0.0
S33,late_abrupt,theta_global,9.041666666666666,1.0417028979206266,1.0,0.0,9.041666666666666,1.0417028979206266,0.0,0.2916666666666667,0.42857142857142855,1.7142857142857142,1.7619047619047619,0.6341145833333334,0.125,0.5714285714285714,0.0,0.0,0.0,0.0,0.0,0.0,0.08333333333333333,0.16666666666666666,0.4583333333333333,0.20833333333333334,0.08333333333333333,0.0
S33,late_abrupt,alpha_global,9.458333333333334,1.2150922908825974,1.0,0.0,9.458333333333334,1.2150922908825974,0.0,0.20833333333333334,0.4,1.8,1.619047619047619,0.5362723214285714,0.125,0.3333333333333333,0.0,0.0,0.0,0.0,0.0,0.0,0.08333333333333333,0.125,0.25,0.3333333333333333,0.20833333333333334,0.0
S33,late_abrupt,beta_global,9.166666666666666,1.0072203103706698,1.0,0.0,9.166666666666666,1.0072203103706698,0.0,0.25,0.5,1.5,1.5909090909090908,0.5772372159090909,0.08333333333333333,0.45454545454545453,0.0,0.0,0.0,0.0,0.0,0.0,0.041666666666666664,0.20833333333333334,0.375,0.2916666666666667,0.08333333333333333,0.0
S33,late_abrupt,mu_central,9.083333333333334,1.8395809226599662,1.0,0.0,9.083333333333334,1.8395809226599662,0.0,0.25,0.6666666666666666,2.0,1.6363636363636365,0.5786576704545454,0.08333333333333333,0.5454545454545454,0.0,0.0,0.0,0.041666666666666664,0.0,0.041666666666666664,0.125,0.125,0.08333333333333333,0.375,0.20833333333333334,0.0
S33,late_abrupt,beta_central,8.833333333333334,1.7362294645648622,1.0,0.0,8.833333333333334,1.7362294645648622,0.0,0.2916666666666667,0.8571428571428571,2.4285714285714284,1.7619047619047619,0.5751488095238095,0.125,0.5238095238095238,0.0,0.0,0.0,0.041666666666666664,0.041666666666666664,0.0,0.041666666666666664,0.25,0.20833333333333334,0.2916666666666667,0.125,0.0
S33,early_gradual,gait,8.708333333333334,1.6010639578422372,1.25,0.6756639246921762,8.458333333333334,2.1865033961668745,0.125,0.25,0.5,3.0,1.8571428571428572,0.6060267857142857,0.125,0.5714285714285714,0.0,0.0,0.08333333333333333,0.125,0.125,0.041666666666666664,0.041666666666666664,0.125,0.4166666666666667,0.20833333333333334,0.08333333333333333,0.0
S33,early_gradual,theta_global,9.125,1.596531566702726,1.0,0.0,9.125,1.596531566702726,0.0,0.20833333333333334,1.0,2.6,2.391304347826087,0.7917798913043478,0.041666666666666664,0.5217391304347826,0.0,0.0,0.0,0.0,0.041666666666666664,0.041666666666666664,0.08333333333333333,0.08333333333333333,0.25,0.3333333333333333,0.16666666666666666,0.0
S33,early_gradual,alpha_global,8.958333333333334,1.9444271910897757,1.0,0.0,8.958333333333334,1.9444271910897757,0.0,0.25,0.8333333333333334,2.1666666666666665,1.6521739130434783,0.5307404891304348,0.041666666666666664,0.5217391304347826,0.0,0.0,0.0,0.041666666666666664,0.08333333333333333,0.0,0.0,0.16666666666666666,0.25,0.25,0.20833333333333334,0.0
S33,early_gradual,beta_global,7.958333333333333,1.966660525659781,1.0,0.0,7.958333333333333,1.966660525659781,0.0,0.2916666666666667,0.8571428571428571,3.857142857142857,1.7619047619047619,0.5918898809523809,0.125,0.6666666666666666,0.0,0.0,0.0,0.041666666666666664,0.16666666666666666,0.041666666666666664,0.041666666666666664,0.25,0.16666666666666666,0.2916666666666667,0.0,0.0
S33,early_gradual,mu_central,9.0,1.5036188231122245,1.0,0.0,9.0,1.5036188231122245,0.0,0.25,0.6666666666666666,2.6666666666666665,2.260869565217391,0.7542459239130435,0.041666666666666664,0.5217391304347826,0.0,0.0,0.0,0.0,0.0,0.08333333333333333,0.08333333333333333,0.16666666666666666,0.25,0.25,0.16666666666666666,0.0
S33,early_gradual,beta_central,9.041666666666666,1.2676293062133797,1.0,0.0,9.041666666666666,1.2676293062133797,0.0,0.375,0.6666666666666666,2.0,1.65,0.57734375,0.16666666666666666,0.65,0.0,0.0,0.0,0.0,0.0,0.041666666666666664,0.041666666666666664,0.25,0.2916666666666667,0.25,0.125,0.0
S33,late_gradual,gait,8.75,1.3593476696403028,1.0,0.0,8.75,1.3593476696403028,0.0,0.25,0.8333333333333334,2.6666666666666665,3.0476190476190474,1.0310639880952381,0.125,0.6190476190476191,0.0,0.0,0.0,0.0,0.0,0.08333333333333333,0.08333333333333333,0.25,0.20833333333333334,0.3333333333333333,0.041666666666666664,0.0
S33,late_gradual,theta_global,8.916666666666666,1.442120017518492,1.0,0.0,8.916666666666666,1.442120017518492,0.0,0.2916666666666667,0.7142857142857143,2.7142857142857144,1.6,0.5271484375,0.16666666666666666,0.55,0.0,0.0,0.0,0.0,0.0,0.08333333333333333,0.041666666666666664,0.25,0.2916666666666667,0.16666666666666666,0.16666666666666666,0.0
S33,late_gradual,alpha_global,8.583333333333334,1.767254482466264,1.0833333333333333,0.28232985128663995,8.5,1.978141420187361,0.08333333333333333,0.25,0.8333333333333334,3.5,2.6363636363636362,0.9092684659090909,0.08333333333333333,0.6818181818181818,0.0,0.0,0.041666666666666664,0.08333333333333333,0.041666666666666664,0.041666666666666664,0.125,0.08333333333333333,0.2916666666666667,0.3333333333333333,0.041666666666666664,0.0
S33,late_gradual,beta_global,9.125,1.226961606004318,1.0,0.0,9.125,1.226961606004318,0.0,0.25,0.5,2.0,1.8095238095238095,0.6127232142857143,0.125,0.47619047619047616,0.0,0.0,0.0,0.0,0.0,0.08333333333333333,0.0,0.08333333333333333,0.4583333333333333,0.2916666666666667,0.08333333333333333,0.0
S33,late_gradual,mu_central,9.041666666666666,1.6010639578422372,1.0,0.0,9.041666666666666,1.6010639578422372,0.0,0.25,0.5,1.8333333333333333,2.3043478260869565,0.7586616847826086,0.041666666666666664,0.5217391304347826,0.0,0.0,0.0,0.041666666666666664,0.0,0.041666666666666664,0.0,0.20833333333333334,0.25,0.3333333333333333,0.125,0.0
S33,late_gradual,beta_central,8.958333333333334,1.3666578295932035,1.0,0.0,8.958333333333334,1.3666578295932035,0.0,0.20833333333333334,1.0,2.6,1.9090909090909092,0.6273082386363636,0.08333333333333333,0.45454545454545453,0.0,0.0,0.0,0.0,0.0,0.041666666666666664,0.125,0.16666666666666666,0.2916666666666667,0.25,0.125,0.0
S34,baseline,gait,9.333333333333334,1.203858530857692,1.0833333333333333,0.408248290463863,9.25,1.4817733206914758,0.041666666666666664,0.20833333333333334,0.6,2.2,1.8095238095238095,0.6034226190476191,0.125,0.42857142857142855,0.0,0.0,0.0,0.041666666666666664,0.041666666666666664,0.041666666666666664,0.041666666666666664,0.041666666666666664,0.4583333333333333,0.25,0.16666666666666666,0.0
S34,baseline,theta_global,9.041666666666666,1.545798419465872,1.0416666666666667,0.2041241452319315,9.0,1.6681153124565982,0.041666666666666664,0.2916666666666667,0.7142857142857143,2.4285714285714284,2.35,0.74765625,0.16666666666666666,0.6,0.0,0.0,0.0,0.041666666666666664,0.041666666666666664,0.0,0.125,0.16666666666666666,0.20833333333333334,0.2916666666666667,0.16666666666666666,0.0
S34,baseline,alpha_global,8.875,1.7769661492702031,1.0416666666666667,0.2041241452319315,8.833333333333334,1.9034674690672027,0.041666666666666664,0.2916666666666667,1.0,3.142857142857143,1.9090909090909092,0.5852272727272727,0.08333333333333333,0.5454545454545454,0.0,0.0,0.041666666666666664,0.041666666666666664,0.041666666666666664,0.041666666666666664,0.041666666666666664,0.041666666666666664,0.4166666666666667,0.25,0.125,0.0
S34,baseline,beta_global,9.125,1.190998850070631,1.0,0.0,9.125,1.190998850070631,0.0,0.16666666666666666,1.0,2.75,1.65,0.540234375,0.16666666666666666,0.5,0.0,0.0,0.0,0.0,0.0,0.041666666666666664,0.08333333333333333,0.08333333333333333,0.3333333333333333,0.4166666666666667,0.041666666666666664,0.0
S34,baseline,mu_central,9.333333333333334,1.4345630047135447,1.0,0.0,9.333333333333334,1.4345630047135447,0.0,0.25,0.6666666666666666,2.3333333333333335,1.3,0.404296875,0.16666666666666666,0.4,0.0,0.0,0.0,0.0,0.041666666666666664,0.0,0.08333333333333333,0.08333333333333333,0.16666666666666666,0.5,0.125,0.0
S34,baseline,beta_central,9.083333333333334,1.5857152183236396,1.0,0.0,9.083333333333334,1.5857152183236396,0.0,0.2916666666666667,0.5714285714285714,2.2857142857142856,1.7619047619047619,0.5578497023809523,0.125,0.5714285714285714,0.0,0.0,0.0,0.0,0.041666666666666664,0.0,0.125,0.16666666666666666,0.20833333333333334,0.25,0.20833333333333334,0.0
S34,early_abrupt,gait,9.5,0.9780192938436515,1.0,0.0,9.5,0.9780192938436515,0.0,0.20833333333333334,0.2,1.2,1.2727272727272727,0.4192116477272727,0.08333333333333333,0.3181818181818182,0.0,0.0,0.0,0.0,0.0,0.0,0.0,0.20833333333333334,0.20833333333333334,0.4583333333333333,0.125,0.0
S34,early_abrupt,theta_global,8.958333333333334,1.7315277663950703,1.0416666666666667,0.2041241452319315,8.916666666666666,1.8630658852422861,0.041666666666666664,0.25,0.6666666666666666,3.1666666666666665,1.736842105263158,0.5643503289473685,0.20833333333333334,0.5263157894736842,0.0,0.0,0.041666666666666664,0.041666666666666664,0.0,0.08333333333333333,0.041666666666666664,0.08333333333333333,0.2916666666666667,0.3333333333333333,0.125,0.0
S34,early_abrupt,alpha_global,9.541666666666666,1.0206207261596576,1.0,0.0,9.541666666666666,1.0206207261596576,0.0,0.16666666666666666,0.5,1.5,1.6956521739130435,0.5577445652173914,0.041666666666666664,0.34782608695652173,0.0,0.0,0.0,0.0,0.0,0.0,0.041666666666666664,0.08333333333333333,0.3333333333333333,0.375,0.16666666666666666,0.0
S34,early_abrupt,beta_global,9.25,1.7003835884370582,1.0416666666666667,0.2041241452319315,9.208333333333334,1.8410575095914814,0.041666666666666664,0.2916666666666667,0.5714285714285714,2.4285714285714284,1.7272727272727273,0.6051136363636364,0.08333333333333333,0.45454545454545453,0.0,0.0,0.041666666666666664,0.041666666666666664,0.0,0.08333333333333333,0.0,0.0,0.3333333333333333,0.375,0.16666666666666666,0.0
S34,early_abrupt,mu_central,9.583333333333334,1.2481870911416901,1.0,0.0,9.583333333333334,1.2481870911416901,0.0,0.20833333333333334,0.6,1.8,1.4285714285714286,0.4812127976190476,0.125,0.38095238095238093,0.0,0.0,0.0,0.0,0.0,0.0,0.08333333333333333,0.125,0.16666666666666666,0.375,0.25,0.0
S34,early_abrupt,beta_central,9.208333333333334,1.2150922908825974,1.0,0.0,9.208333333333334,1.2150922908825974,0.0,0.2916666666666667,0.42857142857142855,1.8571428571428572,1.95,0.6111328125,0.16666666666666666,0.55,0.0,0.0,0.0,0.0,0.0,0.041666666666666664,0.041666666666666664,0.16666666666666666,0.25,0.4166666666666667,0.08333333333333333,0.0
S34,late_abrupt,gait,9.375,1.1726039399558574,1.0,0.0,9.375,1.1726039399558574,0.0,0.20833333333333334,0.4,1.8,1.380952380952381,0.4544270833333333,0.125,0.38095238095238093,0.0,0.0,0.0,0.0,0.0,0.041666666666666664,0.041666666666666664,0.0,0.5,0.25,0.16666666666666666,0.0
S34,late_abrupt,theta_global,9.583333333333334,0.9743076322798876,1.0,0.0,9.583333333333334,0.9743076322798876,0.0,0.25,0.16666666666666666,1.1666666666666667,1.6818181818181819,0.6264204545454546,0.08333333333333333,0.4090909090909091,0.0,0.0,0.0,0.0,0.0,0.0,0.0,0.16666666666666666,0.25,0.4166666666666667,0.16666666666666666,0.0
S34,late_abrupt,alpha_global,8.916666666666666,1.6396358733271998,1.0,0.0,8.916666666666666,1.6396358733271998,0.0,0.2916666666666667,0.8571428571428571,2.857142857142857,1.7619047619047619,0.5980282738095238,0.125,0.7142857142857143,0.0,0.0,0.0,0.041666666666666664,0.0,0.0,0.125,0.16666666666666666,0.2916666666666667,0.20833333333333334,0.16666666666666666,0.0
S34,late_abrupt,beta_global,9.583333333333334,1.2128538629008951,1.0,0.0,9.583333333333334,1.2128538629008951,0.0,0.25,0.5,1.6666666666666667,1.5238095238095237,0.5096726190476191,0.125,0.42857142857142855,0.0,0.0,0.0,0.0,0.0,0.041666666666666664,0.0,0.125,0.20833333333333334,0.4166666666666667,0.20833333333333334,0.0
S34,late_abrupt,mu_central,8.916666666666666,1.6129008882638507,1.0,0.0,8.916666666666666,1.6129008882638507,0.0,0.16666666666666666,0.75,3.25,2.1363636363636362,0.7365056818181818,0.08333333333333333,0.4090909090909091,0.0,0.0,0.0,0.041666666666666664,0.0,0.08333333333333333,0.0,0.125,0.2916666666666667,0.4166666666666667,0.041666666666666664,0.0
S34,late_abrupt,beta_central,9.208333333333334,1.2150922908825974,1.0,0.0,9.208333333333334,1.2150922908825974,0.0,0.25,0.6666666666666666,1.6666666666666667,1.7826086956521738,0.5681046195652174,0.041666666666666664,0.5217391304347826,0.0,0.0,0.0,0.0,0.0,0.0,0.125,0.125,0.2916666666666667,0.3333333333333333,0.125,0.0
S34,early_gradual,gait,9.25,1.3593476696403028,1.0,0.0,9.25,1.3593476696403028,0.0,0.20833333333333334,1.0,2.2,1.6666666666666667,0.5191592261904762,0.125,0.47619047619047616,0.0,0.0,0.0,0.0,0.0,0.0,0.125,0.20833333333333334,0.16666666666666666,0.2916666666666667,0.20833333333333334,0.0
S34,early_gradual,theta_global,8.708333333333334,1.7062332443303205,1.0,0.0,8.708333333333334,1.7062332443303205,0.0,0.2916666666666667,0.42857142857142855,1.8571428571428572,2.142857142857143,0.7606026785714286,0.125,0.6190476190476191,0.0,0.0,0.0,0.0,0.0,0.20833333333333334,0.041666666666666664,0.125,0.16666666666666666,0.375,0.08333333333333333,0.0
S34,early_gradual,alpha_global,9.125,1.4237885773679595,1.0,0.0,9.125,1.4237885773679595,0.0,0.20833333333333334,0.6,2.2,1.5714285714285714,0.4838169642857143,0.125,0.47619047619047616,0.0,0.0,0.0,0.0,0.0,0.08333333333333333,0.0,0.25,0.20833333333333334,0.2916666666666667,0.16666666666666666,0.0
S34,early_gradual,beta_global,9.083333333333334,1.2128538629008951,1.0,0.0,9.083333333333334,1.2128538629008951,0.0,0.25,0.5,2.0,1.9047619047619047,0.6491815476190477,0.125,0.6190476190476191,0.0,0.0,0.0,0.0,0.0,0.041666666666666664,0.041666666666666664,0.16666666666666666,0.4166666666666667,0.20833333333333334,0.125,0.0
S34,early_gradual,mu_central,9.25,1.6218615177038684,1.0,0.0,9.25,1.6218615177038684,0.0,0.25,0.5,1.8333333333333333,1.7826086956521738,0.5448369565217391,0.041666666666666664,0.4782608695652174,0.0,0.0,0.0,0.0,0.08333333333333333,0.0,0.0,0.125,0.2916666666666667,0.2916666666666667,0.20833333333333334,0.0
S34,early_gradual,beta_central,9.166666666666666,1.6061476099435992,1.0,0.0,9.166666666666666,1.6061476099435992,0.0,0.16666666666666666,0.75,1.75,2.3181818181818183,0.7547940340909091,0.08333333333333333,0.45454545454545453,0.0,0.0,0.0,0.0,0.041666666666666664,0.08333333333333333,0.0,0.125,0.16666666666666666,0.4583333333333333,0.125,0.0
S34,late_gradual,gait,9.416666666666666,1.2481870911416901,1.0,0.0,9.416666666666666,1.2481870911416901,0.0,0.20833333333333334,0.2,1.6,1.8095238095238095,0.6015625,0.125,0.2857142857142857,0.0,0.0,0.0,0.0,0.0,0.041666666666666664,0.0,0.16666666666666666,0.2916666666666667,0.2916666666666667,0.20833333333333334,0.0
S34,late_gradual,theta_global,9.333333333333334,0.9168313422570847,1.0,0.0,9.333333333333334,0.9168313422570847,0.0,0.25,0.16666666666666666,1.3333333333333333,1.5238095238095237,0.5853794642857143,0.125,0.42857142857142855,0.0,0.0,0.0,0.0,0.0,0.0,0.041666666666666664,0.125,0.3333333333333333,0.4583333333333333,0.041666666666666664,0.0
S34,late_gradual,alpha_global,9.5,1.06321906614239,1.0,0.0,9.5,1.06321906614239,0.0,0.20833333333333334,0.2,1.4,1.4761904761904763,0.4869791666666667,0.125,0.3333333333333333,0.0,0.0,0.0,0.0,0.0,0.0,0.041666666666666664,0.125,0.2916666666666667,0.375,0.16666666666666666,0.0
S34,late_gradual,beta_global,8.916666666666666,1.909169331471644,1.0,0.0,8.916666666666666,1.909169331471644,0.0,0.2916666666666667,0.7142857142857143,3.142857142857143,2.0,0.6774553571428571,0.125,0.5238095238095238,0.0,0.0,0.0,0.08333333333333333,0.0,0.041666666666666664,0.0,0.16666666666666666,0.20833333333333334,0.375,0.125,0.0
S34,late_gradual,mu_central,8.916666666666666,1.6129008882638507,1.0416666666666667,0.2041241452319315,8.875,1.7273377354107426,0.041666666666666664,0.20833333333333334,0.6,2.4,2.142857142857143,0.6171875,0.125,0.5714285714285714,0.0,0.0,0.0,0.041666666666666664,0.041666666666666664,0.041666666666666664,0.125,0.125,0.20833333333333334,0.3333333333333333,0.125,0.0
S34,late_gradual,beta_central,9.125,1.4237885773679595,1.0,0.0,9.125,1.4237885773679595,0.0,0.25,0.6666666666666666,2.0,2.409090909090909,0.8291903409090909,0.08333333333333333,0.6363636363636364,0.0,0.0,0.0,0.0,0.041666666666666664,0.0,0.08333333333333333,0.125,0.2916666666666667,0.3333333333333333,0.125,0.0
S35,baseline,gait,8.833333333333334,1.3726099121798927,1.0,0.0,8.833333333333334,1.3726099121798927,0.0,0.25,0.8333333333333334,2.5,1.5714285714285714,0.5091145833333334,0.125,0.6190476190476191,0.0,0.0,0.0,0.0,0.0,0.041666666666666664,0.16666666666666666,0.16666666666666666,0.25,0.2916666666666667,0.08333333333333333,0.0
S35,baseline,theta_global,9.375,1.4084373085707127,1.0,0.0,9.375,1.4084373085707127,0.0,0.20833333333333334,0.6,2.0,1.380952380952381,0.41443452380952384,0.125,0.38095238095238093,0.0,0.0,0.0,0.0,0.0,0.041666666666666664,0.125,0.041666666666666664,0.16666666666666666,0.4583333333333333,0.16666666666666666,0.0
S35,baseline,alpha_global,9.166666666666666,1.2394482175782784,1.0,0.0,9.166666666666666,1.2394482175782784,0.0,0.375,0.4444444444444444,1.5555555555555556,1.5454545454545454,0.5703125,0.08333333333333333,0.6363636363636364,0.0,0.0,0.0,0.0,0.0,0.0,0.125,0.16666666666666666,0.25,0.3333333333333333,0.125,0.0
S35,baseline,beta_global,9.416666666666666,0.7755316082290385,1.0,0.0,9.416666666666666,0.7755316082290385,0.0,0.16666666666666666,0.25,1.25,1.7391304347826086,0.5757472826086957,0.041666666666666664,0.34782608695652173,0.0,0.0,0.0,0.0,0.0,0.0,0.0,0.125,0.375,0.4583333333333333,0.041666666666666664,0.0
S35,baseline,mu_central,8.666666666666666,1.8097962092016273,1.0416666666666667,0.2041241452319315,8.625,1.9067956275430755,0.041666666666666664,0.2916666666666667,0.7142857142857143,2.7142857142857144,1.5714285714285714,0.5814732142857143,0.125,0.6190476190476191,0.0,0.0,0.0,0.041666666666666664,0.08333333333333333,0.041666666666666664,0.16666666666666666,0.08333333333333333,0.20833333333333334,0.2916666666666667,0.125,0.0
S35,baseline,beta_central,8.875,1.6500988112705621,1.0,0.0,8.875,1.6500988112705621,0.0,0.25,0.8333333333333334,3.1666666666666665,1.85,0.5564453125,0.16666666666666666,0.55,0.0,0.0,0.0,0.0,0.08333333333333333,0.0,0.08333333333333333,0.20833333333333334,0.125,0.4166666666666667,0.08333333333333333,0.0
S35,early_abrupt,gait,9.375,1.4084373085707127,1.0416666666666667,0.2041241452319315,9.333333333333334,1.578845661611168,0.041666666666666664,0.16666666666666666,0.75,2.5,1.6363636363636365,0.5688920454545454,0.08333333333333333,0.36363636363636365,0.0,0.0,0.041666666666666664,0.041666666666666664,0.0,0.0,0.0,0.08333333333333333,0.3333333333333333,0.4166666666666667,0.125,0.0
S35,early_abrupt,theta_global,8.958333333333334,1.8292114401439827,1.0416666666666667,0.2041241452319315,8.916666666666666,1.9541854005467711,0.041666666666666664,0.25,0.8333333333333334,3.3333333333333335,1.4,0.4576171875,0.16666666666666666,0.5,0.0,0.0,0.041666666666666664,0.041666666666666664,0.041666666666666664,0.041666666666666664,0.041666666666666664,0.08333333333333333,0.25,0.375,0.125,0.0
S35,early_abrupt,alpha_global,9.416666666666666,1.3805061033726997,1.0,0.0,9.416666666666666,1.3805061033726997,0.0,0.20833333333333334,0.6,2.2,1.3181818181818181,0.4401633522727273,0.08333333333333333,0.5,0.0,0.0,0.0,0.0,0.041666666666666664,0.0,0.041666666666666664,0.08333333333333333,0.25,0.4166666666666667,0.16666666666666666,0.0
S35,early_abrupt,beta_global,9.083333333333334,1.5298953265321544,1.0416666666666667,0.2041241452319315,9.041666666666666,1.6544844636864109,0.041666666666666664,0.25,0.6666666666666666,2.1666666666666665,1.65,0.569921875,0.16666666666666666,0.55,0.0,0.0,0.0,0.041666666666666664,0.041666666666666664,0.041666666666666664,0.0,0.20833333333333334,0.3333333333333333,0.16666666666666666,0.20833333333333334,0.0
S35,early_abrupt,mu_central,9.166666666666666,1.2740441145412122,1.0,0.0,9.166666666666666,1.2740441145412122,0.0,0.2916666666666667,0.7142857142857143,2.2857142857142856,1.6666666666666667,0.5954241071428571,0.125,0.5714285714285714,0.0,0.0,0.0,0.0,0.0,0.041666666666666664,0.041666666666666664,0.16666666666666666,0.375,0.20833333333333334,0.16666666666666666,0.0
S35,early_abrupt,beta_central,9.291666666666666,1.6010639578422372,1.0,0.0,9.291666666666666,1.6010639578422372,0.0,0.25,0.5,2.1666666666666665,1.5714285714285714,0.5563616071428571,0.125,0.38095238095238093,0.0,0.0,0.0,0.0,0.041666666666666664,0.08333333333333333,0.0,0.041666666666666664,0.25,0.4166666666666667,0.16666666666666666,0.0
S35,late_abrupt,gait,9.083333333333334,1.501207243656184,1.0,0.0,9.083333333333334,1.501207243656184,0.0,0.20833333333333334,0.8,2.6,2.1818181818181817,0.73828125,0.08333333333333333,0.5909090909090909,0.0,0.0,0.0,0.0,0.0,0.08333333333333333,0.125,0.041666666666666664,0.25,0.375,0.125,0.0
S35,late_abrupt,theta_global,8.958333333333334,1.5736738147920994,1.0,0.0,8.958333333333334,1.5736738147920994,0.0,0.20833333333333334,0.8,2.6,2.409090909090909,0.822265625,0.08333333333333333,0.5454545454545454,0.0,0.0,0.0,0.0,0.0,0.125,0.08333333333333333,0.08333333333333333,0.25,0.3333333333333333,0.125,0.0
S35,late_abrupt,alpha_global,9.333333333333334,1.3726099121798927,1.0,0.0,9.333333333333334,1.3726099121798927,0.0,0.20833333333333334,0.8,2.6,1.2380952380952381,0.37723214285714285,0.125,0.47619047619047616,0.0,0.0,0.0,0.0,0.0,0.041666666666666664,0.08333333333333333,0.08333333333333333,0.2916666666666667,0.2916666666666667,0.20833333333333334,0.0
S35,late_abrupt,beta_global,9.166666666666666,1.2394482175782782,1.0,0.0,9.166666666666666,1.2394482175782782,0.0,0.25,0.6666666666666666,2.1666666666666665,1.5238095238095237,0.5247395833333334,0.125,0.42857142857142855,0.0,0.0,0.0,0.0,0.0,0.08333333333333333,0.0,0.125,0.2916666666666667,0.4583333333333333,0.041666666666666664,0.0
S35,late_abrupt,mu_central,9.333333333333334,1.3405601251996726,1.0,0.0,9.333333333333334,1.3405601251996726,0.0,0.16666666666666666,0.5,2.0,1.4761904761904763,0.5152529761904762,0.125,0.38095238095238093,0.0,0.0,0.0,0.0,0.0,0.08333333333333333,0.0,0.08333333333333333,0.3333333333333333,0.3333333333333333,0.16666666666666666,0.0
S35,late_abrupt,beta_central,9.166666666666666,1.632993161855452,1.0,0.0,9.166666666666666,1.632993161855452,0.0,0.20833333333333334,0.8,3.0,2.1,0.6865234375,0.16666666666666666,0.5,0.0,0.0,0.0,0.0,0.041666666666666664,0.041666666666666664,0.08333333333333333,0.08333333333333333,0.25,0.2916666666666667,0.20833333333333334,0.0
S35,early_gradual,gait,8.75,1.6218615177038684,1.25,0.6756639246921762,8.5,2.206709137469482,0.125,0.25,0.8333333333333334,3.1666666666666665,1.619047619047619,0.5172991071428571,0.125,0.5238095238095238,0.0,0.0,0.08333333333333333,0.125,0.125,0.041666666666666664,0.041666666666666664,0.125,0.375,0.25,0.08333333333333333,0.0
S35,early_gradual,theta_global,8.958333333333334,1.7062332443303203,1.0416666666666667,0.2041241452319315,8.916666666666666,1.8157922373651019,0.041666666666666664,0.20833333333333334,0.8,3.0,2.238095238095238,0.6906622023809523,0.125,0.42857142857142855,0.0,0.0,0.0,0.08333333333333333,0.041666666666666664,0.0,0.0,0.25,0.20833333333333334,0.3333333333333333,0.125,0.0
S35,early_gradual,alpha_global,8.916666666666666,1.3486439781165913,1.0,0.0,8.916666666666666,1.3486439781165913,0.0,0.25,0.6666666666666666,2.5,2.0454545454545454,0.7741477272727273,0.08333333333333333,0.6363636363636364,0.0,0.0,0.0,0.0,0.0,0.08333333333333333,0.08333333333333333,0.08333333333333333,0.4166666666666667,0.25,0.08333333333333333,0.0
S35,early_gradual,beta_global,9.083333333333334,1.4116492564332,1.0,0.0,9.083333333333334,1.4116492564332,0.0,0.20833333333333334,0.8,2.8,1.8571428571428572,0.6430431547619048,0.125,0.5238095238095238,0.0,0.0,0.0,0.0,0.0,0.08333333333333333,0.041666666666666664,0.16666666666666666,0.25,0.3333333333333333,0.125,0.0
S35,early_gradual,mu_central,9.041666666666666,1.7315277663950703,1.0,0.0,9.041666666666666,1.7315277663950703,0.0,0.20833333333333334,0.4,2.4,1.5454545454545454,0.5072798295454546,0.08333333333333333,0.5454545454545454,0.0,0.0,0.0,0.041666666666666664,0.041666666666666664,0.0,0.041666666666666664,0.125,0.25,0.375,0.125,0.0
S35,early_gradual,beta_central,9.208333333333334,1.5597983890531346,1.0,0.0,9.208333333333334,1.5597983890531346,0.0,0.3333333333333333,0.375,1.75,2.0,0.6944247159090909,0.08333333333333333,0.5909090909090909,0.0,0.0,0.0,0.0,0.041666666666666664,0.041666666666666664,0.041666666666666664,0.125,0.20833333333333334,0.375,0.16666666666666666,0.0
S35,late_gradual,gait,9.5,1.179535649239177,1.0,0.0,9.5,1.179535649239177,0.0,0.16666666666666666,1.0,2.25,1.7272727272727273,0.5845170454545454,0.08333333333333333,0.4090909090909091,0.0,0.0,0.0,0.0,0.0,0.041666666666666664,0.041666666666666664,0.041666666666666664,0.25,0.5,0.125,0.0
S35,late_gradual,theta_global,8.875,1.9406968716999795,1.0,0.0,8.875,1.9406968716999795,0.0,0.3333333333333333,0.5,3.0,1.5454545454545454,0.47301136363636365,0.08333333333333333,0.5454545454545454,0.0,0.0,0.0,0.0,0.125,0.041666666666666664,0.041666666666666664,0.08333333333333333,0.20833333333333334,0.3333333333333333,0.16666666666666666,0.0
S35,late_gradual,alpha_global,9.083333333333334,1.5012072436561839,1.0,0.0,9.083333333333334,1.5012072436561839,0.0,0.2916666666666667,0.8571428571428571,2.7142857142857144,1.380952380952381,0.4758184523809524,0.125,0.5238095238095238,0.0,0.0,0.0,0.0,0.041666666666666664,0.041666666666666664,0.08333333333333333,0.0,0.4166666666666667,0.2916666666666667,0.125,0.0
S35,late_gradual,beta_global,9.166666666666666,1.2394482175782784,1.0,0.0,9.166666666666666,1.2394482175782784,0.0,0.2916666666666667,0.8571428571428571,2.2857142857142856,1.8095238095238095,0.5859375,0.125,0.5238095238095238,0.0,0.0,0.0,0.0,0.0,0.0,0.08333333333333333,0.25,0.25,0.25,0.16666666666666666,0.0
S35,late_gradual,mu_central,9.083333333333334,1.3805061033726997,1.0,0.0,9.083333333333334,1.3805061033726997,0.0,0.20833333333333334,0.8,2.4,1.4285714285714286,0.4211309523809524,0.125,0.47619047619047616,0.0,0.0,0.0,0.0,0.0,0.041666666666666664,0.08333333333333333,0.16666666666666666,0.375,0.125,0.20833333333333334,0.0
S35,late_gradual,beta_central,9.166666666666666,1.5510632164580769,1.0,0.0,9.166666666666666,1.5510632164580769,0.0,0.16666666666666666,0.75,2.0,2.782608695652174,0.9629755434782609,0.041666666666666664,0.43478260869565216,0.0,0.0,0.0,0.0,0.0,0.08333333333333333,0.08333333333333333,0.16666666666666666,0.08333333333333333,0.4166666666666667,0.16666666666666666,0.0
S36,baseline,gait,9.083333333333334,1.2128538629008951,1.0,0.0,9.083333333333334,1.2128538629008951,0.0,0.25,0.5,1.8333333333333333,1.7272727272727273,0.5674715909090909,0.08333333333333333,0.5,0.0,0.0,0.0,0.0,0.0,0.0,0.125,0.16666666666666666,0.3333333333333333,0.25,0.125,0.0
S36,baseline,theta_global,9.041666666666666,1.545798419465872,1.0,0.0,9.041666666666666,1.545798419465872,0.0,0.2916666666666667,0.42857142857142855,2.142857142857143,2.380952380952381,0.8087797619047619,0.125,0.47619047619047616,0.0,0.0,0.0,0.0,0.08333333333333333,0.0,0.041666666666666664,0.08333333333333333,0.3333333333333333,0.375,0.08333333333333333,0.0
S36,baseline,alpha_global,9.333333333333334,1.2740441145412122,1.0,0.0,9.333333333333334,1.2740441145412122,0.0,0.25,0.5,1.8333333333333333,1.4285714285714286,0.49051339285714285,0.125,0.5238095238095238,0.0,0.0,0.0,0.0,0.0,0.041666666666666664,0.041666666666666664,0.125,0.2916666666666667,0.3333333333333333,0.16666666666666666,0.0
S36,baseline,beta_global,9.333333333333334,1.3405601251996728,1.0,0.0,9.333333333333334,1.3405601251996728,0.0,0.20833333333333334,0.2,1.4,1.6956521739130435,0.540421195652174,0.041666666666666664,0.43478260869565216,0.0,0.0,0.0,0.0,0.0,0.041666666666666664,0.08333333333333333,0.125,0.125,0.5,0.125,0.0
S36,baseline,mu_central,9.166666666666666,1.4039282363260677,1.0416666666666667,0.2041241452319315,9.125,1.541103500742244,0.041666666666666664,0.16666666666666666,0.75,2.5,1.5238095238095237,0.5186011904761905,0.125,0.38095238095238093,0.0,0.0,0.0,0.041666666666666664,0.041666666666666664,0.041666666666666664,0.0,0.08333333333333333,0.4166666666666667,0.2916666666666667,0.125,0.0
S36,baseline,beta_central,8.708333333333334,1.6805580508625224,1.0,0.0,8.708333333333334,1.6805580508625224,0.0,0.20833333333333334,1.0,3.2,2.1363636363636362,0.7061434659090909,0.08333333333333333,0.5,0.0,0.0,0.0,0.0,0.08333333333333333,0.041666666666666664,0.08333333333333333,0.125,0.2916666666666667,0.2916666666666667,0.08333333333333333,0.0
S36,early_abrupt,gait,9.333333333333334,1.551063216458077,1.0416666666666667,0.2041241452319315,9.291666666666666,1.6805580508625224,0.041666666666666664,0.25,0.6666666666666666,2.1666666666666665,1.9523809523809523,0.6908482142857143,0.125,0.42857142857142855,0.0,0.0,0.0,0.041666666666666664,0.041666666666666664,0.0,0.125,0.041666666666666664,0.20833333333333334,0.375,0.20833333333333334,0.0
S36,early_abrupt,theta_global,9.375,1.3125646981983485,1.0,0.0,9.375,1.3125646981983485,0.0,0.16666666666666666,0.5,2.25,1.8181818181818181,0.5729758522727273,0.08333333333333333,0.36363636363636365,0.0,0.0,0.0,0.0,0.041666666666666664,0.0,0.041666666666666664,0.041666666666666664,0.3333333333333333,0.4166666666666667,0.125,0.0
S36,early_abrupt,alpha_global,9.208333333333334,1.7189270330434439,1.0416666666666667,0.2041241452319315,9.166666666666666,1.8336626845141695,0.041666666666666664,0.2916666666666667,0.2857142857142857,2.142857142857143,1.6666666666666667,0.57421875,0.125,0.47619047619047616,0.0,0.0,0.0,0.08333333333333333,0.041666666666666664,0.0,0.0,0.08333333333333333,0.375,0.25,0.20833333333333334,0.0
S36,early_abrupt,beta_global,9.166666666666666,1.372609912179893,1.0,0.0,9.166666666666666,1.372609912179893,0.0,0.3333333333333333,0.75,2.125,1.8095238095238095,0.5779389880952381,0.125,0.6190476190476191,0.0,0.0,0.0,0.0,0.041666666666666664,0.0,0.08333333333333333,0.08333333333333333,0.2916666666666667,0.4166666666666667,0.08333333333333333,0.0
S36,early_abrupt,mu_central,9.083333333333334,1.5012072436561839,1.0,0.0,9.083333333333334,1.5012072436561839,0.0,0.25,0.8333333333333334,2.5,1.7727272727272727,0.5486505681818182,0.08333333333333333,0.5909090909090909,0.0,0.0,0.0,0.0,0.041666666666666664,0.041666666666666664,0.041666666666666664,0.08333333333333333,0.4166666666666667,0.20833333333333334,0.16666666666666666,0.0
S36,early_abrupt,beta_central,9.041666666666666,1.4884823513044847,1.0,0.0,9.041666666666666,1.4884823513044847,0.0,0.3333333333333333,0.375,1.875,1.55,0.5357421875,0.16666666666666666,0.55,0.0,0.0,0.0,0.0,0.041666666666666664,0.0,0.08333333333333333,0.20833333333333334,0.25,0.25,0.16666666666666666,0.0
S36,late_abrupt,gait,9.25,1.5108304655560048,1.0,0.0,9.25,1.5108304655560048,0.0,0.20833333333333334,0.8,2.6,1.5238095238095237,0.5182291666666666,0.125,0.47619047619047616,0.0,0.0,0.0,0.0,0.0,0.041666666666666664,0.125,0.125,0.20833333333333334,0.25,0.25,0.0
S36,late_abrupt,theta_global,9.25,1.4817733206914758,1.0,0.0,9.25,1.4817733206914758,0.0,0.25,0.5,1.5,1.6956521739130435,0.5682744565217391,0.041666666666666664,0.5217391304347826,0.0,0.0,0.0,0.0,0.041666666666666664,0.0,0.041666666666666664,0.20833333333333334,0.20833333333333334,0.2916666666666667,0.20833333333333334,0.0
S36,late_abrupt,alpha_global,9.458333333333334,1.0206207261596576,1.0,0.0,9.458333333333334,1.0206207261596576,0.0,0.25,0.5,1.5,1.5909090909090908,0.4872159090909091,0.08333333333333333,0.4090909090909091,0.0,0.0,0.0,0.0,0.0,0.0,0.0,0.20833333333333334,0.2916666666666667,0.3333333333333333,0.16666666666666666,0.0
S36,late_abrupt,beta_global,9.458333333333334,1.1025333147551268,1.0,0.0,9.458333333333334,1.1025333147551268,0.0,0.16666666666666666,0.5,2.0,1.3636363636363635,0.4357244318181818,0.08333333333333333,0.36363636363636365,0.0,0.0,0.0,0.0,0.0,0.0,0.08333333333333333,0.08333333333333333,0.25,0.4583333333333333,0.125,0.0
S36,late_abrupt,mu_central,9.083333333333334,1.665941871387048,1.0833333333333333,0.408248290463863,9.0,1.9110661718118183,0.041666666666666664,0.20833333333333334,0.6,2.4,1.9523809523809523,0.6257440476190477,0.125,0.42857142857142855,0.0,0.0,0.041666666666666664,0.041666666666666664,0.041666666666666664,0.041666666666666664,0.125,0.041666666666666664,0.2916666666666667,0.25,0.20833333333333334,0.0
S36,late_abrupt,beta_central,9.416666666666666,1.1764599317505433,1.0,0.0,9.416666666666666,1.1764599317505433,0.0,0.125,0.6666666666666666,1.6666666666666667,1.9090909090909092,0.6299715909090909,0.08333333333333333,0.36363636363636365,0.0,0.0,0.0,0.0,0.0,0.0,0.041666666666666664,0.20833333333333334,0.25,0.2916666666666667,0.20833333333333334,0.0
S36,early_gradual,gait,9.166666666666666,0.9168313422570847,1.0,0.0,9.166666666666666,0.9168313422570847,0.0,0.25,0.3333333333333333,1.3333333333333333,1.5909090909090908,0.5330255681818182,0.08333333333333333,0.4090909090909091,0.0,0.0,0.0,0.0,0.0,0.0,0.0,0.25,0.4166666666666667,0.25,0.08333333333333333,0.0
S36,early_gradual,theta_global,9.041666666666666,1.5736738147920994,1.0833333333333333,0.408248290463863,8.958333333333334,1.8292114401439827,0.041666666666666664,0.20833333333333334,0.8,3.2,1.619047619047619,0.5083705357142857,0.125,0.6190476190476191,0.0,0.0,0.041666666666666664,0.041666666666666664,0.041666666666666664,0.08333333333333333,0.0,0.125,0.2916666666666667,0.3333333333333333,0.125,0.0
S36,early_gradual,alpha_global,9.291666666666666,1.3014763077790332,1.0,0.0,9.291666666666666,1.3014763077790332,0.0,0.08333333333333333,0.0,1.0,1.9523809523809523,0.6236979166666666,0.125,0.19047619047619047,0.0,0.0,0.0,0.0,0.0,0.041666666666666664,0.041666666666666664,0.20833333333333334,0.125,0.4583333333333333,0.125,0.0
S36,early_gradual,beta_global,9.333333333333334,1.4039282363260677,1.0,0.0,9.333333333333334,1.4039282363260677,0.0,0.25,0.5,2.0,2.3181818181818183,0.7590553977272727,0.08333333333333333,0.5454545454545454,0.0,0.0,0.0,0.0,0.0,0.08333333333333333,0.041666666666666664,0.041666666666666664,0.2916666666666667,0.375,0.16666666666666666,0.0
S36,early_gradual,mu_central,9.416666666666666,0.9743076322798876,1.0,0.0,9.416666666666666,0.9743076322798876,0.0,0.16666666666666666,0.5,2.0,1.8636363636363635,0.634765625,0.08333333333333333,0.3181818181818182,0.0,0.0,0.0,0.0,0.0,0.0,0.08333333333333333,0.0,0.4166666666666667,0.4166666666666667,0.08333333333333333,0.0
S36,early_gradual,beta_central,9.0,1.5036188231122245,1.0,0.0,9.0,1.5036188231122245,0.0,0.20833333333333334,0.8,2.4,2.0476190476190474,0.6441592261904762,0.125,0.47619047619047616,0.0,0.0,0.0,0.0,0.0,0.08333333333333333,0.125,0.08333333333333333,0.25,0.3333333333333333,0.125,0.0
S36,late_gradual,gait,8.875,1.3929168644626095,1.0,0.0,8.875,1.3929168644626095,0.0,0.2916666666666667,0.5714285714285714,2.142857142857143,1.9047619047619047,0.6300223214285714,0.125,0.6666666666666666,0.0,0.0,0.0,0.0,0.0,0.08333333333333333,0.08333333333333333,0.16666666666666666,0.2916666666666667,0.2916666666666667,0.08333333333333333,0.0
S36,late_gradual,theta_global,9.166666666666666,1.4345630047135447,1.0,0.0,9.166666666666666,1.4345630047135447,0.0,0.25,0.6666666666666666,2.0,1.8095238095238095,0.5379464285714286,0.125,0.47619047619047616,0.0,0.0,0.0,0.0,0.041666666666666664,0.0,0.041666666666666664,0.25,0.125,0.4166666666666667,0.125,0.0
S36,late_gradual,alpha_global,9.0,1.9110661718118183,1.0,0.0,9.0,1.9110661718118183,0.0,0.25,0.6666666666666666,2.8333333333333335,1.65,0.505859375,0.16666666666666666,0.6,0.0,0.0,0.0,0.041666666666666664,0.041666666666666664,0.041666666666666664,0.08333333333333333,0.041666666666666664,0.20833333333333334,0.375,0.16666666666666666,0.0
S36,late_gradual,beta_global,9.125,1.596531566702726,1.0,0.0,9.125,1.596531566702726,0.0,0.2916666666666667,0.2857142857142857,1.7142857142857142,2.0,0.5995163690476191,0.125,0.5714285714285714,0.0,0.0,0.0,0.041666666666666664,0.0,0.041666666666666664,0.0,0.16666666666666666,0.25,0.375,0.125,0.0
S36,late_gradual,mu_central,9.083333333333334,1.8157922373651019,1.0,0.0,9.083333333333334,1.8157922373651019,0.0,0.25,0.8333333333333334,2.8333333333333335,1.3,0.45078125,0.16666666666666666,0.65,0.0,0.0,0.0,0.0,0.041666666666666664,0.08333333333333333,0.08333333333333333,0.125,0.125,0.2916666666666667,0.25,0.0
S36,late_gradual,beta_central,9.333333333333334,1.4039282363260677,1.0,0.0,9.333333333333334,1.4039282363260677,0.0,0.16666666666666666,0.5,2.25,1.5909090909090908,0.46484375,0.08333333333333333,0.4090909090909091,0.0,0.0,0.0,0.0,0.041666666666666664,0.0,0.041666666666666664,0.125,0.25,0.375,0.16666666666666666,0.0
S37,baseline,gait,9.0,1.7693034738587656,1.0833333333333333,0.408248290463863,8.916666666666666,2.041241452319315,0.041666666666666664,0.25,0.8333333333333334,2.5,1.7619047619047619,0.6030505952380952,0.125,0.5714285714285714,0.0,0.041666666666666664,0.041666666666666664,0.041666666666666664,0.0,0.041666666666666664,0.16666666666666666,0.0,0.20833333333333334,0.4166666666666667,0.125,0.0
S37,baseline,theta_global,9.208333333333334,1.5030162910010298,1.0,0.0,9.208333333333334,1.5030162910010298,0.0,0.20833333333333334,0.6,2.4,1.5,0.4955078125,0.16666666666666666,0.45,0.0,0.0,0.0,0.0,0.041666666666666664,0.041666666666666664,0.041666666666666664,0.08333333333333333,0.25,0.4166666666666667,0.125,0.0
S37,baseline,alpha_global,9.166666666666666,1.307725096316589,1.0,0.0,9.166666666666666,1.307725096316589,0.0,0.20833333333333334,0.6,2.6,2.0476190476190474,0.6854538690476191,0.125,0.47619047619047616,0.0,0.0,0.0,0.0,0.041666666666666664,0.0,0.041666666666666664,0.125,0.3333333333333333,0.375,0.08333333333333333,0.0
S37,baseline,beta_global,9.125,1.2958965337120694,1.0,0.0,9.125,1.2958965337120694,0.0,0.25,0.5,1.5,1.826086956521739,0.6034307065217391,0.041666666666666664,0.4782608695652174,0.0,0.0,0.0,0.0,0.0,0.0,0.125,0.20833333333333334,0.25,0.25,0.16666666666666666,0.0
S37,baseline,mu_central,8.958333333333334,1.6544844636864109,1.0,0.0,8.958333333333334,1.6544844636864109,0.0,0.25,0.6666666666666666,2.6666666666666665,2.1818181818181817,0.7295809659090909,0.08333333333333333,0.6363636363636364,0.0,0.0,0.0,0.041666666666666664,0.0,0.041666666666666664,0.041666666666666664,0.16666666666666666,0.3333333333333333,0.20833333333333334,0.16666666666666666,0.0
S37,baseline,beta_central,9.125,1.3929168644626095,1.0,0.0,9.125,1.3929168644626095,0.0,0.20833333333333334,0.6,2.4,1.9090909090909092,0.6031605113636364,0.08333333333333333,0.5,0.0,0.0,0.0,0.0,0.0,0.041666666666666664,0.08333333333333333,0.16666666666666666,0.3333333333333333,0.16666666666666666,0.20833333333333334,0.0
S37,early_abrupt,gait,9.208333333333334,1.141287094417552,1.0,0.0,9.208333333333334,1.141287094417552,0.0,0.2916666666666667,0.5714285714285714,1.7142857142857142,2.217391304347826,0.7333559782608695,0.041666666666666664,0.5217391304347826,0.0,0.0,0.0,0.0,0.0,0.0,0.08333333333333333,0.20833333333333334,0.20833333333333334,0.4166666666666667,0.08333333333333333,0.0
S37,early_abrupt,theta_global,9.041666666666666,1.5457984194658723,1.0,0.0,9.041666666666666,1.5457984194658723,0.0,0.20833333333333334,0.4,1.8,2.260869565217391,0.7574728260869565,0.041666666666666664,0.4782608695652174,0.0,0.0,0.0,0.041666666666666664,0.0,0.0,0.041666666666666664,0.25,0.20833333333333334,0.3333333333333333,0.125,0.0
S37,early_abrupt,alpha_global,9.208333333333334,1.2846642825425558,1.0,0.0,9.208333333333334,1.2846642825425558,0.0,0.2916666666666667,0.5714285714285714,1.8571428571428572,1.7619047619047619,0.6512276785714286,0.125,0.6666666666666666,0.0,0.0,0.0,0.0,0.0,0.041666666666666664,0.08333333333333333,0.08333333333333333,0.3333333333333333,0.3333333333333333,0.125,0.0
S37,early_abrupt,beta_global,9.458333333333334,1.1787674722451364,1.0,0.0,9.458333333333334,1.1787674722451364,0.0,0.20833333333333334,0.6,2.0,1.8095238095238095,0.5576636904761905,0.125,0.42857142857142855,0.0,0.0,0.0,0.0,0.0,0.041666666666666664,0.041666666666666664,0.041666666666666664,0.2916666666666667,0.4583333333333333,0.125,0.0
S37,early_abrupt,mu_central,9.375,1.2790111669635225,1.0,0.0,9.375,1.2790111669635225,0.0,0.125,0.6666666666666666,2.3333333333333335,1.8095238095238095,0.5797991071428571,0.125,0.2857142857142857,0.0,0.0,0.0,0.0,0.041666666666666664,0.0,0.0,0.125,0.2916666666666667,0.4166666666666667,0.125,0.0
S37,early_abrupt,beta_central,9.291666666666666,1.1601786469133204,1.0,0.0,9.291666666666666,1.1601786469133204,0.0,0.16666666666666666,0.75,2.25,2.5714285714285716,0.8366815476190477,0.125,0.42857142857142855,0.0,0.0,0.0,0.0,0.0,0.0,0.08333333333333333,0.16666666666666666,0.25,0.375,0.125,0.0
S37,late_abrupt,gait,9.0,1.5879984667608413,1.0416666666666667,0.2041241452319315,8.958333333333334,1.7315277663950706,0.041666666666666664,0.20833333333333334,0.6,2.0,2.6666666666666665,0.8902529761904762,0.125,0.42857142857142855,0.0,0.0,0.041666666666666664,0.041666666666666664,0.0,0.0,0.08333333333333333,0.16666666666666666,0.3333333333333333,0.20833333333333334,0.16666666666666666,0.0
S37,late_abrupt,theta_global,9.291666666666666,1.1970676733137329,1.0,0.0,9.291666666666666,1.1970676733137329,0.0,0.20833333333333334,0.6,1.8,1.9545454545454546,0.6732954545454546,0.08333333333333333,0.36363636363636365,0.0,0.0,0.0,0.0,0.0,0.041666666666666664,0.0,0.20833333333333334,0.25,0.375,0.125,0.0
S37,late_abrupt,alpha_global,9.583333333333334,0.928611242975073,1.0,0.0,9.583333333333334,0.928611242975073,0.0,0.25,0.5,1.5,1.5454545454545454,0.5110085227272727,0.08333333333333333,0.4090909090909091,0.0,0.0,0.0,0.0,0.0,0.0,0.0,0.125,0.3333333333333333,0.375,0.16666666666666666,0.0
S37,late_abrupt,beta_global,9.375,1.1349200316590018,1.0,0.0,9.375,1.1349200316590018,0.0,0.16666666666666666,0.5,1.5,1.434782608695652,0.4397078804347826,0.041666666666666664,0.43478260869565216,0.0,0.0,0.0,0.0,0.0,0.0,0.041666666666666664,0.16666666666666666,0.375,0.20833333333333334,0.20833333333333334,0.0
S37,late_abrupt,mu_central,9.208333333333334,1.1787674722451362,1.0,0.0,9.208333333333334,1.1787674722451362,0.0,0.25,0.6666666666666666,2.3333333333333335,1.8571428571428572,0.5997023809523809,0.125,0.47619047619047616,0.0,0.0,0.0,0.0,0.0,0.0,0.125,0.08333333333333333,0.375,0.2916666666666667,0.125,0.0
S37,late_abrupt,beta_central,9.333333333333334,1.6061476099435992,1.0,0.0,9.333333333333334,1.6061476099435992,0.0,0.20833333333333334,0.6,2.0,1.8,0.5984375,0.16666666666666666,0.4,0.0,0.0,0.0,0.0,0.041666666666666664,0.041666666666666664,0.041666666666666664,0.08333333333333333,0.25,0.2916666666666667,0.25,0.0
S37,early_gradual,gait,9.5,0.9780192938436515,1.0,0.0,9.5,0.9780192938436515,0.0,0.25,0.16666666666666666,1.1666666666666667,1.5,0.5062144886363636,0.08333333333333333,0.4090909090909091,0.0,0.0,0.0,0.0,0.0,0.0,0.041666666666666664,0.08333333333333333,0.3333333333333333,0.4166666666666667,0.125,0.0
S37,early_gradual,theta_global,9.25,1.4521348601882378,1.0,0.0,9.25,1.4521348601882378,0.0,0.20833333333333334,0.6,2.0,1.8695652173913044,0.6088654891304348,0.041666666666666664,0.4782608695652174,0.0,0.0,0.0,0.0,0.041666666666666664,0.041666666666666664,0.041666666666666664,0.0,0.375,0.375,0.125,0.0
S37,early_gradual,alpha_global,8.916666666666666,1.5857152183236398,1.0,0.0,8.916666666666666,1.5857152183236398,0.0,0.125,1.0,3.3333333333333335,1.9090909090909092,0.6109730113636364,0.08333333333333333,0.4090909090909091,0.0,0.0,0.0,0.0,0.041666666666666664,0.041666666666666664,0.125,0.125,0.16666666666666666,0.4166666666666667,0.08333333333333333,0.0
S37,early_gradual,beta_global,9.416666666666666,1.282547284209001,1.0,0.0,9.416666666666666,1.282547284209001,0.0,0.16666666666666666,0.5,1.5,1.7826086956521738,0.5514605978260869,0.041666666666666664,0.391304347826087,0.0,0.0,0.0,0.0,0.041666666666666664,0.0,0.0,0.125,0.25,0.4583333333333333,0.125,0.0
S37,early_gradual,mu_central,9.625,1.0555237727226274,1.0,0.0,9.625,1.0555237727226274,0.0,0.125,0.6666666666666666,1.6666666666666667,1.7727272727272727,0.6120383522727273,0.08333333333333333,0.2727272727272727,0.0,0.0,0.0,0.0,0.0,0.0,0.041666666666666664,0.125,0.16666666666666666,0.5,0.16666666666666666,0.0
S37,early_gradual,beta_central,8.708333333333334,1.6279933411536363,1.125,0.44842720314644063,8.583333333333334,1.9318084941243565,0.08333333333333333,0.2916666666666667,0.5714285714285714,2.2857142857142856,1.7727272727272727,0.6040482954545454,0.08333333333333333,0.5454545454545454,0.0,0.0,0.041666666666666664,0.041666666666666664,0.125,0.041666666666666664,0.0,0.25,0.3333333333333333,0.16666666666666666,0.125,0.0
S37,late_gradual,gait,9.166666666666666,1.685401943200769,1.0416666666666667,0.2041241452319315,9.125,1.8252456654188867,0.041666666666666664,0.20833333333333334,0.4,1.8,1.7727272727272727,0.5990767045454546,0.08333333333333333,0.5,0.0,0.0,0.041666666666666664,0.041666666666666664,0.0,0.0,0.08333333333333333,0.20833333333333334,0.125,0.3333333333333333,0.20833333333333334,0.0
S37,late_gradual,theta_global,8.916666666666666,1.7424786610050553,1.0833333333333333,0.28232985128663995,8.833333333333334,1.9261736493723072,0.08333333333333333,0.375,0.7777777777777778,2.6666666666666665,1.8,0.5650390625,0.16666666666666666,0.75,0.0,0.0,0.0,0.041666666666666664,0.08333333333333333,0.125,0.041666666666666664,0.08333333333333333,0.20833333333333334,0.375,0.125,0.0
S37,late_gradual,alpha_global,8.958333333333334,1.5736738147920994,1.0,0.0,8.958333333333334,1.5736738147920994,0.0,0.20833333333333334,0.6,2.4,2.0952380952380953,0.6188616071428571,0.125,0.5238095238095238,0.0,0.0,0.0,0.0,0.041666666666666664,0.041666666666666664,0.08333333333333333,0.125,0.3333333333333333,0.20833333333333334,0.16666666666666666,0.0
S37,late_gradual,beta_global,8.958333333333334,1.334465099374755,1.0,0.0,8.958333333333334,1.334465099374755,0.0,0.2916666666666667,0.5714285714285714,1.7142857142857142,1.9130434782608696,0.6834239130434783,0.041666666666666664,0.5652173913043478,0.0,0.0,0.0,0.0,0.0,0.08333333333333333,0.041666666666666664,0.16666666666666666,0.3333333333333333,0.2916666666666667,0.08333333333333333,0.0
S37,late_gradual,mu_central,9.583333333333334,1.0179547554081032,1.0,0.0,9.583333333333334,1.0179547554081032,0.0,0.25,0.16666666666666666,1.3333333333333333,2.130434782608696,0.6613451086956522,0.041666666666666664,0.34782608695652173,0.0,0.0,0.0,0.0,0.0,0.0,0.0,0.16666666666666666,0.2916666666666667,0.3333333333333333,0.20833333333333334,0.0
S37,late_gradual,beta_central,9.458333333333334,1.2150922908825974,1.0,0.0,9.458333333333334,1.2150922908825974,0.0,0.25,0.5,1.8333333333333333,1.9090909090909092,0.6157670454545454,0.08333333333333333,0.45454545454545453,0.0,0.0,0.0,0.0,0.0,0.041666666666666664,0.041666666666666664,0.041666666666666664,0.3333333333333333,0.375,0.16666666666666666,0.0
S38,baseline,gait,9.083333333333334,1.9091693314716438,1.1666666666666667,0.5646597025732799,8.916666666666666,2.320357293826641,0.08333333333333333,0.25,0.5,2.8333333333333335,1.8181818181818181,0.5887784090909091,0.08333333333333333,0.5,0.0,0.0,0.08333333333333333,0.08333333333333333,0.125,0.041666666666666664,0.0,0.041666666666666664,0.20833333333333334,0.4166666666666667,0.16666666666666666,0.0
S38,baseline,theta_global,9.625,1.0134958870382644,1.0,0.0,9.625,1.0134958870382644,0.0,0.20833333333333334,0.2,1.4,1.619047619047619,0.55859375,0.125,0.38095238095238093,0.0,0.0,0.0,0.0,0.0,0.0,0.041666666666666664,0.08333333333333333,0.25,0.4583333333333333,0.16666666666666666,0.0
S38,baseline,alpha_global,9.333333333333334,1.2740441145412122,1.0,0.0,9.333333333333334,1.2740441145412122,0.0,0.20833333333333334,0.8,2.0,1.7142857142857142,0.6335565476190477,0.125,0.47619047619047616,0.0,0.0,0.0,0.0,0.0,0.041666666666666664,0.041666666666666664,0.125,0.2916666666666667,0.3333333333333333,0.16666666666666666,0.0
S38,baseline,beta_global,9.041666666666666,1.3666578295932035,1.0,0.0,9.041666666666666,1.3666578295932035,0.0,0.25,0.5,1.8333333333333333,2.0454545454545454,0.6770241477272727,0.08333333333333333,0.5454545454545454,0.0,0.0,0.0,0.0,0.041666666666666664,0.0,0.08333333333333333,0.125,0.3333333333333333,0.3333333333333333,0.08333333333333333,0.0
S38,baseline,mu_central,9.0,1.5036188231122245,1.0,0.0,9.0,1.5036188231122245,0.0,0.2916666666666667,0.5714285714285714,2.0,2.227272727272727,0.775390625,0.08333333333333333,0.5909090909090909,0.0,0.0,0.0,0.0,0.0,0.08333333333333333,0.125,0.08333333333333333,0.25,0.3333333333333333,0.125,0.0
S38,baseline,beta_central,9.166666666666666,1.578845661611168,1.0833333333333333,0.408248290463863,9.083333333333334,1.886258469694107,0.041666666666666664,0.20833333333333334,0.6,2.8,1.9545454545454546,0.6448863636363636,0.08333333333333333,0.45454545454545453,0.0,0.041666666666666664,0.041666666666666664,0.041666666666666664,0.0,0.041666666666666664,0.041666666666666664,0.041666666666666664,0.2916666666666667,0.4583333333333333,0.08333333333333333,0.0
S38,early_abrupt,gait,9.083333333333334,1.4421200175184923,1.0,0.0,9.083333333333334,1.4421200175184923,0.0,0.20833333333333334,0.6,2.0,1.7142857142857142,0.5775669642857143,0.125,0.47619047619047616,0.0,0.0,0.0,0.0,0.0,0.041666666666666664,0.16666666666666666,0.08333333333333333,0.20833333333333334,0.375,0.125,0.0
S38,early_abrupt,theta_global,9.208333333333334,1.3824731042801415,1.0,0.0,9.208333333333334,1.3824731042801415,0.0,0.25,0.8333333333333334,2.5,1.6,0.5744140625,0.16666666666666666,0.6,0.0,0.0,0.0,0.0,0.0,0.08333333333333333,0.041666666666666664,0.08333333333333333,0.2916666666666667,0.375,0.125,0.0
S38,early_abrupt,alpha_global,9.208333333333334,1.4738050920238275,1.0,0.0,9.208333333333334,1.4738050920238275,0.0,0.2916666666666667,0.5714285714285714,2.0,2.05,0.675390625,0.16666666666666666,0.6,0.0,0.0,0.0,0.0,0.041666666666666664,0.0,0.08333333333333333,0.125,0.25,0.3333333333333333,0.16666666666666666,0.0
S38,early_abrupt,beta_global,8.875,1.701980943029264,1.0,0.0,8.875,1.701980943029264,0.0,0.2916666666666667,0.7142857142857143,2.857142857142857,1.5909090909090908,0.5239701704545454,0.08333333333333333,0.5,0.0,0.0,0.0,0.0,0.125,0.0,0.0,0.125,0.3333333333333333,0.3333333333333333,0.08333333333333333,0.0
S38,early_abrupt,mu_central,8.958333333333334,1.7315277663950703,1.0,0.0,8.958333333333334,1.7315277663950703,0.0,0.2916666666666667,0.8571428571428571,3.0,1.5714285714285714,0.5645461309523809,0.125,0.6190476190476191,0.0,0.0,0.0,0.0,0.08333333333333333,0.041666666666666664,0.041666666666666664,0.125,0.20833333333333334,0.375,0.125,0.0
S38,early_abrupt,beta_central,8.791666666666666,1.9332146390351252,1.0,0.0,8.791666666666666,1.9332146390351252,0.0,0.2916666666666667,0.8571428571428571,3.2857142857142856,2.3181818181818183,0.7251420454545454,0.08333333333333333,0.6818181818181818,0.0,0.0,0.0,0.041666666666666664,0.041666666666666664,0.08333333333333333,0.041666666666666664,0.125,0.16666666666666666,0.375,0.125,0.0
S38,late_abrupt,gait,9.041666666666666,1.5174110293140939,1.0,0.0,9.041666666666666,1.5174110293140939,0.0,0.2916666666666667,0.5714285714285714,2.142857142857143,1.7142857142857142,0.5827752976190477,0.125,0.6190476190476191,0.0,0.0,0.0,0.0,0.0,0.08333333333333333,0.125,0.041666666666666664,0.3333333333333333,0.25,0.16666666666666666,0.0
S38,late_abrupt,theta_global,9.208333333333334,1.444003091248849,1.0,0.0,9.208333333333334,1.444003091248849,0.0,0.20833333333333334,0.8,2.6,1.7,0.5708984375,0.16666666666666666,0.55,0.0,0.0,0.0,0.0,0.041666666666666664,0.0,0.041666666666666664,0.16666666666666666,0.3333333333333333,0.20833333333333334,0.20833333333333334,0.0
S38,late_abrupt,alpha_global,9.166666666666666,1.203858530857692,1.0,0.0,9.166666666666666,1.203858530857692,0.0,0.2916666666666667,0.42857142857142855,1.8571428571428572,2.1363636363636362,0.6873224431818182,0.08333333333333333,0.6818181818181818,0.0,0.0,0.0,0.0,0.0,0.041666666666666664,0.041666666666666664,0.16666666666666666,0.2916666666666667,0.375,0.08333333333333333,0.0
S38,late_abrupt,beta_global,9.0,1.5879984667608413,1.0,0.0,9.0,1.5879984667608413,0.0,0.25,0.8333333333333334,2.6666666666666665,2.1363636363636362,0.6908735795454546,0.08333333333333333,0.45454545454545453,0.0,0.0,0.0,0.0,0.0,0.125,0.08333333333333333,0.08333333333333333,0.20833333333333334,0.375,0.125,0.0
S38,late_abrupt,mu_central,9.75,1.2597446256043843,1.0,0.0,9.75,1.2597446256043843,0.0,0.08333333333333333,0.5,3.0,1.2272727272727273,0.3932883522727273,0.08333333333333333,0.18181818181818182,0.0,0.0,0.0,0.0,0.041666666666666664,0.0,0.0,0.0,0.2916666666666667,0.4166666666666667,0.25,0.0
S38,late_abrupt,beta_central,9.041666666666666,1.458980187804412,1.0,0.0,9.041666666666666,1.458980187804412,0.0,0.2916666666666667,0.5714285714285714,2.2857142857142856,1.9047619047619047,0.6222098214285714,0.125,0.6190476190476191,0.0,0.0,0.0,0.0,0.041666666666666664,0.0,0.125,0.08333333333333333,0.3333333333333333,0.2916666666666667,0.125,0.0
S38,early_gradual,gait,8.958333333333334,1.6805580508625224,1.1666666666666667,0.5646597025732799,8.791666666666666,2.1260121204339084,0.08333333333333333,0.2916666666666667,0.7142857142857143,2.2857142857142856,2.6363636363636362,0.8700284090909091,0.08333333333333333,0.5909090909090909,0.0,0.041666666666666664,0.041666666666666664,0.08333333333333333,0.041666666666666664,0.041666666666666664,0.08333333333333333,0.125,0.25,0.3333333333333333,0.125,0.0
S38,early_gradual,theta_global,9.166666666666666,1.2394482175782782,1.0416666666666667,0.2041241452319315,9.125,1.3613452426057167,0.041666666666666664,0.2916666666666667,0.8571428571428571,2.2857142857142856,1.45,0.4482421875,0.16666666666666666,0.55,0.0,0.0,0.0,0.0,0.041666666666666664,0.041666666666666664,0.041666666666666664,0.16666666666666666,0.3333333333333333,0.2916666666666667,0.125,0.0
S38,early_gradual,alpha_global,9.208333333333334,1.2150922908825974,1.0,0.0,9.208333333333334,1.2150922908825974,0.0,0.2916666666666667,0.7142857142857143,1.7142857142857142,1.565217391304348,0.44191576086956524,0.041666666666666664,0.5652173913043478,0.0,0.0,0.0,0.0,0.0,0.0,0.125,0.16666666666666666,0.16666666666666666,0.4583333333333333,0.08333333333333333,0.0
S38,early_gradual,beta_global,9.041666666666666,1.6805580508625224,1.0,0.0,9.041666666666666,1.6805580508625224,0.0,0.25,0.5,2.3333333333333335,1.5714285714285714,0.5329241071428571,0.125,0.5714285714285714,0.0,0.0,0.0,0.0,0.041666666666666664,0.08333333333333333,0.08333333333333333,0.041666666666666664,0.20833333333333334,0.4166666666666667,0.125,0.0
S38,early_gradual,mu_central,9.208333333333334,1.4135729219948654,1.0,0.0,9.208333333333334,1.4135729219948654,0.0,0.2916666666666667,0.42857142857142855,1.8571428571428572,2.0476190476190474,0.6605282738095238,0.125,0.47619047619047616,0.0,0.0,0.0,0.0,0.0,0.08333333333333333,0.041666666666666664,0.08333333333333333,0.3333333333333333,0.2916666666666667,0.16666666666666666,0.0
S38,early_gradual,beta_central,9.125,1.2618998788920721,1.0,0.0,9.125,1.2618998788920721,0.0,0.16666666666666666,0.75,2.5,2.0476190476190474,0.6635044642857143,0.125,0.3333333333333333,0.0,0.0,0.0,0.0,0.0,0.041666666666666664,0.125,0.041666666666666664,0.2916666666666667,0.4583333333333333,0.041666666666666664,0.0
S38,late_gradual,gait,9.25,1.1887150534341144,1.0,0.0,9.25,1.1887150534341144,0.0,0.25,0.5,1.8333333333333333,1.7727272727272727,0.6042258522727273,0.08333333333333333,0.5454545454545454,0.0,0.0,0.0,0.0,0.0,0.041666666666666664,0.041666666666666664,0.125,0.2916666666666667,0.4166666666666667,0.08333333333333333,0.0
S38,late_gradual,theta_global,8.958333333333334,1.8528278426483,1.0416666666666667,0.2041241452319315,8.916666666666666,1.9541854005467711,0.041666666666666664,0.16666666666666666,0.5,3.0,1.7,0.5431640625,0.16666666666666666,0.4,0.0,0.0,0.0,0.041666666666666664,0.125,0.0,0.041666666666666664,0.125,0.20833333333333334,0.3333333333333333,0.16666666666666666,0.0
S38,late_gradual,alpha_global,8.833333333333334,1.632993161855452,1.0,0.0,8.833333333333334,1.632993161855452,0.0,0.25,0.8333333333333334,2.1666666666666665,1.9565217391304348,0.653702445652174,0.041666666666666664,0.5652173913043478,0.0,0.0,0.0,0.0,0.0,0.08333333333333333,0.16666666666666666,0.20833333333333334,0.08333333333333333,0.2916666666666667,0.16666666666666666,0.0
S38,late_gradual,beta_global,8.916666666666666,1.5580552724098262,1.0,0.0,8.916666666666666,1.5580552724098262,0.0,0.25,0.8333333333333334,2.3333333333333335,2.857142857142857,0.9525669642857143,0.125,0.5238095238095238,0.0,0.0,0.0,0.0,0.0,0.125,0.08333333333333333,0.125,0.16666666666666666,0.4166666666666667,0.08333333333333333,0.0
S38,late_gradual,mu_central,8.958333333333334,1.7810394294555532,1.125,0.44842720314644063,8.833333333333334,2.1196116680157253,0.08333333333333333,0.25,0.8333333333333334,2.8333333333333335,1.5,0.5340909090909091,0.08333333333333333,0.45454545454545453,0.0,0.0,0.08333333333333333,0.08333333333333333,0.041666666666666664,0.0,0.0,0.2916666666666667,0.20833333333333334,0.20833333333333334,0.20833333333333334,0.0
S38,late_gradual,beta_central,9.125,1.4237885773679595,1.0,0.0,9.125,1.4237885773679595,0.0,0.2916666666666667,0.42857142857142855,1.7142857142857142,2.0,0.6518342391304348,0.041666666666666664,0.6521739130434783,0.0,0.0,0.0,0.0,0.0,0.08333333333333333,0.041666666666666664,0.125,0.3333333333333333,0.25,0.16666666666666666,0.0
S39,baseline,gait,9.208333333333334,1.7687914485336584,1.0833333333333333,0.408248290463863,9.125,2.0496553262736006,0.041666666666666664,0.25,0.5,2.1666666666666665,1.55,0.5244140625,0.16666666666666666,0.5,0.0,0.041666666666666664,0.041666666666666664,0.041666666666666664,0.0,0.041666666666666664,0.08333333333333333,0.08333333333333333,0.16666666666666666,0.375,0.20833333333333334,0.0
S39,baseline,theta_global,9.416666666666666,1.138903617201808,1.0,0.0,9.416666666666666,1.138903617201808,0.0,0.20833333333333334,1.0,2.0,1.8181818181818181,0.6223366477272727,0.08333333333333333,0.45454545454545453,0.0,0.0,0.0,0.0,0.0,0.0,0.08333333333333333,0.08333333333333333,0.3333333333333333,0.3333333333333333,0.16666666666666666,0.0
S39,baseline,alpha_global,8.875,1.701980943029264,1.0,0.0,8.875,1.701980943029264,0.0,0.20833333333333334,0.8,3.4,1.5238095238095237,0.5262276785714286,0.125,0.47619047619047616,0.0,0.0,0.0,0.041666666666666664,0.0,0.08333333333333333,0.0,0.20833333333333334,0.25,0.2916666666666667,0.125,0.0
S39,baseline,beta_global,9.0,1.4744195615489712,1.0,0.0,9.0,1.4744195615489712,0.0,0.2916666666666667,0.7142857142857143,2.142857142857143,1.7727272727272727,0.5930397727272727,0.08333333333333333,0.5909090909090909,0.0,0.0,0.0,0.0,0.041666666666666664,0.0,0.125,0.16666666666666666,0.16666666666666666,0.4166666666666667,0.08333333333333333,0.0
S39,baseline,mu_central,9.041666666666666,1.6010639578422372,1.0416666666666667,0.2041241452319315,9.0,1.7194539072421902,0.041666666666666664,0.2916666666666667,0.8571428571428571,2.857142857142857,1.7619047619047619,0.5731026785714286,0.125,0.7142857142857143,0.0,0.0,0.0,0.041666666666666664,0.041666666666666664,0.08333333333333333,0.0,0.125,0.3333333333333333,0.25,0.16666666666666666,0.0
S39,baseline,beta_central,9.291666666666666,1.1601786469133204,1.0,0.0,9.291666666666666,1.1601786469133204,0.0,0.25,0.6666666666666666,1.8333333333333333,1.8571428571428572,0.5982142857142857,0.125,0.47619047619047616,0.0,0.0,0.0,0.0,0.0,0.041666666666666664,0.0,0.16666666666666666,0.3333333333333333,0.3333333333333333,0.125,0.0
S39,early_abrupt,gait,9.083333333333334,1.316010660280157,1.0,0.0,9.083333333333334,1.316010660280157,0.0,0.25,0.5,2.0,1.8695652173913044,0.6136209239130435,0.041666666666666664,0.43478260869565216,0.0,0.0,0.0,0.0,0.0,0.0,0.16666666666666666,0.16666666666666666,0.20833333333333334,0.3333333333333333,0.125,0.0
S39,early_abrupt,theta_global,9.0,1.4142135623730951,1.0,0.0,9.0,1.4142135623730951,0.0,0.2916666666666667,0.7142857142857143,2.4285714285714284,1.5238095238095237,0.4994419642857143,0.125,0.47619047619047616,0.0,0.0,0.0,0.0,0.0,0.041666666666666664,0.16666666666666666,0.041666666666666664,0.4166666666666667,0.16666666666666666,0.16666666666666666,0.0
S39,early_abrupt,alpha_global,8.916666666666666,1.9318084941243567,1.0,0.0,8.916666666666666,1.9318084941243567,0.0,0.20833333333333334,0.6,3.2,2.1818181818181817,0.703125,0.08333333333333333,0.5909090909090909,0.0,0.0,0.0,0.041666666666666664,0.041666666666666664,0.08333333333333333,0.041666666666666664,0.041666666666666664,0.20833333333333334,0.4166666666666667,0.125,0.0
S39,early_abrupt,beta_global,9.166666666666666,1.4345630047135447,1.0,0.0,9.166666666666666,1.4345630047135447,0.0,0.25,0.6666666666666666,2.5,1.5714285714285714,0.5494791666666666,0.125,0.5238095238095238,0.0,0.0,0.0,0.0,0.041666666666666664,0.0,0.041666666666666664,0.20833333333333334,0.25,0.2916666666666667,0.16666666666666666,0.0
S39,early_abrupt,mu_central,9.416666666666666,1.442120017518492,1.0,0.0,9.416666666666666,1.442120017518492,0.0,0.25,0.6666666666666666,2.3333333333333335,1.9090909090909092,0.6285511363636364,0.08333333333333333,0.5,0.0,0.0,0.0,0.0,0.0,0.08333333333333333,0.041666666666666664,0.041666666666666664,0.25,0.375,0.20833333333333334,0.0
S39,early_abrupt,beta_central,8.833333333333334,1.522773975253762,1.0,0.0,8.833333333333334,1.522773975253762,0.0,0.20833333333333334,0.6,2.2,1.4736842105263157,0.45291940789473684,0.20833333333333334,0.47368421052631576,0.0,0.0,0.0,0.0,0.041666666666666664,0.041666666666666664,0.125,0.08333333333333333,0.3333333333333333,0.2916666666666667,0.08333333333333333,0.0
S39,late_abrupt,gait,9.041666666666666,1.3666578295932035,1.0,0.0,9.041666666666666,1.3666578295932035,0.0,0.2916666666666667,0.8571428571428571,2.2857142857142856,2.0,0.6787574404761905,0.125,0.5714285714285714,0.0,0.0,0.0,0.0,0.0,0.041666666666666664,0.125,0.125,0.2916666666666667,0.2916666666666667,0.125,0.0
S39,late_abrupt,theta_global,9.125,1.3929168644626095,1.0,0.0,9.125,1.3929168644626095,0.0,0.2916666666666667,0.42857142857142855,1.8571428571428572,2.090909090909091,0.6173650568181818,0.08333333333333333,0.5,0.0,0.0,0.0,0.0,0.0,0.125,0.0,0.041666666666666664,0.375,0.375,0.08333333333333333,0.0
S39,late_abrupt,alpha_global,9.208333333333334,1.5597983890531346,1.0,0.0,9.208333333333334,1.5597983890531346,0.0,0.2916666666666667,0.2857142857142857,1.8571428571428572,1.6666666666666667,0.5258556547619048,0.125,0.47619047619047616,0.0,0.0,0.0,0.0,0.08333333333333333,0.0,0.0,0.125,0.25,0.4166666666666667,0.125,0.0
S39,late_abrupt,beta_global,9.041666666666666,1.5174110293140939,1.0,0.0,9.041666666666666,1.5174110293140939,0.0,0.2916666666666667,1.0,2.4285714285714284,2.090909090909091,0.6617542613636364,0.08333333333333333,0.5,0.0,0.0,0.0,0.0,0.041666666666666664,0.0,0.125,0.16666666666666666,0.16666666666666666,0.375,0.125,0.0
S39,late_abrupt,mu_central,8.916666666666666,1.5298953265321544,1.0,0.0,8.916666666666666,1.5298953265321544,0.0,0.25,0.8333333333333334,2.8333333333333335,1.7142857142857142,0.5318080357142857,0.125,0.47619047619047616,0.0,0.0,0.0,0.0,0.0,0.125,0.041666666666666664,0.16666666666666666,0.25,0.2916666666666667,0.125,0.0
S39,late_abrupt,beta_central,8.875,1.5690623065191294,1.0,0.0,8.875,1.5690623065191294,0.0,0.25,0.8333333333333334,2.3333333333333335,1.6956521739130435,0.5236073369565217,0.041666666666666664,0.5652173913043478,0.0,0.0,0.0,0.0,0.0,0.125,0.08333333333333333,0.125,0.25,0.2916666666666667,0.125,0.0
S39,early_gradual,gait,8.791666666666666,1.4440030912488493,1.0833333333333333,0.408248290463863,8.708333333333334,1.7564580631305242,0.041666666666666664,0.20833333333333334,0.4,1.8,2.090909090909091,0.6951349431818182,0.08333333333333333,0.4090909090909091,0.0,0.041666666666666664,0.041666666666666664,0.041666666666666664,0.0,0.0,0.08333333333333333,0.20833333333333334,0.3333333333333333,0.2916666666666667,0.041666666666666664,0.0
S39,early_gradual,theta_global,8.708333333333334,1.899179838238342,1.0,0.0,8.708333333333334,1.899179838238342,0.0,0.2916666666666667,1.0,3.4285714285714284,2.1904761904761907,0.7533482142857143,0.125,0.6190476190476191,0.0,0.0,0.0,0.0,0.08333333333333333,0.08333333333333333,0.125,0.041666666666666664,0.25,0.25,0.16666666666666666,0.0
S39,early_gradual,alpha_global,9.125,1.2958965337120694,1.0,0.0,9.125,1.2958965337120694,0.0,0.2916666666666667,0.5714285714285714,2.142857142857143,2.142857142857143,0.7312127976190477,0.125,0.6190476190476191,0.0,0.0,0.0,0.0,0.0,0.08333333333333333,0.0,0.16666666666666666,0.2916666666666667,0.375,0.08333333333333333,0.0
S39,early_gradual,beta_global,8.791666666666666,1.8172881532338392,1.0833333333333333,0.408248290463863,8.708333333333334,2.0742555849952673,0.041666666666666664,0.20833333333333334,0.6,2.4,2.1739130434782608,0.6557404891304348,0.041666666666666664,0.5652173913043478,0.0,0.041666666666666664,0.041666666666666664,0.041666666666666664,0.041666666666666664,0.041666666666666664,0.08333333333333333,0.041666666666666664,0.375,0.25,0.125,0.0
S39,early_gradual,mu_central,8.916666666666666,1.5298953265321544,1.0,0.0,8.916666666666666,1.5298953265321544,0.0,0.375,0.4444444444444444,1.7777777777777777,1.6,0.4708984375,0.16666666666666666,0.75,0.0,0.0,0.0,0.0,0.041666666666666664,0.041666666666666664,0.041666666666666664,0.25,0.20833333333333334,0.2916666666666667,0.125,0.0
S39,early_gradual,beta_central,9.5,0.9325048082403138,1.0,0.0,9.5,0.9325048082403138,0.0,0.25,0.3333333333333333,1.5,2.090909090909091,0.6908735795454546,0.08333333333333333,0.4090909090909091,0.0,0.0,0.0,0.0,0.0,0.0,0.0,0.16666666666666666,0.2916666666666667,0.4166666666666667,0.125,0.0
S39,late_gradual,gait,9.166666666666666,1.307725096316589,1.0,0.0,9.166666666666666,1.307725096316589,0.0,0.16666666666666666,0.75,2.25,2.1739130434782608,0.7326766304347826,0.041666666666666664,0.5217391304347826,0.0,0.0,0.0,0.0,0.0,0.041666666666666664,0.08333333333333333,0.125,0.2916666666666667,0.3333333333333333,0.125,0.0
S39,late_gradual,theta_global,9.458333333333334,1.1787674722451364,1.0,0.0,9.458333333333334,1.1787674722451364,0.0,0.16666666666666666,1.0,2.25,1.7142857142857142,0.5226934523809523,0.125,0.3333333333333333,0.0,0.0,0.0,0.0,0.0,0.041666666666666664,0.0,0.16666666666666666,0.16666666666666666,0.5,0.125,0.0
S39,late_gradual,alpha_global,9.208333333333334,1.3824731042801415,1.0,0.0,9.208333333333334,1.3824731042801415,0.0,0.25,0.5,2.1666666666666665,2.0,0.6508556547619048,0.125,0.5238095238095238,0.0,0.0,0.0,0.0,0.0,0.08333333333333333,0.041666666666666664,0.08333333333333333,0.2916666666666667,0.375,0.125,0.0
S39,late_gradual,beta_global,9.208333333333334,1.5030162910010298,1.0416666666666667,0.2041241452319315,9.166666666666666,1.6594044679962139,0.041666666666666664,0.16666666666666666,1.0,3.25,1.2380952380952381,0.38374255952380953,0.125,0.42857142857142855,0.0,0.0,0.041666666666666664,0.041666666666666664,0.0,0.0,0.041666666666666664,0.08333333333333333,0.4166666666666667,0.25,0.16666666666666666,0.0
S39,late_gradual,mu_central,9.125,1.872280636712535,1.0,0.0,9.125,1.872280636712535,0.0,0.20833333333333334,0.8,3.2,1.4285714285714286,0.5176711309523809,0.125,0.42857142857142855,0.0,0.0,0.0,0.041666666666666664,0.0,0.08333333333333333,0.08333333333333333,0.0,0.2916666666666667,0.25,0.25,0.0
S39,late_gradual,beta_central,8.916666666666666,1.7424786610050553,1.125,0.44842720314644063,8.791666666666666,2.0847096902815085,0.08333333333333333,0.20833333333333334,0.8,2.8,2.1739130434782608,0.7049932065217391,0.041666666666666664,0.5652173913043478,0.0,0.0,0.08333333333333333,0.08333333333333333,0.041666666666666664,0.041666666666666664,0.041666666666666664,0.0,0.4166666666666667,0.3333333333333333,0.08333333333333333,0.0
S40,baseline,gait,9.25,0.9890707100936805,1.0,0.0,9.25,0.9890707100936805,0.0,0.2916666666666667,0.42857142857142855,1.4285714285714286,2.0454545454545454,0.6882102272727273,0.08333333333333333,0.5,0.0,0.0,0.0,0.0,0.0,0.0,0.08333333333333333,0.08333333333333333,0.375,0.4166666666666667,0.041666666666666664,0.0
S40,baseline,theta_global,9.375,1.0134958870382644,1.0,0.0,9.375,1.0134958870382644,0.0,0.2916666666666667,0.5714285714285714,1.7142857142857142,1.6666666666666667,0.5811011904761905,0.125,0.5714285714285714,0.0,0.0,0.0,0.0,0.0,0.0,0.041666666666666664,0.125,0.375,0.3333333333333333,0.125,0.0
S40,baseline,alpha_global,9.291666666666666,1.7062332443303203,1.0,0.0,9.291666666666666,1.7062332443303203,0.0,0.2916666666666667,0.2857142857142857,1.7142857142857142,2.0434782608695654,0.6784986413043478,0.041666666666666664,0.5652173913043478,0.0,0.0,0.0,0.041666666666666664,0.0,0.041666666666666664,0.041666666666666664,0.08333333333333333,0.20833333333333334,0.375,0.20833333333333334,0.0
S40,baseline,beta_global,8.958333333333334,1.6544844636864107,1.0,0.0,8.958333333333334,1.6544844636864107,0.0,0.16666666666666666,1.0,2.75,1.9047619047619047,0.6240699404761905,0.125,0.3333333333333333,0.0,0.0,0.0,0.041666666666666664,0.0,0.041666666666666664,0.0,0.2916666666666667,0.20833333333333334,0.25,0.16666666666666666,0.0
S40,baseline,mu_central,8.833333333333334,2.1196116680157253,1.0,0.0,8.833333333333334,2.1196116680157253,0.0,0.25,0.5,2.6666666666666665,2.217391304347826,0.7800611413043478,0.041666666666666664,0.6521739130434783,0.0,0.0,0.041666666666666664,0.041666666666666664,0.041666666666666664,0.0,0.041666666666666664,0.08333333333333333,0.25,0.375,0.125,0.0
S40,baseline,beta_central,9.125,1.3613452426057167,1.0,0.0,9.125,1.3613452426057167,0.0,0.25,0.8333333333333334,2.5,1.9090909090909092,0.646484375,0.08333333333333333,0.6363636363636364,0.0,0.0,0.0,0.0,0.0,0.08333333333333333,0.041666666666666664,0.08333333333333333,0.375,0.2916666666666667,0.125,0.0
S40,early_abrupt,gait,8.875,1.6500988112705621,1.0,0.0,8.875,1.6500988112705621,0.0,0.2916666666666667,0.5714285714285714,2.4285714285714284,1.6363636363636365,0.5774147727272727,0.08333333333333333,0.7727272727272727,0.0,0.0,0.0,0.041666666666666664,0.041666666666666664,0.0,0.041666666666666664,0.125,0.375,0.2916666666666667,0.08333333333333333,0.0
S40,early_abrupt,theta_global,8.875,1.596531566702726,1.0833333333333333,0.28232985128663995,8.791666666666666,1.793203755891931,0.08333333333333333,0.20833333333333334,0.8,3.2,1.7142857142857142,0.6160714285714286,0.125,0.5714285714285714,0.0,0.0,0.0,0.041666666666666664,0.08333333333333333,0.08333333333333333,0.08333333333333333,0.041666666666666664,0.3333333333333333,0.3333333333333333,0.08333333333333333,0.0
S40,early_abrupt,alpha_global,8.75,1.5108304655560048,1.0,0.0,8.75,1.5108304655560048,0.0,0.2916666666666667,0.8571428571428571,2.5714285714285716,1.7,0.613671875,0.16666666666666666,0.65,0.0,0.0,0.0,0.0,0.0,0.125,0.08333333333333333,0.125,0.375,0.16666666666666666,0.125,0.0
S40,early_abrupt,beta_global,8.708333333333334,1.6544844636864107,1.0,0.0,8.708333333333334,1.6544844636864107,0.0,0.25,0.8333333333333334,2.6666666666666665,2.0,0.6638671875,0.16666666666666666,0.65,0.0,0.0,0.0,0.0,0.08333333333333333,0.0,0.125,0.20833333333333334,0.16666666666666666,0.3333333333333333,0.08333333333333333,0.0
S40,early_abrupt,mu_central,8.75,1.4817733206914758,1.0,0.0,8.75,1.4817733206914758,0.0,0.25,0.8333333333333334,2.8333333333333335,1.8636363636363635,0.6136363636363636,0.08333333333333333,0.6363636363636364,0.0,0.0,0.0,0.041666666666666664,0.0,0.0,0.125,0.125,0.4583333333333333,0.16666666666666666,0.08333333333333333,0.0
S40,early_abrupt,beta_central,9.291666666666666,1.6544844636864109,1.0416666666666667,0.2041241452319315,9.25,1.7997584378973221,0.041666666666666664,0.20833333333333334,1.0,2.8,1.8181818181818181,0.5838068181818182,0.08333333333333333,0.4090909090909091,0.0,0.0,0.041666666666666664,0.041666666666666664,0.0,0.041666666666666664,0.0,0.16666666666666666,0.125,0.4583333333333333,0.16666666666666666,0.0
S40,late_abrupt,gait,9.0,1.179535649239177,1.0,0.0,9.0,1.179535649239177,0.0,0.20833333333333334,0.8,2.6,1.8571428571428572,0.6024925595238095,0.125,0.47619047619047616,0.0,0.0,0.0,0.0,0.0,0.0,0.16666666666666666,0.125,0.2916666666666667,0.375,0.041666666666666664,0.0
S40,late_abrupt,theta_global,9.375,1.3452816094393218,1.0,0.0,9.375,1.3452816094393218,0.0,0.16666666666666666,0.5,2.0,2.1818181818181817,0.732421875,0.08333333333333333,0.3181818181818182,0.0,0.0,0.0,0.0,0.0,0.08333333333333333,0.0,0.125,0.16666666666666666,0.5,0.125,0.0
S40,late_abrupt,alpha_global,8.791666666666666,2.126012120433909,1.0416666666666667,0.2041241452319315,8.75,2.211629342323457,0.041666666666666664,0.25,0.8333333333333334,3.5,2.142857142857143,0.7180059523809523,0.125,0.5714285714285714,0.0,0.0,0.041666666666666664,0.041666666666666664,0.08333333333333333,0.041666666666666664,0.0,0.125,0.2916666666666667,0.20833333333333334,0.20833333333333334,0.0
S40,late_abrupt,beta_global,8.416666666666666,2.320357293826641,1.0416666666666667,0.2041241452319315,8.375,2.4103490636618696,0.041666666666666664,0.20833333333333334,1.0,5.2,2.0,0.6876775568181818,0.08333333333333333,0.5,0.0,0.0,0.08333333333333333,0.041666666666666664,0.125,0.0,0.041666666666666664,0.041666666666666664,0.3333333333333333,0.25,0.125,0.0
S40,late_abrupt,mu_central,9.125,1.4836060651405207,1.0,0.0,9.125,1.4836060651405207,0.0,0.16666666666666666,1.0,3.0,1.9523809523809523,0.6279761904761905,0.125,0.42857142857142855,0.0,0.0,0.0,0.0,0.0,0.08333333333333333,0.08333333333333333,0.125,0.16666666666666666,0.4166666666666667,0.125,0.0
S40,late_abrupt,beta_central,9.125,1.2618998788920721,1.0,0.0,9.125,1.2618998788920721,0.0,0.125,0.6666666666666666,2.6666666666666665,1.5,0.47798295454545453,0.08333333333333333,0.4090909090909091,0.0,0.0,0.0,0.0,0.041666666666666664,0.0,0.041666666666666664,0.125,0.3333333333333333,0.4166666666666667,0.041666666666666664,0.0
S40,early_gradual,gait,9.0,1.3831281496162493,1.0,0.0,9.0,1.3831281496162493,0.0,0.25,0.8333333333333334,2.8333333333333335,1.6,0.505859375,0.16666666666666666,0.6,0.0,0.0,0.0,0.0,0.0,0.041666666666666664,0.125,0.16666666666666666,0.25,0.2916666666666667,0.125,0.0
S40,early_gradual,theta_global,9.375,1.3452816094393218,1.0,0.0,9.375,1.3452816094393218,0.0,0.20833333333333334,0.6,2.0,1.5238095238095237,0.5163690476190477,0.125,0.38095238095238093,0.0,0.0,0.0,0.0,0.0,0.041666666666666664,0.08333333333333333,0.08333333333333333,0.20833333333333334,0.4166666666666667,0.16666666666666666,0.0
S40,early_gradual,alpha_global,8.791666666666666,1.7440374613713625,1.0,0.0,8.791666666666666,1.7440374613713625,0.0,0.25,0.8333333333333334,3.0,2.3636363636363638,0.8316761363636364,0.08333333333333333,0.7272727272727273,0.0,0.0,0.0,0.041666666666666664,0.0,0.125,0.0,0.125,0.2916666666666667,0.3333333333333333,0.08333333333333333,0.0
S40,early_gradual,beta_global,9.166666666666666,1.493949148388597,1.0,0.0,9.166666666666666,1.493949148388597,0.0,0.20833333333333334,0.6,3.0,1.8571428571428572,0.6041666666666666,0.125,0.47619047619047616,0.0,0.0,0.0,0.0,0.041666666666666664,0.041666666666666664,0.0,0.16666666666666666,0.2916666666666667,0.2916666666666667,0.16666666666666666,0.0
S40,early_gradual,mu_central,8.791666666666666,1.5597983890531346,1.0416666666666667,0.2041241452319315,8.75,1.6746187106583268,0.041666666666666664,0.20833333333333334,0.4,2.2,1.9090909090909092,0.6024502840909091,0.08333333333333333,0.5454545454545454,0.0,0.0,0.0,0.041666666666666664,0.041666666666666664,0.041666666666666664,0.125,0.16666666666666666,0.20833333333333334,0.3333333333333333,0.08333333333333333,0.0
S40,early_gradual,beta_central,9.208333333333334,1.2503622663458174,1.0,0.0,9.208333333333334,1.2503622663458174,0.0,0.25,0.5,1.8333333333333333,1.9523809523809523,0.6867559523809523,0.125,0.47619047619047616,0.0,0.0,0.0,0.0,0.0,0.041666666666666664,0.08333333333333333,0.041666666666666664,0.4166666666666667,0.2916666666666667,0.125,0.0
S40,late_gradual,gait,9.041666666666666,1.4288690166235205,1.0,0.0,9.041666666666666,1.4288690166235205,0.0,0.25,0.6666666666666666,2.1666666666666665,1.6818181818181819,0.5891335227272727,0.08333333333333333,0.5454545454545454,0.0,0.0,0.0,0.0,0.041666666666666664,0.041666666666666664,0.041666666666666664,0.08333333333333333,0.375,0.3333333333333333,0.08333333333333333,0.0
S40,late_gradual,theta_global,9.0,1.6151457061744965,1.0416666666666667,0.2041241452319315,8.958333333333334,1.756458063130524,0.041666666666666664,0.16666666666666666,1.0,3.25,1.9523809523809523,0.7046130952380952,0.125,0.38095238095238093,0.0,0.0,0.041666666666666664,0.041666666666666664,0.0,0.0,0.125,0.16666666666666666,0.125,0.4583333333333333,0.08333333333333333,0.0
S40,late_gradual,alpha_global,9.25,1.5673294928413855,1.0,0.0,9.25,1.5673294928413855,0.0,0.16666666666666666,0.75,2.75,1.1904761904761905,0.36142113095238093,0.125,0.5238095238095238,0.0,0.0,0.0,0.0,0.041666666666666664,0.041666666666666664,0.041666666666666664,0.08333333333333333,0.2916666666666667,0.2916666666666667,0.20833333333333334,0.0
S40,late_gradual,beta_global,8.916666666666666,1.316010660280157,1.0,0.0,8.916666666666666,1.316010660280157,0.0,0.20833333333333334,1.0,2.4,2.1,0.6958984375,0.16666666666666666,0.5,0.0,0.0,0.0,0.0,0.0,0.041666666666666664,0.16666666666666666,0.08333333333333333,0.2916666666666667,0.375,0.041666666666666664,0.0
S40,late_gradual,mu_central,9.041666666666666,1.1970676733137326,1.0,0.0,9.041666666666666,1.1970676733137326,0.0,0.25,0.6666666666666666,1.8333333333333333,2.1363636363636362,0.6917613636363636,0.08333333333333333,0.5454545454545454,0.0,0.0,0.0,0.0,0.0,0.0,0.125,0.20833333333333334,0.25,0.3333333333333333,0.08333333333333333,0.0
S40,late_gradual,beta_central,8.666666666666666,1.857222485950146,1.0416666666666667,0.2041241452319315,8.625,1.9740159904202355,0.041666666666666664,0.16666666666666666,1.0,3.75,1.380952380952381,0.47842261904761907,0.125,0.47619047619047616,0.0,0.0,0.041666666666666664,0.041666666666666664,0.08333333333333333,0.0,0.041666666666666664,0.20833333333333334,0.20833333333333334,0.3333333333333333,0.08333333333333333,0.0
S41,baseline,gait,9.416666666666666,1.3486439781165913,1.0,0.0,9.416666666666666,1.3486439781165913,0.0,0.20833333333333334,0.8,2.4,1.9545454545454546,0.6550071022727273,0.08333333333333333,0.4090909090909091,0.0,0.0,0.0,0.0,0.041666666666666664,0.0,0.041666666666666664,0.041666666666666664,0.3333333333333333,0.375,0.16666666666666666,0.0
S41,baseline,theta_global,9.333333333333334,1.1671841502435296,1.0,0.0,9.333333333333334,1.1671841502435296,0.0,0.20833333333333334,0.8,2.2,1.3181818181818181,0.4875710227272727,0.08333333333333333,0.4090909090909091,0.0,0.0,0.0,0.0,0.0,0.0,0.08333333333333333,0.125,0.3333333333333333,0.2916666666666667,0.16666666666666666,0.0
S41,baseline,alpha_global,8.833333333333334,1.7610932046210157,1.0416666666666667,0.2041241452319315,8.791666666666666,1.8645238736369987,0.041666666666666664,0.25,0.8333333333333334,3.1666666666666665,1.55,0.5173828125,0.16666666666666666,0.65,0.0,0.0,0.0,0.041666666666666664,0.08333333333333333,0.041666666666666664,0.125,0.041666666666666664,0.20833333333333334,0.4166666666666667,0.08333333333333333,0.0
S41,baseline,beta_global,9.083333333333334,1.3805061033726997,1.0,0.0,9.083333333333334,1.3805061033726997,0.0,0.2916666666666667,0.7142857142857143,2.2857142857142856,1.7619047619047619,0.5939360119047619,0.125,0.6666666666666666,0.0,0.0,0.0,0.0,0.0,0.041666666666666664,0.125,0.125,0.25,0.3333333333333333,0.125,0.0
S41,baseline,mu_central,9.375,0.9696480760071398,1.0,0.0,9.375,0.9696480760071398,0.0,0.20833333333333334,0.4,1.6,2.0869565217391304,0.6824048913043478,0.041666666666666664,0.34782608695652173,0.0,0.0,0.0,0.0,0.0,0.0,0.0,0.20833333333333334,0.3333333333333333,0.3333333333333333,0.125,0.0
S41,baseline,beta_central,8.791666666666666,1.6934443076725039,1.0833333333333333,0.408248290463863,8.708333333333334,1.9666605256597811,0.041666666666666664,0.3333333333333333,0.625,2.375,3.227272727272727,1.0834517045454546,0.08333333333333333,0.5909090909090909,0.0,0.041666666666666664,0.041666666666666664,0.041666666666666664,0.041666666666666664,0.0,0.08333333333333333,0.16666666666666666,0.20833333333333334,0.4166666666666667,0.041666666666666664,0.0
S41,early_abrupt,gait,9.166666666666666,1.5227739752537621,1.0416666666666667,0.2041241452319315,9.125,1.6762406177800526,0.041666666666666664,0.20833333333333334,0.6,2.4,2.0454545454545454,0.6970880681818182,0.08333333333333333,0.45454545454545453,0.0,0.0,0.041666666666666664,0.041666666666666664,0.0,0.0,0.08333333333333333,0.041666666666666664,0.375,0.3333333333333333,0.125,0.0
S41,early_abrupt,theta_global,9.625,0.9696480760071398,1.0,0.0,9.625,0.9696480760071398,0.0,0.25,0.3333333333333333,1.3333333333333333,1.5238095238095237,0.5383184523809523,0.125,0.38095238095238093,0.0,0.0,0.0,0.0,0.0,0.0,0.041666666666666664,0.041666666666666664,0.3333333333333333,0.4166666666666667,0.16666666666666666,0.0
S41,early_abrupt,alpha_global,9.666666666666666,0.9630868246861537,1.0,0.0,9.666666666666666,0.9630868246861537,0.0,0.20833333333333334,0.4,1.4,1.4545454545454546,0.4446022727272727,0.08333333333333333,0.4090909090909091,0.0,0.0,0.0,0.0,0.0,0.0,0.041666666666666664,0.041666666666666664,0.2916666666666667,0.4583333333333333,0.16666666666666666,0.0
S41,early_abrupt,beta_global,8.958333333333334,1.4288690166235207,1.0,0.0,8.958333333333334,1.4288690166235207,0.0,0.2916666666666667,0.7142857142857143,2.4285714285714284,1.8095238095238095,0.5744047619047619,0.125,0.6190476190476191,0.0,0.0,0.0,0.0,0.0,0.041666666666666664,0.16666666666666666,0.125,0.25,0.2916666666666667,0.125,0.0
S41,early_abrupt,mu_central,9.416666666666666,1.2481870911416901,1.0,0.0,9.416666666666666,1.2481870911416901,0.0,0.25,0.3333333333333333,2.0,1.6666666666666667,0.5342261904761905,0.125,0.47619047619047616,0.0,0.0,0.0,0.0,0.041666666666666664,0.0,0.0,0.08333333333333333,0.3333333333333333,0.4166666666666667,0.125,0.0
S41,early_abrupt,beta_central,8.625,1.6632210760527557,1.0,0.0,8.625,1.6632210760527557,0.0,0.2916666666666667,0.5714285714285714,2.0,2.090909090909091,0.7393465909090909,0.08333333333333333,0.6818181818181818,0.0,0.0,0.0,0.0,0.041666666666666664,0.125,0.041666666666666664,0.16666666666666666,0.3333333333333333,0.16666666666666666,0.125,0.0
S41,late_abrupt,gait,8.916666666666666,1.316010660280157,1.0,0.0,8.916666666666666,1.316010660280157,0.0,0.16666666666666666,0.75,2.25,1.4545454545454546,0.47602982954545453,0.08333333333333333,0.36363636363636365,0.0,0.0,0.0,0.0,0.0,0.041666666666666664,0.125,0.16666666666666666,0.2916666666666667,0.2916666666666667,0.08333333333333333,0.0
S41,late_abrupt,theta_global,9.75,0.7939992333804207,1.0,0.0,9.75,0.7939992333804207,0.0,0.125,0.0,1.0,1.2272727272727273,0.416015625,0.08333333333333333,0.22727272727272727,0.0,0.0,0.0,0.0,0.0,0.0,0.0,0.08333333333333333,0.20833333333333334,0.5833333333333334,0.125,0.0
S41,late_abrupt,alpha_global,9.333333333333334,1.2740441145412122,1.0,0.0,9.333333333333334,1.2740441145412122,0.0,0.16666666666666666,0.75,2.25,1.6363636363636365,0.5960582386363636,0.08333333333333333,0.45454545454545453,0.0,0.0,0.0,0.0,0.0,0.041666666666666664,0.041666666666666664,0.08333333333333333,0.4166666666666667,0.20833333333333334,0.20833333333333334,0.0
S41,late_abrupt,beta_global,8.791666666666666,1.9995470501583859,1.0,0.0,8.791666666666666,1.9995470501583859,0.0,0.20833333333333334,1.0,3.6,2.1363636363636362,0.6999289772727273,0.08333333333333333,0.5454545454545454,0.0,0.0,0.0,0.08333333333333333,0.041666666666666664,0.0,0.041666666666666664,0.125,0.25,0.3333333333333333,0.125,0.0
S41,late_abrupt,mu_central,8.875,1.962972457668527,1.0,0.0,8.875,1.962972457668527,0.0,0.3333333333333333,0.625,2.625,1.7272727272727273,0.5580610795454546,0.08333333333333333,0.5909090909090909,0.0,0.0,0.041666666666666664,0.0,0.08333333333333333,0.0,0.0,0.08333333333333333,0.375,0.2916666666666667,0.125,0.0
S41,late_abrupt,beta_central,8.708333333333334,1.8528278426483,1.0,0.0,8.708333333333334,1.8528278426483,0.0,0.2916666666666667,0.7142857142857143,2.7142857142857144,1.7142857142857142,0.5922619047619048,0.125,0.6666666666666666,0.0,0.0,0.0,0.041666666666666664,0.041666666666666664,0.08333333333333333,0.0,0.16666666666666666,0.2916666666666667,0.25,0.125,0.0
S41,early_gradual,gait,8.75,1.6746187106583268,1.0,0.0,8.75,1.6746187106583268,0.0,0.2916666666666667,0.8571428571428571,2.4285714285714284,2.1739130434782608,0.7175611413043478,0.041666666666666664,0.5652173913043478,0.0,0.0,0.0,0.0,0.041666666666666664,0.08333333333333333,0.125,0.08333333333333333,0.2916666666666667,0.25,0.125,0.0
S41,early_gradual,theta_global,9.25,1.3909646324388165,1.0,0.0,9.25,1.3909646324388165,0.0,0.25,0.3333333333333333,2.0,1.380952380952381,0.45944940476190477,0.125,0.47619047619047616,0.0,0.0,0.0,0.0,0.041666666666666664,0.041666666666666664,0.0,0.041666666666666664,0.4166666666666667,0.3333333333333333,0.125,0.0
S41,early_gradual,alpha_global,9.208333333333334,1.1025333147551268,1.0,0.0,9.208333333333334,1.1025333147551268,0.0,0.25,0.5,1.6666666666666667,1.8571428571428572,0.6491815476190477,0.125,0.42857142857142855,0.0,0.0,0.0,0.0,0.0,0.0,0.041666666666666664,0.25,0.2916666666666667,0.2916666666666667,0.125,0.0
S41,early_gradual,beta_global,9.125,1.596531566702726,1.0,0.0,9.125,1.596531566702726,0.0,0.25,0.8333333333333334,2.6666666666666665,2.0454545454545454,0.6857244318181818,0.08333333333333333,0.5909090909090909,0.0,0.0,0.0,0.0,0.08333333333333333,0.0,0.041666666666666664,0.08333333333333333,0.2916666666666667,0.375,0.125,0.0
S41,early_gradual,mu_central,9.25,1.1131623577819225,1.0,0.0,9.25,1.1131623577819225,0.0,0.16666666666666666,0.75,2.0,2.1818181818181817,0.7043678977272727,0.08333333333333333,0.36363636363636365,0.0,0.0,0.0,0.0,0.0,0.0,0.08333333333333333,0.20833333333333334,0.125,0.5416666666666666,0.041666666666666664,0.0
S41,early_gradual,beta_central,8.875,1.541103500742244,1.0,0.0,8.875,1.541103500742244,0.0,0.25,1.0,2.6666666666666665,1.8636363636363635,0.6326349431818182,0.08333333333333333,0.5909090909090909,0.0,0.0,0.0,0.0,0.041666666666666664,0.0,0.20833333333333334,0.08333333333333333,0.20833333333333334,0.375,0.08333333333333333,0.0
S41,late_gradual,gait,9.041666666666666,1.334465099374755,1.0,0.0,9.041666666666666,1.334465099374755,0.0,0.2916666666666667,0.5714285714285714,1.8571428571428572,2.0,0.6756036931818182,0.08333333333333333,0.6818181818181818,0.0,0.0,0.0,0.0,0.041666666666666664,0.0,0.041666666666666664,0.20833333333333334,0.2916666666666667,0.3333333333333333,0.08333333333333333,0.0
S41,late_gradual,theta_global,9.458333333333334,1.350657381543832,1.0,0.0,9.458333333333334,1.350657381543832,0.0,0.25,0.5,1.8333333333333333,1.6666666666666667,0.5186011904761905,0.125,0.47619047619047616,0.0,0.0,0.0,0.0,0.041666666666666664,0.0,0.0,0.125,0.2916666666666667,0.3333333333333333,0.20833333333333334,0.0
S41,late_gradual,alpha_global,9.25,1.3269776053940743,1.0,0.0,9.25,1.3269776053940743,0.0,0.2916666666666667,0.5714285714285714,2.142857142857143,1.7272727272727273,0.5225497159090909,0.08333333333333333,0.5909090909090909,0.0,0.0,0.0,0.0,0.0,0.041666666666666664,0.08333333333333333,0.08333333333333333,0.3333333333333333,0.2916666666666667,0.16666666666666666,0.0
S41,late_gradual,beta_global,9.458333333333334,1.141287094417552,1.0,0.0,9.458333333333334,1.141287094417552,0.0,0.25,0.16666666666666666,1.5,1.5238095238095237,0.5457589285714286,0.125,0.42857142857142855,0.0,0.0,0.0,0.0,0.0,0.041666666666666664,0.0,0.125,0.25,0.4583333333333333,0.125,0.0
S41,late_gradual,mu_central,9.5,1.3513278493843524,1.0,0.0,9.5,1.3513278493843524,0.0,0.16666666666666666,1.0,2.75,1.8636363636363635,0.6534090909090909,0.08333333333333333,0.2727272727272727,0.0,0.0,0.0,0.0,0.0,0.08333333333333333,0.0,0.08333333333333333,0.16666666666666666,0.5,0.16666666666666666,0.0
S41,late_gradual,beta_central,8.916666666666666,2.2441550490235675,1.0416666666666667,0.2041241452319315,8.875,2.364823736422617,0.041666666666666664,0.20833333333333334,0.8,2.4,2.3181818181818183,0.7721946022727273,0.08333333333333333,0.5909090909090909,0.0,0.041666666666666664,0.08333333333333333,0.0,0.041666666666666664,0.0,0.041666666666666664,0.041666666666666664,0.20833333333333334,0.4583333333333333,0.125,0.0
S42,baseline,gait,9.166666666666666,1.3405601251996726,1.0416666666666667,0.2041241452319315,9.125,1.3290238326779873,0.041666666666666664,0.20833333333333334,0.8,2.2,1.7142857142857142,0.5271577380952381,0.125,0.5714285714285714,0.0,0.0,0.0,0.0,0.0,0.041666666666666664,0.041666666666666664,0.25,0.25,0.2916666666666667,0.16666666666666666,0.0
S42,baseline,theta_global,9.166666666666666,1.522773975253762,1.0,0.0,9.166666666666666,1.522773975253762,0.0,0.2916666666666667,0.42857142857142855,1.7142857142857142,2.0,0.5941220238095238,0.125,0.47619047619047616,0.0,0.0,0.0,0.0,0.0,0.041666666666666664,0.125,0.20833333333333334,0.08333333333333333,0.3333333333333333,0.20833333333333334,0.0
S42,baseline,alpha_global,9.708333333333334,0.858672720295521,1.0,0.0,9.708333333333334,0.858672720295521,0.0,0.125,0.6666666666666666,1.6666666666666667,1.6363636363636365,0.5426136363636364,0.08333333333333333,0.2727272727272727,0.0,0.0,0.0,0.0,0.0,0.0,0.041666666666666664,0.0,0.2916666666666667,0.5416666666666666,0.125,0.0
S42,baseline,beta_global,9.416666666666666,1.1764599317505433,1.0,0.0,9.416666666666666,1.1764599317505433,0.0,0.16666666666666666,0.5,1.5,1.6818181818181819,0.5284090909090909,0.08333333333333333,0.36363636363636365,0.0,0.0,0.0,0.0,0.0,0.0,0.08333333333333333,0.125,0.25,0.375,0.16666666666666666,0.0
S42,baseline,mu_central,8.583333333333334,1.6918388932104944,1.0416666666666667,0.2041241452319315,8.541666666666666,1.7932037558919307,0.041666666666666664,0.20833333333333334,0.6,2.6,1.7619047619047619,0.5745907738095238,0.125,0.5714285714285714,0.0,0.0,0.0,0.041666666666666664,0.041666666666666664,0.125,0.041666666666666664,0.20833333333333334,0.3333333333333333,0.08333333333333333,0.16666666666666666,0.0
S42,baseline,beta_central,9.291666666666666,1.082636342118332,1.0,0.0,9.291666666666666,1.082636342118332,0.0,0.125,0.6666666666666666,2.0,2.0,0.6857244318181818,0.08333333333333333,0.4090909090909091,0.0,0.0,0.0,0.0,0.0,0.0,0.041666666666666664,0.20833333333333334,0.2916666666666667,0.3333333333333333,0.125,0.0
S42,early_abrupt,gait,9.291666666666666,1.4884823513044847,1.0,0.0,9.291666666666666,1.4884823513044847,0.0,0.20833333333333334,0.6,2.4,1.5714285714285714,0.5135788690476191,0.125,0.47619047619047616,0.0,0.0,0.0,0.0,0.041666666666666664,0.041666666666666664,0.041666666666666664,0.041666666666666664,0.25,0.4583333333333333,0.125,0.0
S42,early_abrupt,theta_global,9.666666666666666,1.1671841502435296,1.0,0.0,9.666666666666666,1.1671841502435296,0.0,0.125,0.3333333333333333,1.3333333333333333,1.7391304347826086,0.5852581521739131,0.041666666666666664,0.34782608695652173,0.0,0.0,0.0,0.0,0.0,0.0,0.08333333333333333,0.08333333333333333,0.125,0.5,0.20833333333333334,0.0
S42,early_abrupt,alpha_global,9.375,1.3125646981983485,1.0,0.0,9.375,1.3125646981983485,0.0,0.25,0.3333333333333333,1.6666666666666667,1.3,0.4107421875,0.16666666666666666,0.5,0.0,0.0,0.0,0.0,0.0,0.041666666666666664,0.041666666666666664,0.125,0.2916666666666667,0.2916666666666667,0.20833333333333334,0.0
S42,early_abrupt,beta_global,9.291666666666666,1.4288690166235205,1.0,0.0,9.291666666666666,1.4288690166235205,0.0,0.25,0.8333333333333334,2.1666666666666665,1.7727272727272727,0.5855823863636364,0.08333333333333333,0.45454545454545453,0.0,0.0,0.0,0.0,0.0,0.0,0.20833333333333334,0.041666666666666664,0.20833333333333334,0.3333333333333333,0.20833333333333334,0.0
S42,early_abrupt,mu_central,9.25,1.2597446256043843,1.0,0.0,9.25,1.2597446256043843,0.0,0.3333333333333333,0.625,1.875,1.9090909090909092,0.6482599431818182,0.08333333333333333,0.6363636363636364,0.0,0.0,0.0,0.0,0.0,0.041666666666666664,0.08333333333333333,0.041666666666666664,0.375,0.3333333333333333,0.125,0.0
S42,early_abrupt,beta_central,9.125,1.7273377354107426,1.0416666666666667,0.2041241452319315,9.083333333333334,1.886258469694107,0.041666666666666664,0.2916666666666667,0.5714285714285714,2.142857142857143,2.272727272727273,0.7430752840909091,0.08333333333333333,0.5454545454545454,0.0,0.041666666666666664,0.041666666666666664,0.0,0.0,0.0,0.041666666666666664,0.20833333333333334,0.20833333333333334,0.3333333333333333,0.16666666666666666,0.0
S42,late_abrupt,gait,9.041666666666666,1.6544844636864109,1.0,0.0,9.041666666666666,1.6544844636864109,0.0,0.2916666666666667,0.5714285714285714,2.142857142857143,1.7619047619047619,0.6281622023809523,0.125,0.6666666666666666,0.0,0.0,0.0,0.0,0.041666666666666664,0.041666666666666664,0.08333333333333333,0.16666666666666666,0.20833333333333334,0.25,0.20833333333333334,0.0
S42,late_abrupt,theta_global,9.25,1.1131623577819225,1.0416666666666667,0.2041241452319315,9.208333333333334,1.2503622663458176,0.041666666666666664,0.25,0.3333333333333333,1.8333333333333333,1.4761904761904763,0.5111607142857143,0.125,0.5238095238095238,0.0,0.0,0.0,0.0,0.041666666666666664,0.041666666666666664,0.0,0.16666666666666666,0.3333333333333333,0.375,0.08333333333333333,0.0
S42,late_abrupt,alpha_global,9.166666666666666,1.403928236326068,1.0,0.0,9.166666666666666,1.403928236326068,0.0,0.20833333333333334,0.4,1.6,2.130434782608696,0.73046875,0.041666666666666664,0.4782608695652174,0.0,0.0,0.0,0.0,0.041666666666666664,0.0,0.041666666666666664,0.16666666666666666,0.3333333333333333,0.25,0.16666666666666666,0.0
S42,late_abrupt,beta_global,9.166666666666666,1.307725096316589,1.0,0.0,9.166666666666666,1.307725096316589,0.0,0.25,0.8333333333333334,2.5,2.238095238095238,0.7090773809523809,0.125,0.5238095238095238,0.0,0.0,0.0,0.0,0.0,0.041666666666666664,0.08333333333333333,0.125,0.2916666666666667,0.3333333333333333,0.125,0.0
S42,late_abrupt,mu_central,8.875,1.962972457668527,1.125,0.44842720314644063,8.75,2.2698400633180036,0.08333333333333333,0.20833333333333334,1.0,3.8,2.0,0.6436434659090909,0.08333333333333333,0.4090909090909091,0.0,0.0,0.08333333333333333,0.08333333333333333,0.041666666666666664,0.08333333333333333,0.0,0.16666666666666666,0.20833333333333334,0.25,0.20833333333333334,0.0
S42,late_abrupt,beta_central,8.166666666666666,2.0144406207413392,1.0,0.0,8.166666666666666,2.0144406207413392,0.0,0.375,0.7777777777777778,3.3333333333333335,2.2857142857142856,0.7353050595238095,0.125,0.7619047619047619,0.0,0.0,0.0,0.0,0.125,0.16666666666666666,0.08333333333333333,0.125,0.125,0.2916666666666667,0.08333333333333333,0.0
S42,early_gradual,gait,9.541666666666666,1.0206207261596576,1.0,0.0,9.541666666666666,1.0206207261596576,0.0,0.20833333333333334,0.6,1.8,2.0454545454545454,0.6819957386363636,0.08333333333333333,0.3181818181818182,0.0,0.0,0.0,0.0,0.0,0.0,0.0,0.16666666666666666,0.3333333333333333,0.2916666666666667,0.20833333333333334,0.0
S42,early_gradual,theta_global,9.25,1.1515584902738285,1.0,0.0,9.25,1.1515584902738285,0.0,0.20833333333333334,0.6,1.8,1.9523809523809523,0.6043526785714286,0.125,0.38095238095238093,0.0,0.0,0.0,0.0,0.0,0.0,0.041666666666666664,0.25,0.2916666666666667,0.25,0.16666666666666666,0.0
S42,early_gradual,alpha_global,8.75,1.8237562766229864,1.125,0.44842720314644063,8.625,2.1226009475661445,0.08333333333333333,0.2916666666666667,0.8571428571428571,3.0,1.75,0.5943359375,0.16666666666666666,0.75,0.0,0.0,0.041666666666666664,0.08333333333333333,0.08333333333333333,0.08333333333333333,0.041666666666666664,0.125,0.2916666666666667,0.20833333333333334,0.16666666666666666,0.0
S42,early_gradual,beta_global,9.125,1.3613452426057167,1.0,0.0,9.125,1.3613452426057167,0.0,0.25,0.6666666666666666,2.3333333333333335,2.0476190476190474,0.6549479166666666,0.125,0.5238095238095238,0.0,0.0,0.0,0.0,0.0,0.08333333333333333,0.041666666666666664,0.08333333333333333,0.375,0.2916666666666667,0.125,0.0
S42,early_gradual,mu_central,8.791666666666666,1.587427962533067,1.0416666666666667,0.2041241452319315,8.75,1.7257638510425513,0.041666666666666664,0.25,0.8333333333333334,2.5,2.0,0.6419270833333334,0.125,0.6190476190476191,0.0,0.0,0.041666666666666664,0.041666666666666664,0.0,0.041666666666666664,0.08333333333333333,0.125,0.375,0.25,0.08333333333333333,0.0
S42,early_gradual,beta_central,9.041666666666666,1.458980187804412,1.0,0.0,9.041666666666666,1.458980187804412,0.0,0.375,0.7777777777777778,2.2222222222222223,1.9,0.628515625,0.16666666666666666,0.75,0.0,0.0,0.0,0.0,0.0,0.08333333333333333,0.08333333333333333,0.125,0.25,0.3333333333333333,0.125,0.0
S42,late_gradual,gait,9.041666666666666,1.4884823513044847,1.0,0.0,9.041666666666666,1.4884823513044847,0.0,0.20833333333333334,0.6,2.6,2.3181818181818183,0.7977627840909091,0.08333333333333333,0.45454545454545453,0.0,0.0,0.0,0.0,0.0,0.08333333333333333,0.08333333333333333,0.125,0.2916666666666667,0.25,0.16666666666666666,0.0
S42,late_gradual,theta_global,8.375,1.9740159904202355,1.0,0.0,8.375,1.9740159904202355,0.0,0.2916666666666667,1.0,3.5714285714285716,2.3181818181818183,0.8231534090909091,0.08333333333333333,0.6818181818181818,0.0,0.0,0.0,0.041666666666666664,0.041666666666666664,0.125,0.125,0.125,0.125,0.3333333333333333,0.08333333333333333,0.0
S42,late_gradual,alpha_global,9.75,0.9440891630699332,1.0,0.0,9.75,0.9440891630699332,0.0,0.125,0.6666666666666666,2.0,1.5909090909090908,0.5321377840909091,0.08333333333333333,0.2727272727272727,0.0,0.0,0.0,0.0,0.0,0.0,0.041666666666666664,0.0,0.3333333333333333,0.4166666666666667,0.20833333333333334,0.0
S42,late_gradual,beta_global,9.25,1.1515584902738285,1.0,0.0,9.25,1.1515584902738285,0.0,0.3333333333333333,0.625,1.75,1.6363636363636365,0.5198863636363636,0.08333333333333333,0.6818181818181818,0.0,0.0,0.0,0.0,0.0,0.0,0.08333333333333333,0.16666666666666666,0.2916666666666667,0.3333333333333333,0.125,0.0
S42,late_gradual,mu_central,9.458333333333334,1.141287094417552,1.0,0.0,9.458333333333334,1.141287094417552,0.0,0.20833333333333334,0.4,1.4,1.5909090909090908,0.4675071022727273,0.08333333333333333,0.36363636363636365,0.0,0.0,0.0,0.0,0.0,0.0,0.041666666666666664,0.16666666666666666,0.2916666666666667,0.2916666666666667,0.20833333333333334,0.0
S42,late_gradual,beta_central,9.0,1.285369173834303,1.0,0.0,9.0,1.285369173834303,0.0,0.25,0.6666666666666666,2.0,1.4090909090909092,0.4911221590909091,0.08333333333333333,0.5,0.0,0.0,0.0,0.0,0.0,0.0,0.16666666666666666,0.16666666666666666,0.2916666666666667,0.25,0.125,0.0
S43,baseline,gait,8.666666666666666,2.0359095108162064,1.1666666666666667,0.5646597025732799,8.5,2.359071298478354,0.08333333333333333,0.20833333333333334,1.0,3.6,1.9523809523809523,0.6400669642857143,0.125,0.5238095238095238,0.0,0.0,0.041666666666666664,0.08333333333333333,0.16666666666666666,0.08333333333333333,0.041666666666666664,0.16666666666666666,0.08333333333333333,0.3333333333333333,0.16666666666666666,0.0
S43,baseline,theta_global,9.416666666666666,0.9743076322798876,1.0,0.0,9.416666666666666,0.9743076322798876,0.0,0.25,0.5,1.5,1.6363636363636365,0.5443892045454546,0.08333333333333333,0.4090909090909091,0.0,0.0,0.0,0.0,0.0,0.0,0.0,0.20833333333333334,0.2916666666666667,0.375,0.125,0.0
S43,baseline,alpha_global,8.666666666666666,1.9927404479142845,1.0416666666666667,0.2041241452319315,8.625,2.08123082312617,0.041666666666666664,0.16666666666666666,1.0,4.5,1.75,0.588671875,0.16666666666666666,0.55,0.0,0.0,0.0,0.08333333333333333,0.08333333333333333,0.0,0.125,0.125,0.20833333333333334,0.25,0.16666666666666666,0.0
S43,baseline,beta_global,9.083333333333334,1.2128538629008951,1.0,0.0,9.083333333333334,1.2128538629008951,0.0,0.2916666666666667,0.7142857142857143,1.8571428571428572,2.1363636363636362,0.7230113636363636,0.08333333333333333,0.5454545454545454,0.0,0.0,0.0,0.0,0.0,0.041666666666666664,0.08333333333333333,0.08333333333333333,0.4166666666666667,0.2916666666666667,0.08333333333333333,0.0
S43,baseline,mu_central,9.208333333333334,1.6934443076725039,1.0,0.0,9.208333333333334,1.6934443076725039,0.0,0.16666666666666666,1.0,3.25,2.0476190476190474,0.6761532738095238,0.125,0.42857142857142855,0.0,0.0,0.0,0.0,0.0,0.125,0.08333333333333333,0.08333333333333333,0.08333333333333333,0.4166666666666667,0.20833333333333334,0.0
S43,baseline,beta_central,8.875,1.6235361299390263,1.0,0.0,8.875,1.6235361299390263,0.0,0.2916666666666667,0.7142857142857143,2.5714285714285716,1.6666666666666667,0.5638020833333334,0.125,0.7142857142857143,0.0,0.0,0.0,0.0,0.041666666666666664,0.08333333333333333,0.08333333333333333,0.08333333333333333,0.25,0.375,0.08333333333333333,0.0
S43,early_abrupt,gait,9.541666666666666,1.062366786192884,1.0,0.0,9.541666666666666,1.062366786192884,0.0,0.25,0.3333333333333333,1.3333333333333333,1.9545454545454546,0.6434659090909091,0.08333333333333333,0.45454545454545453,0.0,0.0,0.0,0.0,0.0,0.0,0.041666666666666664,0.125,0.25,0.4166666666666667,0.16666666666666666,0.0
S43,early_abrupt,theta_global,9.208333333333334,1.5030162910010298,1.0,0.0,9.208333333333334,1.5030162910010298,0.0,0.16666666666666666,0.75,3.0,1.263157894736842,0.44120065789473684,0.20833333333333334,0.3684210526315789,0.0,0.0,0.0,0.0,0.041666666666666664,0.041666666666666664,0.041666666666666664,0.08333333333333333,0.25,0.4166666666666667,0.125,0.0
S43,early_abrupt,alpha_global,9.416666666666666,1.1764599317505433,1.0,0.0,9.416666666666666,1.1764599317505433,0.0,0.3333333333333333,0.5,1.5,1.6363636363636365,0.5234375,0.08333333333333333,0.5454545454545454,0.0,0.0,0.0,0.0,0.0,0.0,0.041666666666666664,0.20833333333333334,0.25,0.2916666666666667,0.20833333333333334,0.0
S43,early_abrupt,beta_global,9.166666666666666,1.9034674690672027,1.0,0.0,9.166666666666666,1.9034674690672027,0.0,0.16666666666666666,1.0,3.25,1.4285714285714286,0.4810267857142857,0.125,0.38095238095238093,0.0,0.0,0.0,0.0,0.08333333333333333,0.08333333333333333,0.0,0.08333333333333333,0.16666666666666666,0.3333333333333333,0.25,0.0
S43,early_abrupt,mu_central,9.625,1.0555237727226274,1.0,0.0,9.625,1.0555237727226274,0.0,0.20833333333333334,0.2,1.4,1.5238095238095237,0.46521577380952384,0.125,0.38095238095238093,0.0,0.0,0.0,0.0,0.0,0.0,0.041666666666666664,0.08333333333333333,0.2916666666666667,0.375,0.20833333333333334,0.0
S43,early_abrupt,beta_central,9.375,1.2790111669635225,1.0,0.0,9.375,1.2790111669635225,0.0,0.16666666666666666,0.75,2.0,1.9523809523809523,0.6430431547619048,0.125,0.38095238095238093,0.0,0.0,0.0,0.0,0.0,0.041666666666666664,0.041666666666666664,0.125,0.25,0.375,0.16666666666666666,0.0
S43,late_abrupt,gait,9.333333333333334,1.203858530857692,1.0,0.0,9.333333333333334,1.203858530857692,0.0,0.25,0.3333333333333333,1.5,1.7142857142857142,0.5511532738095238,0.125,0.47619047619047616,0.0,0.0,0.0,0.0,0.0,0.041666666666666664,0.0,0.16666666666666666,0.3333333333333333,0.2916666666666667,0.16666666666666666,0.0
S43,late_abrupt,theta_global,9.416666666666666,1.1764599317505433,1.0,0.0,9.416666666666666,1.1764599317505433,0.0,0.25,0.5,1.5,1.7619047619047619,0.54296875,0.125,0.47619047619047616,0.0,0.0,0.0,0.0,0.0,0.0,0.041666666666666664,0.20833333333333334,0.25,0.2916666666666667,0.20833333333333334,0.0
S43,late_abrupt,alpha_global,9.666666666666666,1.203858530857692,1.0,0.0,9.666666666666666,1.203858530857692,0.0,0.16666666666666666,0.5,1.75,1.1904761904761905,0.38244047619047616,0.125,0.38095238095238093,0.0,0.0,0.0,0.0,0.0,0.041666666666666664,0.0,0.08333333333333333,0.25,0.375,0.25,0.0
S43,late_abrupt,beta_global,8.916666666666666,1.3805061033726997,1.0,0.0,8.916666666666666,1.3805061033726997,0.0,0.25,0.8333333333333334,2.3333333333333335,1.6818181818181819,0.5852272727272727,0.08333333333333333,0.5454545454545454,0.0,0.0,0.0,0.0,0.0,0.041666666666666664,0.16666666666666666,0.125,0.25,0.3333333333333333,0.08333333333333333,0.0
S43,late_abrupt,mu_central,8.875,1.7523276445668041,1.0,0.0,8.875,1.7523276445668041,0.0,0.20833333333333334,1.0,3.6,1.7142857142857142,0.5314360119047619,0.125,0.5238095238095238,0.0,0.0,0.0,0.0,0.08333333333333333,0.041666666666666664,0.041666666666666664,0.16666666666666666,0.25,0.25,0.16666666666666666,0.0
S43,late_abrupt,beta_central,9.125,1.0759222535351585,1.0,0.0,9.125,1.0759222535351585,0.0,0.3333333333333333,0.5,1.625,1.8095238095238095,0.6545758928571429,0.125,0.5714285714285714,0.0,0.0,0.0,0.0,0.0,0.0,0.08333333333333333,0.16666666666666666,0.375,0.2916666666666667,0.08333333333333333,0.0
S43,early_gradual,gait,9.083333333333334,1.1764599317505433,1.0,0.0,9.083333333333334,1.1764599317505433,0.0,0.3333333333333333,0.5,1.5,1.5454545454545454,0.5454545454545454,0.08333333333333333,0.5,0.0,0.0,0.0,0.0,0.0,0.0,0.08333333333333333,0.25,0.2916666666666667,0.25,0.125,0.0
S43,early_gradual,theta_global,8.375,1.9518664423304306,1.0833333333333333,0.28232985128663995,8.291666666666666,2.1157621027332723,0.08333333333333333,0.25,1.0,3.6666666666666665,2.0476190476190474,0.69921875,0.125,0.6666666666666666,0.0,0.0,0.041666666666666664,0.08333333333333333,0.041666666666666664,0.08333333333333333,0.125,0.125,0.25,0.25,0.08333333333333333,0.0
S43,early_gradual,alpha_global,8.708333333333334,1.7810394294555534,1.0416666666666667,0.2041241452319315,8.666666666666666,1.9261736493723072,0.041666666666666664,0.2916666666666667,0.7142857142857143,2.142857142857143,2.4545454545454546,0.8243963068181818,0.08333333333333333,0.6363636363636364,0.0,0.041666666666666664,0.041666666666666664,0.0,0.0,0.08333333333333333,0.041666666666666664,0.16666666666666666,0.25,0.375,0.041666666666666664,0.0
S43,early_gradual,beta_global,8.791666666666666,1.5316704909195133,1.0,0.0,8.791666666666666,1.5316704909195133,0.0,0.20833333333333334,1.0,3.0,2.0476190476190474,0.7007068452380952,0.125,0.6666666666666666,0.0,0.0,0.0,0.0,0.0,0.125,0.08333333333333333,0.16666666666666666,0.20833333333333334,0.3333333333333333,0.08333333333333333,0.0
S43,early_gradual,mu_central,9.291666666666666,1.4288690166235207,1.0,0.0,9.291666666666666,1.4288690166235207,0.0,0.25,0.6666666666666666,2.3333333333333335,1.7727272727272727,0.6241122159090909,0.08333333333333333,0.5454545454545454,0.0,0.0,0.0,0.0,0.0,0.08333333333333333,0.041666666666666664,0.08333333333333333,0.25,0.375,0.16666666666666666,0.0
S43,early_gradual,beta_central,9.208333333333334,1.4135729219948654,1.0,0.0,9.208333333333334,1.4135729219948654,0.0,0.3333333333333333,0.625,2.125,1.5909090909090908,0.5122514204545454,0.08333333333333333,0.5454545454545454,0.0,0.0,0.0,0.0,0.0,0.08333333333333333,0.0,0.20833333333333334,0.20833333333333334,0.3333333333333333,0.16666666666666666,0.0
S43,late_gradual,gait,9.416666666666666,0.880546602310508,1.0,0.0,9.416666666666666,0.880546602310508,0.0,0.20833333333333334,0.2,1.4,2.130434782608696,0.7009171195652174,0.041666666666666664,0.34782608695652173,0.0,0.0,0.0,0.0,0.0,0.0,0.0,0.125,0.4583333333333333,0.2916666666666667,0.125,0.0
S43,late_gradual,theta_global,9.5,1.179535649239177,1.0,0.0,9.5,1.179535649239177,0.0,0.25,0.3333333333333333,1.6666666666666667,1.4761904761904763,0.49014136904761907,0.125,0.38095238095238093,0.0,0.0,0.0,0.0,0.0,0.041666666666666664,0.0,0.125,0.25,0.4166666666666667,0.16666666666666666,0.0
S43,late_gradual,alpha_global,9.333333333333334,1.632993161855452,1.0,0.0,9.333333333333334,1.632993161855452,0.0,0.20833333333333334,0.6,2.2,1.4761904761904763,0.4916294642857143,0.125,0.38095238095238093,0.0,0.0,0.0,0.041666666666666664,0.0,0.041666666666666664,0.0,0.08333333333333333,0.2916666666666667,0.3333333333333333,0.20833333333333334,0.0
S43,late_gradual,beta_global,9.166666666666666,1.632993161855452,1.0,0.0,9.166666666666666,1.632993161855452,0.0,0.25,1.0,2.3333333333333335,1.6666666666666667,0.5749627976190477,0.125,0.42857142857142855,0.0,0.0,0.0,0.0,0.0,0.08333333333333333,0.125,0.125,0.08333333333333333,0.375,0.20833333333333334,0.0
S43,late_gradual,mu_central,9.25,1.5948285992135849,1.0,0.0,9.25,1.5948285992135849,0.0,0.25,0.5,2.0,1.35,0.39453125,0.16666666666666666,0.5,0.0,0.0,0.0,0.0,0.041666666666666664,0.041666666666666664,0.041666666666666664,0.125,0.20833333333333334,0.3333333333333333,0.20833333333333334,0.0
S43,late_gradual,beta_central,8.958333333333334,1.6279933411536363,1.0,0.0,8.958333333333334,1.6279933411536363,0.0,0.2916666666666667,0.5714285714285714,2.2857142857142856,2.0952380952380953,0.7033110119047619,0.125,0.5714285714285714,0.0,0.0,0.0,0.0,0.041666666666666664,0.041666666666666664,0.125,0.08333333333333333,0.2916666666666667,0.25,0.16666666666666666,0.0
S44,baseline,gait,9.208333333333334,1.5316704909195136,1.1666666666666667,0.5646597025732799,9.041666666666666,2.031901372706313,0.08333333333333333,0.20833333333333334,0.6,2.6,2.142857142857143,0.7066592261904762,0.125,0.38095238095238093,0.0,0.041666666666666664,0.041666666666666664,0.08333333333333333,0.041666666666666664,0.041666666666666664,0.0,0.041666666666666664,0.4166666666666667,0.3333333333333333,0.125,0.0
S44,baseline,theta_global,9.083333333333334,1.5857152183236398,1.0,0.0,9.083333333333334,1.5857152183236398,0.0,0.25,0.8333333333333334,2.3333333333333335,2.1363636363636362,0.7478693181818182,0.08333333333333333,0.6818181818181818,0.0,0.0,0.0,0.0,0.041666666666666664,0.041666666666666664,0.08333333333333333,0.08333333333333333,0.2916666666666667,0.2916666666666667,0.16666666666666666,0.0
S44,baseline,alpha_global,8.833333333333334,1.761093204621016,1.0416666666666667,0.2041241452319315,8.791666666666666,1.887698545081139,0.041666666666666664,0.25,0.8333333333333334,3.0,2.0476190476190474,0.6912202380952381,0.125,0.6190476190476191,0.0,0.0,0.041666666666666664,0.041666666666666664,0.0,0.125,0.0,0.08333333333333333,0.375,0.25,0.125,0.0
S44,baseline,beta_global,9.291666666666666,1.334465099374755,1.0,0.0,9.291666666666666,1.334465099374755,0.0,0.20833333333333334,0.2,1.8,1.5238095238095237,0.5872395833333334,0.125,0.42857142857142855,0.0,0.0,0.0,0.0,0.041666666666666664,0.0,0.041666666666666664,0.08333333333333333,0.3333333333333333,0.375,0.125,0.0
S44,baseline,mu_central,9.166666666666666,1.1293194051465598,1.0,0.0,9.166666666666666,1.1293194051465598,0.0,0.20833333333333334,0.6,2.2,1.5238095238095237,0.48921130952380953,0.125,0.47619047619047616,0.0,0.0,0.0,0.0,0.0,0.041666666666666664,0.0,0.16666666666666666,0.4583333333333333,0.20833333333333334,0.125,0.0
S44,baseline,beta_central,9.125,1.3290238326779873,1.0,0.0,9.125,1.3290238326779873,0.0,0.2916666666666667,0.5714285714285714,1.7142857142857142,1.5454545454545454,0.521484375,0.08333333333333333,0.5454545454545454,0.0,0.0,0.0,0.0,0.0,0.08333333333333333,0.0,0.16666666666666666,0.3333333333333333,0.2916666666666667,0.125,0.0
S44,early_abrupt,gait,8.833333333333334,1.7856107630448046,1.0,0.0,8.833333333333334,1.7856107630448046,0.0,0.2916666666666667,0.7142857142857143,2.4285714285714284,1.8571428571428572,0.6104910714285714,0.125,0.5714285714285714,0.0,0.0,0.0,0.041666666666666664,0.0,0.041666666666666664,0.16666666666666666,0.125,0.125,0.375,0.125,0.0
S44,early_abrupt,theta_global,9.458333333333334,1.3180739131701644,1.0,0.0,9.458333333333334,1.3180739131701644,0.0,0.20833333333333334,0.6,2.0,1.7619047619047619,0.5362723214285714,0.125,0.47619047619047616,0.0,0.0,0.0,0.0,0.041666666666666664,0.0,0.0,0.125,0.25,0.4166666666666667,0.16666666666666666,0.0
S44,early_abrupt,alpha_global,9.208333333333334,1.3824731042801415,1.0,0.0,9.208333333333334,1.3824731042801415,0.0,0.25,0.8333333333333334,2.3333333333333335,1.619047619047619,0.5228794642857143,0.125,0.5238095238095238,0.0,0.0,0.0,0.0,0.041666666666666664,0.041666666666666664,0.0,0.08333333333333333,0.3333333333333333,0.4166666666666667,0.08333333333333333,0.0
S44,early_abrupt,beta_global,9.125,1.0759222535351585,1.0,0.0,9.125,1.0759222535351585,0.0,0.25,0.3333333333333333,1.6666666666666667,1.7619047619047619,0.5448288690476191,0.125,0.5238095238095238,0.0,0.0,0.0,0.0,0.0,0.041666666666666664,0.041666666666666664,0.08333333333333333,0.4583333333333333,0.3333333333333333,0.041666666666666664,0.0
S44,early_abrupt,mu_central,9.416666666666666,1.2128538629008951,1.0,0.0,9.416666666666666,1.2128538629008951,0.0,0.125,0.6666666666666666,2.0,2.0454545454545454,0.6864346590909091,0.08333333333333333,0.3181818181818182,0.0,0.0,0.0,0.0,0.0,0.0,0.125,0.041666666666666664,0.2916666666666667,0.375,0.16666666666666666,0.0
S44,early_abrupt,beta_central,8.75,1.6746187106583268,1.0,0.0,8.75,1.6746187106583268,0.0,0.25,0.6666666666666666,2.8333333333333335,1.8095238095238095,0.5827752976190477,0.125,0.5714285714285714,0.0,0.0,0.0,0.0,0.041666666666666664,0.125,0.041666666666666664,0.125,0.25,0.3333333333333333,0.08333333333333333,0.0
S44,late_abrupt,gait,9.166666666666666,1.0494995356656043,1.0,0.0,9.166666666666666,1.0494995356656043,0.0,0.25,0.5,1.5,1.6956521739130435,0.5528192934782609,0.041666666666666664,0.5217391304347826,0.0,0.0,0.0,0.0,0.0,0.0,0.041666666666666664,0.25,0.2916666666666667,0.3333333333333333,0.08333333333333333,0.0
S44,late_abrupt,theta_global,8.916666666666666,1.7424786610050553,1.0416666666666667,0.2041241452319315,8.875,1.895360468182194,0.041666666666666664,0.25,0.8333333333333334,2.8333333333333335,2.142857142857143,0.7152157738095238,0.125,0.5238095238095238,0.0,0.041666666666666664,0.041666666666666664,0.0,0.0,0.041666666666666664,0.041666666666666664,0.16666666666666666,0.25,0.375,0.08333333333333333,0.0
S44,late_abrupt,alpha_global,9.0,1.841549442134554,1.0416666666666667,0.2041241452319315,8.958333333333334,1.9666605256597811,0.041666666666666664,0.25,0.6666666666666666,2.3333333333333335,1.9565217391304348,0.5799932065217391,0.041666666666666664,0.6086956521739131,0.0,0.0,0.041666666666666664,0.041666666666666664,0.041666666666666664,0.041666666666666664,0.0,0.16666666666666666,0.20833333333333334,0.3333333333333333,0.16666666666666666,0.0
S44,late_abrupt,beta_global,9.208333333333334,1.1025333147551268,1.0,0.0,9.208333333333334,1.1025333147551268,0.0,0.20833333333333334,0.8,1.8,2.0869565217391304,0.7238451086956522,0.041666666666666664,0.4782608695652174,0.0,0.0,0.0,0.0,0.0,0.0,0.08333333333333333,0.16666666666666666,0.2916666666666667,0.375,0.08333333333333333,0.0
S44,late_abrupt,mu_central,9.375,1.3125646981983485,1.0,0.0,9.375,1.3125646981983485,0.0,0.20833333333333334,0.6,2.4,1.3,0.4470703125,0.16666666666666666,0.5,0.0,0.0,0.0,0.0,0.0,0.041666666666666664,0.041666666666666664,0.125,0.2916666666666667,0.2916666666666667,0.20833333333333334,0.0
S44,late_abrupt,beta_central,9.0,1.0215078369104984,1.0,0.0,9.0,1.0215078369104984,0.0,0.2916666666666667,0.2857142857142857,1.4285714285714286,2.1904761904761907,0.6569940476190477,0.125,0.5238095238095238,0.0,0.0,0.0,0.0,0.0,0.0,0.08333333333333333,0.25,0.25,0.4166666666666667,0.0,0.0
S44,early_gradual,gait,9.333333333333334,0.9630868246861537,1.0,0.0,9.333333333333334,0.9630868246861537,0.0,0.20833333333333334,0.6,1.8,1.6666666666666667,0.5567336309523809,0.125,0.5238095238095238,0.0,0.0,0.0,0.0,0.0,0.0,0.041666666666666664,0.125,0.375,0.375,0.08333333333333333,0.0
S44,early_gradual,theta_global,9.083333333333334,1.0598058340078627,1.0,0.0,9.083333333333334,1.0598058340078627,0.0,0.16666666666666666,0.5,2.0,2.260869565217391,0.7612092391304348,0.041666666666666664,0.30434782608695654,0.0,0.0,0.0,0.0,0.0,0.0,0.125,0.041666666666666664,0.5416666666666666,0.20833333333333334,0.08333333333333333,0.0
S44,early_gradual,alpha_global,9.0,1.4142135623730951,1.0,0.0,9.0,1.4142135623730951,0.0,0.25,0.6666666666666666,2.1666666666666665,1.5238095238095237,0.46837797619047616,0.125,0.6666666666666666,0.0,0.0,0.0,0.0,0.041666666666666664,0.0,0.125,0.08333333333333333,0.3333333333333333,0.3333333333333333,0.08333333333333333,0.0
S44,early_gradual,beta_global,9.041666666666666,1.4288690166235207,1.0,0.0,9.041666666666666,1.4288690166235207,0.0,0.20833333333333334,0.8,2.6,1.8636363636363635,0.6225142045454546,0.08333333333333333,0.45454545454545453,0.0,0.0,0.0,0.0,0.041666666666666664,0.0,0.08333333333333333,0.20833333333333334,0.16666666666666666,0.4166666666666667,0.08333333333333333,0.0
S44,early_gradual,mu_central,9.708333333333334,0.954584665735822,1.0,0.0,9.708333333333334,0.954584665735822,0.0,0.16666666666666666,0.25,1.5,1.2727272727272727,0.44779829545454547,0.08333333333333333,0.3181818181818182,0.0,0.0,0.0,0.0,0.0,0.0,0.041666666666666664,0.0,0.375,0.375,0.20833333333333334,0.0
S44,early_gradual,beta_central,9.083333333333334,1.7672544824662635,1.0416666666666667,0.2041241452319315,9.041666666666666,1.899179838238342,0.041666666666666664,0.2916666666666667,0.5714285714285714,2.5714285714285716,1.7727272727272727,0.541015625,0.08333333333333333,0.5909090909090909,0.0,0.0,0.041666666666666664,0.041666666666666664,0.041666666666666664,0.0,0.041666666666666664,0.08333333333333333,0.375,0.20833333333333334,0.20833333333333334,0.0
S44,late_gradual,gait,9.333333333333334,1.2740441145412122,1.0,0.0,9.333333333333334,1.2740441145412122,0.0,0.20833333333333334,0.8,2.2,2.0,0.6685267857142857,0.125,0.47619047619047616,0.0,0.0,0.0,0.0,0.0,0.041666666666666664,0.08333333333333333,0.041666666666666664,0.2916666666666667,0.4166666666666667,0.125,0.0
S44,late_gradual,theta_global,9.375,1.1349200316590018,1.0,0.0,9.375,1.1349200316590018,0.0,0.25,0.6666666666666666,1.8333333333333333,1.8636363636363635,0.6384943181818182,0.08333333333333333,0.5,0.0,0.0,0.0,0.0,0.0,0.041666666666666664,0.0,0.125,0.3333333333333333,0.375,0.125,0.0
S44,late_gradual,alpha_global,9.083333333333334,1.3805061033726997,1.0,0.0,9.083333333333334,1.3805061033726997,0.0,0.25,0.8333333333333334,2.3333333333333335,1.4090909090909092,0.5026633522727273,0.08333333333333333,0.5454545454545454,0.0,0.0,0.0,0.0,0.0,0.041666666666666664,0.08333333333333333,0.20833333333333334,0.25,0.25,0.16666666666666666,0.0
S44,late_gradual,beta_global,9.0,1.318760946791574,1.0,0.0,9.0,1.318760946791574,0.0,0.2916666666666667,0.7142857142857143,2.2857142857142856,1.9545454545454546,0.6161221590909091,0.08333333333333333,0.6818181818181818,0.0,0.0,0.0,0.0,0.0,0.041666666666666664,0.125,0.08333333333333333,0.4166666666666667,0.20833333333333334,0.125,0.0
S44,late_gradual,mu_central,9.333333333333334,1.0072203103706696,1.0,0.0,9.333333333333334,1.0072203103706696,0.0,0.25,0.3333333333333333,1.5,2.1363636363636362,0.7411221590909091,0.08333333333333333,0.4090909090909091,0.0,0.0,0.0,0.0,0.0,0.041666666666666664,0.0,0.08333333333333333,0.375,0.4583333333333333,0.041666666666666664,0.0
S44,late_gradual,beta_central,9.166666666666666,1.685401943200769,1.0,0.0,9.166666666666666,1.685401943200769,0.0,0.16666666666666666,0.75,2.5,1.65,0.503515625,0.16666666666666666,0.4,0.0,0.0,0.0,0.041666666666666664,0.0,0.041666666666666664,0.0,0.20833333333333334,0.20833333333333334,0.2916666666666667,0.20833333333333334,0.0
S46,baseline,gait,8.541666666666666,2.126012120433909,1.4166666666666667,0.8297022339981068,8.125,2.878896225684571,0.20833333333333334,0.25,1.0,4.5,1.8181818181818181,0.5971235795454546,0.08333333333333333,0.5454545454545454,0.0,0.041666666666666664,0.16666666666666666,0.20833333333333334,0.16666666666666666,0.041666666666666664,0.08333333333333333,0.041666666666666664,0.16666666666666666,0.4166666666666667,0.08333333333333333,0.0
S46,baseline,theta_global,9.291666666666666,1.3014763077790332,1.0,0.0,9.291666666666666,1.3014763077790332,0.0,0.125,1.0,3.0,1.826086956521739,0.5735394021739131,0.041666666666666664,0.391304347826087,0.0,0.0,0.0,0.0,0.0,0.08333333333333333,0.0,0.08333333333333333,0.3333333333333333,0.375,0.125,0.0
S46,baseline,alpha_global,8.833333333333334,1.8097962092016273,1.0833333333333333,0.408248290463863,8.75,1.9836286468731117,0.041666666666666664,0.2916666666666667,0.7142857142857143,2.857142857142857,1.8,0.6494140625,0.16666666666666666,0.7,0.0,0.0,0.0,0.041666666666666664,0.08333333333333333,0.125,0.08333333333333333,0.08333333333333333,0.20833333333333334,0.2916666666666667,0.16666666666666666,0.0
S46,baseline,beta_global,9.291666666666666,1.6010639578422372,1.0,0.0,9.291666666666666,1.6010639578422372,0.0,0.125,1.0,3.3333333333333335,1.9047619047619047,0.6343005952380952,0.125,0.38095238095238093,0.0,0.0,0.0,0.0,0.041666666666666664,0.08333333333333333,0.0,0.041666666666666664,0.25,0.4166666666666667,0.16666666666666666,0.0
S46,baseline,mu_central,9.541666666666666,1.062366786192884,1.0,0.0,9.541666666666666,1.062366786192884,0.0,0.20833333333333334,0.2,1.2,1.5454545454545454,0.5236150568181818,0.08333333333333333,0.3181818181818182,0.0,0.0,0.0,0.0,0.0,0.0,0.0,0.16666666666666666,0.375,0.20833333333333334,0.25,0.0
S46,baseline,beta_central,9.0,1.8177865182927715,1.0,0.0,9.0,1.8177865182927715,0.0,0.16666666666666666,1.0,3.75,1.7272727272727273,0.5809659090909091,0.08333333333333333,0.5909090909090909,0.0,0.0,0.0,0.041666666666666664,0.0,0.08333333333333333,0.08333333333333333,0.041666666666666664,0.25,0.3333333333333333,0.16666666666666666,0.0
S46,early_abrupt,gait,9.0,1.4142135623730951,1.0,0.0,9.0,1.4142135623730951,0.0,0.20833333333333334,0.8,2.6,1.9047619047619047,0.6329985119047619,0.125,0.47619047619047616,0.0,0.0,0.0,0.0,0.0,0.08333333333333333,0.08333333333333333,0.08333333333333333,0.375,0.25,0.125,0.0
S46,early_abrupt,theta_global,9.166666666666666,1.3405601251996728,1.0416666666666667,0.2041241452319315,9.125,1.4836060651405207,0.041666666666666664,0.20833333333333334,0.8,2.8,1.7,0.533984375,0.16666666666666666,0.5,0.0,0.0,0.0,0.041666666666666664,0.041666666666666664,0.0,0.041666666666666664,0.125,0.375,0.2916666666666667,0.125,0.0
S46,early_abrupt,alpha_global,9.125,1.3929168644626095,1.0833333333333333,0.408248290463863,9.041666666666666,1.6805580508625224,0.041666666666666664,0.25,0.6666666666666666,2.3333333333333335,1.9047619047619047,0.5980282738095238,0.125,0.5714285714285714,0.0,0.0,0.041666666666666664,0.041666666666666664,0.041666666666666664,0.0,0.041666666666666664,0.20833333333333334,0.25,0.3333333333333333,0.125,0.0
S46,early_abrupt,beta_global,9.041666666666666,1.4288690166235205,1.0,0.0,9.041666666666666,1.4288690166235205,0.0,0.2916666666666667,0.5714285714285714,2.142857142857143,1.55,0.5140625,0.16666666666666666,0.55,0.0,0.0,0.0,0.0,0.041666666666666664,0.041666666666666664,0.0,0.16666666666666666,0.375,0.25,0.125,0.0
S46,early_abrupt,mu_central,9.041666666666666,1.4288690166235205,1.0416666666666667,0.2041241452319315,9.0,1.5322617553657476,0.041666666666666664,0.20833333333333334,0.8,2.8,1.5238095238095237,0.5303199404761905,0.125,0.5238095238095238,0.0,0.0,0.0,0.0,0.041666666666666664,0.041666666666666664,0.125,0.16666666666666666,0.25,0.25,0.16666666666666666,0.0
S46,early_abrupt,beta_central,8.958333333333334,1.3981094896064241,1.0,0.0,8.958333333333334,1.3981094896064241,0.0,0.375,0.6666666666666666,2.2222222222222223,1.8095238095238095,0.6369047619047619,0.125,0.7142857142857143,0.0,0.0,0.0,0.0,0.041666666666666664,0.0,0.125,0.08333333333333333,0.375,0.2916666666666667,0.08333333333333333,0.0
S46,late_abrupt,gait,8.833333333333334,1.5510632164580769,1.0,0.0,8.833333333333334,1.5510632164580769,0.0,0.25,1.0,3.0,1.4545454545454546,0.49378551136363635,0.08333333333333333,0.45454545454545453,0.0,0.0,0.0,0.0,0.0,0.125,0.125,0.041666666666666664,0.2916666666666667,0.3333333333333333,0.08333333333333333,0.0
S46,late_abrupt,theta_global,9.333333333333334,1.5510632164580769,1.0416666666666667,0.2041241452319315,9.291666666666666,1.6805580508625224,0.041666666666666664,0.25,0.5,2.1666666666666665,1.263157894736842,0.39535361842105265,0.20833333333333334,0.47368421052631576,0.0,0.0,0.0,0.041666666666666664,0.041666666666666664,0.041666666666666664,0.041666666666666664,0.041666666666666664,0.2916666666666667,0.3333333333333333,0.20833333333333334,0.0
S46,late_abrupt,alpha_global,9.166666666666666,1.7110044511584586,1.0,0.0,9.166666666666666,1.7110044511584586,0.0,0.25,0.5,2.1666666666666665,1.5909090909090908,0.5296519886363636,0.08333333333333333,0.5454545454545454,0.0,0.0,0.0,0.041666666666666664,0.0,0.041666666666666664,0.041666666666666664,0.125,0.25,0.2916666666666667,0.20833333333333334,0.0
S46,late_abrupt,beta_global,8.833333333333334,1.7110044511584586,1.0,0.0,8.833333333333334,1.7110044511584586,0.0,0.2916666666666667,0.7142857142857143,2.5714285714285716,2.090909090909091,0.7022372159090909,0.08333333333333333,0.5909090909090909,0.0,0.0,0.0,0.0,0.0,0.16666666666666666,0.08333333333333333,0.125,0.125,0.375,0.125,0.0
S46,late_abrupt,mu_central,9.5,1.06321906614239,1.0,0.0,9.5,1.06321906614239,0.0,0.25,0.3333333333333333,1.5,1.9047619047619047,0.6752232142857143,0.125,0.47619047619047616,0.0,0.0,0.0,0.0,0.0,0.0,0.041666666666666664,0.125,0.2916666666666667,0.375,0.16666666666666666,0.0
S46,late_abrupt,beta_central,9.166666666666666,1.307725096316589,1.0,0.0,9.166666666666666,1.307725096316589,0.0,0.20833333333333334,0.8,2.2,1.5454545454545454,0.53515625,0.08333333333333333,0.36363636363636365,0.0,0.0,0.0,0.0,0.0,0.041666666666666664,0.0,0.3333333333333333,0.16666666666666666,0.2916666666666667,0.16666666666666666,0.0
S46,early_gradual,gait,9.166666666666666,1.3726099121798927,1.0,0.0,9.166666666666666,1.3726099121798927,0.0,0.3333333333333333,0.625,1.75,1.8571428571428572,0.6024925595238095,0.125,0.6190476190476191,0.0,0.0,0.0,0.0,0.0,0.041666666666666664,0.08333333333333333,0.16666666666666666,0.25,0.2916666666666667,0.16666666666666666,0.0
S46,early_gradual,theta_global,9.041666666666666,1.545798419465872,1.0,0.0,9.041666666666666,1.545798419465872,0.0,0.20833333333333334,0.6,2.4,2.3636363636363638,0.744140625,0.08333333333333333,0.5,0.0,0.0,0.0,0.0,0.041666666666666664,0.041666666666666664,0.041666666666666664,0.16666666666666666,0.2916666666666667,0.25,0.16666666666666666,0.0
S46,early_gradual,alpha_global,9.166666666666666,1.7362294645648622,1.0416666666666667,0.2041241452319315,9.125,1.848912723973083,0.041666666666666664,0.20833333333333334,1.0,3.2,1.45,0.5900390625,0.16666666666666666,0.4,0.0,0.0,0.0,0.041666666666666664,0.041666666666666664,0.041666666666666664,0.125,0.08333333333333333,0.16666666666666666,0.2916666666666667,0.25,0.0
S46,early_gradual,beta_global,8.958333333333334,1.4288690166235205,1.0,0.0,8.958333333333334,1.4288690166235205,0.0,0.16666666666666666,1.0,2.5,1.25,0.4146484375,0.16666666666666666,0.35,0.0,0.0,0.0,0.0,0.0,0.041666666666666664,0.125,0.25,0.125,0.3333333333333333,0.125,0.0
S46,early_gradual,mu_central,8.875,1.5690623065191294,1.0,0.0,8.875,1.5690623065191294,0.0,0.2916666666666667,0.5714285714285714,2.2857142857142856,1.9047619047619047,0.6720610119047619,0.125,0.7142857142857143,0.0,0.0,0.0,0.0,0.041666666666666664,0.041666666666666664,0.08333333333333333,0.20833333333333334,0.20833333333333334,0.2916666666666667,0.125,0.0
S46,early_gradual,beta_central,8.958333333333334,1.458980187804412,1.0,0.0,8.958333333333334,1.458980187804412,0.0,0.3333333333333333,0.625,2.0,1.7142857142857142,0.5491071428571429,0.125,0.7142857142857143,0.0,0.0,0.0,0.0,0.0,0.08333333333333333,0.08333333333333333,0.16666666666666666,0.25,0.2916666666666667,0.125,0.0
S46,late_gradual,gait,9.0,1.3831281496162493,1.0416666666666667,0.2041241452319315,8.958333333333334,1.5174110293140939,0.041666666666666664,0.25,0.5,2.1666666666666665,2.238095238095238,0.7524181547619048,0.125,0.6190476190476191,0.0,0.0,0.0,0.041666666666666664,0.041666666666666664,0.0,0.08333333333333333,0.125,0.4166666666666667,0.20833333333333334,0.125,0.0
S46,late_gradual,theta_global,9.458333333333334,1.141287094417552,1.0,0.0,9.458333333333334,1.141287094417552,0.0,0.25,0.5,1.8333333333333333,1.6666666666666667,0.5943080357142857,0.125,0.38095238095238093,0.0,0.0,0.0,0.0,0.0,0.0,0.08333333333333333,0.08333333333333333,0.2916666666666667,0.375,0.16666666666666666,0.0
S46,late_gradual,alpha_global,8.833333333333334,1.809796209201627,1.0,0.0,8.833333333333334,1.809796209201627,0.0,0.20833333333333334,0.8,3.2,2.619047619047619,0.8783482142857143,0.125,0.5714285714285714,0.0,0.0,0.0,0.041666666666666664,0.041666666666666664,0.041666666666666664,0.041666666666666664,0.16666666666666666,0.16666666666666666,0.4166666666666667,0.08333333333333333,0.0
S46,late_gradual,beta_global,9.333333333333334,1.3405601251996728,1.0,0.0,9.333333333333334,1.3405601251996728,0.0,0.16666666666666666,0.5,1.5,2.1818181818181817,0.7336647727272727,0.08333333333333333,0.4090909090909091,0.0,0.0,0.0,0.0,0.0,0.041666666666666664,0.08333333333333333,0.08333333333333333,0.25,0.375,0.16666666666666666,0.0
S46,late_gradual,mu_central,9.583333333333334,1.4116492564332,1.0,0.0,9.583333333333334,1.4116492564332,0.0,0.16666666666666666,0.5,2.5,1.1,0.36953125,0.16666666666666666,0.3,0.0,0.0,0.0,0.0,0.041666666666666664,0.0,0.041666666666666664,0.041666666666666664,0.25,0.375,0.25,0.0
S46,late_gradual,beta_central,8.791666666666666,1.8172881532338392,1.0,0.0,8.791666666666666,1.8172881532338392,0.0,0.2916666666666667,0.5714285714285714,2.142857142857143,1.8695652173913044,0.6182065217391305,0.041666666666666664,0.6956521739130435,0.0,0.0,0.0,0.041666666666666664,0.041666666666666664,0.0,0.08333333333333333,0.25,0.16666666666666666,0.25,0.16666666666666666,0.0
S47,baseline,gait,8.75,1.6218615177038684,1.1666666666666667,0.5646597025732799,8.583333333333334,2.062431377865891,0.08333333333333333,0.2916666666666667,1.0,2.5714285714285716,2.590909090909091,0.8838778409090909,0.08333333333333333,0.6363636363636364,0.0,0.041666666666666664,0.041666666666666664,0.08333333333333333,0.041666666666666664,0.041666666666666664,0.08333333333333333,0.20833333333333334,0.25,0.2916666666666667,0.08333333333333333,0.0
S47,baseline,theta_global,9.0,1.6681153124565982,1.0,0.0,9.0,1.6681153124565982,0.0,0.2916666666666667,1.0,2.857142857142857,1.85,0.5587890625,0.16666666666666666,0.65,0.0,0.0,0.0,0.0,0.041666666666666664,0.08333333333333333,0.08333333333333333,0.041666666666666664,0.25,0.375,0.125,0.0
S47,baseline,alpha_global,9.291666666666666,1.3014763077790332,1.0,0.0,9.291666666666666,1.3014763077790332,0.0,0.25,0.6666666666666666,2.3333333333333335,1.7,0.615625,0.16666666666666666,0.55,0.0,0.0,0.0,0.0,0.0,0.041666666666666664,0.08333333333333333,0.08333333333333333,0.25,0.4166666666666667,0.125,0.0
S47,baseline,beta_global,8.75,1.7507762253652943,1.0833333333333333,0.408248290463863,8.666666666666666,1.9261736493723074,0.041666666666666664,0.25,0.8333333333333334,2.8333333333333335,1.55,0.51796875,0.16666666666666666,0.7,0.0,0.0,0.0,0.041666666666666664,0.08333333333333333,0.125,0.041666666666666664,0.16666666666666666,0.25,0.20833333333333334,0.16666666666666666,0.0
S47,baseline,mu_central,9.0,1.7937088125857625,1.0,0.0,9.0,1.7937088125857625,0.0,0.20833333333333334,0.8,2.6,1.9565217391304348,0.68359375,0.041666666666666664,0.6521739130434783,0.0,0.0,0.0,0.041666666666666664,0.0,0.08333333333333333,0.041666666666666664,0.125,0.20833333333333334,0.3333333333333333,0.16666666666666666,0.0
S47,baseline,beta_central,9.041666666666666,1.5174110293140939,1.0,0.0,9.041666666666666,1.5174110293140939,0.0,0.25,0.8333333333333334,2.6666666666666665,1.8571428571428572,0.6391369047619048,0.125,0.6190476190476191,0.0,0.0,0.0,0.0,0.041666666666666664,0.041666666666666664,0.08333333333333333,0.041666666666666664,0.375,0.2916666666666667,0.125,0.0
S47,early_abrupt,gait,9.083333333333334,1.4719601443879746,1.0416666666666667,0.2041241452319315,9.041666666666666,1.6010639578422372,0.041666666666666664,0.2916666666666667,0.5714285714285714,2.142857142857143,1.5238095238095237,0.5158110119047619,0.125,0.5238095238095238,0.0,0.0,0.0,0.041666666666666664,0.041666666666666664,0.041666666666666664,0.041666666666666664,0.125,0.25,0.4166666666666667,0.08333333333333333,0.0
S47,early_abrupt,theta_global,9.375,1.3772215255487341,1.0,0.0,9.375,1.3772215255487341,0.0,0.125,0.6666666666666666,2.6666666666666665,1.7727272727272727,0.5495383522727273,0.08333333333333333,0.2727272727272727,0.0,0.0,0.0,0.0,0.041666666666666664,0.0,0.0,0.16666666666666666,0.2916666666666667,0.2916666666666667,0.20833333333333334,0.0
S47,early_abrupt,alpha_global,8.875,1.4237885773679595,1.0,0.0,8.875,1.4237885773679595,0.0,0.25,0.8333333333333334,2.3333333333333335,2.3043478260869565,0.7606997282608695,0.041666666666666664,0.6086956521739131,0.0,0.0,0.0,0.0,0.0,0.08333333333333333,0.08333333333333333,0.16666666666666666,0.3333333333333333,0.20833333333333334,0.125,0.0
S47,early_abrupt,beta_global,9.416666666666666,1.1000658741803746,1.0,0.0,9.416666666666666,1.1000658741803746,0.0,0.20833333333333334,0.4,1.4,1.9565217391304348,0.6530230978260869,0.041666666666666664,0.34782608695652173,0.0,0.0,0.0,0.0,0.0,0.0,0.0,0.25,0.2916666666666667,0.25,0.20833333333333334,0.0
S47,early_abrupt,mu_central,9.083333333333334,1.665941871387048,1.0,0.0,9.083333333333334,1.665941871387048,0.0,0.20833333333333334,0.4,2.2,2.4761904761904763,0.8126860119047619,0.125,0.5238095238095238,0.0,0.0,0.0,0.041666666666666664,0.0,0.041666666666666664,0.041666666666666664,0.125,0.2916666666666667,0.2916666666666667,0.16666666666666666,0.0
S47,early_abrupt,beta_central,9.041666666666666,1.8991798382383418,1.0833333333333333,0.28232985128663995,8.958333333333334,2.136212956870511,0.08333333333333333,0.20833333333333334,0.6,3.2,2.238095238095238,0.7486979166666666,0.125,0.47619047619047616,0.0,0.0,0.08333333333333333,0.08333333333333333,0.0,0.0,0.041666666666666664,0.125,0.2916666666666667,0.25,0.20833333333333334,0.0
S47,late_abrupt,gait,9.125,1.2958965337120694,1.0,0.0,9.125,1.2958965337120694,0.0,0.2916666666666667,0.7142857142857143,2.142857142857143,2.3181818181818183,0.7606534090909091,0.08333333333333333,0.5454545454545454,0.0,0.0,0.0,0.0,0.041666666666666664,0.0,0.041666666666666664,0.16666666666666666,0.25,0.4583333333333333,0.041666666666666664,0.0
S47,late_abrupt,theta_global,9.25,1.2937979144666532,1.0,0.0,9.25,1.2937979144666532,0.0,0.20833333333333334,0.8,2.2,1.7142857142857142,0.5584077380952381,0.125,0.47619047619047616,0.0,0.0,0.0,0.0,0.0,0.041666666666666664,0.041666666666666664,0.125,0.4166666666666667,0.16666666666666666,0.20833333333333334,0.0
S47,late_abrupt,alpha_global,9.125,1.4836060651405207,1.0,0.0,9.125,1.4836060651405207,0.0,0.20833333333333334,0.6,2.2,1.6,0.5349609375,0.16666666666666666,0.5,0.0,0.0,0.0,0.0,0.0,0.08333333333333333,0.08333333333333333,0.08333333333333333,0.2916666666666667,0.2916666666666667,0.16666666666666666,0.0
S47,late_abrupt,beta_global,8.916666666666666,1.6129008882638507,1.0833333333333333,0.408248290463863,8.833333333333334,1.9034674690672027,0.041666666666666664,0.2916666666666667,0.5714285714285714,2.2857142857142856,2.1363636363636362,0.7340198863636364,0.08333333333333333,0.5,0.0,0.041666666666666664,0.041666666666666664,0.041666666666666664,0.041666666666666664,0.0,0.0,0.16666666666666666,0.375,0.2916666666666667,0.08333333333333333,0.0
S47,late_abrupt,mu_central,9.458333333333334,1.350657381543832,1.0,0.0,9.458333333333334,1.350657381543832,0.0,0.2916666666666667,0.42857142857142855,1.7142857142857142,1.8181818181818181,0.6383167613636364,0.08333333333333333,0.5,0.0,0.0,0.0,0.0,0.041666666666666664,0.0,0.0,0.125,0.2916666666666667,0.3333333333333333,0.20833333333333334,0.0
S47,late_abrupt,beta_central,9.458333333333334,1.3180739131701646,1.0,0.0,9.458333333333334,1.3180739131701646,0.0,0.20833333333333334,0.4,1.8,1.7619047619047619,0.6263020833333334,0.125,0.38095238095238093,0.0,0.0,0.0,0.0,0.041666666666666664,0.0,0.0,0.125,0.25,0.4166666666666667,0.16666666666666666,0.0
S47,early_gradual,gait,8.958333333333334,1.334465099374755,1.0833333333333333,0.408248290463863,8.875,1.5690623065191294,0.041666666666666664,0.2916666666666667,0.7142857142857143,2.142857142857143,1.5,0.4478515625,0.16666666666666666,0.65,0.0,0.0,0.0,0.041666666666666664,0.041666666666666664,0.08333333333333333,0.041666666666666664,0.16666666666666666,0.3333333333333333,0.2916666666666667,0.08333333333333333,0.0
S47,early_gradual,theta_global,9.5,1.318760946791574,1.0,0.0,9.5,1.318760946791574,0.0,0.16666666666666666,0.5,2.5,1.2857142857142858,0.41945684523809523,0.125,0.3333333333333333,0.0,0.0,0.0,0.0,0.0,0.08333333333333333,0.0,0.041666666666666664,0.25,0.4583333333333333,0.16666666666666666,0.0
S47,early_gradual,alpha_global,9.25,1.4218787326754636,1.0,0.0,9.25,1.4218787326754636,0.0,0.2916666666666667,0.42857142857142855,1.7142857142857142,2.4761904761904763,0.8820684523809523,0.125,0.5714285714285714,0.0,0.0,0.0,0.0,0.041666666666666664,0.0,0.041666666666666664,0.16666666666666666,0.25,0.3333333333333333,0.16666666666666666,0.0
S47,early_gradual,beta_global,9.0,1.2510864843424485,1.0,0.0,9.0,1.2510864843424485,0.0,0.2916666666666667,0.42857142857142855,1.7142857142857142,1.8695652173913044,0.6350203804347826,0.041666666666666664,0.5652173913043478,0.0,0.0,0.0,0.0,0.0,0.0,0.16666666666666666,0.16666666666666666,0.25,0.3333333333333333,0.08333333333333333,0.0
S47,early_gradual,mu_central,9.375,1.3452816094393218,1.0,0.0,9.375,1.3452816094393218,0.0,0.25,0.6666666666666666,2.0,1.7142857142857142,0.5580357142857143,0.125,0.5238095238095238,0.0,0.0,0.0,0.0,0.041666666666666664,0.0,0.0,0.16666666666666666,0.25,0.375,0.16666666666666666,0.0
S47,early_gradual,beta_central,9.375,1.2790111669635225,1.0,0.0,9.375,1.2790111669635225,0.0,0.25,0.3333333333333333,1.8333333333333333,1.5714285714285714,0.5405505952380952,0.125,0.47619047619047616,0.0,0.0,0.0,0.0,0.041666666666666664,0.0,0.0,0.08333333333333333,0.4166666666666667,0.2916666666666667,0.16666666666666666,0.0
S47,late_gradual,gait,8.916666666666666,1.8395809226599664,1.0416666666666667,0.2041241452319315,8.875,1.9406968716999795,0.041666666666666664,0.25,0.8333333333333334,3.0,1.7272727272727273,0.5759943181818182,0.08333333333333333,0.5909090909090909,0.0,0.0,0.0,0.041666666666666664,0.125,0.041666666666666664,0.0,0.041666666666666664,0.3333333333333333,0.3333333333333333,0.125,0.0
S47,late_gradual,theta_global,9.25,0.9890707100936805,1.0,0.0,9.25,0.9890707100936805,0.0,0.375,0.4444444444444444,1.4444444444444444,1.8181818181818181,0.6178977272727273,0.08333333333333333,0.5909090909090909,0.0,0.0,0.0,0.0,0.0,0.0,0.041666666666666664,0.16666666666666666,0.375,0.3333333333333333,0.08333333333333333,0.0
S47,late_gradual,alpha_global,9.25,1.2937979144666532,1.0,0.0,9.25,1.2937979144666532,0.0,0.2916666666666667,0.42857142857142855,2.0,1.4285714285714286,0.4328497023809524,0.125,0.6190476190476191,0.0,0.0,0.0,0.0,0.041666666666666664,0.0,0.041666666666666664,0.08333333333333333,0.3333333333333333,0.4166666666666667,0.08333333333333333,0.0
S47,late_gradual,beta_global,9.166666666666666,1.4345630047135447,1.0,0.0,9.166666666666666,1.4345630047135447,0.0,0.125,0.3333333333333333,2.0,1.6,0.4857421875,0.16666666666666666,0.25,0.0,0.0,0.0,0.0,0.041666666666666664,0.0,0.08333333333333333,0.125,0.25,0.375,0.125,0.0
S47,late_gradual,mu_central,9.666666666666666,0.8681147322824312,1.0,0.0,9.666666666666666,0.8681147322824312,0.0,0.25,0.16666666666666666,1.1666666666666667,1.6363636363636365,0.4989346590909091,0.08333333333333333,0.4090909090909091,0.0,0.0,0.0,0.0,0.0,0.0,0.0,0.08333333333333333,0.3333333333333333,0.4166666666666667,0.16666666666666666,0.0
S47,late_gradual,beta_central,9.375,0.7696696072652383,1.0,0.0,9.375,0.7696696072652383,0.0,0.20833333333333334,0.0,1.0,1.5454545454545454,0.53125,0.08333333333333333,0.3181818181818182,0.0,0.0,0.0,0.0,0.0,0.0,0.0,0.125,0.4166666666666667,0.4166666666666667,0.041666666666666664,0.0
S48,baseline,gait,8.958333333333334,1.5736738147920994,1.0833333333333333,0.408248290463863,8.875,1.872280636712535,0.041666666666666664,0.25,0.5,2.1666666666666665,2.3636363636363638,0.7615411931818182,0.08333333333333333,0.5454545454545454,0.0,0.041666666666666664,0.041666666666666664,0.041666666666666664,0.0,0.0,0.125,0.125,0.25,0.375,0.08333333333333333,0.0
S48,baseline,theta_global,8.583333333333334,1.7424786610050556,1.0416666666666667,0.2041241452319315,8.541666666666666,1.8172881532338392,0.041666666666666664,0.20833333333333334,0.8,3.8,1.6666666666666667,0.5760788690476191,0.125,0.5238095238095238,0.0,0.0,0.0,0.0,0.125,0.08333333333333333,0.08333333333333333,0.08333333333333333,0.3333333333333333,0.25,0.08333333333333333,0.0
S48,baseline,alpha_global,9.208333333333334,1.5597983890531346,1.0,0.0,9.208333333333334,1.5597983890531346,0.0,0.125,1.0,3.3333333333333335,1.7142857142857142,0.5407366071428571,0.125,0.3333333333333333,0.0,0.0,0.0,0.0,0.0,0.08333333333333333,0.041666666666666664,0.20833333333333334,0.16666666666666666,0.25,0.25,0.0
S48,baseline,beta_global,8.833333333333334,1.3405601251996726,1.0,0.0,8.833333333333334,1.3405601251996726,0.0,0.20833333333333334,0.8,2.6,1.619047619047619,0.5318080357142857,0.125,0.6190476190476191,0.0,0.0,0.0,0.0,0.041666666666666664,0.0,0.08333333333333333,0.20833333333333334,0.375,0.20833333333333334,0.08333333333333333,0.0
S48,baseline,mu_central,8.666666666666666,1.8804871400937502,1.0416666666666667,0.2041241452319315,8.625,1.9740159904202355,0.041666666666666664,0.2916666666666667,0.8571428571428571,2.857142857142857,1.65,0.5623046875,0.16666666666666666,0.7,0.0,0.0,0.0,0.041666666666666664,0.08333333333333333,0.041666666666666664,0.16666666666666666,0.125,0.20833333333333334,0.16666666666666666,0.20833333333333334,0.0
S48,baseline,beta_central,9.125,1.2618998788920721,1.0,0.0,9.125,1.2618998788920721,0.0,0.2916666666666667,0.42857142857142855,1.5714285714285714,1.8,0.57578125,0.16666666666666666,0.6,0.0,0.0,0.0,0.0,0.0,0.041666666666666664,0.041666666666666664,0.20833333333333334,0.2916666666666667,0.2916666666666667,0.125,0.0
S48,early_abrupt,gait,9.125,1.4836060651405207,1.0,0.0,9.125,1.4836060651405207,0.0,0.25,0.8333333333333334,2.5,2.3181818181818183,0.7601207386363636,0.08333333333333333,0.5909090909090909,0.0,0.0,0.0,0.0,0.041666666666666664,0.041666666666666664,0.041666666666666664,0.08333333333333333,0.3333333333333333,0.3333333333333333,0.125,0.0
S48,early_abrupt,theta_global,8.666666666666666,1.551063216458077,1.0,0.0,8.666666666666666,1.551063216458077,0.0,0.2916666666666667,1.0,2.5714285714285716,1.5714285714285714,0.4720982142857143,0.125,0.6666666666666666,0.0,0.0,0.0,0.0,0.041666666666666664,0.08333333333333333,0.08333333333333333,0.125,0.375,0.20833333333333334,0.08333333333333333,0.0
S48,early_abrupt,alpha_global,9.5,1.103354568734741,1.0,0.0,9.5,1.103354568734741,0.0,0.25,0.6666666666666666,1.6666666666666667,1.9090909090909092,0.6711647727272727,0.08333333333333333,0.45454545454545453,0.0,0.0,0.0,0.0,0.0,0.0,0.08333333333333333,0.08333333333333333,0.20833333333333334,0.5,0.125,0.0
S48,early_abrupt,beta_global,9.208333333333334,1.6675722177612804,1.0,0.0,9.208333333333334,1.6675722177612804,0.0,0.20833333333333334,0.2,1.8,1.380952380952381,0.4655877976190476,0.125,0.38095238095238093,0.0,0.0,0.0,0.041666666666666664,0.041666666666666664,0.0,0.0,0.041666666666666664,0.4166666666666667,0.2916666666666667,0.16666666666666666,0.0
S48,early_abrupt,mu_central,9.125,1.8252456654188867,1.0,0.0,9.125,1.8252456654188867,0.0,0.2916666666666667,0.7142857142857143,3.0,1.619047619047619,0.5840773809523809,0.125,0.5238095238095238,0.0,0.0,0.0,0.041666666666666664,0.0,0.125,0.0,0.0,0.2916666666666667,0.375,0.16666666666666666,0.0
S48,early_abrupt,beta_central,9.125,1.4237885773679595,1.0,0.0,9.125,1.4237885773679595,0.0,0.20833333333333334,0.6,2.4,1.4285714285714286,0.4453125,0.125,0.47619047619047616,0.0,0.0,0.0,0.0,0.041666666666666664,0.041666666666666664,0.0,0.16666666666666666,0.25,0.4166666666666667,0.08333333333333333,0.0
S48,late_abrupt,gait,9.041666666666666,1.6805580508625224,1.0,0.0,9.041666666666666,1.6805580508625224,0.0,0.20833333333333334,0.8,2.6,1.7142857142857142,0.5606398809523809,0.125,0.5238095238095238,0.0,0.0,0.0,0.0,0.041666666666666664,0.08333333333333333,0.041666666666666664,0.125,0.20833333333333334,0.3333333333333333,0.16666666666666666,0.0
S48,late_abrupt,theta_global,8.958333333333334,1.5736738147920994,1.0833333333333333,0.408248290463863,8.875,1.7769661492702031,0.041666666666666664,0.25,0.8333333333333334,2.8333333333333335,1.95,0.596875,0.16666666666666666,0.5,0.0,0.0,0.0,0.041666666666666664,0.041666666666666664,0.125,0.041666666666666664,0.20833333333333334,0.125,0.375,0.125,0.0
S48,late_abrupt,alpha_global,8.333333333333334,2.1602468994692865,1.0833333333333333,0.28232985128663995,8.25,2.288914684906934,0.08333333333333333,0.25,0.8333333333333334,3.5,1.8571428571428572,0.640625,0.125,0.6190476190476191,0.0,0.0,0.0,0.08333333333333333,0.125,0.125,0.08333333333333333,0.125,0.20833333333333334,0.125,0.20833333333333334,0.0
S48,late_abrupt,beta_global,8.916666666666666,1.282547284209001,1.0,0.0,8.916666666666666,1.282547284209001,0.0,0.25,0.3333333333333333,1.3333333333333333,1.6521739130434783,0.5546875,0.041666666666666664,0.4782608695652174,0.0,0.0,0.0,0.0,0.0,0.041666666666666664,0.125,0.125,0.375,0.25,0.08333333333333333,0.0
S48,late_abrupt,mu_central,8.833333333333334,1.3726099121798927,1.0,0.0,8.833333333333334,1.3726099121798927,0.0,0.25,0.6666666666666666,2.3333333333333335,1.5238095238095237,0.5044642857142857,0.125,0.5714285714285714,0.0,0.0,0.0,0.0,0.041666666666666664,0.0,0.08333333333333333,0.25,0.2916666666666667,0.25,0.08333333333333333,0.0
S48,late_abrupt,beta_central,8.708333333333334,1.9886453039512944,1.0416666666666667,0.2041241452319315,8.666666666666666,2.0781820371926383,0.041666666666666664,0.2916666666666667,0.42857142857142855,2.5714285714285716,1.9090909090909092,0.6546519886363636,0.08333333333333333,0.6363636363636364,0.0,0.0,0.0,0.08333333333333333,0.08333333333333333,0.041666666666666664,0.041666666666666664,0.08333333333333333,0.3333333333333333,0.20833333333333334,0.16666666666666666,0.0
S48,early_gradual,gait,8.833333333333334,1.551063216458077,1.0833333333333333,0.408248290463863,8.75,1.7507762253652943,0.041666666666666664,0.16666666666666666,0.75,3.25,1.380952380952381,0.45033482142857145,0.125,0.47619047619047616,0.0,0.0,0.0,0.041666666666666664,0.041666666666666664,0.08333333333333333,0.16666666666666666,0.125,0.20833333333333334,0.2916666666666667,0.125,0.0
S48,early_gradual,theta_global,9.25,1.1887150534341144,1.0,0.0,9.25,1.1887150534341144,0.0,0.2916666666666667,0.42857142857142855,1.7142857142857142,2.3636363636363638,0.8006036931818182,0.08333333333333333,0.5909090909090909,0.0,0.0,0.0,0.0,0.0,0.0,0.08333333333333333,0.16666666666666666,0.3333333333333333,0.25,0.16666666666666666,0.0
S48,early_gradual,alpha_global,9.333333333333334,1.4939491483885972,1.0,0.0,9.333333333333334,1.4939491483885972,0.0,0.16666666666666666,0.75,2.25,1.6363636363636365,0.4992897727272727,0.08333333333333333,0.4090909090909091,0.0,0.0,0.0,0.0,0.0,0.041666666666666664,0.125,0.08333333333333333,0.20833333333333334,0.2916666666666667,0.25,0.0
S48,early_gradual,beta_global,9.041666666666666,1.4288690166235205,1.0,0.0,9.041666666666666,1.4288690166235205,0.0,0.2916666666666667,0.8571428571428571,2.4285714285714284,1.8571428571428572,0.6244419642857143,0.125,0.6666666666666666,0.0,0.0,0.0,0.0,0.041666666666666664,0.0,0.08333333333333333,0.16666666666666666,0.2916666666666667,0.2916666666666667,0.125,0.0
S48,early_gradual,mu_central,9.291666666666666,1.1220775245117838,1.0,0.0,9.291666666666666,1.1220775245117838,0.0,0.20833333333333334,0.8,2.0,1.9523809523809523,0.6677827380952381,0.125,0.38095238095238093,0.0,0.0,0.0,0.0,0.0,0.0,0.08333333333333333,0.08333333333333333,0.4583333333333333,0.20833333333333334,0.16666666666666666,0.0
S48,early_gradual,beta_central,9.541666666666666,1.4135729219948652,1.0,0.0,9.541666666666666,1.4135729219948652,0.0,0.20833333333333334,0.4,2.0,1.25,0.4392578125,0.16666666666666666,0.35,0.0,0.0,0.0,0.0,0.041666666666666664,0.0,0.041666666666666664,0.08333333333333333,0.16666666666666666,0.4583333333333333,0.20833333333333334,0.0
S48,late_gradual,gait,8.625,1.7891581697887247,1.0416666666666667,0.2041241452319315,8.583333333333334,1.909169331471644,0.041666666666666664,0.20833333333333334,1.0,3.4,1.5909090909090908,0.5472301136363636,0.08333333333333333,0.5909090909090909,0.0,0.0,0.041666666666666664,0.041666666666666664,0.0,0.041666666666666664,0.20833333333333334,0.16666666666666666,0.125,0.2916666666666667,0.125,0.0
S48,late_gradual,theta_global,9.291666666666666,1.5736738147920994,1.0416666666666667,0.2041241452319315,9.25,1.7257638510425513,0.041666666666666664,0.25,0.8333333333333334,2.3333333333333335,1.8095238095238095,0.6642485119047619,0.125,0.5238095238095238,0.0,0.0,0.041666666666666664,0.041666666666666664,0.0,0.0,0.041666666666666664,0.16666666666666666,0.16666666666666666,0.4166666666666667,0.16666666666666666,0.0
S48,late_gradual,alpha_global,8.875,1.872280636712535,1.0,0.0,8.875,1.872280636712535,0.0,0.2916666666666667,0.7142857142857143,2.7142857142857144,2.1818181818181817,0.7365056818181818,0.08333333333333333,0.7272727272727273,0.0,0.0,0.0,0.041666666666666664,0.0,0.125,0.041666666666666664,0.08333333333333333,0.25,0.2916666666666667,0.16666666666666666,0.0
S48,late_gradual,beta_global,8.833333333333334,1.8336626845141692,1.0,0.0,8.833333333333334,1.8336626845141692,0.0,0.25,0.8333333333333334,3.0,1.5,0.4603515625,0.16666666666666666,0.6,0.0,0.0,0.0,0.041666666666666664,0.041666666666666664,0.0,0.125,0.125,0.25,0.25,0.16666666666666666,0.0
S48,late_gradual,mu_central,9.125,1.226961606004318,1.0,0.0,9.125,1.226961606004318,0.0,0.20833333333333334,0.6,2.0,1.9565217391304348,0.640625,0.041666666666666664,0.5217391304347826,0.0,0.0,0.0,0.0,0.0,0.0,0.125,0.16666666666666666,0.2916666666666667,0.2916666666666667,0.125,0.0
S48,late_gradual,beta_central,9.041666666666666,1.4288690166235205,1.0,0.0,9.041666666666666,1.4288690166235205,0.0,0.25,0.8333333333333334,2.5,1.9090909090909092,0.6118607954545454,0.08333333333333333,0.5,0.0,0.0,0.0,0.0,0.0,0.041666666666666664,0.16666666666666666,0.08333333333333333,0.25,0.3333333333333333,0.125,0.0
