key,subject,task,direction,tr,n_volumes,n_anchors,n_peaks,anchor_interval_mean,anchor_interval_cv,peak_rate_per_min,coactivation_mean,coactivation_sd,global_sd,global_lag1,spectral_entropy,dvars_pct,tsnr,n_frames,n_events,mean_H,sd_H,mean_D,sd_D,mean_lambda,sd_lambda,multilevel,pivot_rate,compound_pivot_fraction,pivot_depth,tree_span_events,tree_span_time,tree_root_fraction,projection_depth_mean,projection_error_ms_mean,projection_error_ms_max,surz_mean_H,surz_mean_D,surz_mean_lambda,surz_multilevel,surz_pivot_rate,surz_tree_span_events,surz_tree_span_time
ds004796/sub-01/func/sub-01_task-msit_dir-AP_bold.nii.gz,sub-01,msit,AP,0.800000011920929,330,83,61,2.9709231707317074,0.524369471472017,13.863636157052088,0.8721798323008099,0.4899282620860553,0.6232122406915807,0.8371520203483412,0.7250886443005985,7.513644737850695,21.25392790290845,82,47,5.042553191489362,1.1220603488480394,1.425531914893617,1.229080265024356,4.617021276595745,1.4529309431712236,0.1702127659574468,0.2340425531914893,0.3636363636363636,1.7272727272727273,2.0681818181818183,6.423295454545454,0.0638297872340425,1.0425531914893618,171.6110952631857,396.9427201994896,1.3008046213368016,1.1053697290676128,0.2588129533682989,-0.2425250900146242,0.0672014959021048,-0.8373156557513636,-1.20721796992713
ds004796/sub-02/func/sub-02_task-msit_dir-AP_bold.nii.gz,sub-02,msit,AP,0.800000011920929,330,83,82,2.9703134146341466,0.5395396993386451,18.636363358660184,0.916773504818302,0.4000140276845529,0.8461039259877825,0.9333922753287276,0.6842896559594427,8.288286843200693,16.797261606239775,82,61,4.918032786885246,1.39397611131149,1.1311475409836065,0.4645933647131857,4.786885245901639,1.48452859070212,0.0983606557377049,0.2950819672131147,0.5555555555555556,2.055555555555556,2.830508474576271,7.6440677966101696,0.0327868852459016,0.8852459016393442,149.9470016192637,399.8398245837223,1.1824920512314083,-1.7828663328698378,2.1874429774917994,-1.950833889426596,2.4771192463334986,1.7596684216981298,2.111358716166792
ds004796/sub-03/func/sub-03_task-msit_dir-AP_bold.nii.gz,sub-03,msit,AP,0.800000011920929,330,83,76,2.969470731707317,0.5396505545513038,17.272727015343584,0.8544770386581118,0.5202780594712048,0.7972588519057672,0.9023846076084208,0.8950696841738337,8.764114742140874,20.329340190262005,82,57,4.824561403508772,1.2265341270883092,1.1754385964912282,0.4277351908409095,4.649122807017544,1.2885654824285282,0.1578947368421052,0.175438596491228,0.7,2.3,2.4,6.8,0.0350877192982456,0.9473684210526316,122.78325251980064,390.9617812590516,0.7110778130943805,-1.0195298917549849,1.230150797219765,-0.1511033840802697,-1.481319291318015,0.3435787214535386,1.0162934143505022
ds004796/sub-04/func/sub-04_task-msit_dir-AP_bold.nii.gz,sub-04,msit,AP,0.800000011920929,330,83,77,2.968880487804878,0.5266388177216862,17.499999739229683,0.8335636553430382,0.5532623287779355,0.7452218236824797,0.8040393195763381,0.910402503115597,6.607824706367934,22.844226864278955,82,64,4.671875,1.1416319077086154,1.234375,0.6105471784742413,4.4375,1.245627272336031,0.171875,0.171875,0.5454545454545454,2.090909090909091,2.888888888888889,6.936507936507937,0.015625,0.65625,174.42739793581933,398.00247486654746,-0.887517359461063,-0.6505804232342626,-0.5124199976740982,-0.5348613545418364,-2.188741483975544,1.387741915982276,0.7573332413398324
ds004796/sub-05/func/sub-05_task-msit_dir-AP_bold.nii.gz,sub-05,msit,AP,0.800000011920929,330,83,77,2.978032926829268,0.5407824848287678,17.499999739229683,0.8717391924415052,0.4907142522765617,0.7977581764196897,0.916670865151985,0.6687998967572061,8.016896634171408,23.023231907750397,82,60,4.916666666666667,1.239076565214304,1.3333333333333333,0.7738669501259083,4.583333333333333,1.4296101953800076,0.2166666666666666,0.2166666666666666,0.7692307692307693,2.1538461538461537,2.8983050847457625,7.7309322033898304,0.0166666666666666,0.7666666666666667,178.65547918495906,390.0866997310857,0.8155135398030829,0.9000235996456425,0.5720279825693563,0.4207652958908779,-0.9476287956548338,1.4377861324370131,1.4833604247357786
ds004796/sub-07/func/sub-07_task-msit_dir-AP_bold.nii.gz,sub-07,msit,AP,0.800000011920929,330,83,73,2.964173170731707,0.5074120132214245,16.590908843685284,0.8690989253131306,0.4953894685438654,0.6091561721183719,0.8321457220109144,0.8529452268462074,9.70756010195882,19.87713659467489,82,59,5.0,1.18903032065977,1.4745762711864407,1.0398264477768395,4.52542372881356,1.5240138948976247,0.288135593220339,0.2033898305084746,0.5,1.75,1.9649122807017545,5.394736842105263,0.0338983050847457,0.6779661016949152,180.30792655686085,399.59006112794526,2.348477064515804,1.5548980170409443,0.5872278086733942,1.30707549971378,-0.8127034576111156,-2.7626762490874706,-2.388959401498705
ds004796/sub-08/func/sub-08_task-msit_dir-AP_bold.nii.gz,sub-08,msit,AP,0.800000011920929,330,83,70,2.9648121951219517,0.5073572901820811,15.909090672026984,0.8466923811144854,0.5328907327901009,0.657474663887196,0.8781192324712798,0.8979912814513171,6.5875157353904585,24.141672161397796,82,56,4.607142857142857,1.1066504979781668,1.2678571428571428,0.7505409304706094,4.339285714285714,1.297224810043428,0.1607142857142857,0.2678571428571428,0.5333333333333333,1.7333333333333334,2.1132075471698117,5.669811320754717,0.0535714285714285,0.4107142857142857,180.10667252274652,388.4530318143079,-0.9617861556789205,-0.1728867721873729,-0.8171689200471333,-0.8174710764884567,1.055251912461577,-1.1289143362142844,-1.231456858907644
ds004796/sub-09/func/sub-09_task-msit_dir-AP_bold.nii.gz,sub-09,msit,AP,0.800000011920929,330,55,69,4.766224074074074,0.5996186372879216,15.681817948140884,0.8679541446860255,0.4973985469091955,0.8174922546579568,0.8690795483759539,0.8883064066823262,7.294658714300281,25.036154630956005,54,59,4.830508474576271,1.1318666665243802,1.2033898305084745,0.4464287801619283,4.627118644067797,1.285171464271379,0.1864406779661017,0.2372881355932203,0.7142857142857143,2.071428571428572,2.892857142857143,5.078125,0.0508474576271186,1.2203389830508475,175.2491123258826,397.8723044817726,-0.0477145513045144,-0.7941356952070827,0.3570380471164142,0.2592572123652102,0.3067899390443165,1.0789419652092105,1.6180632460898072
ds004796/sub-10/func/sub-10_task-msit_dir-AP_bold.nii.gz,sub-10,msit,AP,0.800000011920929,330,83,76,2.950774390243902,0.5362399442565957,17.272727015343584,0.9181189234152496,0.3969068159083503,0.5117091990599165,0.6982076176728197,0.945075256272482,9.57879043133373,17.288439776070362,82,63,4.761904761904762,1.328524353756959,1.253968253968254,0.594823204101206,4.507936507936508,1.4466091149262157,0.1904761904761904,0.238095238095238,0.6666666666666666,2.066666666666667,2.403225806451613,6.155241935483871,0.0158730158730158,0.7619047619047619,221.133306979112,393.7832482778997,-0.2165258207370374,-0.2337623145235674,0.0034935932844648,-0.0069383913858245,0.3055921562925747,-0.3151921163123575,-0.5677185599844462
ds004796/sub-11/func/sub-11_task-msit_dir-AP_bold.nii.gz,sub-11,msit,AP,0.800000011920929,330,83,97,2.9644048780487804,0.5125876734427194,22.04545421695168,0.8838963589199546,0.46839305043144,0.6422375723551081,0.583943285318991,0.9442979262872006,9.809072261014329,17.545807790616998,82,74,4.797297297297297,1.334266303231031,1.2972972972972974,0.7163401986951229,4.5,1.491987733615888,0.2027027027027027,0.2432432432432432,0.4444444444444444,1.9444444444444444,2.7222222222222223,5.6796875,0.027027027027027,0.6891891891891891,156.34491995060142,395.0008542520893,0.1831685267593306,-0.0365636962672651,0.1912988761419843,-0.0006026226418581,0.4418646944607398,1.1606275654939602,1.0129854768889608
ds004796/sub-12/func/sub-12_task-msit_dir-AP_bold.nii.gz,sub-12,msit,AP,0.800000011920929,330,83,88,2.970507317073171,0.5393584355410177,19.99999970197678,0.8653149443500789,0.5019897040716638,0.7316357923692353,0.7699772747713267,0.6467916871774482,7.111870425959974,20.469436959134,82,73,4.890410958904109,1.2970227000028485,1.2191780821917808,0.4786141841720901,4.671232876712328,1.453490000353058,0.1917808219178082,0.273972602739726,0.4,1.8,2.4027777777777777,5.527777777777778,0.0136986301369863,0.7808219178082192,168.97991209938095,398.809483176073,0.9153013920204524,-1.0542914085614132,1.1725391771385791,-0.3470595323592094,1.9744717916064247,-0.0655038891086713,-0.0176080172880363
ds004796/sub-13/func/sub-13_task-msit_dir-AP_bold.nii.gz,sub-13,msit,AP,0.800000011920929,330,83,82,2.965217073170732,0.5308486119279621,18.636363358660184,0.870362328193183,0.493159614588405,0.8046611261469855,0.8748828992400457,0.8081528701527474,7.455609987415732,22.10660239020548,82,68,4.911764705882353,1.2061446426669733,1.1176470588235294,0.3245852354403189,4.794117647058823,1.310791301732987,0.1176470588235294,0.2352941176470588,0.4375,1.75,2.4393939393939394,5.401515151515151,0.0294117647058823,0.9264705882352942,160.21309285605335,388.7557108620712,1.650330817908725,-1.7542204345199572,3.284961569203283,-1.56040265072407,-0.1252214607924462,0.1554676930130794,-0.4741473035665421
ds004796/sub-14/func/sub-14_task-msit_dir-AP_bold.nii.gz,sub-14,msit,AP,0.800000011920929,330,83,67,2.9507743902439025,0.5359390220189066,15.227272500368684,0.7976131747222258,0.6040852902841686,0.6732468007077159,0.8426667645392922,0.7845230031943302,7.705426164425826,16.720339155489807,82,53,4.830188679245283,1.3830825251617624,1.320754716981132,0.7278415113211956,4.509433962264151,1.5642968623121916,0.2075471698113207,0.2452830188679245,0.6923076923076923,2.076923076923077,2.2745098039215685,7.03921568627451,0.0377358490566037,0.8113207547169812,186.260127253446,386.3618042313419,0.6712307317536772,0.8243100707992832,0.1696520302614869,0.5113483294511622,-0.0641498755718753,-0.2854871936756497,-0.0569453763924113
ds004796/sub-15/func/sub-15_task-msit_dir-AP_bold.nii.gz,sub-15,msit,AP,0.800000011920929,330,83,85,2.9709134146341465,0.5243514758775234,19.31818153031848,0.8881373927805657,0.4602759522667974,0.5601212098973628,0.6946836652898084,0.8151763127569295,9.058831382968316,19.34648955389473,82,71,4.577464788732394,1.1791276658249874,1.1549295774647887,0.3644129260661655,4.422535211267606,1.2497082154416903,0.1549295774647887,0.2957746478873239,0.4285714285714285,1.761904761904762,2.130434782608696,4.824275362318841,0.028169014084507,0.7183098591549296,161.36153753007997,371.7484414644616,-2.489763154052538,-1.5372213546060562,-1.2702105349793018,-0.5666332552975053,2.852298735951934,-0.9521171186151562,-1.2945980779119015
ds004796/sub-16/func/sub-16_task-msit_dir-AP_bold.nii.gz,sub-16,msit,AP,0.800000011920929,330,83,101,2.9818707317073168,0.5211659798004329,22.95454511249608,0.8755749556210755,0.483815897581177,0.5793740618650323,0.514460257302725,0.918398098813354,11.359636568531297,18.434650257038317,82,87,4.908045977011494,1.2996617082922266,1.2298850574712643,0.6938458615988463,4.67816091954023,1.450695525838388,0.1494252873563218,0.2528735632183908,0.5,1.9090909090909087,2.552941176470588,4.285294117647059,0.0229885057471264,0.735632183908046,166.85405996978716,381.1132788849321,0.4074314965307812,-1.14475047295065,1.0013323764021305,-1.237163126295786,0.745620116589902,0.3199597315790777,-0.9294136078742232
ds004796/sub-17/func/sub-17_task-msit_dir-AP_bold.nii.gz,sub-17,msit,AP,0.800000011920929,330,83,71,2.9816756097560977,0.5338288757697077,16.136363395913083,0.9133262544866452,0.407847042810614,0.5338726094498031,0.8752397062010666,0.8848270147263374,8.535640156417246,16.685651507751892,82,59,4.728813559322034,1.336884031214534,1.1355932203389831,0.3920603014247218,4.593220338983051,1.3660747198703476,0.1186440677966101,0.3050847457627119,0.5555555555555556,2.1666666666666665,2.603448275862069,6.870689655172414,0.0169491525423728,0.7796610169491526,174.51454288899942,394.19377716919286,-0.778129539550162,-1.6974227453081017,0.8755512903591701,-1.2021414617430797,2.577869036139933,0.6772977752138075,0.1710300868572234
ds004796/sub-18/func/sub-18_task-msit_dir-AP_bold.nii.gz,sub-18,msit,AP,0.800000011920929,330,83,72,2.965198780487805,0.5311084222521648,16.363636119799185,0.8937614264217032,0.4492238118881141,0.7611592292571652,0.9084273870551688,0.7194185011267412,7.541533061063069,17.3834803993486,82,58,4.827586206896552,1.3130643285972257,1.1724137931034482,0.4245919004310796,4.655172413793103,1.421041428559277,0.1551724137931034,0.293103448275862,0.5882352941176471,2.0588235294117645,2.392857142857143,6.303571428571429,0.0344827586206896,0.8448275862068966,166.0445146567153,392.70943785334816,0.5860891616544508,-1.5662044078562207,1.281239612186011,-0.8012033460764263,1.2086139088610173,-0.517632450851301,-1.1715638989260897
ds004796/sub-19/func/sub-19_task-msit_dir-AP_bold.nii.gz,sub-19,msit,AP,0.800000011920929,330,83,84,2.9627756097560973,0.5573350949304104,19.09090880643238,0.8796407008894204,0.4763610736856524,0.6114876884452018,0.7857888087669641,0.7629305130568839,8.035663538925037,14.953895283672196,82,69,4.869565217391305,1.1234537540975629,1.2608695652173914,0.5854152350617938,4.608695652173913,1.297252654700647,0.2028985507246377,0.2028985507246377,0.6428571428571429,1.9285714285714288,2.8955223880597014,6.279850746268656,0.0289855072463768,0.8115942028985508,173.35456334707095,397.1854908711237,0.5510076767957698,0.2063592350570675,0.4332947066838842,0.5928603965136455,-0.7032114904291209,2.1951743466959144,0.3500621741316323
ds004796/sub-20/func/sub-20_task-msit_dir-AP_bold.nii.gz,sub-20,msit,AP,0.800000011920929,330,83,75,2.982924390243902,0.5334325738957246,17.045454291457485,0.8403382737987452,0.5428855219421573,0.6829440380093599,0.8591425984467348,0.9309260013832324,7.849573060522077,18.229803020723715,82,56,5.089285714285714,1.0664603425996029,1.2857142857142858,0.7559289460184545,4.803571428571429,1.2565413259802098,0.1785714285714285,0.2857142857142857,0.5,1.6875,2.763636363636364,8.022727272727273,0.0178571428571428,0.9464285714285714,172.57788562895706,398.9831533489783,2.7664838598143797,0.1316331265738678,2.408225344236959,-0.3678202852204709,2.3562408569910733,1.728010089348215,2.7983819933199072
ds004796/sub-21/func/sub-21_task-msit_dir-AP_bold.nii.gz,sub-21,msit,AP,0.800000011920929,330,83,70,2.968880487804878,0.5266577289888903,15.909090672026984,0.8500150399544837,0.5275583557832187,0.5236478375460873,0.862378625723674,0.8146453248873833,10.090386177680331,14.037335228773424,82,57,4.9298245614035086,1.48636239960428,1.2280701754385963,0.4233178415652577,4.701754385964913,1.689937787112525,0.2280701754385964,0.2280701754385964,0.6923076923076923,1.8461538461538465,2.232142857142857,6.165178571428571,0.0175438596491228,0.7543859649122807,165.90323798291467,397.54841529186535,1.3471836204796552,-0.5511936079306101,1.3303424809769864,0.797287019973326,0.109267537303071,-0.4089640000569402,-0.673656317712211
ds004796/sub-23/func/sub-23_task-msit_dir-AP_bold.nii.gz,sub-23,msit,AP,0.800000011920929,330,83,85,2.951590243902439,0.5360093526299883,19.31818153031848,0.8724830118790036,0.4893865012244099,0.6198622676838106,0.6551045261830578,0.8826967939990674,8.695126671142955,20.919547295166144,82,72,4.805555555555555,1.2292089393542578,1.4722222222222223,0.8876654334560621,4.333333333333333,1.4822898159913092,0.3055555555555556,0.2083333333333333,0.6666666666666666,2.2,2.6338028169014085,5.862676056338028,0.0138888888888888,0.6388888888888888,170.8885927362364,391.753033953492,0.3645229426298781,2.348424150461767,-0.8839337706973994,2.652676828776297,-0.4918235005494438,0.2566810706629246,-0.1243692738625217
ds004796/sub-24/func/sub-24_task-msit_dir-AP_bold.nii.gz,sub-24,msit,AP,0.800000011920929,330,74,70,3.573238356164384,0.4193237486381035,15.909090672026984,0.8590079952699144,0.5127396373205841,0.8606913174122639,0.908158714954312,0.8906361832241448,7.094264875203381,23.05510064561831,73,64,4.859375,1.37860278358947,1.21875,0.5764904768001549,4.640625,1.4839585359800105,0.15625,0.265625,0.5294117647058824,1.9411764705882355,2.193548387096774,4.735887096774194,0.03125,0.734375,156.59781021683682,395.4127779444789,0.0074367233876713,0.4445129723142751,-0.2744054546896561,0.4076142251172375,1.2058929576274198,-0.7325513945081449,-1.1737255218276028
ds004796/sub-25/func/sub-25_task-msit_dir-AP_bold.nii.gz,sub-25,msit,AP,0.800000011920929,330,83,71,2.97824512195122,0.5258799431693089,16.136363395913083,0.8194571067083632,0.5740108876975403,0.45966380357233,0.7076289727688374,0.9026842066649786,6.775263414339466,22.54005364955248,82,53,4.9245283018867925,1.1067807892847406,1.4339622641509433,0.7968552122674809,4.490566037735849,1.4887093210800209,0.2830188679245283,0.2075471698113207,0.7272727272727273,2.0,2.9019607843137254,8.517156862745098,0.0377358490566037,0.6981132075471698,207.84777745404784,387.6246003742558,0.6442422804314138,2.2855193896462667,-0.5949911313142114,2.0141373740506388,-0.6976062131175841,2.016240493383634,2.554544215600827
ds004796/sub-26/func/sub-26_task-msit_dir-AP_bold.nii.gz,sub-26,msit,AP,0.800000011920929,330,83,92,2.9696743902439025,0.5269314257981541,20.90909059752118,0.8620698283451543,0.5075591244806702,0.6413052702007367,0.6852336587170887,0.849909837849366,8.494057918385325,21.09476265882824,82,75,4.88,1.1145232891968486,1.3733333333333333,0.8182600745176007,4.506666666666667,1.3692899455392764,0.24,0.2266666666666666,0.5882352941176471,1.8823529411764703,3.219178082191781,6.6729452054794525,0.0266666666666666,0.7333333333333333,173.25814440358064,397.6548501305075,0.5937427356588785,1.7109662737264788,-0.147962723759714,1.155328779553914,-0.2848255003009077,2.561948883928548,2.274753572681268
ds004796/sub-27/func/sub-27_task-msit_dir-AP_bold.nii.gz,sub-27,msit,AP,0.800000011920929,330,83,68,2.9778097560975607,0.5407162730019255,15.454545224254783,0.8402458474357001,0.5430289974721976,0.6176424382329065,0.8450320199301197,0.92680772050489,6.183263880208307,21.35658182978224,82,56,4.821428571428571,1.1771636613972951,1.1428571428571428,0.4834937784152282,4.678571428571429,1.2374040694812791,0.1071428571428571,0.2142857142857142,0.75,2.25,2.703703703703704,7.42824074074074,0.0357142857142857,0.6964285714285714,181.58635668905063,393.0657959789946,-0.2558868074244629,-1.2143567447486692,0.5341257849491688,-1.1215537350016924,-1.10455148574595,1.1826034866007171,0.3969017198185231
ds004796/sub-29/func/sub-29_task-msit_dir-AP_bold.nii.gz,sub-29,msit,AP,0.800000011920929,330,83,78,2.9698768292682924,0.5245231167592652,17.72727246311578,0.8873200690056285,0.4618543996262882,0.5845068500774087,0.9091353432156704,0.7964779896406973,7.599529806506137,17.953156180669254,82,60,4.766666666666667,1.2671423430357476,1.05,0.2197841776510827,4.716666666666667,1.276803034418608,0.05,0.2666666666666666,0.5625,2.0625,2.0172413793103448,5.189655172413793,0.0333333333333333,0.75,160.68662251489692,373.2849983538813,-0.4587239158945952,-2.9965195721807056,1.3444923638647532,-2.8960319170425386,0.9920526997839664,-1.712369773579081,-1.704676296514022
ds004796/sub-31/func/sub-31_task-msit_dir-AP_bold.nii.gz,sub-31,msit,AP,0.800000011920929,330,83,79,2.981471951219512,0.5339737885244353,17.954545187001884,0.8299952172540002,0.5586175387594804,0.7640183988776652,0.8591919007316619,0.9100247145890048,7.245143421461408,20.55877620428132,82,62,4.790322580645161,1.269272371578397,1.2096774193548387,0.5473362251999969,4.580645161290323,1.4205561955840638,0.1451612903225806,0.2741935483870967,0.4705882352941176,1.8823529411764703,2.295081967213114,5.645491803278689,0.0161290322580645,0.7258064516129032,168.59656845713656,391.14704659427,0.3156809212892255,-0.5497981723931816,0.6515166776272979,-0.6649281556516391,1.7877532528124125,-0.8115650582954742,-0.7877729636635046
ds004796/sub-32/func/sub-32_task-msit_dir-AP_bold.nii.gz,sub-32,msit,AP,0.800000011920929,330,83,80,2.9745756097560974,0.5208986220367856,18.181817910887982,0.8492557942298921,0.5287834185300856,0.6570633267316087,0.8051939687555999,0.8985431805331566,8.722407906081248,19.833586331281825,82,59,4.88135593220339,1.2742103134302962,1.3389830508474576,0.7568120408826847,4.5423728813559325,1.4302403209963086,0.2372881355932203,0.2711864406779661,0.4375,1.625,2.3793103448275863,6.3469827586206895,0.0169491525423728,0.8135593220338984,150.1280880708659,388.2422368438654,0.1662988309652003,0.2966907180657951,-0.0577754669715673,0.5236369104226821,1.5711765106705362,-0.329456429376284,0.2964810019156787
ds004796/sub-33/func/sub-33_task-msit_dir-AP_bold.nii.gz,sub-33,msit,AP,0.800000011920929,330,83,93,2.9686841463414635,0.5266691520767496,21.13636332140728,0.9083335274488132,0.4188817315524801,0.5421965362620298,0.7710938609866883,0.871496806895141,9.117491552979423,16.325910272310324,82,77,4.935064935064935,1.2600925439872133,1.3636363636363635,0.9018853193098352,4.571428571428571,1.5595931607530438,0.2077922077922078,0.2467532467532467,0.5263157894736842,1.894736842105263,2.581081081081081,5.506756756756757,0.0389610389610389,0.8311688311688312,164.6950075187026,396.3270349850774,1.2894746084983424,0.6614401857928973,0.6681975427759854,0.3257112858015238,0.3058815595188549,0.479169788252184,0.2849206351271343
ds004796/sub-34/func/sub-34_task-msit_dir-AP_bold.nii.gz,sub-34,msit,AP,0.800000011920929,330,83,77,2.977423170731708,0.540815861501777,17.499999739229683,0.8686402751879932,0.4961956900004601,0.6234832832960137,0.8551176743283397,0.9279571697699088,8.768593687098592,18.12221777370236,82,64,4.84375,1.086990165110807,1.34375,0.858547130100133,4.5,1.3333333333333333,0.1875,0.203125,0.4615384615384615,1.9230769230769231,2.274193548387097,5.604838709677419,0.03125,0.765625,168.2510008255333,389.745555196118,1.0214534446113464,0.6925537376087203,0.3395644097756685,-0.214262748602647,-0.7445566608102657,-0.8180873035062239,-1.5304981544651055
ds004796/sub-35/func/sub-35_task-msit_dir-AP_bold.nii.gz,sub-35,msit,AP,0.800000011920929,330,83,80,2.979234146341464,0.5257040295562777,18.181817910887982,0.8962998644921275,0.4441218998158527,0.6725761220081661,0.8950815592044365,0.6048386326779004,9.733085612962894,17.143153928825996,82,67,4.8059701492537314,1.2701563488840986,1.1343283582089552,0.3851612172513432,4.6716417910447765,1.3301635773353109,0.1194029850746268,0.2537313432835821,0.6470588235294118,2.176470588235294,2.712121212121212,6.231060606060606,0.0149253731343283,0.7313432835820896,177.5219618669333,390.95652874535074,-0.3032398499569118,-1.4932414247677168,0.769001350896626,-1.2823657983606738,0.2798936828747522,1.5205319972881093,0.5180842118259797
ds004796/sub-36/func/sub-36_task-msit_dir-AP_bold.nii.gz,sub-36,msit,AP,0.800000011920929,330,83,69,2.951589024390244,0.5359567488930331,15.681817948140884,0.8241304814304582,0.5672601271408079,0.8048344099725703,0.8027799583229602,0.7915402476959343,8.260216546459256,21.170349291676818,82,58,4.913793103448276,1.2605273577359304,1.206896551724138,0.5217588570404738,4.706896551724138,1.5218712015223197,0.1551724137931034,0.3103448275862069,0.5555555555555556,2.111111111111111,2.280701754385965,6.526315789473684,0.0172413793103448,0.8448275862068966,166.18220192132847,392.8335913411764,1.5389953837600578,-0.5885839282810523,1.4471095368473414,-0.490930005866827,2.315893016789038,-0.398804067832364,-0.3142276522398864
ds004796/sub-37/func/sub-37_task-msit_dir-AP_bold.nii.gz,sub-37,msit,AP,0.800000011920929,330,83,88,2.9696939024390243,0.5401134895051084,19.99999970197678,0.9082094461979144,0.4191515099416575,0.7285456237890399,0.713382519589486,0.9225793458452516,9.609533424808172,21.210731372698994,82,71,4.647887323943662,1.2660240524604778,1.1971830985915493,0.5761874275878133,4.450704225352113,1.391697138587746,0.1549295774647887,0.2394366197183098,0.2941176470588235,1.6470588235294117,2.3043478260869565,5.199275362318841,0.028169014084507,0.676056338028169,152.80654596393032,397.3837514534183,-0.7843647551336002,-0.9274574628423482,-0.1583891183773207,-0.581919562738231,0.4780801877442782,-0.8703620213432686,-0.8940587103487591
ds004796/sub-38/func/sub-38_task-msit_dir-AP_bold.nii.gz,sub-38,msit,AP,0.800000011920929,330,83,84,2.9646073170731704,0.5073153693177743,19.09090880643238,0.8223528407777094,0.5698419104018345,0.698893942090351,0.7442344455721063,0.8442226724528453,8.517255606521966,22.106028625824717,82,65,5.030769230769231,1.2620572338600424,1.123076923076923,0.4148679122508568,4.907692307692308,1.3546572089817237,0.0923076923076923,0.2,0.6923076923076923,2.3076923076923075,2.3968253968253967,5.908730158730159,0.0307692307692307,0.8769230769230769,178.5963477910657,387.0807409006146,1.847966118525881,-1.4296877877428331,2.6800260831734866,-1.5284299145432594,-1.3785621252467877,0.1590507503517556,0.6141523576529612
ds004796/sub-39/func/sub-39_task-msit_dir-AP_bold.nii.gz,sub-39,msit,AP,0.800000011920929,330,83,82,2.9511817073170734,0.5360284838784727,18.636363358660184,0.8935631843459287,0.4496192085917543,0.5006940620179697,0.7161964986424527,0.9086973878557886,8.222729222146462,17.91108259225821,82,63,4.904761904761905,1.266367496402486,1.238095238095238,0.7119778384165574,4.666666666666667,1.3912166872805047,0.1746031746031746,0.2698412698412698,0.4705882352941176,1.9411764705882355,2.2333333333333334,5.683333333333334,0.0476190476190476,0.8253968253968254,170.19062259965696,387.22369093142817,1.7305100375870754,-0.2523551555887307,1.5155041651578032,-0.13385275747334,2.376576768658218,-1.3697238703620307,-1.0453731691019863
ds004796/sub-40/func/sub-40_task-msit_dir-AP_bold.nii.gz,sub-40,msit,AP,0.800000011920929,330,83,65,2.9505524390243902,0.5362435284925055,14.772727052596483,0.9020659158368668,0.4322537155200873,0.7030068741747694,0.9038459997660592,0.7687202128659045,9.387533272949216,19.087420564866623,82,52,4.865384615384615,1.3140096718814092,1.2115384615384617,0.4984894225297637,4.653846153846154,1.3703386640895172,0.173076923076923,0.2884615384615384,0.5333333333333333,2.2,2.38,7.615,0.0384615384615384,0.9230769230769232,160.4625828415227,376.2357839899835,0.2747891133994538,-0.8606881052386164,0.6275248660922977,-0.4367739450701555,2.022694701799149,-0.4473456406171038,-0.029248198922911
ds004796/sub-41/func/sub-41_task-msit_dir-AP_bold.nii.gz,sub-41,msit,AP,0.800000011920929,330,83,81,2.9706914634146337,0.5243230755394777,18.40909063477408,0.8464120907445288,0.5333371696742003,0.6935004429585525,0.7306871536852071,0.8401492236900642,6.333000868992071,23.032187547500627,82,60,4.866666666666666,1.307950481966667,1.2833333333333334,0.8252717408997378,4.583333333333333,1.4877085857647634,0.1666666666666666,0.2,0.6666666666666666,2.1666666666666665,2.2586206896551726,5.653017241379311,0.0333333333333333,0.6166666666666667,195.4603651838725,399.0841886302831,0.3994903035128301,0.2067144516523144,0.1928615113616613,-0.1852184953154655,-0.9210713209507236,-1.021060009594815,-0.8575338707439791
ds004796/sub-42/func/sub-42_task-msit_dir-AP_bold.nii.gz,sub-42,msit,AP,0.800000011920929,330,83,86,2.9642012195121947,0.5072995362075635,19.545454254204586,0.9116166405489874,0.4116656899254407,0.7330561090562855,0.8393621051002425,0.8923784072291885,7.360255011176362,20.655690381816346,82,63,5.0,1.3319885691653277,1.4285714285714286,0.8928801840344955,4.571428571428571,1.5731034224996727,0.3174603174603174,0.1904761904761904,0.6666666666666666,2.0,2.9838709677419355,7.129032258064516,0.0158730158730158,0.8412698412698413,198.3857800257275,394.27763836990334,1.9540619464317923,1.9530705768099128,0.2710533966899351,2.464805492568753,-1.4302157539104643,1.3904282582259158,1.4340634624867512
ds004796/sub-43/func/sub-43_task-msit_dir-AP_bold.nii.gz,sub-43,msit,AP,0.800000011920929,330,83,93,2.950757317073171,0.5366090912051089,21.13636332140728,0.8826280216794091,0.4707859480184838,0.4986853504227127,0.5728606563954193,0.7957328633358793,7.947335458012577,18.968654707235302,82,75,4.946666666666666,1.2400232488375602,1.2533333333333334,0.679692564312706,4.693333333333333,1.345395886009055,0.16,0.1866666666666666,0.7142857142857143,2.357142857142857,2.3378378378378377,5.0608108108108105,0.0133333333333333,0.8,142.32008116175922,394.2011635472798,1.608253254258159,-0.4150609759963121,1.530577188052438,-0.5653191938122453,-1.3951708137782313,-0.4514900381572457,-0.2652498357080511
ds004796/sub-44/func/sub-44_task-msit_dir-AP_bold.nii.gz,sub-44,msit,AP,0.800000011920929,330,83,70,2.974778048780488,0.5212624964507023,15.909090672026984,0.8987554174808465,0.4391161701016978,0.7063261240507441,0.9146668288955184,0.7199248142168133,7.805692903793832,17.890675708759062,82,51,4.745098039215686,1.3393003734025009,1.1176470588235294,0.3253956867279842,4.627450980392157,1.4136588600327238,0.1176470588235294,0.2745098039215686,0.5,2.0,2.673469387755102,8.558673469387756,0.0392156862745098,0.7058823529411765,189.38783186904607,395.3249617447909,-0.3217910436607371,-1.0936904739323918,0.4801721590843877,-0.8072663809669169,1.2876878272127397,1.115678011983145,1.765001550457839
ds004796/sub-45/func/sub-45_task-msit_dir-AP_bold.nii.gz,sub-45,msit,AP,0.800000011920929,330,83,69,2.982082926829268,0.534240510111703,15.681817948140884,0.8562146507708916,0.5174047799684437,0.733137451034541,0.913306422135887,0.7531307438541549,8.536519479374931,18.569655435916847,82,52,4.826923076923077,1.2162487143439404,1.3076923076923077,0.8053366495791399,4.519230769230769,1.4347287044961772,0.173076923076923,0.2115384615384615,0.6363636363636364,1.818181818181818,2.061224489795918,6.586734693877551,0.0576923076923076,0.6923076923076923,148.30948213291208,357.81516947609055,0.2864144867683713,0.2619451431988011,0.0763239275580529,-0.4243896566251346,-0.5380466622510935,-0.9263042882325656,0.3008256938120062
ds004796/sub-46/func/sub-46_task-msit_dir-AP_bold.nii.gz,sub-46,msit,AP,0.800000011920929,330,83,80,3.024421951219512,0.5159289766276749,18.181817910887982,0.8877624023102976,0.461000999980087,0.5478200854019795,0.6853252061658757,0.765726560685987,8.984937221987614,18.29188067472764,82,66,4.96969696969697,1.1631482076303747,1.3636363636363635,0.7572493469304371,4.606060606060606,1.4557978291463824,0.2575757575757575,0.2424242424242424,0.5625,1.9375,2.830769230769231,6.494230769230769,0.0151515151515151,0.6818181818181818,190.2718961196677,397.9575764492296,1.7827364399478198,1.100633114598269,0.7747915112669734,1.959719669101961,0.0322956054186461,1.725425761100453,0.800184290236697
ds004796/sub-47/func/sub-47_task-msit_dir-AP_bold.nii.gz,sub-47,msit,AP,0.800000011920929,330,83,83,2.977626829268293,0.5407568903518168,18.86363608254628,0.8570345622726918,0.5160413972153229,0.7358366205603566,0.8074761377623831,0.9313475892573744,7.742025025464831,18.155956960171835,82,66,4.7727272727272725,1.3219502439776043,1.1666666666666667,0.4144814492771321,4.606060606060606,1.3798415503102897,0.1515151515151515,0.2727272727272727,0.5555555555555556,2.111111111111111,2.076923076923077,5.171153846153846,0.0151515151515151,0.803030303030303,170.5580201017404,394.3934688517743,-0.0342457703653632,-1.1387830558416958,0.7563030697714567,-0.6661435881840009,1.5673669860616426,-1.4006891428049753,-0.8124063522165826
ds004796/sub-48/func/sub-48_task-msit_dir-AP_bold.nii.gz,sub-48,msit,AP,0.800000011920929,330,83,75,2.9629804878048778,0.5572678894071345,17.045454291457485,0.8588882537599278,0.5129408001875865,0.4719305772298283,0.7841291750278695,0.8018453339024572,7.841921200592504,18.16140805336699,82,61,4.918032786885246,1.3453014775780818,1.180327868852459,0.4284933574479879,4.737704918032787,1.5588632540440304,0.1639344262295081,0.2459016393442623,0.6,2.1333333333333333,2.103448275862069,5.174568965517241,0.0491803278688524,0.7868852459016393,168.94970948022043,395.266656881901,0.9354342280872516,-1.0887788067934818,1.2622137191037026,-0.2684563837265445,0.4067422697858046,-1.638832139484649,-1.9130071433966824
ds004796/sub-49/func/sub-49_task-msit_dir-AP_bold.nii.gz,sub-49,msit,AP,0.800000011920929,330,83,83,2.9694902439024395,0.5264238159038658,18.86363608254628,0.821094237061401,0.5716594607457889,0.7759638858170288,0.6976031196582607,0.9139469673655152,8.731857936063403,19.071525491546083,82,66,4.833333333333333,1.1842989920472375,1.3484848484848484,0.8856535916385618,4.484848484848484,1.3727280445821322,0.2424242424242424,0.1818181818181818,0.6666666666666666,1.9166666666666667,2.238095238095238,5.013888888888889,0.0454545454545454,0.7727272727272727,182.0408350882763,385.2828269843794,0.6742615975296513,0.6379454837301739,0.0930540508791055,0.9200923592959896,-1.56595210206249,-0.7927342219363157,-1.201868870613633
ds004796/sub-53/func/sub-53_task-msit_dir-AP_bold.nii.gz,sub-53,msit,AP,0.800000011920929,330,83,76,2.962776829268293,0.5573498817986839,17.272727015343584,0.8769806503030192,0.4812554172898973,0.7508884438956087,0.8542165005900628,0.820729499552132,6.880429081627603,22.99920967221078,82,66,4.712121212121212,1.2374309803926162,1.181818181818182,0.4264014327112209,4.53030303030303,1.3268783141667742,0.1666666666666666,0.2727272727272727,0.5555555555555556,1.8888888888888888,2.375,5.796875,0.0303030303030303,0.6818181818181818,177.28256485463126,399.4996197826312,-0.9907599929951826,-1.255092604725671,-0.150242784013569,-0.6109946520117769,1.2508922512326053,-0.5572116155776106,-1.2258620060858996
ds004796/sub-54/func/sub-54_task-msit_dir-AP_bold.nii.gz,sub-54,msit,AP,0.800000011920929,330,83,74,2.981490243902439,0.5211567480770641,16.818181567571383,0.8300697198820945,0.5585064906018088,0.723836004842925,0.6964170586941975,0.8764335666084995,8.153372922976885,19.93744567366855,82,57,4.912280701754386,1.3131301447085724,1.368421052631579,0.7935359148269854,4.543859649122807,1.5244457475071824,0.2280701754385964,0.2631578947368421,0.5333333333333333,1.9333333333333331,2.571428571428572,7.051339285714286,0.0175438596491228,0.6491228070175439,159.1548958759898,388.4856110641693,1.035779267174451,1.1285692008549468,0.3316797514741116,0.9996773321772118,1.296272985222443,0.5908575626598869,0.794813187942781
ds004796/sub-55/func/sub-55_task-msit_dir-AP_bold.nii.gz,sub-55,msit,AP,0.800000011920929,330,83,70,2.951597560975609,0.5360961217370456,15.909090672026984,0.8588889619197723,0.5129396105853007,0.6580547998494211,0.7265457186239438,0.8343506205819438,7.393644849003807,19.89125601790081,82,55,4.781818181818182,0.9754563811443092,1.2363636363636363,0.6372288490492298,4.545454545454546,1.2295464658907818,0.1636363636363636,0.2181818181818181,0.5,1.75,2.679245283018868,7.424528301886792,0.0363636363636363,0.6909090909090909,144.5385878056263,392.1496525464256,-0.0306409642216371,-0.7641771102798317,0.4427545690244413,-0.6979510038104003,-0.6872103367736383,1.5721741763327262,1.1139624407498947
ds004796/sub-56/func/sub-56_task-msit_dir-AP_bold.nii.gz,sub-56,msit,AP,0.800000011920929,330,83,71,2.9631646341463416,0.5572562216239736,16.136363395913083,0.908551927067804,0.4184063707246463,0.8179693806740991,0.8797010423585381,0.8284635036998768,7.293591834668623,21.61863609716885,82,57,4.859649122807017,1.301628053236573,1.2280701754385963,0.5351082620650945,4.631578947368421,1.3968277701810172,0.175438596491228,0.2280701754385964,0.5384615384615384,2.076923076923077,2.272727272727273,6.736363636363636,0.0350877192982456,0.7368421052631579,188.50864214154228,390.62602934690807,0.351440920859849,-0.507715535506414,0.5355545209095803,-0.1229833461853257,-0.3135091367109881,-0.8827075864567836,-0.2317547131442808
ds004796/sub-57/func/sub-57_task-msit_dir-AP_bold.nii.gz,sub-57,msit,AP,0.800000011920929,330,83,101,2.962369512195122,0.4941763018027295,22.95454511249608,0.91225263098655,0.410250109032632,0.5439584813199927,0.3931434293536702,0.74918662459552,10.93600543696046,16.505551842133286,82,86,4.790697674418604,1.3205727729664922,1.244186046511628,0.5299510856812865,4.546511627906977,1.5158532968299605,0.1976744186046511,0.1744186046511628,0.6,2.1333333333333333,2.3058823529411763,4.177941176470588,0.0116279069767441,0.7558139534883721,180.7466684104837,397.1053085062053,0.6330833273671197,-1.571924564120729,1.3974345270776625,-0.8320598630724869,-1.5627948530880076,-1.1422423592300377,-1.8378726958143723
ds004796/sub-59/func/sub-59_task-msit_dir-AP_bold.nii.gz,sub-59,msit,AP,0.800000011920929,330,83,84,2.981898780487805,0.5210880341069918,19.09090880643238,0.8808071174559192,0.4741942803464665,0.7142295847917601,0.8273617253986272,0.6972878347288821,7.469874952594248,23.67512683022068,82,70,4.828571428571428,1.3402512047841872,1.2,0.6936565578799461,4.628571428571429,1.495611246972419,0.1285714285714285,0.2571428571428571,0.4444444444444444,2.0,2.1029411764705883,4.612132352941177,0.0285714285714285,0.8,172.6631258405517,392.5279465029236,0.3732460133571097,-0.8672708156020124,0.9951252762469208,-1.199503224818415,0.5240743274611208,-1.33223754749632,-1.5842859872419466
ds004796/sub-62/func/sub-62_task-msit_dir-AP_bold.nii.gz,sub-62,msit,AP,0.800000011920929,330,83,77,2.964607317073171,0.5078414014941651,17.499999739229683,0.8761170830101935,0.4828305043462821,0.7745931569847374,0.7887317705798018,0.8929238749203268,6.84497349433154,25.016824003772285,82,60,4.75,1.2838633434854985,1.2,0.5142049977013223,4.55,1.3457402978110384,0.1666666666666666,0.2666666666666666,0.5625,2.0625,2.6440677966101696,6.328389830508475,0.0166666666666666,0.6166666666666667,186.61266887617333,383.7607721847291,-0.2520373465820834,-0.9377484809767735,0.4175091907011203,-0.5673722120578172,1.4980925883547498,1.1625782825803748,0.1317122587292885
ds004796/sub-63/func/sub-63_task-msit_dir-AP_bold.nii.gz,sub-63,msit,AP,0.800000011920929,330,83,86,2.981897560975609,0.5339224750559581,19.545454254204586,0.8702082241902179,0.4934323156897638,0.534549983234932,0.7518545845119927,0.8686992654385678,8.085015401290606,16.04546294853197,82,73,4.671232876712328,0.9867848257028696,1.547945205479452,1.00057061345585,4.123287671232877,1.3223002419967935,0.3287671232876712,0.1780821917808219,0.5384615384615384,1.8461538461538465,2.309859154929577,4.772887323943662,0.0273972602739726,0.5205479452054794,210.52447417679093,396.8628884385623,-1.027929077211992,3.390213022676742,-2.6144506679999173,2.591503785658366,-1.5069868525808665,-0.664206250244331,-1.7057546543502564
ds004796/sub-64/func/sub-64_task-msit_dir-AP_bold.nii.gz,sub-64,msit,AP,0.800000011920929,330,83,61,2.9507756097560973,0.5362168893503422,13.863636157052088,0.8524724721173911,0.5235659978252056,0.7906740044038918,0.909161049778655,0.7845261298936208,7.007326226425943,22.48576133439112,82,52,4.6923076923076925,1.2763068894345513,1.3461538461538465,0.6533357958521635,4.346153846153846,1.493575987611354,0.2692307692307692,0.2115384615384615,0.6363636363636364,2.090909090909091,2.294117647058824,6.791666666666667,0.0192307692307692,0.6153846153846154,177.37539549181233,398.3785826413281,-0.6926785915538263,1.1506472354021626,-1.1024162721155844,1.8620493649656171,-0.4210152571012162,-0.2093993697280137,-0.954092894687326
ds004796/sub-65/func/sub-65_task-msit_dir-AP_bold.nii.gz,sub-65,msit,AP,0.800000011920929,330,83,67,2.9727256097560977,0.5646680544093571,15.227272500368684,0.8429743262723364,0.5387707322470938,0.8413359783804782,0.8640710318583589,0.8942578934446322,7.172652465721923,22.43344535967254,82,50,5.16,1.3755889276812254,1.22,0.6157789160643516,4.94,1.5702593052468392,0.14,0.24,0.5833333333333334,2.1666666666666665,2.021276595744681,5.553191489361702,0.06,0.94,184.7864500110036,396.7449527990165,1.9143724628900436,-0.5300837334053902,1.7985109573079172,-0.797126424944402,0.2912116590496437,-1.5860336490427769,-2.268627308149135
ds004796/sub-66/func/sub-66_task-msit_dir-AP_bold.nii.gz,sub-66,msit,AP,0.800000011920929,330,83,94,2.964171951219512,0.5126953041636801,21.36363604529338,0.875948908642546,0.4831364654959215,0.6488102735537258,0.610188282673061,0.7632656657549607,11.248565493878695,16.474391943833915,82,78,4.641025641025641,1.1949499687875758,1.2692307692307692,0.6173482656644311,4.371794871794871,1.3874106907864103,0.2051282051282051,0.2435897435897435,0.631578947368421,1.947368421052632,2.28,4.68,0.0384615384615384,0.6282051282051282,181.7564337164544,391.8644917154383,-0.97306385496578,0.2903238941723652,-0.8256207647943145,0.6438574119167141,0.3180972814442153,-0.4065913695114291,-0.7402940249821693
ds004796/sub-67/func/sub-67_task-msit_dir-AP_bold.nii.gz,sub-67,msit,AP,0.800000011920929,330,83,103,2.951385365853658,0.5361350159443496,23.40909056026828,0.8867551837143208,0.4629413369998379,0.5181836221220361,0.2573331641528304,0.8884488975356136,10.332364735100144,18.405245974264496,82,81,4.617283950617284,1.2606337814227404,1.308641975308642,0.5621826951410452,4.308641975308642,1.4198765378426568,0.2592592592592592,0.2222222222222222,0.6111111111111112,1.9444444444444444,2.3625,4.8046875,0.0123456790123456,0.6419753086419753,174.82669482599886,388.7246168013832,-1.521977281531382,0.1451315034947633,-1.653296908233642,0.9722170048824904,-0.1408633621935102,-0.4062128025205599,-0.0825724805730609
ds004796/sub-68/func/sub-68_task-msit_dir-AP_bold.nii.gz,sub-68,msit,AP,0.800000011920929,330,83,81,2.970081707317073,0.5243597915969092,18.40909063477408,0.8816473389577391,0.4726254988920573,0.7116469829382495,0.9109762543110382,0.7711540326735231,7.218497142319484,19.443254238556,82,69,4.826086956521739,1.3822032894997165,1.2318840579710144,0.6890941952223752,4.594202898550725,1.5654245860779616,0.144927536231884,0.2608695652173913,0.5555555555555556,2.055555555555556,2.897058823529412,6.511029411764706,0.0144927536231884,0.7536231884057971,187.5679809483076,397.50730630665737,0.1311671484415759,-0.237217923296756,0.2482049733197812,-0.7950044394051641,1.7468585582179903,1.4376814385332932,0.5392549701383814
ds004796/sub-70/func/sub-70_task-msit_dir-AP_bold.nii.gz,sub-70,msit,AP,0.800000011920929,330,83,74,2.974981707317073,0.5207641514765893,16.818181567571383,0.8647976339259337,0.5028830765223833,0.7335761948588408,0.8876246204996739,0.8693294599843123,6.655948437211636,24.53913910231725,82,61,4.852459016393443,1.194934664514766,1.1967213114754098,0.6005461994758755,4.655737704918033,1.3023727820359183,0.1475409836065573,0.2786885245901639,0.4117647058823529,1.5294117647058822,2.389830508474576,6.148305084745763,0.0327868852459016,0.7704918032786885,172.18993088127735,367.2375081365828,0.4161928814873752,-0.7939390214815907,0.7507508552972202,-0.5407064739997709,0.903902416808078,-0.4419597493428538,-0.8011412578928396
ds004796/sub-72/func/sub-72_task-msit_dir-AP_bold.nii.gz,sub-72,msit,AP,0.800000011920929,330,83,78,2.9631646341463416,0.5572325969785137,17.72727246311578,0.8444551193223054,0.5364397198866993,0.7854372675900345,0.8312850202665037,0.6284301439144213,7.853722230106184,23.20544544905928,82,64,4.921875,1.1992681299938923,1.296875,0.937400788401225,4.625,1.4085904245475276,0.140625,0.25,0.4375,1.75,2.0327868852459017,5.108606557377049,0.046875,0.734375,183.68721411439384,389.3045924997762,1.1794936221641965,0.2728263469699366,0.8524570081279954,-0.7994777347544705,0.4980979225044923,-1.783574401460842,-1.464134012953184
ds004796/sub-73/func/sub-73_task-msit_dir-AP_bold.nii.gz,sub-73,msit,AP,0.800000011920929,330,83,67,2.962776829268293,0.557698689562797,15.227272500368684,0.9096668822855978,0.4159693468583533,0.5450940420022334,0.9262189678177114,0.8918148070038442,7.652015855106939,16.669275337593046,82,57,4.912280701754386,1.1538863176609786,1.263157894736842,0.6688560540599386,4.649122807017544,1.469830263161793,0.1929824561403508,0.2280701754385964,0.5384615384615384,2.0,2.8035714285714284,7.037946428571429,0.0175438596491228,0.8771929824561403,140.79925131181318,395.80131743014135,0.7557790173807748,-0.117050693215605,0.7249116386626456,0.0440890618010533,-0.5989112046862286,1.358876807166871,-0.2259508748592386
ds004796/sub-74/func/sub-74_task-msit_dir-AP_bold.nii.gz,sub-74,msit,AP,0.800000011920929,330,83,73,2.969489024390244,0.5396357942851304,16.590908843685284,0.8785218654076421,0.4784275769353575,0.6070485228192598,0.8478355768982351,0.8608591403904586,9.427951523568924,14.658328459382776,82,62,4.67741935483871,1.2774743723763171,1.2096774193548387,0.4485713852649063,4.467741935483871,1.4339872411290078,0.1935483870967742,0.1935483870967742,0.6666666666666666,2.25,2.6557377049180326,6.559426229508197,0.0161290322580645,0.7258064516129032,180.3622135894329,390.9890912344167,-0.667764760460023,-0.6002536009787769,-0.3192348613116652,0.4751835315117959,-1.226772962643604,1.1699579853612772,0.3023791214312725
ds004796/sub-75/func/sub-75_task-msit_dir-AP_bold.nii.gz,sub-75,msit,AP,0.800000011920929,330,83,81,2.964580487804878,0.5074607498223235,18.40909063477408,0.8888716781994107,0.4588519959791752,0.7237313575803221,0.6737361398914687,0.9261309353098772,9.605119479160434,18.63994438892331,82,67,4.7164179104477615,1.178159455036769,1.2238805970149254,0.6233072962246721,4.492537313432836,1.2953662677119573,0.1641791044776119,0.1940298507462686,0.4615384615384615,1.8461538461538465,2.0153846153846158,4.965384615384616,0.0298507462686567,0.5522388059701493,174.1106466111643,395.82357804624735,-0.3730374929951244,-0.3393365946082191,-0.0558742936762909,-0.0317490476997655,-1.5814210788015752,-1.3560286993273345,-1.2485552182857045
ds004796/sub-76/func/sub-76_task-msit_dir-AP_bold.nii.gz,sub-76,msit,AP,0.800000011920929,330,83,105,2.977829268292683,0.5411387783832161,23.86363600804048,0.8950746775678078,0.4465934407110736,0.7047810958381622,0.700042531559122,0.6631310259495079,11.23272149623118,16.70808958232802,82,86,4.988372093023256,1.3150189982659084,1.302325581395349,0.736761872965438,4.686046511627907,1.5511788906352462,0.1976744186046511,0.2325581395348837,0.55,1.9,2.469879518072289,4.448795180722891,0.0348837209302325,0.8255813953488372,167.95625526123283,378.5049695266167,1.9974115501927996,0.126483317766184,1.573114576298838,0.071203324606738,0.4051792794384563,-0.3009124764618489,-0.7080205329166329
ds004796/sub-78/func/sub-78_task-msit_dir-AP_bold.nii.gz,sub-78,msit,AP,0.800000011920929,330,83,72,2.950784146341463,0.5362182523138842,16.363636119799185,0.9371258365155944,0.3495216219679637,0.4675719711429458,0.6895021001269472,0.8977341840507684,9.288572967800754,11.58996240407988,82,62,4.887096774193548,1.3683164084961912,1.3709677419354838,0.7731958581161259,4.516129032258065,1.616938368644819,0.2419354838709677,0.2258064516129032,0.5714285714285714,2.142857142857143,2.4918032786885247,5.76844262295082,0.0161290322580645,0.8387096774193549,177.97020203520367,389.87472958714784,0.9946662259453624,0.8406214926357941,0.2384587927146928,1.0368601181284711,-0.1218089022619961,0.2849626774785006,-1.3093036846482091
ds004796/sub-79/func/sub-79_task-msit_dir-AP_bold.nii.gz,sub-79,msit,AP,0.800000011920929,330,83,84,2.951764634146341,0.5358158542550407,19.09090880643238,0.898184610914414,0.4402860807455261,0.5402775751702432,0.710021417926485,0.833353068024908,9.29047052499083,19.09223423485768,82,64,4.828125,1.228687356103097,1.203125,0.442922742197277,4.625,1.3153549825650603,0.1875,0.265625,0.5294117647058824,1.8235294117647056,2.5396825396825395,6.442460317460317,0.015625,0.671875,162.89806053762504,397.44523527227216,0.3824392354116787,-0.9609982637419334,0.8478506932796258,0.0953909463963725,0.6597263172267416,0.0554934088798656,0.6738736133603848
ds004796/sub-80/func/sub-80_task-msit_dir-AP_bold.nii.gz,sub-80,msit,AP,0.800000011920929,330,83,63,2.9745560975609755,0.5208631592536153,14.318181604824286,0.8559091327381125,0.5179115568641786,0.8389384362258335,0.851297024545783,0.916503746725125,7.025001638696136,22.742872330778106,82,50,4.62,1.291889930232733,1.24,0.5554920598635309,4.38,1.4831020992280652,0.2,0.2,0.7,2.2,2.333333333333333,7.59375,0.04,0.7,175.50240763158956,397.9572591353815,-0.6996597219094046,-0.1586383424351298,-0.5059574452301335,0.3590872927451611,-1.278544796282524,0.1275019691988316,0.1769951574263516
ds004796/sub-01/func/sub-01_task-msit_dir-PA_bold.nii.gz,sub-01,msit,PA,0.800000011920929,330,83,69,2.9743804878048783,0.5209410311361652,15.681817948140884,0.8788691586246871,0.4777873594619303,0.6578594715880234,0.8861004964722836,0.7847354553537877,7.262710877227356,23.004353248797283,82,59,4.796610169491525,1.3232621787415757,1.2542372881355932,0.7564258137379175,4.5423728813559325,1.4422448247174655,0.135593220338983,0.2711864406779661,0.5,1.8125,2.6140350877192984,6.774122807017544,0.0338983050847457,0.7288135593220338,153.32275187920573,399.1684053604416,0.5149234341438766,-0.2170997065900631,0.5079014994881369,-0.825698051671926,0.8734618751700814,0.9972045325631216,-0.1519166323312037
ds004796/sub-02/func/sub-02_task-msit_dir-PA_bold.nii.gz,sub-02,msit,PA,0.800000011920929,330,83,79,2.974380487804878,0.564444331945627,17.954545187001884,0.8899349079144958,0.4567801718444423,0.7403274725826755,0.8007626741479189,0.791854651424196,9.087033319231931,18.885458195619982,82,65,4.892307692307693,1.1608600922790628,1.2615384615384615,0.8710073743395322,4.630769230769231,1.2570952475999826,0.1538461538461538,0.2307692307692307,0.4,1.7333333333333334,2.274193548387097,5.522177419354839,0.0461538461538461,0.7384615384615385,154.35744965396802,396.8431668828173,0.9575953587935964,0.3062718717644704,0.8822856319352781,-0.6686897695883408,-0.5634642504265192,-0.4531341156314252,-0.6742795509775831
ds004796/sub-03/func/sub-03_task-msit_dir-PA_bold.nii.gz,sub-03,msit,PA,0.800000011920929,330,83,85,2.963979268292683,0.494255520903732,19.31818153031848,0.9157213820667718,0.4024240194033891,0.6504023120816201,0.8261370849282355,0.9016962369652226,8.676020817703785,19.721464042100276,82,67,4.865671641791045,1.1267481016121828,1.2537313432835822,0.703740731831743,4.611940298507463,1.3021569970117182,0.1641791044776119,0.2835820895522388,0.631578947368421,1.8421052631578947,2.21875,5.26171875,0.044776119402985,0.746268656716418,163.21543864158343,393.96962689683335,1.5022997041337305,-0.1025935084593627,1.185463514136871,-0.4270238197056905,2.375977714460592,-0.6171153471870895,-0.6057491358834366
ds004796/sub-04/func/sub-04_task-msit_dir-PA_bold.nii.gz,sub-04,msit,PA,0.800000011920929,330,83,80,2.966236585365854,0.5306816456966207,18.181817910887982,0.8156276541376446,0.5794557879589021,0.8192349989185724,0.8191158649560838,0.8957782890600781,6.617408103711065,23.712830668353924,82,64,4.71875,1.326993857714759,1.25,0.642416074439621,4.46875,1.4471510051636047,0.1875,0.25,0.5625,1.9375,2.2063492063492065,5.545634920634921,0.015625,0.703125,160.63203931533653,375.54529434169126,-0.6702979519311195,-0.2993867022420612,-0.3365704262249966,0.1068672047198614,0.8234799660616643,-0.4347606867130645,-0.4376888935134145
ds004796/sub-05/func/sub-05_task-msit_dir-PA_bold.nii.gz,sub-05,msit,PA,0.800000011920929,330,83,77,2.970710975609756,0.5243924578711036,17.499999739229683,0.8726740060635989,0.4890448033577143,0.7964572587075336,0.9007745914655636,0.6752440623720918,7.621265946456374,21.186249533126635,82,62,4.983870967741935,1.3609535649788187,1.2419354838709675,0.6938957230434258,4.741935483870968,1.5357540345985836,0.1290322580645161,0.2580645161290322,0.5625,2.0,2.459016393442623,6.608606557377049,0.0161290322580645,0.9516129032258064,157.70652001472718,395.7607832605136,1.613827577012352,-0.3076392591686934,1.425856645740999,-1.1838457426434126,0.713150038279432,-0.0012476142495971,0.3326324605573807
ds004796/sub-07/func/sub-07_task-msit_dir-PA_bold.nii.gz,sub-07,msit,PA,0.800000011920929,330,83,86,2.973123170731707,0.5644271792968173,19.545454254204586,0.9305766607338332,0.3666530433526799,0.7518546222131843,0.8732343046235693,0.7395825494387821,9.187049592310256,21.34890525635595,82,70,4.871428571428571,1.238529148363395,1.3714285714285714,0.980556313135464,4.5,1.4817733206914758,0.2,0.2285714285714285,0.5,2.0,2.294117647058824,5.033088235294118,0.0285714285714285,0.7571428571428571,160.19484865272244,385.1785386502228,0.893493530893599,0.9372152010423684,0.2182586927016043,0.0277792888207552,-0.5806814145176444,-0.5982554623187493,-1.049593502073774
ds004796/sub-08/func/sub-08_task-msit_dir-PA_bold.nii.gz,sub-08,msit,PA,0.800000011920929,330,83,70,2.970507317073171,0.5352767474640404,15.909090672026984,0.8171805695274791,0.5772570399302748,0.8381263214354283,0.922789003606566,0.9052532071539782,6.278859845390842,25.61670670231211,82,56,4.732142857142857,1.2719501337934371,1.2321428571428572,0.76255721522618,4.5,1.4270121360253514,0.1071428571428571,0.25,0.3571428571428571,1.9285714285714288,2.2181818181818183,6.036363636363636,0.0178571428571428,0.8035714285714286,149.92877492527018,398.3841182610277,-0.2015815120499426,-0.3906807313059909,0.0119767889613062,-1.774970530900641,0.3305991931613158,-1.078553460989255,-1.8240555674126533
ds004796/sub-09/func/sub-09_task-msit_dir-PA_bold.nii.gz,sub-09,msit,PA,0.800000011920929,330,83,84,2.9814914634146343,0.5340541390595857,19.09090880643238,0.8857360633278666,0.464894131439557,0.7568776454754613,0.8394642866168778,0.903831732419885,6.831930157164396,26.82610463547609,82,67,4.582089552238806,1.327440619357225,1.1791044776119404,0.4581045644275378,4.402985074626866,1.3823530826921189,0.1492537313432835,0.2388059701492537,0.5,1.875,2.6818181818181817,6.350378787878788,0.0149253731343283,0.6716417910447762,159.28358130148172,390.4194939123827,-1.889776378071153,-1.2277676687172885,-0.8350851228071636,-0.8804095931102424,0.2439245686243474,1.4822959111668104,1.285734990044115
ds004796/sub-10/func/sub-10_task-msit_dir-PA_bold.nii.gz,sub-10,msit,PA,0.800000011920929,330,83,85,2.9745743902439026,0.5208704674926824,19.31818153031848,0.9107062199302516,0.4136819601064089,0.5858824499866087,0.6516170722441458,0.889321569053626,9.104236159568304,21.001393649588223,82,66,4.787878787878788,1.271161207656533,1.3333333333333333,0.7302967433402215,4.454545454545454,1.5108002788315478,0.2424242424242424,0.2272727272727272,0.5333333333333333,1.8666666666666667,2.230769230769231,5.3173076923076925,0.0151515151515151,0.803030303030303,193.3936166374341,393.5368194207705,0.1874286870436218,0.6766594952541364,-0.3498521215750387,1.237094384663595,-0.2761036517408199,-0.844786056895783,-0.6730718025740525
ds004796/sub-11/func/sub-11_task-msit_dir-PA_bold.nii.gz,sub-11,msit,PA,0.800000011920929,330,83,106,2.979051219512195,0.5260815752618339,24.09090873192657,0.8733495365109787,0.4878337241123373,0.6600997337976845,0.7715932585778081,0.8994266226805403,9.9706525655729,18.962055709181417,82,84,4.892857142857143,1.2896049375714278,1.2142857142857142,0.5612256074379196,4.678571428571429,1.3635594303651355,0.1547619047619047,0.238095238095238,0.7,2.1,2.609756097560976,4.940548780487805,0.0238095238095238,0.7380952380952381,166.0468150941287,390.1181780713061,0.1849665977210954,-1.3174351025571591,0.7394958403733455,-1.0184848099007655,1.7640205791447074,-0.14589929304867,-0.0270646688495371
ds004796/sub-12/func/sub-12_task-msit_dir-PA_bold.nii.gz,sub-12,msit,PA,0.800000011920929,330,83,93,2.9633865853658534,0.4941989607325849,21.13636332140728,0.8738574350132321,0.4869205693578997,0.7362281665176102,0.69890248883559,0.8788528754916267,6.789593612226336,22.760778517060487,82,71,4.661971830985915,1.2977305682485094,1.2112676056338028,0.5047062216986511,4.450704225352113,1.432168509582247,0.1690140845070422,0.2394366197183098,0.6470588235294118,2.235294117647059,2.028985507246377,4.610507246376812,0.028169014084507,0.647887323943662,173.80057640971947,398.97300211138287,-0.655305689794273,-1.0314117139036003,0.1175282725408973,-0.7494559211641181,0.4075916924037133,-2.041477756476345,-1.4686749319645305
ds004796/sub-13/func/sub-13_task-msit_dir-PA_bold.nii.gz,sub-13,msit,PA,0.800000011920929,330,83,86,2.977829268292683,0.5406903458960786,19.545454254204586,0.8774089381797435,0.4804717562363211,0.7411667204738447,0.8098740471731758,0.922475621921414,7.286507817080555,23.458573943560975,82,69,4.797101449275362,1.3126052915181312,1.2608695652173914,0.7406708785848352,4.536231884057971,1.4710911331082224,0.1739130434782608,0.3043478260869565,0.6666666666666666,1.9523809523809523,2.1343283582089554,5.039179104477612,0.0289855072463768,0.7971014492753623,160.41547868105474,396.438854938552,-0.0332530705503552,-0.3720765170898514,0.1505415502404234,-0.462374960374425,2.604261814134633,-2.6848904390392763,-2.1392184247709194
ds004796/sub-14/func/sub-14_task-msit_dir-PA_bold.nii.gz,sub-14,msit,PA,0.800000011920929,330,83,72,2.974981707317073,0.520924061758337,16.363636119799185,0.8310502766954301,0.5570419435261912,0.7485875580882524,0.8577539303960746,0.7134070394125416,7.540236413207972,18.56571293341309,82,50,4.76,1.2545427657200086,1.16,0.42185208743524,4.6,1.261680123761121,0.14,0.24,0.5833333333333334,1.75,2.0638297872340425,6.111702127659575,0.06,0.82,178.47860120344978,393.9160358793145,0.0492546352513799,-1.0259433159024889,0.808665270175367,-0.6992422411955066,0.0098736518915426,-1.2069540852954548,-0.4235677061435848
ds004796/sub-15/func/sub-15_task-msit_dir-PA_bold.nii.gz,sub-15,msit,PA,0.800000011920929,330,83,82,2.9642,0.5128883821582685,18.636363358660184,0.8593410322820446,0.5121795803585687,0.6564751338371462,0.8707346389532362,0.6466086420064597,8.557028746547479,19.840795270570386,82,64,4.953125,1.27776699443345,1.234375,0.6105471784742413,4.71875,1.4416563445818202,0.1875,0.25,0.3125,1.5625,2.333333333333333,5.712301587301587,0.015625,0.765625,168.8856959425429,382.1230897780837,1.6696515184479994,-0.1150153065393726,1.2988366492627896,0.4981674812730271,0.8846856423102579,-0.676808225424712,-0.5982853441412578
ds004796/sub-16/func/sub-16_task-msit_dir-PA_bold.nii.gz,sub-16,msit,PA,0.800000011920929,330,83,100,2.970479268292683,0.5352690948116283,22.72727238860998,0.8578351090737197,0.514705466977766,0.623569607805619,0.5503335762047102,0.8562423399238718,10.52542637539743,20.285809726137902,82,80,4.85,1.2128009218125484,1.2375,0.7994262182847225,4.6125,1.3732871955708998,0.1375,0.1625,0.7692307692307693,2.3076923076923075,2.0641025641025643,4.091346153846154,0.025,0.7125,138.86093580885873,373.7394030071073,0.3374721193772582,0.0236655053414446,0.3080174938651135,-0.7724129201681451,-2.0318605068487168,-1.7170912047357756,-1.7180920610269972
ds004796/sub-17/func/sub-17_task-msit_dir-PA_bold.nii.gz,sub-17,msit,PA,0.800000011920929,330,83,67,2.977608536585365,0.5407754205467826,15.227272500368684,0.8698129161362133,0.4941309394730181,0.5648940501744207,0.8231297685020371,0.8007623806085181,8.10125872583783,18.422788900403926,82,55,4.818181818181818,1.0556884552168384,1.3636363636363635,0.9499246824653534,4.454545454545454,1.2739292063908505,0.2181818181818181,0.2363636363636363,0.4615384615384615,1.6923076923076923,1.9245283018867925,5.742924528301887,0.0363636363636363,0.7272727272727273,179.8849641210184,393.6875732966881,-0.2167832245902093,1.7203338365718857,-0.8534070716732878,0.7263961395618947,0.6399039603394595,-1.5184940576774997,-1.1501755347895606
ds004796/sub-18/func/sub-18_task-msit_dir-PA_bold.nii.gz,sub-18,msit,PA,0.800000011920929,330,83,66,2.973946341463415,0.5641869788784014,14.999999776482586,0.8878116785138852,0.4609058065159373,0.5747410372669046,0.8617868924333479,0.8347080360802651,7.896907925588166,18.299184432883468,82,56,4.625,1.244076875730464,1.1964285714285714,0.4439345921168141,4.428571428571429,1.3732131246511905,0.1785714285714285,0.2857142857142857,0.5625,1.8125,2.611111111111111,7.605324074074074,0.0357142857142857,0.6071428571428571,159.51549884599322,393.9716324964806,-1.3312223431529768,-0.2518453860779315,-0.8393180509615087,0.4242552267869353,2.356789265343229,0.6468745416338291,0.1331975420834176
ds004796/sub-19/func/sub-19_task-msit_dir-PA_bold.nii.gz,sub-19,msit,PA,0.800000011920929,330,83,76,2.9816939024390243,0.5338161671009712,17.272727015343584,0.8684501625022092,0.4965293642768875,0.6373823658985597,0.8508345842029713,0.820972923382907,7.664450921021079,19.001764103803907,82,62,4.790322580645161,1.2299153212780718,1.1290322580645162,0.3834216515492896,4.661290322580645,1.3175181385766888,0.1129032258064516,0.2258064516129032,0.4285714285714285,1.7142857142857142,2.15,5.2875,0.032258064516129,0.6290322580645161,186.9736550549149,396.5104210742113,0.5626941998623479,-2.851843122384474,2.0070583486479805,-3.8289590069197073,-0.4328173282313608,-0.8845231974280228,-1.0161676390981746
ds004796/sub-20/func/sub-20_task-msit_dir-PA_bold.nii.gz,sub-20,msit,PA,0.800000011920929,330,83,67,2.979059756097561,0.5408466517762214,15.227272500368684,0.7915724966414649,0.6120032482409785,0.7158416010481342,0.8172972417090134,0.8608187241338896,7.289081944706925,20.30185900519016,82,51,5.0588235294117645,1.156058211438894,1.2549019607843137,0.5947482578335799,4.803921568627451,1.356755067698474,0.196078431372549,0.1764705882352941,0.5555555555555556,2.0,3.26530612244898,9.403061224489797,0.0392156862745098,0.9607843137254902,201.67207365235623,391.101654501341,2.4985955224598237,-0.1867795118898189,2.1244007275266146,0.2748430097477159,-1.3387197720543922,3.0398823624312,3.1615764868599348
ds004796/sub-21/func/sub-21_task-msit_dir-PA_bold.nii.gz,sub-21,msit,PA,0.800000011920929,330,83,94,2.9631841463414634,0.4944456532516422,21.36363604529338,0.8639564222430836,0.5043312974838594,0.5216491383592786,0.824946083153289,0.958800996489698,9.70497219305022,16.634084116854634,82,78,4.730769230769231,1.3355584164372158,1.1794871794871795,0.5030708231255845,4.551282051282051,1.4827793829948874,0.141025641025641,0.2307692307692307,0.4444444444444444,1.7777777777777777,2.103896103896104,4.3230519480519485,0.0128205128205128,0.7307692307692307,175.70829227542737,399.0915352734492,0.0441912110005237,-1.25754919395021,0.8664523007849984,-1.0581529282525337,-0.3348181103560174,-1.7030556195811464,-2.049416049601851
ds004796/sub-23/func/sub-23_task-msit_dir-PA_bold.nii.gz,sub-23,msit,PA,0.800000011920929,330,83,91,2.962371951219512,0.5574369509090931,20.68181787363508,0.842514301301269,0.5394920068552167,0.6735659243694943,0.7852820688452175,0.8633244114243135,9.028477285374594,20.96184611413963,82,72,5.027777777777778,1.198264263714979,1.3611111111111112,0.8442941139559839,4.666666666666667,1.463162694447386,0.2222222222222222,0.2361111111111111,0.5294117647058824,2.0,2.579710144927536,5.242753623188406,0.0416666666666666,0.8333333333333334,161.15657396332875,389.41931745569735,1.4232473699808892,0.9329510259110936,0.7351224824009547,0.677911324830596,0.6132156298299773,0.3045098293138626,-0.553269914310999
ds004796/sub-24/func/sub-24_task-msit_dir-PA_bold.nii.gz,sub-24,msit,PA,0.800000011920929,330,83,79,3.025031707317073,0.5161998588792353,17.954545187001884,0.82096755252509,0.5718419320847997,0.8462943881895462,0.8548579922046788,0.8793774481188453,7.262989832575485,26.010915993137004,82,61,4.836065573770492,1.1716132449014118,1.2295081967213115,0.528943683925829,4.60655737704918,1.3450983672156989,0.180327868852459,0.2131147540983606,0.5384615384615384,2.0,2.033333333333333,5.395833333333333,0.0163934426229508,0.7868852459016393,179.04060642837672,393.633509809284,0.2310842469221162,-0.3462947060028724,0.512098399030531,-0.2577094322877325,-0.4587841476982601,-1.225913536112457,-0.9016141108140404
ds004796/sub-25/func/sub-25_task-msit_dir-PA_bold.nii.gz,sub-25,msit,PA,0.800000011920929,330,83,78,2.970718292682927,0.5352429272203207,17.72727246311578,0.7535667300923539,0.6583697054322154,0.5280944482278164,0.7484401471704462,0.915127479804764,6.538603210015717,23.696478338162684,82,65,4.769230769230769,1.1959466800566243,1.1538461538461535,0.4753541190118568,4.615384615384615,1.270977818604485,0.1076923076923077,0.2153846153846154,0.8571428571428571,2.2857142857142856,2.015873015873016,4.920634920634921,0.0307692307692307,0.676923076923077,189.82262688731504,395.6118624696465,-0.3572347196917639,-1.91905812504867,1.151700628678244,-2.013112503289257,-0.2186560591827222,-2.4806114310408027,-2.394566355388536
ds004796/sub-26/func/sub-26_task-msit_dir-PA_bold.nii.gz,sub-26,msit,PA,0.800000011920929,330,83,78,2.9645878048780485,0.5077967862707635,17.72727246311578,0.8084214601668943,0.5894979182024391,0.5948543580391044,0.784336979382419,0.9146503067210862,8.898838167135562,19.941236345643745,82,63,4.714285714285714,1.249884787317143,1.2222222222222223,0.6585527740981746,4.492063492063492,1.3663350539947023,0.1269841269841269,0.2539682539682539,0.5,1.9375,2.39344262295082,6.067622950819672,0.0317460317460317,0.7142857142857143,158.90690283050918,392.6142647804767,0.0791084958945529,-0.553582005257762,0.3326940223323941,-1.0386705848736024,0.9814382460502024,-0.2588279981093849,-0.3676436855796234
ds004796/sub-27/func/sub-27_task-msit_dir-PA_bold.nii.gz,sub-27,msit,PA,0.800000011920929,330,83,70,2.963978048780488,0.5074558320255863,15.909090672026984,0.7665511299103454,0.6431585009763072,0.7737058304646179,0.8747019584685649,0.9471465341609302,6.146927794556973,27.053375906293148,82,56,4.928571428571429,1.218898800440088,1.4107142857142858,0.9867630408063016,4.517857142857143,1.4769879845460852,0.1964285714285714,0.2321428571428571,0.6923076923076923,2.076923076923077,2.685185185185185,7.3842592592592595,0.0357142857142857,0.8392857142857143,149.05803813048377,397.2690760725754,2.1571532045039925,1.2621315104823287,0.5770282318310117,0.4611839162658444,-0.1389542594540911,0.6901130995024589,0.1539726643419369
ds004796/sub-29/func/sub-29_task-msit_dir-PA_bold.nii.gz,sub-29,msit,PA,0.800000011920929,330,83,69,2.974962195121951,0.5209206644352489,15.681817948140884,0.8527521074771364,0.5231090357207123,0.6144867699099227,0.8797158191051431,0.8465061721964512,7.632294663432869,18.202466837733034,82,55,4.8,1.223231906179812,1.2363636363636363,0.7191465199607917,4.563636363636364,1.3438975429922495,0.1454545454545454,0.2363636363636363,0.4615384615384615,1.8461538461538465,2.981132075471698,8.318396226415095,0.0363636363636363,0.7272727272727273,174.10639290812955,391.86534104212,0.1041448029668812,-0.4378910925796812,0.3727813820289581,-0.6749537298102286,-0.1064308903479948,2.3050236063917557,1.7189231674780177
ds004796/sub-31/func/sub-31_task-msit_dir-PA_bold.nii.gz,sub-31,msit,PA,0.800000011920929,330,83,77,2.968658536585366,0.5267983731055063,17.499999739229683,0.8051141870550068,0.5940205539428957,0.6797869236428601,0.904742517163812,0.9058473645866526,7.217088372333657,23.26745100647948,82,67,5.044776119402985,1.1069044444386544,1.373134328358209,0.901779736855796,4.6716417910447765,1.3859474355056265,0.208955223880597,0.2985074626865671,0.55,1.6,2.75,6.259765625,0.044776119402985,0.7910447761194029,135.55516019740668,395.5833611402823,1.6965014600975254,1.0636950639006029,1.1350513746457516,0.3417600484501217,2.678230953898209,1.1808215067335035,-0.0322432088978294
ds004796/sub-32/func/sub-32_task-msit_dir-PA_bold.nii.gz,sub-32,msit,PA,0.800000011920929,330,83,84,2.965828048780488,0.5311051108118261,19.09090880643238,0.8302926911321699,0.558173952878412,0.7316585209894744,0.8750734623984426,0.9130821815876212,8.563100926841084,21.980342526015757,82,67,4.865671641791045,1.2779662155640192,1.4477611940298507,1.019262687905394,4.417910447761194,1.415811724892733,0.2686567164179104,0.2238805970149253,0.6,2.066666666666667,2.015625,4.83203125,0.044776119402985,0.7014925373134329,190.69180256956056,397.5535017702755,0.9070877509284598,2.14223619771268,-0.4854300943408708,1.9074822629932815,-0.2730229822143488,-1.449620369929587,-1.2695063070404222
ds004796/sub-33/func/sub-33_task-msit_dir-PA_bold.nii.gz,sub-33,msit,PA,0.800000011920929,330,83,85,2.998180487804878,0.5467457740301823,19.31818153031848,0.7862546281885571,0.6188409784160701,0.6463107855918837,0.7999083856372796,0.8658109559750296,9.277292415146936,16.987775613205216,82,70,4.6571428571428575,1.3175043853373023,1.3285714285714283,0.6750507994073767,4.328571428571428,1.4317459552348184,0.2571428571428571,0.2571428571428571,0.5555555555555556,1.8888888888888888,2.823529411764706,6.489889705882353,0.0285714285714285,0.6428571428571429,175.4042995691846,395.1129866080976,-1.0331460243670585,0.7183063317328066,-1.2987046843140564,1.3151895798430815,0.9875193460062984,1.4425586507564654,1.517435757973691
ds004796/sub-34/func/sub-34_task-msit_dir-PA_bold.nii.gz,sub-34,msit,PA,0.800000011920929,330,83,83,2.968879268292683,0.5265920887140458,18.86363608254628,0.8423725335556037,0.5397140113767332,0.6682700726302245,0.8106174746582201,0.9377661550507264,8.215237520014545,21.87418863821981,82,71,4.830985915492958,1.3626226339878311,1.323943661971831,0.6922973739106203,4.507042253521127,1.5934978545560858,0.2394366197183098,0.2957746478873239,0.6190476190476191,2.095238095238096,2.4057971014492754,5.371376811594203,0.028169014084507,0.647887323943662,160.9292966155339,391.0436595350077,0.4441750500001336,1.192907286173668,-0.1438356453350674,1.4320231353470647,2.1498689594797,-0.0245423169046168,-0.63886325321914
ds004796/sub-35/func/sub-35_task-msit_dir-PA_bold.nii.gz,sub-35,msit,PA,0.800000011920929,330,83,96,2.970487804878049,0.5242073745363031,21.81818149306558,0.8816769327978753,0.4725701217759118,0.7038958240315483,0.8807854196053454,0.5895000008093125,10.004541695721644,19.041079774606985,82,79,4.886075949367089,1.219366604936622,1.4177215189873418,0.981986408291611,4.468354430379747,1.5428531930591076,0.2151898734177215,0.2278481012658227,0.5555555555555556,1.7777777777777777,2.571428571428572,4.821428571428571,0.0253164556962025,0.6962025316455697,173.07782039507362,383.8329448539568,0.4352239895673989,1.0850130677970506,-0.3557095977433221,0.0162870088621268,-0.2822755783812125,0.3183364434227951,-0.6687145666445233
ds004796/sub-36/func/sub-36_task-msit_dir-PA_bold.nii.gz,sub-36,msit,PA,0.800000011920929,330,83,83,2.9698963414634147,0.5395599179757811,18.86363608254628,0.8695462852861879,0.4946014168209324,0.7464037691932223,0.7184998688861929,0.928015440496341,8.133734112555706,22.046560631190424,82,65,4.646153846153847,1.2677584700807716,1.323076923076923,0.9032526693098586,4.323076923076923,1.3590862314862089,0.2,0.2461538461538461,0.5,1.9375,1.7777777777777777,4.150793650793651,0.0307692307692307,0.6461538461538462,139.95475430207233,388.2529973847832,-1.1615164517450405,0.0574954999019233,-0.8863703046344305,-0.320093235085978,0.7246463127143589,-3.022079387487373,-2.6981396195194285
ds004796/sub-37/func/sub-37_task-msit_dir-PA_bold.nii.gz,sub-37,msit,PA,0.800000011920929,330,83,77,2.973760975609756,0.5642158921419431,17.499999739229683,0.8501233403718919,0.5273832880813447,0.6683986902952175,0.8176022447488503,0.9056579909312904,9.604257815169529,22.487898931699405,82,59,5.033898305084746,1.312619146577786,1.3389830508474576,0.8829841544156681,4.694915254237288,1.6635466608106702,0.1864406779661017,0.2711864406779661,0.625,1.875,2.736842105263158,7.201754385964913,0.0338983050847457,0.9322033898305084,153.36753070339967,390.812092411636,3.005445441928512,0.568074237282307,1.727511574949734,-0.0878862825673357,1.6499025437483696,1.00778096822159,1.0645135600431883
ds004796/sub-38/func/sub-38_task-msit_dir-PA_bold.nii.gz,sub-38,msit,PA,0.800000011920929,330,83,91,2.962979268292683,0.4941351348539904,20.68181787363508,0.7676720862370104,0.6418160426291919,0.7490093109048399,0.7579843619464545,0.8686966966374814,8.216458860014926,24.03354789468907,82,76,4.894736842105263,1.1381733595947623,1.131578947368421,0.4112454340385359,4.7631578947368425,1.1985371200218105,0.1052631578947368,0.2236842105263158,0.7058823529411765,2.176470588235294,1.9864864864864864,4.339527027027027,0.0263157894736842,0.881578947368421,142.55019063316158,385.38031178120485,2.260719748903461,-2.071567483042967,2.983570659076185,-2.1668639464251584,0.06168148399977,-2.585688573594771,-2.581694679690373
ds004796/sub-39/func/sub-39_task-msit_dir-PA_bold.nii.gz,sub-39,msit,PA,0.800000011920929,330,83,77,2.962573170731707,0.494159685091635,17.499999739229683,0.850629665794715,0.5265637481470263,0.5582165295746764,0.7585876956665623,0.9038419792543212,7.8509526563329315,19.985729923836764,82,57,4.807017543859649,1.2878358991960683,1.2456140350877194,0.6622661785325219,4.56140350877193,1.4270041528076665,0.1578947368421052,0.2105263157894736,0.6666666666666666,2.0,2.375,6.265625,0.0175438596491228,0.6140350877192983,168.75550221824898,397.9161662514342,0.9591269750899049,-0.7593155810264092,1.2140787914300684,-0.8883493609147145,-0.1369488675745595,-0.1544672506567257,-0.1410865285133833
ds004796/sub-40/func/sub-40_task-msit_dir-PA_bold.nii.gz,sub-40,msit,PA,0.800000011920929,330,83,63,2.9776073170731703,0.5407374701963825,14.318181604824286,0.8789333529876606,0.4776688991760613,0.7534241328686175,0.9071682769215508,0.8409145564871211,8.518968555187069,19.744973059263963,82,50,4.64,1.1385633625812157,1.48,1.0924602453888663,4.16,1.4337050617479288,0.28,0.18,0.5555555555555556,2.0,2.4166666666666665,7.2421875,0.04,0.54,203.41319572235096,395.7103586284507,-0.7272920548715973,2.0942939523175004,-2.0213327324184656,2.567211034806156,-1.1269828152984769,0.3306261171080109,-0.257926796812188
ds004796/sub-41/func/sub-41_task-msit_dir-PA_bold.nii.gz,sub-41,msit,PA,0.800000011920929,330,83,81,2.981064634146341,0.5212735787534096,18.40909063477408,0.7280658141101334,0.686548248545405,0.8028164291784499,0.8571829622666863,0.9237273157857684,6.118568259991554,25.120292911633857,82,66,4.909090909090909,1.2369599549176724,1.2272727272727273,0.6024425806141718,4.681818181818182,1.3829632723204954,0.1515151515151515,0.2121212121212121,0.6428571428571429,2.142857142857143,2.8125,6.77734375,0.0303030303030303,0.8181818181818182,190.63403950501183,381.7926823330533,0.8066780567804017,-0.7403216085593107,1.0075053252178932,-0.9369983470297624,-0.6356713239733213,1.331416990088092,1.0310607026157816
ds004796/sub-42/func/sub-42_task-msit_dir-PA_bold.nii.gz,sub-42,msit,PA,0.800000011920929,330,83,83,2.9709146341463417,0.5351490799552253,18.86363608254628,0.9130057353749288,0.4085662287493353,0.5991602725171312,0.8133565610315976,0.8301409966760285,7.777535819975204,21.73635018412433,82,63,4.53968253968254,1.202489310869222,1.2857142857142858,0.7279793383405131,4.253968253968254,1.3071546786110066,0.1904761904761904,0.2222222222222222,0.7142857142857143,1.8571428571428568,2.3870967741935485,6.129032258064516,0.0158730158730158,0.6190476190476191,178.23695174888468,392.18323889744,-2.383144210791356,-0.1461402849195236,-2.743904467742301,-0.1174387319429289,-0.2114018748108853,-0.4339232257278087,0.1709591556073609
ds004796/sub-43/func/sub-43_task-msit_dir-PA_bold.nii.gz,sub-43,msit,PA,0.800000011920929,330,83,104,2.982896341463415,0.5339575055850939,23.636363284154378,0.7789108542548533,0.6280870275234186,0.7250653167679593,0.7258910935577488,0.8791870026807006,7.6813114037483805,24.06803232239749,82,83,5.096385542168675,1.2158953123193337,1.2048192771084338,0.5578494452146566,4.891566265060241,1.379395839761203,0.144578313253012,0.216867469879518,0.6666666666666666,1.9444444444444444,2.45679012345679,4.4830246913580245,0.0240963855421686,0.9397590361445785,162.8808201635044,389.9355151592516,2.60527941872981,-1.1434762576743394,3.1623431228556176,-0.9780559660424606,-0.2381432875430641,-0.5952371423364275,-1.1498698944668806
ds004796/sub-44/func/sub-44_task-msit_dir-PA_bold.nii.gz,sub-44,msit,PA,0.800000011920929,330,83,67,2.9650134146341465,0.5309191273331972,15.227272500368684,0.8598129710502315,0.5113845132163836,0.7078539872193512,0.8441533792063727,0.8360254710313269,7.626923316623183,24.40536503868145,82,53,5.09433962264151,1.2899634899931236,1.1886792452830188,0.6521150138524087,4.90566037735849,1.5350288263817498,0.1132075471698113,0.2264150943396226,0.4166666666666667,1.8333333333333333,2.117647058823529,6.509803921568627,0.0377358490566037,0.981132075471698,161.94645161858304,377.71393934517766,2.312542148906785,-0.9725411481681262,3.1080965395306346,-1.7323783281593428,-0.3542026014621001,-1.4530051405683413,-1.1326984273798937
ds004796/sub-45/func/sub-45_task-msit_dir-PA_bold.nii.gz,sub-45,msit,PA,0.800000011920929,330,83,66,2.969470731707317,0.526555526008661,14.999999776482586,0.8197180281861827,0.5736370831729717,0.818106042098487,0.871071759710858,0.6236717139384782,8.184224476457311,19.803165062268217,82,55,4.763636363636364,1.1857742643777551,1.1636363636363636,0.37335497772755,4.6,1.2412657816683503,0.1636363636363636,0.2363636363636363,0.6153846153846154,2.076923076923077,1.9433962264150944,5.7075471698113205,0.0363636363636363,0.6181818181818182,178.47237906730436,376.2512121128693,-0.0365834749383793,-1.2481964381448132,0.5869218213165435,-0.601807404615764,0.1213960082859669,-2.3751451194454893,-2.2035422101912583
ds004796/sub-46/func/sub-46_task-msit_dir-PA_bold.nii.gz,sub-46,msit,PA,0.800000011920929,330,83,94,2.970108536585366,0.5353843411330855,21.36363604529338,0.8754169905110151,0.4841025296476198,0.5980796477970286,0.7064917110229204,0.8648956733733396,8.516991570862666,20.26628675972091,82,72,4.791666666666667,1.2439996829853317,1.3888888888888888,0.7609400330901979,4.402777777777778,1.3599888382125047,0.2777777777777778,0.2083333333333333,0.7333333333333333,2.066666666666667,2.9295774647887325,6.482394366197183,0.0138888888888888,0.6388888888888888,172.71171364978994,391.4669361727407,-0.5856995434645745,1.3261071436947651,-1.2791092463249978,1.956519609600977,-0.8493480747320952,1.875412875100588,1.5738100095228114
ds004796/sub-47/func/sub-47_task-msit_dir-PA_bold.nii.gz,sub-47,msit,PA,0.800000011920929,330,83,94,2.973760975609756,0.5647306916153907,21.36363604529338,0.8067643521498029,0.5917706214730578,0.8243891533746541,0.834837789881705,0.8363760331604487,8.830070817663682,20.03972379662043,82,79,4.848101265822785,1.39677841418448,1.1772151898734178,0.5719847064229028,4.670886075949367,1.4911836546794368,0.1265822784810126,0.2531645569620253,0.45,1.85,2.858974358974359,5.716346153846154,0.0126582278481012,0.8227848101265823,165.62894813809683,388.2907729886505,0.1755283492415254,-1.3602024540532174,0.9449245096654202,-1.1497874513703017,0.882384055338496,1.5807976616470996,1.099207393541495
ds004796/sub-48/func/sub-48_task-msit_dir-PA_bold.nii.gz,sub-48,msit,PA,0.800000011920929,330,83,77,2.981693902439024,0.5340207872536791,17.499999739229683,0.8901734235352355,0.4563137643231922,0.5817406690589747,0.8354056949870827,0.705188018079933,7.397195603720444,20.35200971259897,82,61,4.770491803278689,1.2831399329113309,1.3278688524590163,0.5391756508909329,4.442622950819672,1.4891226741937058,0.2950819672131147,0.2459016393442623,0.6,1.9333333333333331,2.583333333333333,6.991666666666666,0.0163934426229508,0.6721311475409836,164.38861378518206,389.6088808405996,-0.293910568926235,0.9045964468290896,-0.6838195216749714,2.9072030884443145,0.6003195374679824,0.6032731527942172,0.933741792133288
ds004796/sub-49/func/sub-49_task-msit_dir-PA_bold.nii.gz,sub-49,msit,PA,0.800000011920929,330,83,82,2.964403658536585,0.5126675779926753,18.636363358660184,0.812632985087393,0.5836608030754152,0.8294006185224286,0.577446345057959,0.9413937595336196,8.557744099846959,20.58410941283826,82,70,5.014285714285714,1.313175784814031,1.3142857142857145,0.8771306505041484,4.7,1.5165750888103102,0.2,0.2428571428571428,0.6470588235294118,2.117647058823529,1.9104477611940296,4.2611940298507465,0.0428571428571428,0.7428571428571429,164.7146657032233,390.40009587102986,2.452940585511652,1.0212815130511117,1.6238613185527708,0.8619980476833328,0.4129692641993691,-2.4563641208377027,-2.357867641963664
ds004796/sub-53/func/sub-53_task-msit_dir-PA_bold.nii.gz,sub-53,msit,PA,0.800000011920929,330,83,75,2.9810853658536587,0.5339153214088224,17.045454291457485,0.8633775385943614,0.5053246696980931,0.7212718717822508,0.8002436869765099,0.8256749749992869,6.960332580896702,21.76222051118947,82,59,4.694915254237288,1.3032351957543775,1.2203389830508475,0.5274465689615326,4.47457627118644,1.3940258272404578,0.1864406779661017,0.288135593220339,0.4705882352941176,1.7647058823529411,2.5517241379310347,6.989224137931035,0.0169491525423728,0.7288135593220338,164.09953195176612,396.8491264611415,-0.7172775140328057,-0.4531380751891321,-0.3171157270032624,0.1661428627211242,1.7072848133074272,0.7110991167927402,1.1311412532872491
ds004796/sub-54/func/sub-54_task-msit_dir-PA_bold.nii.gz,sub-54,msit,PA,0.800000011920929,330,83,76,2.964403658536585,0.5121653278834366,17.272727015343584,0.8699817742004609,0.4938326776129154,0.6590495674068884,0.7796029793058142,0.9003099227270425,7.804702335219736,22.859782357332477,82,61,4.786885245901639,1.2795149354131647,1.2295081967213115,0.5595665770025587,4.557377049180328,1.4085996611757654,0.1639344262295081,0.2622950819672131,0.4375,1.875,2.1864406779661016,5.72457627118644,0.0327868852459016,0.7540983606557377,159.60024336761902,378.8516302933545,-0.3430341068768085,-0.4710201356231211,0.1012579245675067,-0.4592021251130879,1.2374270172461053,-0.5969803679072349,-0.7115697308825902
ds004796/sub-55/func/sub-55_task-msit_dir-PA_bold.nii.gz,sub-55,msit,PA,0.800000011920929,330,83,57,3.024625609756098,0.515917072556089,12.954545261507688,0.7913026568430027,0.6123531632540762,0.5652520626893764,0.8485770142072377,0.8605984006902307,7.224442734226808,21.64299182559201,82,49,4.8979591836734695,1.2457410438366874,1.2857142857142858,0.6123724356957945,4.612244897959184,1.5112953402436522,0.2244897959183673,0.2653061224489796,0.8461538461538461,2.1538461538461537,2.574468085106383,8.672872340425531,0.0408163265306122,0.6938775510204082,192.18904096472704,375.6443955105767,0.9485973959255756,0.118966633962105,0.8213743585235029,0.7862847925037432,1.2833096147847145,0.947272801945232,0.555500525424196
ds004796/sub-56/func/sub-56_task-msit_dir-PA_bold.nii.gz,sub-56,msit,PA,0.800000011920929,330,83,75,2.9643853658536585,0.5073392343413681,17.045454291457485,0.8499121079284255,0.5277246692061343,0.8043425419905349,0.8807944823063601,0.9510557555693784,7.182173245631445,23.08942670400105,82,61,4.721311475409836,1.3308036111185302,1.180327868852459,0.4284933574479879,4.540983606557377,1.3853251181798838,0.1639344262295081,0.2786885245901639,0.5294117647058824,1.8235294117647056,2.3666666666666667,6.308333333333334,0.0163934426229508,0.7213114754098361,177.6604989198135,390.29464157177074,-0.2123154658491806,-0.7255216819035828,0.2196937548439223,-0.1802623606623148,1.386396581080848,-0.3817469039167728,-0.396470316585631
ds004796/sub-57/func/sub-57_task-msit_dir-PA_bold.nii.gz,sub-57,msit,PA,0.800000011920929,330,83,107,2.981898780487805,0.5210529300245182,24.31818145581268,0.8936530045567076,0.4494401147291828,0.6102487953714241,0.5138480799978381,0.7682660920345685,11.759522605717926,18.72190594458179,82,87,4.954022988505747,1.2380408940254506,1.2988505747126438,0.8228558116187684,4.655172413793103,1.3962373541048076,0.1724137931034483,0.1839080459770115,0.8125,2.4375,2.369047619047619,4.153273809523809,0.0344827586206896,0.8160919540229885,157.10616923077433,380.65669425916224,1.396025342835641,0.3835892106044432,1.152350247084641,-0.4334218772547688,-1.452925643809288,-0.5338779780460715,-0.9963806764182952
ds004796/sub-59/func/sub-59_task-msit_dir-PA_bold.nii.gz,sub-59,msit,PA,0.800000011920929,330,83,84,2.9637951219512195,0.5127334519219672,19.09090880643238,0.8288552689040837,0.5603126864135392,0.7546827499813966,0.79156894446861,0.732284395668247,6.911685894898416,26.018675878667548,82,68,5.014705882352941,1.2276983325661794,1.2352941176470589,0.848486748835806,4.779411764705882,1.4439331467892964,0.1176470588235294,0.2205882352941176,0.6,1.9333333333333331,1.7846153846153847,4.217307692307692,0.0441176470588235,0.7941176470588235,195.74390530635165,397.5464239399358,1.50288043672096,-0.3440864027206876,1.5209220969095971,-1.238667424598999,-0.4445009416721866,-3.904487409168672,-3.4328966766261764
ds004796/sub-62/func/sub-62_task-msit_dir-PA_bold.nii.gz,sub-62,msit,PA,0.800000011920929,330,83,70,2.964607317073171,0.5309878927419078,15.909090672026984,0.8518966926106052,0.5245051738792356,0.7268618399311554,0.8860656112054247,0.9325994917768244,7.177242791222523,23.922618274636616,82,58,4.741379310344827,1.1631829414816492,1.2586206896551724,0.4797786341741807,4.482758620689655,1.2317635241028797,0.2413793103448276,0.2758620689655172,0.625,1.875,2.5,6.714285714285714,0.0344827586206896,0.5862068965517241,165.13081971386117,374.95645033835245,-0.5397423328477396,0.4228340066107956,-0.6376081436045997,1.8425419123709763,1.273959883358348,0.4029110456756308,-0.1429772766030401
ds004796/sub-63/func/sub-63_task-msit_dir-PA_bold.nii.gz,sub-63,msit,PA,0.800000011920929,330,83,74,2.969081707317073,0.5265858643494717,16.818181567571383,0.7990586712063661,0.6021661227011154,0.4040011276664532,0.6184926973940413,0.9163007640011912,8.267171013724246,15.80094687810008,82,62,4.951612903225806,1.2204194301159532,1.2258064516129032,0.5844811300915574,4.725806451612903,1.3570623388161298,0.1612903225806451,0.2741935483870967,0.7058823529411765,1.8823529411764703,2.3114754098360657,5.774590163934426,0.0161290322580645,0.8225806451612904,144.35398968646675,396.0108067465882,1.4981274422299395,-0.5316376601099064,1.392665702584179,-0.3695421615934172,1.3586303026075288,-0.6383812064709378,-1.349428840663024
ds004796/sub-64/func/sub-64_task-msit_dir-PA_bold.nii.gz,sub-64,msit,PA,0.800000011920929,330,83,58,2.98169512195122,0.5338283229512715,13.181817985393788,0.820664216487932,0.5722784944984001,0.7974481003028306,0.9161020892086869,0.7296036061606452,6.355572097986386,23.020874848607317,82,44,4.863636363636363,1.1121090186418814,1.25,0.6147413901342467,4.613636363636363,1.367664944193996,0.1818181818181818,0.2045454545454545,0.5555555555555556,2.0,2.095238095238096,7.214285714285714,0.0454545454545454,0.9090909090909092,181.81460822850076,376.2161577803624,0.5711888950537054,0.4442142009658437,0.3225454942096331,0.6572223164431158,-0.7756357158961643,-0.531785937005825,-0.4396917570562086
ds004796/sub-65/func/sub-65_task-msit_dir-PA_bold.nii.gz,sub-65,msit,PA,0.800000011920929,330,83,68,2.981269512195122,0.5213193056938784,15.454545224254783,0.8713598700728167,0.4913895436195462,0.722204084012335,0.8063398506964975,0.8674512249701531,7.086486440630741,22.804358749327378,82,55,4.909090909090909,1.2805196756515067,1.4363636363636365,1.0140428138312645,4.472727272727273,1.5257608357623185,0.2363636363636363,0.2181818181818181,0.5,1.75,2.7222222222222223,7.488425925925926,0.0181818181818181,0.7272727272727273,173.4246416558762,381.2807942769184,1.1914055016537692,1.881482760389057,-0.3577499628457306,0.902995437001208,-0.1759730385899328,1.4439016125616229,0.5089023604758719
ds004796/sub-66/func/sub-66_task-msit_dir-PA_bold.nii.gz,sub-66,msit,PA,0.800000011920929,330,83,74,2.9784121951219515,0.5262459332977165,16.818181567571383,0.8950633561380265,0.4466161998821931,0.5725763879278075,0.7048695416623826,0.829977761681539,11.384868811090405,15.831107800472385,82,62,4.838709677419355,1.2700012700019052,1.2903225806451613,0.5835756591681657,4.548387096774194,1.5855641738318176,0.2419354838709677,0.2258064516129032,0.6428571428571429,2.071428571428572,2.3559322033898304,6.239406779661017,0.0483870967741935,0.7258064516129032,175.7835104296816,398.9193402161533,-0.0724063656242731,0.3629181029261222,-0.2584934239167802,1.456497947263966,-0.1822273999399025,-0.431086166548093,-0.3836212419013817
ds004796/sub-67/func/sub-67_task-msit_dir-PA_bold.nii.gz,sub-67,msit,PA,0.800000011920929,330,83,101,2.962980487804878,0.5576553935455628,22.95454511249608,0.8932458192146455,0.4502512938569959,0.5347436514485336,0.6632457185563491,0.7355053402423095,9.781040878039525,17.03630578599861,82,83,4.9156626506024095,1.2317429577942858,1.313253012048193,0.747805094656673,4.602409638554217,1.4393406267822657,0.2048192771084337,0.2289156626506024,0.631578947368421,1.947368421052632,2.716049382716049,5.152777777777778,0.0240963855421686,0.7590361445783133,167.8980782497569,397.62027978851216,0.901913937155806,0.1997426767549843,0.5669917594009116,0.1142089064886184,-0.7330075029968929,0.8778776992071841,0.3867940853442331
ds004796/sub-68/func/sub-68_task-msit_dir-PA_bold.nii.gz,sub-68,msit,PA,0.800000011920929,330,83,67,2.970284146341463,0.5354556548563015,15.227272500368684,0.877892070511234,0.4795857470073853,0.6293519525735789,0.8834156626295923,0.7814527081171905,7.053722880861949,20.93449678241585,82,59,4.88135593220339,1.3141766238653776,1.305084745762712,0.6229583837358196,4.576271186440678,1.4527428259307962,0.2203389830508474,0.2372881355932203,0.5714285714285714,1.9285714285714288,2.3448275862068964,6.150862068965517,0.0169491525423728,0.5932203389830508,164.68912896187362,388.15321585646063,0.8281337410010031,0.2612151028903008,0.3901779577258691,0.7665620905487408,-0.0476098353250444,-0.0829794273339952,-0.9592179119373004
ds004796/sub-70/func/sub-70_task-msit_dir-PA_bold.nii.gz,sub-70,msit,PA,0.800000011920929,330,83,80,2.978642682926829,0.5261916238733476,18.181817910887982,0.8070820468445824,0.5913359447055367,0.802452231301052,0.853111499399674,0.8717033633059916,6.282356519373454,26.106049939933868,82,67,4.746268656716418,1.2473400010603115,1.164179104477612,0.5928108422661287,4.582089552238806,1.257092047584946,0.1044776119402985,0.1940298507462686,0.4615384615384615,2.0,2.6666666666666665,5.753787878787879,0.0149253731343283,0.7910447761194029,189.11260805575856,371.32669984814015,-0.4453709719630764,-1.690564163432993,0.565357848774676,-2.29603331780943,-1.735290002107809,0.4929263948423847,-0.4468975992565514
ds004796/sub-72/func/sub-72_task-msit_dir-PA_bold.nii.gz,sub-72,msit,PA,0.800000011920929,330,83,78,2.978420731707317,0.5404651384493872,17.72727246311578,0.8518190487008208,0.5246316447230891,0.7404469851580241,0.8830653528454526,0.7887708299806747,7.275767823831061,23.44324810579732,82,62,4.854838709677419,1.303799921711167,1.467741935483871,0.8438347661946711,4.387096774193548,1.5508309640337392,0.3387096774193548,0.2258064516129032,0.7857142857142857,2.357142857142857,2.4745762711864407,5.74364406779661,0.0483870967741935,0.6935483870967742,167.37008194665276,398.4530439262244,0.593179569564295,3.1265801164670823,-1.0546927523893626,3.944429211957469,-0.5248937667928774,0.8528761240912329,-0.4095351519978936
ds004796/sub-73/func/sub-73_task-msit_dir-PA_bold.nii.gz,sub-73,msit,PA,0.800000011920929,330,83,69,2.9778304878048782,0.5406816532751687,15.681817948140884,0.9109453340294684,0.4131535522733016,0.6244452022813813,0.8952404414332447,0.8504964015732198,7.56965256855717,20.179137640466564,82,56,4.910714285714286,1.2102108864203749,1.4285714285714286,0.9116846116771036,4.482142857142857,1.4769879845460852,0.3214285714285714,0.2321428571428571,0.5384615384615384,1.6923076923076923,2.8,7.8545454545454545,0.0178571428571428,0.7678571428571429,173.5921869787275,395.2386974758824,0.926128028152596,1.5708621085521748,-0.2081769620767175,3.0168208443125826,-0.1044256554206639,1.192798053359788,0.7522934649987998
ds004796/sub-74/func/sub-74_task-msit_dir-PA_bold.nii.gz,sub-74,msit,PA,0.800000011920929,330,83,71,2.973760975609756,0.5641852337219141,16.136363395913083,0.8211125951457737,0.5716330118562201,0.5253950598331322,0.7788274312506613,0.8955698727613889,8.616266977125193,18.09390216042187,82,59,4.813559322033898,1.1518287748587617,1.3389830508474576,0.8010805093537066,4.47457627118644,1.3940258272404578,0.2033898305084746,0.2711864406779661,0.375,1.8125,2.3684210526315788,5.982456140350878,0.0338983050847457,0.711864406779661,160.70072465666783,373.8362531434234,-0.0907155248809878,1.0512989466715994,-0.6286229099286923,0.3776500092889221,1.4477103636106765,-0.3119974572283325,-0.9361949279589052
ds004796/sub-75/func/sub-75_task-msit_dir-PA_bold.nii.gz,sub-75,msit,PA,0.800000011920929,330,83,88,2.9698695121951224,0.5243900813581788,19.99999970197678,0.8658503809038501,0.5010627870061207,0.7801596486639064,0.8478837220774946,0.6855046770127592,8.970340143746187,19.332886221184157,82,65,4.969230769230769,1.286580141902735,1.2461538461538462,0.7295282986022807,4.723076923076923,1.419811742667099,0.1384615384615384,0.2307692307692307,0.4666666666666667,1.6666666666666667,2.238095238095238,5.287698412698413,0.0307692307692307,0.8461538461538461,178.63080343358385,385.6784938118026,1.4250491773975262,-0.2934540114335527,1.1042643609869311,-1.0118737471751982,0.6148161896055093,-1.0143976187416106,-0.6690735766720608
ds004796/sub-76/func/sub-76_task-msit_dir-PA_bold.nii.gz,sub-76,msit,PA,0.800000011920929,330,83,106,2.9692853658536587,0.5396956157835338,24.09090873192657,0.8900169295280663,0.4566198496221003,0.5877414974901116,0.4969755874864116,0.7973511731540961,11.240150295681175,18.06174395905834,82,86,4.848837209302325,1.1833893681780423,1.2790697674418603,0.6068464829747049,4.569767441860465,1.3594176752818363,0.2325581395348837,0.2441860465116279,0.5238095238095238,1.761904761904762,2.6626506024096384,4.879518072289157,0.0348837209302325,0.7093023255813954,150.8432869245781,396.51400610205206,0.0042125619509698,-0.1663342146184399,0.0975151539861676,0.9788878079510565,1.6724560041747294,0.9460090336515558,0.5626647313128096
ds004796/sub-78/func/sub-78_task-msit_dir-PA_bold.nii.gz,sub-78,msit,PA,0.800000011920929,330,83,62,2.9627853658536587,0.557409008631843,14.090908880938189,0.9147115087041476,0.4047211589546147,0.5178373137278185,0.7220597877128406,0.9188067516729236,8.5948793179182,15.900453523645904,82,50,4.82,1.240309375494185,1.18,0.4375255094603872,4.64,1.3364589215458855,0.16,0.28,0.5714285714285714,2.0,2.520833333333333,7.817708333333333,0.04,0.94,157.4063704473551,361.52209407082137,0.27557028403891,-0.6728838056478673,0.537953621140511,-0.0993386496690652,1.2840612621387404,0.8452454898498444,0.19195989528963
ds004796/sub-79/func/sub-79_task-msit_dir-PA_bold.nii.gz,sub-79,msit,PA,0.800000011920929,330,83,79,2.973124390243903,0.5644088115331084,17.954545187001884,0.8747345833799841,0.4853382373962276,0.7616416725267341,0.8282950364992558,0.721996641645765,9.289210175190476,20.873130167410064,82,64,4.703125,1.2684159287292036,1.46875,1.007412999906668,4.234375,1.3771628011794323,0.296875,0.21875,0.6428571428571429,2.0,2.0161290322580645,4.850806451612903,0.03125,0.5625,190.98875719257447,393.5866785994693,-0.6443614076901051,3.0006974140399736,-2.0795556298111344,3.32335163544997,-0.7970106547445646,-1.4591742977702984,-1.8150023494694083
ds004796/sub-80/func/sub-80_task-msit_dir-PA_bold.nii.gz,sub-80,msit,PA,0.800000011920929,330,83,54,2.969470731707317,0.5397557794703859,12.272727089849388,0.8469738470432546,0.5324418984292202,0.8914591506126662,0.8773736603471537,0.925291225625464,6.931783238901827,22.990140654815868,82,42,4.5,1.234661995811987,1.3333333333333333,0.570265948512201,4.166666666666667,1.4802219126094256,0.2857142857142857,0.2857142857142857,0.6666666666666666,2.0,2.268292682926829,8.929878048780488,0.0238095238095238,0.5714285714285714,154.7109165289657,368.3268492788301,-1.4448043740917336,0.8150293347429008,-1.7419769079086262,1.64058030326453,1.7207732503986684,-0.182958022321382,0.2011089267227131
ds004796/sub-01/func/sub-01_task-sternberg_dir-AP_bold.nii.gz,sub-01,sternberg,AP,0.800000011920929,515,24,99,15.62073043478261,0.125274991496266,14.417475513318214,0.8468644820899337,0.5323258236718275,0.712262181913955,0.9212395366817626,0.8076397229074675,6.822870845962999,22.59029300390712,23,83,5.963855421686747,1.243968699438881,1.289156626506024,0.7891044705315456,5.674698795180723,1.440769050524667,0.1566265060240964,0.2289156626506024,0.4736842105263157,1.6842105263157894,2.6790123456790123,1.4367283950617284,0.0240963855421686,2.4939759036144578,178.91374622096225,393.7092244734615,0.628767095441827,-0.3144885150336537,0.6612665642300201,-0.8987100598136691,0.3884964581700457,0.1186107868754469,-0.0267750208947477
ds004796/sub-02/func/sub-02_task-sternberg_dir-AP_bold.nii.gz,sub-02,sternberg,AP,0.800000011920929,515,24,118,15.638139130434782,0.1386052160305611,17.18446576334898,0.9198527814281104,0.3926451569048583,0.7076951011266661,0.8515328921067445,0.7965965322144224,8.37103294175401,14.855286260381924,23,105,5.971428571428572,1.243886147222786,1.3714285714285714,0.8798726181532326,5.6,1.5787044347526529,0.1904761904761904,0.219047619047619,0.5217391304347826,1.6956521739130437,2.794117647058824,1.1574754901960784,0.0285714285714285,2.4857142857142858,175.36927759346077,399.40077920314167,0.2466044214542168,1.6410799608876063,-0.5072212403545729,0.6644996225916692,0.4994620677829562,0.6624182332508187,-0.2861137259771592
ds004796/sub-03/func/sub-03_task-sternberg_dir-AP_bold.nii.gz,sub-03,sternberg,AP,0.800000011920929,515,24,101,15.614782608695652,0.1419586051105852,14.7087376449004,0.8398185093115831,0.5433950917964476,0.8415390498415968,0.9129530467112484,0.8692876920438466,9.26715010751471,19.51730405509361,23,88,5.829545454545454,1.2614677722553482,1.2386363636363635,0.5871089930302292,5.590909090909091,1.550946048969131,0.1704545454545454,0.2613636363636363,0.5217391304347826,1.826086956521739,2.802325581395349,1.3909883720930232,0.0227272727272727,2.522727272727273,181.54299393446772,386.43955637634383,-0.2804217796416438,-0.5918598406736038,0.0488731046300878,-0.0019571231517163,1.5875047149312806,0.0887914745617523,-0.4465040634843223
ds004796/sub-04/func/sub-04_task-sternberg_dir-AP_bold.nii.gz,sub-04,sternberg,AP,0.800000011920929,515,24,120,15.630843478260871,0.1350892893190525,17.47572789493117,0.8367623032918007,0.5480986870125978,0.764161271568592,0.8010301502628222,0.9132579427767972,9.137991079928115,23.10803079640541,23,102,6.068627450980392,1.2207756333420792,1.3137254901960784,0.8081318409845786,5.754901960784314,1.5378799507010923,0.1764705882352941,0.1764705882352941,0.5,1.7222222222222223,3.05,1.32875,0.0196078431372549,2.5294117647058822,207.14228125744987,392.9748077334922,1.1763279316999262,0.2828295079543044,0.7927533638879629,-0.2320569249480227,-1.7439561298309785,0.5400200615458892,0.3021197170576248
ds004796/sub-05/func/sub-05_task-sternberg_dir-AP_bold.nii.gz,sub-05,sternberg,AP,0.800000011920929,515,24,116,15.650417391304346,0.1575019468731769,16.893203631766795,0.8987549780946746,0.4388775399074606,0.6758766338300877,0.9063568110582318,0.7978801625656037,7.923067352610444,22.540637187158627,23,100,5.85,1.305582419667734,1.29,0.6860073327640606,5.56,1.6411378166788229,0.18,0.2,0.5,1.7,2.76530612244898,1.255420918367347,0.02,2.5,179.71347599732954,398.8269389997536,-1.0784671977642195,0.1138845938091172,-0.8782963656803202,0.1623167369173276,-0.4260577226006697,-0.0319406164869742,-0.2458234231167191
ds004796/sub-07/func/sub-07_task-sternberg_dir-AP_bold.nii.gz,sub-07,sternberg,AP,0.800000011920929,515,24,120,15.650999999999998,0.1260166903957855,17.47572789493117,0.909680748545231,0.4157120401185879,0.7054444881747672,0.8538015030703521,0.9102506399236536,9.20495490679662,20.489071089648657,23,105,6.066666666666666,1.1624465799691837,1.2190476190476192,0.5880370275650555,5.847619047619047,1.2843806677281078,0.1523809523809524,0.2476190476190476,0.3461538461538461,1.5769230769230769,3.0288461538461537,1.3016826923076923,0.0095238095238095,2.742857142857143,170.98800303088407,395.5721866834066,2.6119901891059847,-0.756659390997567,1.764528438293844,-0.4547378436693644,0.9106469280116336,0.6467383450212689,0.1752577489227967
ds004796/sub-08/func/sub-08_task-sternberg_dir-AP_bold.nii.gz,sub-08,sternberg,AP,0.800000011920929,515,24,114,15.63301739130435,0.1380957146848359,16.60194150018461,0.8564931990821566,0.5166601630937407,0.7629568978768095,0.910172491256837,0.8551492222020938,6.671288686410893,22.40869332270936,23,96,5.833333333333333,1.270446806332047,1.2291666666666667,0.5521091933698521,5.604166666666667,1.5042337910862174,0.1770833333333333,0.1979166666666666,0.5263157894736842,1.8421052631578947,3.3263157894736843,1.569736842105263,0.0104166666666666,2.520833333333333,188.43483891254712,399.95072795234415,-1.3197119263383457,-1.1266485362972851,-0.0204351337764114,-0.578931627397754,-1.9201924613894692,1.5184587998465895,1.488180377453778
ds004796/sub-09/func/sub-09_task-sternberg_dir-AP_bold.nii.gz,sub-09,sternberg,AP,0.800000011920929,515,24,125,15.66274347826087,0.1442556343491041,18.203883223886635,0.9017595160770788,0.4326583589332254,0.7794842548372113,0.8420366148362898,0.7939582472499452,6.992246975644951,26.433727824939083,23,113,6.061946902654867,1.2121644295632323,1.345132743362832,0.787966545523811,5.716814159292035,1.5027892314238345,0.2123893805309734,0.2212389380530973,0.52,1.76,2.63963963963964,1.082207207207207,0.0176991150442477,2.6283185840707963,184.21574078705373,393.9704004563714,0.9061069303548164,0.2009774975647307,0.5933056552377702,0.3664599372792852,0.2700435080320468,-0.944437652004646,-1.3360210252388371
ds004796/sub-10/func/sub-10_task-sternberg_dir-AP_bold.nii.gz,sub-10,sternberg,AP,0.800000011920929,515,24,134,15.669269565217393,0.1457376411307991,19.51456281600647,0.9006524884294992,0.4349625940161202,0.5313703310101873,0.7278460008030813,0.8282858685932029,9.49884318162393,18.97155641477092,23,116,5.965517241379311,1.3050472887168136,1.3103448275862069,0.8383606477597477,5.655172413793103,1.6317685698858055,0.1724137931034483,0.2327586206896551,0.4074074074074074,1.6296296296296295,2.061946902654867,0.8097345132743363,0.0258620689655172,2.577586206896552,176.2852261486253,399.33869321717856,0.0913588504718385,-0.0048005129201075,0.0646456635987316,-0.5777229855971142,0.8048158289690975,-2.3995366045123263,-2.1967636928434
ds004796/sub-11/func/sub-11_task-sternberg_dir-AP_bold.nii.gz,sub-11,sternberg,AP,0.800000011920929,515,24,132,15.672178260869565,0.1307678045102863,19.223300684424284,0.8983257617446265,0.4397571279939504,0.72869975795964,0.5889904267090527,0.8977300159859442,9.467021369181396,17.231522294420778,23,113,5.929203539823009,1.1704456886106924,1.336283185840708,0.7393363272584714,5.592920353982301,1.5097135971387383,0.2035398230088495,0.2389380530973451,0.5555555555555556,1.7777777777777777,2.8018018018018016,1.1452702702702702,0.0176991150442477,2.4867256637168142,183.04499626958687,398.14138371450696,-0.1106137064193006,0.3357769941604517,-0.2471259276402298,0.4412331819888984,1.218606859601657,-0.0530521571225065,0.0420374799749629
ds004796/sub-12/func/sub-12_task-sternberg_dir-AP_bold.nii.gz,sub-12,sternberg,AP,0.800000011920929,515,24,100,15.658395652173914,0.1461507652337301,14.563106579109308,0.8249488241298997,0.5657569734600311,0.4690356412168642,0.8124615317270446,0.8273865660192758,7.23449212555774,18.875370500910737,23,86,5.72093023255814,1.184718013514536,1.3255813953488371,0.7583551932829409,5.395348837209302,1.5513111704197904,0.1860465116279069,0.2674418604651162,0.4347826086956521,1.565217391304348,2.6588235294117646,1.464705882352941,0.0116279069767441,2.4069767441860463,191.6141198975249,398.2800084117595,-1.5228019704768638,0.6135527984865601,-1.3808708379051875,0.4138148840535661,1.5966351925411475,-0.3699235458947176,-0.0656344163191603
ds004796/sub-13/func/sub-13_task-sternberg_dir-AP_bold.nii.gz,sub-13,sternberg,AP,0.800000011920929,515,24,120,15.60182608695652,0.1424109320833193,17.47572789493117,0.8693951540526969,0.494597886196285,0.7921178455049853,0.8892501727327472,0.8287889460987592,7.152551922098835,21.44873141972567,23,98,6.091836734693878,1.2359456056315543,1.326530612244898,0.7147274039379122,5.76530612244898,1.525055485947925,0.2244897959183673,0.2448979591836734,0.625,1.9166666666666667,2.863157894736842,1.3085526315789473,0.0306122448979591,2.642857142857143,179.32573999655094,395.8781487215428,1.1459207084263614,-0.0770939519402205,0.8886721728901262,0.5716299119034043,0.7932719548088931,-0.0161470577373095,0.1250755117489181
ds004796/sub-14/func/sub-14_task-sternberg_dir-AP_bold.nii.gz,sub-14,sternberg,AP,0.800000011920929,515,24,101,15.6127,0.1306622533886419,14.7087376449004,0.8879363714479726,0.4604135230290154,0.7102514079315163,0.8529745339631738,0.8170340700280888,7.617109891676257,17.419959870024286,23,83,5.879518072289157,1.3739527307650456,1.2409638554216869,0.7422832515333386,5.63855421686747,1.5584413199201437,0.1325301204819277,0.1686746987951807,0.6428571428571429,2.2857142857142856,2.4125,1.4,0.036144578313253,2.5903614457831323,164.9878375715501,395.19962177814847,-0.7287275881438645,-0.9175700573319095,0.0286378725774892,-1.6206506683815547,-1.6659740531939198,-1.7869469008878889,-0.180976361700472
ds004796/sub-15/func/sub-15_task-sternberg_dir-AP_bold.nii.gz,sub-15,sternberg,AP,0.800000011920929,515,24,135,15.629382608695652,0.1489698428087784,19.660193881797564,0.9283469057968028,0.3720763886067853,0.5849748454979011,0.7533937036132261,0.7843759617026638,8.952983019549578,14.691110280953971,23,119,6.016806722689076,1.2754739449950367,1.3445378151260503,0.9780382889970816,5.6722689075630255,1.637014871584183,0.1764705882352941,0.2352941176470588,0.4642857142857143,1.75,2.5384615384615383,0.9471153846153846,0.0168067226890756,2.6050420168067228,168.82466143412293,399.3576825699989,1.082377759654584,0.1878428534345995,0.5661416132413523,-0.7845320449534603,0.6884484683124573,-1.3081352713883037,-1.8892629484416088
ds004796/sub-16/func/sub-16_task-sternberg_dir-AP_bold.nii.gz,sub-16,sternberg,AP,0.800000011920929,515,24,153,15.64737391304348,0.1429308965441974,22.28155306603724,0.8731717527257566,0.4878865544003976,0.6871581300093783,0.7622172199464173,0.9546926288642544,10.452008132282115,19.589805830498232,23,132,6.121212121212121,1.2842576079261032,1.3484848484848484,0.7910264708789931,5.7727272727272725,1.701328215261363,0.2196969696969697,0.25,0.3939393939393939,1.6363636363636365,3.123076923076923,1.053846153846154,0.0151515151515151,2.6742424242424243,164.2162854121852,399.11658131869416,1.4995124982358203,-0.1960761700220339,1.2611679308745485,-0.2274851476974231,1.5844893615111648,0.3345034713933896,-0.1094204396128628
ds004796/sub-17/func/sub-17_task-sternberg_dir-AP_bold.nii.gz,sub-17,sternberg,AP,0.800000011920929,515,24,101,15.606804347826085,0.143802692230276,14.7087376449004,0.8941638255588431,0.4481752715848511,0.4299495223795549,0.7922417510997214,0.8955732488888958,8.788067458929788,14.31978974912152,23,86,5.941860465116279,1.304784419090356,1.302325581395349,0.7680344269529537,5.6395348837209305,1.6514720043409004,0.1860465116279069,0.2209302325581395,0.5263157894736842,1.894736842105263,2.27710843373494,1.1792168674698795,0.0348837209302325,2.5348837209302326,171.9145127083111,387.08156761010014,0.75867447816454,0.7230144022769275,0.2447504182755492,0.8768240497381158,-0.1705455364526984,-2.0731805510379395,-2.547167794183736
ds004796/sub-18/func/sub-18_task-sternberg_dir-AP_bold.nii.gz,sub-18,sternberg,AP,0.800000011920929,515,24,99,15.685130434782607,0.1325248800503047,14.417475513318214,0.8468454568799411,0.5323561485146424,0.4932654480692604,0.8893993436139566,0.7870834290134915,7.727032144595376,13.90939563389447,23,86,5.8604651162790695,1.2571002177998138,1.244186046511628,0.7184304217263027,5.616279069767442,1.558042547566452,0.1511627906976744,0.2209302325581395,0.7368421052631579,2.0526315789473686,2.4444444444444446,1.3248456790123455,0.0581395348837209,2.581395348837209,158.22633368503793,393.1833629924403,0.1382662008801348,0.2147993980303426,0.0270346225783764,0.0426725205464722,-0.280602138964197,-0.8364623567032569,-0.7188217213432622
ds004796/sub-19/func/sub-19_task-sternberg_dir-AP_bold.nii.gz,sub-19,sternberg,AP,0.800000011920929,515,24,114,15.685226086956524,0.1495815092709334,16.60194150018461,0.9101294224534888,0.4147269114621108,0.6178860864618883,0.8138792281923727,0.8716043977427282,7.8876111013455965,16.79317456799224,23,101,5.821782178217822,1.1949563975640314,1.3267326732673268,0.736327520755392,5.495049504950496,1.5467628284661976,0.198019801980198,0.1881188118811881,0.5263157894736842,1.736842105263158,2.58,1.11375,0.0099009900990099,2.435643564356436,191.2961195820725,398.5591090811805,-1.0039207277246738,-0.0025370490323717,-0.7153200453083444,0.1903994175688763,-1.685983712427816,-0.609666409026885,-1.174131907109233
ds004796/sub-20/func/sub-20_task-sternberg_dir-AP_bold.nii.gz,sub-20,sternberg,AP,0.800000011920929,515,24,121,15.675121739130436,0.1425445618893433,17.62135896072226,0.8736913399870452,0.4869536696580305,0.7240995878668742,0.7694257840967226,0.9187476365364772,7.652728676510658,19.61906868912139,23,104,6.009615384615385,1.242415376248884,1.3653846153846154,0.8928811476555464,5.644230769230769,1.5259456353851073,0.2115384615384615,0.1826923076923076,0.5263157894736842,2.1052631578947367,2.297029702970297,1.0198019801980198,0.0288461538461538,2.519230769230769,158.99902224656495,389.3876930570454,0.3615129445897013,0.4650023302591201,0.0658375298061243,0.2964568159824728,-1.3966682199880551,-1.585460707389683,-1.619068642572134
ds004796/sub-21/func/sub-21_task-sternberg_dir-AP_bold.nii.gz,sub-21,sternberg,AP,0.800000011920929,515,24,120,15.64098695652174,0.1330277225124074,17.47572789493117,0.8864924311695916,0.4631930122721536,0.4669679341338026,0.6999239556533858,0.9396006773800152,10.400020580197406,14.85451343014572,23,106,5.877358490566038,1.2398373947815302,1.2452830188679245,0.5824630910802844,5.632075471698113,1.4430488339300642,0.1792452830188679,0.1981132075471698,0.4761904761904761,1.761904761904762,2.857142857142857,1.2178571428571427,0.0094339622641509,2.556603773584906,182.99825350488857,393.470167339668,-0.4185931808504634,-0.8216927858590298,0.2117553478768522,-0.3351131758738121,-1.502316632068644,0.3538783713172329,-0.0659153171832992
ds004796/sub-23/func/sub-23_task-sternberg_dir-AP_bold.nii.gz,sub-23,sternberg,AP,0.800000011920929,515,24,130,15.6555,0.1249852201578264,18.932038552842094,0.8462687001711038,0.5332743038415741,0.5287192164408635,0.6626515972217514,0.8767657726744583,8.972003264405679,19.48453411336164,23,114,6.008771929824562,1.2585679039140536,1.2105263157894737,0.5870834499263771,5.798245614035087,1.541059425047998,0.1403508771929824,0.2543859649122807,0.4137931034482758,1.6206896551724137,3.232142857142857,1.2912946428571428,0.0175438596491228,2.6842105263157894,167.8917104549962,388.9430452683864,0.3636376192844534,-1.809315648524172,1.1243716712145757,-2.001034888274125,1.5024065444118095,1.0759214301376383,0.6908096517821709
ds004796/sub-24/func/sub-24_task-sternberg_dir-AP_bold.nii.gz,sub-24,sternberg,AP,0.800000011920929,515,24,117,15.642486956521742,0.1421421931941503,17.03883469755789,0.8385066293507608,0.5454211864706174,0.8506860291980358,0.8712141034729567,0.9052975032875956,7.1095056790585,22.803145482428132,23,99,6.070707070707071,1.1802155221072823,1.2727272727272727,0.6518135112379015,5.797979797979798,1.4496994620265122,0.1818181818181818,0.202020202020202,0.65,1.9,2.864583333333333,1.26953125,0.0303030303030303,2.676767676767677,189.043042923164,397.3432535995496,1.680688864181887,-0.647752559348411,1.7865297016077413,-0.3672535177036091,-1.0025928991076565,-0.022008715350395,-0.3410140061315208
ds004796/sub-25/func/sub-25_task-sternberg_dir-AP_bold.nii.gz,sub-25,sternberg,AP,0.800000011920929,515,24,130,15.656269565217393,0.1214489088963163,18.932038552842094,0.881656542194742,0.4723504767881823,0.706090427069114,0.8439789507371578,0.90826288214426,6.656195662455757,23.811763694143394,23,107,5.94392523364486,1.2118267490978052,1.4299065420560748,1.0104375059583663,5.514018691588785,1.7176359685340914,0.2149532710280373,0.2242990654205607,0.5416666666666666,1.875,2.1941747572815533,0.9472087378640776,0.0373831775700934,2.448598130841121,164.590635479692,399.0874232930858,-0.4670567283962702,1.068555745006277,-1.1467352440168532,0.0843459575720949,0.9698649858493994,-2.2862745952639845,-1.769687980625961
ds004796/sub-26/func/sub-26_task-sternberg_dir-AP_bold.nii.gz,sub-26,sternberg,AP,0.800000011920929,515,24,121,15.63508695652174,0.1512581180785914,17.62135896072226,0.8637625680031331,0.5043889585171648,0.6465385022674028,0.838205410280962,0.7569876430199801,8.17673208546611,19.34144615308276,23,105,5.79047619047619,1.140978309097724,1.438095238095238,0.8539929913670423,5.352380952380952,1.574929500137365,0.2666666666666666,0.2285714285714285,0.625,1.7916666666666667,3.257425742574257,1.359529702970297,0.0380952380952381,2.323809523809524,211.9111952208088,396.5442075835123,-1.6729491921101396,2.638162836509528,-2.2984558059738736,2.0925437441474872,1.110747035410173,1.2464956906999798,0.8303866888686846
ds004796/sub-27/func/sub-27_task-sternberg_dir-AP_bold.nii.gz,sub-27,sternberg,AP,0.800000011920929,515,24,109,15.654665217391306,0.1527767333815243,15.873786171229144,0.8297774310616997,0.5586370783996666,0.6156225686770604,0.8216937332898469,0.8934108157031789,6.244012306997913,24.734773941795385,23,97,5.989690721649485,1.2457832656675003,1.4123711340206186,0.8508889630800303,5.577319587628866,1.6383111956777814,0.2474226804123711,0.2268041237113402,0.4545454545454545,1.8636363636363635,2.9130434782608696,1.3158967391304348,0.0515463917525773,2.4948453608247423,174.7351698040907,393.0660647126455,0.5953196315267892,1.6218077876958703,-0.4713676202892056,1.6672520610350678,-0.161397549928851,0.4036655516957268,-0.1770283312764419
ds004796/sub-29/func/sub-29_task-sternberg_dir-AP_bold.nii.gz,sub-29,sternberg,AP,0.800000011920929,515,24,125,15.67497391304348,0.1447423908427448,18.203883223886635,0.8688470878553823,0.4955618968958546,0.658123197811267,0.9034509942187496,0.781583471281123,7.654105133181948,19.985796530774948,23,107,5.897196261682243,1.3098651769829923,1.4018691588785046,0.7873985479318176,5.4953271028037385,1.717687298708732,0.2523364485981308,0.2242990654205607,0.5833333333333334,2.0,3.169811320754717,1.30188679245283,0.0093457943925233,2.364485981308411,181.3890289513933,398.7506199772503,-0.3517213603741371,1.1736092653912584,-0.7378152049349329,1.4426782865904093,0.5284815012746261,0.9104585754126806,0.5434299647865328
ds004796/sub-31/func/sub-31_task-sternberg_dir-AP_bold.nii.gz,sub-31,sternberg,AP,0.800000011920929,515,24,120,15.677878260869564,0.1507084721823273,17.47572789493117,0.8806089784655172,0.4743043856200177,0.6958841428836128,0.8176770805216924,0.8719291952090167,7.261103482936917,21.54457753721813,23,102,6.078431372549019,1.1491389329941135,1.392156862745098,0.9136680804805816,5.686274509803922,1.6043282555702385,0.2058823529411764,0.1862745098039215,0.5789473684210527,1.7894736842105263,2.597938144329897,1.1688144329896908,0.0490196078431372,2.5588235294117645,180.05405860263187,398.2059217122961,1.5176790684256474,1.013904274340922,0.3734913243676923,0.5415932217946563,-0.8751392995564042,-0.6303988375184482,-0.5179606396952293
ds004796/sub-32/func/sub-32_task-sternberg_dir-AP_bold.nii.gz,sub-32,sternberg,AP,0.800000011920929,515,24,129,15.648965217391302,0.1473717108070008,18.786407487051004,0.8485628264117543,0.5296090643524455,0.6779233919726011,0.7782219825379841,0.8911809099688991,8.763236894877771,20.45243920777153,23,112,6.008928571428571,1.1585602723906536,1.2678571428571428,0.6435003217502413,5.741071428571429,1.4565511264769198,0.1785714285714285,0.2321428571428571,0.3461538461538461,1.5769230769230769,2.740740740740741,1.115162037037037,0.0357142857142857,2.580357142857143,179.91389416674784,397.7841901959069,0.6199380346454963,-1.066196894274409,1.0014624444493634,-0.931087295628286,0.4597706254098435,-0.8284570272919204,-1.1687851462895709
ds004796/sub-33/func/sub-33_task-sternberg_dir-AP_bold.nii.gz,sub-33,sternberg,AP,0.800000011920929,515,24,131,15.604778260869566,0.1417797782252229,19.07766961863319,0.8964442855686822,0.4435873299474339,0.5022717343535158,0.7684192544226599,0.8809831336076216,9.096383984041282,18.247527035888535,23,112,6.071428571428571,1.228155327458831,1.125,0.3582992860422392,5.946428571428571,1.38745528757945,0.1160714285714285,0.2142857142857142,0.3333333333333333,1.5,2.55045871559633,1.0080275229357798,0.0267857142857142,2.758928571428572,187.9140488008913,399.7915801809665,1.3823547029384662,-2.9231674133280365,2.206594252200261,-1.873943865441441,-0.3419254787752124,-1.0264563631841233,-1.3161866062779883
ds004796/sub-34/func/sub-34_task-sternberg_dir-AP_bold.nii.gz,sub-34,sternberg,AP,0.800000011920929,515,24,134,15.63736086956522,0.1404439777809341,19.51456281600647,0.8964108649618872,0.4436549937484491,0.6704992439575765,0.8132743780862116,0.9076273747430544,7.836339747144085,19.314978371901265,23,114,5.789473684210527,1.05153645874982,1.4035087719298245,0.795110035749091,5.385964912280702,1.4421516123813891,0.2543859649122807,0.2368421052631578,0.3703703703703703,1.4814814814814814,2.7410714285714284,1.0881696428571428,0.0175438596491228,2.324561403508772,180.3241220414709,399.286982259042,-2.4459801328889226,0.6034730446830815,-1.7794672340024211,1.0074079652812864,1.020966448654711,-0.8719919212061705,-0.9483426223617858
ds004796/sub-35/func/sub-35_task-sternberg_dir-AP_bold.nii.gz,sub-35,sternberg,AP,0.800000011920929,515,24,118,15.651043478260869,0.1515956822283061,17.18446576334898,0.8490871756055669,0.5287663644354591,0.6682680968978438,0.8276301932023343,0.759051500119595,9.694527130767014,17.17101454070083,23,106,6.084905660377358,1.2430218519191878,1.2641509433962264,0.7342230982143525,5.820754716981132,1.5723635215894436,0.1415094339622641,0.2358490566037736,0.44,1.76,3.1650485436893203,1.3134101941747574,0.0283018867924528,2.641509433962264,174.80510742793993,398.479672245913,1.439596139727345,-0.4248895028417771,1.236343100082563,-1.1352054206119857,0.9803079220776598,1.2509577495150497,-0.0042240331394686
ds004796/sub-36/func/sub-36_task-sternberg_dir-AP_bold.nii.gz,sub-36,sternberg,AP,0.800000011920929,515,24,116,15.66274347826087,0.140017781134249,16.893203631766795,0.8591857113652783,0.5121613523824322,0.8061880096306343,0.8233634920203385,0.8864536877033354,8.419155212239883,21.162758930598763,23,97,5.948453608247423,1.2021780062714866,1.2474226804123711,0.6128983030625124,5.701030927835052,1.437336573707369,0.1649484536082474,0.2474226804123711,0.5416666666666666,1.7083333333333333,2.925531914893617,1.346409574468085,0.0309278350515463,2.6082474226804124,184.93587630095664,393.6108123529742,0.3851428532729073,-0.7020229560275081,0.7298135006502725,-0.6089089542777235,1.1985116016570727,0.4833498577464597,0.4543874363256962
ds004796/sub-37/func/sub-37_task-sternberg_dir-AP_bold.nii.gz,sub-37,sternberg,AP,0.800000011920929,515,24,121,15.672173913043478,0.1241463636436683,17.62135896072226,0.8856524856499759,0.4648001364788579,0.7354548201874084,0.8393723782361541,0.8904747929722814,9.679326942648563,20.769305612314437,23,106,5.849056603773585,1.1612181849058232,1.339622641509434,0.8034069413362332,5.509433962264151,1.435902125719265,0.2075471698113207,0.1886792452830188,0.55,1.85,2.6862745098039214,1.1127450980392155,0.0377358490566037,2.490566037735849,192.84608432783,394.35146802037445,-1.1639207929817497,0.7080977531754471,-1.2107898448623131,0.6998414600016508,-1.3928417836922604,-0.2561778036207502,-0.7959930924212786
ds004796/sub-38/func/sub-38_task-sternberg_dir-AP_bold.nii.gz,sub-38,sternberg,AP,0.800000011920929,515,24,163,15.712060869565216,0.1278684831988167,23.73786372394817,0.8352470981914043,0.5504094263391696,0.6848642743727865,0.6738626666705431,0.8864079076786805,9.358633401128632,22.00132159484498,23,135,6.155555555555556,1.2085927839487274,1.4,0.8303928219860586,5.755555555555556,1.632078917221775,0.237037037037037,0.1777777777777777,0.5,1.625,2.9473684210526314,0.9887218045112782,0.0148148148148148,2.607407407407408,170.80323407738433,398.6311527337493,1.4520014649206816,-0.1127824610235383,1.116932675557602,-0.2239847928879322,-0.5964644749977672,-0.1598120209758001,-0.0001852330968069
ds004796/sub-39/func/sub-39_task-sternberg_dir-AP_bold.nii.gz,sub-39,sternberg,AP,0.800000011920929,515,24,98,15.635908695652176,0.1265139762188681,14.27184444752712,0.912835470219944,0.4087245818221618,0.504920624263932,0.8482252170101929,0.750952283222557,8.365367407399354,17.439779567652906,23,86,5.906976744186046,1.3773624152641224,1.2325581395348837,0.6448788049320706,5.674418604651163,1.648113791510599,0.1511627906976744,0.1976744186046511,0.5882352941176471,2.176470588235294,2.5,1.3541666666666667,0.0232558139534883,2.581395348837209,195.96419931824164,399.5987562338996,0.4534103845008816,-0.1299547143097666,0.3794292697454698,-0.1196964055265414,-1.0695125520119195,-1.02541275913899,-1.0377972867505645
ds004796/sub-40/func/sub-40_task-sternberg_dir-AP_bold.nii.gz,sub-40,sternberg,AP,0.800000011920929,515,24,107,15.681504347826085,0.1521527092472678,15.58252403964696,0.889131800937162,0.4580961905109298,0.6859420879338143,0.8452216414322672,0.8176202798696718,9.791416329192074,17.569593067980932,23,93,5.881720430107527,1.2840955399711216,1.2688172043010753,0.6279674760727205,5.612903225806452,1.5182388113729168,0.1935483870967742,0.2043010752688172,0.631578947368421,2.1052631578947367,2.3846153846153846,1.129120879120879,0.021505376344086,2.4731182795698925,187.90587814976547,398.9777358340412,-0.3425946888819406,-0.4835356098758533,-0.0285016510226786,0.305307280419488,-0.5591797699518174,-1.6281998241567903,-2.262005903982404
ds004796/sub-41/func/sub-41_task-sternberg_dir-AP_bold.nii.gz,sub-41,sternberg,AP,0.800000011920929,515,24,116,15.687304347826087,0.1413565043297077,16.893203631766795,0.7904817741586144,0.6130810753446232,0.8212802397145773,0.8918145225909196,0.8638003846165848,6.394274022977285,22.27570025673183,23,101,5.762376237623762,1.2095330905062924,1.376237623762376,0.903896953734383,5.3861386138613865,1.580950960844156,0.2079207920792079,0.2475247524752475,0.56,1.68,2.5051546391752577,1.0992268041237114,0.0396039603960396,2.3564356435643563,199.29075022070492,395.1509365120834,-1.9377257074781349,2.389707932048933,-2.4387884598117666,1.0662151543611758,1.063726568350742,-1.0727659588277283,-1.4379671649079917
ds004796/sub-42/func/sub-42_task-sternberg_dir-AP_bold.nii.gz,sub-42,sternberg,AP,0.800000011920929,515,24,122,15.688856521739131,0.1287826488252402,17.766990026513355,0.8581848688702785,0.5138398699613862,0.6254137274825796,0.8675100892393466,0.8293499539652212,7.520354224470049,22.096240498281876,23,105,5.866666666666666,1.2485889471616989,1.2476190476190476,0.6009760071518339,5.619047619047619,1.508826291047706,0.1809523809523809,0.238095238095238,0.44,1.68,3.1538461538461537,1.3731971153846154,0.0095238095238095,2.552380952380952,170.0191031103339,397.5165048196274,-0.5477652015882838,-0.8139382393487828,0.2479700923012856,-0.4118456369960275,0.4245125708163037,0.9027752935710442,0.7874299521140041
ds004796/sub-43/func/sub-43_task-sternberg_dir-AP_bold.nii.gz,sub-43,sternberg,AP,0.800000011920929,515,24,130,15.624208695652175,0.1463839924416102,18.932038552842094,0.7542039751300154,0.6572786527062477,0.559762260171345,0.7066260321472928,0.9442801522407098,8.070787157338096,20.06401657195576,23,113,6.053097345132743,1.0925127325557629,1.247787610619469,0.648225234380759,5.8053097345132745,1.387819506839815,0.1415929203539823,0.247787610619469,0.4285714285714285,1.5357142857142858,2.972972972972973,1.207207207207207,0.0176991150442477,2.646017699115044,180.61054320222192,398.2657023265403,3.067907148976971,-1.0273737131607317,2.9541142275606105,-2.04123698287989,0.5227798358426142,0.3000686215364355,0.0587155740115802
ds004796/sub-44/func/sub-44_task-sternberg_dir-AP_bold.nii.gz,sub-44,sternberg,AP,0.800000011920929,515,24,111,15.64678695652174,0.1302472459046971,16.165048302811332,0.8597303827402326,0.5112447402690515,0.747546240981007,0.9054465182789684,0.8182988661378215,7.465046561053665,22.278500775522154,23,95,5.926315789473684,1.159989960183606,1.3894736842105264,0.8542103089753054,5.536842105263158,1.5832267503074655,0.2105263157894736,0.2210526315789473,0.4761904761904761,1.7142857142857142,3.230769230769231,1.532967032967033,0.0421052631578947,2.4526315789473685,167.3882992870771,386.3825818978056,-0.2243527932924781,1.6103507465609854,-1.0560668903133803,0.858836051799038,-0.219038665915849,1.4966295207902798,1.1675288294661668
ds004796/sub-45/func/sub-45_task-sternberg_dir-AP_bold.nii.gz,sub-45,sternberg,AP,0.800000011920929,515,24,98,15.68658260869565,0.144779354623037,14.27184444752712,0.810795856774757,0.585898143224941,0.7130653609640991,0.8312833288693837,0.942826088768386,8.422530953065095,16.952741370536437,23,81,5.827160493827161,1.2123337355776886,1.2098765432098766,0.5175917643934274,5.617283950617284,1.3376088856105126,0.1728395061728395,0.2345679012345679,0.3684210526315789,1.5789473684210529,2.3076923076923075,1.2524038461538465,0.037037037037037,2.5308641975308643,179.05527003134105,396.1398325415949,-0.97687565434212,-1.2443761321747728,-0.2312396663448518,-0.3749195638853934,0.3671876482230347,-1.527615554955563,-1.5075800973511395
ds004796/sub-46/func/sub-46_task-sternberg_dir-AP_bold.nii.gz,sub-46,sternberg,AP,0.800000011920929,515,24,136,15.625804347826088,0.1421389692227699,19.805824947588658,0.8826579692635258,0.470472851037965,0.6230011017396269,0.4242744002952956,0.8361605853511641,8.909307316599984,19.31359537465365,23,116,5.818965517241379,1.1839443136951309,1.4051724137931034,0.7573230690296963,5.413793103448276,1.5495803949133615,0.2758620689655172,0.2327586206896551,0.4814814814814814,1.6296296296296295,3.133928571428572,1.1489955357142858,0.0344827586206896,2.293103448275862,190.12913952958232,396.667753383544,-2.465541597441084,1.1078803152299566,-2.2335356407490834,2.176244678323371,0.1992296959447549,0.9499385036444468,0.0861463623797349
ds004796/sub-47/func/sub-47_task-sternberg_dir-AP_bold.nii.gz,sub-47,sternberg,AP,0.800000011920929,515,24,124,15.68595652173913,0.124304350181112,18.05825215809554,0.8503492219244845,0.5267304127029769,0.7262037629038396,0.7604020752263793,0.9098930497503188,7.741562248526703,19.739502066222222,23,106,6.018867924528302,1.1039421316396003,1.1886792452830188,0.5184814373711681,5.830188679245283,1.2609270823161185,0.1415094339622641,0.2547169811320754,0.5185185185185185,1.6296296296296295,2.0865384615384617,0.8834134615384616,0.0188679245283018,2.679245283018868,173.1659001929078,396.5747806251258,1.30943864490813,-1.7733038035616708,1.948945244850509,-1.301192147593165,0.6115840948673609,-2.4911939375333625,-2.5412675386634827
ds004796/sub-48/func/sub-48_task-sternberg_dir-AP_bold.nii.gz,sub-48,sternberg,AP,0.800000011920929,515,24,123,15.646065217391303,0.1291267299227801,17.912621092304448,0.8755968976092995,0.483512173196492,0.4358032855235962,0.8213012667942069,0.7440220769238901,7.46469282109433,18.33839689515551,23,107,6.009345794392523,1.1201021441192085,1.3457943925233644,0.8138286377772489,5.663551401869159,1.4726687700549592,0.1869158878504672,0.2336448598130841,0.44,1.68,3.1634615384615383,1.3317307692307692,0.02803738317757,2.5514018691588785,175.77386640071958,399.8629521625022,1.0671524937378698,0.4693666150415582,0.3918253942859636,-0.522369840739892,0.4537071054938622,0.8859037374924861,0.5798014785274238
ds004796/sub-49/func/sub-49_task-sternberg_dir-AP_bold.nii.gz,sub-49,sternberg,AP,0.800000011920929,515,24,142,15.623582608695653,0.1424839170507464,20.679611342335217,0.8367399856955998,0.5481328238772661,0.80140536937962,0.6755816080279731,0.8887947134919582,9.471112021839993,17.402700269909268,23,122,5.901639344262295,1.2156679357495137,1.352459016393443,0.7812062208299978,5.549180327868853,1.494355545423757,0.221311475409836,0.180327868852459,0.7727272727272727,2.1818181818181817,2.593220338983051,0.9380296610169492,0.0327868852459016,2.4836065573770494,169.91634866144375,390.2150759638698,-0.5836868592732897,-0.2850330476721033,-0.2695281209580041,0.0590332513017449,-0.6974688046905441,-1.3522962535128142,-1.6100178853590434
ds004796/sub-53/func/sub-53_task-sternberg_dir-AP_bold.nii.gz,sub-53,sternberg,AP,0.800000011920929,515,24,108,15.653321739130435,0.1385830609520568,15.728155105438052,0.8677881931007914,0.4974174163623662,0.6703707165840492,0.8201107669084772,0.8322039810986862,7.140843921472591,21.760089233676155,23,92,5.836956521739131,1.2249886647875965,1.2608695652173914,0.5521101422482975,5.576086956521739,1.4842298898694384,0.2065217391304347,0.2608695652173913,0.5833333333333334,1.8333333333333333,2.662921348314607,1.315308988764045,0.0326086956521739,2.467391304347826,160.81170599471167,397.8095624647112,-0.8622456752129005,-0.2589878603801193,-0.4451286900155308,0.780701610052692,2.5640634429525058,-0.7307055803247743,-0.7880161170268619
ds004796/sub-54/func/sub-54_task-sternberg_dir-AP_bold.nii.gz,sub-54,sternberg,AP,0.800000011920929,515,24,115,15.68088260869565,0.1575404107991049,16.7475725659757,0.8145511821021302,0.5806557089008428,0.6987540574156024,0.713558324201093,0.8359908731743245,7.723069293585858,18.18496532661028,23,98,5.846938775510204,1.3873659743299107,1.3061224489795915,0.6486808702664283,5.540816326530612,1.6192677952458596,0.2142857142857142,0.1938775510204081,0.631578947368421,1.947368421052632,3.177083333333333,1.4886067708333333,0.0204081632653061,2.4081632653061225,182.70637685028703,399.7812133322609,-0.5501941264122773,0.012631890649138,-0.4603655097530118,0.834382641842484,-0.2511604944883966,1.297828074581199,1.38380253513297
ds004796/sub-55/func/sub-55_task-sternberg_dir-AP_bold.nii.gz,sub-55,sternberg,AP,0.800000011920929,515,24,78,15.644660869565218,0.1310606680150669,11.35922313170526,0.8278682630310565,0.5614679572032435,0.5247872909667263,0.8777972680398823,0.9155423496304272,7.363862674093089,19.82466067288528,23,67,5.776119402985074,1.312191037486632,1.3432835820895523,0.8625585409376861,5.432835820895522,1.7252481648193612,0.1641791044776119,0.2835820895522388,0.6842105263157895,2.0526315789473686,2.753846153846154,1.845192307692308,0.0298507462686567,2.462686567164179,172.6968389729432,399.4264599288615,-0.8066546566649756,1.7921842048357868,-1.3060634629713792,0.5327758575973219,2.48045198565821,0.3310608430890076,0.1061333037396548
ds004796/sub-56/func/sub-56_task-sternberg_dir-AP_bold.nii.gz,sub-56,sternberg,AP,0.800000011920929,515,24,122,15.63146956521739,0.1391378172329913,17.766990026513355,0.8966212855005794,0.4432287545401557,0.7592079483508147,0.8957810595982139,0.8556341545092535,7.184593259294639,21.175229284789904,23,103,6.048543689320389,1.1830389645738555,1.2233009708737863,0.6251594123752764,5.825242718446602,1.410236974009378,0.1359223300970873,0.2135922330097087,0.4545454545454545,1.681818181818182,2.495049504950495,1.036509900990099,0.0194174757281553,2.6893203883495147,167.00692643066392,398.34571675228335,0.9898172173173556,-0.9408014984475866,1.1223869730787888,-0.9508974423671344,-0.0873105403853193,-1.3141713989842767,-1.5617513005677242
ds004796/sub-57/func/sub-57_task-sternberg_dir-AP_bold.nii.gz,sub-57,sternberg,AP,0.800000011920929,515,24,155,15.640986956521738,0.1356056584453954,22.572815197619427,0.916110654351507,0.4013153302834067,0.539437026991437,0.5207797438518882,0.7733554339402865,11.30758179347111,14.909523503229032,23,132,6.015151515151516,1.2839873990775972,1.5378787878787878,0.991608324473394,5.477272727272728,1.7007672677641257,0.2954545454545454,0.1893939393939394,0.6,1.8,2.9453125,1.0146484375,0.0303030303030303,2.393939393939394,170.8770769624784,391.0421657886087,0.0902417551500069,3.074074595222387,-1.3348915941379162,2.04318608002375,0.762185001886334,-0.1616600179336682,-0.1382822968031921
ds004796/sub-59/func/sub-59_task-sternberg_dir-AP_bold.nii.gz,sub-59,sternberg,AP,0.800000011920929,515,24,129,15.61488695652174,0.1500455380597737,18.786407487051004,0.84281080488592,0.538733242045065,0.6996277494444917,0.8523056970490733,0.7125893997250679,7.375466117802567,22.64340998568524,23,109,5.963302752293578,1.0534476511856918,1.3394495412844036,0.8522321832632245,5.623853211009174,1.406262388098113,0.1926605504587156,0.1926605504587156,0.5714285714285714,1.761904761904762,2.383177570093458,1.0367990654205608,0.018348623853211,2.559633027522936,195.6834002884082,399.0666652390398,-0.5355281964820894,0.1584005200346309,-0.6290737532766358,-0.3166925796792378,-1.144648243969337,-2.003907416248305,-1.426703491951163
ds004796/sub-62/func/sub-62_task-sternberg_dir-AP_bold.nii.gz,sub-62,sternberg,AP,0.800000011920929,515,24,111,15.646065217391303,0.149619216178978,16.165048302811332,0.8696956841894978,0.4940682171674715,0.5341483125557914,0.8227222737170664,0.9262870826052144,7.253320199291898,21.982805276698805,23,94,6.0638297872340425,1.3182630363784291,1.3829787234042554,0.7774563290812291,5.680851063829787,1.654012819686422,0.2446808510638297,0.2446808510638297,0.4782608695652174,1.826086956521739,3.32967032967033,1.6188186813186811,0.0319148936170212,2.542553191489361,144.49454124486394,398.68634624082233,0.8966289125193919,0.8906557800244083,0.2218342858480728,1.220379281651333,1.707742700241902,1.792763506023244,1.7820094756810718
ds004796/sub-63/func/sub-63_task-sternberg_dir-AP_bold.nii.gz,sub-63,sternberg,AP,0.800000011920929,515,24,125,15.68377391304348,0.1383871151693357,18.203883223886635,0.928280706955574,0.3722418359039563,0.5725911957507476,0.65580520700306,0.8529649556441711,7.817155606291029,17.529430906181993,23,108,5.87037037037037,1.2611565126479165,1.3333333333333333,0.7104033341674725,5.537037037037037,1.608539861053106,0.2222222222222222,0.25,0.4444444444444444,1.7037037037037035,2.766355140186916,1.1355140186915889,0.0092592592592592,2.453703703703704,187.1319618220636,396.8977295835822,-0.4489483239469073,0.6226718162694093,-0.60860068842248,0.9510155962057024,1.222669033411291,-0.246770967177079,-0.6432627714794534
ds004796/sub-64/func/sub-64_task-sternberg_dir-AP_bold.nii.gz,sub-64,sternberg,AP,0.800000011920929,515,24,103,15.606178260869564,0.1468312743901935,14.999999776482586,0.8496413573811797,0.5278736893628889,0.7795107949589499,0.9212803749042472,0.847962081098942,6.558493939365378,23.8145985369217,23,86,5.895348837209302,1.127507086373368,1.3488372093023255,0.9301162718014172,5.546511627906977,1.538960510475944,0.1744186046511628,0.1976744186046511,0.4705882352941176,1.8235294117647056,2.216867469879518,1.1310240963855422,0.0348837209302325,2.5,198.77611564584055,399.3399035429125,-0.482107825467975,0.6701484374353649,-0.5924281092326971,-0.4084375620670132,-0.813120097961281,-1.587675127307257,-1.5251359558685411
ds004796/sub-65/func/sub-65_task-sternberg_dir-AP_bold.nii.gz,sub-65,sternberg,AP,0.800000011920929,515,24,88,15.616234782608696,0.1445142993609697,12.81553378961619,0.7998475459159878,0.6007867893192357,0.4265521593502426,0.8410648308450093,0.914863527210871,7.573039088262678,16.62437244160649,23,78,5.807692307692308,1.1628189249181715,1.3717948717948718,0.9412477813771388,5.435897435897436,1.5921050639950036,0.2051282051282051,0.2179487179487179,0.5294117647058824,1.7058823529411764,2.6,1.4875,0.0384615384615384,2.3846153846153846,188.99178793030933,383.8402625059976,-0.5057102989546615,2.5564787824125945,-1.600154453786621,2.0873346661707504,-0.5139057766269188,-0.207158358076138,-0.5667390229830962
ds004796/sub-66/func/sub-66_task-sternberg_dir-AP_bold.nii.gz,sub-66,sternberg,AP,0.800000011920929,515,24,146,15.60313043478261,0.1334880439521326,21.262135605499587,0.9095213860941826,0.4160612663140103,0.5538022333124708,0.6537455068303634,0.8274204262239014,10.83505016116603,14.586954695987629,23,124,6.016129032258065,1.118825392828604,1.4596774193548387,0.9318152015783348,5.556451612903226,1.6344981047863665,0.2419354838709677,0.2419354838709677,0.3333333333333333,1.5,3.1885245901639343,1.1700819672131149,0.0161290322580645,2.524193548387097,177.31214852163902,397.8535714938265,0.410202354495218,1.71861975980096,-0.8648378833420354,1.083108710985656,2.2524426863537985,0.6907967083028245,0.6932740665112215
ds004796/sub-67/func/sub-67_task-sternberg_dir-AP_bold.nii.gz,sub-67,sternberg,AP,0.800000011920929,515,24,154,15.650417391304348,0.134032045322745,22.427184131828334,0.8983653783546608,0.4396760341571074,0.5314559726647659,0.4767415277420203,0.8192051175777206,9.638063669099768,17.197927228485646,23,131,6.00763358778626,1.2120940761033037,1.3358778625954195,0.7806376784191909,5.67175572519084,1.600205506473384,0.1984732824427481,0.2366412213740458,0.5483870967741935,1.7419354838709675,2.713178294573644,0.9622093023255814,0.015267175572519,2.6106870229007635,171.60592174130008,395.5630108521359,1.2084874088203497,0.1163756864795999,0.585062648021936,-0.0571416948623574,0.1106203511508723,-1.1433987725992991,-0.9725234973392513
ds004796/sub-68/func/sub-68_task-sternberg_dir-AP_bold.nii.gz,sub-68,sternberg,AP,0.800000011920929,515,24,93,15.6757,0.148588112620716,13.543689118571656,0.8752255413673289,0.4841853625379066,0.7621914265530608,0.9341048556177386,0.7922537200422973,7.51587092375078,20.24153413759989,23,79,5.89873417721519,1.2257382569644193,1.1898734177215189,0.5082889690709362,5.708860759493671,1.451364510349478,0.1518987341772152,0.2151898734177215,0.4117647058823529,1.5294117647058822,2.6973684210526314,1.5699013157894737,0.0379746835443038,2.6455696202531644,183.4966724727389,394.28150622345856,-0.5750323482686515,-1.2496017201964265,0.2404442321586955,-0.720004909373021,-0.180704295039497,0.1624330484181988,0.2951845362650287
ds004796/sub-70/func/sub-70_task-sternberg_dir-AP_bold.nii.gz,sub-70,sternberg,AP,0.800000011920929,515,24,102,15.60472608695652,0.1324593972299622,14.854368710691492,0.8691403269978794,0.4950464190066331,0.7561728656007513,0.9149230408615964,0.79026790257738,6.626031662593123,19.89854599816405,23,88,6.034090909090909,1.3082309159974694,1.1022727272727273,0.3403775026424634,5.931818181818182,1.3961807884899362,0.0909090909090909,0.2159090909090909,0.4736842105263157,1.8421052631578947,2.511627906976744,1.256540697674419,0.0227272727272727,2.772727272727273,196.1964791187388,397.3738277594517,0.8392893122307222,-2.796764921905852,2.0310272905439386,-2.2690107211738177,0.399873953971876,-0.482446123451084,-0.839278404673289
ds004796/sub-72/func/sub-72_task-sternberg_dir-AP_bold.nii.gz,sub-72,sternberg,AP,0.800000011920929,515,24,110,15.662647826086957,0.1414608490916981,16.01941723702024,0.8601205203057011,0.5105868201041754,0.7598281234360178,0.9076740634502865,0.8149380493860305,7.651371322714581,22.57923917097328,23,94,6.0638297872340425,1.3504958120845911,1.3297872340425532,0.678206012288372,5.73404255319149,1.640715369252369,0.2234042553191489,0.2446808510638297,0.5217391304347826,1.7826086956521738,2.763440860215054,1.3293010752688172,0.0106382978723404,2.5319148936170213,160.5258183377975,399.84899015818206,1.1204953396479218,0.3821060685741752,0.6169669712003478,0.8840432597483784,0.5183602192481733,0.1293712625861452,0.0846627013652643
ds004796/sub-73/func/sub-73_task-sternberg_dir-AP_bold.nii.gz,sub-73,sternberg,AP,0.800000011920929,515,24,106,15.64824347826087,0.1346418734664239,15.436892973855866,0.9030334535536462,0.429987895051139,0.7338453706503698,0.9041651908523402,0.7915381034532838,7.765502429101733,17.631636712043758,23,90,5.822222222222222,1.2945675411510007,1.4333333333333331,0.8353159934951346,5.388888888888889,1.6806529258530822,0.2444444444444444,0.2,0.5555555555555556,1.9444444444444444,3.160919540229885,1.6012931034482758,0.0333333333333333,2.344444444444445,195.92410116553307,394.67921021501695,-0.5942850104574348,3.1614077628810358,-1.867603117356704,2.805264519071628,-1.074723239845256,1.8131353070958431,1.8498416553745636
ds004796/sub-74/func/sub-74_task-sternberg_dir-AP_bold.nii.gz,sub-74,sternberg,AP,0.800000011920929,515,24,111,15.64969130434783,0.1437875667454454,16.165048302811332,0.8759565682024927,0.4828589998302809,0.6251113326065489,0.809372370402663,0.941162654242003,8.965675515730306,17.628824789589203,23,99,5.929292929292929,1.1888300306975217,1.2121212121212122,0.5937210104240238,5.717171717171717,1.4072726846591734,0.1313131313131313,0.2323232323232323,0.4782608695652174,1.6521739130434785,2.653061224489796,1.2213010204081634,0.0101010101010101,2.606060606060606,178.54279544629767,393.7146667545335,0.1674652758699308,-0.870948900000767,0.4881787992670552,-0.8798208374411641,-0.0775647368767693,-0.5279563894561689,-0.8313123978873979
ds004796/sub-75/func/sub-75_task-sternberg_dir-AP_bold.nii.gz,sub-75,sternberg,AP,0.800000011920929,515,24,124,15.647373913043475,0.1416133792521646,18.05825215809554,0.890868942444927,0.4547020896522101,0.6617488466200575,0.754465472645432,0.8646718301029807,9.295656761329276,18.20922609167704,23,109,5.972477064220183,1.2357237764904805,1.238532110091743,0.5757295302613467,5.73394495412844,1.4442876100851934,0.1651376146788991,0.1926605504587156,0.5238095238095238,1.6666666666666667,2.682242990654206,1.1045560747663552,0.018348623853211,2.63302752293578,176.85911911905393,399.7769376918817,0.3676660538823463,-1.2782763268446604,0.880934906638557,-0.828566410197514,-0.7283633741059995,-0.5753712775043501,-0.9884077646749816
ds004796/sub-76/func/sub-76_task-sternberg_dir-AP_bold.nii.gz,sub-76,sternberg,AP,0.800000011920929,515,24,154,15.671447826086956,0.1421382617149293,22.427184131828334,0.90185084186702,0.4324675934379228,0.6568205724896954,0.4753085428331834,0.6650894516109273,11.211120159988196,15.689818873208637,23,136,6.0,1.1737877907772674,1.4264705882352942,0.7758613177067958,5.573529411764706,1.5037353635440591,0.2720588235294117,0.1838235294117647,0.64,1.76,3.1417910447761197,1.0592350746268655,0.0147058823529411,2.419117647058824,179.85251582586054,399.55047824415095,0.2184012409238944,0.958517882179879,-0.4214330433240905,1.333815308088982,-1.0755720175174293,1.0368105704700064,0.6766272041925558
ds004796/sub-78/func/sub-78_task-sternberg_dir-AP_bold.nii.gz,sub-78,sternberg,AP,0.800000011920929,515,24,92,15.650465217391304,0.1450498791044063,13.398058052780565,0.917494778439624,0.3981345495033183,0.6056889034620121,0.8835977229687327,0.8125040351400534,7.431341481476002,17.011080948079265,23,79,5.89873417721519,1.3358463821253754,1.2658227848101269,0.6141256189774638,5.632911392405063,1.6422093872387942,0.189873417721519,0.2658227848101265,0.4761904761904761,1.9047619047619049,2.3466666666666667,1.3458333333333334,0.050632911392405,2.5316455696202533,173.38334100293451,399.8226116240952,-0.0905956867248325,0.3646792448123457,-0.2454736227522831,1.2751076370695953,1.1873714702857665,-1.2001799565927755,-1.2998481524487553
ds004796/sub-79/func/sub-79_task-sternberg_dir-AP_bold.nii.gz,sub-79,sternberg,AP,0.800000011920929,515,24,98,15.67347391304348,0.1442471164266424,14.27184444752712,0.7512403753744851,0.6606704490432473,0.5425523286959058,0.8229689323383133,0.748883327049672,9.383544833695275,15.885624427127006,23,83,5.867469879518072,1.3860901700277464,1.3012048192771084,0.5994904291234662,5.566265060240964,1.6244531619064122,0.2289156626506024,0.253012048192771,0.5238095238095238,1.8571428571428568,2.765432098765432,1.469135802469136,0.0240963855421686,2.409638554216868,189.92693679030023,399.7463921800775,-0.1867193830841339,1.2077977729150795,-0.6037469984271974,2.2951314856032066,1.2457840159189713,0.5045000272547205,0.0759021467623217
ds004796/sub-80/func/sub-80_task-sternberg_dir-AP_bold.nii.gz,sub-80,sternberg,AP,0.800000011920929,515,24,105,15.64814347826087,0.1429168408232674,15.291261908064772,0.8727920724010981,0.4885667688557644,0.8048319063797514,0.8541631486984914,0.908778112750839,7.45536105548835,19.413178221202536,23,88,5.8977272727272725,1.3046316494922408,1.25,0.6989318615762461,5.6477272727272725,1.6191367980321802,0.125,0.1931818181818181,0.4705882352941176,1.7647058823529411,2.655172413793104,1.3189655172413792,0.0113636363636363,2.5681818181818183,173.04152205753516,388.6999996275388,0.2235444377545824,-0.3450304780042602,0.3670588538014624,-1.5417788169124065,-1.5995608565451958,-0.2966306764126604,-0.536711263571759
ds004796/sub-01/func/sub-01_task-sternberg_dir-PA_bold.nii.gz,sub-01,sternberg,PA,0.800000011920929,515,24,111,15.699052173913042,0.1281925682345583,16.165048302811332,0.8489065583490829,0.52905685099197,0.539061458251804,0.8841996321691148,0.908256067024382,7.020813143512959,23.73067228822888,23,92,5.967391304347826,1.1901711665293528,1.2717391304347827,0.6969834669325072,5.695652173913044,1.5099605586493112,0.1630434782608695,0.2282608695652173,0.7142857142857143,1.8571428571428568,2.6483516483516483,1.2987637362637363,0.0108695652173913,2.5869565217391304,191.53693432285309,387.9128475657763,1.3054675586717128,0.1146998914822546,0.9693451363143916,-0.2105415277197419,0.01126080042872,-0.8690489703620821,-0.700043230386682
ds004796/sub-02/func/sub-02_task-sternberg_dir-PA_bold.nii.gz,sub-02,sternberg,PA,0.800000011920929,515,24,118,15.663521739130436,0.1396578427158882,17.18446576334898,0.920955575312146,0.3900464556020001,0.6936826388771037,0.9032200775225112,0.7211333087303885,8.509100795714543,15.116765943538596,23,101,5.98019801980198,1.326500644702459,1.2277227722772277,0.5980165234976687,5.752475247524752,1.558242218617243,0.1584158415841584,0.2277227722772277,0.391304347826087,1.6956521739130437,3.36,1.485625,0.0099009900990099,2.5346534653465347,183.6363001038472,393.9385647615376,0.6477388381677999,-1.81545408378687,1.0547416139102777,-1.2910446751468443,-0.4869406130698122,1.9901534084422468,1.5585159862048037
ds004796/sub-03/func/sub-03_task-sternberg_dir-PA_bold.nii.gz,sub-03,sternberg,PA,0.800000011920929,515,24,127,15.656843478260871,0.1440416178934848,18.49514535546882,0.8607783305551494,0.5094748994544274,0.8033127948331147,0.8900763901574583,0.8119095724275068,9.097997897587447,19.343529105753007,23,109,6.009174311926605,1.15866632179413,1.2293577981651376,0.6029714618106482,5.779816513761468,1.34960761214577,0.1559633027522936,0.2201834862385321,0.5833333333333334,1.8333333333333333,2.9158878504672896,1.223714953271028,0.018348623853211,2.688073394495413,174.26671018185806,399.8721587832363,0.5483101435161916,-1.6975826224939965,1.3527652497718714,-1.291345864422944,-0.0066721967714683,0.5039520154440233,0.4318455707063166
ds004796/sub-04/func/sub-04_task-sternberg_dir-PA_bold.nii.gz,sub-04,sternberg,PA,0.800000011920929,515,24,103,15.675082608695652,0.1336506303323446,14.999999776482586,0.8550156937524627,0.5191063545710042,0.7776503191946614,0.8188710062328288,0.862369046785143,8.456527487545753,23.83480393957245,23,88,5.761363636363637,1.2502350876113943,1.3863636363636365,0.9276322371490326,5.375,1.6351912960606914,0.2159090909090909,0.2045454545454545,0.8888888888888888,2.1666666666666665,3.0823529411764707,1.6051470588235297,0.034090909090909,2.272727272727273,161.21628850692687,376.4990789814392,-1.1336225834162743,1.9661631100854364,-1.74018444160649,1.816223287866053,-1.0524774977740563,1.4784212407138588,1.3518721013521835
ds004796/sub-05/func/sub-05_task-sternberg_dir-PA_bold.nii.gz,sub-05,sternberg,PA,0.800000011920929,515,24,103,15.65404347826087,0.1418240616171221,14.999999776482586,0.9247350408442389,0.380981550692145,0.6517088511366086,0.9164143001303716,0.7786879849164305,7.99097960531285,22.69985856044768,23,90,5.766666666666667,1.2090482839030825,1.2333333333333334,0.5618988673050087,5.533333333333333,1.4237156640758124,0.1666666666666666,0.2333333333333333,0.4761904761904761,1.7142857142857142,2.727272727272727,1.3316761363636365,0.0222222222222222,2.488888888888889,163.1299768041065,397.1359514551753,-1.171459001428422,-0.9194295743613038,-0.1066800528922467,-0.624600503942767,-0.0992534743963442,0.0636875406148715,-0.463784130033932
ds004796/sub-07/func/sub-07_task-sternberg_dir-PA_bold.nii.gz,sub-07,sternberg,PA,0.800000011920929,515,24,119,15.640117391304347,0.1313960367766423,17.330096829140075,0.9096348060925168,0.4158127545188598,0.7439942988977188,0.872875181445115,0.8860249151798405,8.994481117897275,19.689442767588936,23,105,6.142857142857143,1.3546825588176865,1.238095238095238,0.6433656922150993,5.904761904761905,1.5903785804971184,0.1523809523809524,0.2095238095238095,0.6363636363636364,2.0,2.5961538461538463,1.0955528846153846,0.0095238095238095,2.6952380952380954,167.53872363706137,398.61805366921374,2.8737296740898524,-1.1181529832394392,2.671377333716199,-0.9433279204602624,-0.7205587198475565,-0.4497508060335634,-0.92443281625956
ds004796/sub-08/func/sub-08_task-sternberg_dir-PA_bold.nii.gz,sub-08,sternberg,PA,0.800000011920929,515,24,123,15.629386956521738,0.1402835888917635,17.912621092304448,0.879478613055373,0.4764011573355936,0.7271924131991927,0.8799946921485324,0.9151275003783684,6.239114528856161,24.79083092359988,23,103,6.067961165048544,1.1653673654759156,1.2815533980582523,0.8214940445663302,5.786407766990291,1.4528571272138031,0.1650485436893204,0.2524271844660194,0.2692307692307692,1.3461538461538465,2.363636363636364,1.0025252525252526,0.0388349514563106,2.621359223300971,179.41933633575258,392.6870854317568,1.6147734556047857,-0.8855783686522569,1.7366689301290823,-2.0870865793036053,1.6229264048386598,-2.3354062609744504,-2.489546310603993
ds004796/sub-09/func/sub-09_task-sternberg_dir-PA_bold.nii.gz,sub-09,sternberg,PA,0.800000011920929,515,24,125,15.651139130434784,0.1278931842184164,18.203883223886635,0.8685928569661779,0.4960082299314176,0.777094451525715,0.8885469899291062,0.8224605452048941,6.751705183972295,26.56209313494451,23,106,6.132075471698113,1.179793942445344,1.2641509433962264,0.7078052838572516,5.867924528301887,1.4805113125642533,0.160377358490566,0.1981132075471698,0.6190476190476191,1.9047619047619049,2.7281553398058254,1.1674757281553398,0.0283018867924528,2.69811320754717,157.0217396253626,399.0713241747538,3.002065802462658,-0.9303867075392992,2.6288737921716363,-1.3189332474143856,-1.1379770986169817,-0.5488287549380688,-0.5667399854925431
ds004796/sub-10/func/sub-10_task-sternberg_dir-PA_bold.nii.gz,sub-10,sternberg,PA,0.800000011920929,515,24,135,15.659843478260868,0.1471967776517287,19.660193881797564,0.9000820926555438,0.4361439991478573,0.5421251986696708,0.743205728983722,0.8945969032720671,9.772940284767383,18.98223442187198,23,118,6.008474576271187,1.1802923200998008,1.2966101694915255,0.7078234609431291,5.711864406779661,1.5196811120468792,0.1864406779661017,0.1779661016949152,0.5238095238095238,1.8571428571428568,3.689655172413793,1.3733836206896552,0.0169491525423728,2.601694915254237,184.5013665089334,397.1651661134741,0.3335048638479517,-0.1738004016135349,0.3187533696516929,-0.2679829892266956,-1.704057256535338,3.283016755919471,2.2613622967938927
ds004796/sub-11/func/sub-11_task-sternberg_dir-PA_bold.nii.gz,sub-11,sternberg,PA,0.800000011920929,515,24,151,15.638817391304348,0.1551181849583603,21.990290934455054,0.9017647285469652,0.4326474738386741,0.6457802533581203,0.6999898017313405,0.8605512439045153,10.28698478563609,19.098817634504883,23,132,6.068181818181818,1.0926065327427292,1.4545454545454546,0.902613984797322,5.613636363636363,1.4337679354461073,0.2575757575757575,0.1969696969696969,0.4230769230769231,1.6153846153846154,2.372093023255814,0.7839147286821705,0.0227272727272727,2.477272727272727,184.96571834948531,396.3927266728575,1.3354249780907692,1.3782353693235676,0.0140257745800138,1.0143383684993286,0.6146918136919995,-2.3779933707866303,-2.8592023105510025
ds004796/sub-12/func/sub-12_task-sternberg_dir-PA_bold.nii.gz,sub-12,sternberg,PA,0.800000011920929,515,24,104,15.610530434782609,0.1445333890510242,15.14563084227368,0.8869629471446118,0.4622896315800016,0.7223237126836989,0.8876875102190632,0.8567947105190433,7.057723117134904,22.11984597300038,23,91,5.791208791208791,1.178666699816021,1.2967032967032968,0.752691548075682,5.494505494505495,1.5374844271921466,0.1868131868131868,0.2307692307692307,0.4285714285714285,1.619047619047619,2.7191011235955056,1.3700842696629214,0.0219780219780219,2.483516483516484,184.41247314134128,395.1238344048412,-0.8658068422092118,0.5545362098633788,-0.8412299126352379,0.7919787194183915,-0.3388430811503689,0.0445683515418834,-0.243532954339262
ds004796/sub-13/func/sub-13_task-sternberg_dir-PA_bold.nii.gz,sub-13,sternberg,PA,0.800000011920929,515,24,126,15.648965217391304,0.1420248010894457,18.349514289677728,0.8667984137826169,0.4991435505307244,0.7420642602799159,0.8605168763207335,0.8867345169300067,7.0366214655431545,22.438771973969644,23,104,5.875,1.2282081035521089,1.375,0.9262881348359504,5.5,1.5641617377201031,0.1923076923076923,0.2211538461538461,0.5217391304347826,1.7826086956521738,2.607843137254902,1.1225490196078431,0.0192307692307692,2.423076923076923,168.6112683665363,393.6208978395008,-0.853976225886818,1.4027241471808467,-1.2017773815434447,0.1333845778879684,0.1557978815837113,-0.5763758146058315,-0.4940510792897099
ds004796/sub-14/func/sub-14_task-sternberg_dir-PA_bold.nii.gz,sub-14,sternberg,PA,0.800000011920929,515,24,95,15.670721739130435,0.1430475242315614,13.83495125015384,0.891793198638903,0.4528831513016407,0.682876619975896,0.9205167666450272,0.7882287924149209,7.317951612335343,16.61826920788741,23,81,5.938271604938271,1.1106943662901338,1.3950617283950617,0.8012336167697753,5.54320987654321,1.5576374956649042,0.2469135802469135,0.1728395061728395,0.7142857142857143,2.0,2.871794871794872,1.6121794871794872,0.037037037037037,2.320987654320988,166.59808188601363,399.3643461146618,0.6811481242523554,2.2139426014123638,-0.43842448570077,2.1699964317495266,-2.4952858421917563,0.6322421236647653,0.60717309449431
ds004796/sub-15/func/sub-15_task-sternberg_dir-PA_bold.nii.gz,sub-15,sternberg,PA,0.800000011920929,515,24,118,15.63228695652174,0.1371807082934397,17.18446576334898,0.9181635208422824,0.3965868741418242,0.5036787587656307,0.8476612199357094,0.8087081640274233,8.367890071108777,13.3822340449794,23,104,5.721153846153846,1.2653464222633175,1.3269230769230769,0.7431539674038689,5.394230769230769,1.6453421707504758,0.2019230769230769,0.1634615384615384,0.5882352941176471,1.8823529411764703,2.9019607843137254,1.2653186274509804,0.0192307692307692,2.355769230769231,178.93394934158226,398.8422760155128,-2.1840375536053025,0.591819406251925,-1.9138629028622187,0.8467732313754703,-1.6575132080979067,0.4753633842644556,0.0892945435302666
ds004796/sub-16/func/sub-16_task-sternberg_dir-PA_bold.nii.gz,sub-16,sternberg,PA,0.800000011920929,515,24,145,15.635043478260872,0.1299683156897108,21.11650453970849,0.8947089030861736,0.4470839992282277,0.6633670305238824,0.7295865645427136,0.8697724735358968,10.239935471332291,19.18889570791525,23,121,6.082644628099174,1.262185781752592,1.3636363636363635,0.8465616732800196,5.7190082644628095,1.618760536623972,0.1983471074380165,0.2066115702479339,0.48,1.76,2.7983193277310923,1.0688025210084031,0.0165289256198347,2.5702479338842976,171.99068582436078,389.6727901346946,1.539573149234187,0.0689377102915267,0.9289043602378052,-0.487408956962386,-0.8125139943799446,-0.1021024113730025,0.1718356560162358
ds004796/sub-17/func/sub-17_task-sternberg_dir-PA_bold.nii.gz,sub-17,sternberg,PA,0.800000011920929,515,24,99,15.678604347826086,0.1362706514379508,14.417475513318214,0.884355746579122,0.4672674523162864,0.4974171388402816,0.8683534605253014,0.8819742694683743,9.1291872914238,13.345703342007225,23,86,5.906976744186046,1.1644529841921405,1.244186046511628,0.6496342230848137,5.662790697674419,1.4439363283687536,0.1627906976744186,0.2674418604651162,0.5652173913043478,1.6956521739130437,3.630952380952381,1.8504464285714288,0.0232558139534883,2.5232558139534884,177.85828740565387,397.4278318915463,0.2520665602139861,-0.3413557690463871,0.3484495576462968,-0.1214704823887967,1.4768553658672507,2.7940787317526645,2.435224994300722
ds004796/sub-18/func/sub-18_task-sternberg_dir-PA_bold.nii.gz,sub-18,sternberg,PA,0.800000011920929,515,24,101,15.611156521739131,0.1346922115452317,14.7087376449004,0.8837329409393001,0.4684465710948902,0.4393871620108833,0.9165656496837928,0.8162800134439079,8.11861369928435,14.019005203989888,23,86,5.906976744186046,1.3072459328162276,1.2325581395348837,0.6803877545782459,5.674418604651163,1.604712621991616,0.127906976744186,0.2674418604651162,0.5652173913043478,1.7391304347826086,2.7857142857142856,1.5014880952380951,0.0232558139534883,2.604651162790698,185.61729105615268,399.6932601065936,1.1631333559473165,0.093995830367481,0.8207928565704394,-0.4799942427191424,1.4775482378122242,-0.2429578899103167,-0.0612783859805442
ds004796/sub-19/func/sub-19_task-sternberg_dir-PA_bold.nii.gz,sub-19,sternberg,PA,0.800000011920929,515,24,112,15.661291304347824,0.1486652341937719,16.310679368602425,0.8801803318623559,0.4751009108909824,0.5816695071034377,0.8783134889546085,0.8802415190442063,8.00523049945097,17.989846841679014,23,95,5.91578947368421,1.234806883813639,1.3473684210526315,0.6960132832651422,5.568421052631579,1.6220071069114406,0.2421052631578947,0.2736842105263158,0.4615384615384615,1.6923076923076923,2.795698924731183,1.3151881720430108,0.0210526315789473,2.5052631578947366,185.296923591026,398.9514947633875,0.6138035167946124,1.6924315622187789,-0.4360909706143846,2.0564178348707705,2.24313922940988,-0.0481768996818199,-0.0638718779619002
ds004796/sub-20/func/sub-20_task-sternberg_dir-PA_bold.nii.gz,sub-20,sternberg,PA,0.800000011920929,515,24,112,15.643934782608696,0.1257767252478245,16.310679368602425,0.8899004491359236,0.4565983021154245,0.635802543363922,0.8850242852928037,0.923940596245464,7.663555711790842,19.35387578256749,23,95,5.926315789473684,1.2483359584557243,1.4105263157894736,0.7648492667812767,5.515789473684211,1.7434568125809218,0.2631578947368421,0.2210526315789473,0.6190476190476191,1.8571428571428568,3.118279569892473,1.448252688172043,0.0210526315789473,2.4105263157894736,162.7681742322189,397.8251995295786,0.5078750421719094,1.6550966200616897,-0.4326550207284254,2.080816715500638,0.1884191055719246,1.1193440634678216,0.7179936546969666
ds004796/sub-21/func/sub-21_task-sternberg_dir-PA_bold.nii.gz,sub-21,sternberg,PA,0.800000011920929,515,24,116,15.627213043478262,0.1472696801140691,16.893203631766795,0.9079819828361444,0.4194166089593625,0.4369974733790108,0.7714100017127141,0.9025371117694996,10.34655029504287,14.000678645662427,23,102,5.892156862745098,1.273545473927161,1.2843137254901962,0.6352274244708307,5.607843137254902,1.5616496909770368,0.196078431372549,0.2450980392156862,0.52,1.88,2.94,1.36375,0.0196078431372549,2.5294117647058822,169.35629315984798,397.38209815111696,0.0015627288771607,-0.1301637282416043,0.0547770666160107,0.6636861653384888,0.2974459102982671,0.8737534315177079,0.908460584454764
ds004796/sub-23/func/sub-23_task-sternberg_dir-PA_bold.nii.gz,sub-23,sternberg,PA,0.800000011920929,515,24,137,15.625039130434782,0.1357203808146639,19.95145601337975,0.888937902582915,0.4584730689412232,0.7065701077720642,0.8191873346074541,0.7782623998911076,8.79933354226414,19.893918579276324,23,112,6.0,1.2592003754707135,1.3482142857142858,0.8351492441320054,5.651785714285714,1.6696000569191265,0.1964285714285714,0.2678571428571428,0.5666666666666667,1.7,2.963636363636364,1.20625,0.0178571428571428,2.580357142857143,162.18442417944175,396.8316282141394,0.2769449607234947,-0.004877995658973,0.162318267661009,-0.3252872433670157,2.455007647598196,0.2928831966131102,0.6699833794649955
ds004796/sub-24/func/sub-24_task-sternberg_dir-PA_bold.nii.gz,sub-24,sternberg,PA,0.800000011920929,515,24,114,15.630886956521737,0.1354233357780127,16.60194150018461,0.8444521920436387,0.5361517194750068,0.8248806743857662,0.9010025011084284,0.8874320401932084,7.138876949212197,22.94239299468793,23,98,5.938775510204081,1.3379190375903336,1.3673469387755102,0.8779986039258189,5.571428571428571,1.6745517941646972,0.1938775510204081,0.2346938775510204,0.4347826086956521,1.7391304347826086,2.694736842105263,1.2203947368421053,0.0306122448979591,2.3877551020408165,188.75436877457528,398.6279325997657,0.5871014995247842,0.3735775884479876,0.1805322753006563,-0.3341804906176376,0.4045708895260276,-0.3227329078159457,-0.7540764743029279
ds004796/sub-25/func/sub-25_task-sternberg_dir-PA_bold.nii.gz,sub-25,sternberg,PA,0.800000011920929,515,24,122,15.6802,0.1294357865295278,17.766990026513355,0.8933732022110513,0.4497522551294421,0.695154168230983,0.7991953566757358,0.9268873682983458,6.732389143153943,25.22583487582203,23,106,5.89622641509434,1.19466468922311,1.2264150943396226,0.6367030984528933,5.669811320754717,1.4123381364532164,0.1509433962264151,0.2075471698113207,0.6363636363636364,1.8636363636363635,2.5145631067961167,1.0588592233009708,0.0283018867924528,2.669811320754717,176.3145510707665,398.7998432348861,-0.4465316688289535,-1.2704669232091783,0.3833692205544329,-1.2771218510110838,0.2747009611826481,-1.3135799367810128,-1.6287012747002294
ds004796/sub-26/func/sub-26_task-sternberg_dir-PA_bold.nii.gz,sub-26,sternberg,PA,0.800000011920929,515,24,117,15.640891304347829,0.1397210396934539,17.03883469755789,0.9105113270969176,0.4138861520579473,0.6851728999491328,0.8915046626515307,0.7319130621283224,7.973425004941622,19.306277099670403,23,101,5.762376237623762,1.250188104658536,1.386138613861386,0.7611871915593819,5.376237623762377,1.666442229112758,0.2574257425742574,0.2178217821782178,0.5454545454545454,1.9545454545454544,2.73,1.24,0.0099009900990099,2.3267326732673266,192.91231433946035,397.44528322785465,-2.5588940253386823,1.5877601450492296,-2.671935189688709,2.7087887610943038,-0.518755506750103,-0.2154006540787029,-0.2684591544882177
ds004796/sub-27/func/sub-27_task-sternberg_dir-PA_bold.nii.gz,sub-27,sternberg,PA,0.800000011920929,515,24,108,15.642339130434785,0.1344351047668308,15.728155105438052,0.8608408120280389,0.5093691145957683,0.730856886547032,0.8584428745433389,0.9084383964245052,6.1417548963418565,23.814663698349214,23,95,5.863157894736842,1.309624977307248,1.3473684210526315,0.7546793182937018,5.515789473684211,1.6036073556054322,0.2105263157894736,0.2,0.4736842105263157,1.894736842105263,2.627659574468085,1.225398936170213,0.0105263157894736,2.389473684210526,167.4582258505758,389.70692459393183,-0.498704149336223,0.7878308838767683,-0.6863134166461793,0.4219021267548643,-0.9642644440299578,-0.6288729120662804,-1.0262737807147198
ds004796/sub-29/func/sub-29_task-sternberg_dir-PA_bold.nii.gz,sub-29,sternberg,PA,0.800000011920929,515,24,129,15.61405652173913,0.1423113625389333,18.786407487051004,0.8906184414174249,0.455193500205524,0.6581768088966479,0.914172002690984,0.7612619361992663,7.466411347819941,18.228008589176763,23,113,5.964601769911504,1.2672326679184436,1.4336283185840708,0.8331963646392371,5.530973451327434,1.7116762693554497,0.2566371681415929,0.1858407079646017,0.6190476190476191,1.8571428571428568,3.109090909090909,1.2551136363636364,0.0265486725663716,2.4690265486725664,184.86286381957717,397.1932796703592,0.331914010936926,1.9262072084138395,-0.5365195965311691,1.388755145196367,-0.4912724477488905,0.518498578879128,0.3782182116831169
ds004796/sub-31/func/sub-31_task-sternberg_dir-PA_bold.nii.gz,sub-31,sternberg,PA,0.800000011920929,515,24,121,15.64161304347826,0.1390567044773366,17.62135896072226,0.91973434292409,0.3929230468973385,0.5619056612141391,0.8788570957750057,0.84185075290157,6.936492903467078,20.793041755099395,23,104,5.875,1.2360876268935077,1.2596153846153846,0.6535220828485633,5.615384615384615,1.54107321265127,0.173076923076923,0.2692307692307692,0.5357142857142857,1.6785714285714286,3.1584158415841586,1.3719059405940597,0.0288461538461538,2.576923076923077,160.01258232150636,382.1940015364155,-0.523652980490117,-0.6055690525916,-0.0345908380788824,-0.3894533307861705,2.4449084270461388,0.996440268821488,0.6948425644386796
ds004796/sub-32/func/sub-32_task-sternberg_dir-PA_bold.nii.gz,sub-32,sternberg,PA,0.800000011920929,515,24,135,15.65984347826087,0.1394289514856835,19.660193881797564,0.869707549974681,0.4940472886466429,0.6755621623794282,0.819767368372594,0.9031914550082472,8.481901020970447,19.39790290292786,23,117,6.042735042735043,1.169977618362128,1.3162393162393162,0.6109570311880773,5.726495726495727,1.4658405357591535,0.2393162393162393,0.2136752136752136,0.52,1.76,3.208695652173913,1.203804347826087,0.017094017094017,2.5982905982905984,159.56893040407928,395.5023441850844,1.815189493671976,-0.412879007800458,1.4252719292592213,0.4700872004752622,-0.6351416658968905,1.050713651197631,0.2690638096934974
ds004796/sub-33/func/sub-33_task-sternberg_dir-PA_bold.nii.gz,sub-33,sternberg,PA,0.800000011920929,515,24,137,15.593895652173911,0.1433678815385627,19.95145601337975,0.9106140035685144,0.4136597596803044,0.554613097415461,0.8372400900014079,0.8733179385264417,8.236717227771528,20.20224040681193,23,116,5.939655172413793,1.1593760923609866,1.25,0.5086213249303583,5.689655172413793,1.385727202612394,0.2155172413793103,0.2327586206896551,0.5555555555555556,1.7407407407407407,3.0789473684210527,1.186951754385965,0.0172413793103448,2.6379310344827585,179.27660966527716,397.092326911029,-0.0066162628013726,-1.283301296073874,0.5263196135775472,0.644001064922443,0.2852020687240744,0.2833136960443618,0.0903007068478106
ds004796/sub-34/func/sub-34_task-sternberg_dir-PA_bold.nii.gz,sub-34,sternberg,PA,0.800000011920929,515,24,133,15.664921739130437,0.1326553352130332,19.368931750215378,0.8783734684428565,0.4784396759630386,0.6024818746662555,0.7676786487924201,0.9247291655103552,7.753962945047274,22.200942524996996,23,111,5.882882882882883,1.1734853970407886,1.3693693693693694,0.8412969201063959,5.513513513513513,1.4762659582071176,0.2342342342342342,0.2612612612612612,0.4482758620689655,1.5862068965517242,2.559633027522936,1.0447247706422018,0.018018018018018,2.4234234234234235,178.695797007177,393.0846252860279,-1.918173573378429,0.3772264062369938,-1.042734376508856,0.7334483733027986,1.225049717654458,-1.1475104605797513,-1.0121616172093677
ds004796/sub-35/func/sub-35_task-sternberg_dir-PA_bold.nii.gz,sub-35,sternberg,PA,0.800000011920929,515,24,133,15.645969565217392,0.1287807119357869,19.368931750215378,0.8943419438020682,0.4478190354420718,0.7157253921836977,0.9278661345159306,0.6436448532459482,9.871171412424388,17.28296620718664,23,112,6.0,1.1468719698882328,1.2321428571428572,0.6148630970034128,5.767857142857143,1.3621799093857263,0.1696428571428571,0.1875,0.5714285714285714,1.9523809523809523,2.881818181818182,1.1852272727272728,0.0178571428571428,2.633928571428572,174.22558205932813,397.88132561918144,0.717326374318081,-1.5764266055260088,1.3827472591883183,-0.734288905160015,-1.8859096543308835,0.0565531768966996,0.208635377917411
ds004796/sub-36/func/sub-36_task-sternberg_dir-PA_bold.nii.gz,sub-36,sternberg,PA,0.800000011920929,515,24,112,15.632282608695652,0.1290511722150371,16.310679368602425,0.8886040871817367,0.459120986478529,0.7325290153357428,0.825839608823463,0.9302647132360068,7.753538804349448,22.426691306582622,23,93,5.774193548387097,1.1046249831667692,1.3225806451612905,0.7095817862378155,5.451612903225806,1.387178313921576,0.1935483870967742,0.2473118279569892,0.6086956521739131,1.826086956521739,2.5444444444444443,1.2756944444444445,0.032258064516129,2.333333333333333,172.48138450598486,390.38815282503606,-1.4867351702000504,1.1310238414764902,-1.5591612318224164,0.806519250684644,0.8492281036908809,-0.860009481849204,-0.3843304001771405
ds004796/sub-37/func/sub-37_task-sternberg_dir-PA_bold.nii.gz,sub-37,sternberg,PA,0.800000011920929,515,24,135,15.690300000000002,0.1488797293425596,19.660193881797564,0.9151544305719814,0.4034953529889564,0.5977739178852324,0.7940272751931464,0.935015401067091,9.433548930079713,21.93512932941496,23,115,5.947826086956522,1.2831121586183347,1.4260869565217391,0.8590168754874581,5.521739130434782,1.64555662254958,0.2608695652173913,0.2347826086956521,0.4814814814814814,1.7407407407407407,2.699115044247788,1.0492256637168142,0.017391304347826,2.4695652173913043,175.37270369660257,399.99166824638337,0.0759450829775478,1.3817233462054457,-0.6349868854846817,2.143125223694472,0.761166779138341,-0.5193089227497121,-0.8101640910245237
ds004796/sub-38/func/sub-38_task-sternberg_dir-PA_bold.nii.gz,sub-38,sternberg,PA,0.800000011920929,515,24,141,15.651143478260872,0.1480628322504697,20.533980276544124,0.793712393716519,0.608884651588138,0.7559835676799581,0.7480449034968581,0.8529682083551984,8.218157934333753,24.079067634810865,23,120,6.141666666666667,1.2521969489180014,1.3166666666666669,0.6857901451969834,5.825,1.521070498755687,0.2083333333333333,0.2416666666666666,0.5172413793103449,1.6551724137931034,2.601694915254237,0.965572033898305,0.0166666666666666,2.7,160.18478941089597,399.0543702608356,2.0145170285405576,-0.6812079991927876,1.698917310379762,-0.3643591915820936,1.2211647678550508,-0.896185889806894,-1.0220536915989025
ds004796/sub-39/func/sub-39_task-sternberg_dir-PA_bold.nii.gz,sub-39,sternberg,PA,0.800000011920929,515,24,110,15.645339130434785,0.1456655693272271,16.01941723702024,0.904666668209697,0.4265342701332588,0.4799491638209499,0.7839441783898565,0.8863613254426754,8.021197140164599,18.27159760563103,23,100,5.99,1.3218826488662818,1.27,0.6005889365506749,5.72,1.6272924777312796,0.19,0.25,0.56,1.92,3.061224489795918,1.3673469387755102,0.02,2.55,172.23658680420905,391.4901396110033,1.1938740428543475,-0.1003824508150612,1.0056773475306413,0.4303481432474793,1.1449644743218412,0.7772821937080918,0.049347536735318
ds004796/sub-40/func/sub-40_task-sternberg_dir-PA_bold.nii.gz,sub-40,sternberg,PA,0.800000011920929,515,24,102,15.627839130434785,0.1278848173092022,14.854368710691492,0.8980729722259279,0.4402741496033546,0.7605013682691464,0.9188321903937016,0.8350924998658816,9.363955036734987,19.28198167229238,23,89,5.764044943820225,1.2704908849992549,1.3707865168539326,0.7289784644516741,5.393258426966292,1.6139869995539975,0.2359550561797752,0.1910112359550561,0.5294117647058824,1.9411764705882355,2.839080459770115,1.4525862068965518,0.0224719101123595,2.292134831460674,155.28193131561915,395.6504430573861,-1.1430008972711705,1.337663309120819,-1.3723588418570027,1.4507901481026046,-0.7253129027071319,0.0755416152809513,-0.1039544973422748
ds004796/sub-41/func/sub-41_task-sternberg_dir-PA_bold.nii.gz,sub-41,sternberg,PA,0.800000011920929,515,24,126,15.628560869565218,0.1288963474191174,18.349514289677728,0.7618904218801571,0.6483356972876264,0.8181926162093467,0.8824757293727935,0.8817366452844863,6.2977468701388375,24.42873131181593,23,108,5.953703703703703,1.1388160704122263,1.3148148148148149,0.6361118479819063,5.638888888888889,1.4238183054653402,0.2222222222222222,0.1666666666666666,0.7777777777777778,2.055555555555556,3.1809523809523808,1.2815476190476192,0.0277777777777777,2.453703703703704,190.8110347542085,395.3540993975793,0.0929294598042147,-0.2698767101974509,0.1815278628915419,0.2842268816137069,-2.3123884936458223,1.618020696510408,0.990321322067782
ds004796/sub-42/func/sub-42_task-sternberg_dir-PA_bold.nii.gz,sub-42,sternberg,PA,0.800000011920929,515,24,137,15.647517391304348,0.13559045951453,19.95145601337975,0.8912240225603363,0.4540043753710135,0.5616683923873542,0.7962969364397227,0.8397820677308347,7.870862049572874,22.842431978684974,23,119,5.991596638655462,1.2655527252262502,1.3109243697478992,0.7892057706763673,5.680672268907563,1.604721704101462,0.2016806722689075,0.2016806722689075,0.375,1.6666666666666667,2.5811965811965814,1.0053418803418803,0.0168067226890756,2.554621848739496,176.73222723347575,397.39541542670406,0.7584282549586863,-0.345643603992416,0.7380512848798887,-0.2751861907181964,-1.3789054833978054,-1.341573462804905,-1.578850602273403
ds004796/sub-43/func/sub-43_task-sternberg_dir-PA_bold.nii.gz,sub-43,sternberg,PA,0.800000011920929,515,24,150,15.66772608695652,0.1442159833008005,21.84465986866396,0.8330886745270398,0.5536772694326294,0.4013666064045305,0.6578203945300165,0.9332182436731956,7.723103736548332,20.122200619018773,23,130,6.038461538461538,1.1838961178621576,1.3307692307692307,0.8295741088936482,5.707692307692308,1.5574086698926035,0.1846153846153846,0.2153846153846154,0.5,1.6071428571428572,2.25984251968504,0.8006889763779528,0.023076923076923,2.607692307692308,181.14965264500543,397.53259777986455,0.942935276945214,-0.3361464852062238,0.8214163317996055,-1.0418492585245474,-1.356670524985936,-2.106836507657627,-2.4136262008569416
ds004796/sub-44/func/sub-44_task-sternberg_dir-PA_bold.nii.gz,sub-44,sternberg,PA,0.800000011920929,515,24,112,15.648965217391307,0.1282751434575013,16.310679368602425,0.885268773236004,0.4655319679557931,0.7480491011767006,0.8943155080773454,0.830814950329306,7.473317536129815,23.96233244082373,23,98,5.948979591836735,1.2215627052583842,1.2551020408163265,0.722413259371241,5.6938775510204085,1.4388437745398508,0.1632653061224489,0.2551020408163265,0.52,1.68,2.263157894736842,1.0473684210526315,0.0306122448979591,2.6020408163265305,197.6544246250123,398.9017899129588,0.2244873103478868,-0.8378030234787186,0.6021770230722272,-1.084198371612192,1.131278282665998,-2.033430164006922,-2.108932465375595
ds004796/sub-45/func/sub-45_task-sternberg_dir-PA_bold.nii.gz,sub-45,sternberg,PA,0.800000011920929,515,24,121,15.624213043478264,0.1330651739772854,17.62135896072226,0.899811757910295,0.4367025395572834,0.6504779565932818,0.8740121042544889,0.8724999179324655,8.058231126515441,17.847423702404033,23,106,5.867924528301887,1.2426965434134274,1.349056603773585,0.7437671528898541,5.518867924528302,1.581025177206665,0.2169811320754717,0.2264150943396226,0.5833333333333334,1.8333333333333333,2.5825242718446604,1.0867718446601942,0.0283018867924528,2.3773584905660377,208.9396416570787,399.5678896385893,-0.946136327612759,0.0899927031054982,-0.8057604613506996,0.3745413974710571,0.5850270789774653,-1.0216283140622957,-1.6022530346724202
ds004796/sub-46/func/sub-46_task-sternberg_dir-PA_bold.nii.gz,sub-46,sternberg,PA,0.800000011920929,515,24,160,15.615652173913045,0.1398958900013975,23.30097052657489,0.8992839074835108,0.4377905993829105,0.6784087933334285,0.5504069650133983,0.8580656839143365,8.8169853924671,22.096860387875903,23,135,6.140740740740741,1.1405874564082603,1.2518518518518518,0.7503085784948503,5.888888888888889,1.3695334572573477,0.1555555555555555,0.2148148148148148,0.3103448275862069,1.4827586206896552,2.5413533834586466,0.8468045112781954,0.0148148148148148,2.7777777777777777,188.44999922488373,398.88472016824073,2.397893041053855,-2.6808232306570874,3.487359262165287,-3.6932519822231646,0.1269828210235594,-2.177350297931368,-2.446746958569904
ds004796/sub-47/func/sub-47_task-sternberg_dir-PA_bold.nii.gz,sub-47,sternberg,PA,0.800000011920929,515,24,143,15.616330434782608,0.1358782947057339,20.825242408126307,0.8374003104258543,0.5471215270919442,0.793572973349727,0.6150855335432781,0.9355078925747752,7.806404918147303,20.25671180345768,23,123,5.869918699186992,1.2278152634679418,1.3170731707317074,0.6691941957693144,5.5528455284552845,1.4777211744390684,0.2276422764227642,0.2439024390243902,0.5333333333333333,1.7,3.0416666666666665,1.125,0.024390243902439,2.4390243902439024,166.09349460466987,399.45464668111737,-1.6252197694449544,0.1671209841822484,-1.2617046785263726,1.3653080044452577,0.821765163200702,0.5781396637703755,0.4825706651618443
ds004796/sub-48/func/sub-48_task-sternberg_dir-PA_bold.nii.gz,sub-48,sternberg,PA,0.800000011920929,515,24,111,15.673621739130436,0.1325458242912707,16.165048302811332,0.8421940870281234,0.5396987128276989,0.6005549237271487,0.7812913266753635,0.8290646443631023,7.306156242479127,18.913390612673663,23,98,5.918367346938775,1.2736300049222495,1.2959183673469388,0.7351160042191724,5.622448979591836,1.6341415737129672,0.1836734693877551,0.2653061224489796,0.5,1.6923076923076923,2.5473684210526315,1.119078947368421,0.0306122448979591,2.459183673469388,165.8799160636521,398.8302931601879,0.41307536678393,-0.0590643339040455,0.3299487433082911,-0.159479330929699,1.8238646292555252,-0.4030093961265559,-1.718003021093076
ds004796/sub-49/func/sub-49_task-sternberg_dir-PA_bold.nii.gz,sub-49,sternberg,PA,0.800000011920929,515,24,146,15.67652608695652,0.1422951678361142,21.262135605499587,0.911091407581756,0.4126051564426319,0.7294636624231805,0.701583504544392,0.8774475386559658,9.322501969072384,17.423058825723118,23,125,5.928,1.232464093568443,1.344,0.7195876955680267,5.584,1.607362094621435,0.232,0.216,0.4074074074074074,1.5555555555555556,2.83739837398374,0.986280487804878,0.016,2.464,169.42505350181705,397.1372886569765,-0.5737644001787505,0.0863078669920949,-0.4869236571792105,0.4993560708819385,0.2427955891300288,0.1553500142428049,-0.3900162396686283
ds004796/sub-53/func/sub-53_task-sternberg_dir-PA_bold.nii.gz,sub-53,sternberg,PA,0.800000011920929,515,24,128,15.664195652173916,0.1527148448209111,18.64077642125991,0.8722947912326214,0.489455794296486,0.7956753874632321,0.8436917688175678,0.7808579442795733,7.137597583166034,21.334254812031663,23,110,6.0,1.2488526844760095,1.3,0.697965588910193,5.7,1.5886639704510122,0.2,0.1727272727272727,0.4736842105263157,1.7894736842105263,2.7981651376146788,1.110091743119266,0.009090909090909,2.663636363636364,154.44945283311313,396.4074872119948,0.7783004698665171,-0.3132292925428505,0.7117373140656299,-0.2790370817220353,-1.1854565300237214,0.08653862967602,-0.3646819346445728
ds004796/sub-54/func/sub-54_task-sternberg_dir-PA_bold.nii.gz,sub-54,sternberg,PA,0.800000011920929,515,24,109,15.61632608695652,0.1218630378658665,15.873786171229144,0.8619765410497998,0.5074410651244975,0.594106384338984,0.7727201919317261,0.8204170542712758,7.660342786136532,21.070166197475857,23,89,5.966292134831461,1.1525607674992002,1.2921348314606742,0.7261706409623774,5.674157303370786,1.483050303343481,0.1685393258426966,0.2022471910112359,0.6111111111111112,1.8333333333333333,2.4367816091954024,1.2377873563218391,0.0224719101123595,2.629213483146068,164.50658533571053,386.57221222593614,0.4163642121640005,-0.4327309663359379,0.5862584885273806,-1.1714420131115597,-1.1136667918235992,-0.9666857017070384,-0.642461611726747
ds004796/sub-55/func/sub-55_task-sternberg_dir-PA_bold.nii.gz,sub-55,sternberg,PA,0.800000011920929,515,24,79,15.618552173913043,0.1331981468736969,11.504854197496352,0.8255795502036223,0.5648343975022354,0.5180745129154287,0.8916693098879479,0.8590877234432978,7.301963202281596,19.59071916713865,23,68,5.647058823529412,1.2785802046691204,1.1764705882352942,0.5970368740478121,5.470588235294118,1.500950825363054,0.1176470588235294,0.2205882352941176,0.5333333333333333,1.8666666666666667,2.136363636363636,1.4043560606060606,0.0294117647058823,2.397058823529412,185.4166505004987,394.0744468607582,-2.1234439185683045,-0.1792362134993547,-1.5099295627611242,-0.22003057235002,-0.6262293666520035,-1.5089655976251144,-1.6204873994743392
ds004796/sub-56/func/sub-56_task-sternberg_dir-PA_bold.nii.gz,sub-56,sternberg,PA,0.800000011920929,515,24,103,15.64886956521739,0.1436012801509242,14.999999776482586,0.8639716373595382,0.5040300606880196,0.828984954279161,0.9051156167964576,0.8900702053206544,7.15988191672594,22.46834148476933,23,91,5.824175824175824,1.3382692520433217,1.2857142857142858,0.6546536707079772,5.538461538461538,1.5513985970206388,0.1978021978021978,0.2197802197802197,0.6,1.85,2.8,1.3722222222222222,0.0109890109890109,2.4615384615384617,173.75774210609563,397.9524076034904,-0.8290808901705942,0.2064415179241928,-0.8316806899396209,1.0449803364108956,0.1505107376584311,-0.1421094293641429,-0.6254598834823225
ds004796/sub-57/func/sub-57_task-sternberg_dir-PA_bold.nii.gz,sub-57,sternberg,PA,0.800000011920929,515,24,170,15.651143478260868,0.1350606743493451,24.757281184485823,0.9237305530332328,0.3834153302899988,0.5512365853577003,0.6054465579712002,0.7816807747899233,12.55658495584614,17.70724630251408,23,145,6.027586206896552,1.2469118942534196,1.3241379310344827,0.6859984473246282,5.703448275862069,1.5860684180765734,0.2137931034482758,0.1793103448275862,0.4230769230769231,1.6153846153846154,3.126760563380281,0.993838028169014,0.0206896551724137,2.5724137931034483,182.59283916221509,397.1844065467583,-0.6596020020641734,-1.158187944894859,0.3708423054114375,-0.6798070548562822,-0.8156926731655231,0.1811598524157074,0.3328201017592282
ds004796/sub-59/func/sub-59_task-sternberg_dir-PA_bold.nii.gz,sub-59,sternberg,PA,0.800000011920929,515,24,145,15.62431304347826,0.1274957617433298,21.11650453970849,0.8512562770179283,0.52526038739566,0.7358340385397523,0.7207535763647264,0.7941853745736699,6.995405726231832,26.86157267110922,23,121,6.024793388429752,1.1864710273001149,1.3305785123966942,0.7570604307898866,5.694214876033058,1.5429569836659498,0.2066115702479339,0.2396694214876033,0.4482758620689655,1.6206896551724137,3.016949152542373,1.1318855932203389,0.024793388429752,2.5867768595041323,169.6877802862559,396.0264454106691,0.9788167717967616,0.1034768212063783,0.5420872553625522,0.2682171038719233,0.8429980043536156,0.1540236896625853,0.2772982243980545
ds004796/sub-62/func/sub-62_task-sternberg_dir-PA_bold.nii.gz,sub-62,sternberg,PA,0.800000011920929,515,24,102,15.655495652173917,0.1294361633512143,14.854368710691492,0.950466912471859,0.3111279640062391,0.3773321481204217,0.8615544037721499,0.934774932203146,7.108869345316855,18.928209382903063,23,86,5.895348837209302,1.354982698109132,1.3488372093023255,0.8645630227150812,5.546511627906977,1.766731623443404,0.1976744186046511,0.1976744186046511,0.7058823529411765,2.117647058823529,2.4285714285714284,1.3199404761904765,0.0232558139534883,2.5232558139534884,170.1366369042032,396.7101982331833,0.3966860622823921,1.2662525735972543,-0.1934461707112715,0.4703644674799272,-1.84581809200758,-0.7571535350706863,-0.5344162551271606
ds004796/sub-63/func/sub-63_task-sternberg_dir-PA_bold.nii.gz,sub-63,sternberg,PA,0.800000011920929,515,24,128,15.689573913043478,0.1363976926415193,18.64077642125991,0.89986042886191,0.4366020456468615,0.6123205517692847,0.7691104022017328,0.77683867262722,7.727452739789917,19.308839151183317,23,111,5.756756756756757,1.145871769886191,1.4054054054054057,0.7553250760539932,5.351351351351352,1.4872100093105922,0.2792792792792792,0.1891891891891892,0.3809523809523809,1.5714285714285714,3.1,1.24375,0.009009009009009,2.2612612612612613,183.0548447800047,399.8280003864355,-1.8222273991443367,1.4206350072578229,-2.079393453903646,2.308394499539228,-0.4298348452508474,1.107089447769009,0.6333192836203049
ds004796/sub-64/func/sub-64_task-sternberg_dir-PA_bold.nii.gz,sub-64,sternberg,PA,0.800000011920929,515,24,92,15.668547826086956,0.1428545972734103,13.398058052780565,0.8219003025236379,0.5701852115970167,0.7096421015514914,0.9109774930127504,0.8325276674210619,6.682376398461051,23.253055377176203,23,76,5.921052631578948,1.2084497826525449,1.263157894736842,0.8849620866098399,5.657894736842105,1.4837127446955258,0.131578947368421,0.2105263157894736,0.6875,2.3125,2.138888888888889,1.2300347222222223,0.0526315789473684,2.6578947368421053,166.4374584189542,398.7319761505288,0.4065845464676591,0.1427894019911942,0.2257268739609966,-0.8109138518332806,-0.29821174335812,-1.5432794009696449,-1.4031453103574625
ds004796/sub-65/func/sub-65_task-sternberg_dir-PA_bold.nii.gz,sub-65,sternberg,PA,0.800000011920929,515,24,116,15.666995652173917,0.1285378485804601,16.893203631766795,0.8462768252010281,0.5332613844673658,0.7978502921934377,0.8544578127442238,0.9011589764404296,6.850258623226738,17.30133653150792,23,102,6.068627450980392,1.2207756333420794,1.3725490196078431,0.8550556536510434,5.696078431372549,1.5719648780892117,0.2156862745098039,0.2156862745098039,0.5454545454545454,1.7727272727272727,2.202020202020202,0.9324494949494948,0.0294117647058823,2.588235294117647,191.6992762120613,394.774290022994,1.7214089332070452,0.915704196088046,1.2681300879453832,0.7630043073513453,-0.2598170580098106,-2.264131563032549,-2.689897896102487
ds004796/sub-66/func/sub-66_task-sternberg_dir-PA_bold.nii.gz,sub-66,sternberg,PA,0.800000011920929,515,24,127,15.658247826086956,0.1385540723058078,18.49514535546882,0.8912122366972399,0.4540275563520531,0.6073232943035107,0.78154540963971,0.81143266867077,10.28750687719532,17.08886781278165,23,107,5.878504672897196,1.2642417398839316,1.485981308411215,0.9552682719244064,5.392523364485982,1.7844031259663231,0.2616822429906542,0.1962616822429906,0.6190476190476191,1.9523809523809523,2.9423076923076925,1.2890625,0.02803738317757,2.299065420560748,182.32229932808397,399.0159712152772,-0.9599819037109788,1.936658718119664,-2.0991791727726614,1.3515742743893917,-0.8260395886932481,0.0808334614955647,0.60511924022206
ds004796/sub-67/func/sub-67_task-sternberg_dir-PA_bold.nii.gz,sub-67,sternberg,PA,0.800000011920929,515,24,153,15.642434782608696,0.1331363243967595,22.28155306603724,0.8821634995815357,0.4714011585829643,0.5946079194707783,0.6498008339460785,0.9315600510316292,10.210654264253986,18.547021967582268,23,130,5.923076923076923,1.104012306240988,1.3153846153846154,0.7779381951160346,5.607692307692307,1.449384546456275,0.1769230769230769,0.2230769230769231,0.4137931034482758,1.5172413793103448,3.21875,1.12646484375,0.0153846153846153,2.5307692307692307,172.70539845858096,394.63123574711847,-0.2511270472066889,-0.7113519399587594,0.1142407261828093,-1.073534020115755,-0.3707545139591385,0.9293650000760424,0.9365345631541876
ds004796/sub-68/func/sub-68_task-sternberg_dir-PA_bold.nii.gz,sub-68,sternberg,PA,0.800000011920929,515,24,110,15.669900000000002,0.1250486934189002,16.01941723702024,0.9028021382235648,0.4304742964891744,0.7071187138882092,0.9398045356293124,0.8537339279547321,7.366362203568806,20.060803745659157,23,93,5.860215053763441,1.2734017932931558,1.3440860215053765,0.7731165564849672,5.516129032258065,1.619265152883745,0.2043010752688172,0.2258064516129032,0.6190476190476191,1.809523809523809,2.4945054945054945,1.2266483516483515,0.021505376344086,2.4301075268817205,157.82658820716503,398.76197751181553,-0.7732869605357254,0.2357817658404561,-0.7007856201992864,-0.0178498932892579,0.3757757951578989,-1.0802324938047496,-1.077655222057899
ds004796/sub-70/func/sub-70_task-sternberg_dir-PA_bold.nii.gz,sub-70,sternberg,PA,0.800000011920929,515,24,106,15.640265217391304,0.1487204033103297,15.436892973855866,0.8540137075834053,0.5207563376466604,0.7553402181965043,0.8911539180434522,0.8787604681507063,6.182167882623096,23.64532950596646,23,92,5.728260869565218,1.1869552966536612,1.3804347826086956,0.7822535957141038,5.3478260869565215,1.5649652076931342,0.2282608695652173,0.217391304347826,0.45,1.7,2.8777777777777778,1.4104166666666669,0.0217391304347826,2.3260869565217392,193.379941632396,398.8994429706595,-2.3507689285251483,1.5600836664500153,-2.30462599179567,1.5094820082938356,-0.0079733163877614,0.402785729184707,0.075375213467976
ds004796/sub-72/func/sub-72_task-sternberg_dir-PA_bold.nii.gz,sub-72,sternberg,PA,0.800000011920929,515,24,120,15.63581304347826,0.1330211645029843,17.47572789493117,0.8460600406588338,0.533605931830106,0.6850308507182861,0.9027127347519436,0.7717857813543474,7.373520536511034,22.94976874088634,23,103,5.834951456310679,1.1470087899781214,1.3300970873786409,0.7969100807218711,5.504854368932039,1.4408180302282192,0.203883495145631,0.2233009708737864,0.4782608695652174,1.6521739130434785,2.4653465346534653,1.063118811881188,0.0194174757281553,2.4854368932038837,177.4523890306224,394.9023775594791,-1.1022387930066997,-0.0272176950945337,-0.6025869177915688,-0.173572168516001,-0.0229321507691911,-1.7156343353011234,-1.8743662111661663
ds004796/sub-73/func/sub-73_task-sternberg_dir-PA_bold.nii.gz,sub-73,sternberg,PA,0.800000011920929,515,24,99,15.650417391304346,0.1324028867783951,14.417475513318214,0.901500404898678,0.433199042489572,0.6934953841448,0.9341439539484352,0.772852945599148,7.697600425030922,19.208317391991,23,76,5.828947368421052,1.3103501607813268,1.2763157894736843,0.6449534186906073,5.552631578947368,1.5611511721983045,0.1973684210526315,0.2631578947368421,0.6,1.9,2.472972972972973,1.485641891891892,0.0263157894736842,2.421052631578948,160.40610914856958,395.1181253691613,-0.8984798469584858,-0.1604337920635069,-0.6933461529963525,0.3648640908267207,0.8774713899262743,-0.7636264298194654,0.4224915889280986
ds004796/sub-74/func/sub-74_task-sternberg_dir-PA_bold.nii.gz,sub-74,sternberg,PA,0.800000011920929,515,24,118,15.646065217391303,0.14237820448932,17.18446576334898,0.8814209221699192,0.4727908609518561,0.738632932709577,0.8069149213458956,0.935843558752708,8.255956590587001,18.9139282743687,23,101,6.01980198019802,1.3414931831343908,1.2475247524752475,0.6229918232859786,5.772277227722772,1.5867021656178066,0.1584158415841584,0.297029702970297,0.6,1.8666666666666667,2.683673469387755,1.188137755102041,0.0297029702970297,2.643564356435644,165.4849727622983,398.91552653314704,0.6639653284663918,-0.7396393418746467,0.8021786045108205,-0.6482868949965411,3.9253329540037702,-0.4230495054042623,-0.5563542910662582
ds004796/sub-75/func/sub-75_task-sternberg_dir-PA_bold.nii.gz,sub-75,sternberg,PA,0.800000011920929,515,24,146,15.658252173913043,0.1288684056278705,21.262135605499587,0.9121704378827848,0.410209498154438,0.6234160449766155,0.6798079571037148,0.9263860173721816,9.346663061249698,17.770068315969016,23,127,5.960629921259843,1.177848285721458,1.5669291338582678,1.0953766561085994,5.393700787401575,1.7189766257631345,0.2834645669291338,0.2204724409448819,0.5357142857142857,1.75,2.725806451612903,0.9682459677419356,0.0236220472440944,2.3307086614173227,180.03651427193202,398.8479395044839,0.3368827481461865,3.15895619504368,-1.763363330107581,2.4866371288896087,0.5268525079652165,-1.6866860694939498,-1.97117522916997
ds004796/sub-76/func/sub-76_task-sternberg_dir-PA_bold.nii.gz,sub-76,sternberg,PA,0.800000011920929,515,24,143,15.642439130434784,0.1368802658462032,20.825242408126307,0.929350439318937,0.3695577761907228,0.5521361048450008,0.5910612050245714,0.7074299037533517,10.67749792408958,16.81756918809368,23,123,6.097560975609756,1.289393262742441,1.2845528455284554,0.7522678848290116,5.813008130081301,1.585537057980179,0.1626016260162601,0.2032520325203252,0.44,1.72,2.900826446280992,1.0144628099173554,0.016260162601626,2.6341463414634148,179.38789408347623,389.5244752594106,1.17402672396314,-1.0606397329505493,1.4190304137586591,-1.5308212800688812,-0.9918807096170518,-0.168446664407541,-0.7067117624208842
ds004796/sub-78/func/sub-78_task-sternberg_dir-PA_bold.nii.gz,sub-78,sternberg,PA,0.800000011920929,515,24,95,15.65844347826087,0.1363327677349271,13.83495125015384,0.9376373872790073,0.3479528979850428,0.4791570513574977,0.7570986678350521,0.8919561786178181,7.7340796590546415,16.49898477562946,23,78,5.846153846153846,1.2282066228821225,1.1923076923076923,0.485040962460631,5.653846153846154,1.4399397811806482,0.1538461538461538,0.2435897435897435,0.4736842105263157,1.947368421052632,2.7066666666666666,1.56,0.0384615384615384,2.4871794871794872,168.16748396236957,399.5467571126132,-0.4628373783509141,-1.3123931368128618,0.4676276537558538,-0.3747164136339433,0.3702311213261395,-0.1283213113943737,0.0328160138773256
ds004796/sub-79/func/sub-79_task-sternberg_dir-PA_bold.nii.gz,sub-79,sternberg,PA,0.800000011920929,515,24,122,15.640843478260871,0.1349902592412862,17.766990026513355,0.8877795974436099,0.4607163332629156,0.714852357119559,0.8189388707881523,0.8976553991990536,9.748725110276208,16.726507661659475,23,103,5.805825242718447,1.163650884468871,1.3592233009708738,0.8728404042071195,5.446601941747573,1.4998572176475753,0.1941747572815534,0.2427184466019417,0.48,1.72,2.44,1.0575,0.029126213592233,2.388349514563106,184.2552825239503,399.0650351335034,-1.32069182008296,0.5461946687320332,-1.174354660992095,-0.0737927647214619,1.543312851827233,-1.637351397455514,-1.9009577414275405
ds004796/sub-80/func/sub-80_task-sternberg_dir-PA_bold.nii.gz,sub-80,sternberg,PA,0.800000011920929,515,24,111,15.699630434782607,0.1353102985014699,16.165048302811332,0.879445069241969,0.4764631980601024,0.8504113493637536,0.8321729823074954,0.9471786942007834,7.325929836855753,21.105068549271348,23,98,6.030612244897959,1.2222514431834313,1.2959183673469388,0.7490087425125248,5.73469387755102,1.589599057327008,0.173469387755102,0.2346938775510204,0.4347826086956521,1.6521739130434785,2.7872340425531914,1.324468085106383,0.0408163265306122,2.591836734693877,179.0576827686265,394.0642441554559,1.461352242667293,-0.1509801472595118,1.0767190533563007,-0.4617143540759615,0.8903253892438197,0.1289761304249209,0.1572616721814649
