subject,task,key,tr,n_volumes,n_anchors,n_peaks,n_frames,n_events,mean_H,sd_H,mean_D,sd_D,mean_lambda,sd_lambda,multilevel,pivot_rate,compound_pivot_fraction,pivot_depth,tree_span_events,tree_span_time,tree_root_fraction,projection_depth_mean,projection_error_ms_mean,projection_error_ms_max,surz_mean_H,surrmean_mean_H,surz_mean_D,surrmean_mean_D,surz_mean_lambda,surrmean_mean_lambda,surz_multilevel,surrmean_multilevel,surz_pivot_rate,surrmean_pivot_rate,surz_tree_span_events,surrmean_tree_span_events,surz_tree_span_time,surrmean_tree_span_time
sub-0001,faces,ds007070/sub-0001/ses-02/func/sub-0001_ses-02_task-faces_acq-mb8_run-01_space-MNI152NLin2009cAsym_desc-preproc_bold.nii.gz,0.4600000083446502,914,96,133,95,122,5.721311475409836,1.5388215684531614,1.1065573770491803,0.4226515484313412,5.614754098360656,1.6436540692503487,0.0737704918032786,0.2786885245901639,0.7352941176470589,2.3823529411764706,2.716666666666667,4.227083333333334,0.0163934426229508,1.5737704918032789,96.91001506535626,229.2966456166068,-0.8911716256639023,5.796956212952076,0.3568667521448441,1.094388424495846,-0.8502382372229943,5.702567788456228,0.1229406273080026,0.0709666151681127,0.4793325779124529,0.269023108026048,-0.0732842702360899,2.734698678610892,0.1786646157860901,4.160537239694131
sub-0002,faces,ds007070/sub-0002/ses-02/func/sub-0002_ses-02_task-faces_acq-mb8_run-01_space-MNI152NLin2009cAsym_desc-preproc_bold.nii.gz,0.4600000083446502,914,96,118,95,107,5.841121495327103,1.5181265310720689,1.1121495327102804,0.5014526596617621,5.728971962616822,1.668634587319507,0.0654205607476635,0.2523364485981308,0.7037037037037037,2.5185185185185186,2.580952380952381,4.4523809523809526,0.0186915887850467,1.691588785046729,108.83586926099622,224.84270166320647,0.0287551138097267,5.838415823648408,0.363527926312464,1.0969680445599497,-0.1184266330747081,5.741447779088459,-0.0728175978509161,0.0670668367837132,-0.6241403988267821,0.2666187635018505,0.0039645796127129,2.5799126480219186,-0.0045080148256306,4.454563163812652
sub-0003,faces,ds007070/sub-0003/ses-02/func/sub-0003_ses-02_task-faces_acq-mb8_run-01_space-MNI152NLin2009cAsym_desc-preproc_bold.nii.gz,0.4600000083446502,914,96,128,95,122,5.950819672131147,1.514952793724318,1.1065573770491803,0.4777249294844414,5.844262295081967,1.651548193291657,0.0573770491803278,0.2622950819672131,0.625,2.1875,3.2333333333333334,5.0625,0.0163934426229508,1.7049180327868851,98.12667243627116,226.7416879456192,1.6324017483871989,5.79560320697416,0.3689793650914571,1.0924989372066067,1.2959668548360812,5.703104269767551,-0.4224141972012881,0.0660976034328983,-0.2747337102438801,0.2695265247230088,2.1575112633772067,2.7053838349982717,1.8230409429108712,4.314511220814087
sub-0004,faces,ds007070/sub-0004/ses-02/func/sub-0004_ses-02_task-faces_acq-mb8_run-01_space-MNI152NLin2009cAsym_desc-preproc_bold.nii.gz,0.4600000083446502,914,96,128,95,120,5.9,1.486069770012343,1.05,0.218858766477072,5.85,1.542942730274706,0.05,0.275,0.696969696969697,2.1818181818181817,2.5,3.8961864406779663,0.0166666666666666,1.775,96.44321472163324,224.6874031258344,1.1653546855114365,5.806778762977617,-1.148118631715832,1.0967574508931064,1.2958740165372225,5.710021312084511,-0.6848974985251964,0.0689835695958397,0.2758172110723231,0.2686504168720252,-0.8109763172372151,2.698616491069705,-1.0361805374034068,4.337269897800349
sub-0005,faces,ds007070/sub-0005/ses-02/func/sub-0005_ses-02_task-faces_acq-mb8_run-01_space-MNI152NLin2009cAsym_desc-preproc_bold.nii.gz,0.4600000083446502,914,96,121,95,116,5.7844827586206895,1.559297692986276,1.0775862068965518,0.2992995320662104,5.706896551724138,1.657747247632004,0.0689655172413793,0.2413793103448276,0.7857142857142857,2.392857142857143,2.789473684210526,4.583333333333333,0.0172413793103448,1.603448275862069,97.7758102048836,228.70650531098136,-0.0347481813278971,5.78794942401638,-0.6607747198700372,1.1037038373706636,0.2006714887929464,5.6842455866457176,-0.0511331399744227,0.0701621954359079,-1.4155334004458866,0.2727815956704748,0.232812747914567,2.7272417551964283,-0.0205979988099043,4.592927289079826
sub-0006,faces,ds007070/sub-0006/ses-02/func/sub-0006_ses-02_task-faces_acq-mb8_run-01_space-MNI152NLin2009cAsym_desc-preproc_bold.nii.gz,0.4600000083446502,914,96,95,95,86,5.906976744186046,1.5463650507047295,1.1395348837209305,0.6714828314160063,5.767441860465116,1.7196061013031008,0.0581395348837209,0.2906976744186046,0.6,2.12,2.2289156626506026,5.046686746987952,0.0348837209302325,1.6511627906976745,92.94196372430405,221.70404773081037,0.6065138924121165,5.832761327482141,0.971633366467221,1.093063236353599,0.1845129433335566,5.739698091128541,-0.2203183471369094,0.0649697288792809,1.0082872199718649,0.2630565348832213,-1.1173737414963318,2.5006691531511414,-0.4420167772048563,5.29835910124113
sub-0007,faces,ds007070/sub-0007/ses-02/func/sub-0007_ses-02_task-faces_acq-mb8_run-01_space-MNI152NLin2009cAsym_desc-preproc_bold.nii.gz,0.4600000083446502,914,96,127,95,115,5.834782608695652,1.395044077670042,1.173913043478261,0.775285680964815,5.660869565217391,1.599818830322694,0.0869565217391304,0.2260869565217391,0.9230769230769232,2.5384615384615383,2.5309734513274336,4.04646017699115,0.017391304347826,1.626086956521739,101.3285883362126,229.0479093884472,0.5602509682659343,5.780442541364211,2.436236936456368,1.092124224454993,-0.2737863135423146,5.688318316909219,1.0016483419799618,0.0657150092498196,-2.046055285889765,0.2731090169365918,-0.7656255623683949,2.719411059233401,-0.8065396075311364,4.354175254867815
sub-0008,faces,ds007070/sub-0008/ses-02/func/sub-0008_ses-02_task-faces_acq-mb8_run-01_space-MNI152NLin2009cAsym_desc-preproc_bold.nii.gz,0.4600000083446502,914,96,122,95,117,5.837606837606837,1.61329212010114,1.1196581196581197,0.4386969962559808,5.717948717948718,1.7803823390523592,0.0854700854700854,0.2735042735042735,0.65625,2.21875,2.7327586206896552,4.390086206896552,0.0085470085470085,1.6581196581196582,98.74876560272656,221.78634077764065,0.2869647561838147,5.8088222799757965,1.0074466096162285,1.0862241811404516,-0.0398693073911453,5.722598098835346,1.022086631494842,0.0620019346217756,0.4271204577533706,0.2661048302951869,0.4477484395877477,2.6348872748246204,-0.0207567361703099,4.397968366532775
sub-0009,faces,ds007070/sub-0009/ses-02/func/sub-0009_ses-02_task-faces_acq-mb8_run-01_space-MNI152NLin2009cAsym_desc-preproc_bold.nii.gz,0.4600000083446502,914,96,124,95,117,5.803418803418803,1.4927371078296603,1.0598290598290598,0.2719849859762892,5.743589743589744,1.532148852462056,0.0512820512820512,0.2564102564102564,0.5666666666666667,2.2333333333333334,2.336206896551724,3.7359913793103448,0.0085470085470085,1.641025641025641,114.63455717053009,228.0949029665909,-0.0158872811353872,5.80512349990422,-0.8180962601709915,1.0927277924348042,0.2430385405990848,5.712395707469415,-0.5701181045957153,0.0654656131894706,-0.3307668158688556,0.2630283344342642,-1.2973671931757071,2.6938539089316227,-1.5417686913126751,4.449702229127691
sub-0010,faces,ds007070/sub-0010/ses-02/func/sub-0010_ses-02_task-faces_acq-mb8_run-01_space-MNI152NLin2009cAsym_desc-preproc_bold.nii.gz,0.4600000083446502,914,96,129,95,116,5.698275862068965,1.3591546451104588,1.112068965517241,0.3905748655983656,5.586206896551724,1.4510503872666884,0.0948275862068965,0.2586206896551724,0.7333333333333333,2.2333333333333334,2.526315789473684,4.239035087719298,0.0172413793103448,1.4741379310344829,108.68516117316268,227.01843109500425,-1.371007515512492,5.83167382365682,0.0821401895542439,1.1086580935079162,-1.4033746249524184,5.723015730148903,1.180633661325198,0.0704682076377053,-0.6068571993431553,0.2708666167813076,-0.4085411322220658,2.6524103441529023,0.2295951999267033,4.1311708659345046
sub-0011,faces,ds007070/sub-0011/ses-02/func/sub-0011_ses-02_task-faces_acq-mb8_run-01_space-MNI152NLin2009cAsym_desc-preproc_bold.nii.gz,0.4600000083446502,914,96,125,95,111,5.774774774774775,1.3730171467159775,1.09009009009009,0.3450836407057266,5.684684684684685,1.445884328216296,0.072072072072072,0.2792792792792792,0.6451612903225806,2.161290322580645,2.9454545454545453,5.046022727272727,0.009009009009009,1.6396396396396395,104.18871735178112,228.6617153403155,-0.1995270221890391,5.793534497708261,-0.3426744062762362,1.1048375892420168,-0.0342065035101375,5.688696908466241,-0.0996519014703456,0.0748129905615189,0.2236349287792284,0.2740364604849436,0.9142990917409664,2.662770688243894,1.553080585562859,4.293093054981369
sub-0013,faces,ds007070/sub-0013/ses-02/func/sub-0013_ses-02_task-faces_acq-mb8_run-01_space-MNI152NLin2009cAsym_desc-preproc_bold.nii.gz,0.4600000083446502,914,96,132,95,122,5.942622950819672,1.4333638429393163,1.1311475409836065,0.5447088792884887,5.811475409836065,1.591983882207514,0.0901639344262295,0.2704918032786885,0.6060606060606061,2.060606060606061,2.808333333333333,4.276041666666667,0.0163934426229508,1.7049180327868851,102.06514823662285,228.91325004341908,1.381685198450837,5.824281901843401,1.1310378817625222,1.0868704803629876,0.6815494021667627,5.737411421480413,1.2634837044069078,0.0619711850846954,0.0614796026854482,0.269189805831098,0.2685841690364131,2.7306074281564867,0.2883596668953092,4.150234608754187
sub-0014,faces,ds007070/sub-0014/ses-02/func/sub-0014_ses-02_task-faces_acq-mb8_run-01_space-MNI152NLin2009cAsym_desc-preproc_bold.nii.gz,0.4600000083446502,914,96,119,95,106,5.952830188679245,1.3619459150977298,1.1132075471698113,0.4844388942149589,5.839622641509434,1.5190021314310271,0.0754716981132075,0.2641509433962264,0.7857142857142857,2.2857142857142856,2.375,4.290865384615385,0.0188679245283018,1.7735849056603774,96.70851408490664,228.2533648738792,1.3353340916752308,5.806155074213891,0.8135861616576588,1.0854699300643678,1.009573824343571,5.720685144149522,0.8327794104979827,0.0601211758471141,-0.7109376552154345,0.2797943037711208,-0.7277479582694063,2.608270625248768,-0.3204182360072291,4.462594397805551
sub-0016,faces,ds007070/sub-0016/ses-02/func/sub-0016_ses-02_task-faces_acq-mb8_run-01_space-MNI152NLin2009cAsym_desc-preproc_bold.nii.gz,0.4600000083446502,914,96,127,95,114,5.833333333333333,1.3231543610353418,1.1842105263157894,0.6319766640937089,5.649122807017544,1.5399256167552229,0.1052631578947368,0.2368421052631578,0.5925925925925926,2.037037037037037,2.7410714285714284,4.325892857142857,0.0175438596491228,1.6140350877192982,96.2726945370608,229.57221713494383,0.5949505535916092,5.7826671268165954,1.903956600921444,1.105423524172637,-0.3130118739009091,5.677243602643956,1.0989701041681526,0.07659451875063,-1.3221363456979662,0.2691348514708694,0.4848801224748631,2.6185988385180266,0.3718777349828499,4.163740639161608
sub-0017,faces,ds007070/sub-0017/ses-02/func/sub-0017_ses-02_task-faces_acq-mb8_run-01_space-MNI152NLin2009cAsym_desc-preproc_bold.nii.gz,0.4600000083446502,914,96,121,95,114,5.824561403508772,1.5124592529293024,1.1228070175438596,0.3795747708633727,5.701754385964913,1.677175378090913,0.1052631578947368,0.2543859649122807,0.6896551724137931,2.206896551724138,3.1238938053097347,5.063053097345133,0.0087719298245614,1.605263157894737,96.70907893213928,229.45879105581207,0.3583384957887016,5.793794462236979,0.7715956118669124,1.0962433126108748,0.0430461524638204,5.697551149626105,1.921995602128456,0.0688000471258507,-1.1865131738971657,0.2763526374592154,1.46974206694706,2.718552522445815,1.1637855556783965,4.516514696890487
sub-0018,faces,ds007070/sub-0018/ses-02/func/sub-0018_ses-02_task-faces_acq-mb8_run-01_space-MNI152NLin2009cAsym_desc-preproc_bold.nii.gz,0.4600000083446502,914,96,124,95,112,5.723214285714286,1.4345154653521934,1.0446428571428572,0.2074466329784736,5.678571428571429,1.4960264830861911,0.0446428571428571,0.2678571428571428,0.7333333333333333,2.1,2.809090909090909,4.605681818181818,0.0178571428571428,1.6428571428571428,103.37682856890083,225.0676762427872,-0.6794659288939281,5.7930221813449805,-1.0177446819582951,1.0871727844915589,-0.2230130602911038,5.705849396853423,-0.7056674039629964,0.0628290366851822,-0.6635341836909239,0.2809627910055012,0.1343203002064309,2.774105586779299,0.1442193189592045,4.5375606128111245
sub-0019,faces,ds007070/sub-0019/ses-02/func/sub-0019_ses-02_task-faces_acq-mb8_run-01_space-MNI152NLin2009cAsym_desc-preproc_bold.nii.gz,0.4600000083446502,914,96,129,95,120,5.958333333333333,1.491690335164242,1.0833333333333333,0.4217477308289681,5.875,1.5694697493477363,0.0583333333333333,0.2666666666666666,0.625,2.0625,3.0,4.600840336134453,0.0083333333333333,1.7583333333333333,105.8492110351629,228.73414702559097,1.0628571675337268,5.847636187613342,-0.6188338220833931,1.1099345590790473,1.2062449370507715,5.737701628534297,-0.5931910979424724,0.0734342510301275,0.1969306478090077,0.2625500707460283,1.5836937555467197,2.5812107752183504,1.329797111366409,4.060440373658721
sub-0020,faces,ds007070/sub-0020/ses-02/func/sub-0020_ses-02_task-faces_acq-mb8_run-01_space-MNI152NLin2009cAsym_desc-preproc_bold.nii.gz,0.4600000083446502,914,96,118,95,111,5.846846846846847,1.459752147070293,1.09009009009009,0.3942668581638017,5.756756756756757,1.5504616099507926,0.063063063063063,0.2702702702702703,0.6666666666666666,2.2,2.9724770642201834,5.064220183486238,0.018018018018018,1.6216216216216215,107.2880258866781,228.1848686839253,0.3287103486923906,5.808477697426491,-0.0232092209401795,1.091102086166311,0.2768897188687346,5.717375611260179,-0.1945142955433945,0.0681636380453668,0.0119811231942725,0.2700231834145042,0.7880794697027594,2.730674234663044,0.7327890373362524,4.687397389891371
sub-0021,faces,ds007070/sub-0021/ses-02/func/sub-0021_ses-02_task-faces_acq-mb8_run-01_space-MNI152NLin2009cAsym_desc-preproc_bold.nii.gz,0.4600000083446502,914,96,116,95,112,5.794642857142857,1.4773874729311012,1.0982142857142858,0.4017937579632415,5.696428571428571,1.6098754118560985,0.0714285714285714,0.2857142857142857,0.6875,2.4375,2.761467889908257,4.514334862385321,0.0267857142857142,1.625,91.42974144701137,226.20600336059485,-0.3795818212001838,5.836260970998194,0.0559624709702593,1.0954747915513243,-0.333118168977505,5.74078617944687,0.1136703226928314,0.0686925100805883,0.6801058828728067,0.2717575434965342,0.3310519432297391,2.679762523160353,-0.2037583470705493,4.604820724138078
sub-0023,faces,ds007070/sub-0023/ses-02/func/sub-0023_ses-02_task-faces_acq-mb8_run-01_space-MNI152NLin2009cAsym_desc-preproc_bold.nii.gz,0.4600000083446502,914,96,128,95,117,5.769230769230769,1.3479525686465954,1.1965811965811963,0.6726083586502192,5.572649572649572,1.55539239597357,0.1025641025641025,0.282051282051282,0.6666666666666666,2.1818181818181817,2.5217391304347827,4.026086956521739,0.017094017094017,1.5384615384615383,90.05264266612029,225.78267487576468,-0.8214825800830475,5.854752526924372,1.8529487163744207,1.1048932312262882,-1.43521762448966,5.7498592956980845,1.2811505967016514,0.0695240010463154,1.003519041582269,0.2659191643239047,-0.6066811815641725,2.6952720107553128,-0.5324873181888368,4.285033368181459
sub-0024,faces,ds007070/sub-0024/ses-02/func/sub-0024_ses-02_task-faces_acq-mb8_run-01_space-MNI152NLin2009cAsym_desc-preproc_bold.nii.gz,0.4600000083446502,914,96,132,95,121,5.785123966942149,1.450325317358419,1.0743801652892562,0.2934078292581376,5.710743801652892,1.5461673935300235,0.0661157024793388,0.2727272727272727,0.6060606060606061,2.1818181818181817,2.808333333333333,4.409375,0.0082644628099173,1.628099173553719,100.5555067397885,227.1569047385711,-0.1346605513124495,5.79971193210975,-0.7797872395898868,1.1032860192085834,0.118408949282732,5.696425912901168,-0.1730330912104157,0.0698336083653538,-0.316829156599183,0.2793262029085667,0.4905286704534379,2.678427672428509,0.6660123335568255,4.12820722347988
sub-0025,faces,ds007070/sub-0025/ses-02/func/sub-0025_ses-02_task-faces_acq-mb8_run-01_space-MNI152NLin2009cAsym_desc-preproc_bold.nii.gz,0.4600000083446502,914,96,114,95,104,5.8173076923076925,1.398781876976439,1.0673076923076923,0.3487682368666188,5.75,1.5056527791167975,0.048076923076923,0.2115384615384615,0.5909090909090909,2.1818181818181817,2.7058823529411766,4.882352941176471,0.0192307692307692,1.6442307692307692,107.10728189753812,229.1274545984141,-0.0881247800179026,5.827738745263756,-0.6082923648962877,1.0922871073442444,0.1079469890929292,5.735451637919511,-0.8544848430915225,0.0664627643374313,-2.171524305174206,0.2622924176190711,0.3482207678434088,2.615591906825768,0.4948094351444317,4.675199738448866
sub-0026,faces,ds007070/sub-0026/ses-02/func/sub-0026_ses-02_task-faces_acq-mb8_run-01_space-MNI152NLin2009cAsym_desc-preproc_bold.nii.gz,0.4600000083446502,914,96,130,95,124,5.758064516129032,1.5161513521522505,1.1774193548387095,0.7105292553524981,5.580645161290323,1.6921472105017683,0.1048387096774193,0.282258064516129,0.6857142857142857,2.257142857142857,2.413223140495868,3.606404958677686,0.0241935483870967,1.5887096774193548,106.99070904771952,228.1096045612969,-0.5781226215655361,5.81677912807477,1.6340763018814912,1.1050718626039024,-1.070535574692126,5.711707265470866,1.1888213830139087,0.0719961734539238,0.9853603194225456,0.2614228075167075,-0.912179631019676,2.6893997055264776,-1.254182425203673,4.199809202794104
sub-0029,faces,ds007070/sub-0029/ses-02/func/sub-0029_ses-02_task-faces_acq-mb8_run-01_space-MNI152NLin2009cAsym_desc-preproc_bold.nii.gz,0.4600000083446502,914,96,126,95,115,5.747826086956522,1.4976207930128302,1.1130434782608696,0.5737720280724059,5.6347826086956525,1.624000015030079,0.0608695652173913,0.2695652173913043,0.6774193548387096,2.2580645161290325,2.392857142857143,3.8236607142857135,0.0260869565217391,1.582608695652174,105.33304380473452,223.47651418383413,-0.9963268238600564,5.828305483510152,0.1727822956517208,1.1055387641715684,-1.0385984323892146,5.722766719338586,-0.5246545538915768,0.073032332066916,0.0708923823210785,0.2681214065995225,-1.2088583980130705,2.693776027810645,-1.2354483696910177,4.35592220864014
sub-0031,faces,ds007070/sub-0031/ses-02/func/sub-0031_ses-02_task-faces_acq-mb8_run-01_space-MNI152NLin2009cAsym_desc-preproc_bold.nii.gz,0.4600000083446502,914,96,134,95,125,5.672,1.5068445988758397,1.128,0.538456575659512,5.544,1.6387642866186627,0.088,0.224,0.8214285714285714,2.821428571428572,2.4918032786885247,3.805327868852459,0.024,1.456,103.77743747374488,229.98691212006503,-1.3584479476260694,5.772606652027284,0.7818032593250243,1.1003255384670771,-1.6223959696144556,5.672281113560207,0.7664224498563967,0.0727400367604467,-1.8998860536031088,0.2675860522323756,-1.5088777726264655,2.811150047780292,-1.3329192454747072,4.2554251672562815
sub-0032,faces,ds007070/sub-0032/ses-02/func/sub-0032_ses-02_task-faces_acq-mb8_run-01_space-MNI152NLin2009cAsym_desc-preproc_bold.nii.gz,0.4600000083446502,914,96,115,95,104,5.711538461538462,1.5115932372868048,1.1057692307692308,0.5198631117576942,5.605769230769231,1.6394308107150275,0.0576923076923076,0.2692307692307692,0.6785714285714286,2.2142857142857144,2.07843137254902,3.741421568627451,0.0192307692307692,1.5576923076923077,98.84604475956364,227.8865564373872,-1.1882653528229596,5.830281100838148,0.1673079518732311,1.0986545367314815,-1.094051663612589,5.731626564106667,-0.4272958865511485,0.0695385812224244,0.2051032472971824,0.26444804748493,-2.244350475717046,2.734552438291733,-1.9059664909015928,4.79986854988396
sub-0033,faces,ds007070/sub-0033/ses-02/func/sub-0033_ses-02_task-faces_acq-mb8_run-01_space-MNI152NLin2009cAsym_desc-preproc_bold.nii.gz,0.4600000083446502,914,96,122,95,116,5.905172413793103,1.5150172808649214,1.0775862068965518,0.3765024872939497,5.827586206896552,1.6112423619758414,0.0517241379310344,0.293103448275862,0.7058823529411765,2.264705882352941,2.5526315789473686,4.110745614035087,0.0172413793103448,1.7413793103448276,92.70779077113548,226.6828405090903,0.8789259373254799,5.814384245619911,-0.3793957948401393,1.0910820542599664,0.8683908969807788,5.723302191359945,-0.624858469267742,0.0650211284906019,0.9349266838021432,0.2669581501591549,-0.4942472049369789,2.686698061128401,-0.8516030130694724,4.489569100034585
sub-0034,faces,ds007070/sub-0034/ses-02/func/sub-0034_ses-02_task-faces_acq-mb8_run-01_space-MNI152NLin2009cAsym_desc-preproc_bold.nii.gz,0.4600000083446502,914,96,118,95,111,5.846846846846847,1.2734933929099992,1.1441441441441442,0.698659064297092,5.702702702702703,1.4371347415452265,0.063063063063063,0.2702702702702703,0.5333333333333333,2.0,2.299065420560748,3.822429906542056,0.036036036036036,1.7387387387387387,101.21066275884937,223.5988241499884,-0.0169502869366195,5.848534982828821,1.273773116474247,1.095441917852642,-0.4319591685500947,5.75309306497618,0.0079868840063989,0.0629207819815974,-0.0641939859783145,0.2714841526583701,-1.669165229479789,2.597925712547024,-2.126580342467951,4.472825611361043
sub-0035,faces,ds007070/sub-0035/ses-02/func/sub-0035_ses-02_task-faces_acq-mb8_run-01_space-MNI152NLin2009cAsym_desc-preproc_bold.nii.gz,0.4600000083446502,914,96,124,95,118,5.898305084745763,1.4986594038312615,1.1016949152542372,0.4602086206318163,5.796610169491525,1.5828100189646936,0.0677966101694915,0.2711864406779661,0.65625,2.21875,2.8461538461538463,4.5085470085470085,0.0084745762711864,1.7542372881355932,103.04117927817074,229.1532380865615,0.9148505132792611,5.815571768615704,-0.0560363403341504,1.103647772110861,0.8103875555922656,5.7119239965048445,-0.2829576418352262,0.0743482660078565,-0.1033569061156864,0.2740235419039349,0.6530388531074022,2.6744082864630925,0.2627169716225772,4.39318720047103
sub-0036,faces,ds007070/sub-0036/ses-02/func/sub-0036_ses-02_task-faces_acq-mb8_run-01_space-MNI152NLin2009cAsym_desc-preproc_bold.nii.gz,0.4600000083446502,914,96,128,95,119,5.697478991596639,1.5544066492827957,1.1092436974789917,0.4276446324153625,5.588235294117647,1.6995102220978129,0.0756302521008403,0.226890756302521,0.7407407407407407,2.555555555555556,2.4913793103448274,3.9094827586206895,0.0252100840336134,1.5798319327731092,92.253825534349,226.7112776877838,-0.9410045684781168,5.791659853446531,0.2877819029899669,1.0984270640933538,-1.0482892411259583,5.693232789353178,0.3966379037408465,0.0678600506723651,-2.2100367566639267,0.2737635376901313,-1.1599523332644934,2.780976028024054,-1.1330406512255564,4.375041073438912
sub-0037,faces,ds007070/sub-0037/ses-02/func/sub-0037_ses-02_task-faces_acq-mb8_run-01_space-MNI152NLin2009cAsym_desc-preproc_bold.nii.gz,0.4600000083446502,914,96,131,95,123,5.91869918699187,1.4964082458600736,1.0731707317073171,0.3180558695976633,5.845528455284553,1.6044636524049332,0.056910569105691,0.2926829268292683,0.7222222222222222,2.2222222222222223,2.471074380165289,3.727272727272727,0.016260162601626,1.7317073170731707,99.7037006177212,229.642767182618,1.3204476227943518,5.796451644687666,-0.4587275523816444,1.0895943406650566,1.2754273952042845,5.706857304022609,-0.2583853817065211,0.0624078309453698,2.057459287830484,0.2621350207980031,-0.7471171795692912,2.664519870695719,-0.981004091414396,4.140991181352833
sub-0038,faces,ds007070/sub-0038/ses-02/func/sub-0038_ses-02_task-faces_acq-mb8_run-01_space-MNI152NLin2009cAsym_desc-preproc_bold.nii.gz,0.4600000083446502,914,96,128,95,122,5.69672131147541,1.5042053681128196,1.1229508196721312,0.4181396985203168,5.573770491803279,1.6709379401351887,0.0983606557377049,0.2377049180327868,0.6551724137931034,2.310344827586207,2.3833333333333333,3.6421875,0.0163934426229508,1.5737704918032789,105.37912276967222,226.8250245472671,-1.0576662278206437,5.807309043385294,0.6379283593840593,1.096479942981177,-1.079487671377748,5.710829100404117,1.2232234241128674,0.0680408090992445,-1.4853653320451383,0.2671136422643895,-0.997180753005628,2.6582153590781887,-1.2936309042349077,4.211946621666715
sub-0039,faces,ds007070/sub-0039/ses-02/func/sub-0039_ses-02_task-faces_acq-mb8_run-01_space-MNI152NLin2009cAsym_desc-preproc_bold.nii.gz,0.4600000083446502,914,96,114,95,108,5.925925925925926,1.3855307273138733,1.1759259259259258,0.5932439523375825,5.75,1.618381561469567,0.1111111111111111,0.2685185185185185,0.7586206896551724,2.3448275862068964,2.5283018867924527,4.251179245283019,0.0185185185185185,1.6944444444444444,91.29655691185016,228.19400660070244,1.295736862176328,5.784264170697929,2.024753914578452,1.0959076816696165,0.4675415805668707,5.688356489028311,2.070748551617487,0.0661618558950016,0.2452874933284545,0.2640128581518611,-0.4069302957848373,2.62915911670767,-0.9052113900303794,4.659253871088295
sub-0040,faces,ds007070/sub-0040/ses-02/func/sub-0040_ses-02_task-faces_acq-mb8_run-01_space-MNI152NLin2009cAsym_desc-preproc_bold.nii.gz,0.4600000083446502,914,96,127,95,115,5.878260869565217,1.4089178757021013,1.0956521739130434,0.3967834055731352,5.782608695652174,1.5147381725904543,0.0695652173913043,0.2782608695652174,0.5625,1.96875,2.371681415929204,3.899336283185841,0.017391304347826,1.6695652173913045,86.4525443640939,225.0741563353895,0.3475527966591567,5.852200461904563,-0.0325760439620331,1.0971024003312648,0.2943525378824101,5.7550980615733005,0.1888403313049667,0.0644270965449134,0.5765437195417995,0.2689000743743065,-1.5929024299175645,2.779600300551799,-1.3333339923858023,4.453518796096316
sub-0041,faces,ds007070/sub-0041/ses-02/func/sub-0041_ses-02_task-faces_acq-mb8_run-01_space-MNI152NLin2009cAsym_desc-preproc_bold.nii.gz,0.4600000083446502,914,96,140,95,129,5.697674418604652,1.4120278589385566,1.131782945736434,0.5211142653194017,5.565891472868217,1.55545894172101,0.0852713178294573,0.2945736434108527,0.6842105263157895,2.1578947368421053,3.261904761904762,4.719246031746032,0.0232558139534883,1.558139534883721,100.02701102502454,225.64458331049056,-1.080706819424021,5.80725613504727,0.6531011585327288,1.1093313694349844,-1.0855057814033946,5.697924765612286,0.4316084255990261,0.0752018237351131,1.2737235029330047,0.270932730136524,1.4898832716751689,2.779147254428309,1.3522856644725203,4.054908111452657
sub-0043,faces,ds007070/sub-0043/ses-02/func/sub-0043_ses-02_task-faces_acq-mb8_run-01_space-MNI152NLin2009cAsym_desc-preproc_bold.nii.gz,0.4600000083446502,914,96,121,95,115,5.6869565217391305,1.500673634652845,1.1043478260869566,0.3596760980376908,5.582608695652174,1.6058151381209669,0.0869565217391304,0.2956521739130435,0.7352941176470589,2.323529411764706,2.43859649122807,3.9802631578947367,0.008695652173913,1.443478260869565,104.692018087065,225.2463401948733,-1.1141017278761949,5.797014082987498,0.0098991803391483,1.1039052723791771,-0.8915883456981213,5.6931088106083205,0.9386551500504544,0.0659556707161245,1.4133149637083178,0.2609688090638966,-0.542154057110652,2.572118182532832,-0.7800931608159141,4.327059639139563
sub-0044,faces,ds007070/sub-0044/ses-02/func/sub-0044_ses-02_task-faces_acq-mb8_run-01_space-MNI152NLin2009cAsym_desc-preproc_bold.nii.gz,0.4600000083446502,914,96,127,95,116,5.939655172413793,1.5225196113733617,1.0344827586206895,0.1832572192187858,5.905172413793103,1.5658221803416168,0.0344827586206896,0.2413793103448276,0.7142857142857143,2.2857142857142856,2.843478260869565,4.529347826086957,0.0086206896551724,1.7672413793103448,98.85173841942628,226.7701948188012,1.2789037962040433,5.830368020090992,-1.36642541854932,1.0839585789753292,1.6667273209912667,5.746409441115664,-1.0618497426909728,0.0573550436963182,-1.233601973063753,0.2694970810832756,0.4630628386319411,2.714170749033873,0.3850046684949193,4.349725653155959
sub-0046,faces,ds007070/sub-0046/ses-02/func/sub-0046_ses-02_task-faces_acq-mb8_run-01_space-MNI152NLin2009cAsym_desc-preproc_bold.nii.gz,0.4600000083446502,914,96,126,95,116,5.698275862068965,1.621699739463971,1.1724137931034482,0.6630084538639403,5.525862068965517,1.7862333792529526,0.1120689655172413,0.25,0.7241379310344828,2.3793103448275863,2.7304347826086954,4.397826086956521,0.0086206896551724,1.5172413793103448,110.42656673253882,229.07818194359209,-1.3862431970712552,5.829219480968726,2.2518698952636726,1.0947838706684208,-1.8766186196703367,5.734435610300303,1.9731338262615064,0.0673050073064085,-0.7082861150757667,0.2656914347186627,0.1224573854119426,2.69884681555425,0.1428329466305506,4.336581367521926
sub-0050,faces,ds007070/sub-0050/ses-02/func/sub-0050_ses-02_task-faces_acq-mb8_run-01_space-MNI152NLin2009cAsym_desc-preproc_bold.nii.gz,0.4600000083446502,914,96,127,95,123,5.804878048780488,1.6127490865455605,1.0731707317073171,0.3659869142898794,5.7317073170731705,1.7229081910960955,0.048780487804878,0.3008130081300813,0.6216216216216216,2.27027027027027,3.066666666666667,4.679166666666666,0.024390243902439,1.6747967479674797,92.84943868581402,217.6414140288189,-0.4945394507845791,5.84295808012608,-0.6674624648123862,1.1043896792155845,-0.0633980941882982,5.738568400910495,-1.0563549719446883,0.0722464444294542,1.6248432528675734,0.2651235225510122,1.4103131183002546,2.67300424659643,0.9254595995130288,4.251117637613289
sub-0051,faces,ds007070/sub-0051/ses-02/func/sub-0051_ses-02_task-faces_acq-mb8_run-01_space-MNI152NLin2009cAsym_desc-preproc_bold.nii.gz,0.4600000083446502,914,96,114,95,107,5.794392523364486,1.4841191896206234,1.074766355140187,0.2978202123049145,5.719626168224299,1.5709292558406105,0.0654205607476635,0.2897196261682243,0.5806451612903226,2.2580645161290325,2.6634615384615383,4.805889423076923,0.02803738317757,1.5981308411214954,103.07641578731833,228.09025138371905,-0.1840027764556767,5.811724995055787,-0.4777755229831901,1.0968125430168507,0.0382522796092359,5.714912452038939,0.0631425792579585,0.063810396003589,0.4320442835308465,0.2788219538572106,-0.0701644415523967,2.6871368361501653,0.0433105165226757,4.780136981296879
sub-0052,faces,ds007070/sub-0052/ses-02/func/sub-0052_ses-02_task-faces_acq-mb8_run-01_space-MNI152NLin2009cAsym_desc-preproc_bold.nii.gz,0.4600000083446502,914,96,122,95,118,5.838983050847458,1.490541913631236,1.0677966101694916,0.2843139458722886,5.771186440677966,1.582008984323806,0.059322033898305,0.3050847457627119,0.6666666666666666,2.1666666666666665,2.871794871794872,4.5181623931623935,0.0084745762711864,1.652542372881356,102.36694446673754,227.37116389871665,0.1718482053668883,5.823191074205226,-0.8151544839402258,1.094484141675113,0.4389160118617956,5.728706932530116,-0.1799360333720831,0.0632067049942514,1.492348195790541,0.2665737902757553,0.709468827103572,2.678357213226948,0.1609795648378065,4.445887575660788
sub-0053,faces,ds007070/sub-0053/ses-02/func/sub-0053_ses-02_task-faces_acq-mb8_run-01_space-MNI152NLin2009cAsym_desc-preproc_bold.nii.gz,0.4600000083446502,914,96,124,95,115,5.852173913043479,1.4644529441498932,1.1304347826086956,0.6000254253448426,5.721739130434782,1.635933265951995,0.0695652173913043,0.3043478260869565,0.7714285714285715,2.142857142857143,3.2920353982300883,5.456858407079646,0.017391304347826,1.7391304347826086,100.3781922238823,229.9121828181541,0.4379414456174539,5.80772381953979,0.4499327068167053,1.1123254978400965,0.2204871246727877,5.695398321699694,-0.1916041692866917,0.0741757228278373,1.7829306524587765,0.271059853459864,2.366741027497668,2.6982827621543937,2.105797380943524,4.399801826683065
sub-0055,faces,ds007070/sub-0055/ses-02/func/sub-0055_ses-02_task-faces_acq-mb8_run-01_space-MNI152NLin2009cAsym_desc-preproc_bold.nii.gz,0.4600000083446502,914,96,125,95,119,5.831932773109243,1.410128782020608,1.2352941176470589,0.7887544606545136,5.5966386554621845,1.6586666471264508,0.134453781512605,0.2605042016806723,0.6774193548387096,2.3548387096774195,2.5689655172413794,4.162715517241379,0.0252100840336134,1.504201680672269,103.99916124587232,227.8781414230604,0.4978478562631194,5.779013842277363,4.488960199939936,1.089842918924176,-0.8069898684211225,5.689170923353188,4.2588050210810815,0.0630547407568479,-0.3956770069488723,0.2682713452880682,-0.4831659950657391,2.740624838671515,-0.5462876931002415,4.487255798649303
sub-0056,faces,ds007070/sub-0056/ses-02/func/sub-0056_ses-02_task-faces_acq-mb8_run-01_space-MNI152NLin2009cAsym_desc-preproc_bold.nii.gz,0.4600000083446502,914,96,129,95,120,5.65,1.627753000898101,1.1333333333333333,0.517481511598181,5.516666666666667,1.7727315168440834,0.075,0.225,0.6666666666666666,2.4814814814814814,2.6610169491525424,4.247881355932203,0.0166666666666666,1.5166666666666666,104.54595729554217,229.784499057752,-1.9934694883569457,5.817173263108273,0.9045459014900956,1.0963087378745415,-1.9745149606278996,5.720864525233734,0.2178043088786533,0.0692885333233321,-2.1672550425969046,0.270529136188426,-0.2689984335896402,2.730228682929594,-0.1203965004284761,4.298152857089653
sub-0057,faces,ds007070/sub-0057/ses-02/func/sub-0057_ses-02_task-faces_acq-mb8_run-01_space-MNI152NLin2009cAsym_desc-preproc_bold.nii.gz,0.4600000083446502,914,96,131,95,123,5.772357723577236,1.3538833529074878,1.1056910569105691,0.3800993858401864,5.666666666666667,1.4238407229643295,0.089430894308943,0.2682926829268293,0.5454545454545454,2.0303030303030303,2.5737704918032787,3.922131147540984,0.008130081300813,1.5365853658536586,107.33339197011716,229.79570226041815,-0.2280738839494809,5.789985351907575,0.4019151750422786,1.0893324422093835,-0.3750961323387741,5.700652909698191,0.963334121091539,0.0666906555993208,-0.1852854283641188,0.2715413366232541,-0.6680538864671102,2.7349028955084105,-0.7900438361428205,4.219700643982596
sub-0058,faces,ds007070/sub-0058/ses-02/func/sub-0058_ses-02_task-faces_acq-mb8_run-01_space-MNI152NLin2009cAsym_desc-preproc_bold.nii.gz,0.4600000083446502,914,96,113,95,104,5.730769230769231,1.5151709777644229,1.1153846153846154,0.4251257337185714,5.615384615384615,1.679734678006881,0.0865384615384615,0.3076923076923077,0.78125,2.34375,2.85,5.155,0.0384615384615384,1.5865384615384617,102.83976100832236,229.6989252377132,-0.4259708637582794,5.7847731323752845,0.2055066588666554,1.1077967610548094,-0.437182023805238,5.676976371320476,0.3999325254189647,0.0769490165740957,1.620095589344693,0.2696115367144612,0.940699455862652,2.6308164469169464,1.1525434418634182,4.699646376358007
sub-0059,faces,ds007070/sub-0059/ses-02/func/sub-0059_ses-02_task-faces_acq-mb8_run-01_space-MNI152NLin2009cAsym_desc-preproc_bold.nii.gz,0.4600000083446502,914,96,125,95,120,5.9,1.4917138076835026,1.0916666666666666,0.3665838969477526,5.808333333333334,1.6051169926905915,0.0666666666666666,0.2583333333333333,0.7419354838709677,2.3870967741935485,2.669491525423729,4.133474576271187,0.0166666666666666,1.7166666666666666,101.01261725802708,226.2122127450184,0.715442278962596,5.833338347490569,-0.1375303163763124,1.0965352594567377,0.6438193777112476,5.736803088033833,0.0232036415596383,0.0662617998830402,-0.6482290413249715,0.2728160453681417,-0.1018506013101175,2.694271174110668,-0.6289575850177157,4.398359267569677
sub-0060,faces,ds007070/sub-0060/ses-02/func/sub-0060_ses-02_task-faces_acq-mb8_run-01_space-MNI152NLin2009cAsym_desc-preproc_bold.nii.gz,0.4600000083446502,914,96,113,95,106,5.69811320754717,1.4617003231446049,1.0943396226415094,0.3245011376249029,5.60377358490566,1.5594824860954528,0.0849056603773584,0.3018867924528302,0.59375,2.125,2.576923076923077,4.655048076923077,0.0188679245283018,1.5566037735849056,98.98414314125417,224.3486209575493,-1.2802231515273073,5.836203341096954,0.065951397626676,1.091846685541898,-1.192956557729868,5.744356655555055,1.0087944929757395,0.0635793783784565,0.9788152771673132,0.2734972637301419,-0.324347873884876,2.64974195172898,-0.1864830902736049,4.743426718165093
sub-0061,faces,ds007070/sub-0061/ses-02/func/sub-0061_ses-02_task-faces_acq-mb8_run-01_space-MNI152NLin2009cAsym_desc-preproc_bold.nii.gz,0.4600000083446502,914,96,135,95,123,5.747967479674797,1.434890159359093,1.0406504065040652,0.1982866770381132,5.7073170731707314,1.4806495435354348,0.040650406504065,0.2520325203252032,0.7096774193548387,2.193548387096774,2.2975206611570247,3.541838842975207,0.016260162601626,1.6585365853658536,110.21183588194567,229.23671369898096,-0.4701942373789016,5.790510516232823,-1.237801252933078,1.0970619624309974,0.1230304357295216,5.693448553801827,-1.1646819976953826,0.0636686789317373,-1.4268142645545228,0.2766042672475554,-1.89575028575334,2.7569057232172804,-1.560504816294328,4.129325594277071
sub-0062,faces,ds007070/sub-0062/ses-02/func/sub-0062_ses-02_task-faces_acq-mb8_run-01_space-MNI152NLin2009cAsym_desc-preproc_bold.nii.gz,0.4600000083446502,914,96,131,95,125,5.944,1.6179636743798986,1.04,0.2341766633920197,5.904,1.6334408566758896,0.032,0.256,0.625,2.375,2.6451612903225805,3.983870967741936,0.008,1.736,95.17838677278148,229.83423229798225,1.1786453035065272,5.816019291784847,-1.6937174751150628,1.0983774226347809,1.460637989071634,5.717641869150066,-1.6905056500126716,0.0669817093840795,-0.5617961565243919,0.2681947515573216,-0.1558320784417919,2.6883207595621723,-0.3243673683181837,4.126731834554026
sub-0064,faces,ds007070/sub-0064/ses-02/func/sub-0064_ses-02_task-faces_acq-mb8_run-01_space-MNI152NLin2009cAsym_desc-preproc_bold.nii.gz,0.4600000083446502,914,96,121,95,114,5.7105263157894735,1.4917097407434143,1.0614035087719298,0.3335273461157999,5.649122807017544,1.545661677141282,0.043859649122807,0.2543859649122807,0.5517241379310345,1.9655172413793105,2.7964601769911503,4.605088495575221,0.0087719298245614,1.6140350877192982,99.16018288727656,217.74781717064687,-0.7725034364643585,5.774339185972857,-0.9402434452180642,1.096849928143824,-0.2913592615693393,5.677489257829032,-0.8518954789114276,0.0661826961434277,-0.8158360063055848,0.271696280461233,0.5628234157066254,2.639459255476358,0.4382818857167151,4.411013886212838
sub-0065,faces,ds007070/sub-0065/ses-02/func/sub-0065_ses-02_task-faces_acq-mb8_run-01_space-MNI152NLin2009cAsym_desc-preproc_bold.nii.gz,0.4600000083446502,914,96,129,95,116,5.7844827586206895,1.3756012723786335,1.103448275862069,0.3330833645442713,5.681034482758621,1.4661344497990476,0.0948275862068965,0.2327586206896551,0.7037037037037037,2.3703703703703702,2.8521739130434782,4.6255434782608695,0.0086206896551724,1.6206896551724137,88.52061168203396,224.0672148609092,-0.0105528088549095,5.785438926862426,0.0015047635781314,1.1033924235342094,-0.0095647594978708,5.682046503328215,1.1446102054033966,0.0716935549535504,-2.0932748894040487,0.2722036964283539,0.5792603792046651,2.714134168833409,0.953238891255955,4.261093031918734
sub-0066,faces,ds007070/sub-0066/ses-02/func/sub-0066_ses-02_task-faces_acq-mb8_run-01_space-MNI152NLin2009cAsym_desc-preproc_bold.nii.gz,0.4600000083446502,914,96,115,95,103,5.786407766990291,1.411788501607948,1.0679611650485437,0.3212150926279192,5.718446601941747,1.491265259134365,0.0485436893203883,0.2815533980582524,0.7586206896551724,2.3448275862068964,2.613861386138614,4.728960396039604,0.0194174757281553,1.6116504854368932,106.45414499198596,229.54463934716057,-0.0614732177854329,5.793221579498771,-0.5923912284477967,1.0970871670631357,0.1755434620384259,5.696134412435637,-0.6063551203222481,0.0638530781273278,0.5751042996128752,0.2679047735025273,-0.194660119325115,2.667726689002497,0.0053382019242448,4.72657362181641
sub-0069,faces,ds007070/sub-0069/ses-02/func/sub-0069_ses-02_task-faces_acq-mb8_run-01_space-MNI152NLin2009cAsym_desc-preproc_bold.nii.gz,0.4600000083446502,914,96,127,95,118,5.991525423728813,1.7467711982415526,1.1101694915254237,0.4674699735333755,5.88135593220339,1.92229159685532,0.059322033898305,0.2796610169491525,0.7575757575757576,2.606060606060606,2.6695652173913045,4.289130434782609,0.0254237288135593,1.728813559322034,90.87221858702728,227.83273647635843,1.936017244822222,5.826929274649333,0.4297332830721002,1.0966081364810778,1.5961829895457156,5.730321138168256,-0.2651640074280686,0.0663929106590749,0.8993907609095828,0.2614679216009448,0.0107092872252729,2.6666611837886176,0.1037803210198576,4.242651015571463
sub-0070,faces,ds007070/sub-0070/ses-02/func/sub-0070_ses-02_task-faces_acq-mb8_run-01_space-MNI152NLin2009cAsym_desc-preproc_bold.nii.gz,0.4600000083446502,914,96,135,95,126,5.579365079365079,1.519753530560398,1.0873015873015872,0.3798913796303627,5.492063492063492,1.6235567461399392,0.0634920634920634,0.2222222222222222,0.6785714285714286,2.2857142857142856,3.306451612903226,5.039314516129032,0.0158730158730158,1.4603174603174602,101.44358143998366,229.15402799571893,-3.103295151642143,5.827175199300405,-0.4546235580365929,1.1037440536805654,-2.9580134325257976,5.72343114561984,-0.4167350086989692,0.0710733517673225,-1.899425344858523,0.2706815533261216,2.221501684770751,2.7438654889695537,2.453824791643211,4.099307219501454
sub-0073,faces,ds007070/sub-0073/ses-02/func/sub-0073_ses-02_task-faces_acq-mb8_run-01_space-MNI152NLin2009cAsym_desc-preproc_bold.nii.gz,0.4600000083446502,914,96,121,95,112,5.946428571428571,1.5057803682391788,1.0714285714285714,0.418368468018534,5.875,1.6226160614522718,0.0446428571428571,0.2767857142857143,0.8387096774193549,2.3870967741935485,2.690909090909091,4.678409090909091,0.0178571428571428,1.75,105.95863222297668,224.7672903281524,1.3343086924526473,5.807668912777407,-0.2786584412904226,1.0824163376646398,1.2965896285908427,5.725252575112767,-0.6367538935830908,0.0607991864921588,0.0799645808199337,0.2753782976585584,-0.1568430706875913,2.7308664119063253,0.1522278801915759,4.612956712630788
sub-0074,faces,ds007070/sub-0074/ses-02/func/sub-0074_ses-02_task-faces_acq-mb8_run-01_space-MNI152NLin2009cAsym_desc-preproc_bold.nii.gz,0.4600000083446502,914,96,124,95,116,5.646551724137931,1.516599803019485,1.0948275862068966,0.3724991572995912,5.551724137931035,1.6223698585775654,0.0775862068965517,0.2586206896551724,0.8,2.466666666666667,2.3684210526315788,3.925438596491228,0.0172413793103448,1.4913793103448276,88.77838561997127,229.38254452137156,-1.4724391201552138,5.806759293889004,-0.1365009109633894,1.100261722574604,-1.3039052082655742,5.706497571314401,0.3953134509870932,0.0684042869973592,-0.7622862745757407,0.2747273934114653,-1.0695814372377133,2.6479222817547288,-0.9326050006505644,4.357304083662585
sub-0075,faces,ds007070/sub-0075/ses-02/func/sub-0075_ses-02_task-faces_acq-mb8_run-01_space-MNI152NLin2009cAsym_desc-preproc_bold.nii.gz,0.4600000083446502,914,96,128,95,121,5.8347107438016526,1.5074653530458366,1.1074380165289257,0.4242965333459211,5.727272727272728,1.6733200530681511,0.0743801652892562,0.2479338842975206,0.7666666666666667,2.433333333333333,2.808333333333333,4.473958333333333,0.0082644628099173,1.6611570247933884,94.18429597235308,225.6973242662764,0.5693458798789409,5.783602622635509,-0.0127199262144172,1.108019669843597,0.4750152363782302,5.675582952791911,0.0145607028034365,0.073988601373605,-0.5747572955251858,0.2610622801659558,0.1101177669344262,2.781860671918317,0.1448749710951553,4.418658179091991
sub-0076,faces,ds007070/sub-0076/ses-02/func/sub-0076_ses-02_task-faces_acq-mb8_run-01_space-MNI152NLin2009cAsym_desc-preproc_bold.nii.gz,0.4600000083446502,914,96,128,95,125,5.872,1.5553031029145037,1.104,0.3772566508958606,5.768,1.6807064566867076,0.08,0.288,0.6944444444444444,2.2777777777777777,2.739837398373984,4.1310975609756095,0.016,1.688,102.56521430453527,226.06489707918337,0.7046462216245885,5.813805700559955,0.1068347510399291,1.1003968155650212,0.6648190551285826,5.713408884994933,0.7514813199035054,0.0669568271192894,0.8059448597689236,0.2704905501784304,0.1096784839248503,2.7104660865970263,-0.3883353935438095,4.310474357877465
sub-0077,faces,ds007070/sub-0077/ses-02/func/sub-0077_ses-02_task-faces_acq-mb8_run-01_space-MNI152NLin2009cAsym_desc-preproc_bold.nii.gz,0.4600000083446502,914,96,128,95,121,5.793388429752066,1.4371114278991546,1.0578512396694215,0.234432671967775,5.735537190082645,1.5097935567560348,0.0578512396694214,0.2809917355371901,0.6470588235294118,2.176470588235294,2.235294117647059,3.446428571428572,0.0165289256198347,1.6611570247933884,85.77053066031814,224.7903318387044,0.0414266284372304,5.789387250656607,-1.3667919817087837,1.0944404472804057,0.3780603001663354,5.694946803376201,-0.5049964200616364,0.0658540247643019,0.4359681749281527,0.2721815993684454,-2.000442117944905,2.703181078695011,-2.36640968583307,4.296482732717757
sub-0078,faces,ds007070/sub-0078/ses-02/func/sub-0078_ses-02_task-faces_acq-mb8_run-01_space-MNI152NLin2009cAsym_desc-preproc_bold.nii.gz,0.4600000083446502,914,96,119,95,110,5.8,1.39329982547538,1.1545454545454543,0.6085983842631962,5.6454545454545455,1.5597362964388213,0.0909090909090909,0.2272727272727272,0.72,2.36,2.685185185185185,4.72800925925926,0.0181818181818181,1.5727272727272728,105.84667062520596,226.64155881596315,0.066535984430481,5.794178441962043,1.5531449535107675,1.0936308527095768,-0.5583132767584064,5.700547589252467,1.0882009493144105,0.0681358928434717,-2.194574511155708,0.266434949060133,-0.0037381831072351,2.686114649068253,0.3499026819514517,4.57657786796368
sub-0079,faces,ds007070/sub-0079/ses-02/func/sub-0079_ses-02_task-faces_acq-mb8_run-01_space-MNI152NLin2009cAsym_desc-preproc_bold.nii.gz,0.4600000083446502,914,96,127,95,119,5.73109243697479,1.4183869986092204,1.0588235294117647,0.2362890232163196,5.6722689075630255,1.4907013688675916,0.0588235294117647,0.2773109243697479,0.696969696969697,2.1515151515151514,2.452991452991453,3.893162393162393,0.0168067226890756,1.6050420168067228,110.43844520390502,226.0588130099921,-0.8409394423322151,5.813379559198607,-1.3667973438699632,1.1079950394313396,-0.290914373961874,5.705384519767269,-0.7841855363585957,0.0769566100959548,0.4174692584819869,0.2669058839686776,-0.789310520790388,2.637458426795998,-0.8775385756848643,4.235575707573686
sub-0080,faces,ds007070/sub-0080/ses-02/func/sub-0080_ses-02_task-faces_acq-mb8_run-01_space-MNI152NLin2009cAsym_desc-preproc_bold.nii.gz,0.4600000083446502,914,96,128,95,117,6.0,1.444370761456948,1.0769230769230769,0.4184092649516111,5.923076923076923,1.5600278852163254,0.0512820512820512,0.2735042735042735,0.4375,1.96875,2.6,4.128260869565217,0.017094017094017,1.794871794871795,101.55378235566934,228.16581233744935,1.7237538675190816,5.830515640458716,-0.305150392896313,1.0872430063487042,1.5284569304768347,5.743272634110011,-0.7341571392422865,0.0659091634263804,0.0532800754087583,0.2722190895286873,-0.4645459025203467,2.7255939226143258,-0.4017877562912607,4.330479224995957
sub-0081,faces,ds007070/sub-0081/ses-02/func/sub-0081_ses-02_task-faces_acq-mb8_run-01_space-MNI152NLin2009cAsym_desc-preproc_bold.nii.gz,0.4600000083446502,914,96,130,95,119,5.80672268907563,1.4038525136473787,1.0672268907563025,0.2831748707183467,5.739495798319328,1.4755762153664167,0.0588235294117647,0.2521008403361344,0.7333333333333333,2.333333333333333,2.341880341880342,3.717948717948718,0.0168067226890756,1.6470588235294117,105.45480448076508,229.93377610305996,0.3666829475492838,5.775533590100098,-0.7586439051621343,1.096203424416206,0.632726557658956,5.679330165683892,-0.3691568045923177,0.0669021463501342,-0.7568186253071222,0.2698781972433881,-0.8823945138317302,2.625414651548417,-0.7173466603134621,4.078715438018088
sub-0082,faces,ds007070/sub-0082/ses-02/func/sub-0082_ses-02_task-faces_acq-mb8_run-01_space-MNI152NLin2009cAsym_desc-preproc_bold.nii.gz,0.4600000083446502,914,96,120,95,115,5.643478260869565,1.4820049503186143,1.1217391304347826,0.4006097564515242,5.521739130434782,1.563553230075631,0.0956521739130434,0.2521739130434782,0.6206896551724138,2.1724137931034484,2.745614035087719,4.662280701754386,0.008695652173913,1.5217391304347827,94.91561040125622,229.19584849793048,-1.6275127929993136,5.804362239124747,0.8059503066213796,1.0918510844953064,-1.782575982515146,5.712511154629441,1.0992048494542883,0.0673123495537058,-0.609167561166313,0.2652569466022029,0.0854780605120451,2.721296455538625,0.0857487262967787,4.620799926666464
sub-0083,faces,ds007070/sub-0083/ses-02/func/sub-0083_ses-02_task-faces_acq-mb8_run-01_space-MNI152NLin2009cAsym_desc-preproc_bold.nii.gz,0.4600000083446502,914,96,117,95,103,5.825242718446602,1.4513495036298647,1.116504854368932,0.6309185782865998,5.70873786407767,1.6126404359649174,0.0679611650485436,0.2621359223300971,0.7777777777777778,2.259259259259259,3.049019607843137,5.611519607843137,0.0097087378640776,1.5922330097087378,90.98341545617804,226.78234837782423,0.2859090676954536,5.79853032048649,1.4076649651272828,1.0816027126466967,-0.0804443778623013,5.716927607839793,0.4436162043913552,0.0604787860634931,-0.3487877877323442,0.2700633383559767,1.4269342692765568,2.6853616838148717,2.239164806380646,4.639601722262139
sub-0084,faces,ds007070/sub-0084/ses-02/func/sub-0084_ses-02_task-faces_acq-mb8_run-01_space-MNI152NLin2009cAsym_desc-preproc_bold.nii.gz,0.4600000083446502,914,96,115,95,110,5.854545454545455,1.3398367943632568,1.1727272727272726,0.6186562963478527,5.681818181818182,1.5734716958522137,0.1,0.2909090909090909,0.65625,2.21875,2.7314814814814814,4.644675925925926,0.0181818181818181,1.6181818181818182,105.7049867065415,229.75317849361517,0.4892708846989234,5.809008415369246,2.051351653811877,1.085702447895791,-0.3656750826909635,5.723305967473456,2.021815228648735,0.058003245007998,0.9956115074562628,0.2675561908823596,0.6004317433724693,2.5484656457223127,0.2244951110529911,4.518185944104737
sub-0085,faces,ds007070/sub-0085/ses-02/func/sub-0085_ses-02_task-faces_acq-mb8_run-01_space-MNI152NLin2009cAsym_desc-preproc_bold.nii.gz,0.4600000083446502,914,96,120,95,112,5.839285714285714,1.3985421716631237,1.0178571428571428,0.1330273193606024,5.821428571428571,1.421927924291179,0.0178571428571428,0.2410714285714285,0.7037037037037037,2.333333333333333,2.756756756756757,4.497184684684685,0.0089285714285714,1.7321428571428572,102.25586707422028,224.03475354292368,0.6005553637163137,5.770336815648643,-2.4216245506599163,1.0978278308565732,1.1842847455289356,5.67250898479207,-2.82791752216326,0.0701777720369581,-1.471175083172923,0.275548739281245,0.1328911831308435,2.715288860158901,-0.132271113564948,4.567338544422109
sub-0086,faces,ds007070/sub-0086/ses-02/func/sub-0086_ses-02_task-faces_acq-mb8_run-01_space-MNI152NLin2009cAsym_desc-preproc_bold.nii.gz,0.4600000083446502,914,96,123,95,117,5.863247863247863,1.4674983575505285,1.1111111111111112,0.6127633533453721,5.752136752136752,1.5914967088376542,0.0598290598290598,0.282051282051282,0.5151515151515151,2.0,2.3421052631578947,3.756578947368421,0.0256410256410256,1.6837606837606838,102.50761898096704,229.63054051691503,0.5247517256211158,5.812964093818561,0.354045012535142,1.0962555129614606,0.3039654694110081,5.716708580857099,-0.2884562681384725,0.0664995233076912,0.5949442302860453,0.2692519840996272,-1.051023757881212,2.6567225665958403,-1.2534465362445666,4.386065194362597
sub-0087,faces,ds007070/sub-0087/ses-02/func/sub-0087_ses-02_task-faces_acq-mb8_run-01_space-MNI152NLin2009cAsym_desc-preproc_bold.nii.gz,0.4600000083446502,914,96,143,95,132,5.7727272727272725,1.5162776291682765,1.143939393939394,0.4806575610092439,5.628787878787879,1.6317709343354634,0.106060606060606,0.2878787878787879,0.7105263157894737,2.3684210526315788,2.6793893129771,3.803435114503817,0.0075757575757575,1.5833333333333333,94.919130983881,220.304291098042,-0.3930760262289244,5.810051995376639,0.8052274432057501,1.1139756195085468,-0.7328331459487611,5.696076375868094,1.0496187841316988,0.0823730211913836,1.4890747816454497,0.261675928947025,-0.2111967142072203,2.727387545379966,-0.1680896166135581,3.856953140528879
sub-0088,faces,ds007070/sub-0088/ses-02/func/sub-0088_ses-02_task-faces_acq-mb8_run-01_space-MNI152NLin2009cAsym_desc-preproc_bold.nii.gz,0.4600000083446502,914,96,130,95,120,5.775,1.386989363981685,1.075,0.3469555465192972,5.7,1.464424055772798,0.05,0.2666666666666666,0.75,2.25,2.7288135593220337,4.398305084745763,0.0166666666666666,1.6166666666666667,97.1617220022545,229.7994343203786,-0.1355254800509235,5.789395696285765,-0.7543448789820739,1.1029712687414817,0.1054874626549763,5.6864244275442815,-1.1539625293297664,0.0754834010957097,0.0273867771676135,0.266173614686185,0.0434387218883755,2.7199198500935804,0.4092613909352515,4.25467393924628
sub-0089,faces,ds007070/sub-0089/ses-02/func/sub-0089_ses-02_task-faces_acq-mb8_run-01_space-MNI152NLin2009cAsym_desc-preproc_bold.nii.gz,0.4600000083446502,914,96,124,95,115,5.860869565217391,1.4197044201988895,1.191304347826087,0.6995694437008223,5.6695652173913045,1.6261122462413375,0.1130434782608695,0.2347826086956521,0.6296296296296297,2.333333333333333,2.25,3.662946428571429,0.0260869565217391,1.582608695652174,99.6392133728754,228.4052152217305,0.7619024822759239,5.781579419563153,1.8819678844390269,1.1100232989543786,-0.0164972974885307,5.6715561206087735,1.575624439436327,0.0741388934004307,-1.925849641995848,0.2731853471156666,-1.3169997775020166,2.662731678306464,-1.230984481063624,4.309243876502662
sub-0090,faces,ds007070/sub-0090/ses-02/func/sub-0090_ses-02_task-faces_acq-mb8_run-01_space-MNI152NLin2009cAsym_desc-preproc_bold.nii.gz,0.4600000083446502,914,96,118,95,110,5.890909090909091,1.5524201558481423,1.1,0.4052408956241196,5.790909090909091,1.659531571718741,0.0727272727272727,0.2727272727272727,0.7,2.4,2.685185185185185,4.59837962962963,0.0181818181818181,1.7,102.21524310326691,229.8052276481624,0.9304690541436051,5.815287190725087,0.5784213790615024,1.0794049922230906,0.637726543076953,5.735882198501995,0.8187272237704356,0.056771003215487,0.1899022471393688,0.2683377111361398,0.2152384682396286,2.6367547714677744,0.0757674601795217,4.566415004690819
sub-0091,faces,ds007070/sub-0091/ses-02/func/sub-0091_ses-02_task-faces_acq-mb8_run-01_space-MNI152NLin2009cAsym_desc-preproc_bold.nii.gz,0.4600000083446502,914,96,116,95,106,5.962264150943396,1.4535639504786768,1.160377358490566,0.6193205563215869,5.80188679245283,1.6237511615641858,0.0943396226415094,0.2547169811320754,0.7777777777777778,2.3703703703703702,2.5865384615384617,4.594951923076923,0.0188679245283018,1.7358490566037736,97.1439249081101,228.1289722091346,1.4525986142486862,5.813062361834134,1.849200739721051,1.0836858118943575,0.622602716734635,5.729376549939775,1.5285165969888117,0.0596279620800787,-0.6979281702053701,0.2702227884272528,-0.1576572862398191,2.633503554919829,0.0344852104926606,4.578204475596641
sub-0092,faces,ds007070/sub-0092/ses-02/func/sub-0092_ses-02_task-faces_acq-mb8_run-01_space-MNI152NLin2009cAsym_desc-preproc_bold.nii.gz,0.4600000083446502,914,96,122,95,115,5.930434782608696,1.3683242352654017,1.0608695652173914,0.2742439854204335,5.869565217391305,1.454103323692144,0.0521739130434782,0.2695652173913043,0.5806451612903226,1.935483870967742,2.473684210526316,4.119517543859649,0.008695652173913,1.7652173913043478,96.49042472494682,227.4034594599675,1.4525087830866017,5.8130266175303245,-0.9609197415390804,1.1003295971704323,1.6242933177603671,5.712697020359892,-0.731484477381756,0.0688547479135091,0.0300809061261366,0.2688534490208508,-0.6577302899071776,2.6453836626073115,-0.5796534252638235,4.380048841602311
sub-0093,faces,ds007070/sub-0093/ses-02/func/sub-0093_ses-02_task-faces_acq-mb8_run-01_space-MNI152NLin2009cAsym_desc-preproc_bold.nii.gz,0.4600000083446502,914,96,116,95,106,5.783018867924528,1.4074950188942197,1.1132075471698113,0.4844388942149588,5.669811320754717,1.5101037372956965,0.0754716981132075,0.2358490566037736,0.68,2.28,2.980952380952381,5.463095238095238,0.0094339622641509,1.6037735849056605,106.21800174936752,228.15433988817804,-0.3280982545808608,5.808730969413427,0.2002648649443934,1.104224334991614,-0.3669969752099866,5.7045066344218105,0.4386519937450563,0.0663374657910777,-1.0901580371567252,0.2647986787510313,0.9721702091467392,2.698094631766925,1.5254770169347804,4.685445047264387
sub-0094,faces,ds007070/sub-0094/ses-02/func/sub-0094_ses-02_task-faces_acq-mb8_run-01_space-MNI152NLin2009cAsym_desc-preproc_bold.nii.gz,0.4600000083446502,914,96,125,95,120,5.791666666666667,1.3896123232627096,1.1,0.4180788394147527,5.691666666666666,1.5051498897040756,0.0666666666666666,0.275,0.6666666666666666,2.1515151515151514,2.4453781512605044,3.809873949579832,0.0083333333333333,1.6166666666666667,101.09675981729212,228.5114592445865,0.301845055778293,5.7658480781158215,-0.2717888815786157,1.10947484469373,0.3603519317465053,5.656373233422092,-0.4519540442944113,0.0774283446026959,0.2829914098491524,0.2696709646971011,-1.1283372958629834,2.711763447050181,-1.5371219810196546,4.43338990107935
sub-0095,faces,ds007070/sub-0095/ses-02/func/sub-0095_ses-02_task-faces_acq-mb8_run-01_space-MNI152NLin2009cAsym_desc-preproc_bold.nii.gz,0.4600000083446502,914,96,123,95,110,5.572727272727272,1.3440940532641368,1.1181818181818182,0.4833335729965948,5.454545454545454,1.493941057483872,0.0818181818181818,0.3181818181818182,0.5714285714285714,1.9428571428571428,2.588785046728972,4.418224299065421,0.0272727272727272,1.5,99.79858474651792,225.7770148912908,-2.061732992907029,5.806821134145196,0.9943662789410954,1.0785849459093002,-2.186404619584891,5.728236188235896,1.248470141067698,0.0544092807460299,2.7991175340355943,0.2683046969262955,-0.5950268842682074,2.7547918250710475,-0.2685695665671307,4.55766218819802
sub-0098,faces,ds007070/sub-0098/ses-02/func/sub-0098_ses-02_task-faces_acq-mb8_run-01_space-MNI152NLin2009cAsym_desc-preproc_bold.nii.gz,0.4600000083446502,914,96,114,95,105,5.895238095238096,1.5249452040836995,1.0476190476190477,0.2549868918558658,5.847619047619047,1.6039671513814189,0.0380952380952381,0.2952380952380952,0.6451612903225806,2.3548387096774195,2.4563106796116503,4.284587378640777,0.019047619047619,1.6857142857142855,86.58601862690405,219.56370984530332,0.9884612382092786,5.80250610921114,-1.300758819465185,1.0979932144295352,1.2826577682920817,5.704512894781605,-1.3786814424005334,0.068035628170424,0.8940839662006618,0.2774416953921135,-1.335279704697539,2.7084573727726515,-1.469912210682254,4.852487014798727
sub-0099,faces,ds007070/sub-0099/ses-02/func/sub-0099_ses-02_task-faces_acq-mb8_run-01_space-MNI152NLin2009cAsym_desc-preproc_bold.nii.gz,0.4600000083446502,914,96,128,95,121,5.743801652892562,1.40551844301806,1.115702479338843,0.4318580523858137,5.628099173553719,1.528246442849662,0.0826446280991735,0.256198347107438,0.7419354838709677,2.3225806451612905,3.083333333333333,4.784375,0.0082644628099173,1.5537190082644627,106.52461458462784,222.3946445566013,-0.9511334659397422,5.820286547325807,0.3937133328115081,1.0996110902044889,-0.9607814271757384,5.720675457121318,0.6812377316005406,0.0687508959196991,-0.3885175134826625,0.2650167345483691,1.5619143504088724,2.707449839236374,1.3802931981332176,4.267069954264669
sub-0100,faces,ds007070/sub-0100/ses-02/func/sub-0100_ses-02_task-faces_acq-mb8_run-01_space-MNI152NLin2009cAsym_desc-preproc_bold.nii.gz,0.4600000083446502,914,96,134,95,126,5.896825396825397,1.43012930928285,1.0952380952380951,0.3447566429485337,5.801587301587301,1.5074207973613276,0.0793650793650793,0.2301587301587301,0.6206896551724138,2.3448275862068964,2.7419354838709675,3.997983870967742,0.0158730158730158,1.6587301587301588,101.57291021934108,229.71950904344868,0.8577147511233567,5.818800978441572,-0.0936409332869982,1.0993693341340227,0.7932836623150804,5.719431644307548,0.3671827619862323,0.070438130823734,-1.5741800106053008,0.2622493776236155,0.1462958729280471,2.703455722315135,-0.1986327283315918,4.08433620148413
sub-0101,faces,ds007070/sub-0101/ses-02/func/sub-0101_ses-02_task-faces_acq-mb8_run-01_space-MNI152NLin2009cAsym_desc-preproc_bold.nii.gz,0.4600000083446502,914,96,123,95,113,5.672566371681416,1.514468776950862,1.0884955752212389,0.3909128995946951,5.584070796460177,1.6296672738674416,0.0619469026548672,0.2654867256637168,0.8,2.533333333333333,2.5892857142857144,4.373883928571429,0.0088495575221238,1.5486725663716814,100.8764389831241,229.53021019938555,-0.9840725474174378,5.782022784886114,-0.2737330991567347,1.0977558790459008,-0.9064979135869636,5.684266905840214,-0.2892300987030037,0.0685753507762235,-0.2723418613748352,0.2709313465273075,-0.1388819512597543,2.623695074377592,0.0834260900136509,4.339007527686701
sub-0102,faces,ds007070/sub-0102/ses-02/func/sub-0102_ses-02_task-faces_acq-mb8_run-01_space-MNI152NLin2009cAsym_desc-preproc_bold.nii.gz,0.4600000083446502,914,96,107,95,99,5.929292929292929,1.430374043078509,1.1111111111111112,0.5512303287042963,5.818181818181818,1.5802585448734774,0.0505050505050505,0.2626262626262626,0.6923076923076923,2.1153846153846154,2.653061224489796,4.947704081632653,0.0101010101010101,1.7474747474747474,93.93288751799868,229.7043155064028,0.944616653112086,5.804433374153542,0.495322536141726,1.093133714176198,0.7897528976959002,5.711299659977345,-0.6030620217308118,0.0643123158207398,-0.2762589791557622,0.2691559984167552,0.1841002185216794,2.6018379269150222,0.0009937233924195,4.94713648772058
sub-0103,faces,ds007070/sub-0103/ses-02/func/sub-0103_ses-02_task-faces_acq-mb8_run-01_space-MNI152NLin2009cAsym_desc-preproc_bold.nii.gz,0.4600000083446502,914,96,129,95,115,5.843478260869565,1.4605412620094087,1.0782608695652174,0.3005207785955212,5.765217391304348,1.540849815550125,0.0695652173913043,0.2782608695652174,0.59375,2.03125,2.4107142857142856,3.924107142857143,0.0260869565217391,1.608695652173913,102.69290907951968,224.53492213651347,0.18399679738964,5.823195479209982,-0.3491556174688897,1.0920228748775855,0.2624709251877102,5.731172604332396,0.2836609511380043,0.0630147002957185,0.1317101506104048,0.2752688995185458,-0.9246969062494034,2.6554227158765213,-0.5765341619370697,4.184228000927024
sub-0104,faces,ds007070/sub-0104/ses-02/func/sub-0104_ses-02_task-faces_acq-mb8_run-01_space-MNI152NLin2009cAsym_desc-preproc_bold.nii.gz,0.4600000083446502,914,96,125,95,115,5.695652173913044,1.3839551321413277,1.1130434782608696,0.4914214504401571,5.582608695652174,1.5331575530192136,0.0695652173913043,0.3043478260869565,0.5714285714285714,1.9714285714285715,2.5486725663716814,4.29424778761062,0.017391304347826,1.556521739130435,110.61925244223656,229.29448215846543,-1.2349162977504942,5.820501567124,0.60952868613073,1.0864808400443295,-1.2755484170691775,5.7340207270796695,0.3842409094629317,0.0603219521699738,1.6042326235611906,0.2704920913035706,-0.7001813878037754,2.7302521323736184,-0.2841932407990559,4.418639314065922
sub-0105,faces,ds007070/sub-0105/ses-02/func/sub-0105_ses-02_task-faces_acq-mb8_run-01_space-MNI152NLin2009cAsym_desc-preproc_bold.nii.gz,0.4600000083446502,914,96,126,95,118,5.788135593220339,1.501291153226609,1.152542372881356,0.6488269315295736,5.635593220338983,1.7030151955261466,0.0847457627118644,0.2796610169491525,0.696969696969697,2.272727272727273,2.834782608695652,4.297826086956522,0.0254237288135593,1.5593220338983051,96.14394484363048,229.24985434213608,-0.1129705073396782,5.797900739039776,1.5066611378909074,1.0938055721032955,-0.7003908362447937,5.704095166936481,0.7679160428606062,0.0657553004039673,0.9497718914459264,0.2603431770007151,0.368004768435938,2.710383548120009,-0.1657013229839196,4.390501189126575
sub-0106,faces,ds007070/sub-0106/ses-02/func/sub-0106_ses-02_task-faces_acq-mb8_run-01_space-MNI152NLin2009cAsym_desc-preproc_bold.nii.gz,0.4600000083446502,914,96,117,95,109,5.770642201834862,1.5434030913136685,1.1559633027522935,0.5958857696678909,5.614678899082569,1.715443236540157,0.0825688073394495,0.2477064220183486,0.7407407407407407,2.259259259259259,3.083333333333333,5.357638888888889,0.0091743119266055,1.5871559633027523,95.65237480158136,225.76653159847385,-0.1639509360918259,5.78503250617491,1.7321733335524527,1.0865955009888533,-0.9543805381578584,5.698437005186057,1.2757341292321465,0.0593924186847932,-1.112584937615702,0.2702645457214853,1.7066747674618117,2.6153509862885205,1.8379082964901552,4.475899401707752
sub-0107,faces,ds007070/sub-0107/ses-02/func/sub-0107_ses-02_task-faces_acq-mb8_run-01_space-MNI152NLin2009cAsym_desc-preproc_bold.nii.gz,0.4600000083446502,914,96,118,95,106,5.943396226415095,1.351050305215805,1.1320754716981132,0.4380796122061922,5.811320754716981,1.499925125414883,0.1037735849056603,0.2924528301886792,0.5483870967741935,2.129032258064516,2.423076923076923,4.241586538461538,0.0188679245283018,1.7358490566037736,100.31413767129652,228.32213817211056,1.2038323030080669,5.807585881215115,1.000352272944827,1.097667139238779,0.8230925078547894,5.709918741976337,1.97315464629918,0.0691237046161546,1.1661421612848653,0.2707558445624822,-0.8426990085571396,2.65302127376917,-0.6107067591554269,4.546818768441699
sub-0109,faces,ds007070/sub-0109/ses-02/func/sub-0109_ses-02_task-faces_acq-mb8_run-01_space-MNI152NLin2009cAsym_desc-preproc_bold.nii.gz,0.4600000083446502,914,96,126,95,118,5.796610169491525,1.4533152317968117,1.0847457627118644,0.3087407893069718,5.711864406779661,1.5420138620285184,0.0762711864406779,0.2796610169491525,0.7878787878787878,2.393939393939394,3.189655172413793,4.96875,0.0169491525423728,1.61864406779661,102.55375597650294,228.2286498687824,-0.390787022602224,5.8382114354856185,-0.1753779549467808,1.0916758625489176,-0.2773144160882023,5.7465355729367,0.6279379451730989,0.0611477627275738,0.9061690726736124,0.2589282838009523,2.454558509475256,2.60694715262872,2.043558638460472,4.203828020196732
sub-0111,faces,ds007070/sub-0111/ses-02/func/sub-0111_ses-02_task-faces_acq-mb8_run-01_space-MNI152NLin2009cAsym_desc-preproc_bold.nii.gz,0.4600000083446502,914,96,132,95,125,5.728,1.455667455820691,1.072,0.2889357557792768,5.656,1.5455659783873308,0.064,0.224,0.75,2.4285714285714284,2.467741935483871,3.668346774193549,0.008,1.608,93.39394612126888,229.61091005476672,-0.7010171653748497,5.792677776044841,-0.619893232160912,1.0936090185968068,-0.4102311138580114,5.699068757448036,-0.0805150493542339,0.0661815725120716,-2.915659189533601,0.2674399293192591,-1.0306992685248042,2.72770777582124,-1.4281216857044168,4.209289233306824
sub-0112,faces,ds007070/sub-0112/ses-02/func/sub-0112_ses-02_task-faces_acq-mb8_run-01_space-MNI152NLin2009cAsym_desc-preproc_bold.nii.gz,0.4600000083446502,914,96,118,95,102,5.784313725490196,1.4530776554881892,1.0980392156862746,0.3856280442938679,5.686274509803922,1.573168538533283,0.0686274509803921,0.2647058823529412,0.7037037037037037,2.333333333333333,2.484848484848485,4.613636363636363,0.0294117647058823,1.6176470588235294,109.0227605226858,226.09859991440825,-0.3149876278300942,5.808689123281039,0.3470851726890894,1.0861535080190912,-0.395955633434375,5.722535615261948,0.3214933247795442,0.061279548037501,-0.2629982898058965,0.2706507751556064,-1.0566844749591404,2.73753705077938,-0.1317359507228343,4.6688214934940975
sub-0114,faces,ds007070/sub-0114/ses-02/func/sub-0114_ses-02_task-faces_acq-mb8_run-01_space-MNI152NLin2009cAsym_desc-preproc_bold.nii.gz,0.4600000083446502,914,96,132,95,126,5.603174603174603,1.5752046982122172,1.1111111111111112,0.4237399621885521,5.492063492063492,1.7005694657780104,0.0793650793650793,0.2698412698412698,0.7647058823529411,2.3529411764705883,2.6451612903225805,3.969758064516129,0.0158730158730158,1.468253968253968,108.09572473579654,226.37263817031084,-1.965798741933936,5.788569877788489,0.7137284131931985,1.091399525500294,-1.9033735580237867,5.697170352288196,0.5811390806762877,0.0673282925896962,-0.1184192252895576,0.2726517328231733,-0.2340164291414622,2.7077981875994146,-0.4586090762953886,4.170426221453442
sub-0115,faces,ds007070/sub-0115/ses-02/func/sub-0115_ses-02_task-faces_acq-mb8_run-01_space-MNI152NLin2009cAsym_desc-preproc_bold.nii.gz,0.4600000083446502,914,96,123,95,113,5.716814159292035,1.600608291448869,1.168141592920354,0.6801083798512325,5.548672566371682,1.797772185047361,0.0884955752212389,0.2566371681415929,0.6206896551724138,2.1379310344827585,2.7,4.3784090909090905,0.0265486725663716,1.5221238938053097,106.8795669056598,228.9355615691521,-0.5125966714512662,5.775847423589933,1.9310341470136,1.094558845367694,-1.0449615236527727,5.6812885782222375,0.806238397157565,0.0698928516821817,-0.7737109224100543,0.2721474928988419,0.140537998112691,2.660526630999049,0.0307953985234571,4.36351070831625
sub-0116,faces,ds007070/sub-0116/ses-02/func/sub-0116_ses-02_task-faces_acq-mb8_run-01_space-MNI152NLin2009cAsym_desc-preproc_bold.nii.gz,0.4600000083446502,914,96,123,95,115,5.834782608695652,1.4137820049744678,1.1043478260869566,0.5359679396584499,5.730434782608696,1.535096654654173,0.0608695652173913,0.2608695652173913,0.8666666666666667,2.466666666666667,2.3893805309734515,3.9535398230088497,0.017391304347826,1.7130434782608697,99.06305633404892,227.0662333218782,0.25119607126882,5.806797094920468,0.4502150251136192,1.0881542942930638,0.093416274459106,5.718642800627405,0.015487586525964,0.0604966056431843,-0.0638770596606195,0.2622980626054444,-1.1959414441032112,2.706064575960086,-1.1077788921160476,4.450317117743859
sub-0118,faces,ds007070/sub-0118/ses-02/func/sub-0118_ses-02_task-faces_acq-mb8_run-01_space-MNI152NLin2009cAsym_desc-preproc_bold.nii.gz,0.4600000083446502,914,96,126,95,117,5.888888888888889,1.5579483512408554,1.1025641025641026,0.4022483232132254,5.786324786324786,1.6908937640167363,0.0769230769230769,0.2564102564102564,0.7333333333333333,2.2,3.0,4.707974137931035,0.0085470085470085,1.6837606837606838,100.9003135254974,227.60389264369348,0.607587520325114,5.827369235943069,0.3650475156900017,1.090185127547587,0.4263535018836761,5.737184108395484,0.4908796975847275,0.0649394378988431,-0.4593128629131431,0.2687180403947181,1.057062575221067,2.700941330171583,0.7732655246074288,4.340312816296029
sub-0122,faces,ds007070/sub-0122/ses-02/func/sub-0122_ses-02_task-faces_acq-mb8_run-01_space-MNI152NLin2009cAsym_desc-preproc_bold.nii.gz,0.4600000083446502,914,96,127,95,116,5.827586206896552,1.37224577636975,1.1206896551724137,0.6207312996191158,5.706896551724138,1.5094902184645584,0.0689655172413793,0.2844827586206896,0.6363636363636364,2.121212121212121,2.3893805309734515,3.9557522123893807,0.0258620689655172,1.6206896551724137,104.52485885634805,228.6291308846202,0.3482907744008375,5.799826917474365,0.4462473923755167,1.1021773700929387,0.106189129274503,5.697649547381426,-0.1030554922369348,0.071338923355874,0.7275004608144547,0.2706465069425288,-1.5760340006273588,2.7615841889824337,-1.325471584942258,4.4502202883339645
sub-0123,faces,ds007070/sub-0123/ses-02/func/sub-0123_ses-02_task-faces_acq-mb8_run-01_space-MNI152NLin2009cAsym_desc-preproc_bold.nii.gz,0.4600000083446502,914,96,128,95,111,5.747747747747748,1.504348052500838,1.108108108108108,0.3896700551014304,5.63963963963964,1.622527729376676,0.081081081081081,0.2792792792792792,0.7419354838709677,2.4516129032258065,2.36697247706422,4.246559633027523,0.018018018018018,1.6396396396396395,90.64001304039532,220.6028548099113,-0.7642252582528112,5.807788352684702,0.232538017348809,1.0975185064141468,-0.8438087815479198,5.710269846270555,0.5813285895916227,0.0661622012121632,0.513813846695112,0.2685033854531978,-0.9557921418056112,2.6895865847709044,0.020284320622416,4.234906998259003
sub-0124,faces,ds007070/sub-0124/ses-02/func/sub-0124_ses-02_task-faces_acq-mb8_run-01_space-MNI152NLin2009cAsym_desc-preproc_bold.nii.gz,0.4600000083446502,914,96,133,95,121,5.8429752066115705,1.5000459129796102,1.033057851239669,0.2211290836261578,5.809917355371901,1.5400976678270375,0.024793388429752,0.2727272727272727,0.7272727272727273,2.4242424242424243,2.5126050420168067,3.803571428571429,0.0165289256198347,1.71900826446281,97.75215382727662,229.62800136372852,0.7158611575741723,5.785754073635681,-2.132564276483315,1.1068821581688193,1.43267007765549,5.6788719154668605,-2.146975920352668,0.0690839580287933,-0.1871793317191777,0.2761329914514592,-0.7278051988839939,2.6992331737760966,-0.8262889080385334,4.14216782804648
sub-0126,faces,ds007070/sub-0126/ses-02/func/sub-0126_ses-02_task-faces_acq-mb8_run-01_space-MNI152NLin2009cAsym_desc-preproc_bold.nii.gz,0.4600000083446502,914,96,133,95,125,5.728,1.4445447993812288,1.064,0.3964357329033052,5.664,1.5130827323179357,0.032,0.24,0.7333333333333333,2.433333333333333,2.6451612903225805,3.970766129032258,0.008,1.6,112.11936425719,228.9489994165877,-0.8159095274486396,5.803447300587687,-0.7669224795265783,1.0950340402023286,-0.4135230821061452,5.708413260385359,-1.502138565331103,0.0651712198538278,-1.710975598011231,0.2677175165888593,-0.3774687663851311,2.7568699751250247,-0.4104827772839721,4.159288536696691
sub-0127,faces,ds007070/sub-0127/ses-02/func/sub-0127_ses-02_task-faces_acq-mb8_run-01_space-MNI152NLin2009cAsym_desc-preproc_bold.nii.gz,0.4600000083446502,914,96,128,95,122,5.721311475409836,1.5171869090712946,1.180327868852459,0.738732367944111,5.540983606557377,1.73989427333205,0.0901639344262295,0.2459016393442623,0.7,2.2333333333333334,2.958333333333333,4.607291666666667,0.0163934426229508,1.5573770491803278,98.62165634094076,229.3856283551178,-1.3926252895467333,5.828398889642839,2.677203717205431,1.0849231086321005,-2.2542651006386483,5.743475781010736,1.4167668374436082,0.0596007201825765,-0.9964394538765656,0.2704267335725783,1.7070504836542426,2.6199928279861515,1.46924196671833,4.148785062212655
sub-0128,faces,ds007070/sub-0128/ses-02/func/sub-0128_ses-02_task-faces_acq-mb8_run-01_space-MNI152NLin2009cAsym_desc-preproc_bold.nii.gz,0.4600000083446502,914,96,133,95,121,5.735537190082645,1.464972098945473,1.1074380165289257,0.4619100362004486,5.628099173553719,1.597561847550608,0.0661157024793388,0.2314049586776859,0.7142857142857143,2.321428571428572,3.0083333333333333,4.608333333333333,0.0082644628099173,1.578512396694215,103.04086118890176,227.6974399032952,-0.5956268669604832,5.791264212774223,0.147927150140608,1.1017175119647054,-0.5843820898849381,5.689546700809516,-0.2858517217609464,0.0720211096976407,-2.137490353792358,0.269177397154924,1.2249114781262431,2.7157626831253032,1.212223004305177,4.161664820856033
sub-0129,faces,ds007070/sub-0129/ses-02/func/sub-0129_ses-02_task-faces_acq-mb8_run-01_space-MNI152NLin2009cAsym_desc-preproc_bold.nii.gz,0.4600000083446502,914,96,130,95,121,5.793388429752066,1.4254669139846825,1.1322314049586777,0.4461342989192562,5.661157024793388,1.5521690146816298,0.0991735537190082,0.2727272727272727,0.6363636363636364,2.1818181818181817,3.176470588235294,4.991596638655462,0.0165289256198347,1.5950413223140496,102.12191275903996,225.89122905424804,-0.0426920810909808,5.796525893058089,1.0132387871856212,1.0935364816298037,-0.4645452458569822,5.702989411428285,1.385675422040712,0.0680109349301156,0.3456120468609691,0.2662799314602431,1.861150354303321,2.759090026719462,2.037450570962626,4.285411864421485
sub-0130,faces,ds007070/sub-0130/ses-02/func/sub-0130_ses-02_task-faces_acq-mb8_run-01_space-MNI152NLin2009cAsym_desc-preproc_bold.nii.gz,0.4600000083446502,914,96,148,95,137,5.795620437956204,1.572459136901903,1.094890510948905,0.4352688769909272,5.700729927007299,1.6643536260965486,0.0656934306569343,0.2627737226277372,0.7222222222222222,2.361111111111111,3.463235294117647,4.753676470588236,0.0072992700729927,1.6642335766423355,103.72990020718196,229.68175346306893,-0.207593435532228,5.811578329418922,-0.5510062356056626,1.1111914203666406,0.0038073445656493,5.700386909052283,-0.7039023367930339,0.0791131145033004,-0.0895363190896466,0.2649002297863084,2.2012024039246247,2.769555512042533,2.102311077502178,3.830173541142867
sub-0131,faces,ds007070/sub-0131/ses-02/func/sub-0131_ses-02_task-faces_acq-mb8_run-01_space-MNI152NLin2009cAsym_desc-preproc_bold.nii.gz,0.4600000083446502,914,96,133,95,127,5.818897637795276,1.487606593937964,1.125984251968504,0.4362925693834787,5.692913385826771,1.645155519370323,0.0944881889763779,0.2755905511811024,0.7714285714285715,2.3714285714285714,2.896,4.39,0.0157480314960629,1.68503937007874,88.54862411187219,224.3108315343108,0.1157122647171734,5.809553165137163,0.5359793135681139,1.100353341906552,-0.169285108045759,5.709199823230611,1.029961754835377,0.0684458486735793,0.2947604393942405,0.2689563542113413,0.6101672681996525,2.7340301797969344,0.4400376385317506,4.2191346511377725
sub-0132,faces,ds007070/sub-0132/ses-02/func/sub-0132_ses-02_task-faces_acq-mb8_run-01_space-MNI152NLin2009cAsym_desc-preproc_bold.nii.gz,0.4600000083446502,914,96,132,95,125,5.968,1.4364831606975914,1.056,0.2924865588309558,5.912,1.5187855929720149,0.04,0.272,0.6470588235294118,2.235294117647059,2.1707317073170733,3.214430894308943,0.016,1.744,102.5406360826207,228.30697346747536,1.8057627782763257,5.804860379212425,-1.181306896230349,1.10596826993431,2.182594006559096,5.6988921092781135,-1.7067096000572888,0.0743580971865444,0.0649551481112528,0.2707848767103669,-1.9297588377124568,2.7599527159398987,-2.178701107994097,4.228798062404352
sub-0133,faces,ds007070/sub-0133/ses-02/func/sub-0133_ses-02_task-faces_acq-mb8_run-01_space-MNI152NLin2009cAsym_desc-preproc_bold.nii.gz,0.4600000083446502,914,96,126,95,117,5.82051282051282,1.483329111151463,1.188034188034188,0.5713206710472937,5.632478632478633,1.6536182407609756,0.1367521367521367,0.282051282051282,0.7272727272727273,2.242424242424242,3.3017241379310347,5.238146551724138,0.0085470085470085,1.547008547008547,103.59820883449748,229.5090276470725,-0.2082193122899131,5.836495505542024,3.158326519012,1.0833186578566232,-1.581349642373503,5.753176847685401,3.6413641743071,0.0609050942900498,0.3424045037057373,0.2724065788569803,2.0370489016666795,2.7223631237568804,1.7873744128479694,4.367857863207762
sub-0001,fractional,ds007070/sub-0001/ses-04/func/sub-0001_ses-04_task-fractional_acq-mb8_run-01_space-MNI152NLin2009cAsym_desc-preproc_bold.nii.gz,0.4600000083446502,1323,20,181,19,166,7.301204819277109,1.281428556601422,1.2048192771084338,0.683290366328291,7.096385542168675,1.6264067688401629,0.1024096385542168,0.2831325301204819,0.5957446808510638,1.7872340425531914,3.049689440993789,0.6972049689440993,0.0301204819277108,4.144578313253012,109.97524180543914,228.07479594741832,0.8725198505729953,7.228114242114476,0.4942710201511773,1.1866209725346977,0.5036671041344379,7.041493269579777,-0.3794648037642408,0.1108494501754388,0.6181338747108329,0.2684640649713824,-0.5704858350888804,3.2811676212610776,-0.605226018190948,0.7528722559717939
sub-0002,fractional,ds007070/sub-0002/ses-04/func/sub-0002_ses-04_task-fractional_acq-mb8_run-01_space-MNI152NLin2009cAsym_desc-preproc_bold.nii.gz,0.4600000083446502,1323,20,171,19,157,7.121019108280255,1.277770085210236,1.197452229299363,0.5597560188045745,6.923566878980892,1.5670542398688176,0.1337579617834395,0.2611464968152866,0.5365853658536586,1.7317073170731707,2.941558441558441,0.7074878246753247,0.019108280254777,3.974522292993631,114.53285217946174,229.2299534032842,-1.5476024854570858,7.216450574337208,0.5486591191700076,1.1735926559684031,-1.3267907074114669,7.042857918368807,2.0273045006013337,0.0988644785500864,0.2387932334763597,0.2573223824772678,-0.5310892818337453,3.169112975166705,-0.555921204452782,0.7690567819197973
sub-0004,fractional,ds007070/sub-0004/ses-04/func/sub-0004_ses-04_task-fractional_acq-mb8_run-01_space-MNI152NLin2009cAsym_desc-preproc_bold.nii.gz,0.4600000083446502,1323,20,173,19,161,7.204968944099379,1.3375257587349498,1.1490683229813663,0.5501270321960148,7.055900621118012,1.593927724227831,0.0807453416149068,0.2857142857142857,0.5,1.6304347826086956,2.8867924528301887,0.6945754716981132,0.0124223602484472,4.105590062111801,119.32755550930732,229.83967059988004,0.3304305741696945,7.188888971025168,-0.7338627448595482,1.185832723052423,0.6623235465860141,7.0030562479727445,-1.3053314042091588,0.1094145879253884,0.1977105383310815,0.2823767442364108,-0.7371102822658758,3.1540031485992093,-0.7429004888856796,0.7607715392921044
sub-0008,fractional,ds007070/sub-0008/ses-04/func/sub-0008_ses-04_task-fractional_acq-mb8_run-01_space-MNI152NLin2009cAsym_desc-preproc_bold.nii.gz,0.4600000083446502,1323,20,182,19,164,7.2073170731707314,1.3633035020585562,1.1646341463414631,0.5228219678965467,7.0426829268292686,1.6330580661183118,0.1097560975609756,0.2926829268292683,0.6041666666666666,1.7291666666666667,3.4478527607361964,0.8055981595092024,0.0060975609756097,4.067073170731708,116.85607800909406,228.7509042872399,0.0682881197685489,7.201563921432832,-0.4551415043992362,1.183142068714785,0.2158027284984936,7.0184218527180455,0.3958618555097695,0.1029004821728653,0.6204790546384308,0.2814835194892682,0.3124081125072887,3.3315764133759487,0.5322350651227759,0.7596341707117926
sub-0013,fractional,ds007070/sub-0013/ses-04/func/sub-0013_ses-04_task-fractional_acq-mb8_run-01_space-MNI152NLin2009cAsym_desc-preproc_bold.nii.gz,0.4600000083446502,1234,19,190,18,177,7.2259887005649714,1.240785244350879,1.2146892655367232,0.7144682061982938,7.011299435028248,1.5447443910540215,0.1129943502824858,0.3050847457627119,0.6851851851851852,1.7777777777777777,2.761627906976744,0.5574127906976745,0.0282485875706214,4.090395480225989,116.11588147709182,220.76268197504172,0.2881269708953157,7.206677703356546,0.5992951341115729,1.1814601177131236,-0.1203022723253487,7.025217585643423,0.1696493952262599,0.107705603255062,-0.2201145487402867,0.3080160302199355,-1.3447047011955002,3.294918412529611,-1.416762326902196,0.6761984281652923
sub-0017,fractional,ds007070/sub-0017/ses-04/func/sub-0017_ses-04_task-fractional_acq-mb8_run-01_space-MNI152NLin2009cAsym_desc-preproc_bold.nii.gz,0.4600000083446502,1323,20,161,19,146,7.328767123287672,1.2490525459866797,1.13013698630137,0.5019094385978546,7.198630136986301,1.46978705008676,0.0753424657534246,0.2534246575342466,0.5675675675675675,1.7837837837837838,3.375,0.8747829861111112,0.0136986301369863,4.280821917808219,111.4748787575639,228.49364952939123,1.2707393885103424,7.19907315535698,-1.2628298109320883,1.1916770858546215,1.320851961706909,7.007396069502359,-1.4640324662647577,0.1114064581789273,-0.317618057793479,0.260738131785017,0.6184451888163262,3.160747374172852,0.7171234812949299,0.8068984957766513
sub-0021,fractional,ds007070/sub-0021/ses-04/func/sub-0021_ses-04_task-fractional_acq-mb8_run-01_space-MNI152NLin2009cAsym_desc-preproc_bold.nii.gz,0.4600000083446502,1322,20,180,19,163,7.134969325153374,1.2448180858882476,1.2024539877300613,0.7466758366041903,6.932515337423313,1.5639804960571797,0.0920245398773006,0.2331288343558282,0.6578947368421053,1.8157894736842104,3.610062893081761,0.835691823899371,0.0245398773006134,4.042944785276074,122.97100602590714,229.99131386159337,-0.9553374398350732,7.181624224182597,0.5126370720451211,1.1852325791436291,-0.9498756804758172,6.996391645038966,-0.9663989857809396,0.1097336088759955,-1.7531129129851644,0.2546807723964115,0.8232157557620686,3.2336058310263422,0.8617432663020842,0.7472886921440431
sub-0023,fractional,ds007070/sub-0023/ses-04/func/sub-0023_ses-04_task-fractional_acq-mb8_run-01_space-MNI152NLin2009cAsym_desc-preproc_bold.nii.gz,0.4600000083446502,1322,20,175,19,159,7.20754716981132,1.3124306935196892,1.169811320754717,0.5975429349524062,7.037735849056604,1.5786823236958565,0.0880503144654088,0.2578616352201258,0.5609756097560976,1.7317073170731707,3.13375796178344,0.7496019108280255,0.0125786163522012,4.09433962264151,114.61333335521014,229.5819753664292,0.0348826891959933,7.204562110012203,-0.3668622622634518,1.1885923665989682,0.1732435859195862,7.015969743413236,-0.6934393482711503,0.1089381786025856,-0.3124506566958292,0.2636830733591551,-0.2038532933146443,3.212687866907374,-0.1431617391787074,0.7626506139391657
sub-0024,fractional,ds007070/sub-0024/ses-04/func/sub-0024_ses-04_task-fractional_acq-mb8_run-01_space-MNI152NLin2009cAsym_desc-preproc_bold.nii.gz,0.4600000083446502,1322,20,184,19,168,7.303571428571429,1.1774270567255214,1.125,0.4793645994039158,7.178571428571429,1.3985511261131778,0.0833333333333333,0.2261904761904762,0.6578947368421053,1.7894736842105263,2.7195121951219514,0.6175685975609756,0.0238095238095238,4.214285714285714,114.3416565680541,226.6128441175138,1.2043613121535313,7.21052445320889,-1.1674409420628142,1.1832341928813397,1.3727401288046792,7.0272902603275496,-0.8507682260057857,0.1047859652547787,-2.32937768282261,0.2554473219426558,-1.6524735489818894,3.25696055860117,-1.5647957881897796,0.73378459238878
sub-0029,fractional,ds007070/sub-0029/ses-04/func/sub-0029_ses-04_task-fractional_acq-mb8_run-01_space-MNI152NLin2009cAsym_desc-preproc_bold.nii.gz,0.4600000083446502,1322,20,199,19,182,7.241758241758242,1.2817517307345798,1.1868131868131868,0.6022441991462082,7.054945054945055,1.6207401444244205,0.1098901098901098,0.3131868131868132,0.6140350877192983,1.7017543859649122,3.5865921787709496,0.7474685754189944,0.0164835164835164,4.093406593406593,117.53218091778923,229.8603972051445,0.9395050099293484,7.186621180967813,-0.5614484279767604,1.2084305566216045,0.8777797102046672,6.978190624346209,-0.2885395424140664,0.1160204925420265,0.3243424029385702,0.3083103473511074,1.0531045936273926,3.272956819013013,0.9700701610695373,0.6872930277971319
sub-0032,fractional,ds007070/sub-0032/ses-04/func/sub-0032_ses-04_task-fractional_acq-mb8_run-01_space-MNI152NLin2009cAsym_desc-preproc_bold.nii.gz,0.4600000083446502,1322,20,175,19,163,7.257668711656442,1.3080423458204409,1.1411042944785277,0.5541905521279332,7.116564417177914,1.508791675958645,0.0797546012269938,0.2515337423312883,0.7073170731707317,1.9268292682926829,3.3229813664596275,0.76659549689441,0.0122699386503067,4.171779141104294,116.36545891003166,229.91656529045423,0.59709548283408,7.209666242928209,-1.031043485160876,1.192879957215124,0.8942265901111623,7.016786285713083,-1.5238813515951115,0.1089262638642419,-0.2385718068182259,0.2556272570364252,0.3141821413543884,3.229223527375736,-0.0122876018916434,0.7675152968720881
sub-0034,fractional,ds007070/sub-0034/ses-04/func/sub-0034_ses-04_task-fractional_acq-mb8_run-01_space-MNI152NLin2009cAsym_desc-preproc_bold.nii.gz,0.4600000083446502,1322,20,183,19,170,7.223529411764706,1.2343838324748877,1.2176470588235293,0.6834781341802684,7.005882352941176,1.5708026020094437,0.1117647058823529,0.2647058823529412,0.6222222222222222,1.7555555555555555,3.9702380952380953,0.8868117559523809,0.0117647058823529,4.08235294117647,123.65549936773544,229.6040715638972,0.6216099448816247,7.180077848196532,0.9546980603285716,1.176397855686965,0.0239622245272981,7.003679992509567,0.265181233287809,0.1067198870042487,-0.1298620632905214,0.2666061483134149,2.0767039765855286,3.3188760318711217,1.899135029878556,0.7523010310731778
sub-0036,fractional,ds007070/sub-0036/ses-04/func/sub-0036_ses-04_task-fractional_acq-mb8_run-01_space-MNI152NLin2009cAsym_desc-preproc_bold.nii.gz,0.4600000083446502,1322,20,199,19,183,7.19672131147541,1.1973368635280155,1.180327868852459,0.6755103090446904,7.016393442622951,1.4768373166117468,0.0983606557377049,0.360655737704918,0.5151515151515151,1.606060606060606,2.8715083798882683,0.5917423184357542,0.0218579234972677,4.060109289617486,112.92847769877343,225.8310271982793,0.0961204466280243,7.192229393111493,-0.4326019598042258,1.1952523091267118,0.3262926594107357,6.996977083984779,-0.8107098801968009,0.1121078986144956,1.158334131178394,0.3401754970558759,-1.1942803399229145,3.40153367390464,-1.3365630967784576,0.7133349149772983
sub-0073,fractional,ds007070/sub-0073/ses-04/func/sub-0073_ses-04_task-fractional_acq-mb8_run-01_space-MNI152NLin2009cAsym_desc-preproc_bold.nii.gz,0.4600000083446502,1322,20,181,19,167,7.161676646706587,1.21891402026094,1.1497005988023952,0.5221450488011842,7.011976047904192,1.4226567034279152,0.0898203592814371,0.2874251497005988,0.5416666666666666,1.6875,2.7439024390243905,0.624047256097561,0.0179640718562874,4.077844311377246,115.69894584904196,227.439199237489,-0.5906216373295646,7.215038080342224,-1.1110147340998826,1.2038808113966213,0.0068429220559635,7.011157268945601,-0.9266865290344336,0.1158232047257956,1.4132013609458192,0.2614319842114299,-1.249090528062342,3.2372467880401885,-1.280115311254558,0.743038767039544
sub-0074,fractional,ds007070/sub-0074/ses-04/func/sub-0074_ses-04_task-fractional_acq-mb8_run-01_space-MNI152NLin2009cAsym_desc-preproc_bold.nii.gz,0.4600000083446502,1322,20,186,19,173,7.242774566473988,1.1856787581334625,1.2196531791907514,0.7299776166955134,7.023121387283237,1.5512701368572277,0.1156069364161849,0.2658959537572254,0.6086956521739131,1.7608695652173914,3.011764705882353,0.6614889705882353,0.0173410404624277,4.098265895953757,121.28499349057384,229.2740293491628,0.4996494192976166,7.217645762345926,0.4016413836202567,1.200251244294421,0.0712804047688007,7.017394518051504,0.1367314542501809,0.1126411256237988,-0.2373072643548902,0.269287430400084,-0.8326286120935329,3.250088035095076,-1.0190161333977357,0.7259258485242397
sub-0076,fractional,ds007070/sub-0076/ses-04/func/sub-0076_ses-04_task-fractional_acq-mb8_run-01_space-MNI152NLin2009cAsym_desc-preproc_bold.nii.gz,0.4600000083446502,1322,20,202,19,187,7.192513368983957,1.207212907424605,1.1764705882352942,0.6846098904392826,7.016042780748663,1.48641133769446,0.106951871657754,0.3262032085561497,0.5573770491803278,1.6885245901639343,2.8043478260869565,0.5656419836956522,0.0160427807486631,4.06951871657754,119.73627696505032,229.8778694135728,-0.3344400726545077,7.211519858356144,-0.573453570022977,1.1968571504941723,0.0173282174441061,7.014662707861972,-0.4018059250037492,0.1147082227395218,1.9584456334191327,0.3002348204957009,-1.3418302404537954,3.329596175287392,-1.525955931846142,0.6873655621732078
sub-0079,fractional,ds007070/sub-0079/ses-04/func/sub-0079_ses-04_task-fractional_acq-mb8_run-01_space-MNI152NLin2009cAsym_desc-preproc_bold.nii.gz,0.4600000083446502,1322,20,180,19,166,7.210843373493976,1.2050914259990524,1.1024096385542168,0.4064557536363718,7.108433734939759,1.383995517533213,0.072289156626506,0.2831325301204819,0.5106382978723404,1.5957446808510638,2.725609756097561,0.6202362804878049,0.0120481927710843,4.192771084337349,118.9196963176234,229.8161286735049,0.0682234505200922,7.206861266102449,-1.6554848954644552,1.1860487531133217,1.0288231883431145,7.020812512989127,-1.409154652706091,0.1031213637275931,-0.2177958569058853,0.2860063472516863,-1.366032791509085,3.186486679151779,-1.4274462423730758,0.7360877371487786
sub-0080,fractional,ds007070/sub-0080/ses-04/func/sub-0080_ses-04_task-fractional_acq-mb8_run-01_space-MNI152NLin2009cAsym_desc-preproc_bold.nii.gz,0.4600000083446502,1322,20,175,19,162,7.185185185185185,1.2067214564960622,1.0925925925925926,0.3663748132660339,7.092592592592593,1.3365644080399566,0.074074074074074,0.2839506172839506,0.6086956521739131,1.7391304347826086,2.888198757763975,0.6741071428571429,0.0061728395061728,4.12962962962963,116.4021932470427,226.36336786386929,0.0613846916068259,7.179521957093139,-1.7491804447647252,1.171155065011777,0.6690639500910763,7.008366892081361,-1.1454915889270667,0.0984966678474862,2.4050091583562883,0.2442652936195534,-0.8296567377370627,3.2454436680686256,-0.9553657724124618,0.7692790430146946
sub-0081,fractional,ds007070/sub-0081/ses-04/func/sub-0081_ses-04_task-fractional_acq-mb8_run-01_space-MNI152NLin2009cAsym_desc-preproc_bold.nii.gz,0.4600000083446502,1322,20,186,19,173,7.092485549132948,1.277079315009386,1.213872832369942,0.6151512633146654,6.878612716763006,1.5819675470975698,0.1329479768786127,0.3121387283236994,0.6481481481481481,1.7777777777777777,2.9526627218934918,0.6482063609467456,0.0231213872832369,3.942196531791907,126.17431403023971,229.26757444977855,-2.0645318271803967,7.222559147891639,0.6442937430834196,1.190296645788237,-1.7826224022549884,7.032262502103401,1.4875233221130884,0.1069859465990601,1.0568865796378808,0.2937274011905098,-0.7363555814779036,3.253901572845653,-0.8462907139495242,0.7273816468087202
sub-0087,fractional,ds007070/sub-0087/ses-04/func/sub-0087_ses-04_task-fractional_acq-mb8_run-01_space-MNI152NLin2009cAsym_desc-preproc_bold.nii.gz,0.4600000083446502,1322,20,188,19,171,7.187134502923977,1.2925389877074198,1.152046783625731,0.509017413464591,7.035087719298246,1.541178833926295,0.0935672514619883,0.2631578947368421,0.4444444444444444,1.6666666666666667,3.625,0.8071056547619048,0.0175438596491228,4.099415204678363,117.95636704449386,228.63265512780296,0.0871211446604361,7.181320599017675,-1.0690015751558417,1.1971382139607485,0.5245823337494296,6.984182385056927,-1.0317397891319189,0.1148599813112107,-0.4173359952376407,0.2696084328179131,0.559800422030752,3.426179595618984,0.622779207707183,0.7561977247124264
sub-0089,fractional,ds007070/sub-0089/ses-04/func/sub-0089_ses-04_task-fractional_acq-mb8_run-01_space-MNI152NLin2009cAsym_desc-preproc_bold.nii.gz,0.4600000083446502,1322,20,175,19,162,7.141975308641976,1.289553266335184,1.1419753086419753,0.4967882430097972,7.0,1.5322617553657476,0.0925925925925925,0.2839506172839506,0.6521739130434783,1.826086956521739,3.775,0.8955078125,0.0123456790123456,4.067901234567901,116.75291832580784,229.2348736437385,-1.0144183188989149,7.190606703495096,-0.994954996040928,1.1804228199093585,-0.1277676270781552,7.010183883585738,-0.5938295132162527,0.1048662305845117,0.3673437914739735,0.2776891595035108,2.038542983552083,3.1493199831516563,2.1147930262513057,0.7461810893470519
sub-0093,fractional,ds007070/sub-0093/ses-04/func/sub-0093_ses-04_task-fractional_acq-mb8_run-01_space-MNI152NLin2009cAsym_desc-preproc_bold.nii.gz,0.4600000083446502,1322,20,171,19,157,7.171974522292993,1.3689709027879513,1.1401273885350318,0.5245095233438501,7.031847133757962,1.562461823802774,0.0955414012738853,0.267515923566879,0.6666666666666666,1.880952380952381,2.862745098039216,0.691687091503268,0.0254777070063694,4.031847133757962,111.80922548749987,229.7099627439599,-0.1174040540645853,7.180829697652891,-0.933833305164138,1.1753096526751927,0.2556264197811172,7.005520044977696,-0.3676742986404208,0.103629381750743,0.0195836400145441,0.2672049454258103,-1.3147896140928683,3.239797677718735,-1.326339864566065,0.7871626626423631
sub-0095,fractional,ds007070/sub-0095/ses-04/func/sub-0095_ses-04_task-fractional_acq-mb8_run-01_space-MNI152NLin2009cAsym_desc-preproc_bold.nii.gz,0.4600000083446502,1322,20,185,19,172,7.22093023255814,1.3236593154615477,1.2848837209302326,0.8130539413509461,6.936046511627907,1.777534450571976,0.1627906976744186,0.2732558139534883,0.6170212765957447,1.7659574468085106,3.7455621301775146,0.8256286982248521,0.0174418604651162,3.9593023255813953,117.86730553442884,229.84054809494216,0.2364762058208535,7.20209247725073,1.897947023506183,1.1865920445150275,-0.655186814637097,7.015500432735702,2.0743122412383403,0.1102542668899517,-0.3329647464036948,0.2803028222591826,1.1919856751920377,3.276880433814328,1.0077044093634062,0.73746769325392
sub-0100,fractional,ds007070/sub-0100/ses-04/func/sub-0100_ses-04_task-fractional_acq-mb8_run-01_space-MNI152NLin2009cAsym_desc-preproc_bold.nii.gz,0.4600000083446502,1322,20,186,19,170,7.211764705882353,1.2171760667402147,1.1764705882352942,0.5584524387526338,7.035294117647059,1.463133209493445,0.1176470588235294,0.288235294117647,0.5918367346938775,1.7755102040816326,2.8035714285714284,0.6334635416666666,0.0117647058823529,4.094117647058823,113.5738744291326,228.4568808418994,0.4194353180625154,7.189424864958931,-0.194562902117471,1.1865234570509835,0.3610916650452767,7.002901407907945,0.5300645548345887,0.1061370425155257,0.6299652754336592,0.2795069965401877,-1.0508696674720457,3.2839470782750158,-0.9752074342231124,0.7321596286765275
sub-0101,fractional,ds007070/sub-0101/ses-04/func/sub-0101_ses-04_task-fractional_acq-mb8_run-01_space-MNI152NLin2009cAsym_desc-preproc_bold.nii.gz,0.4600000083446502,1322,20,176,19,161,7.22360248447205,1.3321747036307925,1.1925465838509317,0.6662913021936291,7.031055900621118,1.663664480328167,0.093167701863354,0.3043478260869565,0.6530612244897959,1.8571428571428568,3.522292993630573,0.8199641719745223,0.0248447204968944,4.068322981366459,112.96916621502052,229.2433449522865,0.2147486612890433,7.208406002703142,0.4543666763943219,1.1704995571870902,-0.0649815002077634,7.037906445516053,-0.5550086847584387,0.1046963065266744,1.260799790904585,0.2792977414041486,1.015035978844338,3.201050807482816,0.8968136684199663,0.7539838091794502
sub-0102,fractional,ds007070/sub-0102/ses-04/func/sub-0102_ses-04_task-fractional_acq-mb8_run-01_space-MNI152NLin2009cAsym_desc-preproc_bold.nii.gz,0.4600000083446502,1322,20,164,19,149,7.1879194630872485,1.3624755267664617,1.2013422818791946,0.6149034836571319,6.9865771812080535,1.688540778870388,0.1208053691275167,0.2885906040268456,0.627906976744186,1.813953488372093,2.8835616438356166,0.7311643835616438,0.0201342281879194,4.040268456375839,118.39317791517078,229.75958004565,0.2020492860381097,7.17547466115735,0.3626353153620907,1.1844663740121268,-0.0498602780991847,6.991008287145222,0.6219108455809355,0.1058788317427388,0.6416163230207134,0.2789731184673902,-1.1935980698425592,3.2259563136310136,-1.1364866373308922,0.8150621135774406
sub-0104,fractional,ds007070/sub-0104/ses-04/func/sub-0104_ses-04_task-fractional_acq-mb8_run-01_space-MNI152NLin2009cAsym_desc-preproc_bold.nii.gz,0.4600000083446502,1322,20,181,19,166,7.114457831325301,1.2329449868648918,1.3072289156626506,0.8784674164848026,6.807228915662651,1.7543561804508483,0.1506024096385542,0.2771084337349397,0.5869565217391305,1.7173913043478262,3.94478527607362,0.91545245398773,0.0180722891566265,3.933734939759036,106.76047517074475,228.46961921282443,-1.6403291152043489,7.201080583673354,2.729930820060441,1.1966860411755391,-2.560959427027729,7.004394542497816,2.0370547966077357,0.1143342090828097,0.8327505412860388,0.259803762929598,1.5200762595176642,3.318925192651591,1.691073920161161,0.7609666056560236
sub-0106,fractional,ds007070/sub-0106/ses-04/func/sub-0106_ses-04_task-fractional_acq-mb8_run-01_space-MNI152NLin2009cAsym_desc-preproc_bold.nii.gz,0.4600000083446502,1322,20,178,19,165,7.260606060606061,1.2586140737129912,1.1151515151515152,0.4191463538283119,7.1454545454545455,1.4281770123881594,0.0909090909090909,0.2606060606060606,0.5581395348837209,1.7209302325581397,3.687116564417178,0.8560199386503068,0.0121212121212121,4.218181818181818,118.67012230344815,227.64621823247936,0.9505492545304538,7.1792353049831945,-1.330003721413809,1.187033512054382,1.2117306253467088,6.992201792928812,-0.7373577527480104,0.1111068041324993,0.1941361181736426,0.2573539421975677,1.126442250942762,3.2816675564432907,1.0656886181560865,0.7658620953434595
sub-0001,narratives,ds007070/sub-0001/ses-02/func/sub-0001_ses-02_task-narratives_acq-mb8_run-01_space-MNI152NLin2009cAsym_desc-preproc_bold.nii.gz,0.4600000083446502,937,18,133,16,106,6.9245283018867925,1.4322683521340225,1.0849056603773586,0.3682112366900252,6.839622641509434,1.562274242450837,0.0660377358490566,0.2641509433962264,0.6428571428571429,1.8571428571428568,2.392156862745098,0.7455575980392157,0.0377358490566037,3.867924528301887,108.574789724152,226.68538438722703,1.2983460225470569,6.802383123074642,-1.6289705563719945,1.182425020482357,1.6496433741662715,6.6199581025922845,-1.4039018222385231,0.1046001701886479,-0.0348234650178468,0.2648557707684837,-1.4360501545734998,2.815021941656597,-1.224773928972001,0.8580958692320184
sub-0002,narratives,ds007070/sub-0002/ses-02/func/sub-0002_ses-02_task-narratives_acq-mb8_run-01_space-MNI152NLin2009cAsym_desc-preproc_bold.nii.gz,0.4600000083446502,967,18,118,16,93,6.78494623655914,1.4733093654112528,1.1505376344086022,0.5700159524682237,6.634408602150538,1.705393912398815,0.086021505376344,0.2473118279569892,0.6086956521739131,2.0,2.853932584269663,1.0136938202247192,0.043010752688172,3.6236559139784954,110.8597547777601,228.9044233293864,-0.7988186869707968,6.854405236054813,-0.107303966796783,1.1566922839438147,-0.5072917638041354,6.697712952110998,-0.2931127710580976,0.0951650900430798,-0.4980559468995673,0.2603950232996704,0.7435966462640223,2.62412125195872,1.0454040845229138,0.8997922312118368
sub-0003,narratives,ds007070/sub-0003/ses-02/func/sub-0003_ses-02_task-narratives_acq-mb8_run-01_space-MNI152NLin2009cAsym_desc-preproc_bold.nii.gz,0.4600000083446502,967,18,133,16,105,6.809523809523809,1.5633742975177742,1.276190476190476,0.727155127022136,6.533333333333333,1.96638416050035,0.1619047619047619,0.2571428571428571,0.7037037037037037,2.074074074074074,2.5643564356435644,0.7572710396039604,0.0380952380952381,3.6095238095238096,91.00032268891236,224.6968986562005,-1.0969026985355104,6.919666571349853,1.6667374875299226,1.182947389891646,-1.6327973264793407,6.736719181458205,1.6257875267829889,0.1109229785683523,-0.3341766695951669,0.2645285460601695,-1.062821786264329,2.893804903786744,-1.2941348477958083,0.8754762801065883
sub-0004,narratives,ds007070/sub-0004/ses-02/func/sub-0004_ses-02_task-narratives_acq-mb8_run-01_space-MNI152NLin2009cAsym_desc-preproc_bold.nii.gz,0.4600000083446502,967,18,130,16,101,6.801980198019802,1.3267991707880888,1.198019801980198,0.6785248997671054,6.603960396039604,1.6557729791296394,0.0891089108910891,0.2178217821782178,0.6363636363636364,2.0,2.7216494845360826,0.8605025773195877,0.0396039603960396,3.693069306930693,104.11457676723504,225.26313884183904,-0.9198989150641226,6.900413484509455,0.5349032555388403,1.1670900607718544,-0.917259840570669,6.733323423737602,-0.6220056363447198,0.1037671257130259,-2.126688476399944,0.2626139520739577,0.3585457091666775,2.609598630592507,0.5360042751894486,0.8113499092672714
sub-0005,narratives,ds007070/sub-0005/ses-02/func/sub-0005_ses-02_task-narratives_acq-mb8_run-01_space-MNI152NLin2009cAsym_desc-preproc_bold.nii.gz,0.4600000083446502,967,18,132,16,104,6.884615384615385,1.3603803887483503,1.1634615384615383,0.6402453553218503,6.721153846153846,1.65145849495759,0.0769230769230769,0.2692307692307692,0.5714285714285714,1.7142857142857142,3.3465346534653464,1.0035581683168318,0.0288461538461538,3.798076923076923,98.42337450730156,229.8941026175853,-0.3111299780496336,6.915594136146011,0.1863785463442064,1.153510304193654,-0.3210385047306271,6.762083831952356,-0.5486441638291509,0.0911575862877033,0.4153599205760242,0.2560650696003541,1.8954365724011175,2.798615226852388,1.8088069158824585,0.8516103042008095
sub-0006,narratives,ds007070/sub-0006/ses-02/func/sub-0006_ses-02_task-narratives_acq-mb8_run-01_space-MNI152NLin2009cAsym_desc-preproc_bold.nii.gz,0.4600000083446502,967,18,119,16,92,6.934782608695652,1.3326363841804227,1.173913043478261,0.6395172570195431,6.760869565217392,1.6332369613166355,0.0869565217391304,0.2826086956521739,0.4615384615384615,1.6923076923076923,2.433333333333333,0.8032986111111111,0.0217391304347826,3.771739130434783,106.00877100603282,227.040820762904,0.6420407153362211,6.862202301689662,-0.1152043312312833,1.180400929472395,0.5373217223383967,6.681801372217266,-0.8464964369464704,0.1114751496523242,0.7439902691190792,0.2649427875659001,-0.8512239539445579,2.7054692437076717,-1.1490422772083682,0.9293335195248432
sub-0007,narratives,ds007070/sub-0007/ses-02/func/sub-0007_ses-02_task-narratives_acq-mb8_run-01_space-MNI152NLin2009cAsym_desc-preproc_bold.nii.gz,0.4600000083446502,967,18,131,16,103,6.912621359223301,1.3583929094345475,1.2233009708737863,0.7660957657198935,6.689320388349515,1.686329848259011,0.0970873786407767,0.2621359223300971,0.4814814814814814,1.7407407407407407,3.04,0.94125,0.029126213592233,3.70873786407767,107.57708472484468,225.4825732990226,0.432009300647451,6.877567040004545,1.164345106750414,1.1679998910749592,-0.1914357819350728,6.709567148929586,-0.2304240878659888,0.1038639613429421,0.2490891436107948,0.2568744155268213,1.0913969343379035,2.7897801892612923,1.3239913234188658,0.8448712251902953
sub-0008,narratives,ds007070/sub-0008/ses-02/func/sub-0008_ses-02_task-narratives_acq-mb8_run-01_space-MNI152NLin2009cAsym_desc-preproc_bold.nii.gz,0.4600000083446502,967,18,122,16,98,6.653061224489796,1.492952798339113,1.2244897959183674,0.6012120446025809,6.428571428571429,1.752759238587436,0.1530612244897959,0.2551020408163265,0.68,2.0,2.5473684210526315,0.8407894736842105,0.0306122448979591,3.459183673469388,105.09262632852868,229.9425508176042,-1.6344984568760186,6.8615933127181234,0.7530682001974233,1.177319266537212,-1.5259278755548826,6.684274046180912,1.3773667320835088,0.1087830034513622,-0.3821687771845819,0.26340049895729,-0.4372385028498991,2.698113701127335,-0.561772716501282,0.9044989261188784
sub-0010,narratives,ds007070/sub-0010/ses-02/func/sub-0010_ses-02_task-narratives_acq-mb8_run-01_space-MNI152NLin2009cAsym_desc-preproc_bold.nii.gz,0.4600000083446502,967,18,128,16,99,6.797979797979798,1.3995611409805633,1.1616161616161615,0.5289008762320158,6.636363636363637,1.6503218328961111,0.101010101010101,0.2626262626262626,0.5384615384615384,2.0,2.583333333333333,0.8277994791666666,0.0303030303030303,3.717171717171717,94.33738365640949,227.4971359273584,-0.9595916330853264,6.90436213067652,0.086008439904355,1.1566912990606324,-0.773626798175286,6.747670831615888,0.3049678293772542,0.0924247060790425,0.055534068388369,0.2615175994174923,-0.429357606808443,2.707324658430528,-0.3265931073666935,0.8587850726239424
sub-0011,narratives,ds007070/sub-0011/ses-02/func/sub-0011_ses-02_task-narratives_acq-mb8_run-01_space-MNI152NLin2009cAsym_desc-preproc_bold.nii.gz,0.4600000083446502,967,18,131,16,105,6.704761904761905,1.440644951213822,1.1523809523809525,0.5508900557097156,6.552380952380952,1.6755076864419356,0.0857142857142857,0.2571428571428571,0.7777777777777778,2.0,2.592233009708738,0.7918689320388349,0.019047619047619,3.580952380952381,101.72757637660769,227.45168728011052,-2.502689262006242,6.922715292004598,-0.2600536800796971,1.1682741644363035,-1.530907143152586,6.754441127568294,-0.4413018734893898,0.0990917360007333,-0.0514405313993744,0.2584688895726171,-0.651486704132926,2.7785415133298383,-0.6975444997553186,0.8534023797653872
sub-0013,narratives,ds007070/sub-0013/ses-02/func/sub-0013_ses-02_task-narratives_acq-mb8_run-01_space-MNI152NLin2009cAsym_desc-preproc_bold.nii.gz,0.4600000083446502,967,18,144,16,114,6.9035087719298245,1.3032926188561225,1.2280701754385963,0.7411434327794999,6.675438596491228,1.669590665933259,0.1403508771929824,0.2719298245614035,0.5806451612903226,1.7741935483870968,2.663636363636364,0.759090909090909,0.0350877192982456,3.684210526315789,97.29075016714704,228.314732079184,-0.1551652393307341,6.914562620296343,0.9672092401316152,1.1789431530473704,-0.6242562871225248,6.735619467248972,1.4153763459316433,0.1075867229714185,0.2209535269095408,0.2673581402026201,-0.4868134271936118,2.825347482060528,-0.3320320690287341,0.7890045626254454
sub-0016,narratives,ds007070/sub-0016/ses-02/func/sub-0016_ses-02_task-narratives_acq-mb8_run-01_space-MNI152NLin2009cAsym_desc-preproc_bold.nii.gz,0.4600000083446502,967,18,123,16,101,6.772277227722772,1.4413964625932163,1.2277227722772277,0.5635811941293266,6.544554455445544,1.688340916256237,0.1683168316831683,0.2475247524752475,0.68,2.04,2.606060606060606,0.8246527777777778,0.0198019801980198,3.5643564356435644,103.26290808435792,227.0750054094229,-0.8694097768727083,6.87070370103439,1.2235538426628332,1.171816591594866,-1.1622844298378172,6.698887109439525,2.1525004448520964,0.1095300754332457,-0.6977677620411286,0.2581487825431453,-0.225855667311644,2.6836867921586705,-0.5786817978156068,0.8871475919548474
sub-0017,narratives,ds007070/sub-0017/ses-02/func/sub-0017_ses-02_task-narratives_acq-mb8_run-01_space-MNI152NLin2009cAsym_desc-preproc_bold.nii.gz,0.4600000083446502,967,18,133,16,105,6.847619047619047,1.2071975842114693,1.1238095238095238,0.408920673500518,6.723809523809524,1.326470432962533,0.0952380952380952,0.2857142857142857,0.6666666666666666,1.8666666666666667,2.145631067961165,0.6368325242718447,0.019047619047619,3.723809523809524,109.6011112891902,229.98566406515693,-0.6180882016901359,6.905283210375059,-1.0803750900271538,1.173600122283023,-0.0684810980563168,6.731683088092036,-0.3747255331020088,0.1045271665684395,1.174692470737595,0.2573116829562942,-1.7698420038717082,2.7135356688979595,-1.912389664902609,0.8238097807311691
sub-0018,narratives,ds007070/sub-0018/ses-02/func/sub-0018_ses-02_task-narratives_acq-mb8_run-01_space-MNI152NLin2009cAsym_desc-preproc_bold.nii.gz,0.4600000083446502,967,18,137,16,109,6.972477064220183,1.4302208816481503,1.128440366972477,0.5110069476804028,6.844036697247707,1.673177902955074,0.073394495412844,0.2201834862385321,0.7916666666666666,2.125,3.0,0.8508254716981132,0.0275229357798165,3.9174311926605503,93.4869986603781,229.4596714221236,0.7865256878510607,6.875381233227587,-0.7357708377583944,1.1774026430405304,0.9130598179973886,6.697978590187057,-1.0498245476096653,0.1051093075185081,-1.672293515858136,0.2651539319061173,0.7883370091033294,2.721912834157997,0.4513858990873703,0.8026476883838599
sub-0019,narratives,ds007070/sub-0019/ses-02/func/sub-0019_ses-02_task-narratives_acq-mb8_run-01_space-MNI152NLin2009cAsym_desc-preproc_bold.nii.gz,0.4600000083446502,967,18,142,16,113,6.831858407079646,1.4135988448135328,1.168141592920354,0.5654115894520785,6.663716814159292,1.666961625817134,0.0973451327433628,0.2743362831858407,0.6774193548387096,1.967741935483871,2.794642857142857,0.7933872767857143,0.0088495575221238,3.707964601769912,91.70592095132322,229.08098632286104,-1.2394891586335184,6.940807595410305,-0.1135889862955664,1.1744057748405878,-0.8568309188152508,6.766401820569717,-0.206123080687763,0.1031356503897557,0.4483685379899768,0.2640333512736545,-0.0634326363751113,2.816859779259313,-0.0836585494208365,0.8018813831515266
sub-0020,narratives,ds007070/sub-0020/ses-02/func/sub-0020_ses-02_task-narratives_acq-mb8_run-01_space-MNI152NLin2009cAsym_desc-preproc_bold.nii.gz,0.4600000083446502,967,18,138,16,110,6.972727272727273,1.3711248372897562,1.181818181818182,0.6085298599839426,6.790909090909091,1.6484379848283204,0.109090909090909,0.2727272727272727,0.7333333333333333,2.033333333333333,2.4761904761904763,0.7273809523809524,0.0454545454545454,3.827272727272727,98.7244764210511,225.34542174731675,0.798605474840538,6.909813214191129,0.0089966291599051,1.181210043688882,0.5149889109855211,6.728603170502248,-0.0193183355322403,0.1097341818402561,0.5349248534239918,0.2616792033453362,-0.9727326229604046,2.7192102809140533,-0.9668326661272584,0.7994988754902248
sub-0021,narratives,ds007070/sub-0021/ses-02/func/sub-0021_ses-02_task-narratives_acq-mb8_run-01_space-MNI152NLin2009cAsym_desc-preproc_bold.nii.gz,0.4600000083446502,967,18,135,16,109,6.944954128440367,1.451913567377747,1.1559633027522935,0.493931917759506,6.7889908256880735,1.7163343502263493,0.1009174311926605,0.2660550458715596,0.5172413793103449,1.862068965517241,2.6320754716981134,0.754127358490566,0.0275229357798165,3.807339449541285,98.2605137511952,227.2889500131188,0.4269179883846657,6.901913857872243,-0.2533610783402806,1.1680490653308495,0.4447228078762975,6.733864792541393,0.0001330839775035,0.1009142910801936,0.1205862108758451,0.2629685411268612,-0.3969225629970693,2.763289517389554,-0.7237794540601266,0.82726103934318
sub-0023,narratives,ds007070/sub-0023/ses-02/func/sub-0023_ses-02_task-narratives_acq-mb8_run-01_space-MNI152NLin2009cAsym_desc-preproc_bold.nii.gz,0.4600000083446502,967,18,134,16,103,6.961165048543689,1.3927144471554245,1.203883495145631,0.5999873087051691,6.757281553398058,1.7119305660825617,0.1262135922330097,0.2233009708737864,0.7391304347826086,2.0434782608695654,2.333333333333333,0.6974431818181818,0.0388349514563106,3.815533980582525,88.49732580888181,220.39026983872435,1.1219361018228198,6.862734664907917,0.4121049517725194,1.179955856443378,0.6406724821351326,6.682778808464537,0.5343586849726711,0.1106472355631476,-1.9194375422230736,0.2613063370954481,-1.40824576358277,2.75071470118485,-1.4748974171710103,0.8237300064031439
sub-0024,narratives,ds007070/sub-0024/ses-02/func/sub-0024_ses-02_task-narratives_acq-mb8_run-01_space-MNI152NLin2009cAsym_desc-preproc_bold.nii.gz,0.4600000083446502,967,18,133,16,106,6.60377358490566,1.4453817771029602,1.2830188679245282,0.7653784246854262,6.320754716981132,1.7595842031101212,0.1509433962264151,0.2358490566037736,0.72,2.12,2.592233009708738,0.8112864077669902,0.0283018867924528,3.4056603773584904,96.43341383276396,225.45468889139005,-2.355432872025661,6.882304019085041,1.899355593630904,1.1690869670379906,-2.400769426334244,6.713217052047051,1.380783741343943,0.1027876707575846,-1.3489654836308618,0.261438523699956,-0.6771701474472271,2.7909610976642645,-0.4601455226203788,0.8509134113904865
sub-0025,narratives,ds007070/sub-0025/ses-02/func/sub-0025_ses-02_task-narratives_acq-mb8_run-01_space-MNI152NLin2009cAsym_desc-preproc_bold.nii.gz,0.4600000083446502,967,18,129,16,101,6.801980198019802,1.4833731963346108,1.1683168316831682,0.5669092860536519,6.633663366336633,1.7534125143686394,0.099009900990099,0.2574257425742574,0.6153846153846154,1.8461538461538465,2.7142857142857144,0.8569834183673469,0.0297029702970297,3.603960396039604,101.92619333847028,222.75415652920623,-1.0569472651331455,6.903986748336354,0.2574131612873425,1.1570318762942156,-0.9712150983508032,6.74695487204214,0.1656884657888835,0.0956177304889259,-0.3933381638070584,0.2652411079249495,-0.0715877995743183,2.737839733487254,0.0409849757417435,0.8524371156569046
sub-0026,narratives,ds007070/sub-0026/ses-02/func/sub-0026_ses-02_task-narratives_acq-mb8_run-01_space-MNI152NLin2009cAsym_desc-preproc_bold.nii.gz,0.4600000083446502,967,18,142,16,113,6.84070796460177,1.2856791679429311,1.15929203539823,0.5100135096497783,6.68141592920354,1.5134249634855168,0.1061946902654867,0.2743362831858407,0.6774193548387096,1.8064516129032255,2.636363636363636,0.7399147727272727,0.0265486725663716,3.725663716814159,98.7120399314986,222.66243303452856,-1.0528415623460468,6.935884267878322,-0.8788169450693647,1.1954230883061048,-0.5165174919237894,6.740461179572214,-0.3592319690418803,0.1138813219290042,0.7941718143824922,0.2529389983761049,-0.3915245615882324,2.78642862346307,-0.5491769064745708,0.8031520293516295
sub-0029,narratives,ds007070/sub-0029/ses-02/func/sub-0029_ses-02_task-narratives_acq-mb8_run-01_space-MNI152NLin2009cAsym_desc-preproc_bold.nii.gz,0.4600000083446502,967,18,137,16,109,6.89908256880734,1.3048694707563124,1.18348623853211,0.6549687243689283,6.715596330275229,1.5875192802519265,0.091743119266055,0.2568807339449541,0.6428571428571429,1.8571428571428568,2.9716981132075477,0.8605542452830188,0.0275229357798165,3.798165137614679,95.83919441395604,225.47041558954103,-0.1532189742563878,6.912791798163642,0.2683657752903584,1.172714003119932,-0.2322416641048035,6.740077795043709,-0.5885267071436503,0.1069067238265204,0.1247944428329494,0.2541847687896012,0.4826466613429296,2.811895367382601,0.2892576265096685,0.8307833172160446
sub-0031,narratives,ds007070/sub-0031/ses-02/func/sub-0031_ses-02_task-narratives_acq-mb8_run-01_space-MNI152NLin2009cAsym_desc-preproc_bold.nii.gz,0.4600000083446502,967,18,138,16,109,7.027522935779817,1.384161168604575,1.1009174311926606,0.3586227288360075,6.926605504587156,1.495093345397169,0.0825688073394495,0.2844036697247706,0.6451612903225806,1.7741935483870968,2.317757009345794,0.6930490654205608,0.018348623853211,3.926605504587156,94.50245000510112,227.3639361821109,1.191894682955262,6.920087722220473,-1.8271936443044252,1.172061746554476,1.6549452993177496,6.748025975665997,-0.93800870736964,0.1057320480445713,0.7123260489646713,0.2617913821205536,-1.778070522112434,2.7599320090521418,-1.451990862018778,0.8024024990393972
sub-0032,narratives,ds007070/sub-0032/ses-02/func/sub-0032_ses-02_task-narratives_acq-mb8_run-01_space-MNI152NLin2009cAsym_desc-preproc_bold.nii.gz,0.4600000083446502,967,18,132,16,104,6.836538461538462,1.3802390177353934,1.2211538461538465,0.749844395110257,6.615384615384615,1.7365722978846672,0.1153846153846153,0.2403846153846154,0.56,1.76,2.00990099009901,0.609684405940594,0.0288461538461538,3.740384615384616,103.511647200483,225.089457748741,-0.5590909498015008,6.889157845828661,1.4613277043797552,1.148652336417029,-0.9708795076373596,6.740505509411632,0.690689346091294,0.0962632587895928,-1.2587827444352035,0.2678968733752958,-2.986030734272909,2.6853163463269074,-2.777218787862253,0.8318249966436727
sub-0033,narratives,ds007070/sub-0033/ses-02/func/sub-0033_ses-02_task-narratives_acq-mb8_run-01_space-MNI152NLin2009cAsym_desc-preproc_bold.nii.gz,0.4600000083446502,967,18,135,16,108,6.916666666666667,1.340421191999969,1.0925925925925926,0.422211291327052,6.824074074074074,1.4522216541490862,0.0555555555555555,0.2685185185185185,0.5517241379310345,1.6896551724137931,2.88785046728972,0.8513434579439252,0.0092592592592592,3.87037037037037,110.60655853027302,222.9266414300636,-0.1396431590164897,6.932349164430419,-1.441383809260729,1.1786715617834915,0.4653886077568391,6.7536776026469285,-1.846993276470607,0.1068918964862716,0.4267199214540396,0.2594406653640162,0.5288961264980941,2.730451572821637,0.4071649984998053,0.8132098285919567
sub-0034,narratives,ds007070/sub-0034/ses-02/func/sub-0034_ses-02_task-narratives_acq-mb8_run-01_space-MNI152NLin2009cAsym_desc-preproc_bold.nii.gz,0.4600000083446502,967,18,133,16,105,6.838095238095238,1.4879245323333483,1.180952380952381,0.600976007151834,6.6571428571428575,1.8071895489776568,0.1047619047619047,0.2476190476190476,0.6153846153846154,1.9230769230769231,2.784313725490196,0.8530943627450981,0.0285714285714285,3.7142857142857135,101.51841212427428,229.6320084058285,-0.3512354324119331,6.881694173081652,0.1310982235568761,1.1735821692673438,-0.3050465737443492,6.708112003814308,-0.1653973951304124,0.109368987640106,-0.2851672895389857,0.2550395059092319,0.1155429534257614,2.755513177457821,0.1704574540840532,0.8413134367698727
sub-0035,narratives,ds007070/sub-0035/ses-02/func/sub-0035_ses-02_task-narratives_acq-mb8_run-01_space-MNI152NLin2009cAsym_desc-preproc_bold.nii.gz,0.4600000083446502,967,18,134,16,111,7.045045045045045,1.2960596744635948,1.18018018018018,0.6352980431290525,6.864864864864865,1.5637163570190231,0.0990990990990991,0.2612612612612612,0.6551724137931034,1.862068965517241,2.809090909090909,0.7923295454545455,0.009009009009009,3.891891891891892,102.21332598263666,229.20522788029984,1.2432067098986614,6.921206161591361,0.2072712777565478,1.168493145375393,0.8363820736455242,6.752713016215969,-0.2521100318021871,0.1055099765665237,0.0931426214219838,0.2589158771571005,0.3286094359962161,2.7106405035739143,-0.2705213574496026,0.818066920337377
sub-0036,narratives,ds007070/sub-0036/ses-02/func/sub-0036_ses-02_task-narratives_acq-mb8_run-01_space-MNI152NLin2009cAsym_desc-preproc_bold.nii.gz,0.4600000083446502,967,18,141,16,113,6.920353982300885,1.317069209323936,1.2212389380530972,0.6778973962915497,6.699115044247788,1.6084872870862483,0.1150442477876106,0.1858407079646017,0.6666666666666666,2.0,3.036363636363636,0.8508522727272727,0.0265486725663716,3.7168141592920354,101.47956854927884,228.5353098485377,0.3926731018073914,6.871084625859953,0.3207617491945287,1.197912531634612,0.1417208880378942,6.673172094225341,-0.0120908439368175,0.1154979742841615,-3.389842421632318,0.2583511376987651,0.6883144445708947,2.817178954253455,0.4094613932523632,0.8137547368252227
sub-0037,narratives,ds007070/sub-0037/ses-02/func/sub-0037_ses-02_task-narratives_acq-mb8_run-01_space-MNI152NLin2009cAsym_desc-preproc_bold.nii.gz,0.4600000083446502,967,18,142,16,114,6.885964912280702,1.3086422872298211,1.105263157894737,0.384855358478002,6.780701754385965,1.4251767282419954,0.087719298245614,0.2982456140350877,0.7058823529411765,1.8235294117647056,2.946428571428572,0.8458426339285714,0.0175438596491228,3.8157894736842106,99.16596067870194,223.45496384720383,-0.1796223088880503,6.906139027518444,-1.7453345134005085,1.1939006234349374,0.4998204214675822,6.712238404083507,-0.9853550011701296,0.1152890005813222,1.525355735907248,0.260724014954598,0.8828079778381468,2.6885660971327474,0.9408509756919756,0.7637572642409045
sub-0038,narratives,ds007070/sub-0038/ses-02/func/sub-0038_ses-02_task-narratives_acq-mb8_run-01_space-MNI152NLin2009cAsym_desc-preproc_bold.nii.gz,0.4600000083446502,967,18,139,16,110,6.890909090909091,1.467353947191548,1.1727272727272726,0.522153109625497,6.718181818181818,1.7087568214628284,0.1363636363636363,0.2818181818181818,0.5483870967741935,1.8064516129032255,2.4018691588785046,0.6914427570093458,0.0272727272727272,3.7818181818181817,93.95173547598644,219.9293038739579,-0.0394794918217632,6.895183967654987,-0.4216134631679563,1.1979819211409874,0.1408393496383402,6.697202046513998,0.4659912254131156,0.1225619341269745,1.1559597767765193,0.2581210250574821,-1.2604809812321844,2.727072955493933,-1.479014100958956,0.8046767109664668
sub-0039,narratives,ds007070/sub-0039/ses-02/func/sub-0039_ses-02_task-narratives_acq-mb8_run-01_space-MNI152NLin2009cAsym_desc-preproc_bold.nii.gz,0.4600000083446502,967,18,124,16,100,6.77,1.2460442458541603,1.19,0.5448565745851718,6.58,1.498686293411869,0.13,0.29,0.5862068965517241,1.827586206896552,2.5104166666666665,0.7939453125,0.04,3.59,110.85369751060696,229.6127683434327,-1.2459192926154208,6.877957497324321,0.6123029059948497,1.1546888089773255,-1.1839342294236566,6.723268688346995,1.1953251816854644,0.0957478108097994,1.2029734555576137,0.2589884206495007,-0.6968166630972744,2.7285554334255946,-0.9483885416587272,0.8893263583615114
sub-0040,narratives,ds007070/sub-0040/ses-02/func/sub-0040_ses-02_task-narratives_acq-mb8_run-01_space-MNI152NLin2009cAsym_desc-preproc_bold.nii.gz,0.4600000083446502,967,18,133,16,104,6.682692307692308,1.38132076290677,1.1442307692307692,0.5291185054696826,6.538461538461538,1.636495645734002,0.0865384615384615,0.25,0.5384615384615384,1.7692307692307692,2.83,0.8675,0.0384615384615384,3.615384615384616,108.12273959613748,226.01916894963205,-1.6769517052622531,6.876769938854191,-0.5745490914179475,1.1785059276518692,-1.0414829645936132,6.698264011202322,-0.6950061836764784,0.1081171968903984,-0.497508015854287,0.2611984992427731,0.0969582683756978,2.7973405960470137,0.1128958481716417,0.8557169385770886
sub-0041,narratives,ds007070/sub-0041/ses-02/func/sub-0041_ses-02_task-narratives_acq-mb8_run-01_space-MNI152NLin2009cAsym_desc-preproc_bold.nii.gz,0.4600000083446502,967,18,145,16,116,6.715517241379311,1.4554606889543442,1.2844827586206895,0.8827431009692718,6.431034482758621,1.8799821365064109,0.1293103448275862,0.2844827586206896,0.7272727272727273,1.9696969696969695,3.194690265486725,0.8625553097345132,0.0258620689655172,3.5258620689655173,99.5507686474273,219.6850443457663,-3.349596079042136,6.934903174078341,1.8475005244980969,1.181346782444163,-3.138390044764923,6.753556391634179,0.7066022545168031,0.1100755215329323,0.9321097699849952,0.2577350592674474,1.126350983664911,2.8240661535130966,0.8177699096232637,0.7870258238696138
sub-0043,narratives,ds007070/sub-0043/ses-02/func/sub-0043_ses-02_task-narratives_acq-mb8_run-01_space-MNI152NLin2009cAsym_desc-preproc_bold.nii.gz,0.4600000083446502,967,18,127,16,99,6.737373737373737,1.306075743856761,1.1515151515151516,0.4598943171331369,6.585858585858586,1.4639205189901634,0.1111111111111111,0.2929292929292929,0.6896551724137931,2.034482758620689,2.4842105263157896,0.8274671052631579,0.0404040404040404,3.575757575757576,95.35852797161772,227.92878601558783,-1.0629283409678554,6.873571990990915,-0.2600550471210611,1.1671473709947582,-0.7720879810340514,6.706424619996157,0.2222322676490251,0.1043585297313028,0.8082906213581578,0.2689631583333297,-0.8085965928186878,2.7366453597242737,-0.4082338499569933,0.8686627549620108
sub-0044,narratives,ds007070/sub-0044/ses-02/func/sub-0044_ses-02_task-narratives_acq-mb8_run-01_space-MNI152NLin2009cAsym_desc-preproc_bold.nii.gz,0.4600000083446502,967,18,118,16,93,7.0,1.3987572123604706,1.1397849462365592,0.5821884845220243,6.860215053763441,1.6324920790104285,0.075268817204301,0.2473118279569892,0.5217391304347826,1.9565217391304348,2.438202247191011,0.8365519662921348,0.043010752688172,3.903225806451613,94.32029464930405,225.63788273454225,1.284600739907748,6.848761072745961,-0.9114100983809889,1.1872251590297058,1.3169913261107755,6.661535913716253,-1.1527867783156556,0.1103873094440867,-0.7321560156211002,0.2647749738473929,-0.8688062260959991,2.7290099146377864,-0.8812922019956325,0.9327303880695847
sub-0046,narratives,ds007070/sub-0046/ses-02/func/sub-0046_ses-02_task-narratives_acq-mb8_run-01_space-MNI152NLin2009cAsym_desc-preproc_bold.nii.gz,0.4600000083446502,967,18,146,16,114,6.798245614035087,1.3382052738907766,1.263157894736842,0.7293181635597619,6.535087719298246,1.7201555011072234,0.131578947368421,0.2543859649122807,0.7241379310344828,1.9655172413793105,2.7610619469026547,0.7883019911504425,0.0087719298245614,3.5701754385964914,104.1436010105679,228.54059524164308,-1.1778510878484194,6.932344835419477,0.9631311620246772,1.2051382599348783,-1.2608032002524896,6.727206575484598,0.5837184263874502,0.1148340597852494,-0.2373725947535807,0.2605610456927569,-0.00973136017493,2.7642261656739646,0.2364825410302607,0.7661232142659432
sub-0050,narratives,ds007070/sub-0050/ses-02/func/sub-0050_ses-02_task-narratives_acq-mb8_run-01_space-MNI152NLin2009cAsym_desc-preproc_bold.nii.gz,0.4600000083446502,967,18,130,16,102,6.941176470588236,1.4338449963299,1.1666666666666667,0.5465161186889174,6.7745098039215685,1.664461752533084,0.1078431372549019,0.2352941176470588,0.6666666666666666,2.0,2.93,0.9084375,0.0196078431372549,3.794117647058824,101.46696035675517,222.63105035555296,0.547158908479465,6.8793550847826745,0.0731638339595804,1.1625614283552606,0.3922439105220796,6.716793656427416,0.2135553117579793,0.1004043629982895,-1.340329227195702,0.2606992105251657,0.8496250672883238,2.7091665341928133,0.8506654549855099,0.8368464196422188
sub-0051,narratives,ds007070/sub-0051/ses-02/func/sub-0051_ses-02_task-narratives_acq-mb8_run-01_space-MNI152NLin2009cAsym_desc-preproc_bold.nii.gz,0.4600000083446502,967,18,136,16,109,6.990825688073395,1.2508916289919607,1.165137614678899,0.6011372165396786,6.825688073394495,1.5386624584554414,0.091743119266055,0.2568807339449541,0.4642857142857143,1.6785714285714286,2.7596153846153846,0.7901141826923077,0.0458715596330275,3.889908256880734,100.7670978157483,226.69769757973395,0.8779791855702401,6.906308265330221,-0.2164779472769521,1.1741820966200591,0.7681347727696494,6.732126168710164,-0.4557095201487396,0.1044892015295494,-0.1797092986321302,0.2609758581170061,0.0110800754141943,2.756508727786564,-0.3109171257519835,0.8147382274936885
sub-0052,narratives,ds007070/sub-0052/ses-02/func/sub-0052_ses-02_task-narratives_acq-mb8_run-01_space-MNI152NLin2009cAsym_desc-preproc_bold.nii.gz,0.4600000083446502,967,18,139,16,107,6.934579439252336,1.4554453901552649,1.1869158878504673,0.5848857511642819,6.747663551401869,1.7542049639496975,0.1121495327102803,0.2242990654205607,0.6666666666666666,2.125,2.6407766990291264,0.7651699029126213,0.0373831775700934,3.822429906542056,87.87374790190678,228.24610342362385,0.8791935165274948,6.861218653939923,-0.263493748913594,1.20200024579223,0.7691474204286898,6.659218408147691,-0.385896172650674,0.1215535426170075,-1.0747728592580903,0.2520718985128087,-0.6374255400378198,2.828720003351596,-0.6700921483165957,0.816693732257161
sub-0053,narratives,ds007070/sub-0053/ses-02/func/sub-0053_ses-02_task-narratives_acq-mb8_run-01_space-MNI152NLin2009cAsym_desc-preproc_bold.nii.gz,0.4600000083446502,967,18,132,16,108,6.962962962962963,1.2892504953409687,1.0833333333333333,0.4350314200705486,6.87962962962963,1.4189478304912893,0.0462962962962962,0.25,0.5555555555555556,1.7037037037037035,2.7547169811320757,0.8127948113207547,0.0185185185185185,3.888888888888889,105.15985452227852,229.1803010455697,0.8484895807032985,6.890539498198139,-1.7492218813188996,1.1801014337195983,1.4986115957742372,6.710438064478542,-2.316666455734836,0.1081331556676103,-0.2040679436280558,0.2555385176395489,-0.1735815629690896,2.798937019951147,-0.508182837959126,0.8539677689223565
sub-0055,narratives,ds007070/sub-0055/ses-02/func/sub-0055_ses-02_task-narratives_acq-mb8_run-01_space-MNI152NLin2009cAsym_desc-preproc_bold.nii.gz,0.4600000083446502,967,18,133,16,106,6.990566037735849,1.3766438348310854,1.1415094339622642,0.4867517064373546,6.849056603773585,1.6259353517880315,0.0943396226415094,0.2452830188679245,0.6153846153846154,1.9230769230769231,2.7884615384615383,0.8604266826923077,0.0188679245283018,3.8773584905660377,103.84328122591975,229.44955165017296,0.9954026306986388,6.877662975358478,-0.6477025457221166,1.180675996058545,1.0639402655654262,6.6969869792999335,-0.2833218874629678,0.102891110629498,-0.4625355856274304,0.2557700738688455,0.1361044508020753,2.755669436171227,0.4161814602703193,0.8304806312163102
sub-0056,narratives,ds007070/sub-0056/ses-02/func/sub-0056_ses-02_task-narratives_acq-mb8_run-01_space-MNI152NLin2009cAsym_desc-preproc_bold.nii.gz,0.4600000083446502,967,18,140,16,112,6.892857142857143,1.4726157572826553,1.3214285714285714,0.8617422715636865,6.571428571428571,1.906434272271571,0.1785714285714285,0.2946428571428571,0.6666666666666666,1.9090909090909087,2.2477064220183487,0.6417717889908257,0.0267857142857142,3.642857142857143,96.76157476031224,228.95677223812888,-0.3039534488824857,6.92140295020966,2.697521798048286,1.1860161461716798,-1.3416386228431552,6.73538680403798,3.1224782100406605,0.1106487047547949,1.3564511571549664,0.2615771184992183,-1.675435071277675,2.653481117472105,-1.8052183033412956,0.7705106997258261
sub-0057,narratives,ds007070/sub-0057/ses-02/func/sub-0057_ses-02_task-narratives_acq-mb8_run-01_space-MNI152NLin2009cAsym_desc-preproc_bold.nii.gz,0.4600000083446502,967,18,140,16,111,6.846846846846847,1.3497353154546343,1.2162162162162162,0.7058895793820009,6.63063063063063,1.747350867237331,0.1081081081081081,0.2612612612612612,0.7241379310344828,1.9310344827586208,2.9272727272727272,0.8443181818181819,0.009009009009009,3.675675675675676,99.74362985129932,227.9143724554871,-0.5543646180795372,6.897624812312187,0.3071174201796237,1.1961542231131712,-0.5011707584080639,6.701470589199013,-0.1459964564327464,0.112585035514384,0.055293865499348,0.2599138842707828,0.4278863316928279,2.798312904955197,0.4071056377783857,0.8092631511880614
sub-0058,narratives,ds007070/sub-0058/ses-02/func/sub-0058_ses-02_task-narratives_acq-mb8_run-01_space-MNI152NLin2009cAsym_desc-preproc_bold.nii.gz,0.4600000083446502,967,18,129,16,103,6.757281553398058,1.3609830603423172,1.1844660194174756,0.5730477996613761,6.572815533980583,1.6366030202925934,0.116504854368932,0.2427184466019417,0.56,1.76,2.3,0.7103125,0.029126213592233,3.6601941747572817,99.78697290434992,229.80099773086488,-1.8664787584517413,6.904222912422791,0.2691075557349515,1.1696991340554623,-1.322032219420718,6.734523778367328,0.7036451560572567,0.0973572558891358,-0.7549464707159463,0.2634174447784604,-1.437423615450589,2.7042660761554376,-1.595663486969387,0.8500122627566248
sub-0059,narratives,ds007070/sub-0059/ses-02/func/sub-0059_ses-02_task-narratives_acq-mb8_run-01_space-MNI152NLin2009cAsym_desc-preproc_bold.nii.gz,0.4600000083446502,967,18,131,16,103,6.766990291262136,1.4766408851939543,1.203883495145631,0.5663647979286515,6.563106796116505,1.7804488468714592,0.1359223300970873,0.2427184466019417,0.56,1.88,2.8316831683168315,0.8757735148514851,0.0194174757281553,3.650485436893204,103.46213979912186,229.5503965768405,-0.9441350349672972,6.882227260237233,0.5598915307005464,1.174453296609263,-0.9573964777873925,6.70777396362797,1.0233191038376162,0.1078602980928587,-0.631582368602198,0.2576941736005033,0.1440755096619563,2.7903030411958327,0.1777322192653327,0.8586934756626561
sub-0060,narratives,ds007070/sub-0060/ses-02/func/sub-0060_ses-02_task-narratives_acq-mb8_run-01_space-MNI152NLin2009cAsym_desc-preproc_bold.nii.gz,0.4600000083446502,967,18,124,16,100,6.92,1.4611466370455413,1.14,0.4025173313289777,6.78,1.6792254106575388,0.12,0.22,0.7272727272727273,2.0454545454545454,2.63265306122449,0.8284438775510204,0.02,3.79,100.12961813711392,224.9804492964636,-0.0720578798285604,6.930083949225677,-0.4546330179460328,1.1675785525122804,0.0987344139589373,6.762505396713397,0.5220816566638671,0.103692259449896,-1.2273093753464397,0.2545499160158114,0.178968625275625,2.585072051667784,-0.1643936736296392,0.8434536403444678
sub-0061,narratives,ds007070/sub-0061/ses-02/func/sub-0061_ses-02_task-narratives_acq-mb8_run-01_space-MNI152NLin2009cAsym_desc-preproc_bold.nii.gz,0.4600000083446502,967,18,139,16,113,6.911504424778761,1.3532864898612418,1.1504424778761062,0.5704202545062265,6.761061946902655,1.582687228165991,0.0884955752212389,0.2654867256637168,0.7,1.9,2.9908256880733943,0.825401376146789,0.0353982300884955,3.7964601769911503,94.6152867103068,224.49752177943728,-0.0411387443126717,6.916588926466318,-0.4613636519610617,1.1791797062353522,0.1400607699689412,6.737409220230964,-0.5954722156509776,0.1079786659728927,0.0875027537605527,0.2634703985109827,0.4795628693259456,2.859351592714401,-0.0478353175980239,0.8292411101697148
sub-0062,narratives,ds007070/sub-0062/ses-02/func/sub-0062_ses-02_task-narratives_acq-mb8_run-01_space-MNI152NLin2009cAsym_desc-preproc_bold.nii.gz,0.4600000083446502,967,18,129,16,104,6.903846153846154,1.4582822104201167,1.3076923076923077,0.859859133607937,6.596153846153846,1.8825681218439672,0.1346153846153846,0.2980769230769231,0.6451612903225806,1.8387096774193548,2.396039603960396,0.7385519801980198,0.0288461538461538,3.625,93.32982798465974,228.3136254005228,-0.0790081493096182,6.913336987956973,2.8045219569854565,1.1586633370358157,-1.0075625917582127,6.754673650921159,1.1183388663004483,0.0995381936431952,1.634022358201678,0.2608407648283056,-1.2274518277728657,2.735324694244833,-1.2401230609205838,0.8613251544215336
sub-0064,narratives,ds007070/sub-0064/ses-02/func/sub-0064_ses-02_task-narratives_acq-mb8_run-01_space-MNI152NLin2009cAsym_desc-preproc_bold.nii.gz,0.4600000083446502,967,18,138,16,104,6.625,1.3947717911954498,1.25,0.6033884900318472,6.375,1.7190395828423035,0.1826923076923076,0.25,0.6923076923076923,2.076923076923077,2.435643564356436,0.7360767326732673,0.0288461538461538,3.3846153846153846,103.73549941242034,228.3416514843852,-3.025310683453636,6.891917874042827,1.1825591176201484,1.19812406071734,-2.70436827569713,6.693793813325488,2.9921645543049484,0.1121361771266384,-0.9248344167818222,0.2681044545105393,-0.97590179759921,2.691209066031958,-0.6903364390081392,0.7885355166046343
sub-0065,narratives,ds007070/sub-0065/ses-02/func/sub-0065_ses-02_task-narratives_acq-mb8_run-01_space-MNI152NLin2009cAsym_desc-preproc_bold.nii.gz,0.4600000083446502,967,18,130,16,103,6.961165048543689,1.4411483037065351,1.2233009708737863,0.670557842615509,6.737864077669903,1.6917398229050522,0.116504854368932,0.2621359223300971,0.7037037037037037,1.851851851851852,2.68,0.86421875,0.029126213592233,3.737864077669903,90.86753724180004,216.20624037187443,0.7410368093119293,6.880579022609502,0.6758504830678269,1.1815866921492837,0.270923704942363,6.69899233046022,0.1913649676537397,0.1099711482015879,0.1817884743484673,0.2572286245703695,-0.484990376849525,2.798691647232556,-0.022874425521149,0.8660551579266916
sub-0066,narratives,ds007070/sub-0066/ses-02/func/sub-0066_ses-02_task-narratives_acq-mb8_run-01_space-MNI152NLin2009cAsym_desc-preproc_bold.nii.gz,0.4600000083446502,967,18,127,16,102,6.852941176470588,1.4029463961837385,1.2352941176470589,0.7469604491794212,6.617647058823529,1.7968295381172557,0.1176470588235294,0.2745098039215686,0.6071428571428571,1.9285714285714288,2.414141414141414,0.766729797979798,0.0294117647058823,3.686274509803922,98.64859613276153,228.94299841978795,-0.1104311573172135,6.86454538966419,1.3147637384836175,1.1594614504930223,-0.6955933010127037,6.705083939171167,0.8955010739775655,0.0948809455575729,0.2423426143339982,0.2693327503437951,-0.8671499844597411,2.704289106338438,-0.8654373256881817,0.8661589454887738
sub-0069,narratives,ds007070/sub-0069/ses-02/func/sub-0069_ses-02_task-narratives_acq-mb8_run-01_space-MNI152NLin2009cAsym_desc-preproc_bold.nii.gz,0.4600000083446502,967,18,136,16,107,6.869158878504673,1.2891719746332768,1.1495327102803738,0.5460620311324272,6.719626168224299,1.5096819140378264,0.0841121495327102,0.2242990654205607,0.75,2.083333333333333,2.8380952380952382,0.8404761904761905,0.0186915887850467,3.7289719626168223,99.9993686895432,226.1476518182542,-0.239370426784896,6.890826188343119,-0.5144604622405502,1.1736276212692924,0.0214004960356699,6.717198567073826,-0.7348055800639145,0.1000553994938968,-1.2971888173506732,0.2562005155714391,0.6572523776090665,2.6636858190885686,0.6365621529217789,0.7921677158672952
sub-0070,narratives,ds007070/sub-0070/ses-02/func/sub-0070_ses-02_task-narratives_acq-mb8_run-01_space-MNI152NLin2009cAsym_desc-preproc_bold.nii.gz,0.4600000083446502,967,18,138,16,108,7.0,1.4142135623730951,1.1666666666666667,0.5023310149673529,6.833333333333333,1.6660434972051117,0.1203703703703703,0.2592592592592592,0.5714285714285714,1.8214285714285716,2.7403846153846154,0.8141526442307693,0.037037037037037,3.87037037037037,96.2891926324259,227.1710220319512,1.042561172152909,6.888163401486676,-0.0257166333637044,1.1683983055253415,0.723767632232505,6.719765095961335,0.4086148082216313,0.1043686726425782,-0.2542840569491967,0.2645967580449132,0.1673728381751966,2.689083109197925,0.2396478436761309,0.7923791521045421
sub-0073,narratives,ds007070/sub-0073/ses-02/func/sub-0073_ses-02_task-narratives_acq-mb8_run-01_space-MNI152NLin2009cAsym_desc-preproc_bold.nii.gz,0.4600000083446502,967,18,123,16,98,7.081632653061225,1.3971507780675445,1.163265306122449,0.6372278485352585,6.918367346938775,1.6351390709021745,0.0816326530612244,0.2653061224489796,0.6153846153846154,1.7692307692307692,2.8947368421052637,0.9074013157894736,0.0306122448979591,3.979591836734694,97.8211355314912,228.37081557168293,1.972950073491204,6.880738774999114,0.2441263410419983,1.147576054921422,1.3638987588844818,6.733162720077692,-0.249252883387104,0.0893874258131858,0.368636691810255,0.2553553241398847,0.783239505940836,2.6445706994457314,0.3458360308665587,0.8705928908422476
sub-0074,narratives,ds007070/sub-0074/ses-02/func/sub-0074_ses-02_task-narratives_acq-mb8_run-01_space-MNI152NLin2009cAsym_desc-preproc_bold.nii.gz,0.4600000083446502,967,18,138,16,107,6.831775700934579,1.3905746152350331,1.1962616822429906,0.650678199692931,6.635514018691588,1.6100657631271074,0.1214953271028037,0.2803738317757009,0.6666666666666666,1.9666666666666663,2.6990291262135924,0.8129550970873787,0.0373831775700934,3.635514018691589,90.26381850920876,221.5261113824756,-0.2872568899753613,6.867041818670616,0.4750397434195982,1.1673630564654889,-0.4091275924281103,6.699678762205128,0.5866808778471206,0.1016145053768306,1.178112361408456,0.2507231982729996,-0.2794555395679859,2.775598527518469,-0.0272012835137643,0.8151902157453593
sub-0075,narratives,ds007070/sub-0075/ses-02/func/sub-0075_ses-02_task-narratives_acq-mb8_run-01_space-MNI152NLin2009cAsym_desc-preproc_bold.nii.gz,0.4600000083446502,967,18,127,16,103,6.990291262135922,1.3611928565659015,1.1650485436893203,0.7014982198996433,6.825242718446602,1.7117081507813652,0.0679611650485436,0.233009708737864,0.6666666666666666,1.9583333333333333,2.98,0.921875,0.029126213592233,3.854368932038835,92.29667404380233,229.6994456002892,1.1042370133688884,6.865997105087833,-0.128386129848831,1.1718083235601555,0.861793316025165,6.694188781527677,-1.2895666472890688,0.1032635492594963,-1.133983864756707,0.2598368950884683,0.609156858541914,2.821796020957108,0.2518831381932173,0.8999193543570877
sub-0076,narratives,ds007070/sub-0076/ses-02/func/sub-0076_ses-02_task-narratives_acq-mb8_run-01_space-MNI152NLin2009cAsym_desc-preproc_bold.nii.gz,0.4600000083446502,967,18,138,16,110,6.881818181818182,1.457230112119012,1.1727272727272726,0.5724419109841706,6.709090909090909,1.7470575763683216,0.1,0.2272727272727272,0.72,2.08,3.149532710280374,0.950642523364486,0.0272727272727272,3.763636363636364,93.90278339281812,229.0806250843865,0.4895840762152676,6.832656177313694,-0.2737705800535825,1.1879007182523873,0.4594681712453368,6.644755459061305,-0.5000945314667468,0.1138874325360084,-1.2908468123990011,0.2544722992256516,1.6032998780028882,2.741003914646912,1.9467000478742813,0.8122054675166408
sub-0077,narratives,ds007070/sub-0077/ses-02/func/sub-0077_ses-02_task-narratives_acq-mb8_run-01_space-MNI152NLin2009cAsym_desc-preproc_bold.nii.gz,0.4600000083446502,967,18,144,16,114,6.859649122807017,1.486679456035908,1.2280701754385963,0.638514422388562,6.631578947368421,1.8254016791304684,0.1403508771929824,0.2807017543859649,0.84375,2.21875,2.5982142857142856,0.7368861607142857,0.0175438596491228,3.649122807017544,98.13199394589812,229.44409006890345,-0.558559924089425,6.9014340924534565,0.8891678999364117,1.180508754611847,-0.8622812867910996,6.720925337841608,0.9795662459341736,0.1146911510812981,0.8324769905359215,0.2565631582449504,-0.6612287882623082,2.813568302010469,-0.4907332080690469,0.7818660679782075
sub-0078,narratives,ds007070/sub-0078/ses-02/func/sub-0078_ses-02_task-narratives_acq-mb8_run-01_space-MNI152NLin2009cAsym_desc-preproc_bold.nii.gz,0.4600000083446502,967,18,129,16,101,6.821782178217822,1.381275060253825,1.207920792079208,0.6052574936862545,6.6138613861386135,1.7144695799558705,0.1287128712871287,0.3069306930693069,0.6129032258064516,1.8064516129032255,2.676767676767677,0.8333333333333334,0.0198019801980198,3.6732673267326734,103.37804080081192,225.85480614194395,-0.5356527838875174,6.863812667876073,1.022812598040821,1.168968947742554,-0.8445030440958011,6.694843720133519,2.6088072977948644,0.0988418905757894,1.7644682830867702,0.2673194363399627,-0.1000072705550177,2.7067358621668114,-0.2662046551095769,0.8561689269207763
sub-0079,narratives,ds007070/sub-0079/ses-02/func/sub-0079_ses-02_task-narratives_acq-mb8_run-01_space-MNI152NLin2009cAsym_desc-preproc_bold.nii.gz,0.4600000083446502,967,18,132,16,104,6.884615384615385,1.3745798461884358,1.0961538461538465,0.327367575516615,6.788461538461538,1.518002500241471,0.0865384615384615,0.3076923076923077,0.6875,1.875,2.892156862745098,0.8821997549019608,0.0192307692307692,3.855769230769231,99.09453172101084,227.49726068295868,0.0794657619763123,6.877585666156403,-1.8705502111906869,1.1711591724705177,0.7990045234023826,6.706426493685884,-0.8073086720699502,0.1050298383411483,1.7449045637333598,0.2598495477109782,0.1616126603293737,2.850571854662889,0.12068896287476,0.8721662676120577
sub-0080,narratives,ds007070/sub-0080/ses-02/func/sub-0080_ses-02_task-narratives_acq-mb8_run-01_space-MNI152NLin2009cAsym_desc-preproc_bold.nii.gz,0.4600000083446502,967,18,129,16,103,6.844660194174757,1.384488873997726,1.1553398058252426,0.5379204976865395,6.689320388349515,1.6271539342535206,0.087378640776699,0.233009708737864,0.7083333333333334,2.0,3.4411764705882355,1.036764705882353,0.0097087378640776,3.737864077669903,91.60534244198686,227.4758901835232,-0.4446195757497177,6.88221329450083,-0.1936871296433616,1.1649431470660525,-0.2518570578606915,6.717270147434778,-0.3604507827289814,0.0955051246554181,-1.3341237950232057,0.2625851581881946,2.2387201509738826,2.748040841827394,1.7289440860050442,0.8618398843745511
sub-0081,narratives,ds007070/sub-0081/ses-02/func/sub-0081_ses-02_task-narratives_acq-mb8_run-01_space-MNI152NLin2009cAsym_desc-preproc_bold.nii.gz,0.4600000083446502,967,18,138,16,109,7.027522935779817,1.4106651674819424,1.2844036697247707,0.7587970879801459,6.743119266055046,1.7659520028541662,0.1559633027522936,0.2752293577981651,0.6333333333333333,1.9,3.046728971962617,0.9126752336448598,0.018348623853211,3.743119266055046,102.96168626835184,228.477623216536,1.2369393376733102,6.90900479826448,1.706774174400156,1.174098311722909,0.0615906429964864,6.734906486541572,1.5251593258653475,0.1050266217554562,0.3834669500410879,0.2652600444210913,1.1546060657012316,2.753353295009306,1.6817586249263592,0.7917332247569748
sub-0082,narratives,ds007070/sub-0082/ses-02/func/sub-0082_ses-02_task-narratives_acq-mb8_run-01_space-MNI152NLin2009cAsym_desc-preproc_bold.nii.gz,0.4600000083446502,967,18,136,16,105,7.0095238095238095,1.3045426408636482,1.1238095238095238,0.4535169849935674,6.885714285714286,1.482683934070795,0.0857142857142857,0.2285714285714285,0.625,1.875,2.436893203883495,0.7443871359223301,0.019047619047619,3.914285714285714,89.91820752700703,228.5525472753544,1.5523480182859524,6.85899170319335,-1.1685075073822089,1.180253257988254,1.7661233634832425,6.678738445205096,-0.8747937034247729,0.107601134220391,-1.8456961762136448,0.2653985691725908,-1.325850063440756,2.832637587482701,-1.0180083188890954,0.8406220586569225
sub-0083,narratives,ds007070/sub-0083/ses-02/func/sub-0083_ses-02_task-narratives_acq-mb8_run-01_space-MNI152NLin2009cAsym_desc-preproc_bold.nii.gz,0.4600000083446502,967,18,127,16,102,6.990196078431373,1.4589776567023724,1.1372549019607845,0.4882625427157989,6.852941176470588,1.6554563776456666,0.088235294117647,0.2745098039215686,0.6428571428571429,1.8571428571428568,2.510204081632653,0.7771045918367347,0.0392156862745098,3.872549019607843,93.10879165438166,224.80020141854712,1.0078942876343506,6.891373666914954,-0.8523523190321933,1.1785431858294864,1.1205419583062988,6.712830481085468,-0.8837161899709314,0.1101399636070297,0.2360578533391496,0.2685558881873736,-0.4298526040904107,2.610292255084967,-0.7676291300562252,0.8317242077244216
sub-0084,narratives,ds007070/sub-0084/ses-02/func/sub-0084_ses-02_task-narratives_acq-mb8_run-01_space-MNI152NLin2009cAsym_desc-preproc_bold.nii.gz,0.4600000083446502,967,18,134,16,108,6.944444444444445,1.359173287304499,1.0925925925925926,0.3994631218761127,6.851851851851852,1.508944142917536,0.0648148148148148,0.2777777777777778,0.5666666666666667,1.9,2.5288461538461537,0.7528545673076923,0.037037037037037,3.898148148148149,95.39314116220017,229.6336665908576,0.5984836671048827,6.8889964580446446,-1.800068136240713,1.1784729568042844,1.1381309434803275,6.710523501240361,-1.739708389164615,0.1078929572020083,0.6045357640674829,0.264127110765813,-0.7023374993953132,2.690059479279442,-0.8089787233961189,0.8158159058926006
sub-0085,narratives,ds007070/sub-0085/ses-02/func/sub-0085_ses-02_task-narratives_acq-mb8_run-01_space-MNI152NLin2009cAsym_desc-preproc_bold.nii.gz,0.4600000083446502,967,18,134,16,105,6.780952380952381,1.434338177462347,1.2,0.6415126355251792,6.580952380952381,1.714087290103756,0.1238095238095238,0.2857142857142857,0.6333333333333333,1.9333333333333331,2.912621359223301,0.8900182038834952,0.019047619047619,3.6,95.47609274251026,226.1793323151478,-1.344137266381557,6.893371011748632,1.0712408014773247,1.1478001365499564,-1.5845877537350623,6.745570875198674,1.3364656155064132,0.0919162070204206,0.8032733472529656,0.2669579808794503,0.6396459328148144,2.683029187365599,0.7859741026352154,0.8029974613557277
sub-0086,narratives,ds007070/sub-0086/ses-02/func/sub-0086_ses-02_task-narratives_acq-mb8_run-01_space-MNI152NLin2009cAsym_desc-preproc_bold.nii.gz,0.4600000083446502,967,18,138,16,107,6.850467289719626,1.4129037296969815,1.2149532710280373,0.7651370253798492,6.635514018691588,1.7067707750530552,0.102803738317757,0.2523364485981308,0.6666666666666666,1.962962962962963,2.7788461538461537,0.8506610576923077,0.02803738317757,3.644859813084112,100.62518972084816,227.81639234693145,-0.0289991169529161,6.85347439954024,0.6435365813839442,1.1839577343606738,-0.2500655924606373,6.669516665179567,-0.1830842211925683,0.1079753535748401,-0.4301793212878632,0.2608786417659768,-0.3458674860812163,2.8549225385411616,0.1267040032633302,0.8423166872532671
sub-0087,narratives,ds007070/sub-0087/ses-02/func/sub-0087_ses-02_task-narratives_acq-mb8_run-01_space-MNI152NLin2009cAsym_desc-preproc_bold.nii.gz,0.4600000083446502,967,18,136,16,108,7.00925925925926,1.3077437970407322,1.2777777777777777,0.795235030600439,6.731481481481482,1.748732419331275,0.1203703703703703,0.25,0.7777777777777778,1.962962962962963,2.943396226415094,0.8545106132075472,0.0185185185185185,3.7314814814814814,90.46139322548026,217.8104355269444,1.0587676276425315,6.898115422987334,1.0888066889042305,1.2111628755244028,0.3096378778902532,6.6869525474629326,-0.1416515237829034,0.1241411053725498,-0.8275776034168764,0.266399354318699,0.3732571213138633,2.821457790835003,0.0806025621488349,0.845919650038099
sub-0088,narratives,ds007070/sub-0088/ses-02/func/sub-0088_ses-02_task-narratives_acq-mb8_run-01_space-MNI152NLin2009cAsym_desc-preproc_bold.nii.gz,0.4600000083446502,967,18,127,16,100,6.98,1.3778918167206955,1.12,0.4089898865164361,6.86,1.5764683711551353,0.1,0.29,0.5172413793103449,1.7586206896551724,2.489795918367347,0.7825255102040817,0.02,3.92,84.09406022915091,227.2211293269688,0.7609856971454564,6.89443598315204,-0.9840676823620312,1.181275057941153,0.9150029260218708,6.713160925210888,-0.2441365012359574,0.1082152231394156,1.435305881664531,0.2609899145779145,-0.7248906988644735,2.740326980750709,-0.8471933498156279,0.8773044450854528
sub-0089,narratives,ds007070/sub-0089/ses-02/func/sub-0089_ses-02_task-narratives_acq-mb8_run-01_space-MNI152NLin2009cAsym_desc-preproc_bold.nii.gz,0.4600000083446502,967,18,136,16,112,6.892857142857143,1.3908137669590903,1.3035714285714286,0.6954068834795452,6.589285714285714,1.8036677918113144,0.2053571428571428,0.2767857142857143,0.7419354838709677,1.935483870967742,2.81651376146789,0.7930045871559633,0.0267857142857142,3.633928571428572,104.1761592911274,225.2485762566904,-0.2619536636213475,6.928668565220949,1.941310138805709,1.1862071197803965,-0.8789502348407078,6.742461445440553,3.1727195455772303,0.1101119724809405,0.988681576748218,0.2585240486561317,0.1093348784196943,2.783114835294892,-0.3901209405657009,0.8311739344659335
sub-0090,narratives,ds007070/sub-0090/ses-02/func/sub-0090_ses-02_task-narratives_acq-mb8_run-01_space-MNI152NLin2009cAsym_desc-preproc_bold.nii.gz,0.4600000083446502,967,18,116,16,94,6.851063829787234,1.5447270476676225,1.1382978723404256,0.4774723733445238,6.712765957446808,1.781761484499496,0.0957446808510638,0.202127659574468,0.631578947368421,2.1052631578947367,2.311111111111111,0.7822916666666667,0.0425531914893617,3.75531914893617,103.43464687205416,228.975663625626,-0.5086552983773968,6.902224591610129,-0.603279669146039,1.176859394816944,-0.093397260938724,6.725365196793184,-0.2942010238827038,0.1043847710279302,-1.9521047767308288,0.2576331490901558,-1.4492689839489117,2.724371731576502,-1.613218910836706,0.960418791929197
sub-0091,narratives,ds007070/sub-0091/ses-02/func/sub-0091_ses-02_task-narratives_acq-mb8_run-01_space-MNI152NLin2009cAsym_desc-preproc_bold.nii.gz,0.4600000083446502,967,18,138,16,109,7.036697247706422,1.3872875580078796,1.1559633027522935,0.4548974635503547,6.8807339449541285,1.585377456178589,0.1192660550458715,0.2660550458715596,0.5172413793103449,1.7241379310344829,2.7523809523809524,0.8037202380952381,0.036697247706422,3.871559633027523,101.19918543330728,227.7174465352973,1.8117577428782703,6.880033003087986,-0.8103677948083184,1.1851094050473667,1.8279651581660827,6.694923598040619,0.4419094448729613,0.1114287516184635,0.2137161295029656,0.2605605154860804,-0.5379573755924859,2.861721057017905,-0.5449442004607196,0.8370461410012144
sub-0092,narratives,ds007070/sub-0092/ses-02/func/sub-0092_ses-02_task-narratives_acq-mb8_run-01_space-MNI152NLin2009cAsym_desc-preproc_bold.nii.gz,0.4600000083446502,967,18,130,16,102,6.735294117647059,1.289151003055083,1.2058823529411764,0.7357657194670894,6.529411764705882,1.663265798331651,0.0980392156862745,0.2647058823529412,0.6666666666666666,1.8888888888888888,3.03960396039604,0.9398205445544554,0.0098039215686274,3.607843137254902,89.26169346743013,226.9493625258293,-2.0565062996439925,6.909220008071175,0.9712521981506912,1.1674967658312745,-2.0846062391856623,6.7417232422399005,-0.1566386604514772,0.1014064537066609,-0.0644225017646285,0.2661622652003181,1.0443621256313227,2.755308604848756,0.8622527150785326,0.8644621131173696
sub-0093,narratives,ds007070/sub-0093/ses-02/func/sub-0093_ses-02_task-narratives_acq-mb8_run-01_space-MNI152NLin2009cAsym_desc-preproc_bold.nii.gz,0.4600000083446502,967,18,125,16,97,6.835051546391752,1.3970237140907662,1.1649484536082475,0.553029768094472,6.670103092783505,1.6248182557631388,0.1030927835051546,0.2577319587628865,0.68,1.96,2.648936170212766,0.8922872340425532,0.0309278350515463,3.6597938144329896,114.08810121452534,229.15179757750877,-0.2843439673697655,6.869602773804447,-0.0845683300816822,1.1689915412612693,-0.2086733041710305,6.700611232543179,-0.0519452519162981,0.1045561597462034,-0.0461270242550716,0.2591859200045641,-0.0168543882271127,2.654901551083137,0.3779756964298276,0.8490580970809373
sub-0094,narratives,ds007070/sub-0094/ses-02/func/sub-0094_ses-02_task-narratives_acq-mb8_run-01_space-MNI152NLin2009cAsym_desc-preproc_bold.nii.gz,0.4600000083446502,967,18,146,16,117,7.051282051282051,1.3886619325324363,1.0769230769230769,0.2980929661122908,6.974358974358975,1.5394890467940785,0.0683760683760683,0.2222222222222222,0.5,1.6923076923076923,3.0964912280701755,0.8511513157894737,0.0256410256410256,4.017094017094017,92.20820899786226,222.1824969766225,1.8647912308609047,6.887763129936321,-2.10052460736149,1.1858587931673037,2.218016236853291,6.701904336769019,-1.462519724111778,0.1148517104420736,-1.3781987847825334,0.254762974681383,1.1369653889566818,2.768246849671845,1.010429373464035,0.7695313710133183
sub-0095,narratives,ds007070/sub-0095/ses-02/func/sub-0095_ses-02_task-narratives_acq-mb8_run-01_space-MNI152NLin2009cAsym_desc-preproc_bold.nii.gz,0.4600000083446502,967,18,139,16,112,6.901785714285714,1.5243360476287326,1.1517857142857142,0.4690381460998482,6.75,1.7372443748701614,0.1160714285714285,0.2589285714285714,0.6206896551724138,2.034482758620689,3.463636363636364,0.9701704545454546,0.0178571428571428,3.75,95.03284527366826,228.71127886269213,-0.2707316450643184,6.925228290108701,-0.1856982120018021,1.1601156148439355,-0.1403642708722239,6.765112675264764,1.1241451659836954,0.0952003022695901,0.2880311554955514,0.2538809059653135,2.27036092555483,2.758932299072183,1.9446675175669783,0.799075662214567
sub-0098,narratives,ds007070/sub-0098/ses-02/func/sub-0098_ses-02_task-narratives_acq-mb8_run-01_space-MNI152NLin2009cAsym_desc-preproc_bold.nii.gz,0.4600000083446502,967,18,134,16,106,6.981132075471698,1.32363951412094,1.0943396226415094,0.4030432302653319,6.886792452830188,1.5012423725953885,0.0660377358490566,0.2452830188679245,0.6538461538461539,1.9615384615384612,2.320388349514563,0.711620145631068,0.0283018867924528,3.943396226415094,95.51759242346674,227.3518640793952,0.4887375941168524,6.923847785123471,-0.8845053614285714,1.1389061675652044,0.6875590758161481,6.784941617558268,-0.7225954188518385,0.0847363955536981,-0.4664919299865379,0.2542927529747018,-1.6431984353733378,2.728775438665314,-1.4049076206942783,0.8267669759008279
sub-0099,narratives,ds007070/sub-0099/ses-02/func/sub-0099_ses-02_task-narratives_acq-mb8_run-01_space-MNI152NLin2009cAsym_desc-preproc_bold.nii.gz,0.4600000083446502,967,18,135,16,106,7.075471698113208,1.2850652250079402,1.1037735849056605,0.4124086111294146,6.971698113207547,1.4306678238788069,0.0754716981132075,0.2264150943396226,0.8333333333333334,2.125,2.9805825242718447,0.8812196601941747,0.0283018867924528,4.009433962264151,91.47328142613776,217.5481572113312,2.252372767618309,6.913460983774432,-1.043662877892402,1.1631582526996902,2.107848151651188,6.750302731074743,-0.8729636789492529,0.101208705854287,-1.242539407796696,0.2575431402385341,0.7648249588477727,2.7495988949065837,0.6513425018234251,0.8218546648869928
sub-0100,narratives,ds007070/sub-0100/ses-02/func/sub-0100_ses-02_task-narratives_acq-mb8_run-01_space-MNI152NLin2009cAsym_desc-preproc_bold.nii.gz,0.4600000083446502,967,18,143,16,114,6.9298245614035086,1.5268644383823695,1.3245614035087718,0.836084574998382,6.605263157894737,1.9983108843000537,0.1666666666666666,0.2368421052631578,0.7777777777777778,2.111111111111111,2.7876106194690267,0.7860896017699115,0.0087719298245614,3.6666666666666665,107.0759872723984,226.9614071125837,0.0709640841051419,6.923707639754762,2.657909402045822,1.1892105906491155,-1.1661248885873143,6.734497049105646,2.174550371394236,0.1101006098293499,-0.641241083723374,0.2517900497390863,-0.0338224915000118,2.79750288667313,-0.0807904609944895,0.7928604577586816
sub-0101,narratives,ds007070/sub-0101/ses-02/func/sub-0101_ses-02_task-narratives_acq-mb8_run-01_space-MNI152NLin2009cAsym_desc-preproc_bold.nii.gz,0.4600000083446502,967,18,129,16,102,6.941176470588236,1.249344615608438,1.156862745098039,0.5403537169210642,6.784313725490196,1.4185995812381145,0.0980392156862745,0.2058823529411764,0.7619047619047619,2.238095238095238,2.555555555555556,0.8006628787878788,0.0294117647058823,3.774509803921569,104.16585013556455,226.76671805524416,0.3429155972471999,6.913658075200099,-0.2552661271072052,1.170661206092119,0.3831302652195024,6.742996869107979,-0.1947374921010508,0.1031372297205297,-1.929271105401244,0.2614217903745401,-0.7079154796602297,2.786197895570576,-0.6390390445153664,0.8674571848616568
sub-0102,narratives,ds007070/sub-0102/ses-02/func/sub-0102_ses-02_task-narratives_acq-mb8_run-01_space-MNI152NLin2009cAsym_desc-preproc_bold.nii.gz,0.4600000083446502,967,18,132,16,105,6.809523809523809,1.380462841107161,1.2190476190476192,0.6501619972826947,6.59047619047619,1.730358111530441,0.1428571428571428,0.2571428571428571,0.6666666666666666,2.037037037037037,2.647058823529412,0.7974877450980392,0.0285714285714285,3.628571428571429,96.45612832941644,227.2455497473232,-1.0727087858193052,6.904927309787484,0.88608070734433,1.180045417055657,-1.239687018457553,6.724881892731826,1.5863710847873425,0.1028836622835223,-0.0835385935373438,0.2593407809963236,-0.3624164578901884,2.7467725161110086,-0.5370807380514602,0.8435164444011576
sub-0103,narratives,ds007070/sub-0103/ses-02/func/sub-0103_ses-02_task-narratives_acq-mb8_run-01_space-MNI152NLin2009cAsym_desc-preproc_bold.nii.gz,0.4600000083446502,967,18,134,16,105,7.066666666666666,1.3535328891649745,1.2476190476190476,0.6762588316066619,6.819047619047619,1.7084684570879467,0.1428571428571428,0.2476190476190476,0.6538461538461539,1.807692307692308,2.941747572815534,0.8954793689320388,0.019047619047619,3.847619047619048,102.71668406835916,228.96033427189917,1.9146541353453712,6.91965623358574,2.279266248256009,1.16686026011399,0.7269060263428546,6.75279597347175,1.8662155311501196,0.1024122151435313,-0.7554402318771948,0.2664219024905667,0.6390102631313006,2.7654622271114966,0.8059828715527315,0.8295672281802305
sub-0104,narratives,ds007070/sub-0104/ses-02/func/sub-0104_ses-02_task-narratives_acq-mb8_run-01_space-MNI152NLin2009cAsym_desc-preproc_bold.nii.gz,0.4600000083446502,967,18,130,16,101,6.861386138613861,1.311714168333155,1.1782178217821782,0.6228328765240383,6.683168316831683,1.5870141339591584,0.0891089108910891,0.2574257425742574,0.6923076923076923,1.9230769230769231,2.571428571428572,0.8169642857142857,0.0297029702970297,3.722772277227723,111.3407657661748,229.54052243850504,-0.246740380173842,6.887398957376488,0.1511113105092395,1.1683340088776957,-0.253735036088032,6.719064948498793,-0.3321147769544409,0.1004702984899252,-0.1797922681431502,0.2626402500490037,-0.3940451960931335,2.698592995880307,-0.2695743530709322,0.84451162989309
sub-0105,narratives,ds007070/sub-0105/ses-02/func/sub-0105_ses-02_task-narratives_acq-mb8_run-01_space-MNI152NLin2009cAsym_desc-preproc_bold.nii.gz,0.4600000083446502,967,18,128,16,99,6.767676767676767,1.1851830378596642,1.1919191919191918,0.6006249751303726,6.575757575757576,1.485239684435692,0.1111111111111111,0.2525252525252525,0.72,1.8,2.126315789473684,0.6840460526315789,0.0404040404040404,3.6666666666666665,105.29313462612326,229.66389197688727,-1.1593436412986904,6.91018501782437,0.4334093864146319,1.1667381409317252,-1.0084061880127202,6.743446876892644,0.3539432188488549,0.0999235884249187,-0.3894848766891301,0.2615558684458788,-2.139805940826873,2.762951318751472,-2.077241026851008,0.8721953995350546
sub-0106,narratives,ds007070/sub-0106/ses-02/func/sub-0106_ses-02_task-narratives_acq-mb8_run-01_space-MNI152NLin2009cAsym_desc-preproc_bold.nii.gz,0.4600000083446502,967,18,131,16,105,6.838095238095238,1.6473977704001586,1.2190476190476192,0.6790965772054526,6.619047619047619,2.016189057360027,0.1238095238095238,0.238095238095238,0.72,2.04,2.826923076923077,0.8395432692307693,0.0095238095238095,3.638095238095238,96.44185935297574,227.99933467675615,-0.638184246026128,6.893559247509104,1.7295244538927397,1.1355544265069013,-1.246181245559271,6.758004821002204,1.434636227380104,0.0868142310924822,-0.8017107419676098,0.2602046267181218,0.3818885642609478,2.7167112635149557,-0.0155616004402568,0.8409707376155767
sub-0107,narratives,ds007070/sub-0107/ses-02/func/sub-0107_ses-02_task-narratives_acq-mb8_run-01_space-MNI152NLin2009cAsym_desc-preproc_bold.nii.gz,0.4600000083446502,967,18,141,16,109,7.110091743119266,1.4614772431502334,1.238532110091743,0.7923135669110097,6.871559633027523,1.9105017637957131,0.1192660550458715,0.2660550458715596,0.5862068965517241,1.793103448275862,2.7358490566037736,0.8183962264150944,0.0275229357798165,3.8623853211009176,93.26468367096064,228.324447313164,2.096372208715166,6.921952903385614,1.1445713410392064,1.1691488187629016,0.9958380541953508,6.7528040846227135,0.4439002839967517,0.104562513488582,0.283491896423438,0.258789855270947,-0.2357169732783824,2.806504210819619,0.2469074942471519,0.7982186715528745
sub-0109,narratives,ds007070/sub-0109/ses-02/func/sub-0109_ses-02_task-narratives_acq-mb8_run-01_space-MNI152NLin2009cAsym_desc-preproc_bold.nii.gz,0.4600000083446502,967,18,134,16,106,6.89622641509434,1.4001989333697848,1.19811320754717,0.5760259802466704,6.69811320754717,1.674286266248311,0.1226415094339622,0.2547169811320754,0.6666666666666666,2.0,2.9134615384615383,0.8422475961538461,0.0188679245283018,3.716981132075472,98.58262694600884,224.32367190041745,0.0149840933321756,6.894516354841032,0.5225048497646086,1.1684247923314346,-0.1774793870984484,6.7260915625095965,0.7868794446859847,0.0990952199880714,0.1035242652121438,0.2529837226592022,0.6139387309182172,2.6818435071207896,0.3055814046400029,0.8067872250501666
sub-0111,narratives,ds007070/sub-0111/ses-02/func/sub-0111_ses-02_task-narratives_acq-mb8_run-01_space-MNI152NLin2009cAsym_desc-preproc_bold.nii.gz,0.4600000083446502,967,18,132,16,104,6.615384615384615,1.3460311477208846,1.2019230769230769,0.5974022679514596,6.413461538461538,1.6698966709680665,0.125,0.2884615384615384,0.6333333333333333,1.8666666666666667,2.9,0.8665625,0.0384615384615384,3.480769230769231,91.04852050267016,229.1052724244196,-2.7325651555247856,6.881534854504318,0.3881170643193293,1.1829032335382614,-2.134256124115871,6.698631620966055,0.5094154002180824,0.111804566895593,1.0721966322068777,0.2670187199026514,0.1417098033193778,2.8496276767012043,-0.0174614318348387,0.8684007122535424
sub-0112,narratives,ds007070/sub-0112/ses-02/func/sub-0112_ses-02_task-narratives_acq-mb8_run-01_space-MNI152NLin2009cAsym_desc-preproc_bold.nii.gz,0.4600000083446502,967,18,97,16,77,6.727272727272728,1.3825640142823463,1.2987012987012987,0.7445403927562692,6.428571428571429,1.8383958355371404,0.1688311688311688,0.2597402597402597,0.85,2.2,2.9466666666666668,1.2154166666666666,0.0259740259740259,3.5064935064935066,97.0336680191568,228.06232745557872,-1.3252526166572474,6.877854929319031,2.9480509942035096,1.129607190982128,-2.172654964491392,6.748247738336903,3.3967697528652496,0.0778913807402303,0.5575325411031968,0.2476522112526785,1.8804206755936663,2.571771061308892,1.4651285078660707,1.082819566531377
sub-0114,narratives,ds007070/sub-0114/ses-02/func/sub-0114_ses-02_task-narratives_acq-mb8_run-01_space-MNI152NLin2009cAsym_desc-preproc_bold.nii.gz,0.4600000083446502,967,18,134,16,109,6.89908256880734,1.4138531154289524,1.128440366972477,0.4534010862603732,6.770642201834862,1.619516546077047,0.0825688073394495,0.2660550458715596,0.5862068965517241,1.793103448275862,2.7850467289719627,0.8180490654205608,0.018348623853211,3.807339449541285,98.35620298455166,223.9225951176277,0.0949539401368956,6.887436142702238,-0.8901701024971899,1.1723113965069083,0.3653172544184462,6.715124746195328,-0.683311090770679,0.1020095298016062,0.0878894325957381,0.2643322438698177,0.2034233846605942,2.719190519962937,-0.1059410853468781,0.8287069241581333
sub-0115,narratives,ds007070/sub-0115/ses-02/func/sub-0115_ses-02_task-narratives_acq-mb8_run-01_space-MNI152NLin2009cAsym_desc-preproc_bold.nii.gz,0.4600000083446502,967,18,129,16,101,6.96039603960396,1.2955368931775575,1.1386138613861383,0.4905038831711127,6.821782178217822,1.465578654347561,0.0891089108910891,0.2475247524752475,0.56,1.8,2.3535353535353534,0.7203282828282829,0.0198019801980198,3.792079207920792,97.7365556387394,224.7297734750097,0.7795398209051956,6.882862763822319,-0.471430175786003,1.1650741802039448,0.7782515706391017,6.717788583618374,-0.3410905818973632,0.0995213172179318,-0.525444127253736,0.2632058594933105,-1.4458507836703407,2.7226925554989765,-1.5848390620904838,0.8484931012797963
sub-0116,narratives,ds007070/sub-0116/ses-02/func/sub-0116_ses-02_task-narratives_acq-mb8_run-01_space-MNI152NLin2009cAsym_desc-preproc_bold.nii.gz,0.4600000083446502,967,18,132,16,104,6.769230769230769,1.3454761977291585,1.2307692307692308,0.7787314707330648,6.538461538461538,1.762186841548241,0.1153846153846153,0.2211538461538461,0.6521739130434783,1.826086956521739,2.79,0.9034375,0.0384615384615384,3.5865384615384617,100.20860559210254,226.1671551741546,-1.152343853426345,6.877990977656691,1.0996784863626186,1.1652219058312374,-1.2967594559316629,6.712769071825453,0.5362244527170427,0.0969067128204791,-1.3362788445490223,0.2539256004943367,0.3118324527903765,2.68855208462323,0.7667436284105548,0.8252257778798089
sub-0118,narratives,ds007070/sub-0118/ses-02/func/sub-0118_ses-02_task-narratives_acq-mb8_run-01_space-MNI152NLin2009cAsym_desc-preproc_bold.nii.gz,0.4600000083446502,967,18,139,16,108,6.972222222222222,1.4368861278988976,1.1759259259259258,0.5932439523375826,6.796296296296297,1.7388322392478917,0.1018518518518518,0.2685185185185185,0.7586206896551724,1.9310344827586208,2.710280373831776,0.7866530373831776,0.0092592592592592,3.851851851851852,98.54503965594886,228.72288101858567,0.3445071098654407,6.934275484295772,-0.0715661421493769,1.180595361408413,0.2669593147361061,6.75368012288736,-0.1675806733761095,0.107098926440733,0.5159737688122801,0.2552904099429773,-0.0815846308686872,2.729452432671062,-0.1759743798180712,0.7985486688490763
sub-0122,narratives,ds007070/sub-0122/ses-02/func/sub-0122_ses-02_task-narratives_acq-mb8_run-01_space-MNI152NLin2009cAsym_desc-preproc_bold.nii.gz,0.4600000083446502,967,18,143,16,112,6.857142857142857,1.2653179841563942,1.2142857142857142,0.5762346154530567,6.642857142857143,1.4878313794386155,0.1517857142857142,0.25,0.75,2.071428571428572,3.0091743119266057,0.8717029816513762,0.0267857142857142,3.6875,95.56706200659112,222.92117274792983,-0.4499587779036644,6.895040294184462,0.566286392524064,1.187882233294603,-0.6330574664047369,6.707158060889859,1.689656346035051,0.1104426816100401,-0.3575940618035408,0.2592871295578259,0.4165284876395808,2.877287274820564,0.5589623769436028,0.8190142256986479
sub-0123,narratives,ds007070/sub-0123/ses-02/func/sub-0123_ses-02_task-narratives_acq-mb8_run-01_space-MNI152NLin2009cAsym_desc-preproc_bold.nii.gz,0.4600000083446502,967,18,127,16,102,6.833333333333333,1.3206908883013633,1.2254901960784317,0.6734992520242238,6.607843137254902,1.6298992421333574,0.1176470588235294,0.284313725490196,0.6206896551724138,1.7586206896551724,2.6666666666666665,0.8330176767676768,0.0294117647058823,3.686274509803922,108.42535785714256,227.9209846967231,-1.0127362773152877,6.952887097789141,1.2837838812339035,1.1658276345698293,-1.1987461467192193,6.787059463219312,0.97070967979053,0.0959848305143074,1.3393384551654808,0.2577394366175409,0.0212275424928645,2.661194781049194,-0.2234719229373316,0.8541451130381982
sub-0124,narratives,ds007070/sub-0124/ses-02/func/sub-0124_ses-02_task-narratives_acq-mb8_run-01_space-MNI152NLin2009cAsym_desc-preproc_bold.nii.gz,0.4600000083446502,967,18,126,16,102,6.862745098039215,1.462665515293636,1.2450980392156863,0.709710225482579,6.617647058823529,1.8670892136223507,0.1372549019607843,0.2549019607843137,0.6923076923076923,2.076923076923077,2.795918367346939,0.8673469387755102,0.0392156862745098,3.686274509803922,99.8399438715698,227.56809529920477,-0.5588444674529525,6.918182983781994,1.163863244192039,1.1732848466883936,-0.909895029500537,6.7448981370936005,1.2365647257107637,0.0963023324669752,-0.0473435465971658,0.2559987537843131,0.2427235810701999,2.725827724970773,-0.1774454994328825,0.8854053238874116
sub-0126,narratives,ds007070/sub-0126/ses-02/func/sub-0126_ses-02_task-narratives_acq-mb8_run-01_space-MNI152NLin2009cAsym_desc-preproc_bold.nii.gz,0.4600000083446502,967,18,136,16,108,6.953703703703703,1.416750654159341,1.1759259259259258,0.5932439523375826,6.777777777777778,1.6707116024517752,0.1111111111111111,0.25,0.6666666666666666,1.962962962962963,2.8773584905660377,0.8497936320754716,0.0185185185185185,3.7777777777777777,93.85406648087582,228.05439065389052,0.7285053717769993,6.885006006961706,0.467664504021693,1.151960882310603,0.3632581980215227,6.733045124651103,0.6964714212737847,0.0933947534527385,-0.5726179732215021,0.2634115223448199,0.3702363771132864,2.7470315866763477,0.2482498657754474,0.8235856735444406
sub-0127,narratives,ds007070/sub-0127/ses-02/func/sub-0127_ses-02_task-narratives_acq-mb8_run-01_space-MNI152NLin2009cAsym_desc-preproc_bold.nii.gz,0.4600000083446502,967,18,137,16,105,7.076190476190476,1.3351407164043545,1.076190476190476,0.3309438162646486,7.0,1.4741359920566768,0.0571428571428571,0.2666666666666666,0.6428571428571429,1.8571428571428568,2.303921568627451,0.7035845588235294,0.0285714285714285,4.038095238095238,84.06594408561389,218.77933915445163,1.535924810812836,6.940502942873639,-1.6529764759776753,1.1583516480337095,1.874268386295192,6.78215129483993,-1.4062259943095814,0.0959519540604808,0.6176853530340803,0.2536413815976233,-1.532443405326586,2.782138789321145,-1.176884671392172,0.8151880615020339
sub-0128,narratives,ds007070/sub-0128/ses-02/func/sub-0128_ses-02_task-narratives_acq-mb8_run-01_space-MNI152NLin2009cAsym_desc-preproc_bold.nii.gz,0.4600000083446502,967,18,137,16,110,6.790909090909091,1.2999326344257374,1.1636363636363636,0.5506838572104326,6.627272727272727,1.5436112246970877,0.109090909090909,0.2545454545454545,0.5714285714285714,1.6785714285714286,2.342592592592593,0.6760706018518519,0.0181818181818181,3.663636363636364,105.47021632914388,229.1155620946858,-0.9398998527956144,6.901135032183463,-0.2543728453696433,1.176559044000674,-0.6313646253070194,6.724575988182789,0.0636446752668108,0.1074934049104111,-0.6393851324351244,0.2706929097681245,-1.251591770542003,2.746511183542629,-1.4386486460652974,0.8201136007466021
sub-0129,narratives,ds007070/sub-0129/ses-02/func/sub-0129_ses-02_task-narratives_acq-mb8_run-01_space-MNI152NLin2009cAsym_desc-preproc_bold.nii.gz,0.4600000083446502,967,18,133,16,102,6.921568627450981,1.3326536803976137,1.1470588235294117,0.5698194750351161,6.7745098039215685,1.5600638648078384,0.0686274509803921,0.2745098039215686,0.6785714285714286,1.7857142857142858,3.090909090909091,0.9381313131313131,0.0294117647058823,3.8333333333333335,100.23471784679604,229.0316173164804,0.1331769280786455,6.9080669051762005,-0.4507919179363278,1.1694398317035417,0.264818944524751,6.738627073472659,-1.4547609212931851,0.1018113317353515,0.2702286512605863,0.2664178844348284,0.9492538714887888,2.840199016264953,1.001096974163772,0.8546728722723919
sub-0130,narratives,ds007070/sub-0130/ses-02/func/sub-0130_ses-02_task-narratives_acq-mb8_run-01_space-MNI152NLin2009cAsym_desc-preproc_bold.nii.gz,0.4600000083446502,967,18,144,16,115,7.052173913043478,1.3691044470867808,1.1652173913043478,0.6744775077545724,6.886956521739131,1.6370985105303768,0.0782608695652174,0.2782608695652174,0.65625,1.90625,2.6576576576576576,0.7515484234234234,0.0347826086956521,3.9478260869565216,101.91401748268606,228.51852585283825,1.031721111208694,6.951749807445205,-0.2844417582575911,1.184130501724144,0.8219248599719993,6.767619305721061,-0.992259290978417,0.1069269561177319,0.1619163027168093,0.2739010848461886,-0.2927557464547531,2.7381638318520154,-0.3144646131297763,0.775176160053525
sub-0131,narratives,ds007070/sub-0131/ses-02/func/sub-0131_ses-02_task-narratives_acq-mb8_run-01_space-MNI152NLin2009cAsym_desc-preproc_bold.nii.gz,0.4600000083446502,967,18,133,16,106,6.773584905660377,1.4026031503901155,1.3113207547169812,0.7604911639343893,6.462264150943396,1.789783324485779,0.1886792452830188,0.2641509433962264,0.75,2.107142857142857,3.1650485436893203,0.9496359223300972,0.0283018867924528,3.518867924528302,112.28695622539811,229.149823031655,-1.4174618700163688,6.931403725591749,2.9573975603417493,1.188519356468635,-2.169133349929196,6.742884369123115,3.183714660552112,0.1115078564839268,0.2004856124694314,0.2596226362505581,1.2562469188948835,2.771700310683357,1.1457862297036667,0.8330575645702817
sub-0132,narratives,ds007070/sub-0132/ses-02/func/sub-0132_ses-02_task-narratives_acq-mb8_run-01_space-MNI152NLin2009cAsym_desc-preproc_bold.nii.gz,0.4600000083446502,967,18,127,16,101,7.02970297029703,1.2605986319566944,1.1584158415841583,0.4411954956099786,6.871287128712871,1.5143537653839914,0.1287128712871287,0.2376237623762376,0.625,1.9166666666666667,3.0721649484536084,0.9821198453608248,0.0396039603960396,3.910891089108911,91.00386685608832,222.26615844434423,1.0911904760160605,6.888714355606415,-0.3897260441881787,1.177682930741795,1.0302697193786052,6.71103142486462,0.661206748560801,0.1097359873867941,-0.68787748327979,0.2549425122127608,1.2685236741324797,2.6601428780568823,1.1857651166505616,0.8566699381257531
sub-0133,narratives,ds007070/sub-0133/ses-02/func/sub-0133_ses-02_task-narratives_acq-mb8_run-01_space-MNI152NLin2009cAsym_desc-preproc_bold.nii.gz,0.4600000083446502,967,18,138,16,108,7.027777777777778,1.4433756729740643,1.1666666666666667,0.4636305328901855,6.861111111111111,1.6769929325880168,0.1296296296296296,0.2685185185185185,0.6551724137931034,1.827586206896552,3.2547169811320757,0.9681603773584906,0.0185185185185185,3.861111111111111,96.35819298310008,229.9742423746421,1.187258493608054,6.9074288162028425,0.1075604433606051,1.1606034561615404,0.8355665693946499,6.746825360041301,0.9402976104297812,0.0973736161374284,0.6447270207559465,0.2561895072678691,1.8260623488267207,2.724402861024076,2.0648000829301973,0.791746713551218
sub-0001,shortvideo,ds007070/sub-0001/ses-03/func/sub-0001_ses-03_task-shortvideo_acq-mb8_run-01_space-MNI152NLin2009cAsym_desc-preproc_bold.nii.gz,0.4600000083446502,1616,63,230,62,222,6.81981981981982,1.4657365649377254,1.2297297297297298,0.6426887235682112,6.59009009009009,1.7537267341038052,0.1486486486486486,0.2657657657657657,0.711864406779661,2.1186440677966103,3.2181818181818183,1.7894886363636364,0.009009009009009,2.7072072072072078,102.19750343662082,229.8914554363738,-1.276697910410897,6.912669113560404,2.747595251447005,1.1410634416656258,-2.075831521148966,6.77160567189478,3.1606664662024517,0.0923860191244735,0.2419874816579838,0.2621347239409303,0.5759397291155705,3.093349701704732,0.339201164146536,1.7485799411205982
sub-0002,shortvideo,ds007070/sub-0002/ses-03/func/sub-0002_ses-03_task-shortvideo_acq-mb8_run-01_space-MNI152NLin2009cAsym_desc-preproc_bold.nii.gz,0.4600000083446502,1616,63,195,62,190,7.015789473684211,1.5650830083957314,1.173684210526316,0.6226263754878018,6.842105263157895,1.824673860681889,0.0947368421052631,0.2368421052631578,0.6,1.9777777777777776,2.9894179894179893,1.9427910052910051,0.0052631578947368,3.0,95.47001210783384,224.4923141454367,1.1451220500379182,6.902786700367978,0.7198476572276408,1.1418309084458782,0.661480160844403,6.760955791922099,0.2560772970467958,0.0893822625511986,-0.8876534224832847,0.2543143085951305,-0.4695091467291925,3.10109319336118,-0.6792734158403695,2.051544850375412
sub-0003,shortvideo,ds007070/sub-0003/ses-03/func/sub-0003_ses-03_task-shortvideo_acq-mb8_run-01_space-MNI152NLin2009cAsym_desc-preproc_bold.nii.gz,0.4600000083446502,1616,63,220,62,212,6.976415094339623,1.487518490022799,1.1179245283018868,0.4671781112616007,6.858490566037736,1.6200092401894517,0.080188679245283,0.2735849056603773,0.6206896551724138,1.9482758620689653,2.8708133971291865,1.6824162679425838,0.0141509433962264,2.957547169811321,101.52283087998076,229.07356728765288,0.5974125885679874,6.934099447745671,-0.8074822175686276,1.1467742147024742,0.8092446095081041,6.787325233043196,-0.7790433879605868,0.0951402662617396,0.6475873730725905,0.2645870521176447,-1.1675049417854118,3.1214668501280034,-1.0843452717536357,1.8262771886713345
sub-0004,shortvideo,ds007070/sub-0004/ses-03/func/sub-0004_ses-03_task-shortvideo_acq-mb8_run-01_space-MNI152NLin2009cAsym_desc-preproc_bold.nii.gz,0.4600000083446502,1616,63,234,62,226,7.008849557522124,1.528953601337937,1.1327433628318584,0.4989664834659927,6.876106194690266,1.7133864757664086,0.079646017699115,0.252212389380531,0.6491228070175439,2.017543859649123,3.126126126126126,1.6804617117117118,0.0176991150442477,2.9734513274336285,101.11703597056352,229.31732447045025,0.851692358559379,6.948628195924777,-0.5153697438779087,1.1457943834363455,0.911069795447222,6.802833812488432,-0.9553517326685472,0.0949639449240644,0.0001385143914472,0.2522106548562743,-0.1319864227261152,3.162898148063128,-0.3925784874789287,1.7369639593255517
sub-0005,shortvideo,ds007070/sub-0005/ses-03/func/sub-0005_ses-03_task-shortvideo_acq-mb8_run-01_space-MNI152NLin2009cAsym_desc-preproc_bold.nii.gz,0.4600000083446502,1616,63,228,62,221,6.868778280542986,1.5332594071806436,1.167420814479638,0.5343025609668152,6.701357466063349,1.7532950702763548,0.1131221719457013,0.2669683257918552,0.5932203389830508,2.101694915254237,3.096330275229358,1.7537270642201834,0.0135746606334841,2.823529411764706,107.17865703135313,228.5220907852481,-0.9581995813344156,6.933011248126495,0.2072085251431874,1.1598730679375555,-0.8645454299722738,6.773138180188939,0.6748330959357335,0.1009622803434195,0.4198607946597797,0.2625092522491695,-0.0632928669035352,3.111683884153513,-0.072584506805468,1.7639106479950548
sub-0006,shortvideo,ds007070/sub-0006/ses-03/func/sub-0006_ses-03_task-shortvideo_acq-mb8_run-01_space-MNI152NLin2009cAsym_desc-preproc_bold.nii.gz,0.4600000083446502,1616,63,185,62,179,6.865921787709497,1.504267567687606,1.100558659217877,0.3979578780013794,6.76536312849162,1.63896591712862,0.0726256983240223,0.2234636871508379,0.725,2.225,3.4745762711864407,2.445268361581921,0.0111731843575419,2.9608938547486034,105.84445820226172,229.04833399829815,-0.4354605801948585,6.900180661426584,-0.8695069133840795,1.1353399010327414,0.0050246496543371,6.764840760393843,-0.7857982082733821,0.0898016749061993,-2.0631089694151936,0.2585905121051955,2.184968852730709,2.989602346901807,2.4191746467913213,2.073482340496752
sub-0007,shortvideo,ds007070/sub-0007/ses-03/func/sub-0007_ses-03_task-shortvideo_acq-mb8_run-01_space-MNI152NLin2009cAsym_desc-preproc_bold.nii.gz,0.4600000083446502,1616,63,216,62,205,6.9365853658536585,1.612110432887278,1.1414634146341462,0.46913333202169,6.795121951219512,1.7951393003341043,0.0975609756097561,0.248780487804878,0.7058823529411765,2.235294117647059,3.4088669950738915,2.0520320197044337,0.0097560975609756,2.8780487804878048,100.64582716247747,228.4730130378184,0.0714758717230449,6.931522799871542,-0.0929409438100806,1.1453666250558796,0.0893449775773577,6.78615617481566,0.194933403292975,0.093047580812954,-0.4384118468962304,0.2563738776350568,1.2180690129264231,3.042277472636957,1.261539647077116,1.8206854051713788
sub-0008,shortvideo,ds007070/sub-0008/ses-03/func/sub-0008_ses-03_task-shortvideo_acq-mb8_run-01_space-MNI152NLin2009cAsym_desc-preproc_bold.nii.gz,0.4600000083446502,1616,63,219,62,214,6.906542056074766,1.58355818683332,1.1401869158878504,0.5118061203273443,6.766355140186916,1.7792726226667954,0.0887850467289719,0.2757009345794392,0.6779661016949152,2.0338983050847457,2.9859154929577465,1.7232981220657275,0.0046728971962616,2.892523364485981,96.54627087268447,229.9469744507797,-0.3488282372460159,6.932059882245896,-0.2506744648489944,1.1494705623186334,-0.1809010945021996,6.782589319927264,-0.3225470098558823,0.094953597205894,0.845242050659671,0.2639442343023294,-0.5613834079141028,3.1243858770075525,-0.7995050116991165,1.847927543533509
sub-0009,shortvideo,ds007070/sub-0009/ses-03/func/sub-0009_ses-03_task-shortvideo_acq-mb8_run-01_space-MNI152NLin2009cAsym_desc-preproc_bold.nii.gz,0.4600000083446502,1616,63,224,62,216,6.967592592592593,1.365306249226683,1.148148148148148,0.5249994873054386,6.819444444444445,1.5700071594168463,0.0972222222222222,0.2546296296296296,0.5818181818181818,1.818181818181818,2.896713615023474,1.681338028169014,0.0138888888888888,2.888888888888889,104.6652322561864,229.411554441365,0.5865142317196576,6.933281206176952,-0.0111413967487368,1.1484969150506334,0.4546033895766145,6.78478429112632,0.0389414392773993,0.0964468158013012,-0.2058667268258783,0.2578083492686355,-0.901336123107746,3.1267918009602584,-0.7609815804241378,1.7918794240222466
sub-0010,shortvideo,ds007070/sub-0010/ses-03/func/sub-0010_ses-03_task-shortvideo_acq-mb8_run-01_space-MNI152NLin2009cAsym_desc-preproc_bold.nii.gz,0.4600000083446502,1616,63,221,62,212,6.910377358490566,1.5657730852700282,1.1320754716981132,0.4582156138537809,6.778301886792453,1.7287370245070928,0.0896226415094339,0.2688679245283019,0.6666666666666666,2.175438596491228,2.9571428571428573,1.7508928571428573,0.0094339622641509,2.839622641509434,98.41044844245587,222.5999446784677,-0.4357187664623829,6.937084428278274,-0.2852720975819711,1.1424048460750624,-0.2025586179188191,6.794679582203211,-0.0738932127737273,0.0910784472065732,0.3337991373995622,0.2636866143712201,-0.9153743219713588,3.138528577323158,-0.6685154510135213,1.832494350895196
sub-0011,shortvideo,ds007070/sub-0011/ses-03/func/sub-0011_ses-03_task-shortvideo_acq-mb8_run-01_space-MNI152NLin2009cAsym_desc-preproc_bold.nii.gz,0.4600000083446502,1616,63,223,62,211,6.924170616113744,1.6399575050502286,1.151658767772512,0.5307089572372109,6.7725118483412325,1.8530291400586685,0.0900473933649289,0.2417061611374407,0.7450980392156863,2.235294117647059,3.0240384615384617,1.7869591346153846,0.0142180094786729,2.867298578199052,96.23111148112712,227.75314954086008,0.2169648078768269,6.9086076236282805,-0.194224834442074,1.157808735292837,0.2598941490445092,6.750798888335442,-0.577600676564539,0.1002079635221293,-0.6333708282788161,0.2505869484652281,0.0750066589782496,3.005023462964304,0.3627012568013297,1.7349858213214648
sub-0013,shortvideo,ds007070/sub-0013/ses-03/func/sub-0013_ses-03_task-shortvideo_acq-mb8_run-01_space-MNI152NLin2009cAsym_desc-preproc_bold.nii.gz,0.4600000083446502,1616,63,246,62,235,7.017021276595744,1.414110688032203,1.1191489361702127,0.4465625107572519,6.897872340425532,1.5791766438629584,0.0851063829787234,0.2723404255319149,0.671875,1.984375,3.2337662337662336,1.706439393939394,0.0170212765957446,3.008510638297872,98.73585819345196,225.91368322042808,1.498801156133074,6.937414524970007,-2.477116473606276,1.1772934988115042,2.0772489391468243,6.760121026158502,-1.8018587808508677,0.1147948189323811,0.1416884892679659,0.2702224405127429,0.2019211152822326,3.184430498108461,0.2411443631650773,1.6739407843144645
sub-0014,shortvideo,ds007070/sub-0014/ses-03/func/sub-0014_ses-03_task-shortvideo_acq-mb8_run-01_space-MNI152NLin2009cAsym_desc-preproc_bold.nii.gz,0.4600000083446502,1616,63,215,62,205,6.853658536585366,1.4911664011009496,1.1219512195121952,0.4313182001326426,6.7317073170731705,1.6273458217971704,0.0878048780487804,0.2780487804878049,0.6842105263157895,2.175438596491228,2.9603960396039604,1.808168316831683,0.0146341463414634,2.824390243902439,101.82132903722326,228.4527180678608,-1.5536718302717505,6.9460834628230606,-0.6254586130818716,1.140954208003828,-1.0427682400464464,6.805129254819231,-0.1736503005096367,0.0910406423508411,0.8105574570040109,0.2653794015636342,-1.003173085426714,3.1733398764821263,-0.8172910359983955,1.9041069289307115
sub-0016,shortvideo,ds007070/sub-0016/ses-03/func/sub-0016_ses-03_task-shortvideo_acq-mb8_run-01_space-MNI152NLin2009cAsym_desc-preproc_bold.nii.gz,0.4600000083446502,1616,63,225,62,215,7.032558139534884,1.5837552868167124,1.1023255813953488,0.3851740546557068,6.930232558139535,1.7157237218122328,0.0790697674418604,0.2604651162790697,0.625,2.0357142857142856,3.2641509433962264,1.8617334905660377,0.013953488372093,2.9906976744186045,99.2641219377243,227.1093963405664,1.5378981995485448,6.929333065786749,-1.2399103509840943,1.149465327134983,1.8424003141607292,6.779867738651766,-1.099240870665478,0.0955519702065013,0.1937889534749483,0.257488548222926,0.271808000563615,3.1996370946796007,0.0976855425763232,1.8477680147404076
sub-0017,shortvideo,ds007070/sub-0017/ses-03/func/sub-0017_ses-03_task-shortvideo_acq-mb8_run-01_space-MNI152NLin2009cAsym_desc-preproc_bold.nii.gz,0.4600000083446502,1616,63,201,62,191,6.7591623036649215,1.5199055821931946,1.1204188481675392,0.398882428873383,6.638743455497382,1.689087730153266,0.094240837696335,0.2722513089005235,0.6538461538461539,2.1153846153846154,3.00531914893617,1.9591090425531916,0.0157068062827225,2.74869109947644,105.55489070340862,229.84075555913824,-1.6243041862173448,6.895223984277105,-0.7724866785560482,1.1431372784811002,-1.2295681491703645,6.752086705796005,0.136182400696755,0.09177679907441,0.5684230523730921,0.2629898316211352,-0.0001274541691495,3.0053477174955168,0.2058567190766174,1.9287209694873464
sub-0018,shortvideo,ds007070/sub-0018/ses-03/func/sub-0018_ses-03_task-shortvideo_acq-mb8_run-01_space-MNI152NLin2009cAsym_desc-preproc_bold.nii.gz,0.4600000083446502,1616,63,228,62,221,7.04524886877828,1.4070399479245543,1.1221719457013577,0.4656440186649773,6.923076923076923,1.5720460143802,0.0723981900452488,0.2352941176470588,0.7307692307692307,2.173076923076923,3.389908256880734,1.900086009174312,0.0135746606334841,2.97737556561086,105.9131500709289,228.36502050633823,1.247065156388698,6.9584190401818224,-0.7977349436318685,1.1565110962962832,1.3213720312211523,6.801907943885538,-1.3033086764328858,0.1019833031300904,-1.3819777734761023,0.2562631332602522,1.14476947549323,3.138506445657648,0.9494809711141052,1.777502602054169
sub-0019,shortvideo,ds007070/sub-0019/ses-03/func/sub-0019_ses-03_task-shortvideo_acq-mb8_run-01_space-MNI152NLin2009cAsym_desc-preproc_bold.nii.gz,0.4600000083446502,1616,63,217,62,207,6.869565217391305,1.5096425682368797,1.1690821256038648,0.5445320677740613,6.700483091787439,1.70867283945334,0.1062801932367149,0.2705314009661835,0.625,2.0892857142857144,3.116504854368932,1.8716626213592236,0.0048309178743961,2.758454106280193,102.10054290653028,227.73313722685637,-0.988988402427196,6.932588019356969,1.02046876896148,1.140687365372924,-1.1865309711960752,6.791900653984047,0.5285859169339876,0.0965269170156941,0.8097235626019085,0.2578748921493038,-0.2705473730502225,3.1815718498374816,-0.1594188768341373,1.8945167314254483
sub-0020,shortvideo,ds007070/sub-0020/ses-03/func/sub-0020_ses-03_task-shortvideo_acq-mb8_run-01_space-MNI152NLin2009cAsym_desc-preproc_bold.nii.gz,0.4600000083446502,1616,63,221,62,213,6.906103286384977,1.610874111895756,1.1455399061032865,0.4580942007371931,6.76056338028169,1.792001006035935,0.107981220657277,0.2769953051643192,0.6610169491525424,2.135593220338983,2.880952380952381,1.6697916666666666,0.0140845070422535,2.8450704225352115,105.66885336518492,229.20971993950417,-0.1335629294982734,6.914637968402768,-0.3611673030820755,1.1599630410364925,0.0705835058480513,6.754674927366276,0.2302776409264531,0.1029885343080573,0.946357610148084,0.261515304505151,-0.7643778544204134,3.107256148726388,-0.853506610895827,1.8186354729730505
sub-0021,shortvideo,ds007070/sub-0021/ses-03/func/sub-0021_ses-03_task-shortvideo_acq-mb8_run-01_space-MNI152NLin2009cAsym_desc-preproc_bold.nii.gz,0.4600000083446502,1616,63,235,62,222,6.792792792792793,1.5108483554781362,1.1981981981981982,0.6702443644306436,6.594594594594595,1.7968216200976344,0.1081081081081081,0.2612612612612612,0.7586206896551724,2.1724137931034484,3.290909090909091,1.8116477272727276,0.009009009009009,2.783783783783784,100.28118840983842,229.25695243478827,-2.0298787792225217,6.912689531331692,0.7297881495027592,1.1731445501983668,-1.8603684632806756,6.739544981133323,-0.0729602944162282,0.1095059444878,-0.340085061842342,0.2665923143327969,0.2852972873734206,3.220037423137589,0.3598363984510791,1.7620189898719416
sub-0024,shortvideo,ds007070/sub-0024/ses-03/func/sub-0024_ses-03_task-shortvideo_acq-mb8_run-01_space-MNI152NLin2009cAsym_desc-preproc_bold.nii.gz,0.4600000083446502,1616,63,216,62,208,6.8125,1.480448260879149,1.1201923076923077,0.4052505177822291,6.6923076923076925,1.6540211465326728,0.0913461538461538,0.2596153846153846,0.6296296296296297,2.0185185185185186,2.902912621359224,1.712378640776699,0.0096153846153846,2.8413461538461537,97.2615353600272,229.00291606198013,-2.1645314550141523,6.936361955110177,-0.9284141189305878,1.150098490232598,-1.2997987352440064,6.786263464877581,-0.2173205172581715,0.0963619717780002,-0.2118185623201275,0.2628300509653075,-0.6666000608243475,3.078212830363156,-0.8569491856846463,1.848077746549232
sub-0025,shortvideo,ds007070/sub-0025/ses-03/func/sub-0025_ses-03_task-shortvideo_acq-mb8_run-01_space-MNI152NLin2009cAsym_desc-preproc_bold.nii.gz,0.4600000083446502,1616,63,215,62,209,6.837320574162679,1.5103312479283806,1.105263157894737,0.3902921152453276,6.732057416267943,1.65395100283063,0.0813397129186602,0.2679425837320574,0.6785714285714286,2.125,2.9757281553398056,1.7029733009708738,0.0143540669856459,2.8947368421052637,111.04675300000622,229.74574880898783,-0.889304597702775,6.904705751519939,-1.3184989757024304,1.1431511924379114,-0.3130505263155615,6.761554559082027,-0.7125526099674584,0.0934142520453858,0.695218104122233,0.256908100700747,-0.6041236932650172,3.155731848104043,-0.8945162578114338,1.8631795868038723
sub-0026,shortvideo,ds007070/sub-0026/ses-03/func/sub-0026_ses-03_task-shortvideo_acq-mb8_run-01_space-MNI152NLin2009cAsym_desc-preproc_bold.nii.gz,0.4600000083446502,1616,63,219,62,215,7.027906976744186,1.509831577751438,1.1348837209302325,0.4590134284936464,6.8930232558139535,1.6667999656902035,0.1023255813953488,0.2697674418604651,0.6206896551724138,1.9827586206896552,3.187793427230047,1.7887323943661972,0.0093023255813953,2.9348837209302325,102.3539639737382,229.97765117140293,1.2273737371069986,6.941180452433563,-0.6675547862541027,1.1630737360136782,1.0943893322748066,6.7781067164198845,-0.1691687004658135,0.1064010530455174,0.6377685376097468,0.2606333647499103,0.0155043567955212,3.1828483664901355,-0.3276769910494772,1.8520739067107543
sub-0029,shortvideo,ds007070/sub-0029/ses-03/func/sub-0029_ses-03_task-shortvideo_acq-mb8_run-01_space-MNI152NLin2009cAsym_desc-preproc_bold.nii.gz,0.4600000083446502,1616,63,232,62,225,6.857777777777778,1.5110439994434206,1.1244444444444444,0.4252916832869129,6.733333333333333,1.6797108594721208,0.0933333333333333,0.2488888888888888,0.8035714285714286,2.125,3.125560538116592,1.7289798206278026,0.0088888888888888,2.8844444444444446,97.96508668454771,228.81583825203217,-1.0996106629886426,6.932668887527011,-0.8019359259064556,1.1501768744004237,-0.5637398012914653,6.782492013126588,-0.2240330232590769,0.0980191440044083,-1.0275019107629506,0.2644761960561307,0.1997937597670018,3.076159521954231,0.0975428097261942,1.715934505769111
sub-0031,shortvideo,ds007070/sub-0031/ses-03/func/sub-0031_ses-03_task-shortvideo_acq-mb8_run-01_space-MNI152NLin2009cAsym_desc-preproc_bold.nii.gz,0.4600000083446502,1640,63,237,62,219,6.936073059360731,1.4543591905675517,1.1095890410958904,0.3793394972729285,6.82648401826484,1.5817282278160234,0.091324200913242,0.2328767123287671,0.803921568627451,2.294117647058824,3.0972222222222223,1.7390046296296295,0.0136986301369863,2.9360730593607305,96.62092538047833,229.9093898535253,0.0933281977488694,6.930626482577579,-1.6342903391950934,1.1709359094530114,0.7718527182982546,6.759690573124568,-0.9367611528750734,0.1093488233078284,-1.904361308910496,0.2671148642493183,-0.0549160536770665,3.1137334197016324,0.0862988290878346,1.7249559540157462
sub-0032,shortvideo,ds007070/sub-0032/ses-03/func/sub-0032_ses-03_task-shortvideo_acq-mb8_run-01_space-MNI152NLin2009cAsym_desc-preproc_bold.nii.gz,0.4600000083446502,1640,63,231,62,215,6.9906976744186045,1.4597103082026486,1.1069767441860463,0.4132136131722252,6.883720930232558,1.5619497509714833,0.0744186046511627,0.2744186046511628,0.5254237288135594,1.8983050847457628,3.272300469483568,1.8726525821596245,0.0093023255813953,2.9813953488372094,97.46073920708676,228.40408170515752,0.8065488564462137,6.941099886473058,-1.4280902515275176,1.1610979460282762,1.2010696752780563,6.780001940444782,-1.5443857401632344,0.1021636659212062,0.7337825639399832,0.2635882278087412,0.1884921503115459,3.222026344982148,0.2699604619839491,1.8312842292694365
sub-0033,shortvideo,ds007070/sub-0033/ses-03/func/sub-0033_ses-03_task-shortvideo_acq-mb8_run-01_space-MNI152NLin2009cAsym_desc-preproc_bold.nii.gz,0.4600000083446502,1640,63,214,62,205,6.907317073170732,1.4971198237345074,1.1902439024390243,0.6700178802299485,6.717073170731707,1.7678920702550762,0.1073170731707317,0.2731707317073171,0.6071428571428571,2.017857142857143,2.716417910447761,1.6492537313432836,0.0195121951219512,2.8390243902439023,95.09517497205034,229.06756397506456,-0.3646432895551353,6.931439400961813,1.1796798597922693,1.1445476729539257,-0.7825776498255627,6.786891728007888,0.7753916040682846,0.0928799765049903,0.688034459812055,0.2598110419562979,-1.3853418347468474,3.1174073616783766,-1.42801804135589,1.9059312039212173
sub-0034,shortvideo,ds007070/sub-0034/ses-03/func/sub-0034_ses-03_task-shortvideo_acq-mb8_run-01_space-MNI152NLin2009cAsym_desc-preproc_bold.nii.gz,0.4600000083446502,1640,63,236,62,221,6.932126696832579,1.4709024756814633,1.1357466063348416,0.4951014671484235,6.796380090497737,1.6484663727681146,0.090497737556561,0.2579185520361991,0.6842105263157895,2.0350877192982457,3.050228310502283,1.7077625570776256,0.0090497737556561,2.9004524886877827,104.88038685188344,229.455423080389,0.2033607319704771,6.920398989266753,-0.9850151037120708,1.1610966817663009,0.5121339930293738,6.759302307500449,-0.7552172029929758,0.1022172052846366,-0.0207146187539502,0.2582311511302868,-0.1723456858351567,3.107469853753688,-0.1099206303090439,1.7277489376438748
sub-0035,shortvideo,ds007070/sub-0035/ses-03/func/sub-0035_ses-03_task-shortvideo_acq-mb8_run-01_space-MNI152NLin2009cAsym_desc-preproc_bold.nii.gz,0.4600000083446502,1640,63,213,62,200,6.865,1.5872529285833694,1.165,0.5089895399306296,6.7,1.796143271920793,0.105,0.27,0.7037037037037037,2.1666666666666665,3.0609137055837565,1.91497461928934,0.015,2.795,94.43976689381203,226.25453310431053,-0.7695824376887906,6.932957378515523,0.9145530944529298,1.1417916197462794,-0.924058037954747,6.791165758769242,1.0290234939450955,0.0907577980778373,0.5666465414521648,0.2580809150577922,-0.0663483053930557,3.0820142524708567,0.0695298602543157,1.9011397315443437
sub-0036,shortvideo,ds007070/sub-0036/ses-03/func/sub-0036_ses-03_task-shortvideo_acq-mb8_run-01_space-MNI152NLin2009cAsym_desc-preproc_bold.nii.gz,0.4600000083446502,1640,63,239,62,225,6.902222222222222,1.5752676769261322,1.1822222222222225,0.5958520643076456,6.72,1.819242385484369,0.1111111111111111,0.2577777777777778,0.6724137931034483,2.034482758620689,3.3423423423423424,1.8392454954954955,0.0133333333333333,2.835555555555556,95.57196487889486,228.6476543476204,-0.5902308606587258,6.944886866119412,0.9663505307191486,1.1506024463828646,-0.8260052756830012,6.794284419736547,0.8571287029581022,0.0963413362963438,0.5636016183802256,0.2521700754385272,0.4653267938541608,3.222460601876544,0.4555348945428076,1.776343899982319
sub-0037,shortvideo,ds007070/sub-0037/ses-03/func/sub-0037_ses-03_task-shortvideo_acq-mb8_run-01_space-MNI152NLin2009cAsym_desc-preproc_bold.nii.gz,0.4600000083446502,1640,63,247,62,235,6.927659574468085,1.538356061123266,1.1787234042553192,0.5791742464778914,6.748936170212766,1.7372087274058388,0.102127659574468,0.2680851063829787,0.6190476190476191,1.9365079365079363,3.3846153846153846,1.7617521367521367,0.0042553191489361,2.8553191489361702,100.96348770484214,228.89716688145708,-0.4606828727263865,6.957256502145181,0.396750282492039,1.168333399703826,-0.5302768862811954,6.788923102441354,-0.3364589595393366,0.1077017864563034,-0.0330890928382224,0.2685935044934819,0.8686767922852086,3.147270754911699,0.6673131188502471,1.6657704142861889
sub-0038,shortvideo,ds007070/sub-0038/ses-03/func/sub-0038_ses-03_task-shortvideo_acq-mb8_run-01_space-MNI152NLin2009cAsym_desc-preproc_bold.nii.gz,0.4600000083446502,1640,63,230,62,217,6.852534562211981,1.634808157833907,1.2027649769585254,0.5488976369094194,6.649769585253456,1.8922141749020616,0.1428571428571428,0.2580645161290322,0.6964285714285714,2.142857142857143,3.4,1.9319767441860465,0.0092165898617511,2.751152073732719,97.72251138738068,229.68497238817773,-1.0779019073608935,6.938868915215827,1.4830666511140065,1.1450686865655075,-1.3395939750390722,6.79380022865032,2.088874763519748,0.0958957961561268,0.3859027430642474,0.2509342708695301,1.3091911341316536,3.090065768191324,1.3728504983884513,1.7518323180268454
sub-0040,shortvideo,ds007070/sub-0040/ses-03/func/sub-0040_ses-03_task-shortvideo_acq-mb8_run-01_space-MNI152NLin2009cAsym_desc-preproc_bold.nii.gz,0.4600000083446502,1640,63,216,62,209,7.15311004784689,1.3990045885531563,1.1100478468899522,0.5117320678227331,7.043062200956938,1.5759802202966529,0.0574162679425837,0.2870813397129186,0.5666666666666667,1.85,2.575609756097561,1.550609756097561,0.0191387559808612,3.124401913875598,97.11441223050508,223.7351160635797,3.441433682846529,6.906450264426659,-1.0739930608945116,1.1387749397869829,3.2816412539843767,6.7676753246396775,-1.9584172757010447,0.0921595764941553,1.911939243904116,0.2573056312689648,-2.131967480059836,3.124477457471473,-2.1229776204398574,1.8842236110138264
sub-0041,shortvideo,ds007070/sub-0041/ses-03/func/sub-0041_ses-03_task-shortvideo_acq-mb8_run-01_space-MNI152NLin2009cAsym_desc-preproc_bold.nii.gz,0.4600000083446502,1640,63,221,62,209,6.894736842105263,1.486613683145349,1.1004784688995215,0.3726848544495818,6.794258373205742,1.6085007204032349,0.0813397129186602,0.2583732057416268,0.6851851851851852,2.111111111111111,2.6956521739130435,1.6195652173913044,0.0095693779904306,2.9043062200956937,104.21280343950252,229.02689844833196,-0.1209638194704742,6.905282960215279,-1.524070757069811,1.157720872235185,0.4653043528031175,6.747562087980096,-0.9622429901069838,0.1005520045080348,-0.1877406886857126,0.2614802552389796,-1.6336001386535948,3.161978593555445,-1.548929747421934,1.882384005842616
sub-0043,shortvideo,ds007070/sub-0043/ses-03/func/sub-0043_ses-03_task-shortvideo_acq-mb8_run-01_space-MNI152NLin2009cAsym_desc-preproc_bold.nii.gz,0.4600000083446502,1640,63,222,62,207,6.995169082125604,1.6024786157671187,1.1884057971014492,0.6523005364624064,6.806763285024155,1.8594687248888164,0.1111111111111111,0.2657004830917874,0.509090909090909,1.945454545454545,3.131707317073171,1.860518292682927,0.0096618357487922,2.9033816425120773,101.50246477417528,226.20538112151675,0.7630938778083252,6.945303130612077,0.8682084307094993,1.1512971053787102,0.1293806925201261,6.794006025233364,0.7039377316106089,0.096618887877206,0.3191982236116803,0.259545317817185,0.0126482191580895,3.128361789512464,0.0537760780532396,1.8518585488513384
sub-0044,shortvideo,ds007070/sub-0044/ses-03/func/sub-0044_ses-03_task-shortvideo_acq-mb8_run-01_space-MNI152NLin2009cAsym_desc-preproc_bold.nii.gz,0.4600000083446502,1640,63,227,62,217,6.921658986175115,1.4963972208041718,1.1152073732718897,0.4309755066738602,6.806451612903226,1.6553378414014548,0.0737327188940092,0.2811059907834101,0.6065573770491803,1.9508196721311477,2.9027777777777777,1.6657986111111112,0.0046082949308755,2.9308755760368665,99.33371388409624,228.19854415986623,0.279074281443862,6.904160557246414,-1.420425632894623,1.1735277361892578,0.8465989097298394,6.730632821057156,-1.4553745943333374,0.1118722394091984,0.7576878049158909,0.2695064757712897,-0.3858003737186488,3.024212197613741,-0.4368395107623877,1.745526509353958
sub-0046,shortvideo,ds007070/sub-0046/ses-03/func/sub-0046_ses-03_task-shortvideo_acq-mb8_run-01_space-MNI152NLin2009cAsym_desc-preproc_bold.nii.gz,0.4600000083446502,1640,63,218,62,206,6.951456310679611,1.542115371829602,1.1407766990291262,0.4884893374683525,6.810679611650485,1.74414211892177,0.0970873786407767,0.2766990291262136,0.631578947368421,2.0701754385964914,3.453658536585366,2.0777439024390243,0.0048543689320388,2.9320388349514563,99.6151985274194,229.01833893311672,0.3994732790198139,6.921982462942464,-0.3960856877950345,1.1543203757321656,0.5020633425689871,6.767662087210296,-0.1254512972886645,0.0998054350437565,1.3741707122773836,0.2523942012375396,1.2261876798343423,3.156121917949042,1.2867478151667926,1.8885805056338965
sub-0050,shortvideo,ds007070/sub-0050/ses-03/func/sub-0050_ses-03_task-shortvideo_acq-mb8_run-01_space-MNI152NLin2009cAsym_desc-preproc_bold.nii.gz,0.4600000083446502,1640,63,223,62,211,6.981042654028436,1.4174493702491069,1.0900473933649288,0.464394636807483,6.890995260663507,1.5530199321004354,0.0521327014218009,0.2938388625592417,0.5161290322580645,1.8225806451612905,3.0528846153846154,1.7919170673076923,0.0142180094786729,3.009478672985782,93.36930204698304,229.77314570712815,0.6281269117844204,6.929502069937052,-1.5135715764931337,1.1478288899228934,1.0325872025538665,6.781673180014157,-1.925604625925914,0.0960704316972045,2.03767631426282,0.2616033672596897,-0.4015468935526283,3.159407463535904,-0.44952885494638,1.8635330439173607
sub-0051,shortvideo,ds007070/sub-0051/ses-03/func/sub-0051_ses-03_task-shortvideo_acq-mb8_run-01_space-MNI152NLin2009cAsym_desc-preproc_bold.nii.gz,0.4600000083446502,1640,63,194,62,177,6.819209039548023,1.5779278148916482,1.0677966101694916,0.2737205845338174,6.751412429378531,1.6359980045773272,0.0621468926553672,0.2937853107344633,0.6538461538461539,2.230769230769231,2.4566473988439306,1.7077312138728324,0.0225988700564971,2.847457627118644,92.1026068779844,226.0675153587501,-1.1809299653351129,6.922849949046318,-1.902051683921982,1.1535036352305512,-0.1726824208678453,6.769346313815768,-1.736207669951418,0.0952384183874889,2.1716585598656986,0.2613704600954479,-2.2511625798002943,3.0298139229694074,-1.8254807147924943,2.0289223092505333
sub-0052,shortvideo,ds007070/sub-0052/ses-03/func/sub-0052_ses-03_task-shortvideo_acq-mb8_run-01_space-MNI152NLin2009cAsym_desc-preproc_bold.nii.gz,0.4600000083446502,1640,63,245,62,233,7.0042918454935625,1.4065666626676625,1.1888412017167382,0.6555169949809801,6.815450643776824,1.64927410584695,0.1158798283261802,0.2746781115879828,0.59375,1.921875,2.5982532751091703,1.3872816593886463,0.0171673819742489,2.8969957081545066,102.72425250591596,229.9609449799937,0.8830591847031005,6.939339595427395,0.3823426929303637,1.174284406884411,0.5298952362255724,6.765055188542984,0.1674993082139625,0.1125403795164185,0.0618697273800671,0.2736672952657342,-2.651485354503173,3.176192080574736,-2.6307557258769303,1.6955610033950872
sub-0053,shortvideo,ds007070/sub-0053/ses-03/func/sub-0053_ses-03_task-shortvideo_acq-mb8_run-01_space-MNI152NLin2009cAsym_desc-preproc_bold.nii.gz,0.4600000083446502,1640,63,233,62,222,6.923423423423423,1.485523199875186,1.108108108108108,0.4114064025738508,6.815315315315315,1.64141524842845,0.072072072072072,0.2387387387387387,0.6981132075471698,2.0943396226415096,2.9681818181818183,1.6823863636363636,0.009009009009009,2.918918918918919,102.79622471499523,226.19682560585383,-0.3936683198552328,6.948983739922595,-1.5749094305160272,1.1538093253213046,0.2547091965278291,6.795174414601291,-1.7402956822820068,0.1000781148728202,-1.33638808737339,0.2614048363826631,-0.7471737968896282,3.136982398032264,-0.6893470254578375,1.770989009587636
sub-0055,shortvideo,ds007070/sub-0055/ses-03/func/sub-0055_ses-03_task-shortvideo_acq-mb8_run-01_space-MNI152NLin2009cAsym_desc-preproc_bold.nii.gz,0.4600000083446502,1640,63,239,62,226,7.030973451327434,1.473896100424854,1.163716814159292,0.5454558862949463,6.867256637168142,1.6918335866614518,0.1017699115044247,0.252212389380531,0.6491228070175439,2.017543859649123,2.977578475336323,1.633408071748879,0.0132743362831858,2.920353982300885,100.57593545321753,228.1207621155113,1.1561475602132492,6.94668019026698,0.0740916531303774,1.1610351970214343,0.8947786171307577,6.785644993245546,-0.1154778856567821,0.1040313584863086,-0.0698807569389183,0.253080058979403,-1.0125132947864592,3.2220912979105614,-0.9888384024602644,1.769639510707004
sub-0056,shortvideo,ds007070/sub-0056/ses-03/func/sub-0056_ses-03_task-shortvideo_acq-mb8_run-01_space-MNI152NLin2009cAsym_desc-preproc_bold.nii.gz,0.4600000083446502,1640,63,217,62,207,7.019323671497585,1.523158932151297,1.0869565217391304,0.384371777253492,6.932367149758454,1.6678763022755378,0.0579710144927536,0.2318840579710145,0.625,2.083333333333333,2.877450980392157,1.7123161764705883,0.0144927536231884,2.990338164251208,105.35431057397354,229.09937197546571,1.3520077207121284,6.923728653419001,-2.145225339656016,1.1545954360089326,2.017291106164284,6.769133217410069,-2.5493923794755653,0.0997219632408809,-1.1823873991112384,0.2499840446314959,-0.7213545113059081,3.065186411054793,-0.8023155299987115,1.841564308495896
sub-0057,shortvideo,ds007070/sub-0057/ses-03/func/sub-0057_ses-03_task-shortvideo_acq-mb8_run-01_space-MNI152NLin2009cAsym_desc-preproc_bold.nii.gz,0.4600000083446502,1640,63,220,62,212,6.797169811320755,1.4608286648642486,1.2075471698113207,0.7116762287982521,6.589622641509434,1.7649794513140264,0.1084905660377358,0.25,0.6415094339622641,2.169811320754717,3.0239234449760763,1.7766148325358853,0.0141509433962264,2.707547169811321,96.97667316934876,229.023314212544,-2.103764588738418,6.947933440774436,1.7530900126584996,1.144949970248355,-2.2332049914301404,6.8029834705260805,0.6363554838399212,0.0946098919121636,-0.4722875509092035,0.2587047048053185,0.0266266608481368,3.0181096142420745,-0.1725831720191593,1.801085339916281
sub-0058,shortvideo,ds007070/sub-0058/ses-03/func/sub-0058_ses-03_task-shortvideo_acq-mb8_run-01_space-MNI152NLin2009cAsym_desc-preproc_bold.nii.gz,0.4600000083446502,1640,63,212,62,201,6.810945273631841,1.5440465025348329,1.1691542288557213,0.5208106960254631,6.641791044776119,1.7552905104624144,0.1194029850746268,0.263681592039801,0.660377358490566,2.150943396226415,3.221105527638191,1.9800565326633168,0.0099502487562189,2.7313432835820897,101.78028757604572,228.417973896228,-1.021597424945408,6.904448693386417,1.2865787274183418,1.1292517446736996,-1.2315450806704755,6.7751969487127175,1.6623198026107209,0.0889503362877582,0.778857499719947,0.2503895504711675,0.6263667461873977,3.077656746972038,0.5113319345314971,1.908212091170173
sub-0059,shortvideo,ds007070/sub-0059/ses-03/func/sub-0059_ses-03_task-shortvideo_acq-mb8_run-01_space-MNI152NLin2009cAsym_desc-preproc_bold.nii.gz,0.4600000083446502,1640,63,221,62,211,6.909952606635071,1.529533230271601,1.1184834123222749,0.4682180744052168,6.791469194312796,1.6858298006927137,0.0758293838862559,0.2606635071090047,0.6,1.981818181818182,3.264423076923077,1.9408052884615383,0.0142180094786729,2.890995260663507,102.85041703057075,228.0585121286263,-0.3410118535155376,6.937921722843385,-0.7534620169510822,1.1431575325339896,-0.0357145504435421,6.794764190309395,-0.996649450893255,0.0928949057031015,0.2223358700857665,0.257684476157315,0.5951463214824363,3.127883016125332,0.7689424551427816,1.8443611953416577
sub-0060,shortvideo,ds007070/sub-0060/ses-03/func/sub-0060_ses-03_task-shortvideo_acq-mb8_run-01_space-MNI152NLin2009cAsym_desc-preproc_bold.nii.gz,0.4600000083446502,1640,63,223,62,214,6.929906542056075,1.541215601767225,1.1214953271028036,0.4158882202168639,6.808411214953271,1.721371955032719,0.0934579439252336,0.2990654205607476,0.609375,1.984375,3.374407582938389,1.9143957345971565,0.014018691588785,2.8411214953271027,95.09368138501912,228.7532160145568,-0.353589767246813,6.95544771269998,-1.1910971194761957,1.1540036697887397,0.0836145645762642,6.80144404291124,-0.297846238998705,0.0986417457835468,1.80800038169728,0.2694433235243363,1.010912071304504,3.119901925303809,0.5124189059935926,1.837184241057064
sub-0061,shortvideo,ds007070/sub-0061/ses-03/func/sub-0061_ses-03_task-shortvideo_acq-mb8_run-01_space-MNI152NLin2009cAsym_desc-preproc_bold.nii.gz,0.4600000083446502,1640,63,239,62,230,6.956521739130435,1.4710677246874289,1.182608695652174,0.6684742282321123,6.773913043478261,1.7107973041790574,0.1043478260869565,0.2608695652173913,0.65,2.0,2.9078947368421053,1.5441337719298245,0.008695652173913,2.882608695652174,103.41829217520356,229.6343791499535,0.4755384523088837,6.921568303233108,0.9829614779847766,1.1521073809153002,0.0515116431207336,6.769460922317808,0.4610174958295773,0.0955669378781126,0.0274214451285807,0.2602092838684607,-1.0549529527057817,3.1790809727582787,-1.337718091713726,1.7344001112817122
sub-0062,shortvideo,ds007070/sub-0062/ses-03/func/sub-0062_ses-03_task-shortvideo_acq-mb8_run-01_space-MNI152NLin2009cAsym_desc-preproc_bold.nii.gz,0.4600000083446502,1640,63,215,62,201,6.9502487562189055,1.4688473160308204,1.154228855721393,0.4807229216120072,6.796019900497512,1.6861743918118286,0.1044776119402985,0.2587064676616915,0.6730769230769231,2.1538461538461537,3.0303030303030303,1.880681818181818,0.0149253731343283,2.875621890547264,112.6936420568026,229.39419546222683,0.2310991221396919,6.931986556090829,0.1746645906816113,1.147460839851471,0.1113388774724665,6.784525716239358,0.5320675532601463,0.0932842530787251,-0.4124382288144213,0.2653529130283569,-0.027546145704754,3.0387877166794337,0.1388247804355865,1.853598156754169
sub-0064,shortvideo,ds007070/sub-0064/ses-03/func/sub-0064_ses-03_task-shortvideo_acq-mb8_run-01_space-MNI152NLin2009cAsym_desc-preproc_bold.nii.gz,0.4600000083446502,1640,63,217,62,206,6.893203883495145,1.5951916857626574,1.2378640776699028,0.6527415362471701,6.655339805825243,1.86695150787299,0.145631067961165,0.2572815533980582,0.7169811320754716,2.188679245283019,3.198019801980198,1.9090346534653464,0.0194174757281553,2.771844660194174,94.13765959624688,228.24790059569008,-0.1967648987200387,6.909931641342939,3.737698200288932,1.1499083505193304,-1.0408846673108711,6.76002329082361,2.758016893222259,0.0987064552612252,-0.147069117030015,0.2601443864183879,0.003362874052737,3.1969736524111307,-0.1280185796622802,1.9333292902517896
sub-0065,shortvideo,ds007070/sub-0065/ses-03/func/sub-0065_ses-03_task-shortvideo_acq-mb8_run-01_space-MNI152NLin2009cAsym_desc-preproc_bold.nii.gz,0.4600000083446502,1640,63,255,62,242,6.9958677685950414,1.4589768878244058,1.1859504132231404,0.556486575520262,6.809917355371901,1.7275605787663428,0.1239669421487603,0.2809917355371901,0.6029411764705882,1.9264705882352944,3.627615062761506,1.852510460251046,0.012396694214876,2.9338842975206614,90.06079208032884,229.7529397045961,0.4430937293599434,6.96882992397037,0.0196252640907479,1.1851933304009334,0.3085993750424195,6.783636593569436,0.0054797420355229,0.1238479124462047,0.3205793203063726,0.2755982545628562,1.7625982897891124,3.193984983649626,1.7058693039830093,1.6356876187630798
sub-0066,shortvideo,ds007070/sub-0066/ses-03/func/sub-0066_ses-03_task-shortvideo_acq-mb8_run-01_space-MNI152NLin2009cAsym_desc-preproc_bold.nii.gz,0.4600000083446502,1640,63,220,62,206,7.019417475728155,1.47155522525028,1.1601941747572817,0.6235758104517327,6.859223300970874,1.7319345953517895,0.087378640776699,0.2669902912621359,0.6,2.036363636363636,2.9504950495049505,1.7527846534653466,0.0194174757281553,2.907766990291262,90.94711617072922,229.8228255046339,1.6721278280081593,6.903586196673156,0.6811384261716054,1.139090686316955,1.221117526497151,6.764495510356198,-0.463952231295397,0.0959371049679845,0.2505200762730983,0.263168974876968,-0.8126119286113315,3.13522030958678,-0.8318581214174691,1.861779417060868
sub-0069,shortvideo,ds007070/sub-0069/ses-03/func/sub-0069_ses-03_task-shortvideo_acq-mb8_run-01_space-MNI152NLin2009cAsym_desc-preproc_bold.nii.gz,0.4600000083446502,1640,63,221,62,208,6.9375,1.3938919551416802,1.1298076923076923,0.4583903379975717,6.807692307692308,1.5731866983800322,0.0913461538461538,0.2692307692307692,0.6071428571428571,1.8928571428571428,3.0195121951219512,1.8134146341463413,0.0144230769230769,2.9326923076923075,104.69779704883749,229.13801895341192,0.2000021593160968,6.921678230443716,-0.4981870048264719,1.145598303452377,0.3378973955907052,6.77607992699134,-0.262770731345156,0.0963382781917296,0.540807766999867,0.260461680700174,-0.6171118613673431,3.1720767109953547,-0.3943316662089848,1.8740573949361417
sub-0070,shortvideo,ds007070/sub-0070/ses-03/func/sub-0070_ses-03_task-shortvideo_acq-mb8_run-01_space-MNI152NLin2009cAsym_desc-preproc_bold.nii.gz,0.4600000083446502,1640,63,238,62,224,7.013392857142857,1.4958235151477364,1.1071428571428572,0.4413014356183261,6.90625,1.649882792412707,0.0758928571428571,0.2633928571428571,0.6271186440677966,2.016949152542373,2.9414414414414414,1.620213963963964,0.0089285714285714,2.9955357142857144,105.08726498732742,228.9706039986793,1.8797811628586292,6.920321773608494,-1.547985155230566,1.1509350174217698,2.07248601511774,6.769386756186723,-1.4073576047754246,0.1016885892556975,0.09525778638448,0.2619394037307797,-0.9702814756039888,3.1740990214593143,-0.9393006533365178,1.74044302255522
sub-0073,shortvideo,ds007070/sub-0073/ses-03/func/sub-0073_ses-03_task-shortvideo_acq-mb8_run-01_space-MNI152NLin2009cAsym_desc-preproc_bold.nii.gz,0.4600000083446502,1640,63,228,62,220,6.872727272727273,1.508630216706417,1.1636363636363636,0.4970648594205133,6.709090909090909,1.7166679764792867,0.109090909090909,0.2681818181818182,0.6271186440677966,1.8983050847457628,2.7110091743119265,1.5355504587155964,0.009090909090909,2.8136363636363635,106.08662539038065,229.38398382251856,-1.133772643873383,6.943255250865988,-0.1992280219824778,1.1699645019901723,-0.8933451473620552,6.773290748875818,0.2801025536856889,0.1041371418543274,0.2609900769117534,0.2642352738978131,-1.2258714437814722,3.0716385107792803,-1.3547664026132045,1.7605734323595974
sub-0074,shortvideo,ds007070/sub-0074/ses-03/func/sub-0074_ses-03_task-shortvideo_acq-mb8_run-01_space-MNI152NLin2009cAsym_desc-preproc_bold.nii.gz,0.4600000083446502,1640,63,234,62,220,7.068181818181818,1.381510775052341,1.0727272727272728,0.2932759670687455,6.995454545454545,1.4633973335753068,0.0636363636363636,0.2227272727272727,0.6326530612244898,2.0408163265306123,3.018348623853211,1.6728784403669723,0.009090909090909,3.0681818181818183,94.76712724239404,229.9836563880007,1.1618607557010665,6.958776759675876,-2.2675943615306715,1.1387980146689012,1.6309959036114026,6.819978745006976,-1.600417098021877,0.0930320861253366,-1.4213747698583026,0.2464563092513113,-0.5482092987316648,3.171766847428084,-0.6635809749083089,1.7736321910380488
sub-0075,shortvideo,ds007070/sub-0075/ses-03/func/sub-0075_ses-03_task-shortvideo_acq-mb8_run-01_space-MNI152NLin2009cAsym_desc-preproc_bold.nii.gz,0.4600000083446502,1640,63,224,62,213,6.906103286384977,1.5753437266851098,1.0751173708920188,0.2977757328972412,6.830985915492958,1.6849997102034162,0.0657276995305164,0.2582159624413145,0.6363636363636364,2.109090909090909,3.038095238095238,1.7645833333333334,0.0140845070422535,2.9295774647887325,98.34209668509112,228.35034904305485,-0.1173839680277401,6.914318687356887,-1.733400370004383,1.1435187884923954,0.6517920403081799,6.770799898864493,-1.179333995350296,0.0911220333311339,0.1240985305701777,0.2562729121356749,-0.2051504267004968,3.10458483687088,-0.3010223969367868,1.8189077624549372
sub-0076,shortvideo,ds007070/sub-0076/ses-03/func/sub-0076_ses-03_task-shortvideo_acq-mb8_run-01_space-MNI152NLin2009cAsym_desc-preproc_bold.nii.gz,0.4600000083446502,1640,63,239,62,226,6.898230088495575,1.4339677542250822,1.1194690265486726,0.3987443418375898,6.778761061946903,1.5505383338947445,0.0929203539823008,0.2787610619469026,0.5873015873015873,1.9206349206349207,2.9641255605381165,1.6264013452914798,0.0132743362831858,2.8761061946902653,104.27164781811238,229.8806112171117,-0.4179415196235742,6.93188249994915,-1.366576992846694,1.167395958574452,0.1518089864797474,6.764486541374698,-0.627262608324037,0.1037100075986819,2.267083619932194,0.2390105874508651,-0.7708597289751058,3.166377170253408,-0.7781383024406792,1.7372115377137405
sub-0077,shortvideo,ds007070/sub-0077/ses-03/func/sub-0077_ses-03_task-shortvideo_acq-mb8_run-01_space-MNI152NLin2009cAsym_desc-preproc_bold.nii.gz,0.4600000083446502,1640,63,223,62,210,6.928571428571429,1.4994872671188435,1.1857142857142855,0.6977652052181476,6.742857142857143,1.7798907091257004,0.0952380952380952,0.2523809523809524,0.6981132075471698,2.150943396226415,3.2884615384615383,1.9654447115384612,0.0095238095238095,2.857142857142857,103.47102541755524,225.11524922927245,-0.21201495057514,6.94291328033329,1.6931254961769904,1.1403891969936149,-0.7796860142784852,6.802524083339675,0.0909342193544393,0.0935043774553522,-0.4694711787092085,0.2595098935059533,0.8711648253081594,3.058430258995734,1.1511323331404693,1.7912219000142755
sub-0078,shortvideo,ds007070/sub-0078/ses-03/func/sub-0078_ses-03_task-shortvideo_acq-mb8_run-01_space-MNI152NLin2009cAsym_desc-preproc_bold.nii.gz,0.4600000083446502,1640,63,213,62,204,6.872549019607843,1.542000291524964,1.107843137254902,0.3689116664425235,6.764705882352941,1.647069172464072,0.088235294117647,0.25,0.6470588235294118,2.156862745098039,2.768472906403941,1.6701046798029555,0.0049019607843137,2.872549019607843,106.52591969823038,229.4227184619048,-0.5695409225040955,6.912861943819494,-0.8561440946052129,1.1334149085951806,-0.1651612279810057,6.7794470352243135,0.0345359635750786,0.0876402999115797,-0.8856289192253805,0.2641926520939395,-1.229711502194807,3.083480379498011,-1.423956580069996,1.900713373263388
sub-0079,shortvideo,ds007070/sub-0079/ses-03/func/sub-0079_ses-03_task-shortvideo_acq-mb8_run-01_space-MNI152NLin2009cAsym_desc-preproc_bold.nii.gz,0.4600000083446502,1640,63,226,62,211,6.928909952606635,1.4669918188642903,1.180094786729858,0.59022351740379,6.748815165876778,1.7178158942756478,0.1137440758293838,0.2701421800947867,0.631578947368421,2.0526315789473686,3.4401913875598087,2.0526315789473686,0.0094786729857819,2.843601895734597,94.00342389820136,226.4530040560409,-0.1342877421280999,6.93744863766312,0.6238580326852973,1.1531330988936086,-0.3963828879284717,6.784315538769511,0.7216180015503534,0.0979991021485729,0.5872444905067086,0.2610517255899542,1.099920581567578,3.1650500286927694,1.3815325092814168,1.84362348314574
sub-0080,shortvideo,ds007070/sub-0080/ses-03/func/sub-0080_ses-03_task-shortvideo_acq-mb8_run-01_space-MNI152NLin2009cAsym_desc-preproc_bold.nii.gz,0.4600000083446502,1640,63,227,62,215,6.925581395348837,1.418847271893864,1.162790697674419,0.4990754329392798,6.7627906976744185,1.5809944900230222,0.1116279069767441,0.2651162790697674,0.7719298245614035,2.192982456140351,3.187793427230047,1.8484448356807512,0.0093023255813953,2.8651162790697677,103.90146337383156,228.7791952488477,0.0944130717013619,6.918788566123429,0.050510858351565,1.1608728100308352,0.056187983821911,6.757915756092595,0.3373091335148095,0.1048454885274436,0.2830296337302925,0.2602799348098926,-0.0063013080441893,3.1890209035772967,0.1203197492974443,1.8351924041809504
sub-0082,shortvideo,ds007070/sub-0082/ses-03/func/sub-0082_ses-03_task-shortvideo_acq-mb8_run-01_space-MNI152NLin2009cAsym_desc-preproc_bold.nii.gz,0.4600000083446502,1640,63,220,62,206,7.014563106796117,1.4995223803494353,1.1504854368932038,0.5148286546894222,6.864077669902913,1.6794223379066713,0.0922330097087378,0.3009708737864077,0.6774193548387096,2.048387096774193,3.411764705882353,2.032475490196078,0.0097087378640776,2.9320388349514563,96.33620577440182,227.87751732215423,1.1136294996115697,6.92764783007708,-0.0051574863405078,1.1506524069064883,0.8588692302191848,6.776995423170592,-0.2706112232713339,0.0971996627860212,2.76758040565123,0.2585134332298329,1.373785401689655,3.1028771437211646,1.3466417048904773,1.845704193820101
sub-0083,shortvideo,ds007070/sub-0083/ses-03/func/sub-0083_ses-03_task-shortvideo_acq-mb8_run-01_space-MNI152NLin2009cAsym_desc-preproc_bold.nii.gz,0.4600000083446502,1640,63,238,62,225,7.035555555555556,1.4511626428050772,1.2266666666666666,0.7302152324584074,6.808888888888889,1.7382028668568024,0.12,0.2444444444444444,0.5818181818181818,2.109090909090909,3.174887892376681,1.7441143497757847,0.0088888888888888,2.871111111111111,95.8186874054304,229.3638652895955,1.381878920937526,6.94014299657337,1.889744920250913,1.1624175393748168,0.3723163766041094,6.777725457198554,0.7975184266258181,0.1033880814907398,-1.232626562495679,0.2597549687365693,-0.0143899948734357,3.1789903447874024,-0.0176706354544249,1.7469683108896594
sub-0084,shortvideo,ds007070/sub-0084/ses-03/func/sub-0084_ses-03_task-shortvideo_acq-mb8_run-01_space-MNI152NLin2009cAsym_desc-preproc_bold.nii.gz,0.4600000083446502,1640,63,220,62,205,6.8585365853658535,1.634339767420054,1.1853658536585363,0.537587647030767,6.673170731707317,1.8670287276117103,0.1317073170731707,0.248780487804878,0.6470588235294118,2.196078431372549,3.1782178217821784,1.9235767326732676,0.0146341463414634,2.756097560975609,95.4056018635212,229.6295930284793,-1.3240513564179033,6.961904007644252,1.1879571253434065,1.144054163100735,-1.5286676657697469,6.817849844543518,1.6738631210784185,0.097100627603245,-0.8194467593838785,0.260549805159149,0.545022289400332,3.0555263833845965,0.7154957080565146,1.825034826716038
sub-0086,shortvideo,ds007070/sub-0086/ses-03/func/sub-0086_ses-03_task-shortvideo_acq-mb8_run-01_space-MNI152NLin2009cAsym_desc-preproc_bold.nii.gz,0.4600000083446502,1640,63,220,62,208,6.855769230769231,1.4440835097747189,1.1201923076923077,0.4395605639831006,6.735576923076923,1.5947630641475337,0.0817307692307692,0.2596153846153846,0.6111111111111112,2.074074074074074,3.4390243902439024,2.0527439024390244,0.0144230769230769,2.8173076923076925,95.44695554551232,229.1594703335424,-1.6516235916333204,6.96223907137815,-0.6489667916178581,1.1416420583457574,-1.1521486909915624,6.820597013032393,-0.4569039603085345,0.0906073642604149,0.1349102549438114,0.2571305948469439,1.1153978579408066,3.125820793839698,1.2370364628254906,1.84997949815175
sub-0087,shortvideo,ds007070/sub-0087/ses-03/func/sub-0087_ses-03_task-shortvideo_acq-mb8_run-01_space-MNI152NLin2009cAsym_desc-preproc_bold.nii.gz,0.4600000083446502,1640,63,220,62,211,7.056872037914692,1.4981218965361478,1.1848341232227488,0.7296165633377081,6.872037914691943,1.7341733637956984,0.0947867298578199,0.2511848341232227,0.6415094339622641,2.0754716981132075,3.0669856459330145,1.8026315789473684,0.0094786729857819,2.9526066350710902,99.2053274173593,229.13195883887727,1.5436100039138274,6.940008804786577,0.9384078799391112,1.1493928933064474,0.8317672153012022,6.790615911480129,-0.0125415698814855,0.0950425144060123,-0.1919345416863828,0.2532690938396798,-0.3299121173015558,3.15228712436192,-0.4343914270336307,1.872577310659808
sub-0088,shortvideo,ds007070/sub-0088/ses-03/func/sub-0088_ses-03_task-shortvideo_acq-mb8_run-01_space-MNI152NLin2009cAsym_desc-preproc_bold.nii.gz,0.4600000083446502,1640,63,240,62,223,6.959641255605381,1.4529199727787203,1.1748878923766817,0.6084220182078657,6.7847533632287,1.681467829165315,0.0986547085201793,0.2466367713004484,0.6363636363636364,2.018181818181818,3.171945701357466,1.7392533936651584,0.0089686098654708,2.89237668161435,98.46972032828128,227.08186367426103,0.7695879411511338,6.9134140490784,0.3083041985864104,1.1622755141171195,0.3754100273354641,6.7511385349612825,-0.3264273046954404,0.1060722569028871,-1.3345284622085178,0.2646149032040879,0.4171667119066377,3.047661423533889,0.4847146840214448,1.6640566647613988
sub-0089,shortvideo,ds007070/sub-0089/ses-03/func/sub-0089_ses-03_task-shortvideo_acq-mb8_run-01_space-MNI152NLin2009cAsym_desc-preproc_bold.nii.gz,0.4600000083446502,1640,63,228,62,215,6.948837209302326,1.5014591178987016,1.1069767441860463,0.4243716348948982,6.841860465116279,1.675306159513116,0.0744186046511627,0.2697674418604651,0.5862068965517241,1.8448275862068968,2.94811320754717,1.66126179245283,0.013953488372093,2.925581395348837,101.95702862995378,229.69175972563292,0.1608184398901324,6.93702953372083,-1.3033044115360384,1.1562205987069172,0.6133807182273987,6.780808935013913,-1.203254196480138,0.1019108831129202,0.4102893170671674,0.2632925179596635,-1.2380330823707846,3.141248913194199,-1.867070868189636,1.8177202700951292
sub-0090,shortvideo,ds007070/sub-0090/ses-03/func/sub-0090_ses-03_task-shortvideo_acq-mb8_run-01_space-MNI152NLin2009cAsym_desc-preproc_bold.nii.gz,0.4600000083446502,1640,63,230,62,215,6.930232558139535,1.4564607729174044,1.1534883720930234,0.4830533905638051,6.776744186046511,1.7011317301212698,0.1069767441860465,0.2837209302325581,0.5409836065573771,1.8032786885245904,2.911214953271028,1.6828271028037385,0.0046511627906976,2.9069767441860463,96.32018403429798,229.80552591407456,0.2240149695757169,6.912660004147569,-0.2266105886406072,1.161214477212834,0.2826628990802547,6.751445526934733,-0.1083066886499429,0.1089866536249714,0.9792363463918518,0.2665677118520875,-0.8289798856836272,3.170825101729013,-0.7047302144604259,1.8125384554570372
sub-0091,shortvideo,ds007070/sub-0091/ses-03/func/sub-0091_ses-03_task-shortvideo_acq-mb8_run-01_space-MNI152NLin2009cAsym_desc-preproc_bold.nii.gz,0.4600000083446502,1640,63,202,62,194,6.876288659793815,1.6303960671974491,1.1649484536082475,0.5324771005537953,6.711340206185567,1.8207711336040453,0.1134020618556701,0.2886597938144329,0.6428571428571429,2.125,3.4404145077720205,2.199158031088083,0.0051546391752577,2.809278350515464,99.46345921652627,229.539650287556,-1.0011554841686914,6.9513792734710815,0.8923838879431477,1.137993188801546,-1.279396432862506,6.813386084669536,0.9162054027746348,0.096217630945714,1.8587205246668368,0.2569235997764859,1.947045074366912,3.049916862099439,1.7075886496224737,1.97492834344218
sub-0092,shortvideo,ds007070/sub-0092/ses-03/func/sub-0092_ses-03_task-shortvideo_acq-mb8_run-01_space-MNI152NLin2009cAsym_desc-preproc_bold.nii.gz,0.4600000083446502,1640,63,220,62,209,6.894736842105263,1.546839536153407,1.1100478468899522,0.502249265427781,6.784688995215311,1.7030953223027376,0.0669856459330143,0.2631578947368421,0.6727272727272727,2.0727272727272728,3.453658536585366,2.040548780487805,0.0191387559808612,2.9138755980861246,102.54485681001088,223.6469752111121,-0.2234199407553509,6.9133930368685705,-0.8974731061562682,1.1421414051789869,0.132210299917852,6.771251631689584,-1.255543387573101,0.0936837570286441,-0.0127935832681874,0.2633687985216296,1.57326609580233,3.0575853260503885,1.3840471073179337,1.8237973638132847
sub-0093,shortvideo,ds007070/sub-0093/ses-03/func/sub-0093_ses-03_task-shortvideo_acq-mb8_run-01_space-MNI152NLin2009cAsym_desc-preproc_bold.nii.gz,0.4600000083446502,1640,63,219,62,209,6.947368421052632,1.4845697586914035,1.1100478468899522,0.3950955308136242,6.837320574162679,1.6356439856214642,0.0813397129186602,0.2870813397129186,0.75,2.183333333333333,3.0531400966183573,1.7810990338164252,0.0095693779904306,2.952153110047847,94.23927318066158,229.01131755319432,0.3663732971729542,6.926062271776738,-0.741448657638033,1.138962435379366,0.6348371649306986,6.7870998363973705,-0.6306315281203381,0.092807687702856,1.4896073603854527,0.2633681827200266,-0.4355457488543074,3.1544499219561226,-0.8515496134504772,1.8991770810405997
sub-0094,shortvideo,ds007070/sub-0094/ses-03/func/sub-0094_ses-03_task-shortvideo_acq-mb8_run-01_space-MNI152NLin2009cAsym_desc-preproc_bold.nii.gz,0.4600000083446502,1640,63,223,62,213,6.882629107981221,1.4667151845348012,1.1971830985915493,0.7451677975499532,6.685446009389671,1.7264929041992931,0.1032863849765258,0.2769953051643192,0.6610169491525424,2.0508474576271185,3.1770334928229667,1.8726076555023925,0.0187793427230046,2.812206572769953,101.48374462375426,226.0835584321512,-0.3966065586127018,6.916474603886828,1.2914006934215347,1.1473566970850115,-0.8106779398913766,6.769117906801816,0.3240287675815508,0.0962174200236843,1.2138244248193917,0.2595079608787228,0.1075326697638838,3.1507264047930748,0.0908005584780647,1.8587575463025283
sub-0095,shortvideo,ds007070/sub-0095/ses-03/func/sub-0095_ses-03_task-shortvideo_acq-mb8_run-01_space-MNI152NLin2009cAsym_desc-preproc_bold.nii.gz,0.4600000083446502,1640,63,234,62,222,6.936936936936937,1.450724763660033,1.1711711711711712,0.6072543932897175,6.7657657657657655,1.6225501126199418,0.1081081081081081,0.2702702702702703,0.6333333333333333,2.0166666666666666,2.6559633027522938,1.4889621559633028,0.018018018018018,2.8963963963963963,100.10152722608838,227.53778680040432,-0.0016793237381494,6.937061550711286,0.1469199437061124,1.1663139637505977,-0.0555162310249424,6.770747586960687,0.0546582344177912,0.1071233040445303,0.1974791398242395,0.2677716959669709,-1.9998515437761395,3.0943077778353314,-1.9279309636816968,1.7308183317541923
sub-0098,shortvideo,ds007070/sub-0098/ses-03/func/sub-0098_ses-03_task-shortvideo_acq-mb8_run-01_space-MNI152NLin2009cAsym_desc-preproc_bold.nii.gz,0.4600000083446502,1640,63,232,62,218,6.857798165137615,1.5097101121306131,1.1788990825688073,0.6512056729470476,6.678899082568807,1.745993353828146,0.1192660550458715,0.2660550458715596,0.6379310344827587,2.1206896551724137,3.0046296296296298,1.6987847222222223,0.0091743119266055,2.830275229357798,96.97419532695962,228.61581013047552,-1.553991760614715,6.929204024816242,0.3742616814442391,1.1662832581608042,-1.2538947131570528,6.762920766655437,0.6681010979260862,0.1078083229197397,0.1677718027468429,0.2625919484866819,-0.5007072508255823,3.105692290081537,-0.5208416511018765,1.760383599603821
sub-0099,shortvideo,ds007070/sub-0099/ses-03/func/sub-0099_ses-03_task-shortvideo_acq-mb8_run-01_space-MNI152NLin2009cAsym_desc-preproc_bold.nii.gz,0.4600000083446502,1640,63,224,62,212,6.94811320754717,1.4675466280860463,1.1556603773584906,0.5501538240177684,6.79245283018868,1.6477299112183723,0.0896226415094339,0.2688679245283019,0.543859649122807,2.0,2.9038461538461537,1.6911057692307692,0.0188679245283018,2.891509433962264,92.8396253092361,229.5741948947737,0.3113711443637628,6.923472492322055,0.1926746837486407,1.148539040636949,0.1700585912928864,6.774933451685106,-0.3937597193964528,0.0987206742523786,0.30540730637104,0.2644921513749802,-0.771497024567758,3.087420500865205,-0.7898650481385773,1.809586286610564
sub-0100,shortvideo,ds007070/sub-0100/ses-03/func/sub-0100_ses-03_task-shortvideo_acq-mb8_run-01_space-MNI152NLin2009cAsym_desc-preproc_bold.nii.gz,0.4600000083446502,1640,63,239,62,227,6.991189427312776,1.4451358432865198,1.1497797356828194,0.4929031254637825,6.841409691629956,1.6459802858241002,0.1013215859030837,0.2599118942731278,0.6440677966101694,2.016949152542373,3.071748878923767,1.6625560538116593,0.0176211453744493,2.9383259911894277,88.51961714423837,225.95062990079023,0.6514224374802235,6.937644366347429,-0.5100288993672902,1.1645303031772185,0.7326863013564152,6.773114063170212,-0.3480108980817832,0.1069607274181683,-0.4272829246216599,0.2656862277611816,-0.5421783361609859,3.201450841149277,-0.7050909188377333,1.752262559941239
sub-0101,shortvideo,ds007070/sub-0101/ses-03/func/sub-0101_ses-03_task-shortvideo_acq-mb8_run-01_space-MNI152NLin2009cAsym_desc-preproc_bold.nii.gz,0.4600000083446502,1640,63,227,62,218,6.91743119266055,1.5004051088407548,1.1192660550458715,0.4341371152980317,6.798165137614679,1.6109064712887098,0.0871559633027523,0.2477064220183486,0.5925925925925926,1.9259259259259256,2.976851851851852,1.6753472222222223,0.0091743119266055,2.8440366972477062,98.90145881804268,229.95063629751613,-0.2830920850155685,6.939075926180808,-0.7890194197185949,1.1427111753706218,0.0186123153711196,6.796364750810186,-0.3760945063092787,0.0947582798429636,-0.8349755829262646,0.261264212967174,-1.2528059107142235,3.2779255267403555,-1.5120586103990636,1.8891968426375023
sub-0102,shortvideo,ds007070/sub-0102/ses-03/func/sub-0102_ses-03_task-shortvideo_acq-mb8_run-01_space-MNI152NLin2009cAsym_desc-preproc_bold.nii.gz,0.4600000083446502,1640,63,223,62,209,6.971291866028708,1.4574539034737353,1.105263157894737,0.3902921152453276,6.866028708133971,1.5723708272550243,0.0813397129186602,0.2631578947368421,0.5818181818181818,2.0,3.5673076923076925,2.1084735576923075,0.0047846889952153,2.9665071770334928,100.11362343554464,228.17577532229924,0.773793081933369,6.916888482648956,-1.0180621318095338,1.1412526928441808,0.9911530913762676,6.775635789804776,-0.4009780875834822,0.0896548176786719,0.3305450192809415,0.2571728874305952,1.59034965761437,3.100444954553649,1.6524143042361632,1.8236255263651504
sub-0103,shortvideo,ds007070/sub-0103/ses-03/func/sub-0103_ses-03_task-shortvideo_acq-mb8_run-01_space-MNI152NLin2009cAsym_desc-preproc_bold.nii.gz,0.4600000083446502,1640,63,236,62,224,6.84375,1.529282562821754,1.1964285714285714,0.7066536527957733,6.647321428571429,1.7373997281866034,0.0982142857142857,0.2767857142857143,0.5645161290322581,1.9193548387096773,3.653153153153154,2.032939189189189,0.0089285714285714,2.7544642857142856,100.02872284612558,228.7103538270259,-1.0633213886658166,6.913068329690535,1.18739251180636,1.1550165430575556,-1.317369124103786,6.758051786632981,-0.1211890662505536,0.1007105181197304,0.7318069978626944,0.2649341745324085,1.5526825542320333,3.145715401699868,1.5118539451532185,1.7555591868676883
sub-0104,shortvideo,ds007070/sub-0104/ses-03/func/sub-0104_ses-03_task-shortvideo_acq-mb8_run-01_space-MNI152NLin2009cAsym_desc-preproc_bold.nii.gz,0.4600000083446502,1640,63,231,62,218,6.876146788990826,1.410389303550721,1.1422018348623852,0.5455802437707318,6.73394495412844,1.6015096670160471,0.0963302752293578,0.2660550458715596,0.6379310344827587,2.034482758620689,3.255813953488372,1.8584302325581397,0.0137614678899082,2.871559633027523,100.63103985140044,229.5520134956597,-1.0518530646097737,6.942325137833442,-0.4941428396850947,1.159774435254491,-0.5755363943028031,6.782550702578951,-0.3848792704090757,0.1042369368529456,-0.5091605979130662,0.2740564962963475,0.4749227318023948,3.1498406412459845,0.6370195472397077,1.7756845219391189
sub-0105,shortvideo,ds007070/sub-0105/ses-03/func/sub-0105_ses-03_task-shortvideo_acq-mb8_run-01_space-MNI152NLin2009cAsym_desc-preproc_bold.nii.gz,0.4600000083446502,1640,63,212,62,200,6.875,1.5689752761230582,1.155,0.5590507029261398,6.72,1.8077443675731537,0.105,0.3,0.65,2.066666666666667,3.505050505050505,2.154671717171717,0.01,2.86,97.8445727762164,229.69691117779303,-0.6281820090700336,6.923071573363021,-0.0289614856577197,1.156209466512996,-0.4912945177096685,6.7668621068500245,0.1269670112338898,0.1020266581180541,1.7276221929044575,0.2674147517849819,1.657109593767122,3.141213784586731,1.7215775277603618,1.9345798397098877
sub-0106,shortvideo,ds007070/sub-0106/ses-03/func/sub-0106_ses-03_task-shortvideo_acq-mb8_run-01_space-MNI152NLin2009cAsym_desc-preproc_bold.nii.gz,0.4600000083446502,1640,63,214,62,204,6.926470588235294,1.5116901753741754,1.1274509803921569,0.4476885050849987,6.799019607843137,1.6738495849720714,0.088235294117647,0.2598039215686274,0.6415094339622641,2.0943396226415096,2.6069651741293534,1.585820895522388,0.0147058823529411,2.867647058823529,99.62414712638996,226.9869507260865,-0.2882058890966819,6.950942724782096,-0.3900844337723108,1.143183100750809,-0.080760185835176,6.807759624031288,-0.1921143347760126,0.0922562644757947,0.0325620844388056,0.25923519575669,-1.7471640831953528,3.127729376004292,-1.8991376276847096,1.9259952118409929
sub-0107,shortvideo,ds007070/sub-0107/ses-03/func/sub-0107_ses-03_task-shortvideo_acq-mb8_run-01_space-MNI152NLin2009cAsym_desc-preproc_bold.nii.gz,0.4600000083446502,1640,63,228,62,218,6.825688073394495,1.445437995566606,1.1697247706422018,0.5544964232046239,6.655963302752293,1.622419606986918,0.110091743119266,0.2706422018348624,0.6271186440677966,1.9322033898305084,2.9953488372093022,1.7325581395348837,0.0137614678899082,2.761467889908257,109.62053477674054,227.8915357648685,-1.729384602495715,6.937880479787376,0.3011146750435898,1.1592550939199469,-1.416794792580608,6.778625385867429,0.4047923884275708,0.1023729514215125,0.8864016842081324,0.2562265308537029,-0.7190385951796077,3.1998135856493457,-0.6476295657574561,1.841383518725004
sub-0109,shortvideo,ds007070/sub-0109/ses-03/func/sub-0109_ses-03_task-shortvideo_acq-mb8_run-01_space-MNI152NLin2009cAsym_desc-preproc_bold.nii.gz,0.4600000083446502,1640,63,228,62,217,6.917050691244239,1.50693906160185,1.1751152073732718,0.621175789664901,6.741935483870968,1.7287712226500198,0.1105990783410138,0.2764976958525346,0.7333333333333333,2.066666666666667,3.5023255813953487,1.9930232558139536,0.0092165898617511,2.8755760368663594,99.55690238346683,229.99884252326183,-0.1684298356577657,6.927858341992064,0.4996763286154507,1.1569364003546754,-0.3824184528082195,6.770921941637389,0.723806502514591,0.0971137640448626,0.975518316681444,0.2596356566585002,1.2518509925701191,3.173907013995223,1.1596796278580688,1.8170538561484384
sub-0111,shortvideo,ds007070/sub-0111/ses-03/func/sub-0111_ses-03_task-shortvideo_acq-mb8_run-01_space-MNI152NLin2009cAsym_desc-preproc_bold.nii.gz,0.4600000083446502,1640,63,212,62,199,6.919597989949748,1.5020416540499102,1.085427135678392,0.3142068633835196,6.834170854271357,1.5947002476178078,0.0753768844221105,0.2864321608040201,0.6666666666666666,2.1052631578947367,2.61734693877551,1.5982142857142858,0.0150753768844221,2.914572864321608,101.42542739573688,221.5622391479779,0.2465774952546719,6.902466499635211,-1.457227283756675,1.1439473338910544,0.8857902686857418,6.758519165744157,-1.0453116219015877,0.0993210320552012,1.532010675577744,0.2574750386183406,-1.747459683141251,3.0902323647710648,-1.7936050772790535,1.8980594221242943
sub-0112,shortvideo,ds007070/sub-0112/ses-03/func/sub-0112_ses-03_task-shortvideo_acq-mb8_run-01_space-MNI152NLin2009cAsym_desc-preproc_bold.nii.gz,0.4600000083446502,1640,63,216,62,204,6.872549019607843,1.5194733896392176,1.1225490196078431,0.4859416459818265,6.75,1.6906727608370735,0.0735294117647058,0.2549019607843137,0.6538461538461539,2.0384615384615383,3.103960396039604,1.879950495049505,0.0098039215686274,2.892156862745098,95.85541663380914,225.5482862937012,-0.4342640986502776,6.9089451617667015,-0.4932799487271276,1.141412843516808,-0.1644900273163572,6.767532318249894,-0.7955778412741917,0.0921357549020313,-0.212217391704706,0.2581927898981785,-0.200618886497602,3.157117316939223,-0.1628736069447367,1.9059999817449869
sub-0115,shortvideo,ds007070/sub-0115/ses-03/func/sub-0115_ses-03_task-shortvideo_acq-mb8_run-01_space-MNI152NLin2009cAsym_desc-preproc_bold.nii.gz,0.4600000083446502,1640,63,220,62,207,7.038647342995169,1.4970696640146073,1.1352657004830915,0.4418219141439593,6.903381642512077,1.678053126509862,0.1014492753623188,0.2608695652173913,0.6666666666666666,2.037037037037037,2.5566502463054186,1.5307881773399017,0.0193236714975845,2.966183574879227,93.3656235968806,227.2156182870262,1.117947230925584,6.957542196850014,-0.3315049282030869,1.1494056142469844,0.986315443258347,6.808136582603029,0.2281418566417135,0.0960936886535153,0.1443154566439811,0.2586016667521826,-2.579341846592797,3.170323165220432,-2.20309860410307,1.8496904180794604
sub-0116,shortvideo,ds007070/sub-0116/ses-03/func/sub-0116_ses-03_task-shortvideo_acq-mb8_run-01_space-MNI152NLin2009cAsym_desc-preproc_bold.nii.gz,0.4600000083446502,1640,63,221,62,207,7.033816425120773,1.4726689413431884,1.178743961352657,0.532380956336408,6.855072463768116,1.6832299249242229,0.1207729468599033,0.2657004830917874,0.7090909090909091,2.2363636363636363,2.9365853658536585,1.7772865853658537,0.0096618357487922,2.922705314009662,95.22657986325918,229.1501760014612,2.0162712081545937,6.909447278223253,0.893124649601395,1.1501124847523745,1.2756798374638123,6.759334793470879,1.1067036274864372,0.0995545055090815,-0.1536430632336131,0.2685479493160023,-0.2116793008794224,2.981181416028043,0.0149319268666023,1.7753660505107385
sub-0122,shortvideo,ds007070/sub-0122/ses-03/func/sub-0122_ses-03_task-shortvideo_acq-mb8_run-01_space-MNI152NLin2009cAsym_desc-preproc_bold.nii.gz,0.4600000083446502,1640,63,242,62,232,6.887931034482759,1.5445564331903665,1.146551724137931,0.5386259630290418,6.741379310344827,1.7188574160004613,0.0948275862068965,0.271551724137931,0.6825396825396826,2.0793650793650795,2.943231441048035,1.5811954148471616,0.0129310344827586,2.8491379310344827,100.3300651298973,228.89506751629807,-0.8630346061096577,6.947184326095263,-0.1429631090459495,1.152205223895693,-0.5607614847142799,6.79497910219957,-0.1663056947097864,0.0991016678916698,0.5546364790690329,0.262592658381189,-0.8613066232171337,3.1582823085737406,-0.9577640492398692,1.7093947474098092
sub-0124,shortvideo,ds007070/sub-0124/ses-03/func/sub-0124_ses-03_task-shortvideo_acq-mb8_run-01_space-MNI152NLin2009cAsym_desc-preproc_bold.nii.gz,0.4600000083446502,1640,63,231,62,219,6.890410958904109,1.5345708287671849,1.1461187214611872,0.4852134728971637,6.744292237442922,1.7236620463377783,0.0958904109589041,0.2511415525114155,0.6363636363636364,2.2,3.1889400921658986,1.7707373271889402,0.0091324200913242,2.794520547945205,96.2072094674371,229.1149524915278,-0.63248085308074,6.941006639912477,-0.4281211095408156,1.1626297391802582,-0.330351468922501,6.778376900732217,-0.3835463642464747,0.1035316272141393,-0.6375616970884033,0.2616787823194434,-0.062115076501092,3.207830290656101,-0.3153069771735839,1.8246579794473208
sub-0126,shortvideo,ds007070/sub-0126/ses-03/func/sub-0126_ses-03_task-shortvideo_acq-mb8_run-01_space-MNI152NLin2009cAsym_desc-preproc_bold.nii.gz,0.4600000083446502,1640,63,236,62,223,6.910313901345291,1.498056215081604,1.1255605381165918,0.4270383284100394,6.7847533632287,1.6626096948637266,0.0941704035874439,0.2556053811659193,0.6491228070175439,2.0701754385964914,3.1863636363636365,1.7701704545454546,0.0134529147982062,2.89237668161435,97.8739679556854,229.4735806886869,-0.3045803875160393,6.932029958334171,-0.8971685836688341,1.15857316909648,0.1249983071043881,6.7734567892376925,-0.4625712156429538,0.1027928144710599,-0.4049254645455808,0.2618759522793345,0.4022366448382132,3.0759950946195342,0.4727794785710412,1.6975904725744908
sub-0127,shortvideo,ds007070/sub-0127/ses-03/func/sub-0127_ses-03_task-shortvideo_acq-mb8_run-01_space-MNI152NLin2009cAsym_desc-preproc_bold.nii.gz,0.4600000083446502,1640,63,221,62,207,6.93719806763285,1.4247867748483125,1.1014492753623188,0.4114240319487989,6.835748792270532,1.5523478286932133,0.072463768115942,0.2995169082125604,0.5967741935483871,1.9193548387096773,3.0585365853658537,1.8192073170731704,0.0096618357487922,2.9323671497584543,104.86693231336176,229.03021037578225,0.2670797957037363,6.915905929013416,-1.412629957775209,1.1605291627320675,0.7804469880762565,6.755376766281347,-1.1544014405288807,0.1018526008018044,2.6436701478173905,0.2647027329917802,-0.4013012314512592,3.1569705449168315,-0.3574531918085623,1.8698726894867552
sub-0128,shortvideo,ds007070/sub-0128/ses-03/func/sub-0128_ses-03_task-shortvideo_acq-mb8_run-01_space-MNI152NLin2009cAsym_desc-preproc_bold.nii.gz,0.4600000083446502,1640,63,243,62,228,6.885964912280702,1.5352468092405376,1.2456140350877194,0.6092011597313384,6.640350877192983,1.8351784797545696,0.1666666666666666,0.2587719298245614,0.576271186440678,2.0338983050847457,3.145374449339207,1.712830396475771,0.0043859649122807,2.754385964912281,93.10561545245312,228.4538604641288,-0.7667395055674888,6.934953381067177,2.240223339088133,1.160114931498084,-1.52147626289225,6.774838449569094,3.4389528055424705,0.1024097398180547,-0.0703114201182808,0.2602633630688858,0.1752030881404086,3.106058377244888,0.2995207115184909,1.6765523970120293
sub-0129,shortvideo,ds007070/sub-0129/ses-03/func/sub-0129_ses-03_task-shortvideo_acq-mb8_run-01_space-MNI152NLin2009cAsym_desc-preproc_bold.nii.gz,0.4600000083446502,1640,63,223,62,211,6.848341232227488,1.4754287826018249,1.127962085308057,0.3621695452519603,6.720379146919432,1.6102386242391686,0.1184834123222748,0.2464454976303317,0.6730769230769231,2.1923076923076925,3.105769230769231,1.8158052884615383,0.0142180094786729,2.815165876777251,94.34045224728182,227.3251837234085,-1.2325218180279474,6.933975664771171,-0.3577013074978263,1.1407407138713104,-0.8192287457679189,6.793234950899861,1.333104621079377,0.0924099837929157,-0.9511573753353976,0.2629579666034891,-0.1599813207467169,3.147711401728712,-0.2010683149076623,1.8468281682028065
sub-0130,shortvideo,ds007070/sub-0130/ses-03/func/sub-0130_ses-03_task-shortvideo_acq-mb8_run-01_space-MNI152NLin2009cAsym_desc-preproc_bold.nii.gz,0.4600000083446502,1640,63,225,62,214,6.892523364485982,1.560257649036345,1.1635514018691588,0.5001206471089673,6.728971962616822,1.7871218682507826,0.1074766355140186,0.2757009345794392,0.6610169491525424,1.9661016949152543,3.197183098591549,1.848151408450704,0.0046728971962616,2.8130841121495327,104.94491804952104,229.3738544949448,-0.7655959469430484,6.949355236509066,0.325081699685368,1.1522420243356908,-0.694482277477038,6.797113212173377,0.4565098261276273,0.0978348256093278,0.9084379273447156,0.2596933065975981,-0.0511373884626076,3.2148052648593883,-0.1015214682351835,1.868444471987656
sub-0131,shortvideo,ds007070/sub-0131/ses-03/func/sub-0131_ses-03_task-shortvideo_acq-mb8_run-01_space-MNI152NLin2009cAsym_desc-preproc_bold.nii.gz,0.4600000083446502,1640,63,244,62,234,7.05982905982906,1.4310511055833706,1.1324786324786325,0.502752775843876,6.927350427350428,1.607072562151839,0.0769230769230769,0.2606837606837607,0.5901639344262295,1.9180327868852456,2.688311688311688,1.4366883116883118,0.0128205128205128,2.982905982905983,98.87591419775973,229.98796504026572,1.1678667149850916,6.981198677312404,-1.087598230269805,1.1755210117511414,1.3062729450899817,6.805677665561261,-1.501901274242943,0.1107440514041624,-0.0057395110168777,0.2607623697664297,-1.7198432621747564,3.09692315551514,-1.7233638115690824,1.6665007779396357
sub-0132,shortvideo,ds007070/sub-0132/ses-03/func/sub-0132_ses-03_task-shortvideo_acq-mb8_run-01_space-MNI152NLin2009cAsym_desc-preproc_bold.nii.gz,0.4600000083446502,1640,63,234,62,223,6.914798206278027,1.5442149612289264,1.1838565022421526,0.4907334252228533,6.7309417040358746,1.7627993991976223,0.1434977578475336,0.2645739910313901,0.6440677966101694,2.1186440677966103,2.972972972972973,1.6162725225225223,0.0044843049327354,2.8251121076233185,104.00515130830318,228.15722397611185,-0.3660151421991114,6.941236912560153,0.9055074885213884,1.1515507933486624,-0.7024088251045773,6.789686119211492,2.51489444929165,0.0989551710829154,-0.2263455770180149,0.2683888617639428,-0.5966311786922539,3.124257343920653,-0.9303841931680038,1.7511774816881995
sub-0133,shortvideo,ds007070/sub-0133/ses-03/func/sub-0133_ses-03_task-shortvideo_acq-mb8_run-01_space-MNI152NLin2009cAsym_desc-preproc_bold.nii.gz,0.4600000083446502,1640,63,223,62,211,6.914691943127962,1.518872474938319,1.1706161137440758,0.6613759823465205,6.744075829383887,1.7757360576964911,0.0900473933649289,0.2511848341232227,0.7169811320754716,2.150943396226415,3.1490384615384617,1.8599759615384612,0.0142180094786729,2.8720379146919437,98.74311262257896,225.9362430403157,-0.3911644908046436,6.9423209161757145,0.693711730311621,1.1458437637545886,-0.5652172798549004,6.796477152421124,-0.133176275837229,0.0926699768838158,-0.262882290183491,0.2551849847384508,0.371460534852544,3.05467820330279,0.4517762436941746,1.7929219105595489
