domain,entity,view,mean_H,sd_H,mean_D,sd_D,mean_lambda,sd_lambda,multilevel,pivot_rate,compound_pivot_fraction,pivot_depth,tree_span_events,tree_span_time,tree_root_fraction,tree_ascending_fraction,occ_L1,occ_L2,occ_L3,occ_L4,occ_L5,occ_L6,occ_L7,occ_L8,occ_L9,occ_L10,occ_L11,occ_L12,subgroup,subject,class
gait,GaCo01_01,A,-4.07985788049542,-0.0014273224645737802,-0.3641599053572222,-0.27682823362134923,-3.61506874902306,-0.09628933386489222,0.033024564953884096,-0.5530778314820943,-0.13794757223344795,0.8650216178662107,0.1845250604724916,0.10036065286754332,-0.6083466912843138,0.2142432508398803,0.0,-0.1675789516888097,-0.3533702363966595,-0.5632384763052639,1.6396396540461797,0.8507211022074092,2.3380659426773183,1.3175467817155528,-0.5263028029010381,-1.784969415947341,-2.410444729557639,0.0,control,,
gait,GaCo01_01,B,-6.771574875626687,2.427756661790269,3.169739361048358,1.6048923204243601,-7.1487101101590715,3.4049990635923804,3.263688527833843,1.1028438196619015,0.4214200766101414,1.0868901155701018,-0.9123511449049517,-1.0158235018151656,-0.6083466912843138,1.9982935500304555,0.0,-0.1675789516888097,11.23253915365775,8.367604171241203,7.806789807178752,-1.0871401784472814,-0.7403618949491708,1.3175467817155528,-0.5263028029010381,-2.2776919267903684,-2.410444729557639,0.0,control,,
gait,GaCo02_01,A,-8.622130309779434,2.1132888422456397,5.189110370422978,2.0211228578040963,-9.453258823943427,3.5863460647725027,5.4174645030871496,1.9308046452338987,1.8198391987191143,2.369567367920722,-0.40308719240828195,-0.5995878429579978,0.49773820195989316,2.3381126546381834,0.0,5.963358305218862,14.129016501171355,13.726109759769082,5.339929745925723,1.8196517425347545,0.029245064457451505,1.889729807938289,-1.9170031041662579,-2.7704144376333963,-2.410444729557639,0.0,control,,
gait,GaCo02_01,B,-8.285665685388024,1.7304690602742496,0.1406828469864306,0.41244183866477335,-7.609619852915943,1.5630825094092966,0.033024564953884096,1.1028438196619015,1.8198391987191143,3.0282394704791487,-1.0494606705771319,-1.3333225334822845,1.6038230952040997,0.7494583405970529,0.0,-0.1675789516888097,2.5431071111169428,4.795267112222615,4.106499715299208,2.7885823828620997,0.798852023864074,0.1731807292700812,-0.5263028029010381,-3.2631369484764234,-2.410444729557639,0.0,control,,
gait,GaCo03_01,A,-4.416322504886831,0.009263181417000825,1.1503683516737415,0.9405993734264544,-4.383251653617845,0.9364038956726694,1.1099125525805371,-0.5530778314820943,0.8409458132428335,0.4767517468844009,1.212846503013844,1.000489858574135,1.6038230952040997,-0.7223831562351708,0.0,-0.1675789516888097,2.5431071111169428,3.0090985827133223,1.6396396540461797,1.8196517425347545,0.798852023864074,3.03409586038376,-1.4534363370778514,-1.784969415947341,-2.410444729557639,0.0,control,,
gait,GaCo03_01,B,-5.930413314648168,0.7106065241453932,4.179424865735669,1.835573775335227,-6.6878003674022,2.7230166747802826,4.340576515460497,0.27488299408990335,1.8198391987191143,2.2886778114661785,-0.08969399087186956,-0.12407315839573663,-0.6083466912843138,0.2142432508398803,0.0,5.963358305218862,8.33606180614415,8.367604171241203,4.106499715299208,0.8507211022074092,1.568458983270696,2.461912834161024,-0.9898695699894446,-2.7704144376333963,-2.410444729557639,0.0,control,,
gait,GaCo04_01,A,-7.276271812213799,2.8271007953638914,3.169739361048358,1.6048923204243601,-7.609619852915943,3.7316190459546825,3.263688527833843,0.27488299408990335,0.1883502229253123,1.3180031340116551,1.6927298428664757,1.3661673483924375,-0.6083466912843138,1.552280975232811,0.0,5.963358305218862,11.23253915365775,8.367604171241203,6.573359776552237,-0.11820953811993619,0.029245064457451505,-0.39900229695265443,-0.06273603581263132,-2.2776919267903684,-2.410444729557639,0.0,control,,
gait,GaCo04_01,B,-4.921019441473943,0.537254897263549,0.1406828469864306,0.41244183866477335,-4.536888234536799,0.6167272032633933,0.033024564953884096,0.27488299408990335,0.1883502229253123,0.023770230738956507,2.03876816956293,2.0180941334905347,0.49773820195989316,0.936358848131304,0.0,-0.1675789516888097,-0.3533702363966595,3.0090985827133223,1.6396396540461797,0.8507211022074092,1.568458983270696,1.3175467817155528,0.4008307312757749,-2.7704144376333963,-2.410444729557639,0.0,control,,
gait,GaCo05_01,A,-6.603342563430985,1.0618401136874869,3.169739361048358,1.6048923204243601,-6.995073529240114,2.809308129248575,3.263688527833843,1.9308046452338987,0.5962224668737629,0.6708866823753058,-0.5010225678884103,-0.6417671497097004,-0.6083466912843138,0.6602558256375246,0.0,12.094295562126534,11.23253915365775,6.581435641731908,1.6396396540461797,-0.11820953811993619,2.3380659426773183,1.889729807938289,-0.5263028029010381,-3.2631369484764234,-2.410444729557639,0.0,control,,
gait,GaCo05_01,B,-6.098645626843873,1.966046452591714,4.179424865735669,1.835573775335227,-6.841436948321156,3.6846693417660945,4.340576515460497,1.9308046452338987,0.5962224668737629,1.1562240211025676,0.8700726888333928,0.5043415131414452,-0.6083466912843138,1.9982935500304555,0.0,12.094295562126534,11.23253915365775,8.367604171241203,2.873069684672694,1.8196517425347545,0.798852023864074,0.1731807292700812,-0.06273603581263132,-2.2776919267903684,-2.410444729557639,0.0,control,,
gait,GaCo06_01,A,-4.416322504886831,-0.5290919061836737,2.16005385636105,1.8939482130934173,-4.690524815455758,1.1506009894633777,1.1099125525805371,0.27488299408990335,0.1883502229253123,-0.6233462208973923,-1.0494606705771319,-0.9646525928471381,1.6038230952040997,-0.23176932395776295,0.0,-0.1675789516888097,5.439584458630546,3.0090985827133223,1.6396396540461797,1.8196517425347545,3.1076729020839413,1.3175467817155528,-0.5263028029010381,-2.2776919267903684,-2.410444729557639,0.0,control,,
gait,GaCo06_01,B,-6.771574875626687,0.24978250648295588,2.6648966087047055,1.757058992757034,-6.995073529240114,1.3953609293324778,2.1868005402071904,-2.20899948262609,0.1883502229253123,0.99444490819348,-0.1158100909999037,-0.48672969786560644,0.49773820195989316,-0.9326462272112032,0.0,-0.1675789516888097,2.5431071111169428,4.795267112222615,5.339929745925723,4.726443663516791,2.3380659426773183,-0.9711853231753902,0.8643974983641817,-3.755859459319451,-2.410444729557639,0.0,control,,
gait,GaCo07_01,A,-7.108039500018097,0.8072349284146252,2.6648966087047055,1.3646929402284673,-7.302346691078027,1.9348514488046518,3.263688527833843,1.1028438196619015,1.8198391987191143,2.196232604089557,0.006282677098657136,-0.2931466295474066,1.6038230952040997,1.7306860051518687,0.0,-0.1675789516888097,5.439584458630546,6.581435641731908,6.573359776552237,0.8507211022074092,2.3380659426773183,0.7453637554928172,-0.5263028029010381,-3.2631369484764234,-2.410444729557639,0.0,control,,
gait,GaCo07_01,B,-5.425716378061056,0.8723999333789536,1.1503683516737415,0.9405993734264544,-5.305071139131587,1.5964383606229693,1.1099125525805371,0.27488299408990335,1.0040947108222136,1.6415613598298293,-0.6525646752102942,-0.9419572158625497,2.709907988448307,0.5428840954276184,0.0,-0.1675789516888097,5.439584458630546,3.0090985827133223,2.873069684672694,1.8196517425347545,0.798852023864074,1.3175467817155528,-0.5263028029010381,-2.2776919267903684,-2.410444729557639,0.0,control,,
gait,GaCo08_01,A,-7.949201060996616,2.8980208909723784,4.179424865735669,1.835573775335227,-8.531439338429685,3.9028471414046693,4.340576515460497,1.9308046452338987,1.2080308327964386,1.8842300291934602,0.7329631631612126,0.4863868082403833,-0.6083466912843138,2.4443061248280986,0.0,5.963358305218862,11.23253915365775,10.153772700750496,9.040219837805264,-0.11820953811993619,0.029245064457451505,-0.39900229695265443,-0.5263028029010381,-2.2776919267903684,-2.410444729557639,0.0,control,,
gait,GaCo08_01,B,-7.276271812213799,3.32519824701092,3.169739361048358,1.6048923204243601,-7.609619852915943,4.181197467300459,3.263688527833843,0.27488299408990335,1.0040947108222136,1.6415613598298293,0.1845250604724916,0.04649653816435572,-0.6083466912843138,0.6602558256375246,0.0,12.094295562126534,11.23253915365775,10.153772700750496,4.106499715299208,-0.11820953811993619,-0.7403618949491708,-0.9711853231753902,1.3279642654525885,-2.7704144376333963,-2.410444729557639,0.0,control,,
gait,GaCo09_01,A,-8.958594934170842,1.0977454695166724,2.16005385636105,1.0866730916030782,-8.838712500267599,1.5885116169333746,3.263688527833843,-0.5530778314820943,0.8409458132428335,2.029831230811639,-0.7478197140983348,-0.7869010143266209,1.6038230952040997,0.7494583405970529,0.0,-0.1675789516888097,2.5431071111169428,6.581435641731908,7.806789807178752,4.726443663516791,-0.7403618949491708,1.889729807938289,-1.9170031041662579,-3.2631369484764234,-2.410444729557639,0.0,control,,
gait,GaCo09_01,B,-7.276271812213799,2.8271007953638914,3.6745821133920136,1.989842193055083,-7.763256433834898,3.8709912832469535,3.263688527833843,-1.3810386570540925,-0.6273942649715883,0.6708866823753058,1.007182214505573,0.6210470949983509,-0.6083466912843138,-0.23176932395776295,0.0,12.094295562126534,8.33606180614415,11.939941230259791,4.106499715299208,-0.11820953811993619,-1.509968854355793,3.03409586038376,-1.4534363370778514,-2.2776919267903684,-2.410444729557639,0.0,control,,
gait,GaCo10_01,A,-6.771574875626687,1.5754079671737056,3.169739361048358,1.6048923204243601,-7.1487101101590715,2.8480998713437153,3.263688527833843,0.27488299408990335,0.1883502229253123,0.6708866823753058,0.1845250604724916,0.04350408734751192,-0.6083466912843138,1.106268400435168,0.0,5.963358305218862,8.33606180614415,8.367604171241203,2.873069684672694,1.8196517425347545,0.798852023864074,2.461912834161024,-1.9170031041662579,-2.2776919267903684,-2.410444729557639,0.0,control,,
gait,GaCo10_01,B,-10.809150368323584,2.6051958268811384,3.6745821133920136,1.6328604073469641,-10.989624633132996,3.073087013442281,4.340576515460497,-1.3810386570540925,1.8198391987191143,3.0975733760116144,-0.1158100909999037,-0.08232134461786933,0.49773820195989316,0.936358848131304,0.0,5.963358305218862,8.33606180614415,11.939941230259791,10.273649868431779,2.7885823828620997,-0.7403618949491708,-1.543368349398126,-0.5263028029010381,-3.2631369484764234,-2.410444729557639,0.0,control,,
gait,GaPt03_01,A,-4.248090192691129,0.19575604648022463,-0.8690026577008777,-0.9660983059074718,-3.61506874902306,-0.19921638725574162,-1.043863422672769,-2.20899948262609,1.8198391987191143,0.99444490819348,-0.1158100909999037,0.09010082149550715,0.49773820195989316,-1.8671487648824565,0.0,-0.1675789516888097,-0.3533702363966595,1.2229300532040293,-0.8272204072068488,-0.11820953811993619,3.1076729020839413,1.889729807938289,-0.9898695699894446,-1.784969415947341,-2.410444729557639,0.0,pd,,
gait,GaPt03_01,B,-2.7339993829297926,0.6076565462812293,-0.8690026577008777,-0.9660983059074718,-2.2323395207524466,0.14611526163227126,-1.043863422672769,-1.3810386570540925,1.8198391987191143,1.6415613598298293,1.464213966746175,1.3064608297135083,0.49773820195989316,0.46910757929567676,0.0,-0.1675789516888097,-0.3533702363966595,1.2229300532040293,-0.8272204072068488,0.8507211022074092,0.029245064457451505,0.1731807292700812,1.7915310325409948,-2.2776919267903684,-1.6192703106656354,0.0,pd,,
gait,GaPt04_01,A,-6.098645626843873,1.2679264909589252,3.169739361048358,1.6048923204243601,-6.5341637864832425,2.7406216511315415,3.263688527833843,1.9308046452338987,0.5962224668737629,0.9135553517389366,1.007182214505573,0.8394960046279423,-0.6083466912843138,2.4443061248280986,0.0,5.963358305218862,8.33606180614415,6.581435641731908,2.873069684672694,2.7885823828620997,0.798852023864074,1.3175467817155528,-0.9898695699894446,-2.2776919267903684,-2.410444729557639,0.0,pd,,
gait,GaPt04_01,B,-4.5845548170825365,1.3266145735577028,2.16005385636105,1.3154295441395834,-4.844161396374716,2.6247841900931888,2.1868005402071904,1.1028438196619015,-0.2777894844443453,0.5322188713103735,1.8298393685386558,1.533744594135686,-0.6083466912843138,1.552280975232811,0.0,12.094295562126534,5.439584458630546,4.795267112222615,0.4062096234196654,1.8196517425347545,0.029245064457451505,0.7453637554928172,0.8643974983641817,-2.2776919267903684,-2.410444729557639,0.0,pd,,
gait,GaPt05_01,A,-3.9116255682997187,-0.4850039589591976,-0.8690026577008777,-0.9660983059074718,-3.3077955871851437,-0.7699561054376395,-1.043863422672769,1.9308046452338987,-0.6273942649715883,-1.2704626725337411,-0.6903642938166595,-0.38954629514715755,0.49773820195989316,0.46910757929567676,0.0,-0.1675789516888097,-0.3533702363966595,-0.5632384763052639,-0.8272204072068488,1.8196517425347545,1.568458983270696,2.461912834161024,-0.9898695699894446,-1.784969415947341,-2.410444729557639,0.0,pd,,
gait,GaPt05_01,B,-5.089251753669648,0.9185493590202773,0.1406828469864306,0.41244183866477335,-4.690524815455758,1.2315657734980352,0.033024564953884096,0.27488299408990335,-0.6273942649715883,0.023770230738956507,-0.22680351654404982,-0.10312600267782998,-0.6083466912843138,0.2142432508398803,0.0,5.963358305218862,2.5431071111169428,1.2229300532040293,-0.8272204072068488,3.757513023189446,0.798852023864074,1.3175467817155528,-0.9898695699894446,-1.784969415947341,-2.410444729557639,0.0,pd,,
gait,GaPt06_01,A,-4.5845548170825365,-0.6034310708226475,-0.8690026577008777,-0.9660983059074718,-3.922341910860973,-0.869243748527677,-1.043863422672769,-0.5530778314820943,-0.13794757223344795,-0.2997879950792177,1.6927298428664757,1.533744594135686,-0.6083466912843138,-0.6777818987554067,0.0,-0.1675789516888097,-0.3533702363966595,-0.5632384763052639,0.4062096234196654,1.8196517425347545,0.029245064457451505,3.03409586038376,0.4008307312757749,-3.2631369484764234,-2.410444729557639,0.0,pd,,
gait,GaPt06_01,B,-5.425716378061056,0.4114553955599121,-0.8690026577008777,-0.9660983059074718,-4.690524815455758,-0.018377053684294757,-1.043863422672769,0.27488299408990335,0.1883502229253123,-0.6233462208973923,0.45874411181685204,0.5390799639282838,-1.7144315845285205,-0.018458962098020476,0.0,-0.1675789516888097,-0.3533702363966595,-0.5632384763052639,2.873069684672694,-0.11820953811993619,2.3380659426773183,2.461912834161024,-1.4534363370778514,-2.2776919267903684,-2.410444729557639,0.0,pd,,
gait,GaPt07_01,A,-6.266877939039575,0.3789676468368189,1.6552111040173945,0.7525757565041945,-6.226890624645329,1.1844634177230386,3.263688527833843,1.1028438196619015,1.1206296376646276,1.3642257376999656,-0.14453780114074138,0.1133778139208129,1.6038230952040997,2.221299837429277,0.0,-0.1675789516888097,2.5431071111169428,3.0090985827133223,5.339929745925723,1.8196517425347545,2.3380659426773183,0.7453637554928172,-0.06273603581263132,-3.2631369484764234,-2.410444729557639,0.0,pd,,
gait,GaPt07_01,B,-1.388140885364158,-1.0914307337254932,-0.8690026577008777,-0.9660983059074718,-1.0032468734007878,-1.2783758771083646,-1.043863422672769,-0.5530778314820943,0.8409458132428335,-0.688057866061027,-0.8527383076561773,-0.7904789446511077,-1.7144315845285205,-0.8717004095369909,0.0,-0.1675789516888097,-0.3533702363966595,-0.5632384763052639,-0.8272204072068488,-1.0871401784472814,1.568458983270696,1.3175467817155528,-0.5263028029010381,0.1859206274247687,-2.410444729557639,0.0,pd,,
gait,GaPt08_01,A,-4.752787129278238,0.49069062239831657,-0.8690026577008777,-0.9660983059074718,-4.075978491779928,0.04805265821782996,-1.043863422672769,0.27488299408990335,0.1883502229253123,0.6708866823753058,2.18240672026712,2.256350217574473,0.49773820195989316,0.46910757929567676,0.0,-0.1675789516888097,-0.3533702363966595,1.2229300532040293,0.4062096234196654,0.8507211022074092,0.798852023864074,1.889729807938289,0.4008307312757749,-2.7704144376333963,-2.410444729557639,0.0,pd,,
gait,GaPt08_01,B,-5.089251753669648,1.028002988079147,-0.8690026577008777,-0.9660983059074718,-4.383251653617845,0.4985278707949512,-1.043863422672769,1.1028438196619015,-0.9769990454988318,-0.02245237294935397,1.4185107915221151,1.2315070616344699,-0.6083466912843138,0.6602558256375246,0.0,-0.1675789516888097,-0.3533702363966595,1.2229300532040293,0.4062096234196654,2.7885823828620997,0.029245064457451505,1.3175467817155528,-0.06273603581263132,-2.2776919267903684,-2.410444729557639,0.0,pd,,
gait,GaPt09_01,A,-6.43511025123528,2.0684339095451674,4.179424865735669,1.835573775335227,-7.1487101101590715,3.582683038515743,4.340576515460497,1.9308046452338987,1.2080308327964386,1.6415613598298293,0.7329631631612126,0.5432433737604138,-0.6083466912843138,2.4443061248280986,0.0,5.963358305218862,11.23253915365775,10.153772700750496,4.106499715299208,0.8507211022074092,0.798852023864074,0.7453637554928172,-0.5263028029010381,-2.2776919267903684,-2.410444729557639,0.0,pd,,
gait,GaPt09_01,B,-7.949201060996616,1.3092772578347625,1.6552111040173945,1.020189551607028,-7.763256433834898,1.9664485279438635,2.1868005402071904,0.27488299408990335,1.8198391987191143,2.2886778114661785,0.1845250604724916,0.09736820205069951,-0.6083466912843138,0.2142432508398803,0.0,-0.1675789516888097,8.33606180614415,4.795267112222615,6.573359776552237,-0.11820953811993619,0.798852023864074,2.461912834161024,-1.4534363370778514,-3.2631369484764234,-2.410444729557639,0.0,pd,,
gait,GaPt12_01,A,-7.780968748800912,0.8072349284146252,4.179424865735669,1.835573775335227,-8.377802757510727,2.6096659952385313,4.340576515460497,1.1028438196619015,0.4214200766101414,0.8095544934402381,0.1845250604724916,0.1093380053180738,-0.6083466912843138,1.552280975232811,0.0,5.963358305218862,11.23253915365775,8.367604171241203,5.339929745925723,0.8507211022074092,3.1076729020839413,1.3175467817155528,-1.4534363370778514,-3.2631369484764234,-2.410444729557639,0.0,pd,,
gait,GaPt12_01,B,-7.780968748800912,1.3460675504994664,6.198795875110286,2.1695617986033215,-8.992349081186557,3.5826830385157415,6.494352490713804,1.1028438196619015,1.8198391987191143,2.4735682262194203,0.5958536374890323,0.13627006266966715,-0.6083466912843138,1.552280975232811,0.0,12.094295562126534,14.129016501171355,11.939941230259791,5.339929745925723,1.8196517425347545,2.3380659426773183,-0.39900229695265443,0.4008307312757749,-3.755859459319451,-2.410444729557639,0.0,pd,,
gait,GaPt13_01,A,-5.59394869025676,0.6724960117007258,1.1503683516737415,0.9405993734264544,-5.458707720050541,1.4474263542048265,1.1099125525805371,-0.5530778314820943,-0.13794757223344795,0.08848187590259203,1.1442917401777533,1.2015825534660327,-0.6083466912843138,1.106268400435168,0.0,-0.1675789516888097,5.439584458630546,3.0090985827133223,2.873069684672694,0.8507211022074092,2.3380659426773183,1.3175467817155528,-0.9898695699894446,-2.2776919267903684,-2.410444729557639,0.0,pd,,
gait,GaPt13_01,B,-6.771574875626687,-0.8333563531265659,1.1503683516737415,0.9405993734264544,-6.5341637864832425,-0.018377053684294757,1.1099125525805371,0.27488299408990335,0.1883502229253123,-0.2997879950792177,-0.36391304221623005,-0.4921446088675137,-0.6083466912843138,0.2142432508398803,0.0,-0.1675789516888097,-0.3533702363966595,3.0090985827133223,2.873069684672694,3.757513023189446,3.1076729020839413,1.889729807938289,-0.9898695699894446,-3.755859459319451,-2.410444729557639,0.0,pd,,
gait,GaPt14_01,A,-5.930413314648168,1.361160221724162,3.169739361048358,2.5777677075450227,-6.3805272055642845,1.8620898016689782,3.263688527833843,0.27488299408990335,0.1883502229253123,0.6708866823753058,0.45874411181685204,0.2948699559623852,-0.6083466912843138,1.106268400435168,0.0,-0.1675789516888097,5.439584458630546,3.0090985827133223,2.873069684672694,1.8196517425347545,4.646886820897185,2.461912834161024,-2.380569871254665,-1.784969415947341,-2.410444729557639,0.0,pd,,
gait,GaPt14_01,B,-5.25748406586535,-0.123125357865955,0.6455255993300861,0.5481147744540757,-4.99779797729367,0.7651887751796683,1.1099125525805371,1.1028438196619015,-0.2777894844443453,-0.5771236172090815,-0.6903642938166595,-0.5901829975336321,0.49773820195989316,0.46910757929567676,0.0,5.963358305218862,2.5431071111169428,3.0090985827133223,0.4062096234196654,-1.0871401784472814,3.877279861490564,1.889729807938289,-0.06273603581263132,-3.2631369484764234,-2.410444729557639,0.0,pd,,
cardiorespiratory,f1y01,A,-0.715211636581344,1.3719207833739138,0.1406828469864306,-0.012749466240508704,-0.6959737115628714,1.5006876177712638,1.1099125525805371,-0.5530778314820943,0.8409458132428335,2.418101101793448,-0.08969399087186956,-0.1554938919725952,-0.6083466912843138,-0.23176932395776295,0.0,-0.1675789516888097,-0.3533702363966595,3.0090985827133223,1.6396396540461797,-1.0871401784472814,0.798852023864074,-0.9711853231753902,-0.06273603581263132,-0.7995243942612861,0.7542529460103772,0.0,,,
cardiorespiratory,f1y01,B,0.7988791731799926,-2.5696409611569573,-0.8690026577008777,-0.9660983059074718,0.9940286785456521,-2.5176867676963806,-1.043863422672769,0.27488299408990335,-3.074627728662291,-2.2411373499882647,-1.0494606705771319,-0.7195708709476375,-0.6083466912843138,-1.5698070483506938,0.0,-0.1675789516888097,-0.3533702363966595,-0.5632384763052639,-0.8272204072068488,-1.0871401784472814,-1.509968854355793,-0.39900229695265443,2.2550977996294015,0.1859206274247687,-1.6192703106656354,0.0,,,
cardiorespiratory,f1y02,A,1.3035761097671048,-0.5409131981777303,-0.8690026577008777,-0.9660983059074718,1.4549384213025234,-0.8168296338182505,-1.043863422672769,0.27488299408990335,-1.4431387528684894,-0.6233462208973923,-0.5467257431124704,-0.6810965033025033,0.49773820195989316,-1.3998974960468298,0.0,-0.1675789516888097,-0.3533702363966595,-0.5632384763052639,0.4062096234196654,-1.0871401784472814,-1.509968854355793,-0.9711853231753902,0.4008307312757749,1.1713656491108242,-0.03692147288162684,0.0,,,
cardiorespiratory,f1y02,B,1.6400407341585153,-1.4651209436332273,-0.8690026577008777,-0.9660983059074718,1.7622115831404397,-1.5916725505115046,-1.043863422672769,-1.3810386570540925,-0.6273942649715883,-0.7851253338064794,-0.8340028445208486,-0.8284390816175705,0.49773820195989316,-1.8671487648824565,0.0,-0.1675789516888097,-0.3533702363966595,-0.5632384763052639,-0.8272204072068488,-1.0871401784472814,-0.7403618949491708,-0.9711853231753902,0.8643974983641817,0.1859206274247687,0.7542529460103772,0.0,,,
cardiorespiratory,f1y03,A,0.2941822365928804,1.448913983661099,-0.3641599053572222,-0.27682823362134923,0.379482354869826,1.3953609293324778,0.033024564953884096,-1.3810386570540925,1.8198391987191143,2.126898698557091,0.32163458614467183,0.41157553781928996,-0.6083466912843138,-1.12379447355305,0.0,5.963358305218862,2.5431071111169428,-0.5632384763052639,-0.8272204072068488,-1.0871401784472814,0.029245064457451505,-0.9711853231753902,-0.06273603581263132,0.1859206274247687,0.7542529460103772,0.0,,,
cardiorespiratory,f1y03,B,0.46241454878858923,-0.39218982717722795,-0.8690026577008777,-0.9660983059074718,0.6867555167077424,-0.6921420285334804,-1.043863422672769,0.27488299408990335,-1.4431387528684894,-0.6233462208973923,1.5556203171942953,1.4738955777988116,-0.6083466912843138,-0.23176932395776295,0.0,-0.1675789516888097,-0.3533702363966595,-0.5632384763052639,-0.8272204072068488,-0.11820953811993619,0.029245064457451505,-0.9711853231753902,0.4008307312757749,0.1859206274247687,-0.03692147288162684,0.0,,,
cardiorespiratory,f1y04,A,0.12594992439717873,0.17504227924011895,-0.8690026577008777,-0.9660983059074718,0.379482354869826,-0.21658252155070842,-1.043863422672769,0.27488299408990335,0.1883502229253123,-0.6233462208973923,0.1845250604724916,0.4848905828319609,-0.6083466912843138,-0.23176932395776295,0.0,-0.1675789516888097,-0.3533702363966595,-0.5632384763052639,-0.8272204072068488,-1.0871401784472814,1.568458983270696,0.7453637554928172,-1.4534363370778514,-0.7995243942612861,1.5454273649023818,0.0,,,
cardiorespiratory,f1y04,B,0.6306468609842909,-0.08769365682106503,-0.8690026577008777,-0.9660983059074718,0.8403920976266972,-0.4368566752989503,-1.043863422672769,0.27488299408990335,1.0040947108222136,-0.2997879950792177,1.966948894210836,1.7641633070326526,-0.6083466912843138,-1.12379447355305,0.0,-0.1675789516888097,-0.3533702363966595,-0.5632384763052639,-0.8272204072068488,0.8507211022074092,-1.509968854355793,-0.39900229695265443,0.4008307312757749,-0.30680188341825837,0.7542529460103772,0.0,,,
cardiorespiratory,f1y05,A,1.6400407341585153,-0.6728076072775983,-0.8690026577008777,-0.9660983059074718,1.7622115831404397,-0.9274080715612784,-1.043863422672769,-0.5530778314820943,-0.13794757223344795,-0.688057866061027,-0.6381320935605905,-0.695631264412887,-0.6083466912843138,-1.12379447355305,0.0,-0.1675789516888097,-0.3533702363966595,-0.5632384763052639,-0.8272204072068488,-0.11820953811993619,-1.509968854355793,-0.39900229695265443,-0.06273603581263132,0.1859206274247687,1.5454273649023818,0.0,,,
cardiorespiratory,f1y05,B,1.1353437975714031,-1.6765615223792245,-0.8690026577008777,-0.9660983059074718,1.3013018403835686,-1.7689413902809794,-1.043863422672769,1.1028438196619015,-0.9769990454988318,-1.409130483598673,-0.3281453398669658,-0.1278462485561045,-1.7144315845285205,-0.018458962098020476,0.0,-0.1675789516888097,-0.3533702363966595,-0.5632384763052639,-0.8272204072068488,-1.0871401784472814,-1.509968854355793,0.7453637554928172,0.4008307312757749,0.1859206274247687,-0.03692147288162684,0.0,,,
cardiorespiratory,f1y06,A,0.2941822365928804,1.448913983661098,-0.8690026577008777,-0.9660983059074718,0.5331189357887809,0.8514137939963867,-1.043863422672769,-1.3810386570540925,0.5962224668737629,1.6415613598298293,0.006282677098657136,0.09527348647890894,1.6038230952040997,-1.7036108207899872,0.0,-0.1675789516888097,-0.3533702363966595,-0.5632384763052639,0.4062096234196654,0.8507211022074092,-0.7403618949491708,-0.9711853231753902,-0.5263028029010381,-0.7995243942612861,2.3366017837943858,0.0,,,
cardiorespiratory,f1y06,B,-1.388140885364158,3.225439621496778,0.1406828469864306,-0.012749466240508704,-1.310520035238704,3.022323891282116,1.1099125525805371,0.27488299408990335,0.1883502229253123,3.259352488920702,0.006282677098657136,-0.05614452485338416,1.6038230952040997,0.7494583405970529,0.0,-0.1675789516888097,5.439584458630546,4.795267112222615,-0.8272204072068488,-0.11820953811993619,-1.509968854355793,-0.9711853231753902,0.8643974983641817,-1.784969415947341,1.5454273649023818,0.0,,,
cardiorespiratory,f1y07,A,-0.8834439487770457,1.5145488504070301,-0.3641599053572222,-0.27682823362134923,-0.6959737115628714,1.3445204015741163,0.033024564953884096,0.27488299408990335,1.0040947108222136,1.3180031340116551,-1.2649184966334153,-1.3112211467350245,0.49773820195989316,0.46910757929567676,0.0,-0.1675789516888097,2.5431071111169428,1.2229300532040293,-0.8272204072068488,-0.11820953811993619,0.798852023864074,0.1731807292700812,-1.9170031041662579,0.6786431382677964,-0.03692147288162684,0.0,,,
cardiorespiratory,f1y07,B,-1.7246055097555684,2.0370757081090964,-0.8690026577008777,-0.9660983059074718,-1.310520035238704,1.3445204015741157,-1.043863422672769,-0.5530778314820943,1.8198391987191143,2.029831230811639,0.8700726888333928,0.8260299759521456,-0.6083466912843138,0.2142432508398803,0.0,-0.1675789516888097,-0.3533702363966595,1.2229300532040293,-0.8272204072068488,1.8196517425347545,0.029245064457451505,-0.39900229695265443,-0.5263028029010381,-1.2922469051043135,0.7542529460103772,0.0,,,
cardiorespiratory,f1y08,A,1.4718084219628136,-1.6462085929406398,-0.8690026577008777,-0.9660983059074718,1.6085750022214849,-1.7434939164938104,-1.043863422672769,-0.5530778314820943,-0.13794757223344795,-0.688057866061027,-1.6958341487459818,-1.565151973192906,0.49773820195989316,-1.3998974960468298,0.0,-0.1675789516888097,-0.3533702363966595,-0.5632384763052639,-0.8272204072068488,-1.0871401784472814,-0.7403618949491708,-0.9711853231753902,0.8643974983641817,0.6786431382677964,-0.03692147288162684,0.0,,,
cardiorespiratory,f1y08,B,-2.565767070734084,0.8422263483959138,-0.8690026577008777,-0.9660983059074718,-2.078702939833485,0.34277532051234866,-1.043863422672769,-0.5530778314820943,0.8409458132428335,0.08848187590259203,-0.08969399087186956,0.22903603799182332,-0.6083466912843138,-0.6777818987554067,0.0,-0.1675789516888097,-0.3533702363966595,-0.5632384763052639,-0.8272204072068488,1.8196517425347545,2.3380659426773183,0.1731807292700812,-1.4534363370778514,-0.7995243942612861,-0.8280958917736311,0.0,,,
cardiorespiratory,f1y09,A,0.46241454878858923,-0.5320446593332941,-0.8690026577008777,-0.9660983059074718,0.6867555167077424,-0.809394374225567,-1.043863422672769,1.9308046452338987,-0.6273942649715883,-0.5424566644428486,-0.44617875761953846,-0.6848584414722501,1.6038230952040997,1.7306860051518687,0.0,-0.1675789516888097,-0.3533702363966595,-0.5632384763052639,-0.8272204072068488,-0.11820953811993619,-0.7403618949491708,0.1731807292700812,-0.06273603581263132,0.1859206274247687,-0.03692147288162684,0.0,,,
cardiorespiratory,f1y09,B,-0.042282387798522954,0.722469170753728,-0.3641599053572222,-0.27682823362134923,0.07220919303190965,0.7488796699313746,0.033024564953884096,1.1028438196619015,-1.6762086065533182,-0.02245237294935397,-0.22680351654404982,-0.3679578999684999,-0.6083466912843138,-0.23176932395776295,0.0,-0.1675789516888097,2.5431071111169428,1.2229300532040293,-0.8272204072068488,-1.0871401784472814,-0.7403618949491708,0.7453637554928172,-0.06273603581263132,-0.7995243942612861,0.7542529460103772,0.0,,,
cardiorespiratory,f1y10,A,0.46241454878858923,0.8422263483959148,-0.8690026577008777,-0.9660983059074718,0.6867555167077424,0.3427753205123494,-1.043863422672769,-0.5530778314820943,-0.13794757223344795,0.4767517468844009,-1.1212799459292262,-1.0384806294284108,0.49773820195989316,-1.3998974960468298,0.0,-0.1675789516888097,-0.3533702363966595,-0.5632384763052639,-0.8272204072068488,1.8196517425347545,-0.7403618949491708,-0.9711853231753902,-1.4534363370778514,1.1713656491108242,0.7542529460103772,0.0,,,
cardiorespiratory,f1y10,B,0.2941822365928804,1.028002988079147,-0.3641599053572222,-0.27682823362134923,0.379482354869826,0.9906613475519803,0.033024564953884096,0.27488299408990335,-0.6273942649715883,0.34732845655713157,-0.596999235858937,-0.7885468622758852,1.6038230952040997,-0.23176932395776295,0.0,-0.1675789516888097,2.5431071111169428,1.2229300532040293,-0.8272204072068488,-0.11820953811993619,-1.509968854355793,0.1731807292700812,-0.5263028029010381,0.1859206274247687,0.7542529460103772,0.0,,,
cardiorespiratory,f1o01,A,0.46241454878858923,-0.5320446593332941,-0.8690026577008777,-0.9660983059074718,0.6867555167077424,-0.809394374225567,-1.043863422672769,-0.5530778314820943,0.8409458132428335,0.4767517468844009,1.3767818054479728,1.3548480779113328,-1.7144315845285205,-0.8717004095369909,0.0,-0.1675789516888097,-0.3533702363966595,-0.5632384763052639,-0.8272204072068488,-1.0871401784472814,0.029245064457451505,1.3175467817155528,-0.9898695699894446,-0.30680188341825837,0.7542529460103772,0.0,,,
cardiorespiratory,f1o01,B,-0.042282387798522954,0.1255483170752697,-0.3641599053572222,-0.27682823362134923,0.07220919303190965,0.20047576742711534,0.033024564953884096,1.1028438196619015,-0.2777894844443453,0.25488324918050975,-0.14453780114074138,-0.10881165922983349,1.6038230952040997,0.2588445083196455,0.0,-0.1675789516888097,-0.3533702363966595,1.2229300532040293,0.4062096234196654,-0.11820953811993619,-1.509968854355793,0.1731807292700812,-0.06273603581263132,0.6786431382677964,-0.8280958917736311,0.0,,,
cardiorespiratory,f1o02,A,-0.042282387798522954,-0.0014273224645737802,-0.8690026577008777,-0.9660983059074718,0.2258457739508711,-0.36453218066676607,-1.043863422672769,0.27488299408990335,1.0040947108222136,0.023770230738956507,0.0278284597042854,0.16063716217825189,0.49773820195989316,0.0018563104600506516,0.0,-0.1675789516888097,-0.3533702363966595,-0.5632384763052639,-0.8272204072068488,0.8507211022074092,-1.509968854355793,0.7453637554928172,0.4008307312757749,-1.2922469051043135,0.7542529460103772,0.0,,,
cardiorespiratory,f1o02,B,0.9671114853757015,-0.8711752048914102,-0.8690026577008777,-0.9660983059074718,1.1476652594646135,-1.0937167058140316,-1.043863422672769,-0.5530778314820943,-1.1168409577097287,-0.688057866061027,-0.22680351654404982,-0.11359958053678283,-0.6083466912843138,-1.12379447355305,0.0,-0.1675789516888097,-0.3533702363966595,-0.5632384763052639,-0.8272204072068488,-0.11820953811993619,-1.509968854355793,0.1731807292700812,-0.06273603581263132,0.6786431382677964,-0.03692147288162684,0.0,,,
cardiorespiratory,f1o03,A,-0.715211636581344,-0.2643856079718948,-0.8690026577008777,-0.9660983059074718,-0.3887005497249616,-0.5849927490974396,-1.043863422672769,1.1028438196619015,1.1206296376646276,-0.02245237294935397,0.31510556111266297,0.20922886353747633,0.49773820195989316,1.4036101169669302,0.0,-0.1675789516888097,-0.3533702363966595,-0.5632384763052639,-0.8272204072068488,-0.11820953811993619,0.798852023864074,0.1731807292700812,-0.06273603581263132,-0.30680188341825837,-0.8280958917736311,0.0,,,
cardiorespiratory,f1o03,B,-1.0516762609727472,0.34126214886191036,-0.3641599053572222,-0.27682823362134923,-0.8496102924818328,0.43560374807403446,0.033024564953884096,1.1028438196619015,0.4214200766101414,0.5322188713103735,-0.2594486417040928,-0.14188536563885346,0.49773820195989316,0.46910757929567676,0.0,-0.1675789516888097,2.5431071111169428,1.2229300532040293,-0.8272204072068488,-1.0871401784472814,-0.7403618949491708,1.889729807938289,-0.06273603581263132,-0.7995243942612861,-0.8280958917736311,0.0,,,
cardiorespiratory,f1o04,A,0.2941822365928804,-1.1852955060155692,-0.8690026577008777,-0.9660983059074718,0.5331189357887809,-1.3570707963985567,-1.043863422672769,0.27488299408990335,-1.4431387528684894,-1.2704626725337411,-0.6381320935605905,-0.6627143054276061,-0.6083466912843138,-0.23176932395776295,0.0,-0.1675789516888097,-0.3533702363966595,-0.5632384763052639,-0.8272204072068488,-0.11820953811993619,-1.509968854355793,0.7453637554928172,-0.06273603581263132,1.1713656491108242,-1.6192703106656354,0.0,,,
cardiorespiratory,f1o04,B,-1.89283782195127,2.2367566995288803,-0.3641599053572222,-0.27682823362134923,-1.6177931970766137,1.894016386896337,0.033024564953884096,-0.5530778314820943,1.8198391987191143,2.8063709727752575,-0.7478197140983348,-0.6996710730156261,1.6038230952040997,1.2400721728744613,0.0,-0.1675789516888097,2.5431071111169428,3.0090985827133223,-0.8272204072068488,-1.0871401784472814,1.568458983270696,0.1731807292700812,-1.4534363370778514,-0.30680188341825837,-0.03692147288162684,0.0,,,
cardiorespiratory,f1o05,A,-0.715211636581344,0.8352432150266733,-0.8690026577008777,-0.9660983059074718,-0.3887005497249616,0.3369207586412905,-1.043863422672769,1.1028438196619015,0.4214200766101414,-0.02245237294935397,-0.5467257431124704,-0.32214490293920167,0.49773820195989316,0.936358848131304,0.0,-0.1675789516888097,-0.3533702363966595,-0.5632384763052639,0.4062096234196654,-0.11820953811993619,0.798852023864074,-1.543368349398126,1.3279642654525885,-1.784969415947341,0.7542529460103772,0.0,,,
cardiorespiratory,f1o05,B,1.3035761097671048,-1.6575637626933417,-0.8690026577008777,-0.9660983059074718,1.4549384213025234,-1.75301393284727,-1.043863422672769,1.1028438196619015,-0.9769990454988318,-1.409130483598673,0.0278284597042854,-0.1371829429266706,0.49773820195989316,0.0018563104600506516,0.0,-0.1675789516888097,-0.3533702363966595,-0.5632384763052639,-0.8272204072068488,-1.0871401784472814,-0.7403618949491708,-0.9711853231753902,1.3279642654525885,0.1859206274247687,-0.03692147288162684,0.0,,,
cardiorespiratory,f1o06,A,-0.5469793243856351,1.7304690602742496,-0.8690026577008777,-0.9660983059074718,-0.23506396880600014,1.0874656533813198,-1.043863422672769,0.27488299408990335,0.1883502229253123,2.2886778114661785,-0.8986401923377334,-0.8593183240942386,1.6038230952040997,-0.23176932395776295,0.0,-0.1675789516888097,-0.3533702363966595,1.2229300532040293,0.4062096234196654,-1.0871401784472814,0.029245064457451505,-0.39900229695265443,-0.5263028029010381,-0.30680188341825837,0.7542529460103772,0.0,,,
cardiorespiratory,f1o06,B,1.3035761097671048,-0.40082116957167646,-0.8690026577008777,-0.9660983059074718,1.4549384213025234,-0.6993784259222476,-1.043863422672769,0.27488299408990335,-1.4431387528684894,-0.9469044467155665,-0.7752416192327715,-0.6312935718507475,-0.6083466912843138,-0.6777818987554067,0.0,-0.1675789516888097,-0.3533702363966595,-0.5632384763052639,0.4062096234196654,-1.0871401784472814,-1.509968854355793,-0.9711853231753902,0.8643974983641817,0.1859206274247687,0.7542529460103772,0.0,,,
cardiorespiratory,f1o07,A,-0.042282387798522954,0.1255483170752688,-0.8690026577008777,-0.9660983059074718,0.2258457739508711,-0.2580775708955039,-1.043863422672769,0.27488299408990335,-1.4431387528684894,-0.9469044467155665,-0.1158100909999037,-0.15599263377540298,0.49773820195989316,-0.9326462272112032,0.0,-0.1675789516888097,-0.3533702363966595,-0.5632384763052639,0.4062096234196654,-1.0871401784472814,-0.7403618949491708,0.7453637554928172,0.4008307312757749,-1.2922469051043135,0.7542529460103772,0.0,,,
cardiorespiratory,f1o07,B,-1.5563731975598596,2.5667092390752617,-0.3641599053572222,-0.27682823362134923,-1.310520035238704,2.2316842590512422,0.033024564953884096,0.27488299408990335,1.8198391987191143,2.2886778114661785,1.3205754160419854,1.4773155215894898,0.49773820195989316,1.8708613858025573,0.0,5.963358305218862,2.5431071111169428,-0.5632384763052639,-0.8272204072068488,1.8196517425347545,0.029245064457451505,-0.9711853231753902,-0.5263028029010381,-0.7995243942612861,0.7542529460103772,0.0,,,
cardiorespiratory,f1o08,A,-0.5469793243856351,0.3185241300637945,-0.8690026577008777,-0.9660983059074718,-0.23506396880600014,-0.09628933386489222,-1.043863422672769,0.27488299408990335,-0.6273942649715883,0.34732845655713157,2.469683821675497,2.433474806400032,0.49773820195989316,-0.46539495837557654,0.0,-0.1675789516888097,-0.3533702363966595,1.2229300532040293,-0.8272204072068488,-0.11820953811993619,-1.509968854355793,0.1731807292700812,-0.06273603581263132,1.664088159953851,-2.410444729557639,0.0,,,
cardiorespiratory,f1o08,B,0.9671114853757015,-0.8711752048914102,-0.8690026577008777,-0.9660983059074718,1.1476652594646135,-1.0937167058140316,-1.043863422672769,0.27488299408990335,-1.4431387528684894,-1.5940208983519157,-0.45929358181426866,-0.21514774847358847,-1.7144315845285205,-0.4450796858175054,0.0,-0.1675789516888097,-0.3533702363966595,-0.5632384763052639,-0.8272204072068488,-0.11820953811993619,-1.509968854355793,-0.39900229695265443,1.3279642654525885,-0.7995243942612861,0.7542529460103772,0.0,,,
cardiorespiratory,f1o09,A,1.976505358549926,-1.843875285016358,-0.8690026577008777,-0.9660983059074718,2.069484744978356,-1.9092149212940583,-1.043863422672769,1.1028438196619015,-2.3754181676078048,-1.9638017278584008,-0.7215900657088744,-0.5314367891582443,-1.7144315845285205,-0.8717004095369909,0.0,-0.1675789516888097,-0.3533702363966595,-0.5632384763052639,-0.8272204072068488,-1.0871401784472814,-1.509968854355793,-0.39900229695265443,0.4008307312757749,0.6786431382677964,0.7542529460103772,0.0,,,
cardiorespiratory,f1o09,B,0.46241454878858923,-0.2559733943873488,-0.8690026577008777,-0.9660983059074718,0.6867555167077424,-0.5779400662544888,-1.043863422672769,-0.5530778314820943,-0.13794757223344795,-0.688057866061027,0.8700726888333928,0.8245337505437241,-0.6083466912843138,-1.5698070483506938,0.0,-0.1675789516888097,-0.3533702363966595,-0.5632384763052639,-0.8272204072068488,-1.0871401784472814,0.798852023864074,0.7453637554928172,-1.4534363370778514,0.1859206274247687,0.7542529460103772,0.0,,,
cardiorespiratory,f1o10,A,0.9671114853757015,0.5786216527620934,-0.8690026577008777,-0.9660983059074718,1.1476652594646135,0.12177281082413895,-1.043863422672769,-0.5530778314820943,0.8409458132428335,0.08848187590259203,0.047415534800310674,0.17367569788021428,-0.6083466912843138,-0.23176932395776295,0.0,-0.1675789516888097,-0.3533702363966595,-0.5632384763052639,-0.8272204072068488,0.8507211022074092,-0.7403618949491708,0.1731807292700812,-2.380569871254665,1.1713656491108242,1.5454273649023818,0.0,,,
cardiorespiratory,f1o10,B,1.3035761097671048,-0.9864794826093514,-0.8690026577008777,-0.9660983059074718,1.4549384213025234,-1.1903862081997165,-1.043863422672769,-0.5530778314820943,-0.13794757223344795,-0.688057866061027,-0.6381320935605905,-0.511595539176998,-0.6083466912843138,-1.5698070483506938,0.0,-0.1675789516888097,-0.3533702363966595,-0.5632384763052639,-0.8272204072068488,-0.11820953811993619,-1.509968854355793,-0.9711853231753902,1.3279642654525885,-0.30680188341825837,0.7542529460103772,0.0,,,
neural_theta_spike,M01:M01_20240318:236,A,-0.5469793243856351,0.8978224924915567,-0.3641599053572222,-0.27682823362134923,-0.3887005497249616,0.6996763979185875,0.033024564953884096,1.1028438196619015,0.4214200766101414,1.0868901155701018,2.469683821675497,1.7970802660179335,0.49773820195989316,0.46910757929567676,0.0,-0.1675789516888097,-0.3533702363966595,1.2229300532040293,0.4062096234196654,-0.11820953811993619,-0.7403618949491708,0.1731807292700812,-0.5263028029010381,0.6786431382677964,-0.8280958917736311,0.0,,M01,
neural_theta_spike,M01:M01_20240318:236,B,-0.37874701218993345,0.009263181417000825,0.1406828469864306,-0.012749466240508704,-0.3887005497249616,0.04805265821782996,1.1099125525805371,-0.5530778314820943,0.8409458132428335,0.08848187590259203,-1.0494606705771319,-0.5400238219370137,1.6038230952040997,-0.23176932395776295,0.0,-0.1675789516888097,-0.3533702363966595,-0.5632384763052639,-0.8272204072068488,0.8507211022074092,0.798852023864074,0.7453637554928172,0.8643974983641817,-2.7704144376333963,1.5454273649023818,0.0,,M01,
neural_theta_spike,M01:M01_20240318:60,A,0.6306468609842909,0.6461607952248121,-0.8690026577008777,-0.9660983059074718,0.8403920976266972,0.17839668829552072,-1.043863422672769,-0.5530778314820943,0.8409458132428335,1.2532914888480196,-0.9776413952250377,-0.8190342361932048,0.49773820195989316,-0.46539495837557654,0.0,-0.1675789516888097,-0.3533702363966595,-0.5632384763052639,0.4062096234196654,-0.11820953811993619,-1.509968854355793,0.7453637554928172,-1.9170031041662579,1.1713656491108242,0.7542529460103772,0.0,,M01,
neural_theta_spike,M01:M01_20240318:60,B,-0.042282387798522954,0.3714454988537654,-0.8690026577008777,-0.9660983059074718,0.2258457739508711,-0.051920794485890716,-1.043863422672769,0.27488299408990335,1.0040947108222136,1.6415613598298293,-1.5019221052953269,-0.8461515405001269,1.6038230952040997,-0.7223831562351708,0.0,-0.1675789516888097,-0.3533702363966595,-0.5632384763052639,0.4062096234196654,-1.0871401784472814,0.029245064457451505,0.1731807292700812,-0.06273603581263132,-0.7995243942612861,0.7542529460103772,0.0,,M01,
neural_theta_spike,M01:M01_20240318:83,A,0.12594992439717873,-0.6274529118870518,-0.8690026577008777,-0.9660983059074718,0.379482354869826,-0.8893833258967364,-1.043863422672769,0.27488299408990335,-0.6273942649715883,-0.2997879950792177,-1.4085570473376043,-1.0525878975649599,0.49773820195989316,-0.46539495837557654,0.0,-0.1675789516888097,-0.3533702363966595,-0.5632384763052639,-0.8272204072068488,0.8507211022074092,-1.509968854355793,-0.39900229695265443,0.4008307312757749,1.1713656491108242,-1.6192703106656354,0.0,,M01,
neural_theta_spike,M01:M01_20240318:83,B,0.46241454878858923,0.9529491154273227,-0.3641599053572222,-0.27682823362134923,0.5331189357887809,0.4985278707949512,0.033024564953884096,-1.3810386570540925,-1.8510109968169397,-1.7558000112610028,-1.0494606705771319,-1.1011083500952117,-0.6083466912843138,-2.0158196231483374,0.0,-0.1675789516888097,-0.3533702363966595,1.2229300532040293,-0.8272204072068488,-0.11820953811993619,-1.509968854355793,-0.39900229695265443,1.3279642654525885,-1.2922469051043135,1.5454273649023818,0.0,,M01,
neural_theta_spike,M01:M01_20240318:58,A,0.46241454878858923,-0.6758460169638763,-0.8690026577008777,-0.9660983059074718,0.6867555167077424,-0.9299554319734814,-1.043863422672769,1.1028438196619015,-1.6762086065533182,-1.409130483598673,-0.9123511449049517,-1.0532291370257123,-0.6083466912843138,0.2142432508398803,0.0,-0.1675789516888097,-0.3533702363966595,-0.5632384763052639,-0.8272204072068488,-0.11820953811993619,-0.7403618949491708,-0.39900229695265443,0.8643974983641817,-0.30680188341825837,-0.03692147288162684,0.0,,M01,
neural_theta_spike,M01:M01_20240318:58,B,-1.7246055097555684,1.8461648783105824,-0.8690026577008777,-0.9660983059074718,-1.310520035238704,1.1844634177230393,-1.043863422672769,-0.5530778314820943,1.8198391987191143,2.8063709727752575,0.6023826625210406,0.8393535069699972,0.49773820195989316,0.936358848131304,0.0,-0.1675789516888097,-0.3533702363966595,-0.5632384763052639,0.4062096234196654,1.8196517425347545,0.798852023864074,-0.39900229695265443,-1.4534363370778514,-0.7995243942612861,0.7542529460103772,0.0,,M01,
neural_theta_spike,M01:M01_20240318:163,A,-0.042282387798522954,0.1255483170752688,-0.3641599053572222,-0.27682823362134923,0.07220919303190965,0.20047576742711534,0.033024564953884096,0.27488299408990335,0.1883502229253123,0.34732845655713157,-1.6958341487459818,-1.6137436745521303,0.49773820195989316,0.46910757929567676,0.0,-0.1675789516888097,-0.3533702363966595,1.2229300532040293,0.4062096234196654,-0.11820953811993619,-1.509968854355793,-0.39900229695265443,1.3279642654525885,-0.7995243942612861,-0.03692147288162684,0.0,,M01,
neural_theta_spike,M01:M01_20240318:163,B,-0.5469793243856351,-0.6034310708226475,-0.8690026577008777,-0.9660983059074718,-0.23506396880600014,-0.869243748527677,-1.043863422672769,0.27488299408990335,-1.4431387528684894,-0.6233462208973923,0.5898923537641556,0.6750413162587918,-1.7144315845285205,-0.018458962098020476,0.0,-0.1675789516888097,-0.3533702363966595,-0.5632384763052639,-0.8272204072068488,-0.11820953811993619,0.798852023864074,-0.9711853231753902,0.8643974983641817,0.1859206274247687,-1.6192703106656354,0.0,,M01,
neural_theta_spike,M02:M02_20240312:61,A,1.1353437975714031,-0.27843534912423273,-0.8690026577008777,-0.9660983059074718,1.3013018403835686,-0.5967718566268808,-1.043863422672769,-0.5530778314820943,0.8409458132428335,-0.688057866061027,-0.45929358181426866,-0.32677917459758493,-1.7144315845285205,-0.8717004095369909,0.0,-0.1675789516888097,-0.3533702363966595,-0.5632384763052639,-0.8272204072068488,-1.0871401784472814,1.568458983270696,-1.543368349398126,-0.9898695699894446,1.1713656491108242,0.7542529460103772,0.0,,M02,
neural_theta_spike,M02:M02_20240312:61,B,0.2941822365928804,0.34126214886191036,-0.8690026577008777,-0.9660983059074718,0.5331189357887809,-0.07722609522402266,-1.043863422672769,-0.5530778314820943,-0.13794757223344795,0.4767517468844009,0.32163458614467183,-0.21683913371789185,-0.6083466912843138,0.6602558256375246,0.0,-0.1675789516888097,-0.3533702363966595,-0.5632384763052639,0.4062096234196654,-0.11820953811993619,-0.7403618949491708,-0.9711853231753902,-0.5263028029010381,1.664088159953851,-0.8280958917736311,0.0,,M02,
neural_theta_spike,M02:M02_20240312:33,A,-2.9022316951254945,2.050810674402206,0.1406828469864306,-0.012749466240508704,-2.6932492635093177,2.0781573126195982,1.1099125525805371,1.1028438196619015,0.4214200766101414,1.6415613598298293,1.6927298428664757,1.9407179052264325,-0.6083466912843138,1.552280975232811,0.0,5.963358305218862,2.5431071111169428,1.2229300532040293,0.4062096234196654,-0.11820953811993619,0.798852023864074,0.7453637554928172,-0.5263028029010381,-1.2922469051043135,-0.8280958917736311,0.0,,M02,
neural_theta_spike,M02:M02_20240312:33,B,1.3035761097671048,-2.039842548696431,-0.8690026577008777,-0.9660983059074718,1.4549384213025234,-2.0735111489689597,-1.043863422672769,0.27488299408990335,-2.2588832407653903,-1.91757912417009,0.5898923537641556,0.76663633256566,-1.7144315845285205,-0.8717004095369909,0.0,-0.1675789516888097,-0.3533702363966595,-0.5632384763052639,-0.8272204072068488,-1.0871401784472814,-1.509968854355793,0.1731807292700812,0.4008307312757749,1.1713656491108242,-0.8280958917736311,0.0,,M02,
neural_theta_spike,M02:M02_20240312:187,A,1.6400407341585153,-1.4651209436332273,-0.8690026577008777,-0.9660983059074718,1.7622115831404397,-1.5916725505115046,-1.043863422672769,-0.5530778314820943,-1.1168409577097287,-1.4645976080246461,-0.6381320935605905,-0.7285482233981679,-0.6083466912843138,-1.5698070483506938,0.0,-0.1675789516888097,-0.3533702363966595,-0.5632384763052639,-0.8272204072068488,-1.0871401784472814,-1.509968854355793,0.7453637554928172,-0.5263028029010381,0.6786431382677964,0.7542529460103772,0.0,,M02,
neural_theta_spike,M02:M02_20240312:187,B,-0.042282387798522954,-1.3089738552158803,0.6455255993300861,0.5481147744540757,-0.23506396880600014,-0.41186883210787134,1.1099125525805371,1.1028438196619015,-1.6762086065533182,-1.1317948614688094,-0.40308719240828195,-0.5024044402395499,0.49773820195989316,0.0018563104600506516,0.0,-0.1675789516888097,-0.3533702363966595,1.2229300532040293,0.4062096234196654,-0.11820953811993619,-1.509968854355793,1.3175467817155528,0.8643974983641817,0.1859206274247687,-1.6192703106656354,0.0,,M02,
neural_theta_spike,M02:M02_20240312:146,A,-0.8834439487770457,0.418927789189372,0.1406828469864306,0.41244183866477335,-0.8496102924818328,0.87810336044833,0.033024564953884096,0.27488299408990335,0.1883502229253123,0.6708866823753058,-0.40308719240828195,-0.6497470185546171,0.49773820195989316,0.46910757929567676,0.0,-0.1675789516888097,2.5431071111169428,1.2229300532040293,0.4062096234196654,-0.11820953811993619,0.029245064457451505,-0.39900229695265443,0.4008307312757749,-0.30680188341825837,-0.8280958917736311,0.0,,M02,
neural_theta_spike,M02:M02_20240312:146,B,-0.37874701218993345,0.009263181417000825,-0.3641599053572222,-0.27682823362134923,-0.23506396880600014,0.10344100234852764,0.033024564953884096,1.1028438196619015,-0.9769990454988318,-0.5771236172090815,-1.0494606705771319,-1.3942189076050544,1.6038230952040997,0.2588445083196455,0.0,-0.1675789516888097,-0.3533702363966595,1.2229300532040293,0.4062096234196654,-0.11820953811993619,-1.509968854355793,0.1731807292700812,0.8643974983641817,-0.30680188341825837,-0.8280958917736311,0.0,,M02,
neural_theta_spike,M02:M02_20240312:118,A,-0.37874701218993345,-0.6728076072775983,-0.8690026577008777,-0.9660983059074718,-0.08142738788704525,-0.9274080715612784,-1.043863422672769,1.9308046452338987,0.5962224668737629,-0.5424566644428486,0.17146701040847384,0.014862058100579532,0.49773820195989316,0.936358848131304,0.0,-0.1675789516888097,-0.3533702363966595,-0.5632384763052639,-0.8272204072068488,-1.0871401784472814,0.798852023864074,0.7453637554928172,0.4008307312757749,-1.2922469051043135,-0.03692147288162684,0.0,,M02,
neural_theta_spike,M02:M02_20240312:118,B,-0.2105146999942318,-0.8997377677097536,-0.3641599053572222,-0.27682823362134923,-0.08142738788704525,-0.9274080715612784,0.033024564953884096,0.27488299408990335,-1.4431387528684894,-1.5940208983519157,0.8521888376587613,1.0127979388903698,-1.7144315845285205,-0.4450796858175054,0.0,-0.1675789516888097,-0.3533702363966595,-0.5632384763052639,-0.8272204072068488,-0.11820953811993619,0.798852023864074,-0.9711853231753902,1.3279642654525885,0.1859206274247687,-1.6192703106656354,0.0,,M02,
neural_theta_spike,M03:M03_20240621:273,A,0.46241454878858923,-0.9767616629907088,-0.8690026577008777,-0.9660983059074718,0.6867555167077424,-1.1822389234206898,-1.043863422672769,0.27488299408990335,-0.6273942649715883,-0.6233462208973923,-0.8340028445208486,-1.1356640321468596,0.49773820195989316,0.46910757929567676,0.0,-0.1675789516888097,-0.3533702363966595,-0.5632384763052639,-0.8272204072068488,-0.11820953811993619,-1.509968854355793,0.1731807292700812,1.3279642654525885,-0.7995243942612861,-0.03692147288162684,0.0,,M03,
neural_theta_spike,M03:M03_20240621:273,B,1.3035761097671048,-0.9864794826093514,-0.8690026577008777,-0.9660983059074718,1.4549384213025234,-1.1903862081997165,-1.043863422672769,-1.3810386570540925,0.5962224668737629,-0.2997879950792177,-1.0494606705771319,-1.6562079766197222,-0.6083466912843138,-1.5698070483506938,0.0,-0.1675789516888097,-0.3533702363966595,-0.5632384763052639,-0.8272204072068488,-1.0871401784472814,0.029245064457451505,-0.9711853231753902,0.4008307312757749,0.1859206274247687,0.7542529460103772,0.0,,M03,
neural_theta_spike,M03:M03_20240621:29,A,1.6400407341585153,-0.9735268966064867,-0.8690026577008777,-0.9660983059074718,1.7622115831404397,-1.1795269402845427,-1.043863422672769,-0.5530778314820943,-0.13794757223344795,-0.688057866061027,-0.9776413952250377,-1.0588577945145372,0.49773820195989316,-1.8671487648824565,0.0,-0.1675789516888097,-0.3533702363966595,-0.5632384763052639,-0.8272204072068488,-1.0871401784472814,-0.7403618949491708,0.1731807292700812,-0.5263028029010381,0.1859206274247687,1.5454273649023818,0.0,,M03,
neural_theta_spike,M03:M03_20240621:29,B,0.46241454878858923,-0.8239481397226172,-0.8690026577008777,-0.9660983059074718,0.6867555167077424,-1.0541221913748404,-1.043863422672769,1.9308046452338987,-1.239202630894264,-1.513131341897372,-1.1865701962493123,-1.1250479566299612,-0.6083466912843138,-0.23176932395776295,0.0,-0.1675789516888097,-0.3533702363966595,-0.5632384763052639,-0.8272204072068488,-0.11820953811993619,-0.7403618949491708,-0.9711853231753902,1.7915310325409948,-0.7995243942612861,-0.03692147288162684,0.0,,M03,
neural_theta_spike,M03:M03_20240621:335,A,0.9671114853757015,-1.3509942897157023,-0.8690026577008777,-0.9660983059074718,1.1476652594646135,-1.4959903515376,-1.043863422672769,0.27488299408990335,-1.4431387528684894,-1.5940208983519157,-0.36391304221623005,-0.24825986729475044,-0.6083466912843138,-1.12379447355305,0.0,-0.1675789516888097,-0.3533702363966595,-0.5632384763052639,-0.8272204072068488,-1.0871401784472814,-1.509968854355793,1.3175467817155528,0.4008307312757749,-0.7995243942612861,0.7542529460103772,0.0,,M03,
neural_theta_spike,M03:M03_20240621:335,B,-1.388140885364158,1.19771703951685,0.1406828469864306,0.41244183866477335,-1.310520035238704,1.2649963510224733,0.033024564953884096,-0.5530778314820943,-0.13794757223344795,0.4767517468844009,2.2948194990790935,1.8013737824073177,-1.7144315845285205,0.40816176162146445,0.0,-0.1675789516888097,-0.3533702363966595,3.0090985827133223,0.4062096234196654,0.8507211022074092,-0.7403618949491708,0.1731807292700812,-0.06273603581263132,-0.30680188341825837,-0.8280958917736311,0.0,,M03,
neural_theta_spike,M03:M03_20240621:267,A,1.3035761097671048,-0.6849724475468161,1.1503683516737415,1.184946779738178,0.8403920976266972,-0.3287824725896164,1.1099125525805371,-0.5530778314820943,-1.1168409577097287,-0.688057866061027,-0.36391304221623005,-0.03729208470726808,-0.6083466912843138,-1.12379447355305,0.0,-0.1675789516888097,-0.3533702363966595,-0.5632384763052639,-0.8272204072068488,0.8507211022074092,-0.7403618949491708,0.7453637554928172,-0.06273603581263132,0.6786431382677964,0.7542529460103772,0.0,,M03,
neural_theta_spike,M03:M03_20240621:267,B,0.12594992439717873,-0.9252722850109841,-0.8690026577008777,-0.9660983059074718,0.379482354869826,-1.139070945215889,-1.043863422672769,-0.5530778314820943,0.8409458132428335,0.08848187590259203,1.5556203171942953,1.2090636805081418,-0.6083466912843138,-0.23176932395776295,0.0,-0.1675789516888097,-0.3533702363966595,-0.5632384763052639,-0.8272204072068488,-1.0871401784472814,0.798852023864074,-0.39900229695265443,0.4008307312757749,0.1859206274247687,-0.8280958917736311,0.0,,M03,
neural_theta_spike,M03:M03_20240621:334,A,-0.5469793243856351,0.4388091914688967,-0.8690026577008777,-0.9660983059074718,-0.23506396880600014,0.004555988274040761,-1.043863422672769,0.27488299408990335,-1.4431387528684894,-0.9469044467155665,1.6390782893425786,1.3448298730027697,-1.7144315845285205,0.40816176162146445,0.0,-0.1675789516888097,-0.3533702363966595,1.2229300532040293,-0.8272204072068488,-1.0871401784472814,-0.7403618949491708,0.7453637554928172,0.8643974983641817,-1.2922469051043135,-0.03692147288162684,0.0,,M03,
neural_theta_spike,M03:M03_20240621:334,B,0.12594992439717873,0.537254897263549,-0.3641599053572222,-0.27682823362134923,0.2258457739508711,0.14611526163227126,0.033024564953884096,0.27488299408990335,0.1883502229253123,0.34732845655713157,-1.6958341487459818,-1.0008612477309469,0.49773820195989316,-0.46539495837557654,0.0,-0.1675789516888097,-0.3533702363966595,-0.5632384763052639,0.4062096234196654,-0.11820953811993619,-1.509968854355793,0.7453637554928172,0.8643974983641817,-1.784969415947341,1.5454273649023818,0.0,,M03,
neural_theta_spike,M05:M05_20240729:210,A,0.7988791731799926,-0.461644163086672,-0.8690026577008777,-0.9660983059074718,0.9940286785456521,-0.7503715775474235,-1.043863422672769,-1.3810386570540925,0.5962224668737629,-0.2997879950792177,-0.9838865496034801,-0.7146268217719826,-1.7144315845285205,-1.7249418569759614,0.0,-0.1675789516888097,-0.3533702363966595,-0.5632384763052639,-0.8272204072068488,0.8507211022074092,-0.7403618949491708,-2.1155513756208615,-0.06273603581263132,2.6495331816399057,-1.6192703106656354,0.0,,M05,
neural_theta_spike,M05:M05_20240729:210,B,0.46241454878858923,0.3789676468368189,-0.8690026577008777,-0.9660983059074718,0.6867555167077424,-0.04561433026110233,-1.043863422672769,-1.3810386570540925,1.8198391987191143,1.1562240211025676,-1.5521955980417934,-1.1309616094346764,0.49773820195989316,-0.9326462272112032,0.0,-0.1675789516888097,-0.3533702363966595,-0.5632384763052639,-0.8272204072068488,-0.11820953811993619,1.568458983270696,-1.543368349398126,-0.9898695699894446,0.6786431382677964,0.7542529460103772,0.0,,M05,
neural_theta_spike,M05:M05_20240729:43,A,-0.715211636581344,0.24978250648295588,-0.8690026577008777,-0.9660983059074718,-0.3887005497249616,-0.15392135477741503,-1.043863422672769,1.1028438196619015,-0.2777894844443453,-0.02245237294935397,2.9505607088156087,2.8847710846619994,-1.7144315845285205,1.6880239327799205,0.0,-0.1675789516888097,-0.3533702363966595,-0.5632384763052639,0.4062096234196654,-0.11820953811993619,-0.7403618949491708,0.1731807292700812,0.4008307312757749,-0.30680188341825837,-0.8280958917736311,0.0,,M05,
neural_theta_spike,M05:M05_20240729:43,B,0.12594992439717873,-0.2113288129695774,-0.8690026577008777,-0.9660983059074718,0.379482354869826,-0.5405106702659858,-1.043863422672769,0.27488299408990335,0.1883502229253123,0.6708866823753058,0.8896597639294187,0.7264953618776058,0.49773820195989316,0.0018563104600506516,0.0,-0.1675789516888097,-0.3533702363966595,-0.5632384763052639,-0.8272204072068488,0.8507211022074092,-1.509968854355793,0.1731807292700812,0.4008307312757749,-0.30680188341825837,-0.03692147288162684,0.0,,M05,
neural_theta_spike,M05:M05_20240729:41,A,-0.2105146999942318,1.2219326839446119,-0.3641599053572222,-0.27682823362134923,-0.08142738788704525,1.1301949537534672,0.033024564953884096,0.27488299408990335,1.0040947108222136,0.34732845655713157,-0.7752416192327715,-0.7465029282992308,-0.6083466912843138,-0.23176932395776295,0.0,-0.1675789516888097,2.5431071111169428,1.2229300532040293,-0.8272204072068488,-1.0871401784472814,0.798852023864074,0.1731807292700812,-1.4534363370778514,0.1859206274247687,0.7542529460103772,0.0,,M05,
neural_theta_spike,M05:M05_20240729:41,B,1.6400407341585153,-0.5290919061836737,-0.8690026577008777,-0.9660983059074718,1.7622115831404397,-0.8069188270620886,-1.043863422672769,-0.5530778314820943,-0.13794757223344795,0.08848187590259203,-0.7478197140983348,-0.8724851076883511,1.6038230952040997,-1.2129969885125789,0.0,-0.1675789516888097,-0.3533702363966595,-0.5632384763052639,-0.8272204072068488,-0.11820953811993619,-0.7403618949491708,-0.9711853231753902,-0.9898695699894446,1.664088159953851,0.7542529460103772,0.0,,M05,
neural_theta_spike,M05:M05_20240729:109,A,-1.388140885364158,0.041213781158955416,-0.8690026577008777,-0.9660983059074718,-1.0032468734007878,-0.3287824725896164,-1.043863422672769,-0.5530778314820943,-0.13794757223344795,0.8650216178662107,2.117769372450234,1.8316430729524789,1.6038230952040997,-1.2129969885125789,0.0,-0.1675789516888097,-0.3533702363966595,-0.5632384763052639,0.4062096234196654,-1.0871401784472814,0.798852023864074,0.1731807292700812,1.7915310325409948,-2.7704144376333963,-0.03692147288162684,0.0,,M05,
neural_theta_spike,M05:M05_20240729:109,B,-0.5469793243856351,1.6316114112048086,-0.3641599053572222,-0.27682823362134923,-0.3887005497249616,1.5199488402311656,0.033024564953884096,-0.5530778314820943,-0.13794757223344795,1.2532914888480196,1.1442917401777533,1.0534562380322685,-0.6083466912843138,-0.23176932395776295,0.0,5.963358305218862,2.5431071111169428,-0.5632384763052639,-0.8272204072068488,-0.11820953811993619,-0.7403618949491708,0.7453637554928172,-1.9170031041662579,1.664088159953851,-0.8280958917736311,0.0,,M05,
neural_theta_spike,M05:M05_20240729:118,A,-2.0610701341469717,2.778891602820429,-0.3641599053572222,-0.27682823362134923,-1.7714297779955752,2.3905558193958756,0.033024564953884096,0.27488299408990335,0.1883502229253123,0.99444490819348,1.007182214505573,1.1103128035522989,-0.6083466912843138,0.6602558256375246,0.0,5.963358305218862,2.5431071111169428,-0.5632384763052639,0.4062096234196654,-0.11820953811993619,1.568458983270696,-0.9711853231753902,-0.06273603581263132,-2.2776919267903684,1.5454273649023818,0.0,,M05,
neural_theta_spike,M05:M05_20240729:118,B,1.3035761097671048,-0.6849724475468161,-0.8690026577008777,-0.9660983059074718,1.4549384213025234,-0.9376069044120708,-1.043863422672769,0.27488299408990335,-0.6273942649715883,-0.9469044467155665,-0.40308719240828195,-0.4616501100672972,0.49773820195989316,-0.9326462272112032,0.0,-0.1675789516888097,-0.3533702363966595,-0.5632384763052639,-0.8272204072068488,-0.11820953811993619,-0.7403618949491708,-0.9711853231753902,-0.5263028029010381,1.664088159953851,-0.03692147288162684,0.0,,M05,
ultrasound,0,A,-0.2105146999942318,0.8978224924915567,-0.8690026577008777,-0.9660983059074718,0.07220919303190965,0.389386354297545,-1.043863422672769,-0.5530778314820943,0.8409458132428335,0.08848187590259203,1.3767818054479728,0.5033006606834125,-1.7144315845285205,0.40816176162146445,0.0,-0.1675789516888097,-0.3533702363966595,-0.5632384763052639,0.4062096234196654,-0.11820953811993619,-0.7403618949491708,0.7453637554928172,-0.5263028029010381,-1.2922469051043135,1.5454273649023818,0.0,,,0.0
ultrasound,0,B,-0.8834439487770457,0.418927789189372,0.1406828469864306,0.41244183866477335,-0.8496102924818328,0.5268964461805213,0.033024564953884096,1.1028438196619015,-0.2777894844443453,-0.5771236172090815,-1.9226318603841752,-1.7077096301517167,2.709907988448307,0.02644848250403046,0.0,-0.1675789516888097,-0.3533702363966595,-0.5632384763052639,0.4062096234196654,0.8507211022074092,2.3380659426773183,-0.9711853231753902,0.4008307312757749,-1.784969415947341,0.7542529460103772,0.0,,,0.0
ultrasound,1,A,1.3035761097671048,-0.40082116957167646,0.1406828469864306,-0.012749466240508704,1.1476652594646135,0.023242784346271847,1.1099125525805371,-0.5530778314820943,-0.13794757223344795,-0.2997879950792177,-0.6903642938166595,-0.279823098529555,0.49773820195989316,-0.46539495837557654,0.0,-0.1675789516888097,-0.3533702363966595,1.2229300532040293,0.4062096234196654,-1.0871401784472814,-0.7403618949491708,-0.39900229695265443,-0.5263028029010381,1.664088159953851,-0.03692147288162684,0.0,,,0.0
ultrasound,1,B,1.4718084219628136,-0.12312535786595409,1.6552111040173945,1.4687194065949214,0.8403920976266972,1.6970822900279583,1.1099125525805371,-1.3810386570540925,-1.8510109968169397,-1.2704626725337411,-0.19699709791966294,-1.0967497804272004,-1.7144315845285205,-0.8717004095369909,0.0,5.963358305218862,2.5431071111169428,1.2229300532040293,1.6396396540461797,-0.11820953811993619,-0.7403618949491708,-1.543368349398126,-0.06273603581263132,1.1713656491108242,0.7542529460103772,0.0,,,0.0
ultrasound,2,A,0.9671114853757015,-0.8711752048914102,-0.8690026577008777,-0.9660983059074718,1.1476652594646135,-1.0937167058140316,-1.043863422672769,0.27488299408990335,-1.4431387528684894,-1.2704626725337411,1.007182214505573,1.0729071683417528,-0.6083466912843138,-0.6777818987554067,0.0,-0.1675789516888097,-0.3533702363966595,-0.5632384763052639,-0.8272204072068488,-0.11820953811993619,-1.509968854355793,0.1731807292700812,-0.06273603581263132,0.6786431382677964,-0.03692147288162684,0.0,,,0.0
ultrasound,2,B,0.46241454878858923,-0.8239481397226172,-0.8690026577008777,-0.9660983059074718,0.6867555167077424,-1.0541221913748404,-1.043863422672769,1.1028438196619015,0.4214200766101414,-0.2997879950792177,-0.22680351654404982,-0.06422414205886141,-0.6083466912843138,0.2142432508398803,0.0,-0.1675789516888097,-0.3533702363966595,-0.5632384763052639,-0.8272204072068488,-1.0871401784472814,-0.7403618949491708,1.889729807938289,-0.5263028029010381,-0.7995243942612861,0.7542529460103772,0.0,,,0.0
ultrasound,3,A,-0.042282387798522954,1.773304193613444,-0.3641599053572222,-0.27682823362134923,0.07220919303190965,1.408416432996779,0.033024564953884096,-1.3810386570540925,0.5962224668737629,1.1562240211025676,-0.06584885597236008,-0.8505881741024905,-1.7144315845285205,-1.298321133256476,0.0,-0.1675789516888097,-0.3533702363966595,-0.5632384763052639,2.873069684672694,0.8507211022074092,-1.509968854355793,-2.1155513756208615,0.8643974983641817,-0.7995243942612861,1.5454273649023818,0.0,,,1.0
ultrasound,3,B,0.6306468609842909,-1.4219607069310698,0.1406828469864306,-0.012749466240508704,0.5331189357887809,-0.9683550614969321,1.1099125525805371,1.1028438196619015,-0.2777894844443453,-0.8544592393389455,0.6023826625210406,1.3911044385328015,0.49773820195989316,0.0018563104600506516,0.0,-0.1675789516888097,-0.3533702363966595,-0.5632384763052639,-0.8272204072068488,-0.11820953811993619,0.029245064457451505,0.7453637554928172,-0.06273603581263132,0.6786431382677964,-0.8280958917736311,0.0,,,1.0
ultrasound,4,A,1.3035761097671048,-0.6849724475468161,-0.8690026577008777,-0.9660983059074718,1.4549384213025234,-0.9376069044120708,-1.043863422672769,-0.5530778314820943,1.8198391987191143,0.4767517468844009,-0.6381320935605905,-0.26022967056212565,-0.6083466912843138,-0.6777818987554067,0.0,-0.1675789516888097,-0.3533702363966595,-0.5632384763052639,-0.8272204072068488,-1.0871401784472814,0.029245064457451505,-0.39900229695265443,-0.06273603581263132,-0.30680188341825837,1.5454273649023818,0.0,,,0.0
ultrasound,4,B,0.12594992439717873,0.17504227924011895,-0.8690026577008777,-0.9660983059074718,0.379482354869826,-0.21658252155070842,-1.043863422672769,-0.5530778314820943,-2.09573434318601,-1.4645976080246461,-0.7215900657088744,-0.6716916578781374,-1.7144315845285205,-0.4450796858175054,0.0,-0.1675789516888097,-0.3533702363966595,-0.5632384763052639,-0.8272204072068488,-1.0871401784472814,1.568458983270696,0.7453637554928172,-1.4534363370778514,-0.7995243942612861,1.5454273649023818,0.0,,,0.0
ultrasound,5,A,0.2941822365928804,-1.0255558552822308,-0.3641599053572222,-0.27682823362134923,0.379482354869826,-0.8893833258967364,0.033024564953884096,-0.5530778314820943,0.8409458132428335,-0.688057866061027,-1.1212799459292262,-0.56040098702314,0.49773820195989316,0.0018563104600506516,0.0,-0.1675789516888097,-0.3533702363966595,-0.5632384763052639,-0.8272204072068488,-0.11820953811993619,0.029245064457451505,0.1731807292700812,0.8643974983641817,-0.7995243942612861,-0.03692147288162684,0.0,,,1.0
ultrasound,5,B,-0.8834439487770457,1.2043298154825746,-0.8690026577008777,-0.9660983059074718,-0.5423371306439164,0.6463578299230299,-1.043863422672769,0.27488299408990335,1.0040947108222136,0.6708866823753058,0.7329631631612126,0.6285282220404599,-0.6083466912843138,1.106268400435168,0.0,-0.1675789516888097,-0.3533702363966595,-0.5632384763052639,0.4062096234196654,0.8507211022074092,-0.7403618949491708,0.1731807292700812,0.4008307312757749,-2.2776919267903684,1.5454273649023818,0.0,,,1.0
ultrasound,6,A,0.2941822365928804,-1.1852955060155692,-0.8690026577008777,-0.9660983059074718,0.5331189357887809,-1.3570707963985567,-1.043863422672769,0.27488299408990335,-2.2588832407653903,-1.91757912417009,0.8521888376587613,0.7136829637632518,-1.7144315845285205,-0.4450796858175054,0.0,-0.1675789516888097,-0.3533702363966595,-0.5632384763052639,-0.8272204072068488,-0.11820953811993619,-1.509968854355793,0.7453637554928172,-0.06273603581263132,1.1713656491108242,-1.6192703106656354,0.0,,,0.0
ultrasound,6,B,0.46241454878858923,0.006592456319952883,1.1503683516737415,1.7909819832370184,0.07220919303190965,1.486204641830454,0.033024564953884096,1.1028438196619015,0.4214200766101414,-0.5771236172090815,-0.14453780114074138,0.4409015558243589,1.6038230952040997,0.7494583405970529,0.0,5.963358305218862,2.5431071111169428,1.2229300532040293,0.4062096234196654,0.8507211022074092,-0.7403618949491708,-0.9711853231753902,-0.06273603581263132,0.6786431382677964,-0.03692147288162684,0.0,,,0.0
ultrasound,7,A,0.6306468609842909,-1.0914307337254932,-0.8690026577008777,-0.9660983059074718,0.8403920976266972,-1.2783758771083646,-1.043863422672769,-1.3810386570540925,-0.6273942649715883,-0.7851253338064794,-0.6903642938166595,-1.1121519185859445,0.49773820195989316,-1.8671487648824565,0.0,-0.1675789516888097,-0.3533702363966595,-0.5632384763052639,-0.8272204072068488,-0.11820953811993619,-1.509968854355793,0.1731807292700812,0.4008307312757749,0.6786431382677964,-0.8280958917736311,0.0,,,0.0
ultrasound,7,B,0.9671114853757015,-0.72164786178121,-0.8690026577008777,-0.9660983059074718,1.1476652594646135,-0.9683550614969321,-1.043863422672769,1.1028438196619015,-0.2777894844443453,-1.1317948614688094,-0.9776413952250377,-0.6654217609285598,0.49773820195989316,-0.9326462272112032,0.0,-0.1675789516888097,-0.3533702363966595,-0.5632384763052639,-0.8272204072068488,-1.0871401784472814,-0.7403618949491708,1.889729807938289,-1.9170031041662579,0.6786431382677964,0.7542529460103772,0.0,,,0.0
ultrasound,8,A,0.46241454878858923,-0.9767616629907088,-0.8690026577008777,-0.9660983059074718,0.6867555167077424,-1.1822389234206898,-1.043863422672769,-0.5530778314820943,-0.13794757223344795,-0.2997879950792177,-0.8340028445208486,-0.7453629470356712,0.49773820195989316,-1.3998974960468298,0.0,-0.1675789516888097,-0.3533702363966595,-0.5632384763052639,-0.8272204072068488,-1.0871401784472814,-0.7403618949491708,1.3175467817155528,0.4008307312757749,-1.2922469051043135,0.7542529460103772,0.0,,,0.0
ultrasound,8,B,-0.37874701218993345,-0.9735268966064867,-0.8690026577008777,-0.9660983059074718,-0.08142738788704525,-1.1795269402845427,-1.043863422672769,-0.5530778314820943,-1.1168409577097287,-1.4645976080246461,-0.7752416192327715,-0.37244657619376514,-0.6083466912843138,-1.12379447355305,0.0,-0.1675789516888097,-0.3533702363966595,-0.5632384763052639,-0.8272204072068488,-1.0871401784472814,-0.7403618949491708,3.03409586038376,-0.5263028029010381,-1.2922469051043135,-0.03692147288162684,0.0,,,0.0
ultrasound,9,A,-0.042282387798522954,-0.5409131981777303,-0.3641599053572222,-0.27682823362134923,0.07220919303190965,-0.5219111430523953,0.033024564953884096,-2.20899948262609,0.1883502229253123,-0.2997879950792177,-0.7752416192327715,0.01208335377065334,-0.6083466912843138,-0.6777818987554067,0.0,-0.1675789516888097,-0.3533702363966595,-0.5632384763052639,-0.8272204072068488,-0.11820953811993619,1.568458983270696,-0.9711853231753902,0.8643974983641817,-0.7995243942612861,-0.03692147288162684,0.0,,,1.0
ultrasound,9,B,2.6494346073327395,-2.1766600276397305,-0.8690026577008777,-0.9660983059074718,2.684031068654182,-2.1882170199815385,-1.043863422672769,-1.3810386570540925,-3.074627728662291,-2.2411373499882647,-1.1865701962493123,-0.8422613544382298,-0.6083466912843138,-2.461832197945981,0.0,-0.1675789516888097,-0.3533702363966595,-0.5632384763052639,-0.8272204072068488,-1.0871401784472814,-1.509968854355793,-1.543368349398126,0.8643974983641817,0.6786431382677964,1.5454273649023818,0.0,,,1.0
ultrasound,10,A,0.46241454878858923,-0.2559733943873488,0.1406828469864306,0.41244183866477335,0.379482354869826,0.27999719588383526,0.033024564953884096,-0.5530778314820943,-1.1168409577097287,-0.2997879950792177,1.4185107915221151,1.0863731970175494,-0.6083466912843138,-0.23176932395776295,0.0,-0.1675789516888097,-0.3533702363966595,1.2229300532040293,0.4062096234196654,-0.11820953811993619,0.029245064457451505,-0.9711853231753902,0.8643974983641817,-0.7995243942612861,0.7542529460103772,0.0,,,1.0
ultrasound,10,B,-0.715211636581344,1.5754079671737073,1.1503683516737415,1.184946779738178,-1.0032468734007878,2.340828174658733,1.1099125525805371,-0.5530778314820943,1.8198391987191143,1.6415613598298293,1.007182214505573,1.084876971609128,-0.6083466912843138,-0.23176932395776295,0.0,5.963358305218862,2.5431071111169428,1.2229300532040293,1.6396396540461797,0.8507211022074092,0.029245064457451505,-0.9711853231753902,-0.9898695699894446,0.6786431382677964,-0.03692147288162684,0.0,,,1.0
ultrasound,11,A,-0.5469793243856351,0.3185241300637945,1.6552111040173945,1.2558014157299526,-1.0032468734007878,1.621740968463225,2.1868005402071904,-0.5530778314820943,0.8409458132428335,0.4767517468844009,1.0332983146336086,1.4679106761651242,0.49773820195989316,0.0018563104600506516,0.0,5.963358305218862,2.5431071111169428,1.2229300532040293,0.4062096234196654,-0.11820953811993619,1.568458983270696,0.1731807292700812,-0.9898695699894446,0.6786431382677964,-0.8280958917736311,0.0,,,0.0
ultrasound,11,B,0.46241454878858923,-1.2985324416283626,3.6745821133920136,2.866208800004648,-0.6959737115628714,1.102882201104527,2.1868005402071904,0.27488299408990335,0.1883502229253123,-0.6233462208973923,-0.2594486417040928,1.0055057761337969,0.49773820195989316,0.0018563104600506516,0.0,-0.1675789516888097,-0.3533702363966595,3.0090985827133223,1.6396396540461797,0.8507211022074092,0.798852023864074,1.3175467817155528,0.8643974983641817,-0.7995243942612861,-0.03692147288162684,0.0,,,0.0
ultrasound,12,A,0.46241454878858923,-0.9767616629907088,1.1503683516737415,1.7909819832370184,0.07220919303190965,0.5719901867475674,0.033024564953884096,-1.3810386570540925,0.5962224668737629,0.18554934364804404,-0.9776413952250377,-1.1811207850312953,0.49773820195989316,0.0018563104600506516,0.0,-0.1675789516888097,2.5431071111169428,1.2229300532040293,0.4062096234196654,-0.11820953811993619,0.798852023864074,-0.9711853231753902,0.4008307312757749,0.6786431382677964,-0.8280958917736311,0.0,,,1.0
ultrasound,12,B,0.6306468609842909,-0.35495054210449284,-0.8690026577008777,-0.9660983059074718,0.8403920976266972,-0.6609211299820312,-1.043863422672769,-0.5530778314820943,-1.1168409577097287,-0.688057866061027,-0.9776413952250377,-1.2218751152035474,0.49773820195989316,-0.46539495837557654,0.0,-0.1675789516888097,-0.3533702363966595,-0.5632384763052639,-0.8272204072068488,-0.11820953811993619,-0.7403618949491708,0.7453637554928172,-1.4534363370778514,1.1713656491108242,-0.03692147288162684,0.0,,,1.0
ultrasound,13,A,-0.042282387798522954,1.773304193613444,-0.8690026577008777,-0.9660983059074718,0.2258457739508711,1.123378033272843,-1.043863422672769,-0.5530778314820943,1.8198391987191143,2.418101101793448,-0.6903642938166595,-1.3880273843673465,0.49773820195989316,0.0018563104600506516,0.0,-0.1675789516888097,-0.3533702363966595,-0.5632384763052639,1.6396396540461797,-0.11820953811993619,-0.7403618949491708,-0.39900229695265443,-1.4534363370778514,0.1859206274247687,1.5454273649023818,0.0,,,1.0
ultrasound,13,B,1.4718084219628136,0.3789676468368189,-0.8690026577008777,-0.9660983059074718,1.6085750022214849,-0.04561433026110233,-1.043863422672769,-0.5530778314820943,0.8409458132428335,0.08848187590259203,-0.36391304221623005,-0.18541840014103234,-0.6083466912843138,-1.12379447355305,0.0,-0.1675789516888097,-0.3533702363966595,-0.5632384763052639,0.4062096234196654,-1.0871401784472814,-0.7403618949491708,-0.39900229695265443,-0.9898695699894446,0.1859206274247687,2.3366017837943858,0.0,,,1.0
ultrasound,14,A,0.7988791731799926,-0.6034310708226475,-0.8690026577008777,-0.9660983059074718,0.9940286785456521,-0.869243748527677,-1.043863422672769,0.27488299408990335,0.1883502229253123,-0.2997879950792177,0.19644762792224632,-0.5843901579606535,-1.7144315845285205,-0.4450796858175054,0.0,-0.1675789516888097,-0.3533702363966595,-0.5632384763052639,-0.8272204072068488,-1.0871401784472814,0.029245064457451505,0.7453637554928172,-0.9898695699894446,0.1859206274247687,0.7542529460103772,0.0,,,0.0
ultrasound,14,B,0.46241454878858923,0.13339141069134433,-0.3641599053572222,-0.27682823362134923,0.5331189357887809,-0.17975299897940988,0.033024564953884096,1.1028438196619015,0.4214200766101414,-0.02245237294935397,-1.2649184966334153,-1.8535672328734627,0.49773820195989316,0.0018563104600506516,0.0,-0.1675789516888097,-0.3533702363966595,-0.5632384763052639,-0.8272204072068488,-0.11820953811993619,0.798852023864074,-0.39900229695265443,-0.5263028029010381,0.1859206274247687,0.7542529460103772,0.0,,,0.0
ultrasound,15,A,-0.8834439487770457,0.8793432054885305,0.1406828469864306,-0.012749466240508704,-0.8496102924818328,0.9627183009627297,1.1099125525805371,0.27488299408990335,1.8198391987191143,1.6415613598298293,-0.1158100909999037,0.19355412116353285,0.49773820195989316,0.936358848131304,0.0,-0.1675789516888097,-0.3533702363966595,1.2229300532040293,0.4062096234196654,0.8507211022074092,0.798852023864074,-0.39900229695265443,-0.5263028029010381,-0.30680188341825837,-0.03692147288162684,0.0,,,0.0
ultrasound,15,B,0.46241454878858923,-1.1347670501672495,-0.3641599053572222,-0.27682823362134923,0.5331189357887809,-0.9683550614969321,0.033024564953884096,0.27488299408990335,-0.6273942649715883,-1.2704626725337411,-1.0494606705771319,-0.05779037280264765,1.6038230952040997,-0.23176932395776295,0.0,-0.1675789516888097,-0.3533702363966595,-0.5632384763052639,-0.8272204072068488,-0.11820953811993619,0.029245064457451505,0.1731807292700812,-0.06273603581263132,0.6786431382677964,-0.8280958917736311,0.0,,,0.0
ultrasound,16,A,1.4718084219628136,-1.2985324416283626,0.6455255993300861,0.5481147744540757,1.1476652594646135,-0.284469830566324,1.1099125525805371,-0.5530778314820943,-1.1168409577097287,-0.688057866061027,-1.0494606705771319,-1.869868964942364,1.6038230952040997,-1.7036108207899872,0.0,-0.1675789516888097,-0.3533702363966595,-0.5632384763052639,0.4062096234196654,0.8507211022074092,0.029245064457451505,-1.543368349398126,0.4008307312757749,1.1713656491108242,-0.03692147288162684,0.0,,,0.0
ultrasound,16,B,1.4718084219628136,-1.8319630460602578,-0.8690026577008777,-0.9660983059074718,1.6085750022214849,-1.899227865870126,-1.043863422672769,-1.3810386570540925,-0.6273942649715883,-1.2704626725337411,1.3767818054479728,0.8854236193386311,-1.7144315845285205,-1.7249418569759614,0.0,-0.1675789516888097,-0.3533702363966595,-0.5632384763052639,-0.8272204072068488,-1.0871401784472814,-1.509968854355793,0.1731807292700812,0.4008307312757749,0.6786431382677964,-0.03692147288162684,0.0,,,0.0
ultrasound,17,A,0.6306468609842909,0.6461607952248121,-0.3641599053572222,-0.27682823362134923,0.6867555167077424,0.43560374807403446,0.033024564953884096,-0.5530778314820943,0.8409458132428335,0.08848187590259203,1.9013747732371842,1.1616398403890313,-1.7144315845285205,0.40816176162146445,0.0,-0.1675789516888097,-0.3533702363966595,-0.5632384763052639,0.4062096234196654,-0.11820953811993619,0.798852023864074,-0.9711853231753902,-1.4534363370778514,1.1713656491108242,0.7542529460103772,0.0,,,1.0
ultrasound,17,B,-0.37874701218993345,1.2766524894327684,-0.3641599053572222,-0.27682823362134923,-0.23506396880600014,1.2499744283265575,0.033024564953884096,0.27488299408990335,1.0040947108222136,-0.6233462208973923,-0.7215900657088744,-0.6344811825034723,-1.7144315845285205,-0.018458962098020476,0.0,5.963358305218862,2.5431071111169428,-0.5632384763052639,-0.8272204072068488,-1.0871401784472814,0.029245064457451505,-0.39900229695265443,0.4008307312757749,-0.30680188341825837,-0.03692147288162684,0.0,,,1.0
ultrasound,18,A,0.9671114853757015,-1.7033127983674132,0.1406828469864306,0.41244183866477335,0.8403920976266972,-0.8969606453064345,0.033024564953884096,0.27488299408990335,-1.4431387528684894,-1.2704626725337411,-1.4085570473376043,-1.223442589440942,0.49773820195989316,-0.9326462272112032,0.0,-0.1675789516888097,-0.3533702363966595,-0.5632384763052639,0.4062096234196654,-0.11820953811993619,-0.7403618949491708,-0.39900229695265443,0.8643974983641817,0.6786431382677964,-0.8280958917736311,0.0,,,0.0
ultrasound,18,B,0.2941822365928804,-1.0255558552822308,-0.8690026577008777,-0.9660983059074718,0.5331189357887809,-1.223147295438521,-1.043863422672769,-1.3810386570540925,-1.8510109968169397,-1.2704626725337411,0.1845250604724916,0.3068397592297595,-0.6083466912843138,-1.5698070483506938,0.0,-0.1675789516888097,-0.3533702363966595,-0.5632384763052639,-0.8272204072068488,-1.0871401784472814,0.798852023864074,-0.39900229695265443,-0.5263028029010381,1.664088159953851,-1.6192703106656354,0.0,,,0.0
ultrasound,19,A,0.6306468609842909,-0.21967161042216646,-0.8690026577008777,-0.9660983059074718,0.8403920976266972,-0.5475051555895849,-1.043863422672769,-2.20899948262609,0.1883502229253123,-0.9469044467155665,0.19644762792224632,0.46752135743854206,-1.7144315845285205,-1.298321133256476,0.0,-0.1675789516888097,-0.3533702363966595,-0.5632384763052639,-0.8272204072068488,-1.0871401784472814,0.798852023864074,0.1731807292700812,-0.5263028029010381,-0.7995243942612861,1.5454273649023818,0.0,,,1.0
ultrasound,19,B,0.9671114853757015,-0.72164786178121,-0.8690026577008777,-0.9660983059074718,1.1476652594646135,-0.9683550614969321,-1.043863422672769,0.27488299408990335,0.1883502229253123,-0.2997879950792177,0.8700726888333928,0.8724129636132232,-0.6083466912843138,-0.6777818987554067,0.0,-0.1675789516888097,-0.3533702363966595,-0.5632384763052639,-0.8272204072068488,-1.0871401784472814,0.798852023864074,-0.9711853231753902,-0.5263028029010381,1.1713656491108242,-0.03692147288162684,0.0,,,1.0
cmapss,1,A,-0.37874701218993345,1.7814351974241702,-0.8690026577008777,-0.9660983059074718,-0.08142738788704525,1.1301949537534672,-1.043863422672769,-0.5530778314820943,1.8198391987191143,3.582910714738876,-1.7350082989380338,-1.3794062760616779,-0.6083466912843138,-2.0158196231483374,0.0,-0.1675789516888097,-0.3533702363966595,-0.5632384763052639,-0.8272204072068488,3.757513023189446,-0.7403618949491708,-2.1155513756208615,-0.5263028029010381,-0.30680188341825837,1.5454273649023818,0.0,,,
cmapss,1,B,0.2941822365928804,2.4947504825060847,-0.8690026577008777,-0.9660983059074718,0.5331189357887809,1.7282285654955414,-1.043863422672769,-1.3810386570540925,1.8198391987191143,3.0975733760116144,-1.3236797219214924,-1.1893856491921018,-0.6083466912843138,-2.461832197945981,0.0,-0.1675789516888097,-0.3533702363966595,-0.5632384763052639,1.6396396540461797,1.8196517425347545,-1.509968854355793,-2.1155513756208615,-1.4534363370778514,0.6786431382677964,2.3366017837943858,0.0,,,
cmapss,2,A,-2.0610701341469717,2.33755535883095,0.1406828469864306,-0.012749466240508704,-1.9250663589145303,1.9724509766443061,1.1099125525805371,1.9308046452338987,0.5962224668737629,1.3988926904661985,1.1442917401777533,1.1462222133544238,-0.6083466912843138,1.552280975232811,0.0,-0.1675789516888097,-0.3533702363966595,1.2229300532040293,2.873069684672694,0.8507211022074092,0.029245064457451505,-0.9711853231753902,-0.5263028029010381,0.1859206274247687,-0.8280958917736311,0.0,,,
cmapss,2,B,-0.37874701218993345,0.5005230193665047,-0.8690026577008777,-0.9660983059074718,-0.08142738788704525,0.056296003052775025,-1.043863422672769,0.27488299408990335,0.1883502229253123,0.023770230738956507,-0.5010225678884103,-0.21983158453473567,-0.6083466912843138,0.2142432508398803,0.0,-0.1675789516888097,-0.3533702363966595,1.2229300532040293,-0.8272204072068488,-1.0871401784472814,0.029245064457451505,-0.39900229695265443,0.4008307312757749,0.1859206274247687,-0.8280958917736311,0.0,,,
cmapss,3,A,-0.042282387798522954,-0.13133432718029953,0.1406828469864306,-0.012749466240508704,-0.08142738788704525,0.25031559893586874,1.1099125525805371,0.27488299408990335,-0.6273942649715883,0.34732845655713157,0.1845250604724916,-0.1435240887052209,-0.6083466912843138,-0.23176932395776295,0.0,-0.1675789516888097,-0.3533702363966595,-0.5632384763052639,1.6396396540461797,0.8507211022074092,-0.7403618949491708,-0.39900229695265443,-0.06273603581263132,0.6786431382677964,-0.8280958917736311,0.0,,,
cmapss,3,B,-2.0610701341469717,1.055086390192134,1.1503683516737415,0.9405993734264544,-2.2323395207524466,1.5199488402311647,1.1099125525805371,1.1028438196619015,0.4214200766101414,1.0868901155701018,0.31510556111266297,0.013294583863184623,0.49773820195989316,1.4036101169669302,0.0,-0.1675789516888097,-0.3533702363966595,3.0090985827133223,1.6396396540461797,1.8196517425347545,0.029245064457451505,0.1731807292700812,-0.06273603581263132,-0.30680188341825837,-1.6192703106656354,0.0,,,
cmapss,4,A,-0.042282387798522954,0.1255483170752688,0.1406828469864306,0.41244183866477335,-0.08142738788704525,0.7069921536475131,0.033024564953884096,-0.5530778314820943,-1.1168409577097287,0.08848187590259203,-1.9831112501543602,-1.731304242356705,0.49773820195989316,-2.334400033718083,0.0,-0.1675789516888097,2.5431071111169428,1.2229300532040293,0.4062096234196654,0.8507211022074092,-1.509968854355793,-2.1155513756208615,0.8643974983641817,2.156810670796879,-2.410444729557639,0.0,,,
cmapss,4,B,-1.0516762609727472,1.6502494728332366,-0.8690026577008777,-0.9660983059074718,-0.6959737115628714,1.02021066724388,-1.043863422672769,1.1028438196619015,-0.2777894844443453,0.8095544934402381,-0.5904418237615715,-0.5414549940668084,-1.7144315845285205,-0.018458962098020476,0.0,-0.1675789516888097,-0.3533702363966595,-0.5632384763052639,2.873069684672694,-0.11820953811993619,-0.7403618949491708,-2.1155513756208615,-0.5263028029010381,2.6495331816399057,-2.410444729557639,0.0,,,
cmapss,5,A,-0.8834439487770457,2.097716656777567,1.1503683516737415,0.6599389385228204,-1.1568834543197426,2.690410436058191,2.1868005402071904,1.1028438196619015,1.8198391987191143,1.6415613598298293,0.047415534800310674,0.4011019599603371,-0.6083466912843138,1.106268400435168,0.0,-0.1675789516888097,5.439584458630546,4.795267112222615,0.4062096234196654,-0.11820953811993619,-1.509968854355793,0.1731807292700812,-0.5263028029010381,0.1859206274247687,-0.03692147288162684,0.0,,,
cmapss,5,B,-1.7246055097555684,1.028002988079147,-0.3641599053572222,-0.27682823362134923,-1.464156616157659,0.9486982368894724,0.033024564953884096,1.1028438196619015,1.8198391987191143,1.0868901155701018,-0.2594486417040928,0.875405414430067,0.49773820195989316,1.8708613858025573,0.0,-0.1675789516888097,2.5431071111169428,1.2229300532040293,-0.8272204072068488,-1.0871401784472814,2.3380659426773183,0.1731807292700812,-0.9898695699894446,-0.30680188341825837,-0.8280958917736311,0.0,,,
cmapss,6,A,-2.0610701341469717,1.5754079671737073,-0.8690026577008777,-0.9660983059074718,-1.6177931970766137,0.9574645900549643,-1.043863422672769,1.1028438196619015,1.1206296376646276,0.5322188713103735,-0.36391304221623005,-0.08816374859361187,-0.6083466912843138,0.6602558256375246,0.0,-0.1675789516888097,-0.3533702363966595,-0.5632384763052639,2.873069684672694,-0.11820953811993619,-0.7403618949491708,-0.39900229695265443,-0.06273603581263132,0.1859206274247687,-1.6192703106656354,0.0,,,
cmapss,6,B,-0.2105146999942318,1.8280164397258765,-0.8690026577008777,-0.9660983059074718,0.07220919303190965,1.169248019285244,-1.043863422672769,0.27488299408990335,0.1883502229253123,1.3180031340116551,-0.5904418237615715,-0.12927742068589923,-1.7144315845285205,-0.4450796858175054,0.0,-0.1675789516888097,-0.3533702363966595,-0.5632384763052639,1.6396396540461797,0.8507211022074092,-0.7403618949491708,-2.1155513756208615,-0.9898695699894446,1.664088159953851,-0.03692147288162684,0.0,,,
cmapss,7,A,-3.070464007321196,-2.0905292805255655,-0.8690026577008777,-0.9660983059074718,-2.539612682590356,-2.116006199807101,-1.043863422672769,-2.20899948262609,0.1883502229253123,-0.2997879950792177,-1.8721178246102141,-1.8297701239966582,-0.6083466912843138,-2.0158196231483374,0.0,-0.1675789516888097,-0.3533702363966595,-0.5632384763052639,-0.8272204072068488,-0.11820953811993619,0.029245064457451505,3.606278886606496,1.3279642654525885,-3.2631369484764234,-2.410444729557639,0.0,,,
cmapss,7,B,-2.7339993829297926,-1.6575637626933417,-0.8690026577008777,-0.9660983059074718,-2.2323395207524466,-1.75301393284727,-1.043863422672769,-2.20899948262609,0.1883502229253123,0.34732845655713157,-2.126749800858549,-2.1827368227262722,0.49773820195989316,-2.8016513025537098,0.0,-0.1675789516888097,-0.3533702363966595,-0.5632384763052639,0.4062096234196654,-1.0871401784472814,-1.509968854355793,4.750644939051967,0.8643974983641817,-2.7704144376333963,-2.410444729557639,0.0,,,
cmapss,8,A,-2.2293024463426807,2.0664777650708865,1.1503683516737415,0.6599389385228204,-2.3859761016714014,2.58072117596318,2.1868005402071904,1.1028438196619015,1.8198391987191143,2.196232604089557,-0.2594486417040928,0.4318102052474712,0.49773820195989316,0.46910757929567676,0.0,-0.1675789516888097,5.439584458630546,3.0090985827133223,1.6396396540461797,-0.11820953811993619,1.568458983270696,-0.9711853231753902,0.4008307312757749,-2.2776919267903684,0.7542529460103772,0.0,,,
cmapss,8,B,0.6306468609842909,0.041213781158955416,1.1503683516737415,1.7909819832370184,0.2258457739508711,1.2046933453453414,0.033024564953884096,1.1028438196619015,-0.2777894844443453,-0.2997879950792177,-0.7478197140983348,-1.0288406628684357,1.6038230952040997,1.7306860051518687,0.0,-0.1675789516888097,2.5431071111169428,1.2229300532040293,0.4062096234196654,0.8507211022074092,0.798852023864074,-1.543368349398126,-0.06273603581263132,0.1859206274247687,0.7542529460103772,0.0,,,
cmapss,9,A,0.46241454878858923,0.3789676468368189,-0.3641599053572222,-0.27682823362134923,0.5331189357887809,0.4985278707949512,0.033024564953884096,1.1028438196619015,-0.9769990454988318,-0.8544592393389455,0.45874411181685204,0.636009349082569,-0.6083466912843138,-0.23176932395776295,0.0,-0.1675789516888097,2.5431071111169428,1.2229300532040293,-0.8272204072068488,-1.0871401784472814,-0.7403618949491708,-0.9711853231753902,0.8643974983641817,0.1859206274247687,-0.03692147288162684,0.0,,,
cmapss,9,B,1.4718084219628136,-1.2985324416283626,-0.8690026577008777,-0.9660983059074718,1.6085750022214849,-1.4520070679230717,-1.043863422672769,0.27488299408990335,-1.4431387528684894,-1.2704626725337411,-0.06584885597236008,0.31438593955049615,-1.7144315845285205,-0.4450796858175054,0.0,-0.1675789516888097,-0.3533702363966595,-0.5632384763052639,-0.8272204072068488,-1.0871401784472814,-0.7403618949491708,0.1731807292700812,-0.9898695699894446,1.664088159953851,-0.03692147288162684,0.0,,,
cmapss,10,A,0.6306468609842909,0.8723999333789536,-0.8690026577008777,-0.9660983059074718,0.8403920976266972,0.3680724344029356,-1.043863422672769,0.27488299408990335,-0.6273942649715883,0.99444490819348,-0.5467257431124704,-0.07918639614308046,0.49773820195989316,-0.9326462272112032,0.0,-0.1675789516888097,-0.3533702363966595,-0.5632384763052639,1.6396396540461797,-1.0871401784472814,-1.509968854355793,-0.39900229695265443,-0.5263028029010381,0.6786431382677964,0.7542529460103772,0.0,,,
cmapss,10,B,-1.7246055097555684,3.1777012027471465,-0.3641599053572222,-0.27682823362134923,-1.464156616157659,2.58072117596318,0.033024564953884096,0.27488299408990335,0.1883502229253123,1.6415613598298293,-0.7752416192327715,-1.1549724647983988,-0.6083466912843138,-1.12379447355305,0.0,-0.1675789516888097,-0.3533702363966595,3.0090985827133223,4.106499715299208,-1.0871401784472814,-1.509968854355793,-1.543368349398126,-0.06273603581263132,0.1859206274247687,-0.03692147288162684,0.0,,,
cmapss,11,A,1.3035761097671048,-1.1448272018929624,-0.8690026577008777,-0.9660983059074718,1.4549384213025234,-1.3231427331961256,-1.043863422672769,-1.3810386570540925,-0.6273942649715883,-1.2704626725337411,0.1845250604724916,0.5597018532530542,-0.6083466912843138,-1.5698070483506938,0.0,-0.1675789516888097,-0.3533702363966595,-0.5632384763052639,-0.8272204072068488,-1.0871401784472814,0.029245064457451505,-0.9711853231753902,-0.06273603581263132,1.1713656491108242,-0.03692147288162684,0.0,,,
cmapss,11,B,1.1353437975714031,-1.4977869507331434,-0.8690026577008777,-0.9660983059074718,1.3013018403835686,-1.6190592764316027,-1.043863422672769,-0.5530778314820943,-2.09573434318601,-1.8528674790064554,-0.36391304221623005,0.3816510296508528,-0.6083466912843138,-1.12379447355305,0.0,-0.1675789516888097,-0.3533702363966595,-0.5632384763052639,-0.8272204072068488,-1.0871401784472814,-0.7403618949491708,0.1731807292700812,-0.5263028029010381,1.664088159953851,-0.8280958917736311,0.0,,,
cmapss,12,A,-1.0516762609727472,-0.1642934945477702,0.1406828469864306,0.41244183866477335,-1.0032468734007878,0.27407403185763074,0.033024564953884096,1.9308046452338987,0.5962224668737629,0.18554934364804404,-0.14453780114074138,-0.595982652211991,1.6038230952040997,1.2400721728744613,0.0,-0.1675789516888097,-0.3533702363966595,1.2229300532040293,0.4062096234196654,-0.11820953811993619,1.568458983270696,0.1731807292700812,-0.9898695699894446,0.6786431382677964,-1.6192703106656354,0.0,,,
cmapss,12,B,0.9671114853757015,-1.5233734852533043,-0.8690026577008777,-0.9660983059074718,1.1476652594646135,-1.6405106710267683,-1.043863422672769,-0.5530778314820943,-1.1168409577097287,-1.0763277370428364,0.047415534800310674,0.3008548575960719,-0.6083466912843138,-0.6777818987554067,0.0,-0.1675789516888097,-0.3533702363966595,-0.5632384763052639,-0.8272204072068488,-1.0871401784472814,-0.7403618949491708,0.1731807292700812,-0.06273603581263132,1.1713656491108242,-0.8280958917736311,0.0,,,
cmapss,13,A,-0.37874701218993345,-0.38931587210910173,0.6455255993300861,0.17466561911605583,-0.5423371306439164,0.18442743283296903,2.1868005402071904,0.27488299408990335,0.1883502229253123,0.6708866823753058,-0.14453780114074138,0.6384033097360445,1.6038230952040997,-0.7223831562351708,0.0,-0.1675789516888097,-0.3533702363966595,-0.5632384763052639,0.4062096234196654,2.7885823828620997,0.029245064457451505,-1.543368349398126,0.4008307312757749,1.664088159953851,-2.410444729557639,0.0,,,
cmapss,13,B,0.12594992439717873,0.7673466175796978,-0.3641599053572222,-0.27682823362134923,0.2258457739508711,0.6111542965405657,0.033024564953884096,-0.5530778314820943,-0.13794757223344795,0.08848187590259203,-1.8394726994501711,-1.4914806840353723,0.49773820195989316,-0.46539495837557654,0.0,-0.1675789516888097,-0.3533702363966595,-0.5632384763052639,0.4062096234196654,1.8196517425347545,-1.509968854355793,0.1731807292700812,-0.5263028029010381,-0.7995243942612861,1.5454273649023818,0.0,,,
cmapss,14,A,0.2941822365928804,1.5502874473193677,2.6648966087047055,1.757058992757034,-0.5423371306439164,3.3687636243780554,2.1868005402071904,0.27488299408990335,-0.6273942649715883,0.6708866823753058,1.2814012658499347,1.375144700842969,-0.6083466912843138,-1.12379447355305,0.0,12.094295562126534,5.439584458630546,3.0090985827133223,1.6396396540461797,-0.11820953811993619,-0.7403618949491708,-0.9711853231753902,-0.5263028029010381,0.6786431382677964,0.7542529460103772,0.0,,,
cmapss,14,B,1.1353437975714031,-0.8490778513075455,-0.8690026577008777,-0.9660983059074718,1.3013018403835686,-1.0751905919761897,-1.043863422672769,0.27488299408990335,-0.6273942649715883,-0.9469044467155665,-0.5010225678884103,-0.5789256825559823,-0.6083466912843138,-0.23176932395776295,0.0,-0.1675789516888097,-0.3533702363966595,-0.5632384763052639,-0.8272204072068488,-1.0871401784472814,0.029245064457451505,-0.39900229695265443,-0.06273603581263132,0.1859206274247687,0.7542529460103772,0.0,,,
cmapss,15,A,-0.715211636581344,1.6750262501302329,1.1503683516737415,0.6599389385228204,-1.0032468734007878,2.340828174658733,2.1868005402071904,0.27488299408990335,-0.6273942649715883,0.023770230738956507,1.2456335635006692,1.5094146679291744,-1.7144315845285205,0.40816176162146445,0.0,-0.1675789516888097,2.5431071111169428,4.795267112222615,1.6396396540461797,-0.11820953811993619,-1.509968854355793,0.1731807292700812,-0.5263028029010381,0.1859206274247687,-0.03692147288162684,0.0,,,
cmapss,15,B,-0.8834439487770457,1.4126609750538424,1.6552111040173945,1.020189551607028,-1.310520035238704,2.4371407272183387,2.1868005402071904,1.1028438196619015,-0.9769990454988318,0.5322188713103735,-0.7752416192327715,-0.30212398199793805,-0.6083466912843138,1.106268400435168,0.0,-0.1675789516888097,2.5431071111169428,4.795267112222615,2.873069684672694,-0.11820953811993619,0.029245064457451505,-0.9711853231753902,-0.9898695699894446,1.1713656491108242,-0.8280958917736311,0.0,,,
cmapss,16,A,-2.9022316951254945,2.7699336114125797,2.16005385636105,1.0866730916030782,-3.3077955871851437,3.3687636243780554,3.263688527833843,0.27488299408990335,1.0040947108222136,3.259352488920702,-0.2953582793801399,-0.19439575259156378,1.6038230952040997,0.2588445083196455,0.0,-0.1675789516888097,2.5431071111169428,6.581435641731908,4.106499715299208,0.8507211022074092,0.029245064457451505,0.1731807292700812,-0.9898695699894446,-1.784969415947341,0.7542529460103772,0.0,,,
cmapss,16,B,-0.2105146999942318,-1.2158902049279698,0.1406828469864306,0.41244183866477335,-0.23506396880600014,-0.634674578704716,0.033024564953884096,1.1028438196619015,-2.3754181676078048,-1.409130483598673,-1.4085570473376043,-0.9177851131490476,0.49773820195989316,-0.46539495837557654,0.0,-0.1675789516888097,-0.3533702363966595,-0.5632384763052639,0.4062096234196654,-0.11820953811993619,0.029245064457451505,0.7453637554928172,0.8643974983641817,-0.7995243942612861,-0.8280958917736311,0.0,,,
cmapss,17,A,0.6306468609842909,0.6461607952248121,-0.3641599053572222,-0.27682823362134923,0.6867555167077424,0.705164081511266,0.033024564953884096,0.27488299408990335,0.1883502229253123,0.34732845655713157,-1.6958341487459818,-1.8567021813482516,0.49773820195989316,-0.9326462272112032,0.0,-0.1675789516888097,2.5431071111169428,1.2229300532040293,-0.8272204072068488,-1.0871401784472814,-1.509968854355793,1.3175467817155528,-1.4534363370778514,0.6786431382677964,0.7542529460103772,0.0,,,
cmapss,17,B,-0.2105146999942318,0.19575604648022463,0.1406828469864306,0.41244183866477335,-0.23506396880600014,0.9205598936974585,0.033024564953884096,-0.5530778314820943,1.8198391987191143,1.2532914888480196,0.45874411181685204,0.8158413934090829,0.49773820195989316,-0.46539495837557654,0.0,5.963358305218862,2.5431071111169428,1.2229300532040293,-0.8272204072068488,-1.0871401784472814,-0.7403618949491708,0.1731807292700812,-0.06273603581263132,1.1713656491108242,-1.6192703106656354,0.0,,,
cmapss,18,A,-1.2199085731684562,2.697922799974204,-0.3641599053572222,-0.27682823362134923,-1.0032468734007878,2.2720835983361796,0.033024564953884096,0.27488299408990335,1.8198391987191143,2.935794263102527,-0.6381320935605905,-0.6582256292023408,-0.6083466912843138,-0.23176932395776295,0.0,-0.1675789516888097,2.5431071111169428,1.2229300532040293,-0.8272204072068488,1.8196517425347545,1.568458983270696,-1.543368349398126,-2.380569871254665,0.1859206274247687,1.5454273649023818,0.0,,,
cmapss,18,B,-2.7339993829297926,3.032907661455505,0.1406828469864306,0.41244183866477335,-2.539612682590356,2.895992781982527,0.033024564953884096,-0.5530778314820943,1.8198391987191143,3.971180585720686,-0.5467257431124704,-0.9491345978969341,0.49773820195989316,-0.9326462272112032,0.0,5.963358305218862,2.5431071111169428,1.2229300532040293,-0.8272204072068488,4.726443663516791,0.029245064457451505,-1.543368349398126,-0.9898695699894446,-1.784969415947341,1.5454273649023818,0.0,,,
cmapss,19,A,-1.5563731975598596,2.478053922504654,-0.8690026577008777,-0.9660983059074718,-1.1568834543197426,1.7142304018641856,-1.043863422672769,1.1028438196619015,0.4214200766101414,2.750903848349285,0.047415534800310674,0.24549451748446377,-0.6083466912843138,0.6602558256375246,0.0,-0.1675789516888097,-0.3533702363966595,1.2229300532040293,2.873069684672694,-1.0871401784472814,-1.509968854355793,-0.39900229695265443,-0.5263028029010381,0.6786431382677964,-0.8280958917736311,0.0,,,
cmapss,19,B,0.12594992439717873,0.537254897263549,-0.3641599053572222,-0.27682823362134923,0.2258457739508711,0.42984776186519014,0.033024564953884096,0.27488299408990335,-0.6273942649715883,0.023770230738956507,0.5958536374890323,0.9187959512743008,-0.6083466912843138,-0.6777818987554067,0.0,-0.1675789516888097,-0.3533702363966595,1.2229300532040293,0.4062096234196654,-0.11820953811993619,-1.509968854355793,-1.543368349398126,2.2550977996294015,-0.7995243942612861,-0.03692147288162684,0.0,,,
cmapss,20,A,-0.715211636581344,1.966046452591714,0.1406828469864306,-0.012749466240508704,-0.6959737115628714,2.09144549053539,1.1099125525805371,0.27488299408990335,0.1883502229253123,0.6708866823753058,0.5958536374890323,0.4654396525224766,-0.6083466912843138,-0.23176932395776295,0.0,-0.1675789516888097,5.439584458630546,3.0090985827133223,-0.8272204072068488,-1.0871401784472814,0.029245064457451505,-0.9711853231753902,-0.06273603581263132,0.1859206274247687,-0.03692147288162684,0.0,,,
cmapss,20,B,0.6306468609842909,0.5299260444761584,-0.3641599053572222,-0.27682823362134923,0.6867555167077424,0.6167272032633933,0.033024564953884096,1.1028438196619015,-1.6762086065533182,-0.8544592393389455,0.31510556111266297,0.3816510296508528,0.49773820195989316,0.0018563104600506516,0.0,-0.1675789516888097,2.5431071111169428,1.2229300532040293,-0.8272204072068488,-1.0871401784472814,-0.7403618949491708,-0.39900229695265443,-0.5263028029010381,1.1713656491108242,-0.03692147288162684,0.0,,,
binary_counter,0,A,-17.874907480543154,-2.090529280525566,7.208481379797597,0.6599389385228204,-18.517817098161895,-1.311901203002897,16.186344379353677,1.1028438196619015,-3.074627728662291,-2.2411373499882647,0.45874411181685204,1.5227722744739254,0.49773820195989316,2.3381126546381834,0.0,12.094295562126534,22.81844854371216,24.44312093682484,13.973939960311322,2.7885823828620997,-1.509968854355793,-2.1155513756208615,-3.307703405431478,-3.755859459319451,-2.410444729557639,0.0,,,
binary_counter,0,B,-17.874907480543154,-2.090529280525566,7.208481379797597,0.6599389385228204,-18.517817098161895,-1.311901203002897,16.186344379353677,1.1028438196619015,-3.074627728662291,-2.2411373499882647,0.45874411181685204,1.5227722744739254,0.49773820195989316,2.3381126546381834,0.0,12.094295562126534,22.81844854371216,24.44312093682484,13.973939960311322,2.7885823828620997,-1.509968854355793,-2.1155513756208615,-3.307703405431478,-3.755859459319451,-2.410444729557639,0.0,,,
binary_counter,1,A,-4.416322504886831,-2.684977734953618,-0.8690026577008777,-0.9660983059074718,-3.7687053299420152,-2.614383514342395,-1.043863422672769,-4.692881959342084,-3.074627728662291,-4.182486704897311,-2.557665452971116,-2.446345098823719,-1.7144315845285205,-4.2846661992928725,0.0,-0.1675789516888097,-0.3533702363966595,-0.5632384763052639,-0.8272204072068488,-1.0871401784472814,3.1076729020839413,4.750644939051967,-0.5263028029010381,-3.755859459319451,-2.410444729557639,0.0,,,
binary_counter,1,B,-4.416322504886831,-2.684977734953618,-0.8690026577008777,-0.9660983059074718,-3.7687053299420152,-2.614383514342395,-1.043863422672769,-4.692881959342084,-3.074627728662291,-4.182486704897311,-2.557665452971116,-2.446345098823719,-1.7144315845285205,-4.2846661992928725,0.0,-0.1675789516888097,-0.3533702363966595,-0.5632384763052639,-0.8272204072068488,-1.0871401784472814,3.1076729020839413,4.750644939051967,-0.5263028029010381,-3.755859459319451,-2.410444729557639,0.0,,,
binary_counter,2,A,-8.453897997583729,-2.684977734953618,-0.8690026577008777,-0.9660983059074718,-7.455983271996985,-2.614383514342395,-1.043863422672769,-4.692881959342084,-3.074627728662291,-4.182486704897311,-2.557665452971116,-2.446345098823719,-1.7144315845285205,-4.2846661992928725,0.0,-0.1675789516888097,-0.3533702363966595,-0.5632384763052639,-0.8272204072068488,4.726443663516791,7.725314658523675,1.3175467817155528,-3.307703405431478,-3.755859459319451,-2.410444729557639,0.0,,,
binary_counter,2,B,-8.453897997583729,-2.684977734953618,-0.8690026577008777,-0.9660983059074718,-7.455983271996985,-2.614383514342395,-1.043863422672769,-4.692881959342084,-3.074627728662291,-4.182486704897311,-2.557665452971116,-2.446345098823719,-1.7144315845285205,-4.2846661992928725,0.0,-0.1675789516888097,-0.3533702363966595,-0.5632384763052639,-0.8272204072068488,4.726443663516791,7.725314658523675,1.3175467817155528,-3.307703405431478,-3.755859459319451,-2.410444729557639,0.0,,,
binary_counter,3,A,-4.416322504886831,-2.684977734953618,-0.8690026577008777,-0.9660983059074718,-3.7687053299420152,-2.614383514342395,-1.043863422672769,-4.692881959342084,-3.074627728662291,-4.182486704897311,-2.557665452971116,-2.446345098823719,-1.7144315845285205,-4.2846661992928725,0.0,-0.1675789516888097,-0.3533702363966595,-0.5632384763052639,-0.8272204072068488,-1.0871401784472814,3.1076729020839413,4.750644939051967,-0.5263028029010381,-3.755859459319451,-2.410444729557639,0.0,,,
binary_counter,3,B,-4.416322504886831,-2.684977734953618,-0.8690026577008777,-0.9660983059074718,-3.7687053299420152,-2.614383514342395,-1.043863422672769,-4.692881959342084,-3.074627728662291,-4.182486704897311,-2.557665452971116,-2.446345098823719,-1.7144315845285205,-4.2846661992928725,0.0,-0.1675789516888097,-0.3533702363966595,-0.5632384763052639,-0.8272204072068488,-1.0871401784472814,3.1076729020839413,4.750644939051967,-0.5263028029010381,-3.755859459319451,-2.410444729557639,0.0,,,
binary_counter,4,A,-12.491473490280626,-2.684977734953618,-0.8690026577008777,-0.9660983059074718,-11.143261214051956,-2.614383514342395,-1.043863422672769,-4.692881959342084,-3.074627728662291,-4.182486704897311,-2.557665452971116,-2.446345098823719,-1.7144315845285205,-4.2846661992928725,0.0,-0.1675789516888097,-0.3533702363966595,-0.5632384763052639,6.573359776552237,10.540027505480863,3.1076729020839413,-2.1155513756208615,-3.307703405431478,-3.755859459319451,-2.410444729557639,0.0,,,
binary_counter,4,B,-12.491473490280626,-2.684977734953618,-0.8690026577008777,-0.9660983059074718,-11.143261214051956,-2.614383514342395,-1.043863422672769,-4.692881959342084,-3.074627728662291,-4.182486704897311,-2.557665452971116,-2.446345098823719,-1.7144315845285205,-4.2846661992928725,0.0,-0.1675789516888097,-0.3533702363966595,-0.5632384763052639,6.573359776552237,10.540027505480863,3.1076729020839413,-2.1155513756208615,-3.307703405431478,-3.755859459319451,-2.410444729557639,0.0,,,
binary_counter,5,A,-4.416322504886831,-2.684977734953618,-0.8690026577008777,-0.9660983059074718,-3.7687053299420152,-2.614383514342395,-1.043863422672769,-4.692881959342084,-3.074627728662291,-4.182486704897311,-2.557665452971116,-2.446345098823719,-1.7144315845285205,-4.2846661992928725,0.0,-0.1675789516888097,-0.3533702363966595,-0.5632384763052639,-0.8272204072068488,-1.0871401784472814,3.1076729020839413,4.750644939051967,-0.5263028029010381,-3.755859459319451,-2.410444729557639,0.0,,,
binary_counter,5,B,-4.416322504886831,-2.684977734953618,-0.8690026577008777,-0.9660983059074718,-3.7687053299420152,-2.614383514342395,-1.043863422672769,-4.692881959342084,-3.074627728662291,-4.182486704897311,-2.557665452971116,-2.446345098823719,-1.7144315845285205,-4.2846661992928725,0.0,-0.1675789516888097,-0.3533702363966595,-0.5632384763052639,-0.8272204072068488,-1.0871401784472814,3.1076729020839413,4.750644939051967,-0.5263028029010381,-3.755859459319451,-2.410444729557639,0.0,,,
binary_counter,6,A,-8.453897997583729,-2.684977734953618,-0.8690026577008777,-0.9660983059074718,-7.455983271996985,-2.614383514342395,-1.043863422672769,-4.692881959342084,-3.074627728662291,-4.182486704897311,-2.557665452971116,-2.446345098823719,-1.7144315845285205,-4.2846661992928725,0.0,-0.1675789516888097,-0.3533702363966595,-0.5632384763052639,-0.8272204072068488,4.726443663516791,7.725314658523675,1.3175467817155528,-3.307703405431478,-3.755859459319451,-2.410444729557639,0.0,,,
binary_counter,6,B,-8.453897997583729,-2.684977734953618,-0.8690026577008777,-0.9660983059074718,-7.455983271996985,-2.614383514342395,-1.043863422672769,-4.692881959342084,-3.074627728662291,-4.182486704897311,-2.557665452971116,-2.446345098823719,-1.7144315845285205,-4.2846661992928725,0.0,-0.1675789516888097,-0.3533702363966595,-0.5632384763052639,-0.8272204072068488,4.726443663516791,7.725314658523675,1.3175467817155528,-3.307703405431478,-3.755859459319451,-2.410444729557639,0.0,,,
binary_counter,7,A,-4.416322504886831,-2.684977734953618,-0.8690026577008777,-0.9660983059074718,-3.7687053299420152,-2.614383514342395,-1.043863422672769,-4.692881959342084,-3.074627728662291,-4.182486704897311,-2.557665452971116,-2.446345098823719,-1.7144315845285205,-4.2846661992928725,0.0,-0.1675789516888097,-0.3533702363966595,-0.5632384763052639,-0.8272204072068488,-1.0871401784472814,3.1076729020839413,4.750644939051967,-0.5263028029010381,-3.755859459319451,-2.410444729557639,0.0,,,
binary_counter,7,B,-4.416322504886831,-2.684977734953618,-0.8690026577008777,-0.9660983059074718,-3.7687053299420152,-2.614383514342395,-1.043863422672769,-4.692881959342084,-3.074627728662291,-4.182486704897311,-2.557665452971116,-2.446345098823719,-1.7144315845285205,-4.2846661992928725,0.0,-0.1675789516888097,-0.3533702363966595,-0.5632384763052639,-0.8272204072068488,-1.0871401784472814,3.1076729020839413,4.750644939051967,-0.5263028029010381,-3.755859459319451,-2.410444729557639,0.0,,,
binary_counter,8,A,-17.874907480543154,-2.090529280525566,7.208481379797597,0.6599389385228204,-18.517817098161895,-1.311901203002897,16.186344379353677,1.1028438196619015,-3.074627728662291,-2.2411373499882647,0.45874411181685204,1.5227722744739254,0.49773820195989316,2.3381126546381834,0.0,12.094295562126534,22.81844854371216,24.44312093682484,13.973939960311322,2.7885823828620997,-1.509968854355793,-2.1155513756208615,-3.307703405431478,-3.755859459319451,-2.410444729557639,0.0,,,
binary_counter,8,B,-17.874907480543154,-2.090529280525566,7.208481379797597,0.6599389385228204,-18.517817098161895,-1.311901203002897,16.186344379353677,1.1028438196619015,-3.074627728662291,-2.2411373499882647,0.45874411181685204,1.5227722744739254,0.49773820195989316,2.3381126546381834,0.0,12.094295562126534,22.81844854371216,24.44312093682484,13.973939960311322,2.7885823828620997,-1.509968854355793,-2.1155513756208615,-3.307703405431478,-3.755859459319451,-2.410444729557639,0.0,,,
binary_counter,9,A,-4.416322504886831,-2.684977734953618,-0.8690026577008777,-0.9660983059074718,-3.7687053299420152,-2.614383514342395,-1.043863422672769,-4.692881959342084,-3.074627728662291,-4.182486704897311,-2.557665452971116,-2.446345098823719,-1.7144315845285205,-4.2846661992928725,0.0,-0.1675789516888097,-0.3533702363966595,-0.5632384763052639,-0.8272204072068488,-1.0871401784472814,3.1076729020839413,4.750644939051967,-0.5263028029010381,-3.755859459319451,-2.410444729557639,0.0,,,
binary_counter,9,B,-4.416322504886831,-2.684977734953618,-0.8690026577008777,-0.9660983059074718,-3.7687053299420152,-2.614383514342395,-1.043863422672769,-4.692881959342084,-3.074627728662291,-4.182486704897311,-2.557665452971116,-2.446345098823719,-1.7144315845285205,-4.2846661992928725,0.0,-0.1675789516888097,-0.3533702363966595,-0.5632384763052639,-0.8272204072068488,-1.0871401784472814,3.1076729020839413,4.750644939051967,-0.5263028029010381,-3.755859459319451,-2.410444729557639,0.0,,,
binary_counter,10,A,-8.453897997583729,-2.684977734953618,-0.8690026577008777,-0.9660983059074718,-7.455983271996985,-2.614383514342395,-1.043863422672769,-4.692881959342084,-3.074627728662291,-4.182486704897311,-2.557665452971116,-2.446345098823719,-1.7144315845285205,-4.2846661992928725,0.0,-0.1675789516888097,-0.3533702363966595,-0.5632384763052639,-0.8272204072068488,4.726443663516791,7.725314658523675,1.3175467817155528,-3.307703405431478,-3.755859459319451,-2.410444729557639,0.0,,,
binary_counter,10,B,-8.453897997583729,-2.684977734953618,-0.8690026577008777,-0.9660983059074718,-7.455983271996985,-2.614383514342395,-1.043863422672769,-4.692881959342084,-3.074627728662291,-4.182486704897311,-2.557665452971116,-2.446345098823719,-1.7144315845285205,-4.2846661992928725,0.0,-0.1675789516888097,-0.3533702363966595,-0.5632384763052639,-0.8272204072068488,4.726443663516791,7.725314658523675,1.3175467817155528,-3.307703405431478,-3.755859459319451,-2.410444729557639,0.0,,,
binary_counter,11,A,-4.416322504886831,-2.684977734953618,-0.8690026577008777,-0.9660983059074718,-3.7687053299420152,-2.614383514342395,-1.043863422672769,-4.692881959342084,-3.074627728662291,-4.182486704897311,-2.557665452971116,-2.446345098823719,-1.7144315845285205,-4.2846661992928725,0.0,-0.1675789516888097,-0.3533702363966595,-0.5632384763052639,-0.8272204072068488,-1.0871401784472814,3.1076729020839413,4.750644939051967,-0.5263028029010381,-3.755859459319451,-2.410444729557639,0.0,,,
binary_counter,11,B,-4.416322504886831,-2.684977734953618,-0.8690026577008777,-0.9660983059074718,-3.7687053299420152,-2.614383514342395,-1.043863422672769,-4.692881959342084,-3.074627728662291,-4.182486704897311,-2.557665452971116,-2.446345098823719,-1.7144315845285205,-4.2846661992928725,0.0,-0.1675789516888097,-0.3533702363966595,-0.5632384763052639,-0.8272204072068488,-1.0871401784472814,3.1076729020839413,4.750644939051967,-0.5263028029010381,-3.755859459319451,-2.410444729557639,0.0,,,
binary_counter,12,A,-12.491473490280626,-2.684977734953618,-0.8690026577008777,-0.9660983059074718,-11.143261214051956,-2.614383514342395,-1.043863422672769,-4.692881959342084,-3.074627728662291,-4.182486704897311,-2.557665452971116,-2.446345098823719,-1.7144315845285205,-4.2846661992928725,0.0,-0.1675789516888097,-0.3533702363966595,-0.5632384763052639,6.573359776552237,10.540027505480863,3.1076729020839413,-2.1155513756208615,-3.307703405431478,-3.755859459319451,-2.410444729557639,0.0,,,
binary_counter,12,B,-12.491473490280626,-2.684977734953618,-0.8690026577008777,-0.9660983059074718,-11.143261214051956,-2.614383514342395,-1.043863422672769,-4.692881959342084,-3.074627728662291,-4.182486704897311,-2.557665452971116,-2.446345098823719,-1.7144315845285205,-4.2846661992928725,0.0,-0.1675789516888097,-0.3533702363966595,-0.5632384763052639,6.573359776552237,10.540027505480863,3.1076729020839413,-2.1155513756208615,-3.307703405431478,-3.755859459319451,-2.410444729557639,0.0,,,
binary_counter,13,A,-4.416322504886831,-2.684977734953618,-0.8690026577008777,-0.9660983059074718,-3.7687053299420152,-2.614383514342395,-1.043863422672769,-4.692881959342084,-3.074627728662291,-4.182486704897311,-2.557665452971116,-2.446345098823719,-1.7144315845285205,-4.2846661992928725,0.0,-0.1675789516888097,-0.3533702363966595,-0.5632384763052639,-0.8272204072068488,-1.0871401784472814,3.1076729020839413,4.750644939051967,-0.5263028029010381,-3.755859459319451,-2.410444729557639,0.0,,,
binary_counter,13,B,-4.416322504886831,-2.684977734953618,-0.8690026577008777,-0.9660983059074718,-3.7687053299420152,-2.614383514342395,-1.043863422672769,-4.692881959342084,-3.074627728662291,-4.182486704897311,-2.557665452971116,-2.446345098823719,-1.7144315845285205,-4.2846661992928725,0.0,-0.1675789516888097,-0.3533702363966595,-0.5632384763052639,-0.8272204072068488,-1.0871401784472814,3.1076729020839413,4.750644939051967,-0.5263028029010381,-3.755859459319451,-2.410444729557639,0.0,,,
binary_counter,14,A,-8.453897997583729,-2.684977734953618,-0.8690026577008777,-0.9660983059074718,-7.455983271996985,-2.614383514342395,-1.043863422672769,-4.692881959342084,-3.074627728662291,-4.182486704897311,-2.557665452971116,-2.446345098823719,-1.7144315845285205,-4.2846661992928725,0.0,-0.1675789516888097,-0.3533702363966595,-0.5632384763052639,-0.8272204072068488,4.726443663516791,7.725314658523675,1.3175467817155528,-3.307703405431478,-3.755859459319451,-2.410444729557639,0.0,,,
binary_counter,14,B,-8.453897997583729,-2.684977734953618,-0.8690026577008777,-0.9660983059074718,-7.455983271996985,-2.614383514342395,-1.043863422672769,-4.692881959342084,-3.074627728662291,-4.182486704897311,-2.557665452971116,-2.446345098823719,-1.7144315845285205,-4.2846661992928725,0.0,-0.1675789516888097,-0.3533702363966595,-0.5632384763052639,-0.8272204072068488,4.726443663516791,7.725314658523675,1.3175467817155528,-3.307703405431478,-3.755859459319451,-2.410444729557639,0.0,,,
binary_counter,15,A,-4.416322504886831,-2.684977734953618,-0.8690026577008777,-0.9660983059074718,-3.7687053299420152,-2.614383514342395,-1.043863422672769,-4.692881959342084,-3.074627728662291,-4.182486704897311,-2.557665452971116,-2.446345098823719,-1.7144315845285205,-4.2846661992928725,0.0,-0.1675789516888097,-0.3533702363966595,-0.5632384763052639,-0.8272204072068488,-1.0871401784472814,3.1076729020839413,4.750644939051967,-0.5263028029010381,-3.755859459319451,-2.410444729557639,0.0,,,
binary_counter,15,B,-4.416322504886831,-2.684977734953618,-0.8690026577008777,-0.9660983059074718,-3.7687053299420152,-2.614383514342395,-1.043863422672769,-4.692881959342084,-3.074627728662291,-4.182486704897311,-2.557665452971116,-2.446345098823719,-1.7144315845285205,-4.2846661992928725,0.0,-0.1675789516888097,-0.3533702363966595,-0.5632384763052639,-0.8272204072068488,-1.0871401784472814,3.1076729020839413,4.750644939051967,-0.5263028029010381,-3.755859459319451,-2.410444729557639,0.0,,,
binary_counter,16,A,-17.874907480543154,-2.090529280525566,7.208481379797597,0.6599389385228204,-18.517817098161895,-1.311901203002897,16.186344379353677,1.1028438196619015,-3.074627728662291,-2.2411373499882647,0.45874411181685204,1.5227722744739254,0.49773820195989316,2.3381126546381834,0.0,12.094295562126534,22.81844854371216,24.44312093682484,13.973939960311322,2.7885823828620997,-1.509968854355793,-2.1155513756208615,-3.307703405431478,-3.755859459319451,-2.410444729557639,0.0,,,
binary_counter,16,B,-17.874907480543154,-2.090529280525566,7.208481379797597,0.6599389385228204,-18.517817098161895,-1.311901203002897,16.186344379353677,1.1028438196619015,-3.074627728662291,-2.2411373499882647,0.45874411181685204,1.5227722744739254,0.49773820195989316,2.3381126546381834,0.0,12.094295562126534,22.81844854371216,24.44312093682484,13.973939960311322,2.7885823828620997,-1.509968854355793,-2.1155513756208615,-3.307703405431478,-3.755859459319451,-2.410444729557639,0.0,,,
binary_counter,17,A,-4.416322504886831,-2.684977734953618,-0.8690026577008777,-0.9660983059074718,-3.7687053299420152,-2.614383514342395,-1.043863422672769,-4.692881959342084,-3.074627728662291,-4.182486704897311,-2.557665452971116,-2.446345098823719,-1.7144315845285205,-4.2846661992928725,0.0,-0.1675789516888097,-0.3533702363966595,-0.5632384763052639,-0.8272204072068488,-1.0871401784472814,3.1076729020839413,4.750644939051967,-0.5263028029010381,-3.755859459319451,-2.410444729557639,0.0,,,
binary_counter,17,B,-4.416322504886831,-2.684977734953618,-0.8690026577008777,-0.9660983059074718,-3.7687053299420152,-2.614383514342395,-1.043863422672769,-4.692881959342084,-3.074627728662291,-4.182486704897311,-2.557665452971116,-2.446345098823719,-1.7144315845285205,-4.2846661992928725,0.0,-0.1675789516888097,-0.3533702363966595,-0.5632384763052639,-0.8272204072068488,-1.0871401784472814,3.1076729020839413,4.750644939051967,-0.5263028029010381,-3.755859459319451,-2.410444729557639,0.0,,,
binary_counter,18,A,-8.453897997583729,-2.684977734953618,-0.8690026577008777,-0.9660983059074718,-7.455983271996985,-2.614383514342395,-1.043863422672769,-4.692881959342084,-3.074627728662291,-4.182486704897311,-2.557665452971116,-2.446345098823719,-1.7144315845285205,-4.2846661992928725,0.0,-0.1675789516888097,-0.3533702363966595,-0.5632384763052639,-0.8272204072068488,4.726443663516791,7.725314658523675,1.3175467817155528,-3.307703405431478,-3.755859459319451,-2.410444729557639,0.0,,,
binary_counter,18,B,-8.453897997583729,-2.684977734953618,-0.8690026577008777,-0.9660983059074718,-7.455983271996985,-2.614383514342395,-1.043863422672769,-4.692881959342084,-3.074627728662291,-4.182486704897311,-2.557665452971116,-2.446345098823719,-1.7144315845285205,-4.2846661992928725,0.0,-0.1675789516888097,-0.3533702363966595,-0.5632384763052639,-0.8272204072068488,4.726443663516791,7.725314658523675,1.3175467817155528,-3.307703405431478,-3.755859459319451,-2.410444729557639,0.0,,,
binary_counter,19,A,-4.416322504886831,-2.684977734953618,-0.8690026577008777,-0.9660983059074718,-3.7687053299420152,-2.614383514342395,-1.043863422672769,-4.692881959342084,-3.074627728662291,-4.182486704897311,-2.557665452971116,-2.446345098823719,-1.7144315845285205,-4.2846661992928725,0.0,-0.1675789516888097,-0.3533702363966595,-0.5632384763052639,-0.8272204072068488,-1.0871401784472814,3.1076729020839413,4.750644939051967,-0.5263028029010381,-3.755859459319451,-2.410444729557639,0.0,,,
binary_counter,19,B,-4.416322504886831,-2.684977734953618,-0.8690026577008777,-0.9660983059074718,-3.7687053299420152,-2.614383514342395,-1.043863422672769,-4.692881959342084,-3.074627728662291,-4.182486704897311,-2.557665452971116,-2.446345098823719,-1.7144315845285205,-4.2846661992928725,0.0,-0.1675789516888097,-0.3533702363966595,-0.5632384763052639,-0.8272204072068488,-1.0871401784472814,3.1076729020839413,4.750644939051967,-0.5263028029010381,-3.755859459319451,-2.410444729557639,0.0,,,
